# File generated by ImageToStl.com - Free Image and 3D model conversion tools

o obj1
v 0.01 0.01743829 0.02532323
v 0.012 0.01743829 0.02532323
v 0.01 0.01809427 0.02501522
v 0.012 0.01809427 0.02501522
v 0.01 0.01881637 0.02507647
v 0.012 0.01881637 0.02507647
v 0.01 0.01941111 0.02549057
v 0.012 0.01941111 0.02549057
v 0.01 0.01971911 0.02614655
v 0.012 0.01971911 0.02614655
v 0.01 0.01965787 0.02686865
v 0.012 0.01965787 0.02686865
v 0.01 0.01924377 0.02746338
v 0.012 0.01924377 0.02746338
v 0.01 0.01858779 0.02777139
v 0.012 0.01858779 0.02777139
v 0.01 0.01786569 0.02771014
v 0.012 0.01786569 0.02771014
v 0.01 0.01727096 0.02729604
v 0.012 0.01727096 0.02729604
v 0.01 0.01696295 0.02664006
v 0.012 0.01696295 0.02664006
v 0.01 0.0170242 0.02591796
v 0.012 0.0170242 0.02591796
v 0.01 0.02202433 0.02145435
v 0.012 0.02202433 0.02145435
v 0.01 0.02268031 0.02114634
v 0.012 0.02268031 0.02114634
v 0.01 0.02340241 0.02120759
v 0.012 0.02340241 0.02120759
v 0.01 0.02399714 0.02162168
v 0.012 0.02399714 0.02162168
v 0.01 0.02430515 0.02227766
v 0.012 0.02430515 0.02227766
v 0.01 0.0242439 0.02299976
v 0.012 0.0242439 0.02299976
v 0.01 0.02382981 0.0235945
v 0.012 0.02382981 0.0235945
v 0.01 0.02317383 0.0239025
v 0.012 0.02317383 0.0239025
v 0.01 0.02245173 0.02384125
v 0.012 0.02245173 0.02384125
v 0.01 0.02185699 0.02342716
v 0.012 0.02185699 0.02342716
v 0.01 0.02154899 0.02277118
v 0.012 0.02154899 0.02277118
v 0.01 0.02161024 0.02204908
v 0.012 0.02161024 0.02204908
v 0.0135 0.04005081 0.03816979
v 0.0085 0.04005081 0.03816979
v 0.0085 0.04102191 0.03977631
v 0.0135 0.04102191 0.03977631
v 0.0085 0.04144903 0.04160428
v 0.0135 0.04144903 0.04160428
v 0.0085 0.04129037 0.04347478
v 0.0135 0.04129037 0.04347478
v 0.0085 0.04056147 0.0452047
v 0.0135 0.04056147 0.0452047
v 0.0085 0.03933366 0.04662471
v 0.0135 0.03933366 0.04662471
v 0.0085 0.03772714 0.0475958
v 0.0135 0.03772714 0.0475958
v 0.0085 0.03589916 0.04802293
v 0.0135 0.03589916 0.04802293
v 0.0135 0.03470379 0.04792153
v 0.0085 0.03402866 0.04786427
v 0.0135 0.03402866 0.04786427
v 0.0085 0.03229874 0.04713536
v 0.0135 0.03229874 0.04713536
v 0.0085 0.03087874 0.04590755
v 0.0135 0.03087874 0.04590755
v 0.0109 0.03998015 0.04351309
v 0.0109 0.03914261 0.04504466
v 0.0109 0.03804403 0.04509603
v 0.0109 0.03780837 0.04617026
v 0.0109 0.0366777 0.04585034
v 0.0109 0.0361576 0.04673787
v 0.0109 0.0351267 0.04602436
v 0.0109 0.03441327 0.04667082
v 0.0109 0.03362718 0.04559159
v 0.0109 0.03281095 0.04597818
v 0.0109 0.03240742 0.04461792
v 0.0109 0.03156704 0.04475348
v 0.0109 0.03165311 0.04325159
v 0.0109 0.03084955 0.04316213
v 0.0109 0.03147909 0.0417006
v 0.0109 0.03075536 0.04141906
v 0.0109 0.03191185 0.04020108
v 0.0109 0.03129721 0.03975966
v 0.0109 0.03288552 0.03898131
v 0.0109 0.03240191 0.03840806
v 0.0109 0.03425185 0.038227
v 0.0109 0.03392027 0.03754679
v 0.0109 0.03580284 0.03805298
v 0.0109 0.03564722 0.03729217
v 0.0109 0.03730237 0.03848575
v 0.0109 0.03734953 0.0376786
v 0.0109 0.03852213 0.03945941
v 0.0109 0.03879729 0.03865388
v 0.0109 0.03927644 0.04082575
v 0.0109 0.03979499 0.04008629
v 0.0109 0.03945046 0.04237674
v 0.0109 0.04020786 0.04178238
v 0.0109 0.0390177 0.04387626
v 0.0135 0.03320978 0.04615058
v 0.0135 0.03281095 0.04597818
v 0.0135 0.03156704 0.04475348
v 0.0135 0.03103425 0.04357179
v 0.0135 0.03084955 0.04316213
v 0.0135 0.03075536 0.04141906
v 0.0135 0.03129721 0.03975966
v 0.0135 0.03240191 0.03840806
v 0.0135 0.03392027 0.03754679
v 0.0135 0.03564722 0.03729217
v 0.0135 0.03734953 0.0376786
v 0.0135 0.03879729 0.03865388
v 0.0135 0.03979499 0.04008629
v 0.0135 0.04020786 0.04178238
v 0.0135 0.03998015 0.04351309
v 0.0135 0.03914261 0.04504466
v 0.0135 0.03780837 0.04617026
v 0.0135 0.0361576 0.04673787
v 0.0135 0.03441327 0.04667082
v 0.0085 0.03288552 0.03898131
v 0.0085 0.03425185 0.038227
v 0.0085 0.03580284 0.03805298
v 0.0085 0.03730237 0.03848575
v 0.0085 0.03852213 0.03945941
v 0.0085 0.03927644 0.04082575
v 0.0085 0.03945046 0.04237674
v 0.0085 0.0390177 0.04387626
v 0.0085 0.03804403 0.04509603
v 0.0085 0.0366777 0.04585034
v 0.0085 0.0351267 0.04602436
v 0.0085 0.03362718 0.04559159
v 0.0085 0.03240742 0.04461792
v 0.0085 0.03165311 0.04325159
v 0.0085 0.03147909 0.0417006
v 0.0085 0.03191185 0.04020108
v 0.0085 0.01798245 0.03062076
v 0.0085 0.02715453 0.022883
v 0.0135 0.01047823 0.01242052
v 0.0135 0.01084796 0.01188951
v 0.0135 0.01941676 0.01371092
v 0.0135 0.01148674 0.02040087
v 0.0135 0.00989253 0.01269552
v 0.0135 -0.00033807 0.00398569
v 0.0135 0.00886619 0.01050967
v 0.0135 -0.00183759 0.00355292
v 0.0135 0.00849647 0.01104068
v 0.0135 0.01090264 0.01124477
v 0.0135 0.01062764 0.01065907
v 0.0135 0.00458604 -0.00386888
v 0.0135 0.01009662 0.01028935
v 0.0135 0.00945189 0.01023466
v 0.0135 0.00398569 0.00033807
v 0.0135 0.00033807 -0.00398569
v 0.0135 -0.00121292 -0.00381167
v 0.0135 -0.00226237 -0.00555713
v 0.0135 0.00121292 0.00381167
v 0.0135 0.00257926 0.00305736
v 0.0135 0.00355292 0.00183759
v 0.0135 -0.00386889 -0.00458604
v 0.0135 -0.00257926 -0.00305736
v 0.0135 -0.00509669 -0.00316603
v 0.0135 -0.00355292 -0.00183759
v 0.0135 -0.0058256 -0.00143611
v 0.0135 -0.00398569 -0.00033807
v 0.0135 -0.00592699 -0.00024074
v 0.0135 -0.00381167 0.00121292
v 0.0135 -0.00305736 0.00257926
v 0.0135 0.00844178 0.01168541
v 0.0135 0.00871679 0.01227111
v 0.0135 0.0092478 0.01264084
v 0.0135 0.00381167 -0.00121292
v 0.0135 0.00305736 -0.00257926
v 0.0135 0.00316603 -0.00509669
v 0.0135 0.00183759 -0.00355292
v 0.0135 0.00143611 -0.0058256
v 0.0135 -0.00043439 -0.00598425
v 0.0135 0.01024469 0.02144869
v 0.0135 -0.00458604 0.00386888
v 0.0135 -0.00555713 0.00226237
v 0.0135 -0.00598426 0.00043439
v 0.0135 0.01662127 0.02784414
v 0.0135 0.01757709 0.02850964
v 0.0135 0.01838532 0.0285782
v 0.0135 0.02253049 0.02030965
v 0.0135 0.02147624 0.02080466
v 0.0135 0.0168902 0.02467354
v 0.0135 0.01622469 0.02562936
v 0.0135 0.01619481 0.02598165
v 0.0135 0.01612626 0.02678988
v 0.0135 0.02081073 0.02176048
v 0.0135 0.02071229 0.022921
v 0.0135 0.01794446 0.02417853
v 0.0135 0.01873761 0.02860808
v 0.0135 0.02464683 0.02107359
v 0.0135 0.02369101 0.02040808
v 0.0135 0.01979186 0.02811307
v 0.0135 0.02045737 0.02715725
v 0.0135 0.02332364 0.02473919
v 0.0135 0.02216312 0.02464076
v 0.0135 0.02055581 0.02599673
v 0.0135 0.0212073 0.02397525
v 0.0135 0.0200608 0.02494247
v 0.0135 0.01910498 0.02427697
v 0.0135 0.0243779 0.02424418
v 0.0135 0.02504341 0.02328836
v 0.0135 0.02514184 0.02212784
v 0.01 0.0092478 0.01264084
v 0.01 0.00886619 0.01050967
v 0.01 0.00945189 0.01023466
v 0.01 0.00458604 -0.00386888
v 0.01 0.02715453 0.022883
v 0.01 0.01798245 0.03062076
v 0.01 0.00416757 0.00227901
v 0.01 0.00306287 0.00363061
v 0.01 0.00844178 0.01168541
v 0.01 0.00871679 0.01227111
v 0.01 0.01047823 0.01242052
v 0.01 0.00989253 0.01269552
v 0.01 0.00154451 0.00449188
v 0.01 0.01084796 0.01188951
v 0.01 0.01090264 0.01124477
v 0.01 0.01062764 0.01065907
v 0.01 0.01009662 0.01028935
v 0.01 0.00389773 -0.00271481
v 0.01 0.00461523 -0.00112346
v 0.01 -0.00367784 -0.00300599
v 0.01 -0.00509669 -0.00316603
v 0.01 -0.00451537 -0.00147442
v 0.01 -0.0058256 -0.00143611
v 0.01 -0.00474308 0.00025629
v 0.01 -0.00598426 0.00043439
v 0.01 -0.00433021 0.00195238
v 0.01 -0.00555713 0.00226237
v 0.01 -0.00333252 0.00338479
v 0.01 -0.00458604 0.00386888
v 0.01 -0.00188475 0.00436007
v 0.01 -0.00018244 0.0047465
v 0.01 0.00265382 -0.00393951
v 0.01 0.00316603 -0.00509669
v 0.01 0.0010515 -0.00463215
v 0.01 0.00143611 -0.0058256
v 0.01 -0.00069283 -0.0046992
v 0.01 -0.00043439 -0.00598425
v 0.01 -0.00234359 -0.00413159
v 0.01 -0.00226237 -0.00555713
v 0.01 -0.00386889 -0.00458604
v 0.01 0.00849647 0.01104068
v 0.01 0.00470941 0.00061962
v 0.0111 0.00257926 0.00305736
v 0.0111 0.00355292 0.00183759
v 0.0111 0.00398569 0.00033807
v 0.0111 0.00381167 -0.00121292
v 0.0111 0.00305736 -0.00257926
v 0.0111 0.00183759 -0.00355292
v 0.0111 0.00033807 -0.00398569
v 0.0111 -0.00121292 -0.00381167
v 0.0111 -0.00257926 -0.00305736
v 0.0111 -0.00355292 -0.00183759
v 0.0111 -0.00398569 -0.00033807
v 0.0111 -0.00381167 0.00121292
v 0.0111 -0.00305736 0.00257926
v 0.0111 -0.00183759 0.00355292
v 0.0111 -0.00033807 0.00398569
v 0.0111 0.00121292 0.00381167
v 0.0111 0.00306287 0.00363061
v 0.0111 0.00416757 0.00227901
v 0.0111 0.00470941 0.00061962
v 0.0111 0.00461523 -0.00112346
v 0.0111 0.00389773 -0.00271481
v 0.0111 0.00265382 -0.00393951
v 0.0111 0.0010515 -0.00463215
v 0.0111 -0.00069283 -0.0046992
v 0.0111 -0.00234359 -0.00413159
v 0.0111 -0.00367784 -0.00300599
v 0.0111 -0.00451537 -0.00147442
v 0.0111 -0.00474308 0.00025629
v 0.0111 -0.00433021 0.00195238
v 0.0111 -0.00333252 0.00338479
v 0.0111 -0.00188475 0.00436007
v 0.0111 -0.00018244 0.0047465
v 0.0111 0.00154451 0.00449188
v 0.012 0.02464683 0.02107359
v 0.012 0.02514184 0.02212784
v 0.012 0.02504341 0.02328836
v 0.012 0.0243779 0.02424418
v 0.012 0.02332364 0.02473919
v 0.012 0.02216312 0.02464076
v 0.012 0.0212073 0.02397525
v 0.012 0.02071229 0.022921
v 0.012 0.02081073 0.02176048
v 0.012 0.02147624 0.02080466
v 0.012 0.02253049 0.02030965
v 0.012 0.02369101 0.02040808
v 0.012 0.0200608 0.02494247
v 0.012 0.02055581 0.02599673
v 0.012 0.02045737 0.02715725
v 0.012 0.01979186 0.02811307
v 0.012 0.01873761 0.02860808
v 0.012 0.01757709 0.02850964
v 0.012 0.01662127 0.02784414
v 0.012 0.01612626 0.02678988
v 0.012 0.01622469 0.02562936
v 0.012 0.0168902 0.02467354
v 0.012 0.01794446 0.02417853
v 0.012 0.01910498 0.02427697
v -0.0138959 0.02415923 0.02261868
v -0.01386597 0.02427143 0.02262517
v -0.01386597 0.02427143 0.02242368
v -0.0138959 0.0216949 0.02243016
v -0.01386597 0.02158271 0.02242368
v -0.01386597 0.02158271 0.02262517
v -0.01386597 0.02161274 0.02222443
v -0.01386597 0.02167213 0.02301695
v -0.0139066 0.02173339 0.02279442
v -0.01386597 0.02161274 0.02282441
v -0.0138959 0.0216949 0.02279442
v -0.0138959 0.0216949 0.02261868
v -0.01399163 0.02206621 0.02286228
v -0.01399098 0.02204356 0.02279442
v -0.01398706 0.0220227 0.02279442
v -0.01406001 0.02243858 0.02280623
v -0.01405969 0.02243478 0.02280466
v -0.01399163 0.02212618 0.02298681
v -0.01404996 0.02235707 0.02279442
v -0.0140221 0.02220899 0.02279442
v -0.01406578 0.02250707 0.02283461
v -0.01399163 0.02220404 0.02310102
v -0.0140663 0.02252266 0.02284657
v -0.01406785 0.02256918 0.02288226
v -0.01399163 0.02229805 0.02320234
v -0.01406734 0.022581 0.02289767
v -0.01399163 0.02240612 0.02328851
v -0.01406387 0.02262621 0.02296699
v -0.01406578 0.02261688 0.02294442
v -0.01399098 0.02265707 0.02340793
v -0.01404996 0.02265707 0.02309442
v -0.01399163 0.02252582 0.02335762
v -0.01405081 0.02265618 0.02308767
v -0.01405965 0.02264691 0.02301702
v -0.0138959 0.02273907 0.02375658
v -0.0138959 0.02265707 0.02375658
v -0.01386597 0.0225297 0.02381266
v -0.01398706 0.02265707 0.02342879
v -0.01386597 0.02234214 0.02373904
v -0.01386597 0.023128 0.02385749
v -0.0138959 0.02292707 0.02375658
v -0.01386597 0.02292707 0.02387255
v -0.01386597 0.02272614 0.02385749
v -0.01386597 0.02332444 0.02381266
v -0.0138959 0.02319707 0.02375658
v -0.0138959 0.02311507 0.02375658
v -0.01405081 0.02319796 0.02308767
v -0.01404996 0.02319707 0.02309442
v -0.01399163 0.02332832 0.02335762
v -0.01399098 0.02319707 0.02340793
v -0.01405969 0.02320731 0.02301671
v -0.01399163 0.02344802 0.02328851
v -0.01406388 0.02322792 0.02296697
v -0.01406578 0.02323726 0.02294442
v -0.01399163 0.02355608 0.02320234
v -0.01406734 0.02327313 0.02289767
v -0.01406785 0.02328491 0.02288231
v -0.01399163 0.02365009 0.02310102
v -0.0140663 0.02333148 0.02284658
v -0.01399163 0.02378793 0.02286228
v -0.0140221 0.02364514 0.02279442
v -0.01399163 0.02372796 0.02298681
v -0.01404996 0.02349707 0.02279442
v -0.01405965 0.02341967 0.02280458
v -0.01406 0.02341561 0.02280626
v -0.01406578 0.02334707 0.02283461
v -0.0139066 0.02412075 0.02279442
v -0.01398706 0.02383144 0.02279442
v -0.01399098 0.02381058 0.02279442
v -0.01386597 0.02418201 0.02301695
v -0.01386597 0.0242414 0.02282441
v -0.0138959 0.02415923 0.02279442
v -0.01386597 0.02418201 0.02203189
v -0.0139066 0.02412075 0.02225442
v -0.01386597 0.0242414 0.02222443
v -0.0138959 0.02415923 0.02225442
v -0.0138959 0.02415923 0.02243016
v -0.01399163 0.02378793 0.02218656
v -0.01399098 0.02381058 0.02225442
v -0.01398706 0.02383144 0.02225442
v -0.01406001 0.02341555 0.02224261
v -0.01405969 0.02341935 0.02224418
v -0.01399163 0.02372796 0.02206203
v -0.01404996 0.02349707 0.02225442
v -0.0140221 0.02364514 0.02225442
v -0.01406578 0.02334707 0.02221423
v -0.01399163 0.02365009 0.02194783
v -0.0140663 0.02333148 0.02220227
v -0.01406785 0.02328496 0.02216658
v -0.01399163 0.02355608 0.0218465
v -0.01406734 0.02327314 0.02215117
v -0.01399163 0.02344802 0.02176033
v -0.01406387 0.02322792 0.02208185
v -0.01406578 0.02323726 0.02210442
v -0.01399088 0.02319707 0.02164034
v -0.01404996 0.02319707 0.02195442
v -0.01399163 0.02332832 0.02169122
v -0.01405081 0.02319795 0.02196117
v -0.01405965 0.02320723 0.02203183
v -0.0138959 0.02311507 0.02129226
v -0.0138959 0.02319707 0.02129226
v -0.01386597 0.02332444 0.02123618
v -0.01398706 0.02319707 0.02162005
v -0.01386597 0.023512 0.0213098
v -0.01386597 0.02272614 0.02119135
v -0.0138959 0.02292707 0.02129226
v -0.01386597 0.02292707 0.02117629
v -0.01386597 0.023128 0.02119135
v -0.01386597 0.0225297 0.02123618
v -0.0138959 0.02265707 0.02129226
v -0.0138959 0.02273907 0.02129226
v -0.01405081 0.02265618 0.02196117
v -0.01404996 0.02265707 0.02195442
v -0.01399163 0.02252582 0.02169122
v -0.01399088 0.02265707 0.02164034
v -0.01405969 0.02264683 0.02203213
v -0.01399163 0.02240612 0.02176033
v -0.01406388 0.02262622 0.02208187
v -0.01406578 0.02261688 0.02210442
v -0.01399163 0.02229805 0.0218465
v -0.01406734 0.02258101 0.02215117
v -0.01406785 0.02256923 0.02216653
v -0.01399163 0.02220404 0.02194783
v -0.0140663 0.02252266 0.02220226
v -0.01399163 0.02206621 0.02218656
v -0.0140221 0.02220899 0.02225442
v -0.01399163 0.02212618 0.02206203
v -0.01404996 0.02235707 0.02225442
v -0.01405965 0.02243447 0.02224426
v -0.01406 0.02243852 0.02224259
v -0.01406578 0.02250707 0.02221423
v -0.0139066 0.02173339 0.02225442
v -0.01398706 0.0220227 0.02225442
v -0.01399098 0.02204356 0.02225442
v -0.0138959 0.0216949 0.02225442
v -0.01386597 0.02167213 0.02203189
v -0.0132225 0.02359493 0.02492911
v -0.01347905 0.02355801 0.02456989
v -0.01347905 0.0232461 0.02464108
v -0.0132225 0.02366396 0.02491335
v -0.0132225 0.02401178 0.02477684
v -0.01347905 0.02385583 0.024453
v -0.0132225 0.02409541 0.02472856
v -0.01347905 0.02413289 0.02429304
v -0.0132225 0.02433537 0.02459002
v -0.0132225 0.02454192 0.0244253
v -0.01347905 0.02438302 0.02409357
v -0.0132225 0.0246275 0.02435705
v -0.0132225 0.02488165 0.02408314
v -0.01347905 0.02460063 0.02385904
v -0.0132225 0.02491427 0.02403529
v -0.01347905 0.02478085 0.0235947
v -0.0132225 0.02509213 0.02377442
v -0.0132225 0.02518998 0.02357124
v -0.01347905 0.02491967 0.02330646
v -0.0132225 0.02525425 0.02343777
v -0.0132225 0.02536439 0.02308072
v -0.01347905 0.02501397 0.02300074
v -0.0132225 0.02536726 0.02306164
v -0.01347905 0.02506165 0.02268439
v -0.0132225 0.02542008 0.02271125
v -0.0132225 0.02542707 0.02252442
v -0.01347905 0.02506165 0.02236446
v -0.0132225 0.02542008 0.0223376
v -0.0132225 0.02536726 0.0219872
v -0.01347905 0.02501397 0.0220481
v -0.0132225 0.02536439 0.02196812
v -0.0132225 0.02525425 0.02161107
v -0.01347905 0.02491967 0.02174238
v -0.0132225 0.02518998 0.0214776
v -0.01347905 0.02478085 0.02145414
v -0.0132225 0.02509213 0.02127442
v -0.0132225 0.02491427 0.02101355
v -0.01347905 0.02460063 0.0211898
v -0.0132225 0.02488165 0.0209657
v -0.0132225 0.0246275 0.02069179
v -0.01347905 0.02438302 0.02095527
v -0.0132225 0.02454192 0.02062354
v -0.01347905 0.02413289 0.0207558
v -0.0132225 0.02433537 0.02045882
v -0.0132225 0.02409541 0.02032028
v -0.01347905 0.02385583 0.02059584
v -0.0132225 0.02401178 0.020272
v -0.0132225 0.02366396 0.02013549
v -0.01347905 0.02355801 0.02047895
v -0.0132225 0.02359493 0.02011973
v -0.01347905 0.0232461 0.02040776
v -0.0132225 0.02329967 0.02005234
v -0.0132225 0.02306193 0.02003453
v -0.01347905 0.02292707 0.02038385
v -0.0132225 0.02292707 0.02002442
v -0.0132225 0.02255446 0.02005234
v -0.01347905 0.02260803 0.02040776
v -0.0132225 0.0225231 0.0200595
v -0.01347905 0.02229613 0.02047895
v -0.0132225 0.02219018 0.02013549
v -0.0132225 0.02200427 0.02020846
v -0.01347905 0.02199831 0.02059584
v -0.0132225 0.02184236 0.020272
v -0.0132225 0.02152434 0.02045561
v -0.01347905 0.02172124 0.0207558
v -0.0132225 0.02151877 0.02045882
v -0.0132225 0.02122664 0.02069179
v -0.01347905 0.02147111 0.02095527
v -0.0132225 0.02111711 0.02080984
v -0.01347905 0.02125351 0.0211898
v -0.0132225 0.02097249 0.0209657
v -0.0132225 0.02078738 0.02123721
v -0.01347905 0.02107328 0.02145414
v -0.0132225 0.02076201 0.02127442
v -0.0132225 0.02059988 0.02161107
v -0.01347905 0.02093447 0.02174238
v -0.0132225 0.02056382 0.02172798
v -0.01347905 0.02084017 0.0220481
v -0.0132225 0.02048975 0.02196812
v -0.0132225 0.02044653 0.02225485
v -0.01347905 0.02079249 0.02236446
v -0.0132225 0.02043406 0.0223376
v -0.0132225 0.02043406 0.02271125
v -0.01347905 0.02079249 0.02268439
v -0.0132225 0.02044653 0.02279399
v -0.01347905 0.02084017 0.02300074
v -0.0132225 0.02048975 0.02308072
v -0.0132225 0.02056382 0.02332086
v -0.01347905 0.02093447 0.02330646
v -0.0132225 0.02059988 0.02343777
v -0.0132225 0.02076201 0.02377442
v -0.01347905 0.02107328 0.0235947
v -0.0132225 0.02078738 0.02381163
v -0.01347905 0.02125351 0.02385904
v -0.0132225 0.02097249 0.02408314
v -0.0132225 0.02111711 0.02423901
v -0.01347905 0.02147111 0.02409357
v -0.0132225 0.02122664 0.02435705
v -0.0132225 0.02151877 0.02459002
v -0.01347905 0.02172124 0.02429304
v -0.0132225 0.02152434 0.02459323
v -0.01347905 0.02199831 0.024453
v -0.0132225 0.02184236 0.02477684
v -0.0132225 0.02200427 0.02484039
v -0.01347905 0.02229613 0.02456989
v -0.0132225 0.02219018 0.02491335
v -0.0132225 0.0225231 0.02498934
v -0.01347905 0.02260803 0.02464108
v -0.0132225 0.02255446 0.0249965
v -0.0132225 0.02292707 0.02502442
v -0.01347905 0.02292707 0.02466499
v -0.0132225 0.02306193 0.02501431
v -0.0132225 0.02329967 0.0249965
v -0.01369441 0.02266549 0.02425986
v -0.01369441 0.02240976 0.02420149
v -0.01369441 0.02216558 0.02410566
v -0.01369441 0.02193842 0.02397451
v -0.01369441 0.02173334 0.02381096
v -0.01369441 0.02155492 0.02361867
v -0.01369441 0.02140716 0.02340194
v -0.01369441 0.02129334 0.02316561
v -0.01369441 0.02121603 0.02291496
v -0.01369441 0.02117693 0.02265557
v -0.01369441 0.02117693 0.02239327
v -0.01369441 0.02121603 0.02213389
v -0.01369441 0.02129334 0.02188323
v -0.01369441 0.02140716 0.0216469
v -0.01369441 0.02155492 0.02143017
v -0.01369441 0.02173334 0.02123788
v -0.01369441 0.02193842 0.02107433
v -0.01369441 0.02216558 0.02094318
v -0.01369441 0.02240976 0.02084735
v -0.01369441 0.02266549 0.02078898
v -0.01369441 0.02292707 0.02076938
v -0.01369441 0.02318865 0.02078898
v -0.01369441 0.02344438 0.02084735
v -0.01369441 0.02368855 0.02094318
v -0.01369441 0.02391572 0.02107433
v -0.01369441 0.0241208 0.02123788
v -0.01369441 0.02429922 0.02143017
v -0.01369441 0.02444698 0.0216469
v -0.01369441 0.02456079 0.02188323
v -0.01369441 0.02463811 0.02213389
v -0.01369441 0.02467721 0.02239327
v -0.01369441 0.02467721 0.02265557
v -0.01369441 0.02463811 0.02291496
v -0.01369441 0.02456079 0.02316561
v -0.01369441 0.02444698 0.02340194
v -0.01369441 0.02429922 0.02361867
v -0.01369441 0.0241208 0.02381096
v -0.01369441 0.02391572 0.02397451
v -0.01369441 0.02368855 0.02410566
v -0.01369441 0.02344438 0.02420149
v -0.01369441 0.02318865 0.02425986
v -0.01369441 0.02292707 0.02427946
v -0.01386597 0.02216764 0.0236383
v -0.01386597 0.02201011 0.02351267
v -0.01386597 0.02187306 0.02336497
v -0.01386597 0.02175955 0.02319849
v -0.01386597 0.02175955 0.02185035
v -0.01386597 0.02187306 0.02168388
v -0.01386597 0.02201011 0.02153617
v -0.01386597 0.02216764 0.02141054
v -0.01386597 0.02234214 0.0213098
v -0.01386597 0.0236865 0.02141054
v -0.01386597 0.02384403 0.02153617
v -0.01386597 0.02398108 0.02168388
v -0.01386597 0.02409458 0.02185035
v -0.01386597 0.02409458 0.02319849
v -0.01386597 0.02398108 0.02336497
v -0.01386597 0.02384403 0.02351267
v -0.01386597 0.0236865 0.0236383
v -0.01386597 0.023512 0.02373904
v -0.01398706 0.02319707 0.02342879
v -0.01398706 0.02265707 0.02162005
v -0.004 0.02395987 0.02182027
v -0.004 0.02412153 0.02215598
v -0.004 0.02292707 0.02252442
v -0.004 0.02417707 0.02252442
v -0.004 0.02412153 0.02289286
v -0.004 0.02302048 0.02127792
v -0.004 0.02338375 0.02136083
v -0.004 0.02370643 0.02154713
v -0.004 0.02201075 0.0216742
v -0.004 0.02230207 0.02144189
v -0.004 0.02264892 0.02130576
v -0.004 0.02169103 0.02271072
v -0.004 0.02169103 0.02233812
v -0.004 0.02180086 0.02198207
v -0.004 0.02230207 0.02360695
v -0.004 0.02201075 0.02337464
v -0.004 0.02180086 0.02306678
v -0.004 0.02338375 0.02368801
v -0.004 0.02302048 0.02377092
v -0.004 0.02264892 0.02374308
v -0.004 0.02395987 0.02322857
v -0.004 0.02370643 0.02350171
v -0.012 0.02412153 0.02289286
v -0.012 0.02395987 0.02322857
v -0.012 0.02370643 0.02350171
v -0.012 0.02338375 0.02368801
v -0.012 0.02302048 0.02377092
v -0.012 0.02264892 0.02374308
v -0.012 0.02230207 0.02360695
v -0.012 0.02201075 0.02337464
v -0.012 0.02180086 0.02306678
v -0.012 0.02169103 0.02271072
v -0.012 0.02169103 0.02233812
v -0.012 0.02180086 0.02198207
v -0.012 0.02201075 0.0216742
v -0.012 0.02230207 0.02144189
v -0.012 0.02264892 0.02130576
v -0.012 0.02302048 0.02127792
v -0.012 0.02338375 0.02136083
v -0.012 0.02370643 0.02154713
v -0.012 0.02395987 0.02182027
v -0.012 0.02412153 0.02215598
v -0.012 0.02417707 0.02252442
v -0.012 0.02519601 0.0214747
v -0.012 0.02536862 0.02198699
v -0.012 0.02542707 0.02252442
v -0.012 0.02409809 0.02031564
v -0.012 0.02454554 0.02061902
v -0.012 0.0249173 0.02101148
v -0.012 0.02200172 0.02020198
v -0.012 0.02252261 0.02005735
v -0.012 0.02306242 0.02002809
v -0.012 0.02359589 0.02011555
v -0.012 0.02200172 0.02484686
v -0.012 0.0215241 0.02459364
v -0.012 0.02111208 0.02424367
v -0.012 0.02055794 0.02172617
v -0.012 0.02078493 0.02123553
v -0.012 0.02111208 0.02080517
v -0.012 0.0215241 0.0204552
v -0.012 0.02078493 0.02381331
v -0.012 0.02055794 0.02332267
v -0.012 0.02044172 0.02279472
v -0.012 0.02044172 0.02225412
v -0.012 0.02409809 0.0247332
v -0.012 0.02359589 0.0249333
v -0.012 0.02306242 0.02502075
v -0.012 0.02252261 0.02499149
v -0.012 0.02536862 0.02306185
v -0.012 0.02519601 0.02357414
v -0.012 0.0249173 0.02403736
v -0.012 0.02454554 0.02442983
v -0.012749 0.02235707 0.02279442
v -0.012749 0.02235707 0.02225442
v -0.01263 0.02242577 0.02224645
v -0.01263 0.02242577 0.02280239
v -0.012749 0.02265707 0.02195442
v -0.01263 0.0226491 0.02202312
v -0.01263 0.02320504 0.02202312
v -0.012749 0.02319707 0.02195442
v -0.012749 0.02349707 0.02225442
v -0.012749 0.02349707 0.02279442
v -0.01263 0.02342836 0.02280239
v -0.01263 0.02342836 0.02224645
v -0.012749 0.02319707 0.02309442
v -0.01263 0.02320504 0.02302572
v -0.01263 0.0226491 0.02302572
v -0.012749 0.02265707 0.02309442
v -0.01263 0.02261688 0.02294442
v -0.01263 0.02323726 0.02294442
v -0.01263 0.02250707 0.02283461
v -0.01263 0.02323726 0.02210442
v -0.01263 0.02261688 0.02210442
v -0.01263 0.02250707 0.02221423
v -0.01263 0.02334707 0.02221423
v -0.01263 0.02334707 0.02283461
v 0.0138959 0.0216949 0.02261868
v 0.01386597 0.02158271 0.02262517
v 0.01386597 0.02158271 0.02242368
v 0.0138959 0.02415923 0.02243016
v 0.01386597 0.02427143 0.02242368
v 0.01386597 0.02427143 0.02262517
v 0.01386597 0.0242414 0.02222443
v 0.01386597 0.02418201 0.02301695
v 0.0139066 0.02412075 0.02279442
v 0.01386597 0.0242414 0.02282441
v 0.0138959 0.02415923 0.02279442
v 0.0138959 0.02415923 0.02261868
v 0.01399163 0.02378793 0.02286228
v 0.01399098 0.02381058 0.02279442
v 0.01398706 0.02383144 0.02279442
v 0.01406001 0.02341555 0.02280623
v 0.01405969 0.02341935 0.02280466
v 0.01399163 0.02372796 0.02298681
v 0.01404996 0.02349707 0.02279442
v 0.0140221 0.02364514 0.02279442
v 0.01406578 0.02334707 0.02283461
v 0.01399163 0.02365009 0.02310102
v 0.0140663 0.02333148 0.02284657
v 0.01406785 0.02328496 0.02288226
v 0.01399163 0.02355608 0.02320234
v 0.01406734 0.02327314 0.02289767
v 0.01399163 0.02344802 0.02328851
v 0.01406387 0.02322792 0.02296699
v 0.01406578 0.02323726 0.02294442
v 0.01399098 0.02319707 0.02340793
v 0.01404996 0.02319707 0.02309442
v 0.01399163 0.02332832 0.02335762
v 0.01405081 0.02319795 0.02308767
v 0.01405965 0.02320723 0.02301702
v 0.0138959 0.02311507 0.02375658
v 0.0138959 0.02319707 0.02375658
v 0.01386597 0.02332444 0.02381266
v 0.01398706 0.02319707 0.02342879
v 0.01386597 0.023512 0.02373904
v 0.01386597 0.02272614 0.02385749
v 0.0138959 0.02292707 0.02375658
v 0.01386597 0.02292707 0.02387255
v 0.01386597 0.023128 0.02385749
v 0.01386597 0.0225297 0.02381266
v 0.0138959 0.02265707 0.02375658
v 0.0138959 0.02273907 0.02375658
v 0.01405081 0.02265618 0.02308767
v 0.01404996 0.02265707 0.02309442
v 0.01399163 0.02252582 0.02335762
v 0.01399098 0.02265707 0.02340793
v 0.01405969 0.02264683 0.02301671
v 0.01399163 0.02240612 0.02328851
v 0.01406388 0.02262622 0.02296697
v 0.01406578 0.02261688 0.02294442
v 0.01399163 0.02229805 0.02320234
v 0.01406734 0.02258101 0.02289767
v 0.01406785 0.02256923 0.02288231
v 0.01399163 0.02220404 0.02310102
v 0.0140663 0.02252266 0.02284658
v 0.01399163 0.02206621 0.02286228
v 0.0140221 0.02220899 0.02279442
v 0.01399163 0.02212618 0.02298681
v 0.01404996 0.02235707 0.02279442
v 0.01405965 0.02243447 0.02280458
v 0.01406 0.02243852 0.02280626
v 0.01406578 0.02250707 0.02283461
v 0.0139066 0.02173339 0.02279442
v 0.01398706 0.0220227 0.02279442
v 0.01399098 0.02204356 0.02279442
v 0.01386597 0.02167213 0.02301695
v 0.01386597 0.02161274 0.02282441
v 0.0138959 0.0216949 0.02279442
v 0.01386597 0.02167213 0.02203189
v 0.0139066 0.02173339 0.02225442
v 0.01386597 0.02161274 0.02222443
v 0.0138959 0.0216949 0.02225442
v 0.0138959 0.0216949 0.02243016
v 0.01399163 0.02206621 0.02218656
v 0.01399098 0.02204356 0.02225442
v 0.01398706 0.0220227 0.02225442
v 0.01406001 0.02243858 0.02224261
v 0.01405969 0.02243478 0.02224418
v 0.01399163 0.02212618 0.02206203
v 0.01404996 0.02235707 0.02225442
v 0.0140221 0.02220899 0.02225442
v 0.01406578 0.02250707 0.02221423
v 0.01399163 0.02220404 0.02194783
v 0.0140663 0.02252266 0.02220227
v 0.01406785 0.02256918 0.02216658
v 0.01399163 0.02229805 0.0218465
v 0.01406734 0.022581 0.02215117
v 0.01399163 0.02240612 0.02176033
v 0.01406387 0.02262621 0.02208185
v 0.01406578 0.02261688 0.02210442
v 0.01399088 0.02265707 0.02164034
v 0.01404996 0.02265707 0.02195442
v 0.01399163 0.02252582 0.02169122
v 0.01405081 0.02265618 0.02196117
v 0.01405965 0.02264691 0.02203183
v 0.0138959 0.02273907 0.02129226
v 0.0138959 0.02265707 0.02129226
v 0.01386597 0.0225297 0.02123618
v 0.01398706 0.02265707 0.02162005
v 0.01386597 0.02234214 0.0213098
v 0.01386597 0.023128 0.02119135
v 0.0138959 0.02292707 0.02129226
v 0.01386597 0.02292707 0.02117629
v 0.01386597 0.02272614 0.02119135
v 0.01386597 0.02332444 0.02123618
v 0.0138959 0.02319707 0.02129226
v 0.0138959 0.02311507 0.02129226
v 0.01405081 0.02319796 0.02196117
v 0.01404996 0.02319707 0.02195442
v 0.01399163 0.02332832 0.02169122
v 0.01399088 0.02319707 0.02164034
v 0.01405969 0.02320731 0.02203213
v 0.01399163 0.02344802 0.02176033
v 0.01406388 0.02322792 0.02208187
v 0.01406578 0.02323726 0.02210442
v 0.01399163 0.02355608 0.0218465
v 0.01406734 0.02327313 0.02215117
v 0.01406785 0.02328491 0.02216653
v 0.01399163 0.02365009 0.02194783
v 0.0140663 0.02333148 0.02220226
v 0.01399163 0.02378793 0.02218656
v 0.0140221 0.02364514 0.02225442
v 0.01399163 0.02372796 0.02206203
v 0.01404996 0.02349707 0.02225442
v 0.01405965 0.02341967 0.02224426
v 0.01406 0.02341561 0.02224259
v 0.01406578 0.02334707 0.02221423
v 0.0139066 0.02412075 0.02225442
v 0.01398706 0.02383144 0.02225442
v 0.01399098 0.02381058 0.02225442
v 0.0138959 0.02415923 0.02225442
v 0.01386597 0.02418201 0.02203189
v 0.0132225 0.0222592 0.02492911
v 0.01347905 0.02229613 0.02456989
v 0.01347905 0.02260803 0.02464108
v 0.0132225 0.02219018 0.02491335
v 0.0132225 0.02184236 0.02477684
v 0.01347905 0.02199831 0.024453
v 0.0132225 0.02175873 0.02472856
v 0.01347905 0.02172124 0.02429304
v 0.0132225 0.02151877 0.02459002
v 0.0132225 0.02131221 0.0244253
v 0.01347905 0.02147111 0.02409357
v 0.0132225 0.02122664 0.02435705
v 0.0132225 0.02097249 0.02408314
v 0.01347905 0.02125351 0.02385904
v 0.0132225 0.02093986 0.02403529
v 0.01347905 0.02107328 0.0235947
v 0.0132225 0.02076201 0.02377442
v 0.0132225 0.02066416 0.02357124
v 0.01347905 0.02093447 0.02330646
v 0.0132225 0.02059988 0.02343777
v 0.0132225 0.02048975 0.02308072
v 0.01347905 0.02084017 0.02300074
v 0.0132225 0.02048687 0.02306164
v 0.01347905 0.02079249 0.02268439
v 0.0132225 0.02043406 0.02271125
v 0.0132225 0.02042707 0.02252442
v 0.01347905 0.02079249 0.02236446
v 0.0132225 0.02043406 0.0223376
v 0.0132225 0.02048687 0.0219872
v 0.01347905 0.02084017 0.0220481
v 0.0132225 0.02048975 0.02196812
v 0.0132225 0.02059988 0.02161107
v 0.01347905 0.02093447 0.02174238
v 0.0132225 0.02066416 0.0214776
v 0.01347905 0.02107328 0.02145414
v 0.0132225 0.02076201 0.02127442
v 0.0132225 0.02093986 0.02101355
v 0.01347905 0.02125351 0.0211898
v 0.0132225 0.02097249 0.0209657
v 0.0132225 0.02122664 0.02069179
v 0.01347905 0.02147111 0.02095527
v 0.0132225 0.02131221 0.02062354
v 0.01347905 0.02172124 0.0207558
v 0.0132225 0.02151877 0.02045882
v 0.0132225 0.02175873 0.02032028
v 0.01347905 0.02199831 0.02059584
v 0.0132225 0.02184236 0.020272
v 0.0132225 0.02219018 0.02013549
v 0.01347905 0.02229613 0.02047895
v 0.0132225 0.0222592 0.02011973
v 0.01347905 0.02260803 0.02040776
v 0.0132225 0.02255446 0.02005234
v 0.0132225 0.0227922 0.02003453
v 0.01347905 0.02292707 0.02038385
v 0.0132225 0.02292707 0.02002442
v 0.0132225 0.02329967 0.02005234
v 0.01347905 0.0232461 0.02040776
v 0.0132225 0.02333103 0.0200595
v 0.01347905 0.02355801 0.02047895
v 0.0132225 0.02366396 0.02013549
v 0.0132225 0.02384987 0.02020846
v 0.01347905 0.02385583 0.02059584
v 0.0132225 0.02401178 0.020272
v 0.0132225 0.0243298 0.02045561
v 0.01347905 0.02413289 0.0207558
v 0.0132225 0.02433537 0.02045882
v 0.0132225 0.0246275 0.02069179
v 0.01347905 0.02438302 0.02095527
v 0.0132225 0.02473703 0.02080984
v 0.01347905 0.02460063 0.0211898
v 0.0132225 0.02488165 0.0209657
v 0.0132225 0.02506676 0.02123721
v 0.01347905 0.02478085 0.02145414
v 0.0132225 0.02509213 0.02127442
v 0.0132225 0.02525425 0.02161107
v 0.01347905 0.02491967 0.02174238
v 0.0132225 0.02529032 0.02172798
v 0.01347905 0.02501397 0.0220481
v 0.0132225 0.02536439 0.02196812
v 0.0132225 0.02540761 0.02225485
v 0.01347905 0.02506165 0.02236446
v 0.0132225 0.02542008 0.0223376
v 0.0132225 0.02542008 0.02271125
v 0.01347905 0.02506165 0.02268439
v 0.0132225 0.02540761 0.02279399
v 0.01347905 0.02501397 0.02300074
v 0.0132225 0.02536439 0.02308072
v 0.0132225 0.02529032 0.02332086
v 0.01347905 0.02491967 0.02330646
v 0.0132225 0.02525425 0.02343777
v 0.0132225 0.02509213 0.02377442
v 0.01347905 0.02478085 0.0235947
v 0.0132225 0.02506676 0.02381163
v 0.01347905 0.02460063 0.02385904
v 0.0132225 0.02488165 0.02408314
v 0.0132225 0.02473703 0.02423901
v 0.01347905 0.02438302 0.02409357
v 0.0132225 0.0246275 0.02435705
v 0.0132225 0.02433537 0.02459002
v 0.01347905 0.02413289 0.02429304
v 0.0132225 0.0243298 0.02459323
v 0.01347905 0.02385583 0.024453
v 0.0132225 0.02401178 0.02477684
v 0.0132225 0.02384987 0.02484039
v 0.01347905 0.02355801 0.02456989
v 0.0132225 0.02366396 0.02491335
v 0.0132225 0.02333103 0.02498934
v 0.01347905 0.0232461 0.02464108
v 0.0132225 0.02329967 0.0249965
v 0.0132225 0.02292707 0.02502442
v 0.01347905 0.02292707 0.02466499
v 0.0132225 0.0227922 0.02501431
v 0.0132225 0.02255446 0.0249965
v 0.01369441 0.02318865 0.02425986
v 0.01369441 0.02344438 0.02420149
v 0.01369441 0.02368855 0.02410566
v 0.01369441 0.02391572 0.02397451
v 0.01369441 0.0241208 0.02381096
v 0.01369441 0.02429922 0.02361867
v 0.01369441 0.02444698 0.02340194
v 0.01369441 0.02456079 0.02316561
v 0.01369441 0.02463811 0.02291496
v 0.01369441 0.02467721 0.02265557
v 0.01369441 0.02467721 0.02239327
v 0.01369441 0.02463811 0.02213389
v 0.01369441 0.02456079 0.02188323
v 0.01369441 0.02444698 0.0216469
v 0.01369441 0.02429922 0.02143017
v 0.01369441 0.0241208 0.02123788
v 0.01369441 0.02391572 0.02107433
v 0.01369441 0.02368855 0.02094318
v 0.01369441 0.02344438 0.02084735
v 0.01369441 0.02318865 0.02078898
v 0.01369441 0.02292707 0.02076938
v 0.01369441 0.02266549 0.02078898
v 0.01369441 0.02240976 0.02084735
v 0.01369441 0.02216558 0.02094318
v 0.01369441 0.02193842 0.02107433
v 0.01369441 0.02173334 0.02123788
v 0.01369441 0.02155492 0.02143017
v 0.01369441 0.02140716 0.0216469
v 0.01369441 0.02129334 0.02188323
v 0.01369441 0.02121603 0.02213389
v 0.01369441 0.02117693 0.02239327
v 0.01369441 0.02117693 0.02265557
v 0.01369441 0.02121603 0.02291496
v 0.01369441 0.02129334 0.02316561
v 0.01369441 0.02140716 0.02340194
v 0.01369441 0.02155492 0.02361867
v 0.01369441 0.02173334 0.02381096
v 0.01369441 0.02193842 0.02397451
v 0.01369441 0.02216558 0.02410566
v 0.01369441 0.02240976 0.02420149
v 0.01369441 0.02266549 0.02425986
v 0.01369441 0.02292707 0.02427946
v 0.01386597 0.0236865 0.0236383
v 0.01386597 0.02384403 0.02351267
v 0.01386597 0.02398108 0.02336497
v 0.01386597 0.02409458 0.02319849
v 0.01386597 0.02409458 0.02185035
v 0.01386597 0.02398108 0.02168388
v 0.01386597 0.02384403 0.02153617
v 0.01386597 0.0236865 0.02141054
v 0.01386597 0.023512 0.0213098
v 0.01386597 0.02216764 0.02141054
v 0.01386597 0.02201011 0.02153617
v 0.01386597 0.02187306 0.02168388
v 0.01386597 0.02175955 0.02185035
v 0.01386597 0.02175955 0.02319849
v 0.01386597 0.02187306 0.02336497
v 0.01386597 0.02201011 0.02351267
v 0.01386597 0.02216764 0.0236383
v 0.01386597 0.02234214 0.02373904
v 0.01398706 0.02265707 0.02342879
v 0.01398706 0.02319707 0.02162005
v 0.004 0.02189427 0.02182027
v 0.004 0.0217326 0.02215598
v 0.004 0.02292707 0.02252442
v 0.004 0.02167707 0.02252442
v 0.004 0.0217326 0.02289286
v 0.004 0.02283366 0.02127792
v 0.004 0.02247039 0.02136083
v 0.004 0.02214771 0.02154713
v 0.004 0.02384338 0.0216742
v 0.004 0.02355207 0.02144189
v 0.004 0.02320522 0.02130576
v 0.004 0.02416311 0.02271072
v 0.004 0.02416311 0.02233812
v 0.004 0.02405328 0.02198207
v 0.004 0.02355207 0.02360695
v 0.004 0.02384338 0.02337464
v 0.004 0.02405328 0.02306678
v 0.004 0.02247039 0.02368801
v 0.004 0.02283366 0.02377092
v 0.004 0.02320522 0.02374308
v 0.004 0.02189427 0.02322857
v 0.004 0.02214771 0.02350171
v 0.012 0.0217326 0.02289286
v 0.012 0.02189427 0.02322857
v 0.012 0.02214771 0.02350171
v 0.012 0.02247039 0.02368801
v 0.012 0.02283366 0.02377092
v 0.012 0.02320522 0.02374308
v 0.012 0.02355207 0.02360695
v 0.012 0.02384338 0.02337464
v 0.012 0.02405328 0.02306678
v 0.012 0.02416311 0.02271072
v 0.012 0.02416311 0.02233812
v 0.012 0.02405328 0.02198207
v 0.012 0.02384338 0.0216742
v 0.012 0.02355207 0.02144189
v 0.012 0.02320522 0.02130576
v 0.012 0.02283366 0.02127792
v 0.012 0.02247039 0.02136083
v 0.012 0.02214771 0.02154713
v 0.012 0.02189427 0.02182027
v 0.012 0.0217326 0.02215598
v 0.012 0.02167707 0.02252442
v 0.012 0.02065813 0.0214747
v 0.012 0.02048552 0.02198699
v 0.012 0.02042707 0.02252442
v 0.012 0.02175605 0.02031564
v 0.012 0.0213086 0.02061902
v 0.012 0.02093684 0.02101148
v 0.012 0.02385241 0.02020198
v 0.012 0.02333152 0.02005735
v 0.012 0.02279172 0.02002809
v 0.012 0.02225825 0.02011555
v 0.012 0.02385241 0.02484686
v 0.012 0.02433004 0.02459364
v 0.012 0.02474206 0.02424367
v 0.012 0.0252962 0.02172617
v 0.012 0.02506921 0.02123553
v 0.012 0.02474206 0.02080517
v 0.012 0.02433004 0.0204552
v 0.012 0.02506921 0.02381331
v 0.012 0.0252962 0.02332267
v 0.012 0.02541241 0.02279472
v 0.012 0.02541241 0.02225412
v 0.012 0.02175605 0.0247332
v 0.012 0.02225825 0.0249333
v 0.012 0.02279172 0.02502075
v 0.012 0.02333152 0.02499149
v 0.012 0.02048552 0.02306185
v 0.012 0.02065813 0.02357414
v 0.012 0.02093684 0.02403736
v 0.012 0.0213086 0.02442983
v 0.012749 0.02349707 0.02279442
v 0.012749 0.02349707 0.02225442
v 0.01263 0.02342836 0.02224645
v 0.01263 0.02342836 0.02280239
v 0.012749 0.02319707 0.02195442
v 0.01263 0.02320504 0.02202312
v 0.01263 0.0226491 0.02202312
v 0.012749 0.02265707 0.02195442
v 0.012749 0.02235707 0.02225442
v 0.012749 0.02235707 0.02279442
v 0.01263 0.02242577 0.02280239
v 0.01263 0.02242577 0.02224645
v 0.012749 0.02265707 0.02309442
v 0.01263 0.0226491 0.02302572
v 0.01263 0.02320504 0.02302572
v 0.012749 0.02319707 0.02309442
v 0.01263 0.02323726 0.02294442
v 0.01263 0.02261688 0.02294442
v 0.01263 0.02334707 0.02283461
v 0.01263 0.02261688 0.02210442
v 0.01263 0.02323726 0.02210442
v 0.01263 0.02334707 0.02221423
v 0.01263 0.02250707 0.02221423
v 0.01263 0.02250707 0.02283461
v -0.0138959 0.0195732 0.02648757
v -0.01386597 0.01968539 0.02649405
v -0.01386597 0.01968539 0.02629256
v -0.0138959 0.01710887 0.02629904
v -0.01386597 0.01699667 0.02629256
v -0.01386597 0.01699667 0.02649405
v -0.01386597 0.0170267 0.02609332
v -0.01386597 0.01708609 0.02688583
v -0.0139066 0.01714735 0.02666331
v -0.01386597 0.0170267 0.02669329
v -0.0138959 0.01710887 0.02666331
v -0.0138959 0.01710887 0.02648757
v -0.01399163 0.01748017 0.02673117
v -0.01399098 0.01745752 0.02666331
v -0.01398706 0.01743666 0.02666331
v -0.01406001 0.01785254 0.02667512
v -0.01405969 0.01784875 0.02667355
v -0.01399163 0.01754014 0.0268557
v -0.01404996 0.01777103 0.02666331
v -0.0140221 0.01762296 0.02666331
v -0.01406578 0.01792103 0.0267035
v -0.01399163 0.017618 0.0269699
v -0.0140663 0.01793662 0.02671546
v -0.01406785 0.01798314 0.02675115
v -0.01399163 0.01771202 0.02707122
v -0.01406734 0.01799496 0.02676656
v -0.01399163 0.01782008 0.0271574
v -0.01406387 0.01804018 0.02683588
v -0.01406578 0.01803084 0.0268133
v -0.01399098 0.01807103 0.02727681
v -0.01404996 0.01807103 0.0269633
v -0.01399163 0.01793978 0.02722651
v -0.01405081 0.01807015 0.02695655
v -0.01405965 0.01806087 0.0268859
v -0.0138959 0.01815303 0.02762547
v -0.0138959 0.01807103 0.02762547
v -0.01386597 0.01794366 0.02768154
v -0.01398706 0.01807103 0.02729767
v -0.01386597 0.0177561 0.02760793
v -0.01386597 0.01854196 0.02772638
v -0.0138959 0.01834103 0.02762547
v -0.01386597 0.01834103 0.02774144
v -0.01386597 0.0181401 0.02772638
v -0.01386597 0.0187384 0.02768154
v -0.0138959 0.01861103 0.02762547
v -0.0138959 0.01852903 0.02762547
v -0.01405081 0.01861192 0.02695656
v -0.01404996 0.01861103 0.0269633
v -0.01399163 0.01874228 0.02722651
v -0.01399098 0.01861103 0.02727681
v -0.01405969 0.01862127 0.02688559
v -0.01399163 0.01886198 0.0271574
v -0.01406388 0.01864188 0.02683586
v -0.01406578 0.01865122 0.0268133
v -0.01399163 0.01897005 0.02707122
v -0.01406734 0.0186871 0.02676655
v -0.01406785 0.01869887 0.0267512
v -0.01399163 0.01906406 0.0269699
v -0.0140663 0.01874544 0.02671546
v -0.01399163 0.01920189 0.02673117
v -0.0140221 0.01905911 0.02666331
v -0.01399163 0.01914192 0.0268557
v -0.01404996 0.01891103 0.02666331
v -0.01405965 0.01883363 0.02667346
v -0.01406 0.01882958 0.02667514
v -0.01406578 0.01876103 0.0267035
v -0.0139066 0.01953471 0.02666331
v -0.01398706 0.0192454 0.02666331
v -0.01399098 0.01922454 0.02666331
v -0.01386597 0.01959597 0.02688583
v -0.01386597 0.01965536 0.02669329
v -0.0138959 0.0195732 0.02666331
v -0.01386597 0.01959597 0.02590078
v -0.0139066 0.01953471 0.02612331
v -0.01386597 0.01965536 0.02609332
v -0.0138959 0.0195732 0.02612331
v -0.0138959 0.0195732 0.02629904
v -0.01399163 0.01920189 0.02605544
v -0.01399098 0.01922454 0.02612331
v -0.01398706 0.0192454 0.02612331
v -0.01406001 0.01882952 0.02611149
v -0.01405969 0.01883332 0.02611306
v -0.01399163 0.01914192 0.02593091
v -0.01404996 0.01891103 0.02612331
v -0.0140221 0.01905911 0.02612331
v -0.01406578 0.01876103 0.02608311
v -0.01399163 0.01906406 0.02581671
v -0.0140663 0.01874544 0.02607115
v -0.01406785 0.01869893 0.02603546
v -0.01399163 0.01897005 0.02571539
v -0.01406734 0.0186871 0.02602005
v -0.01399163 0.01886198 0.02562921
v -0.01406387 0.01864189 0.02595073
v -0.01406578 0.01865122 0.02597331
v -0.01399088 0.01861103 0.02550923
v -0.01404996 0.01861103 0.0258233
v -0.01399163 0.01874228 0.0255601
v -0.01405081 0.01861192 0.02583006
v -0.01405965 0.01862119 0.02590071
v -0.0138959 0.01852903 0.02516114
v -0.0138959 0.01861103 0.02516114
v -0.01386597 0.0187384 0.02510507
v -0.01398706 0.01861103 0.02548894
v -0.01386597 0.01892596 0.02517868
v -0.01386597 0.0181401 0.02506023
v -0.0138959 0.01834103 0.02516114
v -0.01386597 0.01834103 0.02504517
v -0.01386597 0.01854196 0.02506023
v -0.01386597 0.01794366 0.02510507
v -0.0138959 0.01807103 0.02516114
v -0.0138959 0.01815303 0.02516114
v -0.01405081 0.01807014 0.02583005
v -0.01404996 0.01807103 0.0258233
v -0.01399163 0.01793978 0.0255601
v -0.01399088 0.01807103 0.02550923
v -0.01405969 0.01806079 0.02590102
v -0.01399163 0.01782008 0.02562921
v -0.01406388 0.01804018 0.02595075
v -0.01406578 0.01803084 0.02597331
v -0.01399163 0.01771202 0.02571539
v -0.01406734 0.01799497 0.02602006
v -0.01406785 0.01798319 0.02603541
v -0.01399163 0.017618 0.02581671
v -0.0140663 0.01793662 0.02607115
v -0.01399163 0.01748017 0.02605544
v -0.0140221 0.01762296 0.02612331
v -0.01399163 0.01754014 0.02593091
v -0.01404996 0.01777103 0.02612331
v -0.01405965 0.01784844 0.02611315
v -0.01406 0.01785249 0.02611147
v -0.01406578 0.01792103 0.02608311
v -0.0139066 0.01714735 0.02612331
v -0.01398706 0.01743666 0.02612331
v -0.01399098 0.01745752 0.02612331
v -0.0138959 0.01710887 0.02612331
v -0.01386597 0.01708609 0.02590078
v -0.0132225 0.0190089 0.02879799
v -0.01347905 0.01897198 0.02843877
v -0.01347905 0.01866007 0.02850996
v -0.0132225 0.01907792 0.02878224
v -0.0132225 0.01942574 0.02864573
v -0.01347905 0.01926979 0.02832189
v -0.0132225 0.01950937 0.02859744
v -0.01347905 0.01954686 0.02816192
v -0.0132225 0.01974933 0.0284589
v -0.0132225 0.01995589 0.02829418
v -0.01347905 0.01979699 0.02796245
v -0.0132225 0.02004146 0.02822593
v -0.0132225 0.02029561 0.02795203
v -0.01347905 0.0200146 0.02772793
v -0.0132225 0.02032824 0.02790418
v -0.01347905 0.02019482 0.02746359
v -0.0132225 0.0205061 0.0276433
v -0.0132225 0.02060394 0.02744013
v -0.01347905 0.02033363 0.02717534
v -0.0132225 0.02066822 0.02730666
v -0.0132225 0.02077835 0.02694961
v -0.01347905 0.02042793 0.02686963
v -0.0132225 0.02078123 0.02693053
v -0.01347905 0.02047561 0.02655327
v -0.0132225 0.02083404 0.02658013
v -0.0132225 0.02084103 0.02639331
v -0.01347905 0.02047561 0.02623334
v -0.0132225 0.02083404 0.02620648
v -0.0132225 0.02078123 0.02585608
v -0.01347905 0.02042793 0.02591698
v -0.0132225 0.02077835 0.025837
v -0.0132225 0.02066822 0.02547995
v -0.01347905 0.02033363 0.02561127
v -0.0132225 0.02060394 0.02534649
v -0.01347905 0.02019482 0.02532302
v -0.0132225 0.0205061 0.0251433
v -0.0132225 0.02032824 0.02488243
v -0.01347905 0.0200146 0.02505868
v -0.0132225 0.02029561 0.02483458
v -0.0132225 0.02004146 0.02456068
v -0.01347905 0.01979699 0.02482416
v -0.0132225 0.01995589 0.02449243
v -0.01347905 0.01954686 0.02462468
v -0.0132225 0.01974933 0.02432771
v -0.0132225 0.01950937 0.02418917
v -0.01347905 0.01926979 0.02446472
v -0.0132225 0.01942574 0.02414088
v -0.0132225 0.01907792 0.02400437
v -0.01347905 0.01897198 0.02434784
v -0.0132225 0.0190089 0.02398862
v -0.01347905 0.01866007 0.02427665
v -0.0132225 0.01871364 0.02392123
v -0.0132225 0.0184759 0.02390341
v -0.01347905 0.01834103 0.02425274
v -0.0132225 0.01834103 0.0238933
v -0.0132225 0.01796843 0.02392123
v -0.01347905 0.018022 0.02427665
v -0.0132225 0.01793707 0.02392839
v -0.01347905 0.01771009 0.02434784
v -0.0132225 0.01760414 0.02400437
v -0.0132225 0.01741823 0.02407734
v -0.01347905 0.01741228 0.02446472
v -0.0132225 0.01725632 0.02414088
v -0.0132225 0.0169383 0.02432449
v -0.01347905 0.01713521 0.02462468
v -0.0132225 0.01693273 0.02432771
v -0.0132225 0.0166406 0.02456068
v -0.01347905 0.01688508 0.02482416
v -0.0132225 0.01653107 0.02467872
v -0.01347905 0.01666747 0.02505868
v -0.0132225 0.01638645 0.02483458
v -0.0132225 0.01620134 0.02510609
v -0.01347905 0.01648725 0.02532302
v -0.0132225 0.01617597 0.0251433
v -0.0132225 0.01601385 0.02547995
v -0.01347905 0.01634843 0.02561127
v -0.0132225 0.01597778 0.02559687
v -0.01347905 0.01625413 0.02591698
v -0.0132225 0.01590371 0.025837
v -0.0132225 0.01586049 0.02612373
v -0.01347905 0.01620645 0.02623334
v -0.0132225 0.01584802 0.02620648
v -0.0132225 0.01584802 0.02658013
v -0.01347905 0.01620645 0.02655327
v -0.0132225 0.01586049 0.02666288
v -0.01347905 0.01625413 0.02686963
v -0.0132225 0.01590371 0.02694961
v -0.0132225 0.01597778 0.02718974
v -0.01347905 0.01634843 0.02717534
v -0.0132225 0.01601385 0.02730666
v -0.0132225 0.01617597 0.0276433
v -0.01347905 0.01648725 0.02746359
v -0.0132225 0.01620134 0.02768052
v -0.01347905 0.01666747 0.02772793
v -0.0132225 0.01638645 0.02795203
v -0.0132225 0.01653107 0.02810789
v -0.01347905 0.01688508 0.02796245
v -0.0132225 0.0166406 0.02822593
v -0.0132225 0.01693273 0.0284589
v -0.01347905 0.01713521 0.02816192
v -0.0132225 0.0169383 0.02846212
v -0.01347905 0.01741228 0.02832189
v -0.0132225 0.01725632 0.02864573
v -0.0132225 0.01741823 0.02870927
v -0.01347905 0.01771009 0.02843877
v -0.0132225 0.01760414 0.02878224
v -0.0132225 0.01793707 0.02885822
v -0.01347905 0.018022 0.02850996
v -0.0132225 0.01796843 0.02886538
v -0.0132225 0.01834103 0.0288933
v -0.01347905 0.01834103 0.02853387
v -0.0132225 0.0184759 0.0288832
v -0.0132225 0.01871364 0.02886538
v -0.01369441 0.01807946 0.02812875
v -0.01369441 0.01782372 0.02807038
v -0.01369441 0.01757955 0.02797455
v -0.01369441 0.01735238 0.02784339
v -0.01369441 0.0171473 0.02767984
v -0.01369441 0.01696888 0.02748756
v -0.01369441 0.01682112 0.02727083
v -0.01369441 0.01670731 0.0270345
v -0.01369441 0.01662999 0.02678384
v -0.01369441 0.0165909 0.02652446
v -0.01369441 0.0165909 0.02626215
v -0.01369441 0.01662999 0.02600277
v -0.01369441 0.01670731 0.02575212
v -0.01369441 0.01682112 0.02551578
v -0.01369441 0.01696888 0.02529905
v -0.01369441 0.0171473 0.02510677
v -0.01369441 0.01735238 0.02494322
v -0.01369441 0.01757955 0.02481207
v -0.01369441 0.01782372 0.02471623
v -0.01369441 0.01807946 0.02465786
v -0.01369441 0.01834103 0.02463826
v -0.01369441 0.01860261 0.02465786
v -0.01369441 0.01885834 0.02471623
v -0.01369441 0.01910252 0.02481207
v -0.01369441 0.01932968 0.02494322
v -0.01369441 0.01953476 0.02510677
v -0.01369441 0.01971318 0.02529905
v -0.01369441 0.01986095 0.02551578
v -0.01369441 0.01997476 0.02575212
v -0.01369441 0.02005207 0.02600277
v -0.01369441 0.02009117 0.02626215
v -0.01369441 0.02009117 0.02652446
v -0.01369441 0.02005207 0.02678384
v -0.01369441 0.01997476 0.0270345
v -0.01369441 0.01986095 0.02727083
v -0.01369441 0.01971318 0.02748756
v -0.01369441 0.01953476 0.02767984
v -0.01369441 0.01932968 0.02784339
v -0.01369441 0.01910252 0.02797455
v -0.01369441 0.01885834 0.02807038
v -0.01369441 0.01860261 0.02812875
v -0.01369441 0.01834103 0.02814835
v -0.01386597 0.0175816 0.02750718
v -0.01386597 0.01742407 0.02738155
v -0.01386597 0.01728702 0.02723385
v -0.01386597 0.01717352 0.02706737
v -0.01386597 0.01717352 0.02571924
v -0.01386597 0.01728702 0.02555276
v -0.01386597 0.01742407 0.02540505
v -0.01386597 0.0175816 0.02527943
v -0.01386597 0.0177561 0.02517868
v -0.01386597 0.01910046 0.02527943
v -0.01386597 0.01925799 0.02540505
v -0.01386597 0.01939504 0.02555276
v -0.01386597 0.01950855 0.02571924
v -0.01386597 0.01950855 0.02706737
v -0.01386597 0.01939504 0.02723385
v -0.01386597 0.01925799 0.02738155
v -0.01386597 0.01910046 0.02750718
v -0.01386597 0.01892596 0.02760793
v -0.01398706 0.01861103 0.02729767
v -0.01398706 0.01807103 0.02548894
v -0.004 0.01937383 0.02568915
v -0.004 0.0195355 0.02602486
v -0.004 0.01834103 0.02639331
v -0.004 0.01959103 0.02639331
v -0.004 0.0195355 0.02676175
v -0.004 0.01843444 0.0251468
v -0.004 0.01879771 0.02522971
v -0.004 0.0191204 0.02541601
v -0.004 0.01742472 0.02554309
v -0.004 0.01771603 0.02531077
v -0.004 0.01806288 0.02517465
v -0.004 0.01710499 0.02657961
v -0.004 0.01710499 0.026207
v -0.004 0.01721482 0.02585095
v -0.004 0.01771603 0.02747584
v -0.004 0.01742472 0.02724352
v -0.004 0.01721482 0.02693566
v -0.004 0.01879771 0.0275569
v -0.004 0.01843444 0.02763981
v -0.004 0.01806288 0.02761197
v -0.004 0.01937383 0.02709745
v -0.004 0.0191204 0.02737059
v -0.012 0.0195355 0.02676175
v -0.012 0.01937383 0.02709745
v -0.012 0.0191204 0.02737059
v -0.012 0.01879771 0.0275569
v -0.012 0.01843444 0.02763981
v -0.012 0.01806288 0.02761197
v -0.012 0.01771603 0.02747584
v -0.012 0.01742472 0.02724352
v -0.012 0.01721482 0.02693566
v -0.012 0.01710499 0.02657961
v -0.012 0.01710499 0.026207
v -0.012 0.01721482 0.02585095
v -0.012 0.01742472 0.02554309
v -0.012 0.01771603 0.02531077
v -0.012 0.01806288 0.02517465
v -0.012 0.01843444 0.0251468
v -0.012 0.01879771 0.02522971
v -0.012 0.0191204 0.02541601
v -0.012 0.01937383 0.02568915
v -0.012 0.0195355 0.02602486
v -0.012 0.01959103 0.02639331
v -0.012 0.02060997 0.02534358
v -0.012 0.02078258 0.02585588
v -0.012 0.02084103 0.02639331
v -0.012 0.01951205 0.02418453
v -0.012 0.0199595 0.0244879
v -0.012 0.02033127 0.02488037
v -0.012 0.01741569 0.02407086
v -0.012 0.01793658 0.02392624
v -0.012 0.01847638 0.02389697
v -0.012 0.01900985 0.02398443
v -0.012 0.01741569 0.02871575
v -0.012 0.01693806 0.02846253
v -0.012 0.01652604 0.02811255
v -0.012 0.0159719 0.02559505
v -0.012 0.01619889 0.02510442
v -0.012 0.01652604 0.02467406
v -0.012 0.01693806 0.02432408
v -0.012 0.01619889 0.02768219
v -0.012 0.0159719 0.02719156
v -0.012 0.01585569 0.0266636
v -0.012 0.01585569 0.02612301
v -0.012 0.01951205 0.02860208
v -0.012 0.01900985 0.02880218
v -0.012 0.01847638 0.02888964
v -0.012 0.01793658 0.02886037
v -0.012 0.02078258 0.02693073
v -0.012 0.02060997 0.02744303
v -0.012 0.02033127 0.02790624
v -0.012 0.0199595 0.02829871
v -0.012749 0.01777103 0.02666331
v -0.012749 0.01777103 0.02612331
v -0.01263 0.01783974 0.02611533
v -0.01263 0.01783974 0.02667128
v -0.012749 0.01807103 0.0258233
v -0.01263 0.01806306 0.02589201
v -0.01263 0.018619 0.02589201
v -0.012749 0.01861103 0.0258233
v -0.012749 0.01891103 0.02612331
v -0.012749 0.01891103 0.02666331
v -0.01263 0.01884233 0.02667128
v -0.01263 0.01884233 0.02611533
v -0.012749 0.01861103 0.0269633
v -0.01263 0.018619 0.0268946
v -0.01263 0.01806306 0.0268946
v -0.012749 0.01807103 0.0269633
v -0.01263 0.01803084 0.0268133
v -0.01263 0.01865122 0.0268133
v -0.01263 0.01792103 0.0267035
v -0.01263 0.01865122 0.02597331
v -0.01263 0.01803084 0.02597331
v -0.01263 0.01792103 0.02608311
v -0.01263 0.01876103 0.02608311
v -0.01263 0.01876103 0.0267035
v 0.0138959 0.01710887 0.02648757
v 0.01386597 0.01699667 0.02649405
v 0.01386597 0.01699667 0.02629256
v 0.0138959 0.0195732 0.02629904
v 0.01386597 0.01968539 0.02629256
v 0.01386597 0.01968539 0.02649405
v 0.01386597 0.01965536 0.02609332
v 0.01386597 0.01959597 0.02688583
v 0.0139066 0.01953471 0.02666331
v 0.01386597 0.01965536 0.02669329
v 0.0138959 0.0195732 0.02666331
v 0.0138959 0.0195732 0.02648757
v 0.01399163 0.01920189 0.02673117
v 0.01399098 0.01922454 0.02666331
v 0.01398706 0.0192454 0.02666331
v 0.01406001 0.01882952 0.02667512
v 0.01405969 0.01883332 0.02667355
v 0.01399163 0.01914192 0.0268557
v 0.01404996 0.01891103 0.02666331
v 0.0140221 0.01905911 0.02666331
v 0.01406578 0.01876103 0.0267035
v 0.01399163 0.01906406 0.0269699
v 0.0140663 0.01874544 0.02671546
v 0.01406785 0.01869893 0.02675115
v 0.01399163 0.01897005 0.02707122
v 0.01406734 0.0186871 0.02676656
v 0.01399163 0.01886198 0.0271574
v 0.01406387 0.01864189 0.02683588
v 0.01406578 0.01865122 0.0268133
v 0.01399098 0.01861103 0.02727681
v 0.01404996 0.01861103 0.0269633
v 0.01399163 0.01874228 0.02722651
v 0.01405081 0.01861192 0.02695655
v 0.01405965 0.01862119 0.0268859
v 0.0138959 0.01852903 0.02762547
v 0.0138959 0.01861103 0.02762547
v 0.01386597 0.0187384 0.02768154
v 0.01398706 0.01861103 0.02729767
v 0.01386597 0.01892596 0.02760793
v 0.01386597 0.0181401 0.02772638
v 0.0138959 0.01834103 0.02762547
v 0.01386597 0.01834103 0.02774144
v 0.01386597 0.01854196 0.02772638
v 0.01386597 0.01794366 0.02768154
v 0.0138959 0.01807103 0.02762547
v 0.0138959 0.01815303 0.02762547
v 0.01405081 0.01807014 0.02695656
v 0.01404996 0.01807103 0.0269633
v 0.01399163 0.01793978 0.02722651
v 0.01399098 0.01807103 0.02727681
v 0.01405969 0.01806079 0.02688559
v 0.01399163 0.01782008 0.0271574
v 0.01406388 0.01804018 0.02683586
v 0.01406578 0.01803084 0.0268133
v 0.01399163 0.01771202 0.02707122
v 0.01406734 0.01799497 0.02676655
v 0.01406785 0.01798319 0.0267512
v 0.01399163 0.017618 0.0269699
v 0.0140663 0.01793662 0.02671546
v 0.01399163 0.01748017 0.02673117
v 0.0140221 0.01762296 0.02666331
v 0.01399163 0.01754014 0.0268557
v 0.01404996 0.01777103 0.02666331
v 0.01405965 0.01784844 0.02667346
v 0.01406 0.01785249 0.02667514
v 0.01406578 0.01792103 0.0267035
v 0.0139066 0.01714735 0.02666331
v 0.01398706 0.01743666 0.02666331
v 0.01399098 0.01745752 0.02666331
v 0.01386597 0.01708609 0.02688583
v 0.01386597 0.0170267 0.02669329
v 0.0138959 0.01710887 0.02666331
v 0.01386597 0.01708609 0.02590078
v 0.0139066 0.01714735 0.02612331
v 0.01386597 0.0170267 0.02609332
v 0.0138959 0.01710887 0.02612331
v 0.0138959 0.01710887 0.02629904
v 0.01399163 0.01748017 0.02605544
v 0.01399098 0.01745752 0.02612331
v 0.01398706 0.01743666 0.02612331
v 0.01406001 0.01785254 0.02611149
v 0.01405969 0.01784875 0.02611306
v 0.01399163 0.01754014 0.02593091
v 0.01404996 0.01777103 0.02612331
v 0.0140221 0.01762296 0.02612331
v 0.01406578 0.01792103 0.02608311
v 0.01399163 0.017618 0.02581671
v 0.0140663 0.01793662 0.02607115
v 0.01406785 0.01798314 0.02603546
v 0.01399163 0.01771202 0.02571539
v 0.01406734 0.01799496 0.02602005
v 0.01399163 0.01782008 0.02562921
v 0.01406387 0.01804018 0.02595073
v 0.01406578 0.01803084 0.02597331
v 0.01399088 0.01807103 0.02550923
v 0.01404996 0.01807103 0.0258233
v 0.01399163 0.01793978 0.0255601
v 0.01405081 0.01807015 0.02583006
v 0.01405965 0.01806087 0.02590071
v 0.0138959 0.01815303 0.02516114
v 0.0138959 0.01807103 0.02516114
v 0.01386597 0.01794366 0.02510507
v 0.01398706 0.01807103 0.02548894
v 0.01386597 0.0177561 0.02517868
v 0.01386597 0.01854196 0.02506023
v 0.0138959 0.01834103 0.02516114
v 0.01386597 0.01834103 0.02504517
v 0.01386597 0.0181401 0.02506023
v 0.01386597 0.0187384 0.02510507
v 0.0138959 0.01861103 0.02516114
v 0.0138959 0.01852903 0.02516114
v 0.01405081 0.01861192 0.02583005
v 0.01404996 0.01861103 0.0258233
v 0.01399163 0.01874228 0.0255601
v 0.01399088 0.01861103 0.02550923
v 0.01405969 0.01862127 0.02590102
v 0.01399163 0.01886198 0.02562921
v 0.01406388 0.01864188 0.02595075
v 0.01406578 0.01865122 0.02597331
v 0.01399163 0.01897005 0.02571539
v 0.01406734 0.0186871 0.02602006
v 0.01406785 0.01869887 0.02603541
v 0.01399163 0.01906406 0.02581671
v 0.0140663 0.01874544 0.02607115
v 0.01399163 0.01920189 0.02605544
v 0.0140221 0.01905911 0.02612331
v 0.01399163 0.01914192 0.02593091
v 0.01404996 0.01891103 0.02612331
v 0.01405965 0.01883363 0.02611315
v 0.01406 0.01882958 0.02611147
v 0.01406578 0.01876103 0.02608311
v 0.0139066 0.01953471 0.02612331
v 0.01398706 0.0192454 0.02612331
v 0.01399098 0.01922454 0.02612331
v 0.0138959 0.0195732 0.02612331
v 0.01386597 0.01959597 0.02590078
v 0.0132225 0.01767317 0.02879799
v 0.01347905 0.01771009 0.02843877
v 0.01347905 0.018022 0.02850996
v 0.0132225 0.01760414 0.02878224
v 0.0132225 0.01725632 0.02864573
v 0.01347905 0.01741228 0.02832189
v 0.0132225 0.01717269 0.02859744
v 0.01347905 0.01713521 0.02816192
v 0.0132225 0.01693273 0.0284589
v 0.0132225 0.01672618 0.02829418
v 0.01347905 0.01688508 0.02796245
v 0.0132225 0.0166406 0.02822593
v 0.0132225 0.01638645 0.02795203
v 0.01347905 0.01666747 0.02772793
v 0.0132225 0.01635383 0.02790418
v 0.01347905 0.01648725 0.02746359
v 0.0132225 0.01617597 0.0276433
v 0.0132225 0.01607812 0.02744013
v 0.01347905 0.01634843 0.02717534
v 0.0132225 0.01601385 0.02730666
v 0.0132225 0.01590371 0.02694961
v 0.01347905 0.01625413 0.02686963
v 0.0132225 0.01590084 0.02693053
v 0.01347905 0.01620645 0.02655327
v 0.0132225 0.01584802 0.02658013
v 0.0132225 0.01584103 0.02639331
v 0.01347905 0.01620645 0.02623334
v 0.0132225 0.01584802 0.02620648
v 0.0132225 0.01590084 0.02585608
v 0.01347905 0.01625413 0.02591698
v 0.0132225 0.01590371 0.025837
v 0.0132225 0.01601385 0.02547995
v 0.01347905 0.01634843 0.02561127
v 0.0132225 0.01607812 0.02534649
v 0.01347905 0.01648725 0.02532302
v 0.0132225 0.01617597 0.0251433
v 0.0132225 0.01635383 0.02488243
v 0.01347905 0.01666747 0.02505868
v 0.0132225 0.01638645 0.02483458
v 0.0132225 0.0166406 0.02456068
v 0.01347905 0.01688508 0.02482416
v 0.0132225 0.01672618 0.02449243
v 0.01347905 0.01713521 0.02462468
v 0.0132225 0.01693273 0.02432771
v 0.0132225 0.01717269 0.02418917
v 0.01347905 0.01741228 0.02446472
v 0.0132225 0.01725632 0.02414088
v 0.0132225 0.01760414 0.02400437
v 0.01347905 0.01771009 0.02434784
v 0.0132225 0.01767317 0.02398862
v 0.01347905 0.018022 0.02427665
v 0.0132225 0.01796843 0.02392123
v 0.0132225 0.01820617 0.02390341
v 0.01347905 0.01834103 0.02425274
v 0.0132225 0.01834103 0.0238933
v 0.0132225 0.01871364 0.02392123
v 0.01347905 0.01866007 0.02427665
v 0.0132225 0.018745 0.02392839
v 0.01347905 0.01897198 0.02434784
v 0.0132225 0.01907792 0.02400437
v 0.0132225 0.01926384 0.02407734
v 0.01347905 0.01926979 0.02446472
v 0.0132225 0.01942574 0.02414088
v 0.0132225 0.01974376 0.02432449
v 0.01347905 0.01954686 0.02462468
v 0.0132225 0.01974933 0.02432771
v 0.0132225 0.02004146 0.02456068
v 0.01347905 0.01979699 0.02482416
v 0.0132225 0.02015099 0.02467872
v 0.01347905 0.0200146 0.02505868
v 0.0132225 0.02029561 0.02483458
v 0.0132225 0.02048072 0.02510609
v 0.01347905 0.02019482 0.02532302
v 0.0132225 0.0205061 0.0251433
v 0.0132225 0.02066822 0.02547995
v 0.01347905 0.02033363 0.02561127
v 0.0132225 0.02070428 0.02559687
v 0.01347905 0.02042793 0.02591698
v 0.0132225 0.02077835 0.025837
v 0.0132225 0.02082157 0.02612373
v 0.01347905 0.02047561 0.02623334
v 0.0132225 0.02083404 0.02620648
v 0.0132225 0.02083404 0.02658013
v 0.01347905 0.02047561 0.02655327
v 0.0132225 0.02082157 0.02666288
v 0.01347905 0.02042793 0.02686963
v 0.0132225 0.02077835 0.02694961
v 0.0132225 0.02070428 0.02718974
v 0.01347905 0.02033363 0.02717534
v 0.0132225 0.02066822 0.02730666
v 0.0132225 0.0205061 0.0276433
v 0.01347905 0.02019482 0.02746359
v 0.0132225 0.02048072 0.02768052
v 0.01347905 0.0200146 0.02772793
v 0.0132225 0.02029561 0.02795203
v 0.0132225 0.02015099 0.02810789
v 0.01347905 0.01979699 0.02796245
v 0.0132225 0.02004146 0.02822593
v 0.0132225 0.01974933 0.0284589
v 0.01347905 0.01954686 0.02816192
v 0.0132225 0.01974376 0.02846212
v 0.01347905 0.01926979 0.02832189
v 0.0132225 0.01942574 0.02864573
v 0.0132225 0.01926384 0.02870927
v 0.01347905 0.01897198 0.02843877
v 0.0132225 0.01907792 0.02878224
v 0.0132225 0.018745 0.02885822
v 0.01347905 0.01866007 0.02850996
v 0.0132225 0.01871364 0.02886538
v 0.0132225 0.01834103 0.0288933
v 0.01347905 0.01834103 0.02853387
v 0.0132225 0.01820617 0.0288832
v 0.0132225 0.01796843 0.02886538
v 0.01369441 0.01860261 0.02812875
v 0.01369441 0.01885834 0.02807038
v 0.01369441 0.01910252 0.02797455
v 0.01369441 0.01932968 0.02784339
v 0.01369441 0.01953476 0.02767984
v 0.01369441 0.01971318 0.02748756
v 0.01369441 0.01986095 0.02727083
v 0.01369441 0.01997476 0.0270345
v 0.01369441 0.02005207 0.02678384
v 0.01369441 0.02009117 0.02652446
v 0.01369441 0.02009117 0.02626215
v 0.01369441 0.02005207 0.02600277
v 0.01369441 0.01997476 0.02575212
v 0.01369441 0.01986095 0.02551578
v 0.01369441 0.01971318 0.02529905
v 0.01369441 0.01953476 0.02510677
v 0.01369441 0.01932968 0.02494322
v 0.01369441 0.01910252 0.02481207
v 0.01369441 0.01885834 0.02471623
v 0.01369441 0.01860261 0.02465786
v 0.01369441 0.01834103 0.02463826
v 0.01369441 0.01807946 0.02465786
v 0.01369441 0.01782372 0.02471623
v 0.01369441 0.01757955 0.02481207
v 0.01369441 0.01735238 0.02494322
v 0.01369441 0.0171473 0.02510677
v 0.01369441 0.01696888 0.02529905
v 0.01369441 0.01682112 0.02551578
v 0.01369441 0.01670731 0.02575212
v 0.01369441 0.01662999 0.02600277
v 0.01369441 0.0165909 0.02626215
v 0.01369441 0.0165909 0.02652446
v 0.01369441 0.01662999 0.02678384
v 0.01369441 0.01670731 0.0270345
v 0.01369441 0.01682112 0.02727083
v 0.01369441 0.01696888 0.02748756
v 0.01369441 0.0171473 0.02767984
v 0.01369441 0.01735238 0.02784339
v 0.01369441 0.01757955 0.02797455
v 0.01369441 0.01782372 0.02807038
v 0.01369441 0.01807946 0.02812875
v 0.01369441 0.01834103 0.02814835
v 0.01386597 0.01910046 0.02750718
v 0.01386597 0.01925799 0.02738155
v 0.01386597 0.01939504 0.02723385
v 0.01386597 0.01950855 0.02706737
v 0.01386597 0.01950855 0.02571924
v 0.01386597 0.01939504 0.02555276
v 0.01386597 0.01925799 0.02540505
v 0.01386597 0.01910046 0.02527943
v 0.01386597 0.01892596 0.02517868
v 0.01386597 0.0175816 0.02527943
v 0.01386597 0.01742407 0.02540505
v 0.01386597 0.01728702 0.02555276
v 0.01386597 0.01717352 0.02571924
v 0.01386597 0.01717352 0.02706737
v 0.01386597 0.01728702 0.02723385
v 0.01386597 0.01742407 0.02738155
v 0.01386597 0.0175816 0.02750718
v 0.01386597 0.0177561 0.02760793
v 0.01398706 0.01807103 0.02729767
v 0.01398706 0.01861103 0.02548894
v 0.004 0.01730823 0.02568915
v 0.004 0.01714657 0.02602486
v 0.004 0.01834103 0.02639331
v 0.004 0.01709103 0.02639331
v 0.004 0.01714657 0.02676175
v 0.004 0.01824762 0.0251468
v 0.004 0.01788436 0.02522971
v 0.004 0.01756167 0.02541601
v 0.004 0.01925735 0.02554309
v 0.004 0.01896603 0.02531077
v 0.004 0.01861918 0.02517465
v 0.004 0.01957707 0.02657961
v 0.004 0.01957707 0.026207
v 0.004 0.01946724 0.02585095
v 0.004 0.01896603 0.02747584
v 0.004 0.01925735 0.02724352
v 0.004 0.01946724 0.02693566
v 0.004 0.01788436 0.0275569
v 0.004 0.01824762 0.02763981
v 0.004 0.01861918 0.02761197
v 0.004 0.01730823 0.02709745
v 0.004 0.01756167 0.02737059
v 0.012 0.01714657 0.02676175
v 0.012 0.01730823 0.02709745
v 0.012 0.01756167 0.02737059
v 0.012 0.01788436 0.0275569
v 0.012 0.01824762 0.02763981
v 0.012 0.01861918 0.02761197
v 0.012 0.01896603 0.02747584
v 0.012 0.01925735 0.02724352
v 0.012 0.01946724 0.02693566
v 0.012 0.01957707 0.02657961
v 0.012 0.01957707 0.026207
v 0.012 0.01946724 0.02585095
v 0.012 0.01925735 0.02554309
v 0.012 0.01896603 0.02531077
v 0.012 0.01861918 0.02517465
v 0.012 0.01824762 0.0251468
v 0.012 0.01788436 0.02522971
v 0.012 0.01756167 0.02541601
v 0.012 0.01730823 0.02568915
v 0.012 0.01714657 0.02602486
v 0.012 0.01709103 0.02639331
v 0.012 0.01607209 0.02534358
v 0.012 0.01589948 0.02585588
v 0.012 0.01584103 0.02639331
v 0.012 0.01717001 0.02418453
v 0.012 0.01672257 0.0244879
v 0.012 0.0163508 0.02488037
v 0.012 0.01926638 0.02407086
v 0.012 0.01874549 0.02392624
v 0.012 0.01820569 0.02389697
v 0.012 0.01767221 0.02398443
v 0.012 0.01926638 0.02871575
v 0.012 0.019744 0.02846253
v 0.012 0.02015602 0.02811255
v 0.012 0.02071016 0.02559505
v 0.012 0.02048318 0.02510442
v 0.012 0.02015602 0.02467406
v 0.012 0.019744 0.02432408
v 0.012 0.02048318 0.02768219
v 0.012 0.02071016 0.02719156
v 0.012 0.02082638 0.0266636
v 0.012 0.02082638 0.02612301
v 0.012 0.01717001 0.02860208
v 0.012 0.01767221 0.02880218
v 0.012 0.01820569 0.02888964
v 0.012 0.01874549 0.02886037
v 0.012 0.01589948 0.02693073
v 0.012 0.01607209 0.02744303
v 0.012 0.0163508 0.02790624
v 0.012 0.01672257 0.02829871
v 0.012749 0.01891103 0.02666331
v 0.012749 0.01891103 0.02612331
v 0.01263 0.01884233 0.02611533
v 0.01263 0.01884233 0.02667128
v 0.012749 0.01861103 0.0258233
v 0.01263 0.018619 0.02589201
v 0.01263 0.01806306 0.02589201
v 0.012749 0.01807103 0.0258233
v 0.012749 0.01777103 0.02612331
v 0.012749 0.01777103 0.02666331
v 0.01263 0.01783974 0.02667128
v 0.01263 0.01783974 0.02611533
v 0.012749 0.01807103 0.0269633
v 0.01263 0.01806306 0.0268946
v 0.01263 0.018619 0.0268946
v 0.012749 0.01861103 0.0269633
v 0.01263 0.01865122 0.0268133
v 0.01263 0.01803084 0.0268133
v 0.01263 0.01876103 0.0267035
v 0.01263 0.01803084 0.02597331
v 0.01263 0.01865122 0.02597331
v 0.01263 0.01876103 0.02608311
v 0.01263 0.01792103 0.02608311
v 0.01263 0.01792103 0.0267035
v 0.0115 0.03695765 0.04336958
v 0.0115 0.0370913 0.04387086
v 0.0115 0.03657977 0.04369903
v 0.0115 0.03664282 0.04418686
v 0.0115 0.03613182 0.04392415
v 0.0115 0.03613527 0.04439514
v 0.0115 0.03564196 0.0440308
v 0.0115 0.03559409 0.04448526
v 0.0115 0.03514098 0.04401229
v 0.0115 0.03504644 0.04445269
v 0.0115 0.03466033 0.04386976
v 0.0115 0.03451975 0.04429908
v 0.0115 0.03423023 0.04361217
v 0.0115 0.03404046 0.04403212
v 0.0115 0.0338777 0.04325572
v 0.0115 0.03363259 0.0436652
v 0.0115 0.03362489 0.04282279
v 0.0115 0.03603338 0.0401212
v 0.0115 0.0364098 0.03977826
v 0.0115 0.03649237 0.04032285
v 0.0115 0.03688909 0.04004522
v 0.0115 0.0368868 0.04063231
v 0.0115 0.03729696 0.04041214
v 0.0115 0.03719187 0.04103013
v 0.0115 0.03761296 0.04086062
v 0.0115 0.03738842 0.04149133
v 0.0115 0.03782124 0.04136818
v 0.0115 0.0374641 0.04198692
v 0.0115 0.03791136 0.04190935
v 0.0115 0.03741416 0.04248575
v 0.0115 0.03787879 0.04245701
v 0.0115 0.03724173 0.0429565
v 0.0115 0.03772518 0.04298369
v 0.0115 0.03745822 0.04346298
v 0.0115 0.03331659 0.04321672
v 0.0115 0.03310831 0.04270916
v 0.0115 0.0334877 0.0423406
v 0.0115 0.03301819 0.04216799
v 0.0115 0.03347472 0.04183944
v 0.0115 0.03305075 0.04162033
v 0.0115 0.03358679 0.04135079
v 0.0115 0.03320437 0.04109365
v 0.0115 0.03381686 0.04090536
v 0.0115 0.03347133 0.04061436
v 0.0115 0.03415047 0.04053115
v 0.0115 0.03383825 0.04020648
v 0.0115 0.03456667 0.04025166
v 0.0115 0.03428673 0.03989048
v 0.0115 0.0350393 0.04008445
v 0.0115 0.03479428 0.0396822
v 0.0115 0.03553866 0.04004003
v 0.0115 0.03533546 0.03959209
v 0.0115 0.03588311 0.03962465
v 0.0112 0.03301819 0.04216799
v 0.0112 0.03305075 0.04162033
v 0.0112 0.03320437 0.04109365
v 0.0112 0.03347133 0.04061436
v 0.0112 0.03383825 0.04020648
v 0.0112 0.03428673 0.03989048
v 0.0112 0.03479428 0.0396822
v 0.0112 0.03533546 0.03959209
v 0.0112 0.03588311 0.03962465
v 0.0112 0.0364098 0.03977826
v 0.0112 0.03688909 0.04004522
v 0.0112 0.03729696 0.04041214
v 0.0112 0.03761296 0.04086062
v 0.0112 0.03782124 0.04136818
v 0.0112 0.03791136 0.04190935
v 0.0112 0.03787879 0.04245701
v 0.0112 0.03772518 0.04298369
v 0.0112 0.03745822 0.04346298
v 0.0112 0.0370913 0.04387086
v 0.0112 0.03664282 0.04418686
v 0.0112 0.03613527 0.04439514
v 0.0112 0.03559409 0.04448526
v 0.0112 0.03504644 0.04445269
v 0.0112 0.03451975 0.04429908
v 0.0112 0.03404046 0.04403212
v 0.0112 0.03363259 0.0436652
v 0.0112 0.03331659 0.04321672
v 0.0112 0.03310831 0.04270916
v 0.0085 0.03738842 0.04149133
v 0.0085 0.03719187 0.04103013
v 0.0085 0.0368868 0.04063231
v 0.0085 0.03649237 0.04032285
v 0.0085 0.03603338 0.0401212
v 0.0085 0.03553866 0.04004003
v 0.0085 0.0350393 0.04008445
v 0.0085 0.03456667 0.04025166
v 0.0085 0.03415047 0.04053115
v 0.0085 0.03381686 0.04090536
v 0.0085 0.03358679 0.04135079
v 0.0085 0.03347472 0.04183944
v 0.0085 0.0334877 0.0423406
v 0.0085 0.03362489 0.04282279
v 0.0085 0.0338777 0.04325572
v 0.0085 0.03423023 0.04361217
v 0.0085 0.03466033 0.04386976
v 0.0085 0.03514098 0.04401229
v 0.0085 0.03564196 0.0440308
v 0.0085 0.03613182 0.04392415
v 0.0085 0.03657977 0.04369903
v 0.0085 0.03695765 0.04336958
v 0.0085 0.03724173 0.0429565
v 0.0085 0.03741416 0.04248575
v 0.0085 0.0374641 0.04198692
v 0.0112 0.03321676 0.04458944
v 0.0112 0.03277465 0.04411791
v 0.0112 0.03242977 0.04357123
v 0.0112 0.03219457 0.04296915
v 0.0112 0.03207758 0.04233345
v 0.0112 0.03741366 0.04482468
v 0.0112 0.03685118 0.04514316
v 0.0112 0.0362386 0.04534944
v 0.0112 0.03559805 0.04543606
v 0.0112 0.03495268 0.04539989
v 0.0112 0.03432582 0.04524223
v 0.0112 0.03374013 0.04496879
v 0.0112 0.032083 0.04168709
v 0.0112 0.03221065 0.04105344
v 0.0112 0.03245591 0.04045539
v 0.0112 0.03280992 0.03991458
v 0.0112 0.03325989 0.03945053
v 0.0112 0.03378954 0.03908002
v 0.0112 0.03437974 0.03881645
v 0.0112 0.03863172 0.04080155
v 0.0112 0.03880861 0.04142325
v 0.0112 0.03886465 0.0420672
v 0.0112 0.03879781 0.04271012
v 0.0112 0.03861051 0.04332877
v 0.0112 0.03830951 0.04390079
v 0.0112 0.03790569 0.04440551
v 0.0112 0.03500916 0.03866934
v 0.0112 0.03565505 0.038644
v 0.0112 0.03629405 0.03874135
v 0.0112 0.03690309 0.03895788
v 0.0112 0.03746014 0.03928576
v 0.0112 0.03794507 0.03971313
v 0.0112 0.03834036 0.04022456
v 0.0085 0.03331659 0.04321672
v 0.0085 0.03363259 0.0436652
v 0.0085 0.03404046 0.04403212
v 0.0085 0.03451975 0.04429908
v 0.0085 0.03504644 0.04445269
v 0.0085 0.03559409 0.04448526
v 0.0085 0.03613527 0.04439514
v 0.0085 0.03664282 0.04418686
v 0.0085 0.03588311 0.03962465
v 0.0085 0.03533546 0.03959209
v 0.0085 0.03479428 0.0396822
v 0.0085 0.03428673 0.03989048
v 0.0085 0.03383825 0.04020648
v 0.0085 0.03347133 0.04061436
v 0.0085 0.03320437 0.04109365
v 0.0085 0.03305075 0.04162033
v 0.0085 0.03301819 0.04216799
v 0.0085 0.03310831 0.04270916
v 0.0085 0.0370913 0.04387086
v 0.0085 0.03745822 0.04346298
v 0.0085 0.03772518 0.04298369
v 0.0085 0.03787879 0.04245701
v 0.0085 0.03791136 0.04190935
v 0.0085 0.03782124 0.04136818
v 0.0085 0.03761296 0.04086062
v 0.0085 0.03729696 0.04041214
v 0.0085 0.03688909 0.04004522
v 0.0085 0.0364098 0.03977826
v 0.0115 0.03219457 0.04296915
v 0.0115 0.03207758 0.04233345
v 0.0115 0.032083 0.04168709
v 0.0115 0.03221065 0.04105344
v 0.0115 0.03245591 0.04045539
v 0.0115 0.03280992 0.03991458
v 0.0115 0.03325989 0.03945053
v 0.0115 0.03378954 0.03908002
v 0.0115 0.03437974 0.03881645
v 0.0115 0.03500916 0.03866934
v 0.0115 0.03565505 0.038644
v 0.0115 0.03629405 0.03874135
v 0.0115 0.03690309 0.03895788
v 0.0115 0.03746014 0.03928576
v 0.0115 0.03794507 0.03971313
v 0.0115 0.03834036 0.04022456
v 0.0115 0.03863172 0.04080155
v 0.0115 0.03880861 0.04142325
v 0.0115 0.03886465 0.0420672
v 0.0115 0.03879781 0.04271012
v 0.0115 0.03861051 0.04332877
v 0.0115 0.03830951 0.04390079
v 0.0115 0.03790569 0.04440551
v 0.0115 0.03741366 0.04482468
v 0.0115 0.03685118 0.04514316
v 0.0115 0.0362386 0.04534944
v 0.0115 0.03559805 0.04543606
v 0.0115 0.03495268 0.04539989
v 0.0115 0.03432582 0.04524223
v 0.0115 0.03374013 0.04496879
v 0.0115 0.03321676 0.04458944
v 0.0115 0.03277465 0.04411791
v 0.0115 0.03242977 0.04357123
v 0.0088 0.03761296 0.04086062
v 0.0088 0.03729696 0.04041214
v 0.0088 0.03688909 0.04004522
v 0.0088 0.0364098 0.03977826
v 0.0088 0.03588311 0.03962465
v 0.0088 0.03533546 0.03959209
v 0.0088 0.03479428 0.0396822
v 0.0088 0.03428673 0.03989048
v 0.0088 0.03383825 0.04020648
v 0.0088 0.03347133 0.04061436
v 0.0088 0.03320437 0.04109365
v 0.0088 0.03305075 0.04162033
v 0.0088 0.03301819 0.04216799
v 0.0088 0.03310831 0.04270916
v 0.0088 0.03331659 0.04321672
v 0.0088 0.03363259 0.0436652
v 0.0088 0.03404046 0.04403212
v 0.0088 0.03451975 0.04429908
v 0.0088 0.03504644 0.04445269
v 0.0088 0.03559409 0.04448526
v 0.0088 0.03613527 0.04439514
v 0.0088 0.03664282 0.04418686
v 0.0088 0.0370913 0.04387086
v 0.0088 0.03745822 0.04346298
v 0.0088 0.03772518 0.04298369
v 0.0088 0.03787879 0.04245701
v 0.0088 0.03791136 0.04190935
v 0.0088 0.03782124 0.04136818
v 0.0115 0.03274653 0.04574962
v 0.0115 0.03217281 0.0452516
v 0.0115 0.03168887 0.04466594
v 0.0115 0.03130794 0.04400862
v 0.0115 0.03104039 0.04329756
v 0.0115 0.03089352 0.04255216
v 0.0115 0.03087135 0.04179275
v 0.0115 0.03097448 0.04104005
v 0.0115 0.03120009 0.04031459
v 0.0115 0.03154203 0.03963616
v 0.0115 0.03199097 0.03902327
v 0.0115 0.03253466 0.03849262
v 0.0115 0.03315829 0.03805871
v 0.0115 0.03384482 0.03773335
v 0.0115 0.03777126 0.04601863
v 0.0115 0.03708472 0.04634399
v 0.0115 0.036354 0.04655191
v 0.0115 0.03559902 0.04663671
v 0.0115 0.03484037 0.04659609
v 0.0115 0.03409876 0.04643117
v 0.0115 0.03339441 0.04614642
v 0.0115 0.03988916 0.04077978
v 0.0115 0.04003603 0.04152519
v 0.0115 0.0400582 0.04228459
v 0.0115 0.03995507 0.04303729
v 0.0115 0.03972946 0.04376275
v 0.0115 0.03938752 0.04444118
v 0.0115 0.03893858 0.04505407
v 0.0115 0.03839488 0.04558472
v 0.0115 0.03457555 0.03752544
v 0.0115 0.03533053 0.03744063
v 0.0115 0.03608917 0.03748124
v 0.0115 0.03683079 0.03764617
v 0.0115 0.03753514 0.03793092
v 0.0115 0.03818301 0.03832772
v 0.0115 0.03875674 0.03882574
v 0.0115 0.03924068 0.0394114
v 0.0115 0.03962161 0.04006872
v 0.0088 0.0387189 0.0430239
v 0.0088 0.03884655 0.04239025
v 0.0088 0.03885197 0.04174389
v 0.0088 0.03873497 0.04110819
v 0.0088 0.03849978 0.04050611
v 0.0088 0.0352745 0.04543334
v 0.0088 0.03592039 0.04540801
v 0.0088 0.0365498 0.04526089
v 0.0088 0.03714 0.04499732
v 0.0088 0.03766966 0.04462681
v 0.0088 0.03811963 0.04416277
v 0.0088 0.03847364 0.04362195
v 0.0088 0.0381549 0.03995943
v 0.0088 0.03771279 0.03948789
v 0.0088 0.03718942 0.03910855
v 0.0088 0.03660373 0.03883511
v 0.0088 0.03597687 0.03867746
v 0.0088 0.0353315 0.03864129
v 0.0088 0.03469095 0.0387279
v 0.0088 0.03212094 0.04265409
v 0.0088 0.03229783 0.04327579
v 0.0088 0.03258919 0.04385278
v 0.0088 0.03298448 0.04436421
v 0.0088 0.03346941 0.04479158
v 0.0088 0.03402646 0.04511946
v 0.0088 0.0346355 0.04533599
v 0.0088 0.03407837 0.03893418
v 0.0088 0.03351589 0.03925266
v 0.0088 0.03302385 0.03967183
v 0.0088 0.03262004 0.04017656
v 0.0088 0.03231904 0.04074857
v 0.0088 0.03213174 0.04136722
v 0.0088 0.03206489 0.04201014
v 0.0109 0.03988916 0.04077978
v 0.0109 0.03962161 0.04006872
v 0.0109 0.03924068 0.0394114
v 0.0109 0.03875674 0.03882574
v 0.0109 0.03818301 0.03832772
v 0.0109 0.03753514 0.03793092
v 0.0109 0.03683079 0.03764617
v 0.0109 0.03608917 0.03748124
v 0.0109 0.03533053 0.03744063
v 0.0109 0.03457555 0.03752544
v 0.0109 0.03384482 0.03773335
v 0.0109 0.03315829 0.03805871
v 0.0109 0.03253466 0.03849262
v 0.0109 0.03199097 0.03902327
v 0.0109 0.03154203 0.03963616
v 0.0109 0.03120009 0.04031459
v 0.0109 0.03097448 0.04104005
v 0.0109 0.03087135 0.04179275
v 0.0109 0.03089352 0.04255216
v 0.0109 0.03104039 0.04329756
v 0.0109 0.03130794 0.04400862
v 0.0109 0.03168887 0.04466594
v 0.0109 0.03217281 0.0452516
v 0.0109 0.03274653 0.04574962
v 0.0109 0.03339441 0.04614642
v 0.0109 0.03409876 0.04643117
v 0.0109 0.03484037 0.04659609
v 0.0109 0.03559902 0.04663671
v 0.0109 0.036354 0.04655191
v 0.0109 0.03708472 0.04634399
v 0.0109 0.03777126 0.04601863
v 0.0109 0.03839488 0.04558472
v 0.0109 0.03893858 0.04505407
v 0.0109 0.03938752 0.04444118
v 0.0109 0.03972946 0.04376275
v 0.0109 0.03995507 0.04303729
v 0.0109 0.0400582 0.04228459
v 0.0109 0.04003603 0.04152519
v 0.0085 0.03873497 0.04110819
v 0.0085 0.03849978 0.04050611
v 0.0085 0.0381549 0.03995943
v 0.0085 0.03771279 0.03948789
v 0.0085 0.03718942 0.03910855
v 0.0085 0.03660373 0.03883511
v 0.0085 0.03597687 0.03867746
v 0.0085 0.0353315 0.03864129
v 0.0085 0.03469095 0.0387279
v 0.0085 0.03407837 0.03893418
v 0.0085 0.03351589 0.03925266
v 0.0085 0.03302385 0.03967183
v 0.0085 0.03262004 0.04017656
v 0.0085 0.03231904 0.04074857
v 0.0085 0.03213174 0.04136722
v 0.0085 0.03206489 0.04201014
v 0.0085 0.03212094 0.04265409
v 0.0085 0.03229783 0.04327579
v 0.0085 0.03258919 0.04385278
v 0.0085 0.03298448 0.04436421
v 0.0085 0.03346941 0.04479158
v 0.0085 0.03402646 0.04511946
v 0.0085 0.0346355 0.04533599
v 0.0085 0.0352745 0.04543334
v 0.0085 0.03592039 0.04540801
v 0.0085 0.0365498 0.04526089
v 0.0085 0.03714 0.04499732
v 0.0085 0.03766966 0.04462681
v 0.0085 0.03811963 0.04416277
v 0.0085 0.03847364 0.04362195
v 0.0085 0.0387189 0.0430239
v 0.0085 0.03884655 0.04239025
v 0.0085 0.03885197 0.04174389
v 0.0109 0.03437009 0.03819138
v 0.0109 0.03371865 0.03843991
v 0.0109 0.03312026 0.0387978
v 0.0109 0.0325931 0.03925416
v 0.0109 0.0321532 0.03979512
v 0.0109 0.03181393 0.04040425
v 0.0109 0.03158558 0.04106305
v 0.0109 0.0314751 0.04175149
v 0.0109 0.03148584 0.04244865
v 0.0109 0.03161748 0.04313336
v 0.0109 0.03186602 0.0437848
v 0.0109 0.03222391 0.04438319
v 0.0109 0.03268026 0.04491034
v 0.0109 0.03322123 0.04535024
v 0.0109 0.03383036 0.04568952
v 0.0109 0.03448915 0.04591786
v 0.0109 0.03517759 0.04602835
v 0.0109 0.03587475 0.04601761
v 0.0109 0.03655946 0.04588597
v 0.0109 0.0372109 0.04563743
v 0.0109 0.03780929 0.04527954
v 0.0109 0.03833644 0.04482318
v 0.0109 0.03877634 0.04428222
v 0.0109 0.03911562 0.04367309
v 0.0109 0.03934397 0.04301429
v 0.0109 0.03945445 0.04232585
v 0.0109 0.03944371 0.04162869
v 0.0109 0.03931207 0.04094399
v 0.0109 0.03906353 0.04029254
v 0.0109 0.03870564 0.03969415
v 0.0109 0.03824929 0.039167
v 0.0109 0.03770832 0.0387271
v 0.0109 0.03709919 0.03838782
v 0.0109 0.0364404 0.03815947
v 0.0109 0.03575196 0.03804899
v 0.0109 0.0350548 0.03805974
v 0.0085 0.03877634 0.04428222
v 0.0085 0.03911562 0.04367309
v 0.0085 0.03934397 0.04301429
v 0.0085 0.03945445 0.04232585
v 0.0085 0.03944371 0.04162869
v 0.0085 0.03931207 0.04094399
v 0.0085 0.03906353 0.04029254
v 0.0085 0.03870564 0.03969415
v 0.0085 0.03824929 0.039167
v 0.0085 0.03770832 0.0387271
v 0.0085 0.03709919 0.03838782
v 0.0085 0.03186602 0.0437848
v 0.0085 0.03222391 0.04438319
v 0.0085 0.03268026 0.04491034
v 0.0085 0.03322123 0.04535024
v 0.0085 0.03383036 0.04568952
v 0.0085 0.03448915 0.04591786
v 0.0085 0.03517759 0.04602835
v 0.0085 0.03587475 0.04601761
v 0.0085 0.03655946 0.04588597
v 0.0085 0.0372109 0.04563743
v 0.0085 0.03780929 0.04527954
v 0.0085 0.03833644 0.04482318
v 0.0085 0.0364404 0.03815947
v 0.0085 0.03575196 0.03804899
v 0.0085 0.0350548 0.03805974
v 0.0085 0.03437009 0.03819138
v 0.0085 0.03371865 0.03843991
v 0.0085 0.03312026 0.0387978
v 0.0085 0.0325931 0.03925416
v 0.0085 0.0321532 0.03979512
v 0.0085 0.03181393 0.04040425
v 0.0085 0.03158558 0.04106305
v 0.0085 0.0314751 0.04175149
v 0.0085 0.03148584 0.04244865
v 0.0085 0.03161748 0.04313336
v -0.01 0.02382981 0.0235945
v -0.012 0.02382981 0.0235945
v -0.01 0.0242439 0.02299976
v -0.012 0.0242439 0.02299976
v -0.01 0.02430515 0.02227766
v -0.012 0.02430515 0.02227766
v -0.01 0.02399714 0.02162168
v -0.012 0.02399714 0.02162168
v -0.01 0.02340241 0.02120759
v -0.012 0.02340241 0.02120759
v -0.01 0.02268031 0.02114634
v -0.012 0.02268031 0.02114634
v -0.01 0.02202433 0.02145435
v -0.012 0.02202433 0.02145435
v -0.01 0.02161024 0.02204908
v -0.012 0.02161024 0.02204908
v -0.01 0.02154899 0.02277118
v -0.012 0.02154899 0.02277118
v -0.01 0.02185699 0.02342716
v -0.012 0.02185699 0.02342716
v -0.01 0.02245173 0.02384125
v -0.012 0.02245173 0.02384125
v -0.01 0.02317383 0.0239025
v -0.012 0.02317383 0.0239025
v -0.01 0.01924377 0.02746338
v -0.012 0.01924377 0.02746338
v -0.01 0.01965787 0.02686865
v -0.012 0.01965787 0.02686865
v -0.01 0.01971911 0.02614655
v -0.012 0.01971911 0.02614655
v -0.01 0.01941111 0.02549057
v -0.012 0.01941111 0.02549057
v -0.01 0.01881637 0.02507647
v -0.012 0.01881637 0.02507647
v -0.01 0.01809427 0.02501522
v -0.012 0.01809427 0.02501522
v -0.01 0.01743829 0.02532323
v -0.012 0.01743829 0.02532323
v -0.01 0.0170242 0.02591796
v -0.012 0.0170242 0.02591796
v -0.01 0.01696295 0.02664006
v -0.012 0.01696295 0.02664006
v -0.01 0.01727096 0.02729604
v -0.012 0.01727096 0.02729604
v -0.01 0.01786569 0.02771014
v -0.012 0.01786569 0.02771014
v -0.01 0.01858779 0.02777139
v -0.012 0.01858779 0.02777139
v -0.0135 0.03087874 0.04590755
v -0.0085 0.03087874 0.04590755
v -0.0085 0.03229874 0.04713536
v -0.0135 0.03229874 0.04713536
v -0.0085 0.03402866 0.04786427
v -0.0135 0.03402866 0.04786427
v -0.0085 0.03589916 0.04802293
v -0.0135 0.03589916 0.04802293
v -0.0085 0.03772714 0.0475958
v -0.0135 0.03772714 0.0475958
v -0.0085 0.03933366 0.04662471
v -0.0135 0.03933366 0.04662471
v -0.0085 0.04056147 0.0452047
v -0.0135 0.04056147 0.0452047
v -0.0085 0.04129037 0.04347478
v -0.0135 0.04129037 0.04347478
v -0.0135 0.04139176 0.04227941
v -0.0085 0.04144903 0.04160428
v -0.0135 0.04144903 0.04160428
v -0.0085 0.04102191 0.03977631
v -0.0135 0.04102191 0.03977631
v -0.0085 0.04005081 0.03816979
v -0.0135 0.04005081 0.03816979
v -0.0109 0.03477194 0.03733947
v -0.0109 0.03312118 0.03790708
v -0.0109 0.03288552 0.03898131
v -0.0109 0.03178693 0.03903268
v -0.0109 0.03191185 0.04020108
v -0.0109 0.0309494 0.04056425
v -0.0109 0.03147909 0.0417006
v -0.0109 0.03072169 0.04229496
v -0.0109 0.03165311 0.04325159
v -0.0109 0.03113456 0.04399105
v -0.0109 0.03240742 0.04461792
v -0.0109 0.03213225 0.04542346
v -0.0109 0.03362718 0.04559159
v -0.0109 0.03358002 0.04639874
v -0.0109 0.0351267 0.04602436
v -0.0109 0.03528233 0.04678516
v -0.0109 0.0366777 0.04585034
v -0.0109 0.03700928 0.04653055
v -0.0109 0.03804403 0.04509603
v -0.0109 0.03852764 0.04566928
v -0.0109 0.0390177 0.04387626
v -0.0109 0.03963234 0.04431768
v -0.0109 0.03945046 0.04237674
v -0.0109 0.04017419 0.04265828
v -0.0109 0.03927644 0.04082575
v -0.0109 0.04008 0.04091521
v -0.0109 0.03852213 0.03945941
v -0.0109 0.03936251 0.03932386
v -0.0109 0.03730237 0.03848575
v -0.0109 0.0381186 0.03809916
v -0.0109 0.03580284 0.03805298
v -0.0109 0.03651628 0.03740652
v -0.0109 0.03425185 0.038227
v -0.0135 0.0398953 0.04050556
v -0.0135 0.03936251 0.03932386
v -0.0135 0.0381186 0.03809916
v -0.0135 0.03771977 0.03792676
v -0.0135 0.03651628 0.03740652
v -0.0135 0.03477194 0.03733947
v -0.0135 0.03312118 0.03790708
v -0.0135 0.03178693 0.03903268
v -0.0135 0.0309494 0.04056425
v -0.0135 0.03072169 0.04229496
v -0.0135 0.03113456 0.04399105
v -0.0135 0.03213225 0.04542346
v -0.0135 0.03358002 0.04639874
v -0.0135 0.03528233 0.04678516
v -0.0135 0.03700928 0.04653055
v -0.0135 0.03852764 0.04566928
v -0.0135 0.03963234 0.04431768
v -0.0135 0.04017419 0.04265828
v -0.0135 0.04008 0.04091521
v -0.0085 0.03804403 0.04509603
v -0.0085 0.0390177 0.04387626
v -0.0085 0.03945046 0.04237674
v -0.0085 0.03927644 0.04082575
v -0.0085 0.03852213 0.03945941
v -0.0085 0.03730237 0.03848575
v -0.0085 0.03580284 0.03805298
v -0.0085 0.03425185 0.038227
v -0.0085 0.03288552 0.03898131
v -0.0085 0.03191185 0.04020108
v -0.0085 0.03147909 0.0417006
v -0.0085 0.03165311 0.04325159
v -0.0085 0.03240742 0.04461792
v -0.0085 0.03362718 0.04559159
v -0.0085 0.0351267 0.04602436
v -0.0085 0.0366777 0.04585034
v -0.0085 0.02715453 0.022883
v -0.0085 0.01798245 0.03062076
v -0.0135 0.00886619 0.01050967
v -0.0135 0.00945189 0.01023466
v -0.0135 0.00381167 -0.00121292
v -0.0135 0.01009662 0.01028935
v -0.0135 0.00257926 0.00305736
v -0.0135 0.00849647 0.01104068
v -0.0135 0.00355292 0.00183759
v -0.0135 0.00398569 0.00033807
v -0.0135 0.01062764 0.01065907
v -0.0135 0.01090264 0.01124477
v -0.0135 0.01817471 0.01475875
v -0.0135 0.01084796 0.01188951
v -0.0135 0.01047823 0.01242052
v -0.0135 0.00989253 0.01269552
v -0.0135 0.01024469 0.02144869
v -0.0135 0.0092478 0.01264084
v -0.0135 0.00871679 0.01227111
v -0.0135 -0.00458604 0.00386888
v -0.0135 -0.00033807 0.00398569
v -0.0135 0.00033807 -0.00398569
v -0.0135 0.00076098 -0.00588286
v -0.0135 -0.00043439 -0.00598425
v -0.0135 0.00121292 0.00381167
v -0.0135 0.00844178 0.01168541
v -0.0135 -0.00183759 0.00355292
v -0.0135 -0.00305736 0.00257926
v -0.0135 -0.00555713 0.00226237
v -0.0135 -0.00381167 0.00121292
v -0.0135 -0.00598426 0.00043439
v -0.0135 -0.00398569 -0.00033807
v -0.0135 -0.00121292 -0.00381167
v -0.0135 -0.00226237 -0.00555713
v -0.0135 -0.00257926 -0.00305736
v -0.0135 -0.00386888 -0.00458604
v -0.0135 -0.00355292 -0.00183759
v -0.0135 -0.00509669 -0.00316603
v -0.0135 -0.0058256 -0.00143611
v -0.0135 0.00183759 -0.00355292
v -0.0135 0.00305736 -0.00257926
v -0.0135 0.01941676 0.01371092
v -0.0135 0.00458604 -0.00386888
v -0.0135 0.00143611 -0.0058256
v -0.0135 0.00316603 -0.00509669
v -0.0135 0.02514184 0.02212784
v -0.0135 0.02464683 0.02107359
v -0.0135 0.01662127 0.02784414
v -0.0135 0.01612626 0.02678988
v -0.0135 0.01622469 0.02562936
v -0.0135 0.02081073 0.02176048
v -0.0135 0.02147624 0.02080466
v -0.0135 0.02253049 0.02030965
v -0.0135 0.02288278 0.02033953
v -0.0135 0.02369101 0.02040808
v -0.0135 0.02504341 0.02328836
v -0.0135 0.0243779 0.02424418
v -0.0135 0.02507329 0.02293608
v -0.0135 0.02055581 0.02599673
v -0.0135 0.02045737 0.02715725
v -0.0135 0.01979186 0.02811307
v -0.0135 0.01873761 0.02860808
v -0.0135 0.01757709 0.02850964
v -0.0135 0.0168902 0.02467354
v -0.0135 0.02071229 0.022921
v -0.0135 0.01910498 0.02427697
v -0.0135 0.01794446 0.02417853
v -0.0135 0.02332364 0.02473919
v -0.0135 0.0212073 0.02397525
v -0.0135 0.0200608 0.02494247
v -0.0135 0.02216312 0.02464076
v -0.01 0.00871679 0.01227111
v -0.01 0.0092478 0.01264084
v -0.01 0.00989253 0.01269552
v -0.01 -0.00458604 0.00386888
v -0.01 0.01798245 0.03062076
v -0.01 0.00844178 0.01168541
v -0.01 -0.00018244 0.0047465
v -0.01 0.00849647 0.01104068
v -0.01 0.00154451 0.00449188
v -0.01 0.00886619 0.01050967
v -0.01 0.01047823 0.01242052
v -0.01 0.01084796 0.01188951
v -0.01 0.01090264 0.01124477
v -0.01 -0.00333252 0.00338479
v -0.01 -0.00188475 0.00436007
v -0.01 0.02715453 0.022883
v -0.01 -0.00433021 0.00195238
v -0.01 -0.00555713 0.00226237
v -0.01 -0.00474308 0.00025629
v -0.01 -0.00598426 0.00043439
v -0.01 -0.00451537 -0.00147442
v -0.01 -0.0058256 -0.00143611
v -0.01 -0.00367784 -0.00300599
v -0.01 -0.00509669 -0.00316603
v -0.01 -0.00234359 -0.00413159
v -0.01 0.00306287 0.00363061
v -0.01 0.00416757 0.00227901
v -0.01 0.00945189 0.01023466
v -0.01 0.00470941 0.00061962
v -0.01 0.01009662 0.01028935
v -0.01 0.01062764 0.01065907
v -0.01 0.00458604 -0.00386888
v -0.01 -0.00386888 -0.00458604
v -0.01 -0.00226237 -0.00555713
v -0.01 -0.00069283 -0.0046992
v -0.01 -0.00043439 -0.00598425
v -0.01 0.0010515 -0.00463215
v -0.01 0.00143611 -0.0058256
v -0.01 0.00265382 -0.00393951
v -0.01 0.00316603 -0.00509669
v -0.01 0.00389773 -0.00271481
v -0.01 0.00461523 -0.00112346
v -0.0111 0.00257926 0.00305736
v -0.0111 0.00121292 0.00381167
v -0.0111 -0.00033807 0.00398569
v -0.0111 -0.00183759 0.00355292
v -0.0111 -0.00305736 0.00257926
v -0.0111 -0.00381167 0.00121292
v -0.0111 -0.00398569 -0.00033807
v -0.0111 -0.00355292 -0.00183759
v -0.0111 -0.00257926 -0.00305736
v -0.0111 -0.00121292 -0.00381167
v -0.0111 0.00033807 -0.00398569
v -0.0111 0.00183759 -0.00355292
v -0.0111 0.00305736 -0.00257926
v -0.0111 0.00381167 -0.00121292
v -0.0111 0.00398569 0.00033807
v -0.0111 0.00355292 0.00183759
v -0.0111 0.00306287 0.00363061
v -0.0111 0.00154451 0.00449188
v -0.0111 -0.00018244 0.0047465
v -0.0111 -0.00188475 0.00436007
v -0.0111 -0.00333252 0.00338479
v -0.0111 -0.00433021 0.00195238
v -0.0111 -0.00474308 0.00025629
v -0.0111 -0.00451537 -0.00147442
v -0.0111 -0.00367784 -0.00300599
v -0.0111 -0.00234359 -0.00413159
v -0.0111 -0.00069283 -0.0046992
v -0.0111 0.0010515 -0.00463215
v -0.0111 0.00265382 -0.00393951
v -0.0111 0.00389773 -0.00271481
v -0.0111 0.00461523 -0.00112346
v -0.0111 0.00470941 0.00061962
v -0.0111 0.00416757 0.00227901
v -0.012 0.01910498 0.02427697
v -0.012 0.01794446 0.02417853
v -0.012 0.0168902 0.02467354
v -0.012 0.01622469 0.02562936
v -0.012 0.01612626 0.02678988
v -0.012 0.01662127 0.02784414
v -0.012 0.01757709 0.02850964
v -0.012 0.01873761 0.02860808
v -0.012 0.01979186 0.02811307
v -0.012 0.02045737 0.02715725
v -0.012 0.02055581 0.02599673
v -0.012 0.0200608 0.02494247
v -0.012 0.02514184 0.02212784
v -0.012 0.02464683 0.02107359
v -0.012 0.02369101 0.02040808
v -0.012 0.02253049 0.02030965
v -0.012 0.02147624 0.02080466
v -0.012 0.02081073 0.02176048
v -0.012 0.02071229 0.022921
v -0.012 0.0212073 0.02397525
v -0.012 0.02216312 0.02464076
v -0.012 0.02332364 0.02473919
v -0.012 0.0243779 0.02424418
v -0.012 0.02504341 0.02328836
v -0.0115 0.03731711 0.04128444
v -0.0115 0.03761088 0.04085685
v -0.0115 0.03707134 0.04084748
v -0.0115 0.0372941 0.04040892
v -0.0115 0.03672463 0.04048537
v -0.0115 0.03688558 0.04004272
v -0.0115 0.03629876 0.04022085
v -0.0115 0.03640582 0.0397766
v -0.0115 0.03582049 0.04007056
v -0.0115 0.03587887 0.03962392
v -0.0115 0.03531986 0.04004393
v -0.0115 0.03533115 0.03959232
v -0.0115 0.03482835 0.04014263
v -0.0115 0.03479014 0.03968339
v -0.0115 0.03437681 0.04036047
v -0.0115 0.03428295 0.03989256
v -0.0115 0.03399364 0.04068376
v -0.0115 0.03535853 0.04403585
v -0.0115 0.0355984 0.04448503
v -0.0115 0.03585855 0.04399952
v -0.0115 0.03613941 0.04439396
v -0.0115 0.03633382 0.04383999
v -0.0115 0.0366466 0.04418478
v -0.0115 0.03675449 0.04356728
v -0.0115 0.03709452 0.04386799
v -0.0115 0.03709412 0.04319851
v -0.0115 0.03746072 0.04345948
v -0.0115 0.03733137 0.04275687
v -0.0115 0.03772684 0.04297971
v -0.0115 0.03745134 0.04227011
v -0.0115 0.03787953 0.04245276
v -0.0115 0.03744648 0.0417688
v -0.0115 0.03791113 0.04190505
v -0.0115 0.03782006 0.04136403
v -0.0115 0.03383503 0.04020935
v -0.0115 0.03346883 0.04061786
v -0.0115 0.03370291 0.04109218
v -0.0115 0.03320271 0.04109763
v -0.0115 0.03352288 0.04156008
v -0.0115 0.03305002 0.04162458
v -0.0115 0.03346487 0.04205804
v -0.0115 0.03301842 0.04217229
v -0.0115 0.03353252 0.04255479
v -0.0115 0.03310949 0.04271331
v -0.0115 0.03372158 0.04301911
v -0.0115 0.03331866 0.04322049
v -0.0115 0.03402017 0.04342182
v -0.0115 0.03363545 0.04366842
v -0.0115 0.03440953 0.04373763
v -0.0115 0.03404397 0.04403462
v -0.0115 0.03486519 0.04394668
v -0.0115 0.03452373 0.04430073
v -0.0115 0.03505068 0.04445342
v -0.0112 0.03320271 0.04109763
v -0.0112 0.03305002 0.04162458
v -0.0112 0.03301842 0.04217229
v -0.0112 0.03310949 0.04271331
v -0.0112 0.03331866 0.04322049
v -0.0112 0.03363545 0.04366842
v -0.0112 0.03404397 0.04403462
v -0.0112 0.03452373 0.04430073
v -0.0112 0.03505068 0.04445342
v -0.0112 0.0355984 0.04448503
v -0.0112 0.03613941 0.04439396
v -0.0112 0.0366466 0.04418478
v -0.0112 0.03709452 0.04386799
v -0.0112 0.03746072 0.04345948
v -0.0112 0.03772684 0.04297971
v -0.0112 0.03787953 0.04245276
v -0.0112 0.03791113 0.04190505
v -0.0112 0.03782006 0.04136403
v -0.0112 0.03761088 0.04085685
v -0.0112 0.0372941 0.04040892
v -0.0112 0.03688558 0.04004272
v -0.0112 0.03640582 0.0397766
v -0.0112 0.03587887 0.03962392
v -0.0112 0.03533115 0.03959232
v -0.0112 0.03479014 0.03968339
v -0.0112 0.03428295 0.03989256
v -0.0112 0.03383503 0.04020935
v -0.0112 0.03346883 0.04061786
v -0.0085 0.03709412 0.04319851
v -0.0085 0.03675449 0.04356728
v -0.0085 0.03633382 0.04383999
v -0.0085 0.03585855 0.04399952
v -0.0085 0.03535853 0.04403585
v -0.0085 0.03486519 0.04394668
v -0.0085 0.03440953 0.04373763
v -0.0085 0.03402017 0.04342182
v -0.0085 0.03372158 0.04301911
v -0.0085 0.03353252 0.04255479
v -0.0085 0.03346487 0.04205804
v -0.0085 0.03352288 0.04156008
v -0.0085 0.03370291 0.04109218
v -0.0085 0.03399364 0.04068376
v -0.0085 0.03437681 0.04036047
v -0.0085 0.03482835 0.04014263
v -0.0085 0.03531986 0.04004393
v -0.0085 0.03582049 0.04007056
v -0.0085 0.03629876 0.04022085
v -0.0085 0.03672463 0.04048537
v -0.0085 0.03707134 0.04084748
v -0.0085 0.03731711 0.04128444
v -0.0085 0.03744648 0.0417688
v -0.0085 0.03745134 0.04227011
v -0.0085 0.03733137 0.04275687
v -0.0112 0.0342006 0.03888243
v -0.0112 0.03362612 0.03917871
v -0.0112 0.0331181 0.03957837
v -0.0112 0.03269489 0.04006694
v -0.0112 0.03237179 0.04062678
v -0.0112 0.038234 0.04006601
v -0.0112 0.03781063 0.03957758
v -0.0112 0.03730248 0.0391781
v -0.0112 0.0367279 0.03888201
v -0.0112 0.03610767 0.03870001
v -0.0112 0.03546421 0.03863867
v -0.0112 0.03482077 0.03870022
v -0.0112 0.03216048 0.04123764
v -0.0112 0.0320686 0.04187746
v -0.0112 0.03209946 0.0425231
v -0.0112 0.03225196 0.04315124
v -0.0112 0.03252057 0.04373916
v -0.0112 0.03289559 0.04426562
v -0.0112 0.03336348 0.0447116
v -0.0112 0.03803469 0.04426477
v -0.0112 0.03840954 0.04373818
v -0.0112 0.03867796 0.04315016
v -0.0112 0.03883025 0.04252198
v -0.0112 0.03886089 0.04187633
v -0.0112 0.0387688 0.04123654
v -0.0112 0.03855729 0.04062574
v -0.0112 0.03390731 0.04506097
v -0.0112 0.03450743 0.04530111
v -0.0112 0.03514215 0.04542333
v -0.0112 0.03578853 0.04542322
v -0.0112 0.03642321 0.04530079
v -0.0112 0.03702325 0.04506045
v -0.0112 0.03756696 0.0447109
v -0.0085 0.03383503 0.04020935
v -0.0085 0.03428295 0.03989256
v -0.0085 0.03479014 0.03968339
v -0.0085 0.03533115 0.03959232
v -0.0085 0.03587887 0.03962392
v -0.0085 0.03640582 0.0397766
v -0.0085 0.03688558 0.04004272
v -0.0085 0.0372941 0.04040892
v -0.0085 0.03505068 0.04445342
v -0.0085 0.03452373 0.04430073
v -0.0085 0.03404397 0.04403462
v -0.0085 0.03363545 0.04366842
v -0.0085 0.03331866 0.04322049
v -0.0085 0.03310949 0.04271331
v -0.0085 0.03301842 0.04217229
v -0.0085 0.03305002 0.04162458
v -0.0085 0.03320271 0.04109763
v -0.0085 0.03346883 0.04061786
v -0.0085 0.03761088 0.04085685
v -0.0085 0.03782006 0.04136403
v -0.0085 0.03791113 0.04190505
v -0.0085 0.03787953 0.04245276
v -0.0085 0.03772684 0.04297971
v -0.0085 0.03746072 0.04345948
v -0.0085 0.03709452 0.04386799
v -0.0085 0.0366466 0.04418478
v -0.0085 0.03613941 0.04439396
v -0.0085 0.0355984 0.04448503
v -0.0115 0.03269489 0.04006694
v -0.0115 0.03237179 0.04062678
v -0.0115 0.03216048 0.04123764
v -0.0115 0.0320686 0.04187746
v -0.0115 0.03209946 0.0425231
v -0.0115 0.03225196 0.04315124
v -0.0115 0.03252057 0.04373916
v -0.0115 0.03289559 0.04426562
v -0.0115 0.03336348 0.0447116
v -0.0115 0.03390731 0.04506097
v -0.0115 0.03450743 0.04530111
v -0.0115 0.03514215 0.04542333
v -0.0115 0.03578853 0.04542322
v -0.0115 0.03642321 0.04530079
v -0.0115 0.03702325 0.04506045
v -0.0115 0.03756696 0.0447109
v -0.0115 0.03803469 0.04426477
v -0.0115 0.03840954 0.04373818
v -0.0115 0.03867796 0.04315016
v -0.0115 0.03883025 0.04252198
v -0.0115 0.03886089 0.04187633
v -0.0115 0.0387688 0.04123654
v -0.0115 0.03855729 0.04062574
v -0.0115 0.038234 0.04006601
v -0.0115 0.03781063 0.03957758
v -0.0115 0.03730248 0.0391781
v -0.0115 0.0367279 0.03888201
v -0.0115 0.03610767 0.03870001
v -0.0115 0.03546421 0.03863867
v -0.0115 0.03482077 0.03870022
v -0.0115 0.0342006 0.03888243
v -0.0115 0.03362612 0.03917871
v -0.0115 0.0331181 0.03957837
v -0.0088 0.03709452 0.04386799
v -0.0088 0.0366466 0.04418478
v -0.0088 0.03613941 0.04439396
v -0.0088 0.0355984 0.04448503
v -0.0088 0.03505068 0.04445342
v -0.0088 0.03452373 0.04430073
v -0.0088 0.03404397 0.04403462
v -0.0088 0.03363545 0.04366842
v -0.0088 0.03331866 0.04322049
v -0.0088 0.03310949 0.04271331
v -0.0088 0.03301842 0.04217229
v -0.0088 0.03305002 0.04162458
v -0.0088 0.03320271 0.04109763
v -0.0088 0.03346883 0.04061786
v -0.0088 0.03383503 0.04020935
v -0.0088 0.03428295 0.03989256
v -0.0088 0.03479014 0.03968339
v -0.0088 0.03533115 0.03959232
v -0.0088 0.03587887 0.03962392
v -0.0088 0.03640582 0.0397766
v -0.0088 0.03688558 0.04004272
v -0.0088 0.0372941 0.04040892
v -0.0088 0.03761088 0.04085685
v -0.0088 0.03782006 0.04136403
v -0.0088 0.03791113 0.04190505
v -0.0088 0.03787953 0.04245276
v -0.0088 0.03772684 0.04297971
v -0.0088 0.03746072 0.04345948
v -0.0115 0.03414597 0.03763177
v -0.0115 0.03343861 0.03790894
v -0.0115 0.03278651 0.03829876
v -0.0115 0.03220747 0.0387906
v -0.0115 0.03171728 0.03937103
v -0.0115 0.03132931 0.04002423
v -0.0115 0.03105415 0.04073238
v -0.0115 0.0308993 0.04147616
v -0.0115 0.03086898 0.04223529
v -0.0115 0.03096402 0.04298905
v -0.0115 0.03118183 0.04371689
v -0.0115 0.03151647 0.04439895
v -0.0115 0.03195881 0.04501662
v -0.0115 0.03249678 0.04555307
v -0.0115 0.03897074 0.03906072
v -0.0115 0.03843277 0.03852427
v -0.0115 0.03781383 0.03808368
v -0.0115 0.03713083 0.03775098
v -0.0115 0.03640237 0.03753524
v -0.0115 0.03564835 0.03744233
v -0.0115 0.03488931 0.03747481
v -0.0115 0.03921227 0.04470631
v -0.0115 0.03960023 0.04405311
v -0.0115 0.0398754 0.04334496
v -0.0115 0.04003025 0.04260118
v -0.0115 0.04006057 0.04184205
v -0.0115 0.03996553 0.04108829
v -0.0115 0.03974771 0.04036045
v -0.0115 0.03941308 0.03967839
v -0.0115 0.03311571 0.04599366
v -0.0115 0.03379872 0.04632636
v -0.0115 0.03452718 0.0465421
v -0.0115 0.0352812 0.04663501
v -0.0115 0.03604024 0.04660253
v -0.0115 0.03678358 0.04644557
v -0.0115 0.03749094 0.0461684
v -0.0115 0.03814304 0.04577858
v -0.0115 0.03872208 0.04528674
v -0.0088 0.03886095 0.04219988
v -0.0088 0.03876907 0.0428397
v -0.0088 0.03855776 0.04345057
v -0.0088 0.03823466 0.0440104
v -0.0088 0.03781145 0.04449898
v -0.0088 0.03642212 0.03877623
v -0.0088 0.03702224 0.03901637
v -0.0088 0.03756607 0.03936574
v -0.0088 0.03803395 0.03981172
v -0.0088 0.03840898 0.04033818
v -0.0088 0.03867759 0.0409261
v -0.0088 0.03883009 0.04155424
v -0.0088 0.03730343 0.04489863
v -0.0088 0.03672895 0.04519491
v -0.0088 0.03610878 0.04537712
v -0.0088 0.03546534 0.04543867
v -0.0088 0.03482188 0.04537734
v -0.0088 0.03420165 0.04519533
v -0.0088 0.03362707 0.04489924
v -0.0088 0.03252 0.04033916
v -0.0088 0.03289485 0.03981257
v -0.0088 0.03336259 0.03936644
v -0.0088 0.0339063 0.03901689
v -0.0088 0.03450634 0.03877655
v -0.0088 0.03514102 0.03865412
v -0.0088 0.0357874 0.03865401
v -0.0088 0.03311891 0.04449975
v -0.0088 0.03269554 0.04401132
v -0.0088 0.03237226 0.0434516
v -0.0088 0.03216075 0.0428408
v -0.0088 0.03206865 0.04220102
v -0.0088 0.0320993 0.04155536
v -0.0088 0.03225159 0.04092718
v -0.0109 0.03921227 0.04470631
v -0.0109 0.03872208 0.04528674
v -0.0109 0.03814304 0.04577858
v -0.0109 0.03749094 0.0461684
v -0.0109 0.03678358 0.04644557
v -0.0109 0.03604024 0.04660253
v -0.0109 0.0352812 0.04663501
v -0.0109 0.03452718 0.0465421
v -0.0109 0.03379872 0.04632636
v -0.0109 0.03311571 0.04599366
v -0.0109 0.03249678 0.04555307
v -0.0109 0.03195881 0.04501662
v -0.0109 0.03151647 0.04439895
v -0.0109 0.03118183 0.04371689
v -0.0109 0.03096402 0.04298905
v -0.0109 0.03086898 0.04223529
v -0.0109 0.0308993 0.04147616
v -0.0109 0.03105415 0.04073238
v -0.0109 0.03132931 0.04002423
v -0.0109 0.03171728 0.03937103
v -0.0109 0.03220747 0.0387906
v -0.0109 0.03278651 0.03829876
v -0.0109 0.03343861 0.03790894
v -0.0109 0.03414597 0.03763177
v -0.0109 0.03488931 0.03747481
v -0.0109 0.03564835 0.03744233
v -0.0109 0.03640237 0.03753524
v -0.0109 0.03713083 0.03775098
v -0.0109 0.03781383 0.03808368
v -0.0109 0.03843277 0.03852427
v -0.0109 0.03897074 0.03906072
v -0.0109 0.03941308 0.03967839
v -0.0109 0.03974771 0.04036045
v -0.0109 0.03996553 0.04108829
v -0.0109 0.04006057 0.04184205
v -0.0109 0.04003025 0.04260118
v -0.0109 0.0398754 0.04334496
v -0.0109 0.03960023 0.04405311
v -0.0085 0.03823466 0.0440104
v -0.0085 0.03781145 0.04449898
v -0.0085 0.03730343 0.04489863
v -0.0085 0.03672895 0.04519491
v -0.0085 0.03610878 0.04537712
v -0.0085 0.03546534 0.04543867
v -0.0085 0.03482188 0.04537734
v -0.0085 0.03420165 0.04519533
v -0.0085 0.03362707 0.04489924
v -0.0085 0.03311891 0.04449975
v -0.0085 0.03269554 0.04401132
v -0.0085 0.03237226 0.0434516
v -0.0085 0.03216075 0.0428408
v -0.0085 0.03206865 0.04220102
v -0.0085 0.0320993 0.04155536
v -0.0085 0.03225159 0.04092718
v -0.0085 0.03252 0.04033916
v -0.0085 0.03289485 0.03981257
v -0.0085 0.03336259 0.03936644
v -0.0085 0.0339063 0.03901689
v -0.0085 0.03450634 0.03877655
v -0.0085 0.03514102 0.03865412
v -0.0085 0.0357874 0.03865401
v -0.0085 0.03642212 0.03877623
v -0.0085 0.03702224 0.03901637
v -0.0085 0.03756607 0.03936574
v -0.0085 0.03803395 0.03981172
v -0.0085 0.03840898 0.04033818
v -0.0085 0.03867759 0.0409261
v -0.0085 0.03883009 0.04155424
v -0.0085 0.03886095 0.04219988
v -0.0085 0.03876907 0.0428397
v -0.0085 0.03855776 0.04345057
v -0.0109 0.03314509 0.04529736
v -0.0109 0.03261447 0.04484504
v -0.0109 0.03217044 0.04430746
v -0.0109 0.03182652 0.04370094
v -0.0109 0.03159315 0.04304391
v -0.0109 0.03147741 0.04235633
v -0.0109 0.03148282 0.04165911
v -0.0109 0.03160923 0.04097342
v -0.0109 0.03185278 0.04032009
v -0.0109 0.03220608 0.03971899
v -0.0109 0.0326584 0.03918836
v -0.0109 0.03319599 0.03874434
v -0.0109 0.03380251 0.03840042
v -0.0109 0.03445954 0.03816704
v -0.0109 0.03514711 0.0380513
v -0.0109 0.03584433 0.03805672
v -0.0109 0.03653003 0.03818312
v -0.0109 0.03718335 0.03842668
v -0.0109 0.03778446 0.03877998
v -0.0109 0.03831508 0.0392323
v -0.0109 0.0387591 0.03976988
v -0.0109 0.03910302 0.0403764
v -0.0109 0.0393364 0.04103343
v -0.0109 0.03945214 0.041721
v -0.0109 0.03944673 0.04241823
v -0.0109 0.03932032 0.04310392
v -0.0109 0.03907677 0.04375725
v -0.0109 0.03872347 0.04435835
v -0.0109 0.03827115 0.04488898
v -0.0109 0.03773356 0.045333
v -0.0109 0.03712704 0.04567692
v -0.0109 0.03647001 0.0459103
v -0.0109 0.03578244 0.04602604
v -0.0109 0.03508521 0.04602062
v -0.0109 0.03439952 0.04589422
v -0.0109 0.0337462 0.04565066
v -0.0085 0.0393364 0.04103343
v -0.0085 0.03945214 0.041721
v -0.0085 0.03944673 0.04241823
v -0.0085 0.03932032 0.04310392
v -0.0085 0.03907677 0.04375725
v -0.0085 0.03872347 0.04435835
v -0.0085 0.03827115 0.04488898
v -0.0085 0.03773356 0.045333
v -0.0085 0.03712704 0.04567692
v -0.0085 0.03647001 0.0459103
v -0.0085 0.03578244 0.04602604
v -0.0085 0.0326584 0.03918836
v -0.0085 0.03319599 0.03874434
v -0.0085 0.03380251 0.03840042
v -0.0085 0.03445954 0.03816704
v -0.0085 0.03514711 0.0380513
v -0.0085 0.03584433 0.03805672
v -0.0085 0.03653003 0.03818312
v -0.0085 0.03718335 0.03842668
v -0.0085 0.03778446 0.03877998
v -0.0085 0.03831508 0.0392323
v -0.0085 0.0387591 0.03976988
v -0.0085 0.03910302 0.0403764
v -0.0085 0.03508521 0.04602062
v -0.0085 0.03439952 0.04589422
v -0.0085 0.0337462 0.04565066
v -0.0085 0.03314509 0.04529736
v -0.0085 0.03261447 0.04484504
v -0.0085 0.03217044 0.04430746
v -0.0085 0.03182652 0.04370094
v -0.0085 0.03159315 0.04304391
v -0.0085 0.03147741 0.04235633
v -0.0085 0.03148282 0.04165911
v -0.0085 0.03160923 0.04097342
v -0.0085 0.03185278 0.04032009
v -0.0085 0.03220608 0.03971899
v -0.0115 0.03557688 0.04004182
v -0.0115 0.03600701 0.03908808
v -0.0115 0.03606996 0.04013243
v -0.0115 0.03660863 0.0392653
v -0.0115 0.036525 0.04034282
v -0.0115 0.03716025 0.03956372
v -0.0115 0.03691344 0.04065977
v -0.0115 0.03763777 0.03997031
v -0.0115 0.03721084 0.04106335
v -0.0115 0.03802032 0.0404673
v -0.0115 0.03739854 0.04152822
v -0.0115 0.03360029 0.04131499
v -0.0115 0.03282616 0.04061119
v -0.0115 0.03383884 0.04087405
v -0.0115 0.03318061 0.04009378
v -0.0115 0.03417955 0.04050628
v -0.0115 0.03363489 0.03966138
v -0.0115 0.03460102 0.0402348
v -0.0115 0.03416914 0.03933287
v -0.0115 0.03507676 0.04007667
v -0.0115 0.03476002 0.03912263
v -0.0115 0.0353817 0.03903982
v -0.0115 0.03420036 0.04358827
v -0.0115 0.03329178 0.04410703
v -0.0115 0.03385471 0.04322514
v -0.0115 0.03290923 0.04361004
v -0.0115 0.03361023 0.04278746
v -0.0115 0.03263837 0.04304437
v -0.0115 0.03348228 0.04230272
v -0.0115 0.03249104 0.04243475
v -0.0115 0.0334789 0.0418014
v -0.0115 0.03247367 0.04180782
v -0.0115 0.03258703 0.04119098
v -0.0115 0.03829118 0.04103297
v -0.0115 0.03843851 0.04164259
v -0.0115 0.03746473 0.04202517
v -0.0115 0.03845588 0.04226952
v -0.0115 0.03740525 0.04252296
v -0.0115 0.03834252 0.04288636
v -0.0115 0.03722385 0.04299032
v -0.0115 0.03810339 0.04346615
v -0.0115 0.03693192 0.04339789
v -0.0115 0.03774894 0.04398356
v -0.0115 0.0365478 0.04372005
v -0.0115 0.03729466 0.04441596
v -0.0115 0.03632853 0.04384254
v -0.0115 0.03676041 0.04474447
v -0.0115 0.03609563 0.04393657
v -0.0115 0.03616953 0.04495472
v -0.0115 0.03560383 0.04403383
v -0.0115 0.03554785 0.04503752
v -0.0115 0.03510328 0.04400573
v -0.0115 0.03492254 0.04498926
v -0.0115 0.03462545 0.04385403
v -0.0115 0.03432092 0.04481205
v -0.0115 0.0337693 0.04451362
v -0.013 0.03514517 0.03905574
v -0.013 0.03758824 0.04415784
v -0.013 0.0353817 0.03903982
v -0.013 0.03774894 0.04398356
v -0.013 0.03600701 0.03908808
v -0.013 0.03660863 0.0392653
v -0.013 0.03810339 0.04346615
v -0.013 0.03834252 0.04288636
v -0.013 0.03845588 0.04226952
v -0.013 0.03829118 0.04103297
v -0.013 0.03802032 0.0404673
v -0.013 0.03763777 0.03997031
v -0.013 0.03843851 0.04164259
v -0.013 0.03716025 0.03956372
v -0.012 0.03476002 0.03912263
v -0.012 0.03514517 0.03905574
v -0.012 0.03416914 0.03933287
v -0.012 0.03363489 0.03966138
v -0.012 0.03334131 0.0399195
v -0.013 0.03334131 0.0399195
v -0.012 0.03616953 0.04495472
v -0.012 0.03578437 0.0450216
v -0.012 0.03676041 0.04474447
v -0.012 0.03729466 0.04441596
v -0.012 0.03758824 0.04415784
v -0.013 0.03318061 0.04009378
v -0.013 0.03282616 0.04061119
v -0.013 0.03258703 0.04119098
v -0.013 0.03247367 0.04180782
v -0.013 0.03249104 0.04243475
v -0.013 0.03263837 0.04304437
v -0.013 0.03290923 0.04361004
v -0.013 0.03329178 0.04410703
v -0.013 0.0337693 0.04451362
v -0.013 0.03432092 0.04481205
v -0.013 0.03492254 0.04498926
v -0.013 0.03554785 0.04503752
v -0.013 0.03578437 0.0450216
v -0.0085 0.03609563 0.04393657
v -0.0085 0.03632853 0.04384254
v -0.0085 0.0365478 0.04372005
v -0.0085 0.03693192 0.04339789
v -0.0085 0.03722385 0.04299032
v -0.0085 0.03740525 0.04252296
v -0.0085 0.03746473 0.04202517
v -0.0085 0.03739854 0.04152822
v -0.0085 0.03721084 0.04106335
v -0.0085 0.03691344 0.04065977
v -0.0085 0.036525 0.04034282
v -0.0085 0.03606996 0.04013243
v -0.0085 0.03557688 0.04004182
v -0.0085 0.03507676 0.04007667
v -0.0085 0.03460102 0.0402348
v -0.0085 0.03417955 0.04050628
v -0.0085 0.03383884 0.04087405
v -0.0085 0.03360029 0.04131499
v -0.0085 0.0334789 0.0418014
v -0.0085 0.03348228 0.04230272
v -0.0085 0.03361023 0.04278746
v -0.0085 0.03385471 0.04322514
v -0.0085 0.03420036 0.04358827
v -0.0085 0.03462545 0.04385403
v -0.0085 0.03510328 0.04400573
v -0.0085 0.03560383 0.04403383
v -0.0085 0.03611259 0.04339157
v -0.0085 0.0364675 0.04315425
v -0.0085 0.0364263 0.04088738
v -0.0085 0.03671171 0.04120491
v -0.0085 0.03689609 0.04158999
v -0.0085 0.03696452 0.04201141
v -0.0085 0.03691146 0.04243504
v -0.0085 0.03674118 0.04282656
v -0.0085 0.03396502 0.04206593
v -0.0085 0.03401809 0.0416423
v -0.0085 0.03418836 0.04125078
v -0.0085 0.03446204 0.04092309
v -0.0085 0.03481696 0.04068577
v -0.0085 0.03522436 0.04055806
v -0.0085 0.03565123 0.0405503
v -0.0085 0.036063 0.04066312
v -0.0085 0.03570519 0.04351928
v -0.0085 0.03527832 0.04352704
v -0.0085 0.03486655 0.04341422
v -0.0085 0.03450325 0.04318996
v -0.0085 0.03421784 0.04287243
v -0.0085 0.03403345 0.04248736
v -0.002 0.03598303 0.04312099
v -0.002 0.03565711 0.04322316
v -0.002 0.03546477 0.04203867
v -0.002 0.03662212 0.04235577
v -0.002 0.0364859 0.04266899
v -0.002 0.03626696 0.04293114
v -0.002 0.03646232 0.04137166
v -0.002 0.03660983 0.04167972
v -0.002 0.03666458 0.04201686
v -0.002 0.03561394 0.04084798
v -0.002 0.03594335 0.04093823
v -0.002 0.036234 0.04111764
v -0.002 0.03466259 0.0411462
v -0.002 0.03494652 0.04095635
v -0.002 0.03527244 0.04085419
v -0.002 0.03426497 0.04206048
v -0.002 0.03430743 0.04172157
v -0.002 0.03444365 0.04140836
v -0.002 0.03469555 0.0429597
v -0.002 0.03446723 0.04270568
v -0.002 0.03431972 0.04239762
v -0.002 0.03531561 0.04322936
v -0.002 0.03498619 0.04313911
v -0.0023 0.03481696 0.04068577
v -0.0023 0.03446204 0.04092309
v -0.0023 0.03418836 0.04125078
v -0.0023 0.03401809 0.0416423
v -0.0023 0.03396502 0.04206593
v -0.0023 0.03403345 0.04248736
v -0.0023 0.03421784 0.04287243
v -0.0023 0.03450325 0.04318996
v -0.0023 0.03486655 0.04341422
v -0.0023 0.03527832 0.04352704
v -0.0023 0.03570519 0.04351928
v -0.0023 0.03611259 0.04339157
v -0.0023 0.0364675 0.04315425
v -0.0023 0.03674118 0.04282656
v -0.0023 0.03691146 0.04243504
v -0.0023 0.03696452 0.04201141
v -0.0023 0.03689609 0.04158999
v -0.0023 0.03671171 0.04120491
v -0.0023 0.0364263 0.04088738
v -0.0023 0.036063 0.04066312
v -0.0023 0.03565123 0.0405503
v -0.0023 0.03522436 0.04055806
v 0.0115 0.03405862 0.0434609
v 0.0115 0.03363956 0.04441955
v 0.0115 0.0344565 0.04376591
v 0.0115 0.03417446 0.04474701
v 0.0115 0.03491772 0.0439624
v 0.0115 0.03476575 0.0449561
v 0.0115 0.03541332 0.04403801
v 0.0115 0.03538759 0.04503768
v 0.0115 0.03591215 0.04398799
v 0.0115 0.0360128 0.04498819
v 0.0115 0.03638287 0.04381549
v 0.0115 0.03367763 0.04114083
v 0.0115 0.0326364 0.04103852
v 0.0115 0.03351049 0.04161349
v 0.0115 0.03249026 0.04164843
v 0.0115 0.03346615 0.04211285
v 0.0115 0.03247413 0.04227539
v 0.0115 0.03354739 0.04260756
v 0.0115 0.0325887 0.04289201
v 0.0115 0.0337491 0.04306652
v 0.0115 0.03282896 0.04347133
v 0.0115 0.03318443 0.04398804
v 0.0115 0.03576641 0.04006155
v 0.0115 0.03554196 0.03903966
v 0.0115 0.03526524 0.04004865
v 0.0115 0.03491674 0.03908915
v 0.0115 0.03477661 0.04016079
v 0.0115 0.03431548 0.03926755
v 0.0115 0.03433122 0.04039093
v 0.0115 0.03376445 0.03956705
v 0.0115 0.03395706 0.04072459
v 0.0115 0.03328773 0.03997458
v 0.0115 0.03290615 0.04047232
v 0.0115 0.03661407 0.04480979
v 0.0115 0.0371651 0.04451029
v 0.0115 0.0367959 0.04353135
v 0.0115 0.03764182 0.04410276
v 0.0115 0.0371253 0.04315342
v 0.0115 0.0380234 0.04360502
v 0.0115 0.03735036 0.04270544
v 0.0115 0.03829315 0.04303882
v 0.0115 0.03745694 0.04221557
v 0.0115 0.03843929 0.04242891
v 0.0115 0.03743834 0.04171458
v 0.0115 0.03845542 0.04180195
v 0.0115 0.03738216 0.04146978
v 0.0115 0.03834085 0.04118533
v 0.0115 0.03729574 0.04123395
v 0.0115 0.03810058 0.04060601
v 0.0115 0.03703809 0.04080389
v 0.0115 0.03774512 0.0400893
v 0.0115 0.03668159 0.04045142
v 0.0115 0.03728999 0.03965779
v 0.0115 0.03624862 0.04019868
v 0.0115 0.03675509 0.03933034
v 0.0115 0.0361638 0.03912125
v 0.013 0.03303763 0.0438019
v 0.013 0.03846081 0.04219283
v 0.013 0.03318443 0.04398804
v 0.013 0.03843929 0.04242891
v 0.013 0.03363956 0.04441955
v 0.013 0.03417446 0.04474701
v 0.013 0.03829315 0.04303882
v 0.013 0.0380234 0.04360502
v 0.013 0.03764182 0.04410276
v 0.013 0.03661407 0.04480979
v 0.013 0.0360128 0.04498819
v 0.013 0.03538759 0.04503768
v 0.013 0.0371651 0.04451029
v 0.013 0.03476575 0.0449561
v 0.012 0.03282896 0.04347133
v 0.012 0.03303763 0.0438019
v 0.012 0.0325887 0.04289201
v 0.012 0.03247413 0.04227539
v 0.012 0.03246874 0.04188451
v 0.013 0.03246874 0.04188451
v 0.012 0.03810058 0.04060601
v 0.012 0.03789192 0.04027544
v 0.012 0.03834085 0.04118533
v 0.012 0.03845542 0.04180195
v 0.012 0.03846081 0.04219283
v 0.013 0.03249026 0.04164843
v 0.013 0.0326364 0.04103852
v 0.013 0.03290615 0.04047232
v 0.013 0.03328773 0.03997458
v 0.013 0.03376445 0.03956705
v 0.013 0.03431548 0.03926755
v 0.013 0.03491674 0.03908915
v 0.013 0.03554196 0.03903966
v 0.013 0.0361638 0.03912125
v 0.013 0.03675509 0.03933034
v 0.013 0.03728999 0.03965779
v 0.013 0.03774512 0.0400893
v 0.013 0.03789192 0.04027544
v 0.0085 0.03729574 0.04123395
v 0.0085 0.03738216 0.04146978
v 0.0085 0.03743834 0.04171458
v 0.0085 0.03745694 0.04221557
v 0.0085 0.03735036 0.04270544
v 0.0085 0.0371253 0.04315342
v 0.0085 0.0367959 0.04353135
v 0.0085 0.03638287 0.04381549
v 0.0085 0.03591215 0.04398799
v 0.0085 0.03541332 0.04403801
v 0.0085 0.03491772 0.0439624
v 0.0085 0.0344565 0.04376591
v 0.0085 0.03405862 0.0434609
v 0.0085 0.0337491 0.04306652
v 0.0085 0.03354739 0.04260756
v 0.0085 0.03346615 0.04211285
v 0.0085 0.03351049 0.04161349
v 0.0085 0.03367763 0.04114083
v 0.0085 0.03395706 0.04072459
v 0.0085 0.03433122 0.04039093
v 0.0085 0.03477661 0.04016079
v 0.0085 0.03526524 0.04004865
v 0.0085 0.03576641 0.04006155
v 0.0085 0.03624862 0.04019868
v 0.0085 0.03668159 0.04045142
v 0.0085 0.03703809 0.04080389
v 0.0085 0.03690281 0.041612
v 0.0085 0.03696477 0.04203443
v 0.0085 0.0352555 0.043524
v 0.0085 0.03568244 0.04352279
v 0.0085 0.03609175 0.04340135
v 0.0085 0.03645027 0.04316951
v 0.0085 0.03672894 0.04284606
v 0.0085 0.0369052 0.0424572
v 0.0085 0.03447928 0.04090783
v 0.0085 0.03420061 0.04123128
v 0.0085 0.03402435 0.04162014
v 0.0085 0.03396478 0.04204291
v 0.0085 0.03402673 0.04246534
v 0.0085 0.03420519 0.0428532
v 0.0085 0.03448569 0.04317507
v 0.0085 0.03484551 0.04340487
v 0.0085 0.03672436 0.04122414
v 0.0085 0.03644386 0.04090227
v 0.0085 0.03608403 0.04067247
v 0.0085 0.03567405 0.04055334
v 0.0085 0.0352471 0.04055455
v 0.0085 0.03483779 0.04067599
v 0.002 0.0366152 0.04169733
v 0.002 0.03647244 0.04138705
v 0.002 0.03546477 0.04203867
v 0.002 0.03647611 0.04268458
v 0.002 0.03661712 0.04237349
v 0.002 0.03666477 0.04203527
v 0.002 0.03563891 0.04322597
v 0.002 0.03596636 0.04312881
v 0.002 0.03625317 0.04294334
v 0.002 0.03468151 0.04294779
v 0.002 0.03496937 0.04313163
v 0.002 0.03529736 0.04322693
v 0.002 0.03426478 0.04204207
v 0.002 0.03431434 0.04238001
v 0.002 0.03445711 0.04269029
v 0.002 0.03467638 0.041134
v 0.002 0.03445344 0.04139276
v 0.002 0.03431243 0.04170385
v 0.002 0.03563219 0.0408504
v 0.002 0.03529064 0.04085137
v 0.002 0.03496319 0.04094853
v 0.002 0.03624804 0.04112955
v 0.002 0.03596018 0.04094571
v 0.0023 0.03402673 0.04246534
v 0.0023 0.03396478 0.04204291
v 0.0023 0.03402435 0.04162014
v 0.0023 0.03420061 0.04123128
v 0.0023 0.03447928 0.04090783
v 0.0023 0.03483779 0.04067599
v 0.0023 0.0352471 0.04055455
v 0.0023 0.03567405 0.04055334
v 0.0023 0.03608403 0.04067247
v 0.0023 0.03644386 0.04090227
v 0.0023 0.03672436 0.04122414
v 0.0023 0.03690281 0.041612
v 0.0023 0.03696477 0.04203443
v 0.0023 0.0369052 0.0424572
v 0.0023 0.03672894 0.04284606
v 0.0023 0.03645027 0.04316951
v 0.0023 0.03609175 0.04340135
v 0.0023 0.03568244 0.04352279
v 0.0023 0.0352555 0.043524
v 0.0023 0.03484551 0.04340487
v 0.0023 0.03448569 0.04317507
v 0.0023 0.03420519 0.0428532
v -0.01 0.01487791 0.02538992
v -0.01 0.02252131 0.01894177
v 0.01 0.01487791 0.02538992
v 0.01 0.02252131 0.01894177
v 0.01 0.02650972 0.02211866
v 0.01 0.02393046 0.0190613
v -0.01 0.02650972 0.02211866
v -0.01 0.02393046 0.0190613
v 0.01 0.0187468 0.02997595
v 0.01 0.02639019 0.02352781
v -0.01 0.0187468 0.02997595
v -0.01 0.02639019 0.02352781
v 0.01 0.01475839 0.02679907
v 0.01 0.01733764 0.02985643
v -0.01 0.01475839 0.02679907
v -0.01 0.01733764 0.02985643
v -0.01 0.02362552 0.01881788
v -0.01 0.02325064 0.01870969
v -0.01 0.02286289 0.0187532
v -0.01 0.02334616 0.02158901
v -0.01 0.01463449 0.02569486
v -0.01 0.01733582 0.02619287
v -0.01 0.01752234 0.02577657
v -0.01 0.017871 0.02548243
v -0.01 0.0228988 0.02149981
v -0.01 0.02371052 0.02186349
v -0.01 0.0239197 0.02226887
v -0.01 0.02669829 0.02246024
v -0.01 0.02393228 0.02272486
v -0.01 0.0267418 0.02284799
v -0.01 0.02663361 0.02322287
v -0.01 0.0233971 0.0234353
v -0.01 0.02295534 0.02354903
v -0.01 0.01876013 0.0254579
v -0.01 0.02250797 0.02345983
v -0.01 0.01831277 0.02536869
v -0.01 0.02214362 0.02318536
v -0.01 0.02193444 0.02277998
v -0.01 0.02245704 0.02161354
v -0.01 0.02210837 0.02190769
v -0.01 0.02192186 0.02232398
v -0.01 0.02374577 0.02314115
v -0.01 0.01915973 0.02701004
v -0.01 0.01881106 0.02730418
v -0.01 0.01840521 0.03016453
v -0.01 0.0183693 0.02741791
v -0.01 0.01912448 0.02573237
v -0.01 0.01933366 0.02613775
v -0.01 0.01934624 0.02659374
v -0.01 0.0145263 0.02606974
v -0.01 0.01456981 0.02645748
v -0.01 0.0173484 0.02664886
v -0.01 0.01755758 0.02705424
v -0.01 0.01792194 0.02732871
v -0.01 0.01764258 0.03009984
v -0.01 0.01801746 0.03020803
v 0.01 0.01456981 0.02645748
v 0.01 0.0145263 0.02606974
v 0.01 0.01463449 0.02569486
v 0.01 0.01737261 0.02664263
v 0.01 0.01932173 0.02658886
v 0.01 0.01930945 0.02614398
v 0.01 0.02295465 0.02352404
v 0.01 0.02669829 0.02246024
v 0.01 0.0267418 0.02284799
v 0.01 0.02663361 0.02322287
v 0.01 0.01910537 0.02574849
v 0.01 0.02212834 0.02192273
v 0.01 0.02194637 0.02232887
v 0.01 0.01736034 0.02619776
v 0.01 0.02195865 0.02277374
v 0.01 0.02216273 0.02316923
v 0.01 0.0225182 0.02343701
v 0.01 0.02286289 0.0187532
v 0.01 0.02289949 0.0215248
v 0.01 0.0187499 0.02548071
v 0.01 0.0224685 0.02163576
v 0.01 0.01757669 0.02703812
v 0.01 0.01793216 0.0273059
v 0.01 0.01764258 0.03009984
v 0.01 0.01836861 0.02739292
v 0.01 0.01801746 0.03020803
v 0.01 0.01840521 0.03016453
v 0.01 0.0187996 0.02728197
v 0.01 0.01913976 0.026995
v 0.01 0.02390776 0.02271997
v 0.01 0.02389549 0.0222751
v 0.01 0.02369141 0.02187961
v 0.01 0.02333594 0.02161183
v 0.01 0.02362552 0.01881788
v 0.01 0.02325064 0.01870969
v 0.01 0.0175423 0.02579161
v 0.01 0.01788247 0.02550464
v 0.01 0.01831345 0.02539369
v 0.01 0.0237258 0.02312611
v 0.01 0.02338563 0.02341308
v -0 0.01910537 0.02574849
v -0 0.01930945 0.02614398
v -0 0.01932173 0.02658886
v -0 0.01913976 0.026995
v -0 0.0187996 0.02728197
v -0 0.01836861 0.02739292
v -0 0.01793216 0.0273059
v -0 0.01757669 0.02703812
v -0 0.01737261 0.02664263
v -0 0.01736034 0.02619776
v -0 0.0175423 0.02579161
v -0 0.01788247 0.02550464
v -0 0.01831345 0.02539369
v -0 0.0187499 0.02548071
v -0 0.02369141 0.02187961
v -0 0.02389549 0.0222751
v -0 0.02390776 0.02271997
v -0 0.0237258 0.02312611
v -0 0.02338563 0.02341308
v -0 0.02295465 0.02352404
v -0 0.0225182 0.02343701
v -0 0.02216273 0.02316923
v -0 0.02195865 0.02277374
v -0 0.02194637 0.02232887
v -0 0.02212834 0.02192273
v -0 0.0224685 0.02163576
v -0 0.02289949 0.0215248
v -0 0.02333594 0.02161183
v -0 0.02334616 0.02158901
v -0 0.0228988 0.02149981
v -0 0.02245704 0.02161354
v -0 0.02210837 0.02190769
v -0 0.02192186 0.02232398
v -0 0.02193444 0.02277998
v -0 0.02214362 0.02318536
v -0 0.02250797 0.02345983
v -0 0.02295534 0.02354903
v -0 0.0233971 0.0234353
v -0 0.02374577 0.02314115
v -0 0.02393228 0.02272486
v -0 0.0239197 0.02226887
v -0 0.02371052 0.02186349
v -0 0.01831277 0.02536869
v -0 0.017871 0.02548243
v -0 0.01752234 0.02577657
v -0 0.01733582 0.02619287
v -0 0.0173484 0.02664886
v -0 0.01755758 0.02705424
v -0 0.01792194 0.02732871
v -0 0.0183693 0.02741791
v -0 0.01881106 0.02730418
v -0 0.01915973 0.02701004
v -0 0.01934624 0.02659374
v -0 0.01933366 0.02613775
v -0 0.01912448 0.02573237
v -0 0.01876013 0.0254579
vn 0 0.50386 0.86379
vn 0 0.3428 0.93941
vn 0 0.00446 0.99999
vn -0 -0.17283 0.98495
vn -0 -0.49613 0.86825
vn -0 -0.64215 0.76658
vn -0 -0.86379 0.50386
vn -0 -0.93941 0.3428
vn -0 -0.99999 0.00446
vn -0 -0.98495 -0.17283
vn -0 -0.86825 -0.49613
vn -0 -0.76658 -0.64215
vn -0 -0.50386 -0.86379
vn -0 -0.3428 -0.93941
vn -0 -0.00446 -0.99999
vn 0 0.17283 -0.98495
vn 0 0.49613 -0.86825
vn 0 0.64215 -0.76658
vn 0 0.86379 -0.50386
vn 0 0.93941 -0.3428
vn 0 0.99999 -0.00446
vn 0 0.98495 0.17283
vn 0 0.86825 0.49613
vn 0 0.76658 0.64215
vn 0 0.82734 -0.56171
vn 0 0.88188 -0.47147
vn 0 0.96042 -0.27855
vn 0 0.98441 -0.17588
vn 0 0.99949 0.03187
vn 0 0.99058 0.13693
vn 0 0.94073 0.33917
vn 0 0.89978 0.43634
vn 0 0.78988 0.61327
vn 0 0.72091 0.69303
vn 0 0.56171 0.82734
vn 0 0.47147 0.88188
vn 0 0.27855 0.96042
vn 0 0.17588 0.98441
vn 0 0.00553 0.99998
vn -0 -0.09925 0.99506
vn -0 -0.20262 0.97926
vn -0 -0.33917 0.94073
vn -0 -0.43634 0.89978
vn -0 -0.61327 0.78988
vn -0 -0.69303 0.72091
vn 1 -0 -0
vn 0 0.42555 -0.90494
vn 0 0.53324 -0.84596
vn 0 0.65591 -0.75484
vn 0 0.74454 -0.66758
vn 0 0.86936 -0.49418
vn 0 0.92373 -0.38305
vn 0 0.96371 -0.26695
vn 0 0.99326 -0.11595
vn 0 0.99997 0.00825
vn 0 0.96807 0.25068
vn 0 0.92946 0.36892
vn 0 0.81214 0.58346
vn 0 0.73343 0.67977
vn 0 0.54653 0.83744
vn 0 0.43834 0.89881
vn 0 0.2071 0.97832
vn 0 0.08405 0.99646
vn -0 -0.16029 0.98707
vn -0 -0.28159 0.95954
vn -0 -0.50604 0.86251
vn -0 -0.6092 0.79302
vn -0 -0.78344 0.62146
vn -0 -0.85453 0.5194
vn -0 -0.95504 0.29649
vn -0 -0.98446 0.17564
vn -0 -0.99765 -0.06853
vn -0 -0.98142 -0.19185
vn -0 -0.90552 -0.4243
vn -0 -0.84585 -0.53343
vn -0 -0.6911 -0.72276
vn -0 -0.59603 -0.80296
vn -0 -0.38334 -0.92361
vn -0 -0.26572 -0.96405
vn -0 -0.02381 -0.99972
vn 0 0.10048 -0.99494
vn 0 0.31053 -0.95056
vn 0 0.54017 0.84156
vn 0 0.42433 0.90551
vn 0 0.177 0.98421
vn 0 0.04551 0.99896
vn -0 -0.21311 0.97703
vn -0 -0.34024 0.94034
vn -0 -0.57078 0.8211
vn -0 -0.67419 0.73855
vn -0 -0.84156 0.54017
vn -0 -0.90551 0.42433
vn -0 -0.98421 0.177
vn -0 -0.99896 0.04551
vn -0 -0.97703 -0.21311
vn -0 -0.94034 -0.34024
vn -0 -0.8211 -0.57078
vn -0 -0.73855 -0.67419
vn -0 -0.54017 -0.84156
vn -0 -0.42433 -0.90551
vn -0 -0.177 -0.98421
vn -0 -0.04551 -0.99896
vn 0 0.21311 -0.97703
vn 0 0.34024 -0.94034
vn 0 0.57078 -0.8211
vn 0 0.67419 -0.73855
vn 0 0.84156 -0.54017
vn 0 0.90551 -0.42433
vn 0 0.98421 -0.177
vn 0 0.99896 -0.04551
vn 0 0.97703 0.21311
vn 0 0.94034 0.34024
vn 0 0.8211 0.57078
vn 0 0.73855 0.67419
vn -1 0 0
vn 0 0.76434 -0.64481
vn -0 -0.76434 0.64481
vn -0 -0.82734 0.56171
vn -0 -0.88188 0.47147
vn -0 -0.96042 0.27855
vn -0 -0.98441 0.17588
vn -0 -0.99939 0.03479
vn -0 -0.99756 -0.06977
vn -0 -0.98477 -0.17388
vn -0 -0.94073 -0.33917
vn -0 -0.89978 -0.43634
vn -0 -0.78988 -0.61327
vn -0 -0.72091 -0.69303
vn -0 -0.56171 -0.82734
vn -0 -0.47147 -0.88188
vn -0 -0.27855 -0.96042
vn -0 -0.17588 -0.98441
vn 0 0.03187 -0.99949
vn 0 0.13693 -0.99058
vn 0 0.33917 -0.94073
vn 0 0.43634 -0.89978
vn 0 0.61327 -0.78988
vn 0 0.69303 -0.72091
vn -0 -0.73343 -0.67977
vn -0 -0.81214 -0.58346
vn -0 -0.92946 -0.36892
vn -0 -0.96807 -0.25068
vn -0 -0.99997 -0.00825
vn -0 -0.99326 0.11595
vn -0 -0.93542 0.35354
vn -0 -0.8843 0.46693
vn -0 -0.74454 0.66758
vn -0 -0.65591 0.75484
vn -0 -0.45311 0.89146
vn -0 -0.33894 0.94081
vn -0 -0.10048 0.99494
vn 0 0.02381 0.99972
vn 0 0.26572 0.96405
vn 0 0.38334 0.92361
vn 0 0.59603 0.80296
vn 0 0.6911 0.72276
vn 0 0.84585 0.53343
vn 0 0.90552 0.4243
vn 0 0.98142 0.19185
vn 0 0.99765 0.06853
vn 0 0.98446 -0.17564
vn 0 0.95504 -0.29649
vn 0 0.85453 -0.5194
vn 0 0.78344 -0.62146
vn 0 0.6092 -0.79302
vn 0 0.50604 -0.86251
vn 0 0.28159 -0.95954
vn 0 0.16029 -0.98707
vn -0 -0.08405 -0.99646
vn -0 -0.2071 -0.97832
vn -0 -0.43834 -0.89881
vn -0 -0.54653 -0.83744
vn -0 -0.64481 -0.76434
vn 0 0.04884 -0.99881
vn 0 0.22292 -0.97484
vn 0 0.99846 -0.05554
vn 0 0.99276 0.12009
vn 0 0.95705 0.28994
vn -0 -0.1246 -0.99221
vn -0.94497 0.32707 0.00787
vn -0.94497 -0.32707 -0.00787
vn -0.94496 -0.32456 -0.04128
vn -0.94537 -0.31374 0.08859
vn -0.94758 -0.31175 0.07001
vn -0.94429 -0.32434 0.05591
vn -0.9474 -0.31769 0.03878
vn -0.94808 -0.31791 0.0084
vn -0.97258 -0.22075 0.07316
vn -0.9852 -0.14861 0.08545
vn -0.98424 -0.15539 0.08445
vn -0.97847 -0.18611 0.08925
vn -0.98108 -0.17922 0.07321
vn -0.97596 -0.20532 0.0732
vn -0.98586 -0.1426 0.08796
vn -0.98032 -0.1622 0.11257
vn -0.98649 -0.12911 0.10087
vn -0.98674 -0.12393 0.10485
vn -0.98058 -0.14269 0.13454
vn -0.98682 -0.11122 0.11757
vn -0.98011 -0.12105 0.15724
vn -0.98629 -0.10346 0.12853
vn -0.98663 -0.10724 0.12275
vn -0.9785 -0.0785 0.19072
vn -0.98333 -0.07856 0.16398
vn -0.97859 -0.0995 0.18018
vn -0.98436 -0.08941 0.15179
vn -0.98562 -0.09193 0.14175
vn -0.9471 -0.07132 0.31292
vn -0.95512 -0.0782 0.28571
vn -0.96331 -0.07822 0.25674
vn -0.95349 -0.10453 0.28271
vn -0.94506 0.01675 0.32647
vn -0.9479 -0.01569 0.31817
vn -0.94469 -0.03244 0.32635
vn -0.94469 -0.06557 0.32135
vn -0.94424 0.07238 0.32121
vn -0.94696 0.05494 0.31661
vn -0.9479 0.03244 0.31691
vn -0.98333 0.07856 0.16398
vn -0.9785 0.0785 0.19072
vn -0.98432 0.07943 0.15752
vn -0.97957 0.1003 0.17431
vn -0.98563 0.09193 0.14173
vn -0.98624 0.09444 0.13571
vn -0.98032 0.12183 0.15536
vn -0.98663 0.10724 0.12275
vn -0.98682 0.11122 0.11757
vn -0.98058 0.14268 0.13455
vn -0.98674 0.12393 0.10485
vn -0.97604 0.19843 0.08924
vn -0.98115 0.17423 0.0836
vn -0.98423 0.15542 0.08445
vn -0.98519 0.14864 0.08545
vn -0.97963 0.16788 0.11018
vn -0.98588 0.13612 0.09749
vn -0.98649 0.12911 0.10087
vn -0.9663 0.2468 0.07322
vn -0.97258 0.22075 0.07316
vn -0.97596 0.20532 0.0732
vn -0.94537 0.31374 0.08859
vn -0.94496 0.32456 0.04128
vn -0.94741 0.31519 0.05539
vn -0.94758 0.31175 0.07001
vn -0.94537 0.31374 -0.08859
vn -0.94758 0.31175 -0.07001
vn -0.94429 0.32434 -0.05591
vn -0.9474 0.31769 -0.03878
vn -0.94808 0.31791 -0.0084
vn -0.97258 0.22075 -0.07316
vn -0.9852 0.14861 -0.08545
vn -0.98424 0.15539 -0.08445
vn -0.97847 0.18611 -0.08925
vn -0.98108 0.17922 -0.07321
vn -0.97596 0.20532 -0.0732
vn -0.98586 0.1426 -0.08796
vn -0.98032 0.1622 -0.11257
vn -0.98649 0.12911 -0.10087
vn -0.98674 0.12393 -0.10485
vn -0.98058 0.14269 -0.13454
vn -0.98682 0.11122 -0.11757
vn -0.98011 0.12105 -0.15724
vn -0.98629 0.10346 -0.12853
vn -0.98663 0.10724 -0.12275
vn -0.9785 0.0785 -0.19072
vn -0.98333 0.07856 -0.16398
vn -0.97859 0.0995 -0.18018
vn -0.98436 0.08941 -0.15179
vn -0.98562 0.09193 -0.14175
vn -0.9471 0.07132 -0.31292
vn -0.95512 0.0782 -0.28571
vn -0.96331 0.07822 -0.25674
vn -0.95349 0.10453 -0.28271
vn -0.94506 -0.01675 -0.32647
vn -0.9479 0.01569 -0.31817
vn -0.94469 0.03244 -0.32635
vn -0.94469 0.06557 -0.32135
vn -0.94424 -0.07238 -0.32121
vn -0.94696 -0.05494 -0.31661
vn -0.9479 -0.03244 -0.31691
vn -0.98333 -0.07856 -0.16398
vn -0.9785 -0.0785 -0.19072
vn -0.98432 -0.07943 -0.15752
vn -0.97957 -0.1003 -0.17431
vn -0.98563 -0.09193 -0.14173
vn -0.98624 -0.09444 -0.13571
vn -0.98032 -0.12183 -0.15536
vn -0.98663 -0.10724 -0.12275
vn -0.98682 -0.11122 -0.11757
vn -0.98058 -0.14268 -0.13455
vn -0.98674 -0.12393 -0.10485
vn -0.97604 -0.19843 -0.08924
vn -0.98115 -0.17423 -0.0836
vn -0.98423 -0.15542 -0.08445
vn -0.98519 -0.14864 -0.08545
vn -0.97963 -0.16788 -0.11018
vn -0.98588 -0.13612 -0.09749
vn -0.98649 -0.12911 -0.10087
vn -0.9663 -0.2468 -0.07322
vn -0.97258 -0.22075 -0.07316
vn -0.97596 -0.20532 -0.0732
vn -0.94741 -0.31519 -0.05539
vn -0.94758 -0.31175 -0.07001
vn -0.94537 -0.31374 -0.08859
vn -0.82519 0.13512 0.54845
vn -0.80328 0.16991 0.57084
vn -0.80382 0.20484 0.5585
vn -0.82514 0.22084 0.51998
vn -0.80335 0.2656 0.533
vn -0.8252 0.27586 0.49289
vn -0.8037 0.31587 0.50428
vn -0.80368 0.35317 0.47893
vn -0.82521 0.3572 0.43754
vn -0.80338 0.39829 0.44266
vn -0.80382 0.42688 0.41431
vn -0.82514 0.42458 0.37267
vn -0.80325 0.46868 0.36759
vn -0.82518 0.46056 0.32704
vn -0.80375 0.5016 0.31997
vn -0.80362 0.52455 0.28115
vn -0.82522 0.51027 0.24215
vn -0.80347 0.54957 0.22895
vn -0.80382 0.56437 0.18807
vn -0.82514 0.54423 0.15154
vn -0.80315 0.5812 0.13101
vn -0.82515 0.55634 0.09801
vn -0.8038 0.5903 0.07384
vn -0.80327 0.59491 0.02894
vn -0.82497 0.56518 0
vn -0.80327 0.59491 -0.02894
vn -0.8038 0.5903 -0.07384
vn -0.82515 0.55634 -0.09801
vn -0.80315 0.5812 -0.13101
vn -0.80382 0.57224 -0.16253
vn -0.82514 0.53503 -0.18136
vn -0.80347 0.54957 -0.22895
vn -0.82522 0.51027 -0.24215
vn -0.80362 0.52455 -0.28115
vn -0.80375 0.5016 -0.31997
vn -0.82518 0.46056 -0.32704
vn -0.80325 0.46868 -0.36759
vn -0.80382 0.44505 -0.39472
vn -0.82514 0.40335 -0.39554
vn -0.80338 0.39829 -0.44266
vn -0.82521 0.3572 -0.43754
vn -0.80368 0.35317 -0.47893
vn -0.8037 0.31587 -0.50428
vn -0.8252 0.27586 -0.49289
vn -0.80335 0.2656 -0.533
vn -0.80382 0.22971 -0.54873
vn -0.82514 0.19179 -0.53138
vn -0.80328 0.16991 -0.57084
vn -0.82519 0.13512 -0.54845
vn -0.80374 0.11355 -0.58405
vn -0.80364 0.069 -0.5911
vn -0.82522 0.03791 -0.56354
vn -0.80344 0.01127 -0.59528
vn -0.80382 -0.03112 -0.59406
vn -0.82514 -0.05776 -0.56197
vn -0.80318 -0.09144 -0.58867
vn -0.82516 -0.11307 -0.55346
vn -0.80378 -0.14797 -0.57623
vn -0.80357 -0.19128 -0.56364
vn -0.82522 -0.20735 -0.52537
vn -0.80352 -0.24515 -0.54246
vn -0.80381 -0.28533 -0.52199
vn -0.82514 -0.29541 -0.48153
vn -0.80311 -0.3352 -0.4926
vn -0.80382 -0.36036 -0.47331
vn -0.82514 -0.36429 -0.43178
vn -0.80349 -0.41465 -0.42716
vn -0.82522 -0.41256 -0.38574
vn -0.80359 -0.45408 -0.38477
vn -0.80377 -0.48172 -0.34914
vn -0.82517 -0.47329 -0.30835
vn -0.80322 -0.51399 -0.30108
vn -0.80382 -0.53003 -0.27008
vn -0.82514 -0.51556 -0.23096
vn -0.80341 -0.55791 -0.20802
vn -0.82521 -0.53811 -0.17163
vn -0.80366 -0.57515 -0.15275
vn -0.80372 -0.58499 -0.10874
vn -0.8252 -0.55976 -0.07565
vn -0.80332 -0.59332 -0.05145
vn -0.80382 -0.59473 -0.01336
vn -0.82514 -0.56472 0.0156
vn -0.80332 -0.59332 0.05145
vn -0.8252 -0.55976 0.07565
vn -0.80372 -0.58499 0.10874
vn -0.80366 -0.57515 0.15275
vn -0.82521 -0.53811 0.17163
vn -0.80341 -0.55791 0.20802
vn -0.80382 -0.54163 0.246
vn -0.82514 -0.50202 0.25908
vn -0.80322 -0.51399 0.30108
vn -0.82517 -0.47329 0.30835
vn -0.80377 -0.48172 0.34914
vn -0.80359 -0.45408 0.38477
vn -0.82522 -0.41256 0.38574
vn -0.80349 -0.41465 0.42716
vn -0.80382 -0.38125 0.45664
vn -0.82514 -0.3399 0.45124
vn -0.80311 -0.3352 0.4926
vn -0.82514 -0.29541 0.48153
vn -0.80381 -0.28533 0.52199
vn -0.80352 -0.24515 0.54246
vn -0.82522 -0.20735 0.52537
vn -0.80357 -0.19128 0.56364
vn -0.80378 -0.14797 0.57623
vn -0.82516 -0.11307 0.55346
vn -0.80318 -0.09144 0.58867
vn -0.80382 -0.05777 0.59206
vn -0.82514 -0.02664 0.5643
vn -0.80344 0.01127 0.59528
vn -0.82522 0.03791 0.56354
vn -0.80364 0.069 0.5911
vn -0.80374 0.11355 0.58405
vn -0.86444 -0.04848 0.50039
vn -0.88232 -0.09167 0.46164
vn -0.86444 -0.12252 0.48758
vn -0.88232 -0.15945 0.44282
vn -0.86444 -0.19382 0.46387
vn -0.88232 -0.22366 0.41411
vn -0.86444 -0.26079 0.4298
vn -0.88232 -0.28288 0.37615
vn -0.86444 -0.32194 0.38613
vn -0.88232 -0.33579 0.32978
vn -0.86444 -0.37589 0.33384
vn -0.88232 -0.38119 0.27605
vn -0.86444 -0.42145 0.27408
vn -0.88232 -0.41807 0.21616
vn -0.86444 -0.45759 0.20821
vn -0.88232 -0.44562 0.15143
vn -0.86444 -0.48351 0.13768
vn -0.88232 -0.46321 0.08332
vn -0.86444 -0.49863 0.06408
vn -0.88232 -0.47046 0.01336
vn -0.86444 -0.50262 -0.01095
vn -0.88232 -0.46719 -0.05691
vn -0.86444 -0.49537 -0.08574
vn -0.88232 -0.45349 -0.12591
vn -0.86444 -0.47706 -0.15861
vn -0.88232 -0.42966 -0.19209
vn -0.86444 -0.44809 -0.22794
vn -0.88232 -0.39623 -0.25398
vn -0.86444 -0.40911 -0.29218
vn -0.88232 -0.35395 -0.3102
vn -0.86444 -0.36099 -0.34989
vn -0.88232 -0.30377 -0.35949
vn -0.86444 -0.30481 -0.39979
vn -0.88232 -0.2468 -0.40075
vn -0.86444 -0.24182 -0.44075
vn -0.88232 -0.18431 -0.43306
vn -0.86444 -0.17343 -0.47187
vn -0.88232 -0.11771 -0.45569
vn -0.86444 -0.10117 -0.49245
vn -0.88232 -0.04848 -0.46815
vn -0.86444 -0.02664 -0.50203
vn -0.88232 0.02184 -0.47014
vn -0.86444 0.04848 -0.50039
vn -0.88232 0.09167 -0.46164
vn -0.86444 0.12252 -0.48758
vn -0.88232 0.15945 -0.44282
vn -0.86444 0.19382 -0.46387
vn -0.88232 0.22366 -0.41411
vn -0.86444 0.26079 -0.4298
vn -0.88232 0.28288 -0.37615
vn -0.86444 0.32194 -0.38613
vn -0.88232 0.33579 -0.32978
vn -0.86444 0.37589 -0.33384
vn -0.88232 0.38119 -0.27605
vn -0.86444 0.42145 -0.27408
vn -0.88232 0.41807 -0.21616
vn -0.86444 0.45759 -0.20821
vn -0.88232 0.44562 -0.15143
vn -0.86444 0.48351 -0.13768
vn -0.88232 0.46321 -0.08332
vn -0.86444 0.49863 -0.06408
vn -0.88232 0.47046 -0.01336
vn -0.86444 0.50262 0.01095
vn -0.88232 0.46719 0.05691
vn -0.86444 0.49537 0.08574
vn -0.88232 0.45349 0.12591
vn -0.86444 0.47706 0.15861
vn -0.88232 0.42966 0.19209
vn -0.86444 0.44809 0.22794
vn -0.88232 0.39623 0.25398
vn -0.86444 0.40911 0.29218
vn -0.88232 0.35395 0.3102
vn -0.86444 0.36099 0.34989
vn -0.88232 0.30377 0.35949
vn -0.86444 0.30481 0.39979
vn -0.88232 0.2468 0.40075
vn -0.86444 0.24182 0.44075
vn -0.88232 0.18431 0.43306
vn -0.86444 0.17343 0.47187
vn -0.88232 0.11771 0.45569
vn -0.86444 0.10117 0.49245
vn -0.88232 0.04848 0.46815
vn -0.86444 0.02664 0.50203
vn -0.88232 -0.02184 0.47014
vn -0.91453 -0.03861 0.40268
vn -0.92876 -0.07178 0.36367
vn -0.91453 -0.0982 0.39243
vn -0.92876 -0.12518 0.34891
vn -0.91453 -0.15559 0.37341
vn -0.92876 -0.17578 0.32636
vn -0.91453 -0.2095 0.34605
vn -0.92876 -0.22246 0.29652
vn -0.91453 -0.25874 0.31096
vn -0.92876 -0.26417 0.26005
vn -0.91453 -0.3022 0.26892
vn -0.92876 -0.29998 0.21777
vn -0.91453 -0.3389 0.22088
vn -0.92876 -0.32908 0.17063
vn -0.91453 -0.36804 0.1679
vn -0.92876 -0.35084 0.11968
vn -0.91453 -0.38895 0.11117
vn -0.92876 -0.36476 0.06605
vn -0.91453 -0.40118 0.05196
vn -0.92876 -0.37053 0.01095
vn -0.91453 -0.40444 -0.00841
vn -0.92876 -0.36802 -0.0444
vn -0.91453 -0.39867 -0.06859
vn -0.92876 -0.35729 -0.09875
vn -0.91453 -0.38399 -0.12725
vn -0.92876 -0.33858 -0.1509
vn -0.91453 -0.36074 -0.18306
vn -0.92876 -0.31231 -0.19968
vn -0.91453 -0.32943 -0.23478
vn -0.92876 -0.27906 -0.244
vn -0.91453 -0.29075 -0.28125
vn -0.92876 -0.23958 -0.28286
vn -0.91453 -0.24559 -0.32145
vn -0.92876 -0.19474 -0.31541
vn -0.91453 -0.19494 -0.35446
vn -0.92876 -0.14556 -0.34091
vn -0.91453 -0.13993 -0.37955
vn -0.92876 -0.09312 -0.3588
vn -0.91453 -0.0818 -0.39617
vn -0.92876 -0.03861 -0.36867
vn -0.91453 -0.02184 -0.40394
vn -0.92876 0.01677 -0.37031
vn -0.91453 0.03861 -0.40268
vn -0.92876 0.07178 -0.36367
vn -0.91453 0.0982 -0.39243
vn -0.92876 0.12518 -0.34891
vn -0.91453 0.15559 -0.37341
vn -0.92876 0.17578 -0.32636
vn -0.91453 0.2095 -0.34605
vn -0.92876 0.22246 -0.29652
vn -0.91453 0.25874 -0.31096
vn -0.92876 0.26417 -0.26005
vn -0.91453 0.3022 -0.26892
vn -0.92876 0.29998 -0.21777
vn -0.91453 0.3389 -0.22088
vn -0.92876 0.32908 -0.17063
vn -0.91453 0.36804 -0.1679
vn -0.92876 0.35084 -0.11968
vn -0.91453 0.38895 -0.11117
vn -0.92876 0.36476 -0.06605
vn -0.91453 0.40118 -0.05196
vn -0.92876 0.37053 -0.01095
vn -0.91453 0.40444 0.00841
vn -0.92876 0.36802 0.0444
vn -0.91453 0.39867 0.06859
vn -0.92876 0.35729 0.09875
vn -0.91453 0.38399 0.12725
vn -0.92876 0.33858 0.1509
vn -0.91453 0.36074 0.18306
vn -0.92876 0.31231 0.19968
vn -0.91453 0.32943 0.23478
vn -0.92876 0.27906 0.244
vn -0.91453 0.29075 0.28125
vn -0.92876 0.23958 0.28286
vn -0.91453 0.24559 0.32145
vn -0.92876 0.19474 0.31541
vn -0.91453 0.19494 0.35446
vn -0.92876 0.14556 0.34091
vn -0.91453 0.13993 0.37955
vn -0.92876 0.09312 0.3588
vn -0.91453 0.0818 0.39617
vn -0.92876 0.03861 0.36867
vn -0.91453 0.02184 0.40394
vn -0.92876 -0.01677 0.37031
vn -0.95671 0.27618 0.09183
vn -0.9639 0.24343 0.1079
vn -0.95348 0.26904 0.13597
vn -0.9639 0.22463 0.14297
vn -0.95348 0.24577 0.17455
vn -0.9639 0.20081 0.17485
vn -0.95348 0.21701 0.20923
vn -0.9639 0.17251 0.20283
vn -0.95348 0.1834 0.23923
vn -0.9639 0.14035 0.22627
vn -0.95348 0.1457 0.2639
vn -0.96391 0.10485 0.24471
vn -0.95349 0.10453 0.28271
vn -0.96331 0.07822 0.25674
vn -0.95512 0.0782 0.28571
vn -0.96391 0.10485 -0.24471
vn -0.9639 0.12579 -0.23468
vn -0.95348 0.15569 -0.25813
vn -0.9639 0.15936 -0.21331
vn -0.95348 0.19242 -0.23204
vn -0.9639 0.18937 -0.18718
vn -0.95348 0.22486 -0.20077
vn -0.9639 0.21515 -0.15687
vn -0.95348 0.25227 -0.16501
vn -0.9639 0.23613 -0.12305
vn -0.95348 0.27405 -0.12557
vn -0.96336 0.25202 -0.09182
vn -0.95619 0.27978 -0.08615
vn -0.95671 -0.27618 -0.09183
vn -0.9639 -0.24343 -0.1079
vn -0.95348 -0.26904 -0.13597
vn -0.9639 -0.22463 -0.14297
vn -0.95348 -0.24577 -0.17455
vn -0.9639 -0.20081 -0.17485
vn -0.95348 -0.21701 -0.20923
vn -0.9639 -0.17251 -0.20283
vn -0.95348 -0.1834 -0.23923
vn -0.9639 -0.14035 -0.22627
vn -0.95348 -0.1457 -0.2639
vn -0.96391 -0.10485 -0.24471
vn -0.95349 -0.10453 -0.28271
vn -0.96331 -0.07822 -0.25674
vn -0.95512 -0.0782 -0.28571
vn -0.96391 -0.10485 0.24471
vn -0.9639 -0.12579 0.23468
vn -0.95348 -0.15569 0.25813
vn -0.9639 -0.15936 0.21331
vn -0.95348 -0.19242 0.23204
vn -0.9639 -0.18937 0.18718
vn -0.95348 -0.22486 0.20077
vn -0.9639 -0.21515 0.15687
vn -0.95348 -0.25227 0.16501
vn -0.9639 -0.23613 0.12305
vn -0.95348 -0.27405 0.12557
vn -0.96336 -0.25202 0.09182
vn -0.95619 -0.27978 0.08615
vn 1 -0 -0
vn 0 0.98011 0.19847
vn 0 0.92161 0.38813
vn 0 0.87806 0.47855
vn 0 0.76626 0.64253
vn 0 0.698 0.7161
vn 0 0.54283 0.83985
vn 0 0.45591 0.89002
vn 0 0.27116 0.96253
vn 0 0.17332 0.98487
vn -0 -0.0246 0.9997
vn -0 -0.12467 0.9922
vn -0 -0.31817 0.94803
vn -0 -0.41159 0.91137
vn -0 -0.58347 0.81213
vn -0 -0.66194 0.74956
vn -0 -0.79693 0.60407
vn -0 -0.85346 0.52115
vn -0 -0.93958 0.34233
vn -0 -0.96916 0.24643
vn -0 -0.99874 0.05018
vn -0 -0.99874 -0.05018
vn -0 -0.96916 -0.24643
vn -0 -0.93958 -0.34233
vn -0 -0.85346 -0.52115
vn -0 -0.79693 -0.60407
vn -0 -0.66194 -0.74956
vn -0 -0.58347 -0.81213
vn -0 -0.41159 -0.91137
vn -0 -0.31817 -0.94803
vn -0 -0.12467 -0.9922
vn -0 -0.0246 -0.9997
vn 0 0.17332 -0.98487
vn 0 0.27116 -0.96253
vn 0 0.45591 -0.89002
vn 0 0.54283 -0.83985
vn 0 0.698 -0.7161
vn 0 0.76626 -0.64253
vn 0 0.87806 -0.47855
vn 0 0.92161 -0.38813
vn 0 0.98011 -0.19847
vn 0 0.99506 -0.09924
vn 0 0.99506 0.09924
vn 0 0.98568 -0.16861
vn 0 0.99529 -0.09696
vn 0 0.97606 -0.2175
vn 0 0.95786 -0.28724
vn 0 0.94143 -0.33722
vn 0 0.85996 -0.51037
vn 0 0.89454 -0.44699
vn 0 0.91571 -0.40185
vn 0 0.65847 -0.7526
vn 0 0.70555 -0.70866
vn 0 0.74528 -0.66675
vn 0 0.79137 -0.61134
vn 0 0.82085 -0.57115
vn 0 0.62015 -0.78448
vn 0 0.5619 -0.8272
vn 0 0.50071 -0.86562
vn 0 0.45695 -0.88949
vn 0 0.39168 -0.9201
vn 0 0.33307 -0.9429
vn 0 0.15752 -0.98752
vn 0 0.22843 -0.97356
vn 0 0.27665 -0.96097
vn -0 -0.15752 -0.98752
vn -0 -0.10389 -0.99459
vn -0 -0.03603 -0.99935
vn 0 0.03609 -0.99935
vn 0 0.08584 -0.99631
vn -0 -0.20652 -0.97844
vn -0 -0.27666 -0.96097
vn -0 -0.34526 -0.93851
vn -0 -0.3916 -0.92013
vn -0 -0.45693 -0.8895
vn -0 -0.52 -0.85416
vn -0 -0.5619 -0.8272
vn -0 -0.62003 -0.78458
vn -0 -0.65914 -0.75202
vn -0 -0.79137 -0.61134
vn -0 -0.7452 -0.66684
vn -0 -0.71104 -0.70315
vn -0 -0.9423 -0.33476
vn -0 -0.91812 -0.39629
vn -0 -0.89448 -0.4471
vn -0 -0.85996 -0.51037
vn -0 -0.83346 -0.55258
vn -0 -0.95782 -0.28738
vn -0 -0.97606 -0.2175
vn -0 -0.98922 -0.14645
vn -0 -0.99529 -0.09697
vn -0 -0.99969 -0.02502
vn -0 -0.99935 0.03615
vn -0 -0.97606 0.2175
vn -0 -0.98922 0.14645
vn -0 -0.99529 0.09697
vn -0 -0.85996 0.51037
vn -0 -0.88709 0.4616
vn -0 -0.91573 0.40179
vn -0 -0.9423 0.33476
vn -0 -0.95782 0.28738
vn -0 -0.83346 0.55258
vn -0 -0.79137 0.61134
vn -0 -0.7452 0.66684
vn -0 -0.71104 0.70315
vn -0 -0.6585 0.75258
vn -0 -0.60308 0.79768
vn -0 -0.45693 0.8895
vn -0 -0.52 0.85416
vn -0 -0.5619 0.8272
vn -0 -0.27666 0.96097
vn -0 -0.34526 0.93851
vn -0 -0.3916 0.92013
vn 0 0.03609 0.99935
vn -0 -0.03175 0.9995
vn -0 -0.08598 0.9963
vn -0 -0.15752 0.98752
vn -0 -0.20652 0.97844
vn 0 0.08584 0.99631
vn 0 0.15752 0.98752
vn 0 0.22843 0.97356
vn 0 0.27665 0.96097
vn 0 0.34516 0.93854
vn 0 0.40033 0.91637
vn 0 0.5619 0.8272
vn 0 0.50071 0.86562
vn 0 0.45695 0.88949
vn 0 0.79137 0.61134
vn 0 0.75491 0.65583
vn 0 0.71099 0.7032
vn 0 0.65847 0.7526
vn 0 0.62015 0.78448
vn 0 0.82085 0.57115
vn 0 0.85996 0.51037
vn 0 0.89454 0.44699
vn 0 0.91571 0.40185
vn 0 0.94229 0.3348
vn 0 0.96333 0.26831
vn 0 0.99969 -0.02493
vn 0 0.99969 0.02493
vn 0 0.99529 0.09696
vn 0 0.98568 0.16861
vn 0 0.97606 0.2175
vn -0 0 -1
vn -0.5 0.86603 0
vn 0 -0 1
vn 0 1 0
vn -0.5 0 0.86603
vn -0 -1 -0
vn 0 -0 1
vn -0.5 -0.86603 -0
vn -0 0 -1
vn -0.5 0 -0.86603
vn 0 1 0
vn -1 0 0
vn 0 0.87926 0.47634
vn 0 0.34585 0.93829
vn 0 0.25854 0.966
vn 0 0.17186 0.98512
vn 0 0.24868 0.96859
vn 0 0.59123 0.8065
vn 0 0.51876 0.85492
vn 0 0.42692 0.90429
vn 0 0.76721 0.6414
vn 0 0.7225 0.69138
vn 0 0.65936 0.75183
vn 0 0.99997 0.00752
vn 0 0.96859 0.24868
vn 0 0.98378 0.17938
vn 0 0.96395 0.26607
vn 0 0.91737 0.39804
vn -0 -0.96405 0.26573
vn -0 -0.91751 0.3977
vn -0 -0.98378 0.17939
vn -0 -0.98512 0.17186
vn -0 -0.96859 0.24868
vn -0 -0.42697 0.90427
vn -0 -0.51876 0.85492
vn -0 -0.59117 0.80655
vn -0 -0.6593 0.75188
vn -0 -0.7225 0.69137
vn -0 -0.83135 0.55575
vn -0 -0.87927 0.47632
vn -0 -0.24868 0.96859
vn -0 -0.34624 0.93815
vn -0 -0.2589 0.9659
vn -0 -0.08701 0.99621
vn 0 0.96405 -0.26573
vn 0 0.91751 -0.3977
vn 0 0.98378 -0.17939
vn 0 0.98512 -0.17186
vn 0 0.96859 -0.24868
vn 0 0.42697 -0.90427
vn 0 0.51876 -0.85492
vn 0 0.59117 -0.80655
vn 0 0.6593 -0.75188
vn 0 0.7225 -0.69137
vn 0 0.83135 -0.55575
vn 0 0.87927 -0.47632
vn 0 0.24868 -0.96859
vn 0 0.34624 -0.93815
vn 0 0.2589 -0.9659
vn 0 0.08701 -0.99621
vn -0 -0.87926 -0.47634
vn -0 -0.34585 -0.93829
vn -0 -0.25854 -0.966
vn -0 -0.17186 -0.98512
vn -0 -0.24868 -0.96859
vn -0 -0.59123 -0.8065
vn -0 -0.51876 -0.85492
vn -0 -0.42692 -0.90429
vn -0 -0.76721 -0.6414
vn -0 -0.7225 -0.69138
vn -0 -0.65936 -0.75183
vn -0 -0.99997 -0.00752
vn -0 -0.96859 -0.24868
vn -0 -0.98378 -0.17938
vn -0 -0.96395 -0.26607
vn -0 -0.91737 -0.39804
vn 0.94497 -0.32707 0.00787
vn 0.94497 0.32707 -0.00787
vn 0.94496 0.32456 -0.04128
vn 0.94537 0.31374 0.08859
vn 0.94758 0.31175 0.07001
vn 0.94429 0.32434 0.05591
vn 0.9474 0.31769 0.03878
vn 0.94808 0.31791 0.0084
vn 0.97258 0.22075 0.07316
vn 0.9852 0.14861 0.08545
vn 0.98424 0.15539 0.08445
vn 0.97847 0.18611 0.08925
vn 0.98108 0.17922 0.07321
vn 0.97596 0.20532 0.0732
vn 0.98586 0.1426 0.08796
vn 0.98032 0.1622 0.11257
vn 0.98649 0.12911 0.10087
vn 0.98674 0.12393 0.10485
vn 0.98058 0.14269 0.13454
vn 0.98682 0.11122 0.11757
vn 0.98011 0.12105 0.15724
vn 0.98629 0.10346 0.12853
vn 0.98663 0.10724 0.12275
vn 0.9785 0.0785 0.19072
vn 0.98333 0.07856 0.16398
vn 0.97859 0.0995 0.18018
vn 0.98436 0.08941 0.15179
vn 0.98562 0.09193 0.14175
vn 0.9471 0.07132 0.31292
vn 0.95512 0.0782 0.28571
vn 0.96331 0.07822 0.25674
vn 0.95349 0.10453 0.28271
vn 0.94506 -0.01675 0.32647
vn 0.9479 0.01569 0.31817
vn 0.94469 0.03244 0.32635
vn 0.94469 0.06557 0.32135
vn 0.94424 -0.07238 0.32121
vn 0.94696 -0.05494 0.31661
vn 0.9479 -0.03244 0.31691
vn 0.98333 -0.07856 0.16398
vn 0.9785 -0.0785 0.19072
vn 0.98432 -0.07943 0.15752
vn 0.97957 -0.1003 0.17431
vn 0.98563 -0.09193 0.14173
vn 0.98624 -0.09444 0.13571
vn 0.98032 -0.12183 0.15536
vn 0.98663 -0.10724 0.12275
vn 0.98682 -0.11122 0.11757
vn 0.98058 -0.14268 0.13455
vn 0.98674 -0.12393 0.10485
vn 0.97604 -0.19843 0.08924
vn 0.98115 -0.17423 0.0836
vn 0.98423 -0.15542 0.08445
vn 0.98519 -0.14864 0.08545
vn 0.97963 -0.16788 0.11018
vn 0.98588 -0.13612 0.09749
vn 0.98649 -0.12911 0.10087
vn 0.9663 -0.2468 0.07322
vn 0.97258 -0.22075 0.07316
vn 0.97596 -0.20532 0.0732
vn 0.94537 -0.31374 0.08859
vn 0.94496 -0.32456 0.04128
vn 0.94741 -0.31519 0.05539
vn 0.94758 -0.31175 0.07001
vn 0.94537 -0.31374 -0.08859
vn 0.94758 -0.31175 -0.07001
vn 0.94429 -0.32434 -0.05591
vn 0.9474 -0.31769 -0.03878
vn 0.94808 -0.31791 -0.0084
vn 0.97258 -0.22075 -0.07316
vn 0.9852 -0.14861 -0.08545
vn 0.98424 -0.15539 -0.08445
vn 0.97847 -0.18611 -0.08925
vn 0.98108 -0.17922 -0.07321
vn 0.97596 -0.20532 -0.0732
vn 0.98586 -0.1426 -0.08796
vn 0.98032 -0.1622 -0.11257
vn 0.98649 -0.12911 -0.10087
vn 0.98674 -0.12393 -0.10485
vn 0.98058 -0.14269 -0.13454
vn 0.98682 -0.11122 -0.11757
vn 0.98011 -0.12105 -0.15724
vn 0.98629 -0.10346 -0.12853
vn 0.98663 -0.10724 -0.12275
vn 0.9785 -0.0785 -0.19072
vn 0.98333 -0.07856 -0.16398
vn 0.97859 -0.0995 -0.18018
vn 0.98436 -0.08941 -0.15179
vn 0.98562 -0.09193 -0.14175
vn 0.9471 -0.07132 -0.31292
vn 0.95512 -0.0782 -0.28571
vn 0.96331 -0.07822 -0.25674
vn 0.95349 -0.10453 -0.28271
vn 0.94506 0.01675 -0.32647
vn 0.9479 -0.01569 -0.31817
vn 0.94469 -0.03244 -0.32635
vn 0.94469 -0.06557 -0.32135
vn 0.94424 0.07238 -0.32121
vn 0.94696 0.05494 -0.31661
vn 0.9479 0.03244 -0.31691
vn 0.98333 0.07856 -0.16398
vn 0.9785 0.0785 -0.19072
vn 0.98432 0.07943 -0.15752
vn 0.97957 0.1003 -0.17431
vn 0.98563 0.09193 -0.14173
vn 0.98624 0.09444 -0.13571
vn 0.98032 0.12183 -0.15536
vn 0.98663 0.10724 -0.12275
vn 0.98682 0.11122 -0.11757
vn 0.98058 0.14268 -0.13455
vn 0.98674 0.12393 -0.10485
vn 0.97604 0.19843 -0.08924
vn 0.98115 0.17423 -0.0836
vn 0.98423 0.15542 -0.08445
vn 0.98519 0.14864 -0.08545
vn 0.97963 0.16788 -0.11018
vn 0.98588 0.13612 -0.09749
vn 0.98649 0.12911 -0.10087
vn 0.9663 0.2468 -0.07322
vn 0.97258 0.22075 -0.07316
vn 0.97596 0.20532 -0.0732
vn 0.94741 0.31519 -0.05539
vn 0.94758 0.31175 -0.07001
vn 0.94537 0.31374 -0.08859
vn 0.82519 -0.13512 0.54845
vn 0.80328 -0.16991 0.57084
vn 0.80382 -0.20484 0.5585
vn 0.82514 -0.22084 0.51998
vn 0.80335 -0.2656 0.533
vn 0.8252 -0.27586 0.49289
vn 0.8037 -0.31587 0.50428
vn 0.80368 -0.35317 0.47893
vn 0.82521 -0.3572 0.43754
vn 0.80338 -0.39829 0.44266
vn 0.80382 -0.42688 0.41431
vn 0.82514 -0.42458 0.37267
vn 0.80325 -0.46868 0.36759
vn 0.82518 -0.46056 0.32704
vn 0.80375 -0.5016 0.31997
vn 0.80362 -0.52455 0.28115
vn 0.82522 -0.51027 0.24215
vn 0.80347 -0.54957 0.22895
vn 0.80382 -0.56437 0.18807
vn 0.82514 -0.54423 0.15154
vn 0.80315 -0.5812 0.13101
vn 0.82515 -0.55634 0.09801
vn 0.8038 -0.5903 0.07384
vn 0.80327 -0.59491 0.02894
vn 0.82497 -0.56518 0
vn 0.80327 -0.59491 -0.02894
vn 0.8038 -0.5903 -0.07384
vn 0.82515 -0.55634 -0.09801
vn 0.80315 -0.5812 -0.13101
vn 0.80382 -0.57224 -0.16253
vn 0.82514 -0.53503 -0.18136
vn 0.80347 -0.54957 -0.22895
vn 0.82522 -0.51027 -0.24215
vn 0.80362 -0.52455 -0.28115
vn 0.80375 -0.5016 -0.31997
vn 0.82518 -0.46056 -0.32704
vn 0.80325 -0.46868 -0.36759
vn 0.80382 -0.44505 -0.39472
vn 0.82514 -0.40335 -0.39554
vn 0.80338 -0.39829 -0.44266
vn 0.82521 -0.3572 -0.43754
vn 0.80368 -0.35317 -0.47893
vn 0.8037 -0.31587 -0.50428
vn 0.8252 -0.27586 -0.49289
vn 0.80335 -0.2656 -0.533
vn 0.80382 -0.22971 -0.54873
vn 0.82514 -0.19179 -0.53138
vn 0.80328 -0.16991 -0.57084
vn 0.82519 -0.13512 -0.54845
vn 0.80374 -0.11355 -0.58405
vn 0.80364 -0.069 -0.5911
vn 0.82522 -0.03791 -0.56354
vn 0.80344 -0.01127 -0.59528
vn 0.80382 0.03112 -0.59406
vn 0.82514 0.05776 -0.56197
vn 0.80318 0.09144 -0.58867
vn 0.82516 0.11307 -0.55346
vn 0.80378 0.14797 -0.57623
vn 0.80357 0.19128 -0.56364
vn 0.82522 0.20735 -0.52537
vn 0.80352 0.24515 -0.54246
vn 0.80381 0.28533 -0.52199
vn 0.82514 0.29541 -0.48153
vn 0.80311 0.3352 -0.4926
vn 0.80382 0.36036 -0.47331
vn 0.82514 0.36429 -0.43178
vn 0.80349 0.41465 -0.42716
vn 0.82522 0.41256 -0.38574
vn 0.80359 0.45408 -0.38477
vn 0.80377 0.48172 -0.34914
vn 0.82517 0.47329 -0.30835
vn 0.80322 0.51399 -0.30108
vn 0.80382 0.53003 -0.27008
vn 0.82514 0.51556 -0.23096
vn 0.80341 0.55791 -0.20802
vn 0.82521 0.53811 -0.17163
vn 0.80366 0.57515 -0.15275
vn 0.80372 0.58499 -0.10874
vn 0.8252 0.55976 -0.07565
vn 0.80332 0.59332 -0.05145
vn 0.80382 0.59473 -0.01336
vn 0.82514 0.56472 0.0156
vn 0.80332 0.59332 0.05145
vn 0.8252 0.55976 0.07565
vn 0.80372 0.58499 0.10874
vn 0.80366 0.57515 0.15275
vn 0.82521 0.53811 0.17163
vn 0.80341 0.55791 0.20802
vn 0.80382 0.54163 0.246
vn 0.82514 0.50202 0.25908
vn 0.80322 0.51399 0.30108
vn 0.82517 0.47329 0.30835
vn 0.80377 0.48172 0.34914
vn 0.80359 0.45408 0.38477
vn 0.82522 0.41256 0.38574
vn 0.80349 0.41465 0.42716
vn 0.80382 0.38125 0.45664
vn 0.82514 0.3399 0.45124
vn 0.80311 0.3352 0.4926
vn 0.82514 0.29541 0.48153
vn 0.80381 0.28533 0.52199
vn 0.80352 0.24515 0.54246
vn 0.82522 0.20735 0.52537
vn 0.80357 0.19128 0.56364
vn 0.80378 0.14797 0.57623
vn 0.82516 0.11307 0.55346
vn 0.80318 0.09144 0.58867
vn 0.80382 0.05777 0.59206
vn 0.82514 0.02664 0.5643
vn 0.80344 -0.01127 0.59528
vn 0.82522 -0.03791 0.56354
vn 0.80364 -0.069 0.5911
vn 0.80374 -0.11355 0.58405
vn 0.86444 0.04848 0.50039
vn 0.88232 0.09167 0.46164
vn 0.86444 0.12252 0.48758
vn 0.88232 0.15945 0.44282
vn 0.86444 0.19382 0.46387
vn 0.88232 0.22366 0.41411
vn 0.86444 0.26079 0.4298
vn 0.88232 0.28288 0.37615
vn 0.86444 0.32194 0.38613
vn 0.88232 0.33579 0.32978
vn 0.86444 0.37589 0.33384
vn 0.88232 0.38119 0.27605
vn 0.86444 0.42145 0.27408
vn 0.88232 0.41807 0.21616
vn 0.86444 0.45759 0.20821
vn 0.88232 0.44562 0.15143
vn 0.86444 0.48351 0.13768
vn 0.88232 0.46321 0.08332
vn 0.86444 0.49863 0.06408
vn 0.88232 0.47046 0.01336
vn 0.86444 0.50262 -0.01095
vn 0.88232 0.46719 -0.05691
vn 0.86444 0.49537 -0.08574
vn 0.88232 0.45349 -0.12591
vn 0.86444 0.47706 -0.15861
vn 0.88232 0.42966 -0.19209
vn 0.86444 0.44809 -0.22794
vn 0.88232 0.39623 -0.25398
vn 0.86444 0.40911 -0.29218
vn 0.88232 0.35395 -0.3102
vn 0.86444 0.36099 -0.34989
vn 0.88232 0.30377 -0.35949
vn 0.86444 0.30481 -0.39979
vn 0.88232 0.2468 -0.40075
vn 0.86444 0.24182 -0.44075
vn 0.88232 0.18431 -0.43306
vn 0.86444 0.17343 -0.47187
vn 0.88232 0.11771 -0.45569
vn 0.86444 0.10117 -0.49245
vn 0.88232 0.04848 -0.46815
vn 0.86444 0.02664 -0.50203
vn 0.88232 -0.02184 -0.47014
vn 0.86444 -0.04848 -0.50039
vn 0.88232 -0.09167 -0.46164
vn 0.86444 -0.12252 -0.48758
vn 0.88232 -0.15945 -0.44282
vn 0.86444 -0.19382 -0.46387
vn 0.88232 -0.22366 -0.41411
vn 0.86444 -0.26079 -0.4298
vn 0.88232 -0.28288 -0.37615
vn 0.86444 -0.32194 -0.38613
vn 0.88232 -0.33579 -0.32978
vn 0.86444 -0.37589 -0.33384
vn 0.88232 -0.38119 -0.27605
vn 0.86444 -0.42145 -0.27408
vn 0.88232 -0.41807 -0.21616
vn 0.86444 -0.45759 -0.20821
vn 0.88232 -0.44562 -0.15143
vn 0.86444 -0.48351 -0.13768
vn 0.88232 -0.46321 -0.08332
vn 0.86444 -0.49863 -0.06408
vn 0.88232 -0.47046 -0.01336
vn 0.86444 -0.50262 0.01095
vn 0.88232 -0.46719 0.05691
vn 0.86444 -0.49537 0.08574
vn 0.88232 -0.45349 0.12591
vn 0.86444 -0.47706 0.15861
vn 0.88232 -0.42966 0.19209
vn 0.86444 -0.44809 0.22794
vn 0.88232 -0.39623 0.25398
vn 0.86444 -0.40911 0.29218
vn 0.88232 -0.35395 0.3102
vn 0.86444 -0.36099 0.34989
vn 0.88232 -0.30377 0.35949
vn 0.86444 -0.30481 0.39979
vn 0.88232 -0.2468 0.40075
vn 0.86444 -0.24182 0.44075
vn 0.88232 -0.18431 0.43306
vn 0.86444 -0.17343 0.47187
vn 0.88232 -0.11771 0.45569
vn 0.86444 -0.10117 0.49245
vn 0.88232 -0.04848 0.46815
vn 0.86444 -0.02664 0.50203
vn 0.88232 0.02184 0.47014
vn 0.91453 0.03861 0.40268
vn 0.92876 0.07178 0.36367
vn 0.91453 0.0982 0.39243
vn 0.92876 0.12518 0.34891
vn 0.91453 0.15559 0.37341
vn 0.92876 0.17578 0.32636
vn 0.91453 0.2095 0.34605
vn 0.92876 0.22246 0.29652
vn 0.91453 0.25874 0.31096
vn 0.92876 0.26417 0.26005
vn 0.91453 0.3022 0.26892
vn 0.92876 0.29998 0.21777
vn 0.91453 0.3389 0.22088
vn 0.92876 0.32908 0.17063
vn 0.91453 0.36804 0.1679
vn 0.92876 0.35084 0.11968
vn 0.91453 0.38895 0.11117
vn 0.92876 0.36476 0.06605
vn 0.91453 0.40118 0.05196
vn 0.92876 0.37053 0.01095
vn 0.91453 0.40444 -0.00841
vn 0.92876 0.36802 -0.0444
vn 0.91453 0.39867 -0.06859
vn 0.92876 0.35729 -0.09875
vn 0.91453 0.38399 -0.12725
vn 0.92876 0.33858 -0.1509
vn 0.91453 0.36074 -0.18306
vn 0.92876 0.31231 -0.19968
vn 0.91453 0.32943 -0.23478
vn 0.92876 0.27906 -0.244
vn 0.91453 0.29075 -0.28125
vn 0.92876 0.23958 -0.28286
vn 0.91453 0.24559 -0.32145
vn 0.92876 0.19474 -0.31541
vn 0.91453 0.19494 -0.35446
vn 0.92876 0.14556 -0.34091
vn 0.91453 0.13993 -0.37955
vn 0.92876 0.09312 -0.3588
vn 0.91453 0.0818 -0.39617
vn 0.92876 0.03861 -0.36867
vn 0.91453 0.02184 -0.40394
vn 0.92876 -0.01677 -0.37031
vn 0.91453 -0.03861 -0.40268
vn 0.92876 -0.07178 -0.36367
vn 0.91453 -0.0982 -0.39243
vn 0.92876 -0.12518 -0.34891
vn 0.91453 -0.15559 -0.37341
vn 0.92876 -0.17578 -0.32636
vn 0.91453 -0.2095 -0.34605
vn 0.92876 -0.22246 -0.29652
vn 0.91453 -0.25874 -0.31096
vn 0.92876 -0.26417 -0.26005
vn 0.91453 -0.3022 -0.26892
vn 0.92876 -0.29998 -0.21777
vn 0.91453 -0.3389 -0.22088
vn 0.92876 -0.32908 -0.17063
vn 0.91453 -0.36804 -0.1679
vn 0.92876 -0.35084 -0.11968
vn 0.91453 -0.38895 -0.11117
vn 0.92876 -0.36476 -0.06605
vn 0.91453 -0.40118 -0.05196
vn 0.92876 -0.37053 -0.01095
vn 0.91453 -0.40444 0.00841
vn 0.92876 -0.36802 0.0444
vn 0.91453 -0.39867 0.06859
vn 0.92876 -0.35729 0.09875
vn 0.91453 -0.38399 0.12725
vn 0.92876 -0.33858 0.1509
vn 0.91453 -0.36074 0.18306
vn 0.92876 -0.31231 0.19968
vn 0.91453 -0.32943 0.23478
vn 0.92876 -0.27906 0.244
vn 0.91453 -0.29075 0.28125
vn 0.92876 -0.23958 0.28286
vn 0.91453 -0.24559 0.32145
vn 0.92876 -0.19474 0.31541
vn 0.91453 -0.19494 0.35446
vn 0.92876 -0.14556 0.34091
vn 0.91453 -0.13993 0.37955
vn 0.92876 -0.09312 0.3588
vn 0.91453 -0.0818 0.39617
vn 0.92876 -0.03861 0.36867
vn 0.91453 -0.02184 0.40394
vn 0.92876 0.01677 0.37031
vn 0.95671 -0.27618 0.09183
vn 0.9639 -0.24343 0.1079
vn 0.95348 -0.26904 0.13597
vn 0.9639 -0.22463 0.14297
vn 0.95348 -0.24577 0.17455
vn 0.9639 -0.20081 0.17485
vn 0.95348 -0.21701 0.20923
vn 0.9639 -0.17251 0.20283
vn 0.95348 -0.1834 0.23923
vn 0.9639 -0.14035 0.22627
vn 0.95348 -0.1457 0.2639
vn 0.96391 -0.10485 0.24471
vn 0.95349 -0.10453 0.28271
vn 0.96331 -0.07822 0.25674
vn 0.95512 -0.0782 0.28571
vn 0.96391 -0.10485 -0.24471
vn 0.9639 -0.12579 -0.23468
vn 0.95348 -0.15569 -0.25813
vn 0.9639 -0.15936 -0.21331
vn 0.95348 -0.19242 -0.23204
vn 0.9639 -0.18937 -0.18718
vn 0.95348 -0.22486 -0.20077
vn 0.9639 -0.21515 -0.15687
vn 0.95348 -0.25227 -0.16501
vn 0.9639 -0.23613 -0.12305
vn 0.95348 -0.27405 -0.12557
vn 0.96336 -0.25202 -0.09182
vn 0.95619 -0.27978 -0.08615
vn 0.95671 0.27618 -0.09183
vn 0.9639 0.24343 -0.1079
vn 0.95348 0.26904 -0.13597
vn 0.9639 0.22463 -0.14297
vn 0.95348 0.24577 -0.17455
vn 0.9639 0.20081 -0.17485
vn 0.95348 0.21701 -0.20923
vn 0.9639 0.17251 -0.20283
vn 0.95348 0.1834 -0.23923
vn 0.9639 0.14035 -0.22627
vn 0.95348 0.1457 -0.2639
vn 0.96391 0.10485 -0.24471
vn 0.95349 0.10453 -0.28271
vn 0.96331 0.07822 -0.25674
vn 0.95512 0.0782 -0.28571
vn 0.96391 0.10485 0.24471
vn 0.9639 0.12579 0.23468
vn 0.95348 0.15569 0.25813
vn 0.9639 0.15936 0.21331
vn 0.95348 0.19242 0.23204
vn 0.9639 0.18937 0.18718
vn 0.95348 0.22486 0.20077
vn 0.9639 0.21515 0.15687
vn 0.95348 0.25227 0.16501
vn 0.9639 0.23613 0.12305
vn 0.95348 0.27405 0.12557
vn 0.96336 0.25202 0.09182
vn 0.95619 0.27978 0.08615
vn -1 0 -0
vn -0 -0.98011 0.19847
vn -0 -0.92161 0.38813
vn -0 -0.87806 0.47855
vn -0 -0.76626 0.64253
vn -0 -0.698 0.7161
vn -0 -0.54283 0.83985
vn -0 -0.45591 0.89002
vn -0 -0.27116 0.96253
vn -0 -0.17332 0.98487
vn 0 0.0246 0.9997
vn 0 0.12467 0.9922
vn 0 0.31817 0.94803
vn 0 0.41159 0.91137
vn 0 0.58347 0.81213
vn 0 0.66194 0.74956
vn 0 0.79693 0.60407
vn 0 0.85346 0.52115
vn 0 0.93958 0.34233
vn 0 0.96916 0.24643
vn 0 0.99874 0.05018
vn 0 0.99874 -0.05018
vn 0 0.96916 -0.24643
vn 0 0.93958 -0.34233
vn 0 0.85346 -0.52115
vn 0 0.79693 -0.60407
vn 0 0.66194 -0.74956
vn 0 0.58347 -0.81213
vn 0 0.41159 -0.91137
vn 0 0.31817 -0.94803
vn 0 0.12467 -0.9922
vn 0 0.0246 -0.9997
vn -0 -0.17332 -0.98487
vn -0 -0.27116 -0.96253
vn -0 -0.45591 -0.89002
vn -0 -0.54283 -0.83985
vn -0 -0.698 -0.7161
vn -0 -0.76626 -0.64253
vn -0 -0.87806 -0.47855
vn -0 -0.92161 -0.38813
vn -0 -0.98011 -0.19847
vn -0 -0.99506 -0.09924
vn -0 -0.99506 0.09924
vn -0 -0.98568 -0.16861
vn -0 -0.99529 -0.09696
vn -0 -0.97606 -0.2175
vn -0 -0.95786 -0.28724
vn -0 -0.94143 -0.33722
vn -0 -0.85996 -0.51037
vn -0 -0.89454 -0.44699
vn -0 -0.91571 -0.40185
vn -0 -0.65847 -0.7526
vn -0 -0.70555 -0.70866
vn -0 -0.74528 -0.66675
vn -0 -0.79137 -0.61134
vn -0 -0.82085 -0.57115
vn -0 -0.62015 -0.78448
vn -0 -0.5619 -0.8272
vn -0 -0.50071 -0.86562
vn -0 -0.45695 -0.88949
vn -0 -0.39168 -0.9201
vn -0 -0.33307 -0.9429
vn -0 -0.15752 -0.98752
vn -0 -0.22843 -0.97356
vn -0 -0.27665 -0.96097
vn 0 0.15752 -0.98752
vn 0 0.10389 -0.99459
vn 0 0.03603 -0.99935
vn -0 -0.03609 -0.99935
vn -0 -0.08584 -0.99631
vn 0 0.20652 -0.97844
vn 0 0.27666 -0.96097
vn 0 0.34526 -0.93851
vn 0 0.3916 -0.92013
vn 0 0.45693 -0.8895
vn 0 0.52 -0.85416
vn 0 0.5619 -0.8272
vn 0 0.62003 -0.78458
vn 0 0.65914 -0.75202
vn 0 0.79137 -0.61134
vn 0 0.7452 -0.66684
vn 0 0.71104 -0.70315
vn 0 0.9423 -0.33476
vn 0 0.91812 -0.39629
vn 0 0.89448 -0.4471
vn 0 0.85996 -0.51037
vn 0 0.83346 -0.55258
vn 0 0.95782 -0.28738
vn 0 0.97606 -0.2175
vn 0 0.98922 -0.14645
vn 0 0.99529 -0.09697
vn 0 0.99969 -0.02502
vn 0 0.99935 0.03615
vn 0 0.97606 0.2175
vn 0 0.98922 0.14645
vn 0 0.99529 0.09697
vn 0 0.85996 0.51037
vn 0 0.88709 0.4616
vn 0 0.91573 0.40179
vn 0 0.9423 0.33476
vn 0 0.95782 0.28738
vn 0 0.83346 0.55258
vn 0 0.79137 0.61134
vn 0 0.7452 0.66684
vn 0 0.71104 0.70315
vn 0 0.6585 0.75258
vn 0 0.60308 0.79768
vn 0 0.45693 0.8895
vn 0 0.52 0.85416
vn 0 0.5619 0.8272
vn 0 0.27666 0.96097
vn 0 0.34526 0.93851
vn 0 0.3916 0.92013
vn -0 -0.03609 0.99935
vn 0 0.03175 0.9995
vn 0 0.08598 0.9963
vn 0 0.15752 0.98752
vn 0 0.20652 0.97844
vn -0 -0.08584 0.99631
vn -0 -0.15752 0.98752
vn -0 -0.22843 0.97356
vn -0 -0.27665 0.96097
vn -0 -0.34516 0.93854
vn -0 -0.40033 0.91637
vn -0 -0.5619 0.8272
vn -0 -0.50071 0.86562
vn -0 -0.45695 0.88949
vn -0 -0.79137 0.61134
vn -0 -0.75491 0.65583
vn -0 -0.71099 0.7032
vn -0 -0.65847 0.7526
vn -0 -0.62015 0.78448
vn -0 -0.82085 0.57115
vn -0 -0.85996 0.51037
vn -0 -0.89454 0.44699
vn -0 -0.91571 0.40185
vn -0 -0.94229 0.3348
vn -0 -0.96333 0.26831
vn -0 -0.99969 -0.02493
vn -0 -0.99969 0.02493
vn -0 -0.99529 0.09696
vn -0 -0.98568 0.16861
vn -0 -0.97606 0.2175
vn 0 -0 -1
vn 0.5 -0.86603 0
vn -0 0 1
vn -0 -1 0
vn 0.5 -0 0.86603
vn 0 1 -0
vn -0 0 1
vn 0.5 0.86603 0
vn 0 -0 -1
vn 0.5 -0 -0.86603
vn -0 -1 0
vn 1 -0 0
vn -0 -0.87926 0.47634
vn -0 -0.34585 0.93829
vn -0 -0.25854 0.966
vn -0 -0.17186 0.98512
vn -0 -0.24868 0.96859
vn -0 -0.59123 0.8065
vn -0 -0.51876 0.85492
vn -0 -0.42692 0.90429
vn -0 -0.76721 0.6414
vn -0 -0.7225 0.69138
vn -0 -0.65936 0.75183
vn -0 -0.99997 0.00752
vn -0 -0.96859 0.24868
vn -0 -0.98378 0.17938
vn -0 -0.96395 0.26607
vn -0 -0.91737 0.39804
vn 0 0.96405 0.26573
vn 0 0.91751 0.3977
vn 0 0.98378 0.17939
vn 0 0.98512 0.17186
vn 0 0.96859 0.24868
vn 0 0.42697 0.90427
vn 0 0.51876 0.85492
vn 0 0.59117 0.80655
vn 0 0.6593 0.75188
vn 0 0.7225 0.69137
vn 0 0.83135 0.55575
vn 0 0.87927 0.47632
vn 0 0.24868 0.96859
vn 0 0.34624 0.93815
vn 0 0.2589 0.9659
vn 0 0.08701 0.99621
vn -0 -0.96405 -0.26573
vn -0 -0.91751 -0.3977
vn -0 -0.98378 -0.17939
vn -0 -0.98512 -0.17186
vn -0 -0.96859 -0.24868
vn -0 -0.42697 -0.90427
vn -0 -0.51876 -0.85492
vn -0 -0.59117 -0.80655
vn -0 -0.6593 -0.75188
vn -0 -0.7225 -0.69137
vn -0 -0.83135 -0.55575
vn -0 -0.87927 -0.47632
vn -0 -0.24868 -0.96859
vn -0 -0.34624 -0.93815
vn -0 -0.2589 -0.9659
vn -0 -0.08701 -0.99621
vn 0 0.87926 -0.47634
vn 0 0.34585 -0.93829
vn 0 0.25854 -0.966
vn 0 0.17186 -0.98512
vn 0 0.24868 -0.96859
vn 0 0.59123 -0.8065
vn 0 0.51876 -0.85492
vn 0 0.42692 -0.90429
vn 0 0.76721 -0.6414
vn 0 0.7225 -0.69138
vn 0 0.65936 -0.75183
vn 0 0.99997 -0.00752
vn 0 0.96859 -0.24868
vn 0 0.98378 -0.17938
vn 0 0.96395 -0.26607
vn 0 0.91737 -0.39804
vn 1 -0 -0
vn -0 -0.99189 0.12712
vn -0 -0.99976 -0.02185
vn -0 -0.99531 -0.09678
vn -0 -0.96983 -0.24377
vn -0 -0.94882 -0.31583
vn -0 -0.89127 -0.45347
vn -0 -0.85475 -0.51904
vn -0 -0.76802 -0.64042
vn -0 -0.71782 -0.69623
vn -0 -0.60626 -0.79527
vn -0 -0.5449 -0.8385
vn -0 -0.41409 -0.91023
vn -0 -0.34465 -0.93873
vn -0 -0.20117 -0.97956
vn -0 -0.12712 -0.99189
vn 0 0.02185 -0.99976
vn 0 0.09678 -0.99531
vn 0 0.24377 -0.96983
vn 0 0.31583 -0.94882
vn 0 0.45347 -0.89127
vn 0 0.51904 -0.85475
vn 0 0.64042 -0.76802
vn 0 0.69623 -0.71782
vn 0 0.79527 -0.60626
vn 0 0.8385 -0.5449
vn 0 0.91023 -0.41409
vn 0 0.93873 -0.34465
vn 0 0.97956 -0.20117
vn 0 0.99189 -0.12712
vn 0 0.99976 0.02185
vn 0 0.99531 0.09678
vn 0 0.96983 0.24377
vn 0 0.94882 0.31583
vn 0 0.89127 0.45347
vn 0 0.85475 0.51904
vn 0 0.76802 0.64042
vn 0 0.71782 0.69623
vn 0 0.60626 0.79527
vn 0 0.5449 0.8385
vn 0 0.41409 0.91023
vn 0 0.34465 0.93873
vn 0 0.20117 0.97956
vn 0 0.12712 0.99189
vn -0 -0.02185 0.99976
vn -0 -0.09678 0.99531
vn -0 -0.24377 0.96983
vn -0 -0.31583 0.94882
vn -0 -0.45347 0.89127
vn -0 -0.51904 0.85475
vn -0 -0.64042 0.76802
vn -0 -0.69623 0.71782
vn -0 -0.79527 0.60626
vn -0 -0.8385 0.5449
vn -0 -0.91023 0.41409
vn -0 -0.93873 0.34465
vn -0 -0.97956 0.20117
vn -0 -0.93562 0.35301
vn -0 -0.90263 0.43042
vn -0 -0.81844 0.5746
vn -0 -0.76723 0.64137
vn -0 -0.64983 0.76008
vn -0 -0.58362 0.81202
vn -0 -0.44039 0.89781
vn -0 -0.36335 0.93165
vn -0 -0.20327 0.97912
vn -0 -0.12024 0.99274
vn 0 0.04661 0.99891
vn 0 0.13042 0.99146
vn 0 0.29357 0.95594
vn 0 0.37289 0.92787
vn 0 0.52207 0.8529
vn 0 0.59193 0.80599
vn 0 0.71778 0.69627
vn 0 0.77378 0.63346
vn 0 0.86839 0.49589
vn 0 0.907 0.42113
vn 0 0.96443 0.26435
vn 0 0.98324 0.18234
vn 0 0.99987 0.0162
vn 0 0.99769 -0.06791
vn 0 0.97249 -0.23296
vn 0 0.94946 -0.31389
vn 0 0.884 -0.46749
vn 0 0.84157 -0.54015
vn 0 0.73997 -0.67264
vn 0 0.6808 -0.73247
vn 0 0.54944 -0.83553
vn 0 0.47725 -0.87877
vn 0 0.32439 -0.94592
vn 0 0.24371 -0.96985
vn 0 0.07895 -0.99688
vn -0 -0.00513 -0.99999
vn -0 -0.17144 -0.98519
vn -0 -0.25366 -0.96729
vn -0 -0.41106 -0.91161
vn -0 -0.48625 -0.87382
vn -0 -0.62485 -0.78074
vn -0 -0.68828 -0.72545
vn -0 -0.79939 -0.60082
vn -0 -0.84707 -0.53149
vn -0 -0.92369 -0.38314
vn -0 -0.95263 -0.30413
vn -0 -0.98995 -0.14139
vn -0 -0.99834 -0.05767
vn -0 -0.99402 0.10924
vn -0 -0.98131 0.19242
vn -1 0 0
vn 0 0.97723 -0.2122
vn 0 0.98874 -0.14963
vn 0 0.99973 -0.02342
vn 0 0.99919 0.0402
vn 0 0.98609 0.1662
vn 0 0.97353 0.22857
vn 0 0.93682 0.34981
vn 0 0.91268 0.40868
vn 0 0.85369 0.52079
vn 0 0.81884 0.57402
vn 0 0.7397 0.67294
vn 0 0.69541 0.71861
vn 0 0.59898 0.80076
vn 0 0.54684 0.83724
vn 0 0.43661 0.89965
vn 0 0.37851 0.9256
vn 0 0.25846 0.96602
vn 0 0.1965 0.9805
vn 0 0.07097 0.99748
vn 0 0.00739 0.99997
vn -0 -0.11909 0.99288
vn -0 -0.18199 0.9833
vn -0 -0.30484 0.9524
vn -0 -0.36479 0.93109
vn -0 -0.47958 0.8775
vn -0 -0.53441 0.84523
vn -0 -0.63698 0.77088
vn -0 -0.68471 0.72881
vn -0 -0.77136 0.6364
vn -0 -0.81027 0.58606
vn -0 -0.87786 0.47892
vn -0 -0.90654 0.42213
vn -0 -0.95263 0.30413
vn -0 -0.97004 0.24293
vn -0 -0.99297 0.11835
vn -0 -0.99849 0.05496
vn -0 -0.99743 -0.07171
vn -0 -0.99085 -0.135
vn -0 -0.96583 -0.25918
vn -0 -0.94739 -0.32008
vn -0 -0.89933 -0.43728
vn -0 -0.8697 -0.49359
vn -0 -0.80032 -0.59958
vn -0 -0.76057 -0.64926
vn -0 -0.67238 -0.7402
vn -0 -0.62395 -0.78146
vn -0 -0.52015 -0.85408
vn -0 -0.46478 -0.88543
vn -0 -0.34911 -0.93708
vn -0 -0.28881 -0.95738
vn -0 -0.16546 -0.98622
vn -0 -0.10241 -0.99474
vn 0 0.02417 -0.99971
vn 0 0.0877 -0.99615
vn 0 0.21293 -0.97707
vn 0 0.27463 -0.96155
vn 0 0.39399 -0.91911
vn 0 0.45165 -0.8922
vn 0 0.56082 -0.82794
vn 0 0.61233 -0.7906
vn 0 0.70737 -0.70684
vn 0 0.75089 -0.66043
vn 0 0.82836 -0.5602
vn 0 0.86231 -0.50639
vn 0 0.91941 -0.39331
vn 0 0.94256 -0.33404
vn 0 0.8385 -0.5449
vn 0 0.69623 -0.71782
vn 0 0.51904 -0.85475
vn 0 0.45347 -0.89127
vn 0 0.24377 -0.96983
vn 0 0.02185 -0.99976
vn -0 -0.5449 -0.8385
vn -0 -0.71782 -0.69623
vn -0 -0.85475 -0.51904
vn -0 -0.89127 -0.45347
vn -0 -0.96983 -0.24377
vn -0 -0.99976 -0.02185
vn -0 -0.8385 0.5449
vn -0 -0.69623 0.71782
vn -0 -0.51904 0.85475
vn -0 -0.45347 0.89127
vn -0 -0.24377 0.96983
vn -0 -0.02185 0.99976
vn 0 0.5449 0.8385
vn 0 0.71782 0.69623
vn 0 0.85475 0.51904
vn 0 0.89127 0.45347
vn 0 0.96983 0.24377
vn 0 0.99976 0.02185
vn 0 0.92586 -0.37787
vn 0 0.87872 -0.47733
vn 0 0.85104 -0.52511
vn 0 0.78817 -0.61545
vn 0 0.753 -0.65802
vn 0 0.67612 -0.73679
vn 0 0.63442 -0.77299
vn 0 0.54563 -0.83803
vn 0 0.49854 -0.86687
vn 0 0.40025 -0.9164
vn 0 0.34906 -0.9371
vn 0 0.24396 -0.96979
vn 0 0.19006 -0.98177
vn 0 0.08101 -0.99671
vn 0 0.02587 -0.99967
vn -0 -0.08415 -0.99645
vn -0 -0.13902 -0.99029
vn -0 -0.24701 -0.96901
vn -0 -0.30012 -0.9539
vn -0 -0.40314 -0.91514
vn -0 -0.45304 -0.89149
vn -0 -0.54826 -0.8363
vn -0 -0.59359 -0.80477
vn -0 -0.67844 -0.73466
vn -0 -0.71796 -0.69609
vn -0 -0.79011 -0.61297
vn -0 -0.82274 -0.56842
vn -0 -0.88022 -0.47456
vn -0 -0.90508 -0.42525
vn -0 -0.94633 -0.32321
vn -0 -0.96273 -0.27048
vn -0 -0.98662 -0.16304
vn -0 -0.99411 -0.10833
vn -0 -1 0.00157
vn -0 -0.99839 0.05677
vn -0 -0.9861 0.16615
vn -0 -0.97543 0.22033
vn -0 -0.94531 0.32619
vn -0 -0.92586 0.37787
vn -0 -0.87872 0.47733
vn -0 -0.85104 0.52511
vn -0 -0.78817 0.61545
vn -0 -0.753 0.65802
vn -0 -0.67612 0.73679
vn -0 -0.63442 0.77299
vn -0 -0.54563 0.83803
vn -0 -0.49854 0.86687
vn -0 -0.40025 0.9164
vn -0 -0.34906 0.9371
vn -0 -0.24396 0.96979
vn -0 -0.19006 0.98177
vn -0 -0.08101 0.99671
vn -0 -0.02587 0.99967
vn 0 0.08415 0.99645
vn 0 0.13902 0.99029
vn 0 0.24701 0.96901
vn 0 0.30012 0.9539
vn 0 0.40314 0.91514
vn 0 0.45304 0.89149
vn 0 0.54826 0.8363
vn 0 0.59359 0.80477
vn 0 0.67844 0.73466
vn 0 0.71796 0.69609
vn 0 0.79011 0.61297
vn 0 0.82274 0.56842
vn 0 0.88022 0.47456
vn 0 0.90508 0.42525
vn 0 0.94633 0.32321
vn 0 0.96273 0.27048
vn 0 0.98662 0.16304
vn 0 0.99411 0.10833
vn 0 1 -0.00157
vn 0 0.99839 -0.05677
vn 0 0.9861 -0.16615
vn 0 0.97543 -0.22033
vn 0 0.94531 -0.32619
vn -0 -0.94256 0.33404
vn -0 -0.91941 0.39331
vn -0 -0.86231 0.50639
vn -0 -0.82836 0.5602
vn -0 -0.75089 0.66043
vn -0 -0.70737 0.70684
vn -0 -0.61233 0.7906
vn -0 -0.56082 0.82794
vn -0 -0.45165 0.8922
vn -0 -0.39399 0.91911
vn -0 -0.27463 0.96155
vn -0 -0.21293 0.97707
vn -0 -0.0877 0.99615
vn -0 -0.02417 0.99971
vn 0 0.10241 0.99474
vn 0 0.16546 0.98622
vn 0 0.28881 0.95738
vn 0 0.34911 0.93708
vn 0 0.46478 0.88543
vn 0 0.52015 0.85408
vn 0 0.62395 0.78146
vn 0 0.67238 0.7402
vn 0 0.76057 0.64926
vn 0 0.80032 0.59958
vn 0 0.8697 0.49359
vn 0 0.89933 0.43728
vn 0 0.94739 0.32008
vn 0 0.96583 0.25918
vn 0 0.99085 0.135
vn 0 0.99743 0.07171
vn 0 0.99849 -0.05496
vn 0 0.99297 -0.11835
vn 0 0.97004 -0.24293
vn 0 0.95263 -0.30413
vn 0 0.90654 -0.42213
vn 0 0.87786 -0.47892
vn 0 0.81027 -0.58606
vn 0 0.77136 -0.6364
vn 0 0.68471 -0.72881
vn 0 0.63698 -0.77088
vn 0 0.53441 -0.84523
vn 0 0.47958 -0.8775
vn 0 0.36479 -0.93109
vn 0 0.30484 -0.9524
vn 0 0.18199 -0.9833
vn 0 0.11909 -0.99288
vn -0 -0.00739 -0.99997
vn -0 -0.07097 -0.99748
vn -0 -0.1965 -0.9805
vn -0 -0.25846 -0.96602
vn -0 -0.37851 -0.9256
vn -0 -0.43661 -0.89965
vn -0 -0.54684 -0.83724
vn -0 -0.59898 -0.80076
vn -0 -0.69541 -0.71861
vn -0 -0.7397 -0.67294
vn -0 -0.81884 -0.57402
vn -0 -0.85369 -0.52079
vn -0 -0.91268 -0.40868
vn -0 -0.93682 -0.34981
vn -0 -0.97353 -0.22857
vn -0 -0.98609 -0.1662
vn -0 -0.99919 -0.0402
vn -0 -0.99973 0.02342
vn -0 -0.98874 0.14963
vn -0 -0.97723 0.2122
vn 0 0.92352 -0.38354
vn 0 0.87282 -0.48805
vn 0 0.84289 -0.53808
vn 0 0.77481 -0.6322
vn 0 0.73665 -0.67628
vn 0 0.65326 -0.75714
vn 0 0.60802 -0.79392
vn 0 0.51186 -0.85907
vn 0 0.46092 -0.88744
vn 0 0.3549 -0.9349
vn 0 0.29982 -0.954
vn 0 0.18717 -0.98233
vn 0 0.1296 -0.99157
vn 0 0.01375 -0.99991
vn -0 -0.04455 -0.99901
vn -0 -0.16009 -0.9871
vn -0 -0.21735 -0.97609
vn -0 -0.32907 -0.94431
vn -0 -0.38354 -0.92352
vn -0 -0.48805 -0.87282
vn -0 -0.53808 -0.84289
vn -0 -0.6322 -0.77481
vn -0 -0.67628 -0.73665
vn -0 -0.75714 -0.65326
vn -0 -0.79392 -0.60802
vn -0 -0.85907 -0.51186
vn -0 -0.88744 -0.46092
vn -0 -0.9349 -0.3549
vn -0 -0.954 -0.29982
vn -0 -0.98233 -0.18717
vn -0 -0.99157 -0.1296
vn -0 -0.99991 -0.01375
vn -0 -0.99901 0.04455
vn -0 -0.9871 0.16009
vn -0 -0.97609 0.21735
vn -0 -0.94431 0.32907
vn -0 -0.92352 0.38354
vn -0 -0.87282 0.48805
vn -0 -0.84289 0.53808
vn -0 -0.77481 0.6322
vn -0 -0.73665 0.67628
vn -0 -0.65326 0.75714
vn -0 -0.60802 0.79392
vn -0 -0.51186 0.85907
vn -0 -0.46092 0.88744
vn -0 -0.3549 0.9349
vn -0 -0.29982 0.954
vn -0 -0.18717 0.98233
vn -0 -0.1296 0.99157
vn -0 -0.01375 0.99991
vn 0 0.04455 0.99901
vn 0 0.16009 0.9871
vn 0 0.21735 0.97609
vn 0 0.32907 0.94431
vn 0 0.38354 0.92352
vn 0 0.48805 0.87282
vn 0 0.53808 0.84289
vn 0 0.6322 0.77481
vn 0 0.67628 0.73665
vn 0 0.75714 0.65326
vn 0 0.79392 0.60802
vn 0 0.85907 0.51186
vn 0 0.88744 0.46092
vn 0 0.9349 0.3549
vn 0 0.954 0.29982
vn 0 0.98233 0.18717
vn 0 0.99157 0.1296
vn 0 0.99991 0.01375
vn 0 0.99901 -0.04455
vn 0 0.9871 -0.16009
vn 0 0.97609 -0.21735
vn 0 0.94431 -0.32907
vn -0 -0.76658 -0.64215
vn -0 -0.86825 -0.49613
vn -0 -0.98495 -0.17283
vn -0 -0.99999 0.00446
vn -0 -0.93941 0.3428
vn -0 -0.86379 0.50386
vn -0 -0.64215 0.76658
vn -0 -0.49613 0.86825
vn -0 -0.17283 0.98495
vn 0 0.00446 0.99999
vn 0 0.3428 0.93941
vn 0 0.50386 0.86379
vn 0 0.76658 0.64215
vn 0 0.86825 0.49613
vn 0 0.98495 0.17283
vn 0 0.99999 -0.00446
vn 0 0.93941 -0.3428
vn 0 0.86379 -0.50386
vn 0 0.64215 -0.76658
vn 0 0.49613 -0.86825
vn 0 0.17283 -0.98495
vn -0 -0.00446 -0.99999
vn -0 -0.3428 -0.93941
vn -0 -0.50386 -0.86379
vn -0 -0.69303 0.72091
vn -0 -0.61327 0.78988
vn -0 -0.43634 0.89978
vn -0 -0.33917 0.94073
vn -0 -0.13693 0.99058
vn -0 -0.03187 0.99949
vn 0 0.17588 0.98441
vn 0 0.27855 0.96042
vn 0 0.47147 0.88188
vn 0 0.56171 0.82734
vn 0 0.72091 0.69303
vn 0 0.78988 0.61327
vn 0 0.89978 0.43634
vn 0 0.94073 0.33917
vn 0 0.98477 0.17388
vn 0 0.99756 0.06977
vn 0 0.99939 -0.03479
vn 0 0.98441 -0.17588
vn 0 0.96042 -0.27855
vn 0 0.88188 -0.47147
vn 0 0.82734 -0.56171
vn -1 0 0
vn -0 -0.92373 0.38305
vn -0 -0.86936 0.49418
vn -0 -0.74454 0.66758
vn -0 -0.65591 0.75484
vn -0 -0.53324 0.84596
vn -0 -0.42555 0.90494
vn -0 -0.31053 0.95056
vn -0 -0.10048 0.99494
vn 0 0.02381 0.99972
vn 0 0.26572 0.96405
vn 0 0.38334 0.92361
vn 0 0.59603 0.80296
vn 0 0.6911 0.72276
vn 0 0.84585 0.53343
vn 0 0.90552 0.4243
vn 0 0.98142 0.19185
vn 0 0.99765 0.06853
vn 0 0.98446 -0.17564
vn 0 0.95504 -0.29649
vn 0 0.85453 -0.5194
vn 0 0.78344 -0.62146
vn 0 0.6092 -0.79302
vn 0 0.50604 -0.86251
vn 0 0.28159 -0.95954
vn 0 0.16029 -0.98707
vn -0 -0.08405 -0.99646
vn -0 -0.2071 -0.97832
vn -0 -0.43834 -0.89881
vn -0 -0.54653 -0.83744
vn -0 -0.73343 -0.67977
vn -0 -0.81214 -0.58346
vn -0 -0.92946 -0.36892
vn -0 -0.96807 -0.25068
vn -0 -0.99997 -0.00825
vn -0 -0.99326 0.11595
vn -0 -0.96371 0.26695
vn -0 -0.73855 -0.67419
vn -0 -0.8211 -0.57078
vn -0 -0.94034 -0.34024
vn -0 -0.97703 -0.21311
vn -0 -0.99896 0.04551
vn -0 -0.98421 0.177
vn -0 -0.90551 0.42433
vn -0 -0.84156 0.54017
vn -0 -0.67419 0.73855
vn -0 -0.57078 0.8211
vn -0 -0.34024 0.94034
vn -0 -0.21311 0.97703
vn 0 0.04551 0.99896
vn 0 0.177 0.98421
vn 0 0.42433 0.90551
vn 0 0.54017 0.84156
vn 0 0.73855 0.67419
vn 0 0.8211 0.57078
vn 0 0.94034 0.34024
vn 0 0.97703 0.21311
vn 0 0.99896 -0.04551
vn 0 0.98421 -0.177
vn 0 0.90551 -0.42433
vn 0 0.84156 -0.54017
vn 0 0.67419 -0.73855
vn 0 0.57078 -0.8211
vn 0 0.34024 -0.94034
vn 0 0.21311 -0.97703
vn -0 -0.04551 -0.99896
vn -0 -0.177 -0.98421
vn -0 -0.42433 -0.90551
vn -0 -0.54017 -0.84156
vn 1 -0 -0
vn 0 0.76434 -0.64481
vn -0 -0.76434 0.64481
vn 0 0.69303 -0.72091
vn 0 0.61327 -0.78988
vn 0 0.43634 -0.89978
vn 0 0.33917 -0.94073
vn 0 0.20262 -0.97926
vn 0 0.09925 -0.99506
vn -0 -0.00553 -0.99998
vn -0 -0.17588 -0.98441
vn -0 -0.27855 -0.96042
vn -0 -0.47147 -0.88188
vn -0 -0.56171 -0.82734
vn -0 -0.72091 -0.69303
vn -0 -0.78988 -0.61327
vn -0 -0.89978 -0.43634
vn -0 -0.94073 -0.33917
vn -0 -0.99058 -0.13693
vn -0 -0.99949 -0.03187
vn -0 -0.98441 0.17588
vn -0 -0.96042 0.27855
vn -0 -0.88188 0.47147
vn -0 -0.82734 0.56171
vn 0 0.16029 -0.98707
vn 0 0.6092 -0.79302
vn 0 0.98142 0.19185
vn 0 0.90552 0.4243
vn 0 0.26572 0.96405
vn 0 0.02381 0.99972
vn -0 -0.33894 0.94081
vn -0 -0.45311 0.89146
vn -0 -0.8843 0.46693
vn -0 -0.93542 0.35354
vn -0 -0.99997 -0.00825
vn -0 -0.64481 -0.76434
vn -0 -0.99276 -0.12009
vn -0 -0.99846 0.05554
vn -0 -0.22292 0.97484
vn -0 -0.04884 0.99881
vn 0 0.1246 0.99221
vn -0 -0.95705 -0.28994
vn -1 0 0
vn -0 -0.89207 -0.4519
vn -0 -0.94937 -0.31416
vn -0 -0.97026 -0.24206
vn -0 -0.99547 -0.09503
vn -0 -0.9998 -0.02009
vn -0 -0.99166 0.12887
vn -0 -0.9792 0.20289
vn -0 -0.93812 0.3463
vn -0 -0.9095 0.41569
vn -0 -0.83754 0.54637
vn -0 -0.7942 0.60766
vn -0 -0.69497 0.71904
vn -0 -0.63907 0.76915
vn -0 -0.51754 0.85566
vn -0 -0.4519 0.89207
vn -0 -0.31416 0.94937
vn -0 -0.24206 0.97026
vn -0 -0.09503 0.99547
vn -0 -0.02009 0.9998
vn 0 0.12887 0.99166
vn 0 0.20289 0.9792
vn 0 0.3463 0.93812
vn 0 0.41569 0.9095
vn 0 0.54637 0.83754
vn 0 0.60766 0.7942
vn 0 0.71904 0.69497
vn 0 0.76915 0.63907
vn 0 0.85566 0.51754
vn 0 0.89207 0.4519
vn 0 0.94937 0.31416
vn 0 0.97026 0.24206
vn 0 0.99547 0.09503
vn 0 0.9998 0.02009
vn 0 0.99166 -0.12887
vn 0 0.9792 -0.20289
vn 0 0.93812 -0.3463
vn 0 0.9095 -0.41569
vn 0 0.83754 -0.54637
vn 0 0.7942 -0.60766
vn 0 0.69497 -0.71904
vn 0 0.63907 -0.76915
vn 0 0.51754 -0.85566
vn 0 0.4519 -0.89207
vn 0 0.31416 -0.94937
vn 0 0.24206 -0.97026
vn 0 0.09503 -0.99547
vn 0 0.02009 -0.9998
vn -0 -0.12887 -0.99166
vn -0 -0.20289 -0.9792
vn -0 -0.3463 -0.93812
vn -0 -0.41569 -0.9095
vn -0 -0.54637 -0.83754
vn -0 -0.60766 -0.7942
vn -0 -0.71904 -0.69497
vn -0 -0.76915 -0.63907
vn -0 -0.85566 -0.51754
vn -0 -0.76342 -0.64591
vn -0 -0.70641 -0.7078
vn -0 -0.5788 -0.81547
vn -0 -0.5082 -0.86124
vn -0 -0.35782 -0.93379
vn -0 -0.27805 -0.96057
vn -0 -0.11435 -0.99344
vn -0 -0.03043 -0.99954
vn 0 0.1363 -0.99067
vn 0 0.2191 -0.9757
vn 0 0.37839 -0.92565
vn 0 0.45487 -0.89056
vn 0 0.5967 -0.80247
vn 0 0.66205 -0.74946
vn 0 0.77752 -0.62886
vn 0 0.82763 -0.56127
vn 0 0.90948 -0.41575
vn 0 0.94121 -0.33781
vn 0 0.9843 -0.17651
vn 0 0.99565 -0.09313
vn 0 0.99727 0.07383
vn 0 0.98753 0.1574
vn 0 0.94758 0.31952
vn 0 0.91736 0.39805
vn 0 0.83835 0.54513
vn 0 0.78955 0.61368
vn 0 0.67644 0.7365
vn 0 0.61213 0.79076
vn 0 0.47203 0.88158
vn 0 0.39625 0.91814
vn 0 0.23796 0.97127
vn 0 0.15546 0.98784
vn -0 -0.01106 0.99994
vn -0 -0.09509 0.99547
vn -0 -0.25939 0.96577
vn -0 -0.33966 0.94055
vn -0 -0.49142 0.87092
vn -0 -0.5629 0.82653
vn -0 -0.69257 0.72135
vn -0 -0.75076 0.66057
vn -0 -0.8502 0.52646
vn -0 -0.89145 0.45311
vn -0 -0.95442 0.29848
vn -0 -0.97613 0.21718
vn -0 -0.99866 0.05175
vn -0 -0.99948 -0.03239
vn -0 -0.98015 -0.19823
vn -0 -0.96002 -0.27993
vn -0 -0.90006 -0.43576
vn -0 -0.86024 -0.50989
vn 1 -0 -0
vn 0 0.84977 0.52716
vn 0 0.88157 0.47205
vn 0 0.93418 0.35681
vn 0 0.95498 0.29668
vn 0 0.98482 0.17357
vn 0 0.99387 0.11059
vn 0 0.99987 -0.01595
vn 0 0.99683 -0.0795
vn 0 0.97879 -0.20489
vn 0 0.96377 -0.26672
vn 0 0.92232 -0.38642
vn 0 0.89588 -0.44429
vn 0 0.83252 -0.55399
vn 0 0.79561 -0.60581
vn 0 0.71264 -0.70153
vn 0 0.66658 -0.74543
vn 0 0.56699 -0.82372
vn 0 0.51346 -0.85811
vn 0 0.40086 -0.91614
vn 0 0.34178 -0.93978
vn 0 0.22023 -0.97545
vn 0 0.15775 -0.98748
vn 0 0.03165 -0.9995
vn -0 -0.03198 -0.99949
vn -0 -0.15808 -0.98743
vn -0 -0.22056 -0.97537
vn -0 -0.3421 -0.93966
vn -0 -0.40116 -0.91601
vn -0 -0.51375 -0.85794
vn -0 -0.56727 -0.82353
vn -0 -0.66683 -0.74521
vn -0 -0.71287 -0.7013
vn -0 -0.79581 -0.60555
vn -0 -0.83271 -0.55371
vn -0 -0.89603 -0.44399
vn -0 -0.92245 -0.38611
vn -0 -0.96386 -0.2664
vn -0 -0.97885 -0.20456
vn -0 -0.99686 -0.07917
vn -0 -0.99988 -0.01561
vn -0 -0.99383 0.11092
vn -0 -0.98476 0.1739
vn -0 -0.95488 0.297
vn -0 -0.93406 0.35712
vn -0 -0.88142 0.47234
vn -0 -0.84959 0.52744
vn -0 -0.7761 0.63062
vn -0 -0.73442 0.67869
vn -0 -0.64273 0.7661
vn -0 -0.5927 0.80542
vn -0 -0.48613 0.87389
vn -0 -0.42957 0.90303
vn -0 -0.31196 0.9501
vn -0 -0.2509 0.96801
vn -0 -0.12651 0.99197
vn -0 -0.06317 0.998
vn 0 0.0635 0.99798
vn 0 0.12684 0.99192
vn 0 0.25123 0.96793
vn 0 0.31227 0.94999
vn 0 0.42987 0.90289
vn 0 0.48642 0.87373
vn 0 0.59297 0.80522
vn 0 0.64298 0.76588
vn 0 0.73465 0.67845
vn 0 0.77631 0.63036
vn 0 0.60766 0.7942
vn 0 0.41569 0.9095
vn 0 0.20289 0.9792
vn 0 0.12887 0.99166
vn -0 -0.09503 0.99547
vn -0 -0.31416 0.94937
vn -0 -0.7942 0.60766
vn -0 -0.9095 0.41569
vn -0 -0.9792 0.20289
vn -0 -0.99166 0.12887
vn -0 -0.99547 -0.09503
vn -0 -0.94937 -0.31416
vn -0 -0.60766 -0.7942
vn -0 -0.41569 -0.9095
vn -0 -0.20289 -0.9792
vn -0 -0.12887 -0.99166
vn 0 0.09503 -0.99547
vn 0 0.31416 -0.94937
vn 0 0.7942 -0.60766
vn 0 0.9095 -0.41569
vn 0 0.9792 -0.20289
vn 0 0.99166 -0.12887
vn 0 0.99547 0.09503
vn 0 0.94937 0.31416
vn 0 0.74589 0.66606
vn 0 0.66818 0.744
vn 0 0.62609 0.77975
vn 0 0.53661 0.84383
vn 0 0.48921 0.87217
vn 0 0.3904 0.92065
vn 0 0.33898 0.94079
vn 0 0.23354 0.97235
vn 0 0.17951 0.98376
vn 0 0.07031 0.99753
vn 0 0.01514 0.99989
vn -0 -0.09483 0.99549
vn -0 -0.14964 0.98874
vn -0 -0.25739 0.96631
vn -0 -0.31034 0.95063
vn -0 -0.41293 0.91076
vn -0 -0.46258 0.88658
vn -0 -0.55721 0.83037
vn -0 -0.60219 0.79835
vn -0 -0.68628 0.72734
vn -0 -0.72538 0.68834
vn -0 -0.79664 0.60446
vn -0 -0.82879 0.55956
vn -0 -0.88526 0.46509
vn -0 -0.90959 0.41552
vn -0 -0.94974 0.31304
vn -0 -0.96557 0.26014
vn -0 -0.98831 0.15245
vn -0 -0.99522 0.09766
vn -0 -0.99992 -0.0123
vn -0 -0.99772 -0.06748
vn -0 -0.98426 -0.17672
vn -0 -0.97301 -0.23078
vn -0 -0.94175 -0.33631
vn -0 -0.92175 -0.38778
vn -0 -0.87355 -0.48673
vn -0 -0.84535 -0.53421
vn -0 -0.78152 -0.62388
vn -0 -0.74589 -0.66606
vn -0 -0.66818 -0.744
vn -0 -0.62609 -0.77975
vn -0 -0.53661 -0.84383
vn -0 -0.48921 -0.87217
vn -0 -0.3904 -0.92065
vn -0 -0.33898 -0.94079
vn -0 -0.23354 -0.97235
vn -0 -0.17951 -0.98376
vn -0 -0.07031 -0.99753
vn -0 -0.01514 -0.99989
vn 0 0.09483 -0.99549
vn 0 0.14964 -0.98874
vn 0 0.25739 -0.96631
vn 0 0.31034 -0.95063
vn 0 0.41293 -0.91076
vn 0 0.46258 -0.88658
vn 0 0.55721 -0.83037
vn 0 0.60219 -0.79835
vn 0 0.68628 -0.72734
vn 0 0.72538 -0.68834
vn 0 0.79664 -0.60446
vn 0 0.82879 -0.55956
vn 0 0.88526 -0.46509
vn 0 0.90959 -0.41552
vn 0 0.94974 -0.31304
vn 0 0.96557 -0.26014
vn 0 0.98831 -0.15245
vn 0 0.99522 -0.09766
vn 0 0.99992 0.0123
vn 0 0.99772 0.06748
vn 0 0.98426 0.17672
vn 0 0.97301 0.23078
vn 0 0.94175 0.33631
vn 0 0.92175 0.38778
vn 0 0.87355 0.48673
vn 0 0.84535 0.53421
vn 0 0.78152 0.62388
vn -0 -0.77631 -0.63036
vn -0 -0.73465 -0.67845
vn -0 -0.64298 -0.76588
vn -0 -0.59297 -0.80522
vn -0 -0.48642 -0.87373
vn -0 -0.42987 -0.90289
vn -0 -0.31227 -0.94999
vn -0 -0.25123 -0.96793
vn -0 -0.12684 -0.99192
vn -0 -0.0635 -0.99798
vn 0 0.06317 -0.998
vn 0 0.12651 -0.99197
vn 0 0.2509 -0.96801
vn 0 0.31196 -0.9501
vn 0 0.42957 -0.90303
vn 0 0.48613 -0.87389
vn 0 0.5927 -0.80542
vn 0 0.64273 -0.7661
vn 0 0.73442 -0.67869
vn 0 0.7761 -0.63062
vn 0 0.84959 -0.52744
vn 0 0.88142 -0.47234
vn 0 0.93406 -0.35712
vn 0 0.95488 -0.297
vn 0 0.98476 -0.1739
vn 0 0.99383 -0.11092
vn 0 0.99988 0.01561
vn 0 0.99686 0.07917
vn 0 0.97885 0.20456
vn 0 0.96386 0.2664
vn 0 0.92245 0.38611
vn 0 0.89603 0.44399
vn 0 0.83271 0.55371
vn 0 0.79581 0.60555
vn 0 0.71287 0.7013
vn 0 0.66683 0.74521
vn 0 0.56727 0.82353
vn 0 0.51375 0.85794
vn 0 0.40116 0.91601
vn 0 0.3421 0.93966
vn 0 0.22056 0.97537
vn 0 0.15808 0.98743
vn 0 0.03198 0.99949
vn -0 -0.03165 0.9995
vn -0 -0.15775 0.98748
vn -0 -0.22023 0.97545
vn -0 -0.34178 0.93978
vn -0 -0.40086 0.91614
vn -0 -0.51346 0.85811
vn -0 -0.56699 0.82372
vn -0 -0.66658 0.74543
vn -0 -0.71264 0.70153
vn -0 -0.79561 0.60581
vn -0 -0.83252 0.55399
vn -0 -0.89588 0.44429
vn -0 -0.92232 0.38642
vn -0 -0.96377 0.26672
vn -0 -0.97879 0.20489
vn -0 -0.99683 0.0795
vn -0 -0.99987 0.01595
vn -0 -0.99387 -0.11059
vn -0 -0.98482 -0.17357
vn -0 -0.95498 -0.29668
vn -0 -0.93418 -0.35681
vn -0 -0.88157 -0.47205
vn -0 -0.84977 -0.52716
vn 0 0.7418 0.67063
vn 0 0.65902 0.75212
vn 0 0.61407 0.78925
vn 0 0.51841 0.85513
vn 0 0.46769 0.88389
vn 0 0.36204 0.93216
vn 0 0.3071 0.95168
vn 0 0.19467 0.98087
vn 0 0.13718 0.99055
vn 0 0.02139 0.99977
vn -0 -0.03691 0.99932
vn -0 -0.15255 0.9883
vn -0 -0.20988 0.97773
vn -0 -0.32185 0.94679
vn -0 -0.37647 0.92643
vn -0 -0.48136 0.87652
vn -0 -0.53163 0.84698
vn -0 -0.62626 0.77962
vn -0 -0.67063 0.7418
vn -0 -0.75212 0.65902
vn -0 -0.78925 0.61407
vn -0 -0.85513 0.51841
vn -0 -0.88389 0.46769
vn -0 -0.93216 0.36204
vn -0 -0.95168 0.3071
vn -0 -0.98087 0.19467
vn -0 -0.99055 0.13718
vn -0 -0.99977 0.02139
vn -0 -0.99932 -0.03691
vn -0 -0.9883 -0.15255
vn -0 -0.97773 -0.20988
vn -0 -0.94679 -0.32185
vn -0 -0.92643 -0.37647
vn -0 -0.87652 -0.48136
vn -0 -0.84698 -0.53163
vn -0 -0.77962 -0.62626
vn -0 -0.7418 -0.67063
vn -0 -0.65902 -0.75212
vn -0 -0.61407 -0.78925
vn -0 -0.51841 -0.85513
vn -0 -0.46769 -0.88389
vn -0 -0.36204 -0.93216
vn -0 -0.3071 -0.95168
vn -0 -0.19467 -0.98087
vn -0 -0.13718 -0.99055
vn -0 -0.02139 -0.99977
vn 0 0.03691 -0.99932
vn 0 0.15255 -0.9883
vn 0 0.20988 -0.97773
vn 0 0.32185 -0.94679
vn 0 0.37647 -0.92643
vn 0 0.48136 -0.87652
vn 0 0.53163 -0.84698
vn 0 0.62626 -0.77962
vn 0 0.67063 -0.7418
vn 0 0.75212 -0.65902
vn 0 0.78925 -0.61407
vn 0 0.85513 -0.51841
vn 0 0.88389 -0.46769
vn 0 0.93216 -0.36204
vn 0 0.95168 -0.3071
vn 0 0.98087 -0.19467
vn 0 0.99055 -0.13718
vn 0 0.99977 -0.02139
vn 0 0.99932 0.03691
vn 0 0.9883 0.15255
vn 0 0.97773 0.20988
vn 0 0.94679 0.32185
vn 0 0.92643 0.37647
vn 0 0.87652 0.48136
vn 0 0.84698 0.53163
vn 0 0.77962 0.62626
vn 1 -0 -0
vn -1 0 0
vn -0 -0.12351 -0.99234
vn -0 -0.16665 -0.98602
vn -0 -0.30204 -0.95329
vn -0 -0.36802 -0.92982
vn -0 -0.49364 -0.86967
vn -0 -0.55329 -0.83299
vn -0 -0.6438 -0.7652
vn -0 -0.69565 -0.71838
vn -0 -0.72618 -0.6875
vn 0 0.12351 0.99234
vn 0 0.16665 0.98602
vn 0 0.30204 0.95329
vn 0 0.36802 0.92982
vn 0 0.49364 0.86967
vn 0 0.55329 0.83299
vn 0 0.6438 0.7652
vn 0 0.69565 0.71838
vn 0 0.72618 0.6875
vn 0 0.74405 0.66812
vn 0 0.80469 0.5937
vn 0 0.84427 0.53593
vn 0 0.91054 0.41342
vn 0 0.93724 0.34868
vn 0 0.9766 0.21507
vn 0 0.98926 0.1462
vn 0 0.99997 0.00733
vn 0 0.99803 -0.06267
vn 0 0.97964 -0.20074
vn 0 0.96319 -0.26881
vn 0 0.9165 -0.40003
vn 0 0.88626 -0.46319
vn 0 0.8133 -0.58184
vn 0 0.77059 -0.63733
vn 0 0.67456 -0.73822
vn 0 0.62124 -0.78362
vn 0 0.50633 -0.86234
vn 0 0.44474 -0.89566
vn 0 0.31598 -0.94877
vn 0 0.2488 -0.96855
vn 0 0.11181 -0.99373
vn 0 0.04199 -0.99912
vn -0 -0.05401 -0.99854
vn -0 -0.08031 -0.99677
vn -0 -0.74405 -0.66812
vn -0 -0.80469 -0.5937
vn -0 -0.84427 -0.53593
vn -0 -0.91054 -0.41342
vn -0 -0.93724 -0.34868
vn -0 -0.9766 -0.21507
vn -0 -0.98926 -0.1462
vn -0 -0.99997 -0.00733
vn -0 -0.99803 0.06267
vn -0 -0.97964 0.20074
vn -0 -0.96319 0.26881
vn -0 -0.9165 0.40003
vn -0 -0.88626 0.46319
vn -0 -0.8133 0.58184
vn -0 -0.77059 0.63733
vn -0 -0.67456 0.73822
vn -0 -0.62124 0.78362
vn -0 -0.50633 0.86234
vn -0 -0.44474 0.89566
vn -0 -0.31598 0.94877
vn -0 -0.2488 0.96855
vn -0 -0.11181 0.99373
vn -0 -0.04199 0.99912
vn 0 0.05401 0.99854
vn 0 0.08031 0.99677
vn -0 -0.90193 0.43188
vn 0 0.90193 -0.43188
vn 0 0.39375 0.91922
vn 0 0.46925 0.88307
vn 0 0.50586 0.86262
vn 0 0.60981 0.79255
vn 0 0.67428 0.73848
vn 0 0.78775 0.616
vn 0 0.83675 0.54759
vn 0 0.91619 0.40074
vn 0 0.94664 0.3223
vn 0 0.98707 0.1603
vn 0 0.99705 0.07675
vn 0 0.99592 -0.09021
vn 0 0.98481 -0.17361
vn 0 0.9422 -0.33505
vn 0 0.9107 -0.41307
vn 0 0.82928 -0.55884
vn 0 0.77936 -0.62658
vn 0 0.66425 -0.74751
vn 0 0.59905 -0.80071
vn 0 0.45748 -0.88922
vn 0 0.3811 -0.92453
vn 0 0.22197 -0.97505
vn 0 0.13921 -0.99026
vn -0 -0.02749 -0.99962
vn -0 -0.11144 -0.99377
vn -0 -0.27523 -0.96138
vn -0 -0.35508 -0.93484
vn -0 -0.50566 -0.86273
vn -0 -0.5764 -0.81716
vn -0 -0.70433 -0.70987
vn -0 -0.76152 -0.64815
vn -0 -0.85874 -0.51241
vn -0 -0.89878 -0.4384
vn -0 -0.95919 -0.28275
vn -0 -0.97957 -0.20111
vn -0 -0.99938 -0.03533
vn -0 -0.99881 0.04882
vn -0 -0.97676 0.21432
vn -0 -0.95529 0.29568
vn -0 -0.89278 0.4505
vn -0 -0.85174 0.52396
vn -0 -0.7527 0.65837
vn -0 -0.69468 0.71932
vn -0 -0.56532 0.82487
vn -0 -0.49397 0.86948
vn -0 -0.34242 0.93955
vn -0 -0.26222 0.96501
vn -0 -0.09801 0.99519
vn -0 -0.014 0.9999
vn 0 0.15256 0.98829
vn 0 0.23511 0.97197
vn 0 0.35487 0.93492
vn 0.71031 -0.41881 -0.56573
vn 0.71031 -0.51803 -0.47655
vn 0.71031 -0.56123 -0.42483
vn 0.71031 -0.63131 -0.3113
vn 0.71031 -0.65819 -0.2495
vn 0.71031 -0.69344 -0.12083
vn 0.71031 -0.70182 -0.05396
vn 0.71031 -0.69939 0.07943
vn 0.71031 -0.68859 0.14595
vn 0.71031 -0.64868 0.27325
vn 0.71031 -0.61958 0.33404
vn 0.71031 -0.54542 0.44494
vn 0.71031 -0.50037 0.49506
vn 0.71031 -0.39798 0.58058
vn 0.71031 -0.34063 0.61598
vn 0.71031 -0.21829 0.66919
vn 0.71031 -0.15329 0.68699
vn 0.71031 -0.02091 0.70358
vn 0.71031 0.04647 0.70235
vn 0.71031 0.17815 0.68097
vn 0.71031 0.24246 0.66081
vn 0.71031 0.36279 0.60319
vn 0.71031 0.41881 0.56573
vn 0.71031 0.51803 0.47655
vn 0.71031 0.56123 0.42483
vn 0.71031 0.63131 0.3113
vn 0.71031 0.65819 0.2495
vn 0.71031 0.69344 0.12083
vn 0.71031 0.70182 0.05396
vn 0.71031 0.69939 -0.07943
vn 0.71031 0.68859 -0.14595
vn 0.71031 0.64868 -0.27325
vn 0.71031 0.61958 -0.33404
vn 0.71031 0.54542 -0.44494
vn 0.71031 0.50037 -0.49506
vn 0.71031 0.39798 -0.58058
vn 0.71031 0.34063 -0.61598
vn 0.71031 0.21829 -0.66919
vn 0.71031 0.15329 -0.68699
vn 0.71031 0.02091 -0.70358
vn 0.71031 -0.04647 -0.70235
vn 0.71031 -0.17815 -0.68097
vn 0.71031 -0.24246 -0.66081
vn 0.71031 -0.36279 -0.60319
vn -0 -0.595 -0.80373
vn -0 -0.73596 -0.67703
vn -0 -0.79733 -0.60354
vn -0 -0.89689 -0.44226
vn -0 -0.93507 -0.35446
vn -0 -0.98516 -0.17166
vn -0 -0.99706 -0.07666
vn -0 -0.99361 0.11284
vn -0 -0.97827 0.20735
vn -0 -0.92157 0.38821
vn -0 -0.88022 0.47456
vn -0 -0.77487 0.63212
vn -0 -0.71087 0.70332
vn -0 -0.5654 0.82482
vn -0 -0.48393 0.87511
vn -0 -0.31012 0.9507
vn -0 -0.21778 0.976
vn -0 -0.02971 0.99956
vn 0 0.06602 0.99782
vn 0 0.2531 0.96744
vn 0 0.34446 0.9388
vn 0 0.51541 0.85694
vn 0 0.595 0.80373
vn 0 0.73596 0.67703
vn 0 0.79733 0.60354
vn 0 0.89689 0.44226
vn 0 0.93507 0.35446
vn 0 0.98516 0.17166
vn 0 0.99706 0.07666
vn 0 0.99361 -0.11284
vn 0 0.97827 -0.20735
vn 0 0.92157 -0.38821
vn 0 0.88022 -0.47456
vn 0 0.77487 -0.63212
vn 0 0.71087 -0.70332
vn 0 0.5654 -0.82482
vn 0 0.48393 -0.87511
vn 0 0.31012 -0.9507
vn 0 0.21778 -0.976
vn 0 0.02971 -0.99956
vn -0 -0.06602 -0.99782
vn -0 -0.2531 -0.96744
vn -0 -0.34446 -0.9388
vn -0 -0.51541 -0.85694
vn -1 0 0
vn 1 -0 -0
vn -0 -0.81897 0.57383
vn -0 -0.84321 0.53758
vn -0 -0.90973 0.4152
vn -0 -0.93655 0.35052
vn -0 -0.97617 0.21699
vn -0 -0.98897 0.14814
vn -0 -0.99937 0.03554
vn -0 -0.99941 -0.03432
vn -0 -0.99698 -0.07767
vn 0 0.81897 -0.57383
vn 0 0.84321 -0.53758
vn 0 0.90973 -0.4152
vn 0 0.93655 -0.35052
vn 0 0.97617 -0.21699
vn 0 0.98897 -0.14814
vn 0 0.99937 -0.03554
vn 0 0.99941 0.03432
vn 0 0.99698 0.07767
vn 0 0.99459 0.10392
vn 0 0.98004 0.19882
vn 0 0.96372 0.26692
vn 0 0.91728 0.39823
vn 0 0.88717 0.46145
vn 0 0.81444 0.58025
vn 0 0.77184 0.63582
vn 0 0.676 0.7369
vn 0 0.62278 0.7824
vn 0 0.50802 0.86134
vn 0 0.4465 0.89478
vn 0 0.31784 0.94815
vn 0 0.2507 0.96806
vn 0 0.11376 0.99351
vn 0 0.04395 0.99903
vn -0 -0.09529 0.99545
vn -0 -0.16472 0.98634
vn -0 -0.30017 0.95389
vn -0 -0.36619 0.93054
vn -0 -0.49193 0.87063
vn -0 -0.55166 0.83407
vn -0 -0.6622 0.74933
vn -0 -0.71302 0.70115
vn -0 -0.77697 0.62954
vn -0 -0.79329 0.60885
vn -0 -0.99459 -0.10392
vn -0 -0.98004 -0.19882
vn -0 -0.96372 -0.26692
vn -0 -0.91728 -0.39823
vn -0 -0.88717 -0.46145
vn -0 -0.81444 -0.58025
vn -0 -0.77184 -0.63582
vn -0 -0.676 -0.7369
vn -0 -0.62278 -0.7824
vn -0 -0.50802 -0.86134
vn -0 -0.4465 -0.89478
vn -0 -0.31784 -0.94815
vn -0 -0.2507 -0.96806
vn -0 -0.11376 -0.99351
vn -0 -0.04395 -0.99903
vn 0 0.09529 -0.99545
vn 0 0.16472 -0.98634
vn 0 0.30017 -0.95389
vn 0 0.36619 -0.93054
vn 0 0.49193 -0.87063
vn 0 0.55166 -0.83407
vn 0 0.6622 -0.74933
vn 0 0.71302 -0.70115
vn 0 0.77697 -0.62954
vn 0 0.79329 -0.60885
vn -0 -0.28445 -0.95869
vn 0 0.28445 0.95869
vn 0 0.94595 -0.32432
vn 0 0.96976 -0.24407
vn 0 0.97914 -0.2032
vn 0 0.99687 -0.0791
vn 0 0.99999 0.00498
vn 0 0.98522 0.17129
vn 0 0.96733 0.25351
vn 0 0.91167 0.41093
vn 0 0.87389 0.48612
vn 0 0.78083 0.62474
vn 0 0.72555 0.68817
vn 0 0.60094 0.7993
vn 0 0.53161 0.84699
vn 0 0.38328 0.92363
vn 0 0.30427 0.95258
vn 0 0.14154 0.98993
vn 0 0.05782 0.99833
vn -0 -0.10909 0.99403
vn -0 -0.19228 0.98134
vn -0 -0.35287 0.93567
vn -0 -0.43028 0.90269
vn -0 -0.57448 0.81852
vn -0 -0.64126 0.76733
vn -0 -0.75999 0.64994
vn -0 -0.81194 0.58375
vn -0 -0.89774 0.44052
vn -0 -0.9316 0.36349
vn -0 -0.97909 0.20342
vn -0 -0.99273 0.12039
vn -0 -0.99892 -0.04646
vn -0 -0.99148 -0.13028
vn -0 -0.95598 -0.29342
vn -0 -0.92793 -0.37275
vn -0 -0.85298 -0.52195
vn -0 -0.80608 -0.59181
vn -0 -0.69638 -0.71768
vn -0 -0.63358 -0.77368
vn -0 -0.49602 -0.86831
vn -0 -0.42126 -0.90694
vn -0 -0.2645 -0.96439
vn -0 -0.18248 -0.98321
vn -0 -0.01635 -0.99987
vn 0 0.06776 -0.9977
vn 0 0.23282 -0.97252
vn 0 0.31375 -0.9495
vn 0 0.46736 -0.88407
vn 0 0.54003 -0.84165
vn 0 0.67253 -0.74007
vn 0 0.73237 -0.68091
vn 0 0.83545 -0.54956
vn 0 0.8787 -0.47738
vn 0 0.93152 -0.36369
vn -0.71031 -0.70053 0.06869
vn -0.71031 -0.70091 -0.06472
vn -0.71031 -0.6915 -0.13146
vn -0.71031 -0.65428 -0.25957
vn -0.71031 -0.62646 -0.32095
vn -0.71031 -0.55465 -0.43339
vn -0.71031 -0.51066 -0.48444
vn -0.71031 -0.41008 -0.57209
vn -0.71031 -0.35349 -0.60869
vn -0.71031 -0.23229 -0.66445
vn -0.71031 -0.16768 -0.68362
vn -0.71031 -0.03568 -0.70298
vn -0.71031 0.03171 -0.70317
vn -0.71031 0.16381 -0.68456
vn -0.71031 0.22853 -0.66576
vn -0.71031 0.35004 -0.61068
vn -0.71031 0.40684 -0.57441
vn -0.71031 0.50791 -0.48732
vn -0.71031 0.55219 -0.43652
vn -0.71031 0.62463 -0.32449
vn -0.71031 0.6528 -0.26327
vn -0.71031 0.69075 -0.13537
vn -0.71031 0.70053 -0.06869
vn -0.71031 0.70091 0.06472
vn -0.71031 0.6915 0.13146
vn -0.71031 0.65428 0.25957
vn -0.71031 0.62646 0.32095
vn -0.71031 0.55465 0.43339
vn -0.71031 0.51066 0.48444
vn -0.71031 0.41008 0.57209
vn -0.71031 0.35349 0.60869
vn -0.71031 0.23229 0.66445
vn -0.71031 0.16768 0.68362
vn -0.71031 0.03568 0.70298
vn -0.71031 -0.03171 0.70317
vn -0.71031 -0.16381 0.68456
vn -0.71031 -0.22853 0.66576
vn -0.71031 -0.35004 0.61068
vn -0.71031 -0.40684 0.57441
vn -0.71031 -0.50791 0.48732
vn -0.71031 -0.55219 0.43652
vn -0.71031 -0.62463 0.32449
vn -0.71031 -0.6528 0.26327
vn -0.71031 -0.69075 0.13537
vn -0 -0.99523 0.09758
vn -0 -0.99576 -0.09195
vn -0 -0.98241 -0.18676
vn -0 -0.92952 -0.36877
vn -0 -0.89 -0.45597
vn -0 -0.78798 -0.61571
vn -0 -0.72548 -0.68824
vn -0 -0.58259 -0.81276
vn -0 -0.5022 -0.86475
vn -0 -0.33001 -0.94398
vn -0 -0.23823 -0.97121
vn -0 -0.0507 -0.99871
vn 0 0.04505 -0.99898
vn 0 0.23273 -0.97254
vn 0 0.32467 -0.94583
vn 0 0.4973 -0.86758
vn 0 0.57799 -0.81605
vn 0 0.72158 -0.69233
vn 0 0.78448 -0.62015
vn 0 0.8874 -0.461
vn 0 0.92742 -0.37402
vn 0 0.98133 -0.19231
vn 0 0.99523 -0.09758
vn 0 0.99576 0.09195
vn 0 0.98241 0.18676
vn 0 0.92952 0.36877
vn 0 0.89 0.45597
vn 0 0.78798 0.61571
vn 0 0.72548 0.68824
vn 0 0.58259 0.81276
vn 0 0.5022 0.86475
vn 0 0.33001 0.94398
vn 0 0.23823 0.97121
vn 0 0.0507 0.99871
vn -0 -0.04505 0.99898
vn -0 -0.23273 0.97254
vn -0 -0.32467 0.94583
vn -0 -0.4973 0.86758
vn -0 -0.57799 0.81605
vn -0 -0.72158 0.69233
vn -0 -0.78448 0.62015
vn -0 -0.8874 0.461
vn -0 -0.92742 0.37402
vn -0 -0.98133 0.19231
vn -0 -0.64481 -0.76434
vn 0 0.76434 -0.64481
vn 0 0.64481 0.76434
vn -0 -0.76434 0.64481
vn -1 0 0
vn 1 -0 -0
vn -0 -0.85131 0.52466
vn -0 -0.92089 0.38983
vn -0 -0.99465 0.10333
vn -0 -0.99883 -0.04833
vn -0 -0.94098 -0.33846
vn -0 -0.87894 -0.47692
vn -0 -0.70094 -0.71322
vn -0 -0.58497 -0.81105
vn -0 -0.32207 -0.94672
vn -0 -0.17514 -0.98454
vn 0 0.12059 -0.9927
vn 0 0.26938 -0.96303
vn 0 0.53936 -0.84207
vn 0 0.66055 -0.75078
vn 0 0.85131 -0.52466
vn 0 0.92089 -0.38983
vn 0 0.99465 -0.10333
vn 0 0.99883 0.04833
vn 0 0.94098 0.33846
vn 0 0.87894 0.47692
vn 0 0.70094 0.71322
vn 0 0.58497 0.81105
vn 0 0.32207 0.94672
vn 0 0.17514 0.98454
vn -0 -0.12059 0.9927
vn -0 -0.26938 0.96303
vn -0 -0.53936 0.84207
vn -0 -0.66055 0.75078
vn -0 -0.84156 0.54017
vn -0 -0.90551 0.42433
vn -0 -0.98421 0.177
vn -0 -0.99896 0.04551
vn -0 -0.97703 -0.21311
vn -0 -0.94034 -0.34024
vn -0 -0.8211 -0.57078
vn -0 -0.73855 -0.67419
vn -0 -0.67419 0.73855
vn -0 -0.57078 0.8211
vn -0 -0.34024 0.94034
vn -0 -0.21311 0.97703
vn 0 0.04551 0.99896
vn 0 0.177 0.98421
vn 0 0.42433 0.90551
vn 0 0.54017 0.84156
vn 0 0.84156 -0.54017
vn 0 0.90551 -0.42433
vn 0 0.98421 -0.177
vn 0 0.99896 -0.04551
vn 0 0.97703 0.21311
vn 0 0.94034 0.34024
vn 0 0.8211 0.57078
vn 0 0.73855 0.67419
vn 0 0.67419 -0.73855
vn 0 0.57078 -0.8211
vn 0 0.34024 -0.94034
vn 0 0.21311 -0.97703
vn -0 -0.04551 -0.99896
vn -0 -0.177 -0.98421
vn -0 -0.42433 -0.90551
vn -0 -0.54017 -0.84156
f 1//1 2//1 3//1
f 3//2 2//2 4//2
f 3//3 4//3 5//3
f 5//4 4//4 6//4
f 5//5 6//5 7//5
f 7//6 6//6 8//6
f 7//7 8//7 9//7
f 9//8 8//8 10//8
f 9//9 10//9 11//9
f 11//10 10//10 12//10
f 11//11 12//11 13//11
f 13//12 12//12 14//12
f 13//13 14//13 15//13
f 15//14 14//14 16//14
f 15//15 16//15 17//15
f 17//16 16//16 18//16
f 17//17 18//17 19//17
f 19//18 18//18 20//18
f 19//19 20//19 21//19
f 21//20 20//20 22//20
f 21//21 22//21 23//21
f 23//22 22//22 24//22
f 23//23 24//23 1//23
f 1//24 24//24 2//24
f 25//1 26//1 27//1
f 27//2 26//2 28//2
f 27//3 28//3 29//3
f 29//4 28//4 30//4
f 29//5 30//5 31//5
f 31//6 30//6 32//6
f 31//7 32//7 33//7
f 33//8 32//8 34//8
f 33//9 34//9 35//9
f 35//10 34//10 36//10
f 35//11 36//11 37//11
f 37//12 36//12 38//12
f 37//13 38//13 39//13
f 39//14 38//14 40//14
f 39//15 40//15 41//15
f 41//16 40//16 42//16
f 41//17 42//17 43//17
f 43//18 42//18 44//18
f 43//19 44//19 45//19
f 45//20 44//20 46//20
f 45//21 46//21 47//21
f 47//22 46//22 48//22
f 47//23 48//23 25//23
f 25//24 48//24 26//24
f 49//25 50//25 51//25
f 49//26 51//26 52//26
f 52//27 51//27 53//27
f 52//28 53//28 54//28
f 54//29 53//29 55//29
f 54//30 55//30 56//30
f 56//31 55//31 57//31
f 56//32 57//32 58//32
f 58//33 57//33 59//33
f 58//34 59//34 60//34
f 60//35 59//35 61//35
f 60//36 61//36 62//36
f 62//37 61//37 63//37
f 62//38 63//38 64//38
f 64//39 63//39 65//39
f 65//40 63//40 66//40
f 65//41 66//41 67//41
f 67//42 66//42 68//42
f 67//43 68//43 69//43
f 69//44 68//44 70//44
f 69//45 70//45 71//45
f 72//46 73//46 74//46
f 74//46 73//46 75//46
f 74//46 75//46 76//46
f 76//46 75//46 77//46
f 76//46 77//46 78//46
f 78//46 77//46 79//46
f 78//46 79//46 80//46
f 80//46 79//46 81//46
f 80//46 81//46 82//46
f 82//46 81//46 83//46
f 82//46 83//46 84//46
f 84//46 83//46 85//46
f 84//46 85//46 86//46
f 86//46 85//46 87//46
f 86//46 87//46 88//46
f 88//46 87//46 89//46
f 88//46 89//46 90//46
f 90//46 89//46 91//46
f 90//46 91//46 92//46
f 92//46 91//46 93//46
f 92//46 93//46 94//46
f 94//46 93//46 95//46
f 94//46 95//46 96//46
f 96//46 95//46 97//46
f 96//46 97//46 98//46
f 98//46 97//46 99//46
f 98//46 99//46 100//46
f 100//46 99//46 101//46
f 100//46 101//46 102//46
f 102//46 101//46 103//46
f 102//46 103//46 104//46
f 104//46 103//46 72//46
f 104//46 72//46 74//46
f 79//47 105//47 81//47
f 81//48 105//48 106//48
f 81//49 106//49 83//49
f 106//50 107//50 83//50
f 83//51 107//51 108//51
f 83//52 108//52 85//52
f 85//53 108//53 109//53
f 85//54 109//54 87//54
f 87//55 109//55 110//55
f 87//56 110//56 89//56
f 89//57 110//57 111//57
f 89//58 111//58 91//58
f 91//59 111//59 112//59
f 91//60 112//60 93//60
f 93//61 112//61 113//61
f 93//62 113//62 95//62
f 95//63 113//63 114//63
f 95//64 114//64 97//64
f 97//65 114//65 115//65
f 97//66 115//66 99//66
f 99//67 115//67 116//67
f 99//68 116//68 101//68
f 101//69 116//69 117//69
f 101//70 117//70 103//70
f 103//71 117//71 118//71
f 103//72 118//72 72//72
f 72//73 118//73 119//73
f 72//74 119//74 73//74
f 73//75 119//75 120//75
f 73//76 120//76 75//76
f 75//77 120//77 121//77
f 75//78 121//78 77//78
f 77//79 121//79 122//79
f 77//80 122//80 79//80
f 79//81 122//81 123//81
f 79//82 123//82 105//82
f 124//83 90//83 125//83
f 125//84 90//84 92//84
f 125//85 92//85 126//85
f 126//86 92//86 94//86
f 126//87 94//87 127//87
f 127//88 94//88 96//88
f 127//89 96//89 128//89
f 128//90 96//90 98//90
f 128//91 98//91 129//91
f 129//92 98//92 100//92
f 129//93 100//93 130//93
f 130//94 100//94 102//94
f 130//95 102//95 131//95
f 131//96 102//96 104//96
f 131//97 104//97 132//97
f 132//98 104//98 74//98
f 132//99 74//99 133//99
f 133//100 74//100 76//100
f 133//101 76//101 134//101
f 134//102 76//102 78//102
f 134//103 78//103 135//103
f 135//104 78//104 80//104
f 135//105 80//105 136//105
f 136//106 80//106 82//106
f 136//107 82//107 137//107
f 137//108 82//108 84//108
f 137//109 84//109 138//109
f 138//110 84//110 86//110
f 138//111 86//111 139//111
f 139//112 86//112 88//112
f 139//113 88//113 124//113
f 124//114 88//114 90//114
f 70//115 68//115 135//115
f 135//115 68//115 66//115
f 135//115 66//115 134//115
f 134//115 66//115 63//115
f 134//115 63//115 133//115
f 133//115 63//115 61//115
f 133//115 61//115 132//115
f 132//115 61//115 59//115
f 132//115 59//115 131//115
f 138//115 140//115 137//115
f 137//115 140//115 70//115
f 137//115 70//115 136//115
f 136//115 70//115 135//115
f 50//115 141//115 126//115
f 138//115 139//115 140//115
f 140//115 139//115 124//115
f 140//115 124//115 141//115
f 141//115 124//115 125//115
f 141//115 125//115 126//115
f 59//115 57//115 131//115
f 131//115 57//115 55//115
f 131//115 55//115 130//115
f 130//115 55//115 53//115
f 130//115 53//115 129//115
f 129//115 53//115 51//115
f 129//115 51//115 128//115
f 128//115 51//115 50//115
f 128//115 50//115 127//115
f 127//115 50//115 126//115
f 142//46 143//46 144//46
f 145//46 146//46 142//46
f 147//46 148//46 149//46
f 149//46 148//46 150//46
f 143//46 151//46 144//46
f 144//46 151//46 152//46
f 144//46 152//46 153//46
f 152//46 154//46 153//46
f 153//46 154//46 155//46
f 153//46 155//46 156//46
f 157//46 158//46 159//46
f 147//46 160//46 148//46
f 148//46 160//46 161//46
f 148//46 161//46 155//46
f 155//46 161//46 162//46
f 155//46 162//46 156//46
f 159//46 158//46 163//46
f 163//46 158//46 164//46
f 163//46 164//46 165//46
f 165//46 164//46 166//46
f 165//46 166//46 167//46
f 167//46 166//46 168//46
f 167//46 168//46 169//46
f 169//46 168//46 170//46
f 169//46 170//46 171//46
f 150//46 172//46 149//46
f 149//46 172//46 173//46
f 149//46 173//46 145//46
f 145//46 173//46 174//46
f 145//46 174//46 146//46
f 156//46 175//46 153//46
f 153//46 175//46 176//46
f 153//46 176//46 177//46
f 177//46 176//46 178//46
f 177//46 178//46 179//46
f 179//46 178//46 157//46
f 179//46 157//46 180//46
f 180//46 157//46 159//46
f 181//46 169//46 145//46
f 145//46 169//46 171//46
f 145//46 171//46 149//46
f 181//46 182//46 169//46
f 169//46 182//46 183//46
f 169//46 183//46 184//46
f 181//46 185//46 71//46
f 71//46 185//46 186//46
f 71//46 186//46 187//46
f 188//46 189//46 144//46
f 190//46 191//46 145//46
f 145//46 191//46 192//46
f 145//46 192//46 181//46
f 181//46 192//46 193//46
f 181//46 193//46 185//46
f 142//46 144//46 145//46
f 145//46 144//46 189//46
f 145//46 189//46 194//46
f 194//46 195//46 145//46
f 145//46 195//46 196//46
f 145//46 196//46 190//46
f 109//46 108//46 197//46
f 49//46 198//46 144//46
f 144//46 198//46 199//46
f 144//46 199//46 188//46
f 109//46 197//46 110//46
f 110//46 197//46 200//46
f 110//46 200//46 201//46
f 111//46 110//46 202//46
f 202//46 110//46 201//46
f 202//46 201//46 203//46
f 203//46 201//46 204//46
f 203//46 204//46 205//46
f 205//46 204//46 206//46
f 205//46 206//46 195//46
f 195//46 206//46 207//46
f 195//46 207//46 196//46
f 208//46 114//46 113//46
f 208//46 113//46 202//46
f 202//46 113//46 112//46
f 202//46 112//46 111//46
f 121//46 62//46 122//46
f 122//46 62//46 64//46
f 122//46 64//46 123//46
f 123//46 64//46 65//46
f 123//46 65//46 105//46
f 105//46 65//46 67//46
f 105//46 67//46 106//46
f 106//46 67//46 69//46
f 106//46 69//46 107//46
f 107//46 69//46 71//46
f 107//46 71//46 108//46
f 108//46 71//46 187//46
f 108//46 187//46 197//46
f 49//46 116//46 115//46
f 114//46 208//46 115//46
f 115//46 208//46 209//46
f 115//46 209//46 49//46
f 49//46 209//46 210//46
f 49//46 210//46 198//46
f 116//46 49//46 117//46
f 117//46 49//46 52//46
f 117//46 52//46 118//46
f 118//46 52//46 54//46
f 118//46 54//46 119//46
f 119//46 54//46 56//46
f 119//46 56//46 120//46
f 120//46 56//46 58//46
f 120//46 58//46 121//46
f 121//46 58//46 60//46
f 121//46 60//46 62//46
f 23//115 1//115 211//115
f 212//115 213//115 214//115
f 35//115 37//115 215//115
f 17//115 19//115 216//115
f 216//115 19//115 21//115
f 217//115 218//115 219//115
f 219//115 218//115 220//115
f 3//115 221//115 1//115
f 1//115 221//115 222//115
f 1//115 222//115 211//115
f 214//115 25//115 27//115
f 37//115 11//115 215//115
f 215//115 11//115 13//115
f 215//115 13//115 216//115
f 216//115 13//115 15//115
f 216//115 15//115 17//115
f 218//115 223//115 220//115
f 220//115 223//115 216//115
f 220//115 216//115 211//115
f 211//115 216//115 21//115
f 211//115 21//115 23//115
f 27//115 29//115 214//115
f 214//115 29//115 31//115
f 214//115 31//115 215//115
f 215//115 31//115 33//115
f 215//115 33//115 35//115
f 43//115 224//115 221//115
f 43//115 45//115 224//115
f 224//115 45//115 47//115
f 224//115 47//115 225//115
f 225//115 47//115 25//115
f 225//115 25//115 226//115
f 226//115 25//115 214//115
f 226//115 214//115 227//115
f 227//115 214//115 213//115
f 37//115 39//115 11//115
f 11//115 39//115 41//115
f 11//115 41//115 9//115
f 9//115 41//115 43//115
f 9//115 43//115 7//115
f 7//115 43//115 221//115
f 7//115 221//115 5//115
f 5//115 221//115 3//115
f 214//115 228//115 229//115
f 230//115 231//115 232//115
f 232//115 231//115 233//115
f 232//115 233//115 234//115
f 234//115 233//115 235//115
f 234//115 235//115 236//115
f 236//115 235//115 237//115
f 236//115 237//115 238//115
f 238//115 237//115 239//115
f 238//115 239//115 240//115
f 240//115 239//115 216//115
f 240//115 216//115 241//115
f 241//115 216//115 223//115
f 228//115 214//115 242//115
f 242//115 214//115 243//115
f 242//115 243//115 244//115
f 244//115 243//115 245//115
f 244//115 245//115 246//115
f 246//115 245//115 247//115
f 246//115 247//115 248//115
f 248//115 247//115 249//115
f 248//115 249//115 230//115
f 230//115 249//115 250//115
f 230//115 250//115 231//115
f 212//115 214//115 251//115
f 251//115 214//115 229//115
f 251//115 229//115 219//115
f 219//115 229//115 252//115
f 219//115 252//115 217//115
f 215//116 141//116 50//116
f 153//116 214//116 144//116
f 144//116 214//116 215//116
f 144//116 215//116 49//116
f 49//116 215//116 50//116
f 70//117 140//117 71//117
f 71//117 140//117 216//117
f 71//117 216//117 181//117
f 181//117 216//117 239//117
f 181//117 239//117 182//117
f 182//118 239//118 237//118
f 182//119 237//119 183//119
f 183//120 237//120 235//120
f 183//121 235//121 184//121
f 184//122 235//122 169//122
f 169//123 235//123 233//123
f 169//124 233//124 167//124
f 167//125 233//125 231//125
f 167//126 231//126 165//126
f 165//127 231//127 250//127
f 165//128 250//128 163//128
f 163//129 250//129 249//129
f 163//130 249//130 159//130
f 159//131 249//131 247//131
f 159//132 247//132 180//132
f 180//133 247//133 245//133
f 180//134 245//134 179//134
f 179//135 245//135 243//135
f 179//136 243//136 177//136
f 177//137 243//137 214//137
f 177//138 214//138 153//138
f 161//98 253//98 162//98
f 162//97 253//97 254//97
f 162//96 254//96 156//96
f 156//95 254//95 255//95
f 156//94 255//94 175//94
f 175//93 255//93 256//93
f 175//92 256//92 176//92
f 176//91 256//91 257//91
f 176//90 257//90 178//90
f 178//89 257//89 258//89
f 178//88 258//88 157//88
f 157//87 258//87 259//87
f 157//86 259//86 158//86
f 158//85 259//85 260//85
f 158//84 260//84 164//84
f 164//83 260//83 261//83
f 164//114 261//114 166//114
f 166//113 261//113 262//113
f 166//112 262//112 168//112
f 168//111 262//111 263//111
f 168//110 263//110 170//110
f 170//109 263//109 264//109
f 170//108 264//108 171//108
f 171//107 264//107 265//107
f 171//106 265//106 149//106
f 149//105 265//105 266//105
f 149//104 266//104 147//104
f 147//103 266//103 267//103
f 147//102 267//102 160//102
f 160//101 267//101 268//101
f 160//100 268//100 161//100
f 161//99 268//99 253//99
f 269//139 218//139 270//139
f 270//140 218//140 217//140
f 270//141 217//141 271//141
f 271//142 217//142 252//142
f 271//143 252//143 272//143
f 272//144 252//144 229//144
f 272//145 229//145 273//145
f 273//146 229//146 228//146
f 273//147 228//147 274//147
f 274//148 228//148 242//148
f 274//149 242//149 275//149
f 275//150 242//150 244//150
f 275//151 244//151 276//151
f 276//152 244//152 246//152
f 276//153 246//153 277//153
f 277//154 246//154 248//154
f 277//155 248//155 278//155
f 278//156 248//156 230//156
f 278//157 230//157 279//157
f 279//158 230//158 232//158
f 279//159 232//159 280//159
f 280//160 232//160 234//160
f 280//161 234//161 281//161
f 281//162 234//162 236//162
f 281//163 236//163 282//163
f 282//164 236//164 238//164
f 282//165 238//165 283//165
f 283//166 238//166 240//166
f 283//167 240//167 284//167
f 284//168 240//168 241//168
f 284//169 241//169 285//169
f 285//170 241//170 223//170
f 285//171 223//171 269//171
f 269//172 223//172 218//172
f 276//115 277//115 261//115
f 261//115 277//115 278//115
f 261//115 278//115 262//115
f 262//115 278//115 279//115
f 262//115 279//115 263//115
f 263//115 279//115 280//115
f 263//115 280//115 264//115
f 264//115 280//115 281//115
f 264//115 281//115 265//115
f 265//115 281//115 282//115
f 265//115 282//115 266//115
f 266//115 282//115 283//115
f 266//115 283//115 267//115
f 267//115 283//115 284//115
f 267//115 284//115 268//115
f 268//115 284//115 285//115
f 268//115 285//115 253//115
f 253//115 285//115 269//115
f 253//115 269//115 254//115
f 254//115 269//115 270//115
f 254//115 270//115 255//115
f 255//115 270//115 271//115
f 255//115 271//115 256//115
f 256//115 271//115 272//115
f 256//115 272//115 257//115
f 257//115 272//115 273//115
f 257//115 273//115 258//115
f 258//115 273//115 274//115
f 258//115 274//115 259//115
f 259//115 274//115 275//115
f 259//115 275//115 260//115
f 260//115 275//115 276//115
f 260//115 276//115 261//115
f 141//173 215//173 140//173
f 140//173 215//173 216//173
f 32//46 286//46 34//46
f 34//46 286//46 287//46
f 34//46 287//46 36//46
f 36//46 287//46 288//46
f 36//46 288//46 38//46
f 38//46 288//46 289//46
f 38//46 289//46 40//46
f 40//46 289//46 290//46
f 40//46 290//46 42//46
f 42//46 290//46 291//46
f 42//46 291//46 44//46
f 44//46 291//46 292//46
f 44//46 292//46 46//46
f 46//46 292//46 293//46
f 46//46 293//46 48//46
f 48//46 293//46 294//46
f 48//46 294//46 26//46
f 26//46 294//46 295//46
f 26//46 295//46 28//46
f 28//46 295//46 296//46
f 28//46 296//46 30//46
f 30//46 296//46 297//46
f 30//46 297//46 32//46
f 32//46 297//46 286//46
f 295//1 189//1 296//1
f 296//2 189//2 188//2
f 296//3 188//3 297//3
f 297//4 188//4 199//4
f 297//5 199//5 286//5
f 286//6 199//6 198//6
f 286//7 198//7 287//7
f 287//8 198//8 210//8
f 287//9 210//9 288//9
f 288//10 210//10 209//10
f 288//11 209//11 289//11
f 289//12 209//12 208//12
f 289//13 208//13 290//13
f 290//14 208//14 202//14
f 290//15 202//15 291//15
f 291//16 202//16 203//16
f 291//17 203//17 292//17
f 292//18 203//18 205//18
f 292//19 205//19 293//19
f 293//20 205//20 195//20
f 293//21 195//21 294//21
f 294//22 195//22 194//22
f 294//23 194//23 295//23
f 295//24 194//24 189//24
f 8//46 298//46 10//46
f 10//46 298//46 299//46
f 10//46 299//46 12//46
f 12//46 299//46 300//46
f 12//46 300//46 14//46
f 14//46 300//46 301//46
f 14//46 301//46 16//46
f 16//46 301//46 302//46
f 16//46 302//46 18//46
f 18//46 302//46 303//46
f 18//46 303//46 20//46
f 20//46 303//46 304//46
f 20//46 304//46 22//46
f 22//46 304//46 305//46
f 22//46 305//46 24//46
f 24//46 305//46 306//46
f 24//46 306//46 2//46
f 2//46 306//46 307//46
f 2//46 307//46 4//46
f 4//46 307//46 308//46
f 4//46 308//46 6//46
f 6//46 308//46 309//46
f 6//46 309//46 8//46
f 8//46 309//46 298//46
f 302//174 187//174 303//174
f 303//175 187//175 186//175
f 303//17 186//17 304//17
f 304//18 186//18 185//18
f 304//19 185//19 305//19
f 185//20 193//20 305//20
f 305//176 193//176 192//176
f 305//177 192//177 306//177
f 306//178 192//178 191//178
f 306//23 191//23 307//23
f 307//24 191//24 190//24
f 307//1 190//1 308//1
f 308//2 190//2 196//2
f 308//3 196//3 309//3
f 309//4 196//4 207//4
f 309//5 207//5 298//5
f 298//6 207//6 206//6
f 298//7 206//7 299//7
f 299//8 206//8 204//8
f 299//9 204//9 300//9
f 300//10 204//10 201//10
f 300//11 201//11 301//11
f 301//12 201//12 200//12
f 301//13 200//13 302//13
f 302//14 200//14 197//14
f 302//179 197//179 187//179
f 142//12 221//12 143//12
f 143//11 221//11 224//11
f 143//10 224//10 151//10
f 151//9 224//9 225//9
f 151//8 225//8 152//8
f 152//7 225//7 226//7
f 152//6 226//6 154//6
f 154//5 226//5 227//5
f 154//4 227//4 155//4
f 155//3 227//3 213//3
f 155//2 213//2 148//2
f 148//1 213//1 212//1
f 148//24 212//24 150//24
f 150//23 212//23 251//23
f 150//22 251//22 172//22
f 172//21 251//21 219//21
f 172//20 219//20 173//20
f 173//19 219//19 220//19
f 173//18 220//18 174//18
f 174//17 220//17 211//17
f 174//16 211//16 146//16
f 146//15 211//15 222//15
f 146//14 222//14 142//14
f 142//13 222//13 221//13
f 310//180 311//180 312//180
f 313//181 314//181 315//181
f 314//182 313//182 316//182
f 317//183 318//183 319//183
f 319//184 318//184 320//184
f 319//185 320//185 315//185
f 315//186 320//186 321//186
f 315//187 321//187 313//187
f 322//188 323//188 324//188
f 325//189 326//189 327//189
f 327//190 326//190 328//190
f 327//191 328//191 322//191
f 322//192 328//192 329//192
f 322//193 329//193 323//193
f 325//194 327//194 330//194
f 330//195 327//195 331//195
f 330//196 331//196 332//196
f 332//197 331//197 333//197
f 333//198 331//198 334//198
f 333//199 334//199 335//199
f 336//200 337//200 334//200
f 334//201 337//201 338//201
f 334//202 338//202 335//202
f 339//203 340//203 341//203
f 341//204 340//204 342//204
f 341//205 342//205 336//205
f 336//206 342//206 343//206
f 336//207 343//207 337//207
f 344//208 345//208 346//208
f 345//209 347//209 346//209
f 346//210 347//210 339//210
f 346//211 339//211 348//211
f 349//212 350//212 351//212
f 351//213 350//213 344//213
f 351//214 344//214 352//214
f 352//215 344//215 346//215
f 353//216 354//216 349//216
f 349//217 354//217 355//217
f 349//218 355//218 350//218
f 356//219 357//219 358//219
f 358//220 357//220 359//220
f 356//221 358//221 360//221
f 360//222 358//222 361//222
f 360//223 361//223 362//223
f 362//224 361//224 363//224
f 363//225 361//225 364//225
f 363//226 364//226 365//226
f 365//227 364//227 366//227
f 366//228 364//228 367//228
f 366//229 367//229 368//229
f 369//230 370//230 371//230
f 371//231 370//231 372//231
f 372//232 373//232 371//232
f 371//233 373//233 374//233
f 371//234 374//234 367//234
f 367//235 374//235 375//235
f 367//236 375//236 368//236
f 376//237 377//237 369//237
f 369//238 377//238 378//238
f 369//239 378//239 370//239
f 379//240 380//240 376//240
f 311//241 310//241 380//241
f 380//242 310//242 381//242
f 380//243 381//243 376//243
f 382//244 383//244 384//244
f 384//245 383//245 385//245
f 384//246 385//246 312//246
f 312//247 385//247 386//247
f 312//248 386//248 310//248
f 387//249 388//249 389//249
f 390//250 391//250 392//250
f 392//251 391//251 393//251
f 392//252 393//252 387//252
f 387//253 393//253 394//253
f 387//254 394//254 388//254
f 390//255 392//255 395//255
f 395//256 392//256 396//256
f 395//257 396//257 397//257
f 397//258 396//258 398//258
f 398//259 396//259 399//259
f 398//260 399//260 400//260
f 401//261 402//261 399//261
f 399//262 402//262 403//262
f 399//263 403//263 400//263
f 404//264 405//264 406//264
f 406//265 405//265 407//265
f 406//266 407//266 401//266
f 401//267 407//267 408//267
f 401//268 408//268 402//268
f 409//269 410//269 411//269
f 410//270 412//270 411//270
f 411//271 412//271 404//271
f 411//272 404//272 413//272
f 414//273 415//273 416//273
f 416//274 415//274 409//274
f 416//275 409//275 417//275
f 417//276 409//276 411//276
f 418//277 419//277 414//277
f 414//278 419//278 420//278
f 414//279 420//279 415//279
f 421//280 422//280 423//280
f 423//281 422//281 424//281
f 421//282 423//282 425//282
f 425//283 423//283 426//283
f 425//284 426//284 427//284
f 427//285 426//285 428//285
f 428//286 426//286 429//286
f 428//287 429//287 430//287
f 430//288 429//288 431//288
f 431//289 429//289 432//289
f 431//290 432//290 433//290
f 434//291 435//291 436//291
f 436//292 435//292 437//292
f 437//293 438//293 436//293
f 436//294 438//294 439//294
f 436//295 439//295 432//295
f 432//296 439//296 440//296
f 432//297 440//297 433//297
f 441//298 442//298 434//298
f 434//299 442//299 443//299
f 434//300 443//300 435//300
f 313//301 444//301 316//301
f 316//302 444//302 441//302
f 316//303 441//303 445//303
f 446//304 447//304 448//304
f 446//305 449//305 447//305
f 447//306 449//306 450//306
f 447//307 450//307 451//307
f 451//308 450//308 452//308
f 451//309 452//309 453//309
f 452//310 454//310 453//310
f 453//311 454//311 455//311
f 453//312 455//312 456//312
f 455//313 457//313 456//313
f 456//314 457//314 458//314
f 456//315 458//315 459//315
f 459//316 458//316 460//316
f 459//317 460//317 461//317
f 460//318 462//318 461//318
f 461//319 462//319 463//319
f 461//320 463//320 464//320
f 463//321 465//321 464//321
f 464//322 465//322 466//322
f 464//323 466//323 467//323
f 467//324 466//324 468//324
f 467//325 468//325 469//325
f 468//326 470//326 469//326
f 469//327 470//327 471//327
f 469//328 471//328 472//328
f 471//329 473//329 472//329
f 472//330 473//330 474//330
f 472//331 474//331 475//331
f 474//332 476//332 475//332
f 475//333 476//333 477//333
f 475//334 477//334 478//334
f 478//335 477//335 479//335
f 478//336 479//336 480//336
f 479//337 481//337 480//337
f 480//338 481//338 482//338
f 480//339 482//339 483//339
f 482//340 484//340 483//340
f 483//341 484//341 485//341
f 483//342 485//342 486//342
f 486//343 485//343 487//343
f 486//344 487//344 488//344
f 487//345 489//345 488//345
f 488//346 489//346 490//346
f 488//347 490//347 491//347
f 490//348 492//348 491//348
f 491//349 492//349 493//349
f 491//350 493//350 494//350
f 494//351 493//351 495//351
f 494//352 495//352 496//352
f 495//353 497//353 496//353
f 496//354 497//354 498//354
f 496//355 498//355 499//355
f 498//356 500//356 499//356
f 499//357 500//357 501//357
f 499//358 501//358 502//358
f 502//359 501//359 503//359
f 502//360 503//360 504//360
f 503//361 505//361 504//361
f 504//362 505//362 506//362
f 504//363 506//363 507//363
f 506//364 508//364 507//364
f 507//365 508//365 509//365
f 507//366 509//366 510//366
f 509//367 511//367 510//367
f 510//368 511//368 512//368
f 510//369 512//369 513//369
f 513//370 512//370 514//370
f 513//371 514//371 515//371
f 514//372 516//372 515//372
f 515//373 516//373 517//373
f 515//374 517//374 518//374
f 517//375 519//375 518//375
f 518//376 519//376 520//376
f 518//377 520//377 521//377
f 521//378 520//378 522//378
f 521//379 522//379 523//379
f 522//380 524//380 523//380
f 523//381 524//381 525//381
f 523//382 525//382 526//382
f 525//383 527//383 526//383
f 526//384 527//384 528//384
f 526//385 528//385 529//385
f 529//386 528//386 530//386
f 529//387 530//387 531//387
f 530//388 532//388 531//388
f 531//389 532//389 533//389
f 531//390 533//390 534//390
f 533//391 535//391 534//391
f 534//392 535//392 536//392
f 534//393 536//393 537//393
f 537//394 536//394 538//394
f 537//395 538//395 539//395
f 538//396 540//396 539//396
f 539//397 540//397 541//397
f 539//398 541//398 542//398
f 541//399 543//399 542//399
f 542//400 543//400 544//400
f 542//401 544//401 545//401
f 545//402 544//402 546//402
f 545//403 546//403 547//403
f 546//404 548//404 547//404
f 547//405 548//405 549//405
f 547//406 549//406 550//406
f 549//407 551//407 550//407
f 550//408 551//408 552//408
f 550//409 552//409 553//409
f 552//410 554//410 553//410
f 553//411 554//411 555//411
f 553//412 555//412 556//412
f 556//413 555//413 557//413
f 556//414 557//414 448//414
f 448//415 557//415 558//415
f 448//416 558//416 446//416
f 556//417 559//417 553//417
f 553//418 559//418 560//418
f 553//419 560//419 550//419
f 550//420 560//420 561//420
f 550//421 561//421 547//421
f 547//422 561//422 562//422
f 547//423 562//423 545//423
f 545//424 562//424 563//424
f 545//425 563//425 542//425
f 542//426 563//426 564//426
f 542//427 564//427 539//427
f 539//428 564//428 565//428
f 539//429 565//429 537//429
f 537//430 565//430 566//430
f 537//431 566//431 534//431
f 534//432 566//432 567//432
f 534//433 567//433 531//433
f 531//434 567//434 568//434
f 531//435 568//435 529//435
f 529//436 568//436 569//436
f 529//437 569//437 526//437
f 526//438 569//438 570//438
f 526//439 570//439 523//439
f 523//440 570//440 571//440
f 523//441 571//441 521//441
f 521//442 571//442 572//442
f 521//443 572//443 518//443
f 518//444 572//444 573//444
f 518//445 573//445 515//445
f 515//446 573//446 574//446
f 515//447 574//447 513//447
f 513//448 574//448 575//448
f 513//449 575//449 510//449
f 510//450 575//450 576//450
f 510//451 576//451 507//451
f 507//452 576//452 577//452
f 507//453 577//453 504//453
f 504//454 577//454 578//454
f 504//455 578//455 502//455
f 502//456 578//456 579//456
f 502//457 579//457 499//457
f 499//458 579//458 580//458
f 499//459 580//459 496//459
f 496//460 580//460 581//460
f 496//461 581//461 494//461
f 494//462 581//462 582//462
f 494//463 582//463 491//463
f 491//464 582//464 583//464
f 491//465 583//465 488//465
f 488//466 583//466 584//466
f 488//467 584//467 486//467
f 486//468 584//468 585//468
f 486//469 585//469 483//469
f 483//470 585//470 586//470
f 483//471 586//471 480//471
f 480//472 586//472 587//472
f 480//473 587//473 478//473
f 478//474 587//474 588//474
f 478//475 588//475 475//475
f 475//476 588//476 589//476
f 475//477 589//477 472//477
f 472//478 589//478 590//478
f 472//479 590//479 469//479
f 469//480 590//480 591//480
f 469//481 591//481 467//481
f 467//482 591//482 592//482
f 467//483 592//483 464//483
f 464//484 592//484 593//484
f 464//485 593//485 461//485
f 461//486 593//486 594//486
f 461//487 594//487 459//487
f 459//488 594//488 595//488
f 459//489 595//489 456//489
f 456//490 595//490 596//490
f 456//491 596//491 453//491
f 453//492 596//492 597//492
f 453//493 597//493 451//493
f 451//494 597//494 598//494
f 451//495 598//495 447//495
f 447//496 598//496 599//496
f 447//497 599//497 448//497
f 448//498 599//498 600//498
f 448//499 600//499 556//499
f 556//500 600//500 559//500
f 600//501 352//501 559//501
f 559//502 352//502 346//502
f 559//503 346//503 560//503
f 560//504 346//504 348//504
f 560//505 348//505 561//505
f 561//506 348//506 601//506
f 561//507 601//507 562//507
f 562//508 601//508 602//508
f 562//509 602//509 563//509
f 563//510 602//510 603//510
f 563//511 603//511 564//511
f 564//512 603//512 604//512
f 564//513 604//513 565//513
f 565//514 604//514 317//514
f 565//515 317//515 566//515
f 566//516 317//516 319//516
f 566//517 319//517 567//517
f 567//518 319//518 315//518
f 567//519 315//519 568//519
f 568//520 315//520 314//520
f 568//521 314//521 569//521
f 569//522 314//522 316//522
f 569//523 316//523 570//523
f 570//524 316//524 445//524
f 570//525 445//525 571//525
f 571//526 445//526 605//526
f 571//527 605//527 572//527
f 572//528 605//528 606//528
f 572//529 606//529 573//529
f 573//530 606//530 607//530
f 573//531 607//531 574//531
f 574//532 607//532 608//532
f 574//533 608//533 575//533
f 575//534 608//534 609//534
f 575//535 609//535 576//535
f 576//536 609//536 418//536
f 576//537 418//537 577//537
f 577//538 418//538 414//538
f 577//539 414//539 578//539
f 578//540 414//540 416//540
f 578//541 416//541 579//541
f 579//542 416//542 417//542
f 579//543 417//543 580//543
f 580//544 417//544 411//544
f 580//545 411//545 581//545
f 581//546 411//546 413//546
f 581//547 413//547 582//547
f 582//548 413//548 610//548
f 582//549 610//549 583//549
f 583//550 610//550 611//550
f 583//551 611//551 584//551
f 584//552 611//552 612//552
f 584//553 612//553 585//553
f 585//554 612//554 613//554
f 585//555 613//555 586//555
f 586//556 613//556 382//556
f 586//557 382//557 587//557
f 587//558 382//558 384//558
f 587//559 384//559 588//559
f 588//560 384//560 312//560
f 588//561 312//561 589//561
f 589//562 312//562 311//562
f 589//563 311//563 590//563
f 590//564 311//564 380//564
f 590//565 380//565 591//565
f 591//566 380//566 379//566
f 591//567 379//567 592//567
f 592//568 379//568 614//568
f 592//569 614//569 593//569
f 593//570 614//570 615//570
f 593//571 615//571 594//571
f 594//572 615//572 616//572
f 594//573 616//573 595//573
f 595//574 616//574 617//574
f 595//575 617//575 596//575
f 596//576 617//576 618//576
f 596//577 618//577 597//577
f 597//578 618//578 353//578
f 597//579 353//579 598//579
f 598//580 353//580 349//580
f 598//581 349//581 599//581
f 599//582 349//582 351//582
f 599//583 351//583 600//583
f 600//584 351//584 352//584
f 376//585 369//585 379//585
f 379//586 369//586 371//586
f 379//587 371//587 614//587
f 614//588 371//588 367//588
f 614//589 367//589 615//589
f 615//590 367//590 364//590
f 615//591 364//591 616//591
f 616//592 364//592 361//592
f 616//593 361//593 617//593
f 617//594 361//594 358//594
f 617//595 358//595 618//595
f 618//596 358//596 359//596
f 618//597 359//597 353//597
f 353//598 359//598 619//598
f 353//599 619//599 354//599
f 404//600 406//600 413//600
f 413//601 406//601 401//601
f 413//602 401//602 610//602
f 610//603 401//603 399//603
f 610//604 399//604 611//604
f 611//605 399//605 396//605
f 611//606 396//606 612//606
f 612//607 396//607 392//607
f 612//608 392//608 613//608
f 613//609 392//609 387//609
f 613//610 387//610 382//610
f 382//611 387//611 389//611
f 382//612 389//612 383//612
f 441//613 434//613 445//613
f 445//614 434//614 436//614
f 445//615 436//615 605//615
f 605//616 436//616 432//616
f 605//617 432//617 606//617
f 606//618 432//618 429//618
f 606//619 429//619 607//619
f 607//620 429//620 426//620
f 607//621 426//621 608//621
f 608//622 426//622 423//622
f 608//623 423//623 609//623
f 609//624 423//624 424//624
f 609//625 424//625 418//625
f 418//626 424//626 620//626
f 418//627 620//627 419//627
f 339//628 341//628 348//628
f 348//629 341//629 336//629
f 348//630 336//630 601//630
f 601//631 336//631 334//631
f 601//632 334//632 602//632
f 602//633 334//633 331//633
f 602//634 331//634 603//634
f 603//635 331//635 327//635
f 603//636 327//636 604//636
f 604//637 327//637 322//637
f 604//638 322//638 317//638
f 317//639 322//639 324//639
f 317//640 324//640 318//640
f 621//641 622//641 623//641
f 623//641 622//641 624//641
f 623//641 624//641 625//641
f 626//641 627//641 623//641
f 623//641 627//641 628//641
f 623//641 628//641 621//641
f 629//641 630//641 623//641
f 623//641 630//641 631//641
f 623//641 631//641 626//641
f 632//641 633//641 623//641
f 623//641 633//641 634//641
f 623//641 634//641 629//641
f 635//641 636//641 623//641
f 623//641 636//641 637//641
f 623//641 637//641 632//641
f 638//641 639//641 623//641
f 623//641 639//641 640//641
f 623//641 640//641 635//641
f 625//641 641//641 623//641
f 623//641 641//641 642//641
f 623//641 642//641 638//641
f 624//642 643//642 625//642
f 625//643 643//643 644//643
f 625//644 644//644 641//644
f 641//645 644//645 645//645
f 641//646 645//646 642//646
f 642//647 645//647 646//647
f 642//648 646//648 638//648
f 638//649 646//649 647//649
f 638//650 647//650 639//650
f 639//651 647//651 648//651
f 639//652 648//652 640//652
f 640//653 648//653 649//653
f 640//654 649//654 635//654
f 635//655 649//655 650//655
f 635//656 650//656 636//656
f 636//657 650//657 651//657
f 636//658 651//658 637//658
f 637//659 651//659 652//659
f 637//660 652//660 632//660
f 632//661 652//661 653//661
f 632//662 653//662 633//662
f 633//663 653//663 654//663
f 633//664 654//664 634//664
f 634//665 654//665 655//665
f 634//666 655//666 629//666
f 629//667 655//667 656//667
f 629//668 656//668 630//668
f 630//669 656//669 657//669
f 630//670 657//670 631//670
f 631//671 657//671 658//671
f 631//672 658//672 626//672
f 626//673 658//673 659//673
f 626//674 659//674 627//674
f 627//675 659//675 660//675
f 627//676 660//676 628//676
f 628//677 660//677 661//677
f 628//678 661//678 621//678
f 621//679 661//679 662//679
f 621//680 662//680 622//680
f 622//681 662//681 663//681
f 622//682 663//682 624//682
f 624//683 663//683 643//683
f 661//641 664//641 662//641
f 662//641 664//641 665//641
f 662//641 665//641 663//641
f 663//641 665//641 666//641
f 663//641 666//641 643//641
f 659//641 667//641 660//641
f 660//641 667//641 668//641
f 660//641 668//641 661//641
f 661//641 668//641 669//641
f 661//641 669//641 664//641
f 656//641 670//641 657//641
f 657//641 670//641 671//641
f 657//641 671//641 658//641
f 658//641 671//641 672//641
f 658//641 672//641 659//641
f 659//641 672//641 673//641
f 659//641 673//641 667//641
f 648//641 674//641 649//641
f 649//641 674//641 675//641
f 649//641 675//641 650//641
f 650//641 675//641 676//641
f 650//641 676//641 651//641
f 653//641 677//641 654//641
f 654//641 677//641 678//641
f 654//641 678//641 655//641
f 655//641 678//641 679//641
f 655//641 679//641 656//641
f 656//641 679//641 680//641
f 656//641 680//641 670//641
f 676//641 681//641 651//641
f 651//641 681//641 682//641
f 651//641 682//641 652//641
f 652//641 682//641 683//641
f 652//641 683//641 653//641
f 653//641 683//641 684//641
f 653//641 684//641 677//641
f 645//641 685//641 646//641
f 646//641 685//641 686//641
f 646//641 686//641 647//641
f 647//641 686//641 687//641
f 647//641 687//641 648//641
f 648//641 687//641 688//641
f 648//641 688//641 674//641
f 666//641 689//641 643//641
f 643//641 689//641 690//641
f 643//641 690//641 644//641
f 644//641 690//641 691//641
f 644//641 691//641 645//641
f 645//641 691//641 692//641
f 645//641 692//641 685//641
f 474//684 473//684 665//684
f 665//685 473//685 666//685
f 474//686 665//686 476//686
f 476//687 665//687 664//687
f 476//688 664//688 477//688
f 669//689 481//689 664//689
f 664//690 481//690 479//690
f 664//691 479//691 477//691
f 487//692 485//692 668//692
f 668//693 485//693 484//693
f 668//694 484//694 669//694
f 669//695 484//695 482//695
f 669//696 482//696 481//696
f 487//697 668//697 489//697
f 489//698 668//698 667//698
f 489//699 667//699 490//699
f 490//700 667//700 492//700
f 492//701 667//701 673//701
f 492//702 673//702 493//702
f 672//703 497//703 673//703
f 673//704 497//704 495//704
f 673//705 495//705 493//705
f 503//706 501//706 671//706
f 671//707 501//707 500//707
f 671//708 500//708 672//708
f 672//709 500//709 498//709
f 672//710 498//710 497//710
f 503//711 671//711 505//711
f 505//712 671//712 670//712
f 505//713 670//713 506//713
f 506//714 670//714 508//714
f 508//715 670//715 680//715
f 508//716 680//716 509//716
f 509//717 680//717 511//717
f 511//718 680//718 679//718
f 511//719 679//719 512//719
f 678//720 516//720 679//720
f 679//721 516//721 514//721
f 679//722 514//722 512//722
f 522//723 520//723 677//723
f 677//724 520//724 519//724
f 677//725 519//725 678//725
f 678//726 519//726 517//726
f 678//727 517//727 516//727
f 522//728 677//728 524//728
f 524//729 677//729 684//729
f 524//730 684//730 525//730
f 525//731 684//731 527//731
f 527//732 684//732 683//732
f 527//733 683//733 528//733
f 682//734 532//734 683//734
f 683//735 532//735 530//735
f 683//736 530//736 528//736
f 538//737 536//737 681//737
f 681//738 536//738 535//738
f 681//739 535//739 682//739
f 682//740 535//740 533//740
f 682//741 533//741 532//741
f 538//742 681//742 540//742
f 540//743 681//743 676//743
f 540//744 676//744 541//744
f 541//745 676//745 543//745
f 543//746 676//746 675//746
f 543//747 675//747 544//747
f 674//748 548//748 675//748
f 675//749 548//749 546//749
f 675//750 546//750 544//750
f 688//751 551//751 674//751
f 674//752 551//752 549//752
f 674//753 549//753 548//753
f 557//754 555//754 687//754
f 687//755 555//755 554//755
f 687//756 554//756 688//756
f 688//757 554//757 552//757
f 688//758 552//758 551//758
f 557//759 687//759 558//759
f 558//760 687//760 686//760
f 558//761 686//761 446//761
f 446//762 686//762 449//762
f 449//763 686//763 685//763
f 449//764 685//764 450//764
f 692//765 454//765 685//765
f 685//766 454//766 452//766
f 685//767 452//767 450//767
f 460//768 458//768 691//768
f 691//769 458//769 457//769
f 691//770 457//770 692//770
f 692//771 457//771 455//771
f 692//772 455//772 454//772
f 460//773 691//773 462//773
f 462//774 691//774 690//774
f 462//775 690//775 463//775
f 463//776 690//776 465//776
f 465//777 690//777 689//777
f 465//778 689//778 466//778
f 473//779 471//779 666//779
f 666//780 471//780 470//780
f 666//781 470//781 689//781
f 689//782 470//782 468//782
f 689//783 468//783 466//783
f 329//784 328//784 693//784
f 693//784 320//784 318//784
f 318//784 324//784 693//784
f 693//784 324//784 323//784
f 693//784 323//784 329//784
f 321//785 320//785 693//785
f 694//785 444//785 313//785
f 313//785 321//785 694//785
f 694//785 321//785 693//785
f 694//785 693//785 695//785
f 695//785 693//785 696//785
f 443//786 694//786 435//786
f 435//786 694//786 437//786
f 443//786 442//786 694//786
f 694//786 442//786 441//786
f 694//786 441//786 444//786
f 697//787 419//787 620//787
f 620//787 424//787 697//787
f 697//787 424//787 422//787
f 698//788 699//788 697//788
f 697//788 699//788 700//788
f 410//788 409//788 700//788
f 700//788 409//788 415//788
f 700//788 415//788 697//788
f 697//788 415//788 420//788
f 697//788 420//788 419//788
f 700//789 405//789 404//789
f 700//789 404//789 412//789
f 700//789 412//789 410//789
f 394//790 393//790 701//790
f 701//790 385//790 383//790
f 383//790 389//790 701//790
f 701//790 389//790 388//790
f 701//790 388//790 394//790
f 386//791 385//791 701//791
f 702//791 381//791 310//791
f 310//791 386//791 702//791
f 702//791 386//791 701//791
f 702//791 701//791 703//791
f 703//791 701//791 704//791
f 378//792 702//792 370//792
f 370//792 702//792 372//792
f 378//792 377//792 702//792
f 702//792 377//792 376//792
f 702//792 376//792 381//792
f 359//789 357//789 705//789
f 354//789 619//789 705//789
f 705//789 619//789 359//789
f 706//793 707//793 705//793
f 705//793 707//793 708//793
f 345//793 344//793 708//793
f 708//793 344//793 350//793
f 708//793 350//793 705//793
f 705//793 350//793 355//793
f 705//793 355//793 354//793
f 708//794 340//794 339//794
f 708//794 339//794 347//794
f 708//794 347//794 345//794
f 707//795 706//795 709//795
f 709//795 706//795 710//795
f 709//795 710//795 711//795
f 699//795 698//795 712//795
f 712//795 698//795 713//795
f 713//795 714//795 712//795
f 712//795 714//795 695//795
f 712//795 695//795 715//795
f 703//795 704//795 716//795
f 716//795 704//795 715//795
f 716//795 715//795 710//795
f 710//795 715//795 695//795
f 710//795 695//795 711//795
f 711//795 695//795 696//795
f 427//796 428//796 713//796
f 714//797 439//797 438//797
f 438//798 437//798 714//798
f 714//799 437//799 694//799
f 714//800 694//800 695//800
f 431//801 433//801 714//801
f 714//802 433//802 440//802
f 714//803 440//803 439//803
f 713//804 428//804 714//804
f 714//805 428//805 430//805
f 714//806 430//806 431//806
f 697//807 422//807 421//807
f 713//808 698//808 697//808
f 697//809 421//809 713//809
f 713//810 421//810 425//810
f 713//811 425//811 427//811
f 407//812 712//812 408//812
f 408//813 712//813 402//813
f 407//814 405//814 712//814
f 712//815 405//815 700//815
f 712//816 700//816 699//816
f 390//817 395//817 715//817
f 715//818 395//818 397//818
f 397//819 398//819 715//819
f 715//820 398//820 400//820
f 715//821 400//821 712//821
f 712//822 400//822 403//822
f 712//823 403//823 402//823
f 715//824 704//824 701//824
f 390//825 715//825 391//825
f 391//826 715//826 701//826
f 391//827 701//827 393//827
f 342//828 709//828 343//828
f 343//829 709//829 337//829
f 342//830 340//830 709//830
f 709//831 340//831 708//831
f 709//832 708//832 707//832
f 325//833 330//833 711//833
f 711//834 330//834 332//834
f 332//835 333//835 711//835
f 711//836 333//836 335//836
f 711//837 335//837 709//837
f 709//838 335//838 338//838
f 709//839 338//839 337//839
f 711//840 696//840 693//840
f 325//841 711//841 326//841
f 326//842 711//842 693//842
f 326//843 693//843 328//843
f 362//844 363//844 710//844
f 716//845 374//845 373//845
f 373//846 372//846 716//846
f 716//847 372//847 702//847
f 716//848 702//848 703//848
f 366//849 368//849 716//849
f 716//850 368//850 375//850
f 716//851 375//851 374//851
f 710//852 363//852 716//852
f 716//853 363//853 365//853
f 716//854 365//854 366//854
f 705//855 357//855 356//855
f 710//856 706//856 705//856
f 705//857 356//857 710//857
f 710//858 356//858 360//858
f 710//859 360//859 362//859
f 717//860 718//860 719//860
f 720//861 721//861 722//861
f 721//862 720//862 723//862
f 724//863 725//863 726//863
f 726//864 725//864 727//864
f 726//865 727//865 722//865
f 722//866 727//866 728//866
f 722//867 728//867 720//867
f 729//868 730//868 731//868
f 732//869 733//869 734//869
f 734//870 733//870 735//870
f 734//871 735//871 729//871
f 729//872 735//872 736//872
f 729//873 736//873 730//873
f 732//874 734//874 737//874
f 737//875 734//875 738//875
f 737//876 738//876 739//876
f 739//877 738//877 740//877
f 740//878 738//878 741//878
f 740//879 741//879 742//879
f 743//880 744//880 741//880
f 741//881 744//881 745//881
f 741//882 745//882 742//882
f 746//883 747//883 748//883
f 748//884 747//884 749//884
f 748//885 749//885 743//885
f 743//886 749//886 750//886
f 743//887 750//887 744//887
f 751//888 752//888 753//888
f 752//889 754//889 753//889
f 753//890 754//890 746//890
f 753//891 746//891 755//891
f 756//892 757//892 758//892
f 758//893 757//893 751//893
f 758//894 751//894 759//894
f 759//895 751//895 753//895
f 760//896 761//896 756//896
f 756//897 761//897 762//897
f 756//898 762//898 757//898
f 763//899 764//899 765//899
f 765//900 764//900 766//900
f 763//901 765//901 767//901
f 767//902 765//902 768//902
f 767//903 768//903 769//903
f 769//904 768//904 770//904
f 770//905 768//905 771//905
f 770//906 771//906 772//906
f 772//907 771//907 773//907
f 773//908 771//908 774//908
f 773//909 774//909 775//909
f 776//910 777//910 778//910
f 778//911 777//911 779//911
f 779//912 780//912 778//912
f 778//913 780//913 781//913
f 778//914 781//914 774//914
f 774//915 781//915 782//915
f 774//916 782//916 775//916
f 783//917 784//917 776//917
f 776//918 784//918 785//918
f 776//919 785//919 777//919
f 786//920 787//920 783//920
f 718//921 717//921 787//921
f 787//922 717//922 788//922
f 787//923 788//923 783//923
f 789//924 790//924 791//924
f 791//925 790//925 792//925
f 791//926 792//926 719//926
f 719//927 792//927 793//927
f 719//928 793//928 717//928
f 794//929 795//929 796//929
f 797//930 798//930 799//930
f 799//931 798//931 800//931
f 799//932 800//932 794//932
f 794//933 800//933 801//933
f 794//934 801//934 795//934
f 797//935 799//935 802//935
f 802//936 799//936 803//936
f 802//937 803//937 804//937
f 804//938 803//938 805//938
f 805//939 803//939 806//939
f 805//940 806//940 807//940
f 808//941 809//941 806//941
f 806//942 809//942 810//942
f 806//943 810//943 807//943
f 811//944 812//944 813//944
f 813//945 812//945 814//945
f 813//946 814//946 808//946
f 808//947 814//947 815//947
f 808//948 815//948 809//948
f 816//949 817//949 818//949
f 817//950 819//950 818//950
f 818//951 819//951 811//951
f 818//952 811//952 820//952
f 821//953 822//953 823//953
f 823//954 822//954 816//954
f 823//955 816//955 824//955
f 824//956 816//956 818//956
f 825//957 826//957 821//957
f 821//958 826//958 827//958
f 821//959 827//959 822//959
f 828//960 829//960 830//960
f 830//961 829//961 831//961
f 828//962 830//962 832//962
f 832//963 830//963 833//963
f 832//964 833//964 834//964
f 834//965 833//965 835//965
f 835//966 833//966 836//966
f 835//967 836//967 837//967
f 837//968 836//968 838//968
f 838//969 836//969 839//969
f 838//970 839//970 840//970
f 841//971 842//971 843//971
f 843//972 842//972 844//972
f 844//973 845//973 843//973
f 843//974 845//974 846//974
f 843//975 846//975 839//975
f 839//976 846//976 847//976
f 839//977 847//977 840//977
f 848//978 849//978 841//978
f 841//979 849//979 850//979
f 841//980 850//980 842//980
f 720//981 851//981 723//981
f 723//982 851//982 848//982
f 723//983 848//983 852//983
f 853//984 854//984 855//984
f 853//985 856//985 854//985
f 854//986 856//986 857//986
f 854//987 857//987 858//987
f 858//988 857//988 859//988
f 858//989 859//989 860//989
f 859//990 861//990 860//990
f 860//991 861//991 862//991
f 860//992 862//992 863//992
f 862//993 864//993 863//993
f 863//994 864//994 865//994
f 863//995 865//995 866//995
f 866//996 865//996 867//996
f 866//997 867//997 868//997
f 867//998 869//998 868//998
f 868//999 869//999 870//999
f 868//1000 870//1000 871//1000
f 870//1001 872//1001 871//1001
f 871//1002 872//1002 873//1002
f 871//1003 873//1003 874//1003
f 874//1004 873//1004 875//1004
f 874//1005 875//1005 876//1005
f 875//1006 877//1006 876//1006
f 876//1007 877//1007 878//1007
f 876//1008 878//1008 879//1008
f 878//1009 880//1009 879//1009
f 879//1010 880//1010 881//1010
f 879//1011 881//1011 882//1011
f 881//1012 883//1012 882//1012
f 882//1013 883//1013 884//1013
f 882//1014 884//1014 885//1014
f 885//1015 884//1015 886//1015
f 885//1016 886//1016 887//1016
f 886//1017 888//1017 887//1017
f 887//1018 888//1018 889//1018
f 887//1019 889//1019 890//1019
f 889//1020 891//1020 890//1020
f 890//1021 891//1021 892//1021
f 890//1022 892//1022 893//1022
f 893//1023 892//1023 894//1023
f 893//1024 894//1024 895//1024
f 894//1025 896//1025 895//1025
f 895//1026 896//1026 897//1026
f 895//1027 897//1027 898//1027
f 897//1028 899//1028 898//1028
f 898//1029 899//1029 900//1029
f 898//1030 900//1030 901//1030
f 901//1031 900//1031 902//1031
f 901//1032 902//1032 903//1032
f 902//1033 904//1033 903//1033
f 903//1034 904//1034 905//1034
f 903//1035 905//1035 906//1035
f 905//1036 907//1036 906//1036
f 906//1037 907//1037 908//1037
f 906//1038 908//1038 909//1038
f 909//1039 908//1039 910//1039
f 909//1040 910//1040 911//1040
f 910//1041 912//1041 911//1041
f 911//1042 912//1042 913//1042
f 911//1043 913//1043 914//1043
f 913//1044 915//1044 914//1044
f 914//1045 915//1045 916//1045
f 914//1046 916//1046 917//1046
f 916//1047 918//1047 917//1047
f 917//1048 918//1048 919//1048
f 917//1049 919//1049 920//1049
f 920//1050 919//1050 921//1050
f 920//1051 921//1051 922//1051
f 921//1052 923//1052 922//1052
f 922//1053 923//1053 924//1053
f 922//1054 924//1054 925//1054
f 924//1055 926//1055 925//1055
f 925//1056 926//1056 927//1056
f 925//1057 927//1057 928//1057
f 928//1058 927//1058 929//1058
f 928//1059 929//1059 930//1059
f 929//1060 931//1060 930//1060
f 930//1061 931//1061 932//1061
f 930//1062 932//1062 933//1062
f 932//1063 934//1063 933//1063
f 933//1064 934//1064 935//1064
f 933//1065 935//1065 936//1065
f 936//1066 935//1066 937//1066
f 936//1067 937//1067 938//1067
f 937//1068 939//1068 938//1068
f 938//1069 939//1069 940//1069
f 938//1070 940//1070 941//1070
f 940//1071 942//1071 941//1071
f 941//1072 942//1072 943//1072
f 941//1073 943//1073 944//1073
f 944//1074 943//1074 945//1074
f 944//1075 945//1075 946//1075
f 945//1076 947//1076 946//1076
f 946//1077 947//1077 948//1077
f 946//1078 948//1078 949//1078
f 948//1079 950//1079 949//1079
f 949//1080 950//1080 951//1080
f 949//1081 951//1081 952//1081
f 952//1082 951//1082 953//1082
f 952//1083 953//1083 954//1083
f 953//1084 955//1084 954//1084
f 954//1085 955//1085 956//1085
f 954//1086 956//1086 957//1086
f 956//1087 958//1087 957//1087
f 957//1088 958//1088 959//1088
f 957//1089 959//1089 960//1089
f 959//1090 961//1090 960//1090
f 960//1091 961//1091 962//1091
f 960//1092 962//1092 963//1092
f 963//1093 962//1093 964//1093
f 963//1094 964//1094 855//1094
f 855//1095 964//1095 965//1095
f 855//1096 965//1096 853//1096
f 963//1097 966//1097 960//1097
f 960//1098 966//1098 967//1098
f 960//1099 967//1099 957//1099
f 957//1100 967//1100 968//1100
f 957//1101 968//1101 954//1101
f 954//1102 968//1102 969//1102
f 954//1103 969//1103 952//1103
f 952//1104 969//1104 970//1104
f 952//1105 970//1105 949//1105
f 949//1106 970//1106 971//1106
f 949//1107 971//1107 946//1107
f 946//1108 971//1108 972//1108
f 946//1109 972//1109 944//1109
f 944//1110 972//1110 973//1110
f 944//1111 973//1111 941//1111
f 941//1112 973//1112 974//1112
f 941//1113 974//1113 938//1113
f 938//1114 974//1114 975//1114
f 938//1115 975//1115 936//1115
f 936//1116 975//1116 976//1116
f 936//1117 976//1117 933//1117
f 933//1118 976//1118 977//1118
f 933//1119 977//1119 930//1119
f 930//1120 977//1120 978//1120
f 930//1121 978//1121 928//1121
f 928//1122 978//1122 979//1122
f 928//1123 979//1123 925//1123
f 925//1124 979//1124 980//1124
f 925//1125 980//1125 922//1125
f 922//1126 980//1126 981//1126
f 922//1127 981//1127 920//1127
f 920//1128 981//1128 982//1128
f 920//1129 982//1129 917//1129
f 917//1130 982//1130 983//1130
f 917//1131 983//1131 914//1131
f 914//1132 983//1132 984//1132
f 914//1133 984//1133 911//1133
f 911//1134 984//1134 985//1134
f 911//1135 985//1135 909//1135
f 909//1136 985//1136 986//1136
f 909//1137 986//1137 906//1137
f 906//1138 986//1138 987//1138
f 906//1139 987//1139 903//1139
f 903//1140 987//1140 988//1140
f 903//1141 988//1141 901//1141
f 901//1142 988//1142 989//1142
f 901//1143 989//1143 898//1143
f 898//1144 989//1144 990//1144
f 898//1145 990//1145 895//1145
f 895//1146 990//1146 991//1146
f 895//1147 991//1147 893//1147
f 893//1148 991//1148 992//1148
f 893//1149 992//1149 890//1149
f 890//1150 992//1150 993//1150
f 890//1151 993//1151 887//1151
f 887//1152 993//1152 994//1152
f 887//1153 994//1153 885//1153
f 885//1154 994//1154 995//1154
f 885//1155 995//1155 882//1155
f 882//1156 995//1156 996//1156
f 882//1157 996//1157 879//1157
f 879//1158 996//1158 997//1158
f 879//1159 997//1159 876//1159
f 876//1160 997//1160 998//1160
f 876//1161 998//1161 874//1161
f 874//1162 998//1162 999//1162
f 874//1163 999//1163 871//1163
f 871//1164 999//1164 1000//1164
f 871//1165 1000//1165 868//1165
f 868//1166 1000//1166 1001//1166
f 868//1167 1001//1167 866//1167
f 866//1168 1001//1168 1002//1168
f 866//1169 1002//1169 863//1169
f 863//1170 1002//1170 1003//1170
f 863//1171 1003//1171 860//1171
f 860//1172 1003//1172 1004//1172
f 860//1173 1004//1173 858//1173
f 858//1174 1004//1174 1005//1174
f 858//1175 1005//1175 854//1175
f 854//1176 1005//1176 1006//1176
f 854//1177 1006//1177 855//1177
f 855//1178 1006//1178 1007//1178
f 855//1179 1007//1179 963//1179
f 963//1180 1007//1180 966//1180
f 1007//1181 759//1181 966//1181
f 966//1182 759//1182 753//1182
f 966//1183 753//1183 967//1183
f 967//1184 753//1184 755//1184
f 967//1185 755//1185 968//1185
f 968//1186 755//1186 1008//1186
f 968//1187 1008//1187 969//1187
f 969//1188 1008//1188 1009//1188
f 969//1189 1009//1189 970//1189
f 970//1190 1009//1190 1010//1190
f 970//1191 1010//1191 971//1191
f 971//1192 1010//1192 1011//1192
f 971//1193 1011//1193 972//1193
f 972//1194 1011//1194 724//1194
f 972//1195 724//1195 973//1195
f 973//1196 724//1196 726//1196
f 973//1197 726//1197 974//1197
f 974//1198 726//1198 722//1198
f 974//1199 722//1199 975//1199
f 975//1200 722//1200 721//1200
f 975//1201 721//1201 976//1201
f 976//1202 721//1202 723//1202
f 976//1203 723//1203 977//1203
f 977//1204 723//1204 852//1204
f 977//1205 852//1205 978//1205
f 978//1206 852//1206 1012//1206
f 978//1207 1012//1207 979//1207
f 979//1208 1012//1208 1013//1208
f 979//1209 1013//1209 980//1209
f 980//1210 1013//1210 1014//1210
f 980//1211 1014//1211 981//1211
f 981//1212 1014//1212 1015//1212
f 981//1213 1015//1213 982//1213
f 982//1214 1015//1214 1016//1214
f 982//1215 1016//1215 983//1215
f 983//1216 1016//1216 825//1216
f 983//1217 825//1217 984//1217
f 984//1218 825//1218 821//1218
f 984//1219 821//1219 985//1219
f 985//1220 821//1220 823//1220
f 985//1221 823//1221 986//1221
f 986//1222 823//1222 824//1222
f 986//1223 824//1223 987//1223
f 987//1224 824//1224 818//1224
f 987//1225 818//1225 988//1225
f 988//1226 818//1226 820//1226
f 988//1227 820//1227 989//1227
f 989//1228 820//1228 1017//1228
f 989//1229 1017//1229 990//1229
f 990//1230 1017//1230 1018//1230
f 990//1231 1018//1231 991//1231
f 991//1232 1018//1232 1019//1232
f 991//1233 1019//1233 992//1233
f 992//1234 1019//1234 1020//1234
f 992//1235 1020//1235 993//1235
f 993//1236 1020//1236 789//1236
f 993//1237 789//1237 994//1237
f 994//1238 789//1238 791//1238
f 994//1239 791//1239 995//1239
f 995//1240 791//1240 719//1240
f 995//1241 719//1241 996//1241
f 996//1242 719//1242 718//1242
f 996//1243 718//1243 997//1243
f 997//1244 718//1244 787//1244
f 997//1245 787//1245 998//1245
f 998//1246 787//1246 786//1246
f 998//1247 786//1247 999//1247
f 999//1248 786//1248 1021//1248
f 999//1249 1021//1249 1000//1249
f 1000//1250 1021//1250 1022//1250
f 1000//1251 1022//1251 1001//1251
f 1001//1252 1022//1252 1023//1252
f 1001//1253 1023//1253 1002//1253
f 1002//1254 1023//1254 1024//1254
f 1002//1255 1024//1255 1003//1255
f 1003//1256 1024//1256 1025//1256
f 1003//1257 1025//1257 1004//1257
f 1004//1258 1025//1258 760//1258
f 1004//1259 760//1259 1005//1259
f 1005//1260 760//1260 756//1260
f 1005//1261 756//1261 1006//1261
f 1006//1262 756//1262 758//1262
f 1006//1263 758//1263 1007//1263
f 1007//1264 758//1264 759//1264
f 783//1265 776//1265 786//1265
f 786//1266 776//1266 778//1266
f 786//1267 778//1267 1021//1267
f 1021//1268 778//1268 774//1268
f 1021//1269 774//1269 1022//1269
f 1022//1270 774//1270 771//1270
f 1022//1271 771//1271 1023//1271
f 1023//1272 771//1272 768//1272
f 1023//1273 768//1273 1024//1273
f 1024//1274 768//1274 765//1274
f 1024//1275 765//1275 1025//1275
f 1025//1276 765//1276 766//1276
f 1025//1277 766//1277 760//1277
f 760//1278 766//1278 1026//1278
f 760//1279 1026//1279 761//1279
f 811//1280 813//1280 820//1280
f 820//1281 813//1281 808//1281
f 820//1282 808//1282 1017//1282
f 1017//1283 808//1283 806//1283
f 1017//1284 806//1284 1018//1284
f 1018//1285 806//1285 803//1285
f 1018//1286 803//1286 1019//1286
f 1019//1287 803//1287 799//1287
f 1019//1288 799//1288 1020//1288
f 1020//1289 799//1289 794//1289
f 1020//1290 794//1290 789//1290
f 789//1291 794//1291 796//1291
f 789//1292 796//1292 790//1292
f 848//1293 841//1293 852//1293
f 852//1294 841//1294 843//1294
f 852//1295 843//1295 1012//1295
f 1012//1296 843//1296 839//1296
f 1012//1297 839//1297 1013//1297
f 1013//1298 839//1298 836//1298
f 1013//1299 836//1299 1014//1299
f 1014//1300 836//1300 833//1300
f 1014//1301 833//1301 1015//1301
f 1015//1302 833//1302 830//1302
f 1015//1303 830//1303 1016//1303
f 1016//1304 830//1304 831//1304
f 1016//1305 831//1305 825//1305
f 825//1306 831//1306 1027//1306
f 825//1307 1027//1307 826//1307
f 746//1308 748//1308 755//1308
f 755//1309 748//1309 743//1309
f 755//1310 743//1310 1008//1310
f 1008//1311 743//1311 741//1311
f 1008//1312 741//1312 1009//1312
f 1009//1313 741//1313 738//1313
f 1009//1314 738//1314 1010//1314
f 1010//1315 738//1315 734//1315
f 1010//1316 734//1316 1011//1316
f 1011//1317 734//1317 729//1317
f 1011//1318 729//1318 724//1318
f 724//1319 729//1319 731//1319
f 724//1320 731//1320 725//1320
f 1028//1321 1029//1321 1030//1321
f 1030//1321 1029//1321 1031//1321
f 1030//1321 1031//1321 1032//1321
f 1033//1321 1034//1321 1030//1321
f 1030//1321 1034//1321 1035//1321
f 1030//1321 1035//1321 1028//1321
f 1036//1321 1037//1321 1030//1321
f 1030//1321 1037//1321 1038//1321
f 1030//1321 1038//1321 1033//1321
f 1039//1321 1040//1321 1030//1321
f 1030//1321 1040//1321 1041//1321
f 1030//1321 1041//1321 1036//1321
f 1042//1321 1043//1321 1030//1321
f 1030//1321 1043//1321 1044//1321
f 1030//1321 1044//1321 1039//1321
f 1045//1321 1046//1321 1030//1321
f 1030//1321 1046//1321 1047//1321
f 1030//1321 1047//1321 1042//1321
f 1032//1321 1048//1321 1030//1321
f 1030//1321 1048//1321 1049//1321
f 1030//1321 1049//1321 1045//1321
f 1031//1322 1050//1322 1032//1322
f 1032//1323 1050//1323 1051//1323
f 1032//1324 1051//1324 1048//1324
f 1048//1325 1051//1325 1052//1325
f 1048//1326 1052//1326 1049//1326
f 1049//1327 1052//1327 1053//1327
f 1049//1328 1053//1328 1045//1328
f 1045//1329 1053//1329 1054//1329
f 1045//1330 1054//1330 1046//1330
f 1046//1331 1054//1331 1055//1331
f 1046//1332 1055//1332 1047//1332
f 1047//1333 1055//1333 1056//1333
f 1047//1334 1056//1334 1042//1334
f 1042//1335 1056//1335 1057//1335
f 1042//1336 1057//1336 1043//1336
f 1043//1337 1057//1337 1058//1337
f 1043//1338 1058//1338 1044//1338
f 1044//1339 1058//1339 1059//1339
f 1044//1340 1059//1340 1039//1340
f 1039//1341 1059//1341 1060//1341
f 1039//1342 1060//1342 1040//1342
f 1040//1343 1060//1343 1061//1343
f 1040//1344 1061//1344 1041//1344
f 1041//1345 1061//1345 1062//1345
f 1041//1346 1062//1346 1036//1346
f 1036//1347 1062//1347 1063//1347
f 1036//1348 1063//1348 1037//1348
f 1037//1349 1063//1349 1064//1349
f 1037//1350 1064//1350 1038//1350
f 1038//1351 1064//1351 1065//1351
f 1038//1352 1065//1352 1033//1352
f 1033//1353 1065//1353 1066//1353
f 1033//1354 1066//1354 1034//1354
f 1034//1355 1066//1355 1067//1355
f 1034//1356 1067//1356 1035//1356
f 1035//1357 1067//1357 1068//1357
f 1035//1358 1068//1358 1028//1358
f 1028//1359 1068//1359 1069//1359
f 1028//1360 1069//1360 1029//1360
f 1029//1361 1069//1361 1070//1361
f 1029//1362 1070//1362 1031//1362
f 1031//1363 1070//1363 1050//1363
f 1068//1321 1071//1321 1069//1321
f 1069//1321 1071//1321 1072//1321
f 1069//1321 1072//1321 1070//1321
f 1070//1321 1072//1321 1073//1321
f 1070//1321 1073//1321 1050//1321
f 1066//1321 1074//1321 1067//1321
f 1067//1321 1074//1321 1075//1321
f 1067//1321 1075//1321 1068//1321
f 1068//1321 1075//1321 1076//1321
f 1068//1321 1076//1321 1071//1321
f 1063//1321 1077//1321 1064//1321
f 1064//1321 1077//1321 1078//1321
f 1064//1321 1078//1321 1065//1321
f 1065//1321 1078//1321 1079//1321
f 1065//1321 1079//1321 1066//1321
f 1066//1321 1079//1321 1080//1321
f 1066//1321 1080//1321 1074//1321
f 1055//1321 1081//1321 1056//1321
f 1056//1321 1081//1321 1082//1321
f 1056//1321 1082//1321 1057//1321
f 1057//1321 1082//1321 1083//1321
f 1057//1321 1083//1321 1058//1321
f 1060//1321 1084//1321 1061//1321
f 1061//1321 1084//1321 1085//1321
f 1061//1321 1085//1321 1062//1321
f 1062//1321 1085//1321 1086//1321
f 1062//1321 1086//1321 1063//1321
f 1063//1321 1086//1321 1087//1321
f 1063//1321 1087//1321 1077//1321
f 1083//1321 1088//1321 1058//1321
f 1058//1321 1088//1321 1089//1321
f 1058//1321 1089//1321 1059//1321
f 1059//1321 1089//1321 1090//1321
f 1059//1321 1090//1321 1060//1321
f 1060//1321 1090//1321 1091//1321
f 1060//1321 1091//1321 1084//1321
f 1052//1321 1092//1321 1053//1321
f 1053//1321 1092//1321 1093//1321
f 1053//1321 1093//1321 1054//1321
f 1054//1321 1093//1321 1094//1321
f 1054//1321 1094//1321 1055//1321
f 1055//1321 1094//1321 1095//1321
f 1055//1321 1095//1321 1081//1321
f 1073//1321 1096//1321 1050//1321
f 1050//1321 1096//1321 1097//1321
f 1050//1321 1097//1321 1051//1321
f 1051//1321 1097//1321 1098//1321
f 1051//1321 1098//1321 1052//1321
f 1052//1321 1098//1321 1099//1321
f 1052//1321 1099//1321 1092//1321
f 881//1364 880//1364 1072//1364
f 1072//1365 880//1365 1073//1365
f 881//1366 1072//1366 883//1366
f 883//1367 1072//1367 1071//1367
f 883//1368 1071//1368 884//1368
f 1076//1369 888//1369 1071//1369
f 1071//1370 888//1370 886//1370
f 1071//1371 886//1371 884//1371
f 894//1372 892//1372 1075//1372
f 1075//1373 892//1373 891//1373
f 1075//1374 891//1374 1076//1374
f 1076//1375 891//1375 889//1375
f 1076//1376 889//1376 888//1376
f 894//1377 1075//1377 896//1377
f 896//1378 1075//1378 1074//1378
f 896//1379 1074//1379 897//1379
f 897//1380 1074//1380 899//1380
f 899//1381 1074//1381 1080//1381
f 899//1382 1080//1382 900//1382
f 1079//1383 904//1383 1080//1383
f 1080//1384 904//1384 902//1384
f 1080//1385 902//1385 900//1385
f 910//1386 908//1386 1078//1386
f 1078//1387 908//1387 907//1387
f 1078//1388 907//1388 1079//1388
f 1079//1389 907//1389 905//1389
f 1079//1390 905//1390 904//1390
f 910//1391 1078//1391 912//1391
f 912//1392 1078//1392 1077//1392
f 912//1393 1077//1393 913//1393
f 913//1394 1077//1394 915//1394
f 915//1395 1077//1395 1087//1395
f 915//1396 1087//1396 916//1396
f 916//1397 1087//1397 918//1397
f 918//1398 1087//1398 1086//1398
f 918//1399 1086//1399 919//1399
f 1085//1400 923//1400 1086//1400
f 1086//1401 923//1401 921//1401
f 1086//1402 921//1402 919//1402
f 929//1403 927//1403 1084//1403
f 1084//1404 927//1404 926//1404
f 1084//1405 926//1405 1085//1405
f 1085//1406 926//1406 924//1406
f 1085//1407 924//1407 923//1407
f 929//1408 1084//1408 931//1408
f 931//1409 1084//1409 1091//1409
f 931//1410 1091//1410 932//1410
f 932//1411 1091//1411 934//1411
f 934//1412 1091//1412 1090//1412
f 934//1413 1090//1413 935//1413
f 1089//1414 939//1414 1090//1414
f 1090//1415 939//1415 937//1415
f 1090//1416 937//1416 935//1416
f 945//1417 943//1417 1088//1417
f 1088//1418 943//1418 942//1418
f 1088//1419 942//1419 1089//1419
f 1089//1420 942//1420 940//1420
f 1089//1421 940//1421 939//1421
f 945//1422 1088//1422 947//1422
f 947//1423 1088//1423 1083//1423
f 947//1424 1083//1424 948//1424
f 948//1425 1083//1425 950//1425
f 950//1426 1083//1426 1082//1426
f 950//1427 1082//1427 951//1427
f 1081//1428 955//1428 1082//1428
f 1082//1429 955//1429 953//1429
f 1082//1430 953//1430 951//1430
f 1095//1431 958//1431 1081//1431
f 1081//1432 958//1432 956//1432
f 1081//1433 956//1433 955//1433
f 964//1434 962//1434 1094//1434
f 1094//1435 962//1435 961//1435
f 1094//1436 961//1436 1095//1436
f 1095//1437 961//1437 959//1437
f 1095//1438 959//1438 958//1438
f 964//1439 1094//1439 965//1439
f 965//1440 1094//1440 1093//1440
f 965//1441 1093//1441 853//1441
f 853//1442 1093//1442 856//1442
f 856//1443 1093//1443 1092//1443
f 856//1444 1092//1444 857//1444
f 1099//1445 861//1445 1092//1445
f 1092//1446 861//1446 859//1446
f 1092//1447 859//1447 857//1447
f 867//1448 865//1448 1098//1448
f 1098//1449 865//1449 864//1449
f 1098//1450 864//1450 1099//1450
f 1099//1451 864//1451 862//1451
f 1099//1452 862//1452 861//1452
f 867//1453 1098//1453 869//1453
f 869//1454 1098//1454 1097//1454
f 869//1455 1097//1455 870//1455
f 870//1456 1097//1456 872//1456
f 872//1457 1097//1457 1096//1457
f 872//1458 1096//1458 873//1458
f 880//1459 878//1459 1073//1459
f 1073//1460 878//1460 877//1460
f 1073//1461 877//1461 1096//1461
f 1096//1462 877//1462 875//1462
f 1096//1463 875//1463 873//1463
f 736//1464 735//1464 1100//1464
f 1100//1464 727//1464 725//1464
f 725//1464 731//1464 1100//1464
f 1100//1464 731//1464 730//1464
f 1100//1464 730//1464 736//1464
f 728//1465 727//1465 1100//1465
f 1101//1465 851//1465 720//1465
f 720//1465 728//1465 1101//1465
f 1101//1465 728//1465 1100//1465
f 1101//1465 1100//1465 1102//1465
f 1102//1465 1100//1465 1103//1465
f 850//1466 1101//1466 842//1466
f 842//1466 1101//1466 844//1466
f 850//1466 849//1466 1101//1466
f 1101//1466 849//1466 848//1466
f 1101//1466 848//1466 851//1466
f 1104//1467 826//1467 1027//1467
f 1027//1467 831//1467 1104//1467
f 1104//1467 831//1467 829//1467
f 1105//1468 1106//1468 1104//1468
f 1104//1468 1106//1468 1107//1468
f 817//1468 816//1468 1107//1468
f 1107//1468 816//1468 822//1468
f 1107//1468 822//1468 1104//1468
f 1104//1468 822//1468 827//1468
f 1104//1468 827//1468 826//1468
f 1107//1469 812//1469 811//1469
f 1107//1469 811//1469 819//1469
f 1107//1469 819//1469 817//1469
f 801//1470 800//1470 1108//1470
f 1108//1470 792//1470 790//1470
f 790//1470 796//1470 1108//1470
f 1108//1470 796//1470 795//1470
f 1108//1470 795//1470 801//1470
f 793//1471 792//1471 1108//1471
f 1109//1471 788//1471 717//1471
f 717//1471 793//1471 1109//1471
f 1109//1471 793//1471 1108//1471
f 1109//1471 1108//1471 1110//1471
f 1110//1471 1108//1471 1111//1471
f 785//1472 1109//1472 777//1472
f 777//1472 1109//1472 779//1472
f 785//1472 784//1472 1109//1472
f 1109//1472 784//1472 783//1472
f 1109//1472 783//1472 788//1472
f 766//1469 764//1469 1112//1469
f 761//1469 1026//1469 1112//1469
f 1112//1469 1026//1469 766//1469
f 1113//1473 1114//1473 1112//1473
f 1112//1473 1114//1473 1115//1473
f 752//1473 751//1473 1115//1473
f 1115//1473 751//1473 757//1473
f 1115//1473 757//1473 1112//1473
f 1112//1473 757//1473 762//1473
f 1112//1473 762//1473 761//1473
f 1115//1474 747//1474 746//1474
f 1115//1474 746//1474 754//1474
f 1115//1474 754//1474 752//1474
f 1114//1475 1113//1475 1116//1475
f 1116//1475 1113//1475 1117//1475
f 1116//1475 1117//1475 1118//1475
f 1106//1475 1105//1475 1119//1475
f 1119//1475 1105//1475 1120//1475
f 1120//1475 1121//1475 1119//1475
f 1119//1475 1121//1475 1102//1475
f 1119//1475 1102//1475 1122//1475
f 1110//1475 1111//1475 1123//1475
f 1123//1475 1111//1475 1122//1475
f 1123//1475 1122//1475 1117//1475
f 1117//1475 1122//1475 1102//1475
f 1117//1475 1102//1475 1118//1475
f 1118//1475 1102//1475 1103//1475
f 834//1476 835//1476 1120//1476
f 1121//1477 846//1477 845//1477
f 845//1478 844//1478 1121//1478
f 1121//1479 844//1479 1101//1479
f 1121//1480 1101//1480 1102//1480
f 838//1481 840//1481 1121//1481
f 1121//1482 840//1482 847//1482
f 1121//1483 847//1483 846//1483
f 1120//1484 835//1484 1121//1484
f 1121//1485 835//1485 837//1485
f 1121//1486 837//1486 838//1486
f 1104//1487 829//1487 828//1487
f 1120//1488 1105//1488 1104//1488
f 1104//1489 828//1489 1120//1489
f 1120//1490 828//1490 832//1490
f 1120//1491 832//1491 834//1491
f 814//1492 1119//1492 815//1492
f 815//1493 1119//1493 809//1493
f 814//1494 812//1494 1119//1494
f 1119//1495 812//1495 1107//1495
f 1119//1496 1107//1496 1106//1496
f 797//1497 802//1497 1122//1497
f 1122//1498 802//1498 804//1498
f 804//1499 805//1499 1122//1499
f 1122//1500 805//1500 807//1500
f 1122//1501 807//1501 1119//1501
f 1119//1502 807//1502 810//1502
f 1119//1503 810//1503 809//1503
f 1122//1504 1111//1504 1108//1504
f 797//1505 1122//1505 798//1505
f 798//1506 1122//1506 1108//1506
f 798//1507 1108//1507 800//1507
f 749//1508 1116//1508 750//1508
f 750//1509 1116//1509 744//1509
f 749//1510 747//1510 1116//1510
f 1116//1511 747//1511 1115//1511
f 1116//1512 1115//1512 1114//1512
f 732//1513 737//1513 1118//1513
f 1118//1514 737//1514 739//1514
f 739//1515 740//1515 1118//1515
f 1118//1516 740//1516 742//1516
f 1118//1517 742//1517 1116//1517
f 1116//1518 742//1518 745//1518
f 1116//1519 745//1519 744//1519
f 1118//1520 1103//1520 1100//1520
f 732//1521 1118//1521 733//1521
f 733//1522 1118//1522 1100//1522
f 733//1523 1100//1523 735//1523
f 769//1524 770//1524 1117//1524
f 1123//1525 781//1525 780//1525
f 780//1526 779//1526 1123//1526
f 1123//1527 779//1527 1109//1527
f 1123//1528 1109//1528 1110//1528
f 773//1529 775//1529 1123//1529
f 1123//1530 775//1530 782//1530
f 1123//1531 782//1531 781//1531
f 1117//1532 770//1532 1123//1532
f 1123//1533 770//1533 772//1533
f 1123//1534 772//1534 773//1534
f 1112//1535 764//1535 763//1535
f 1117//1536 1113//1536 1112//1536
f 1112//1537 763//1537 1117//1537
f 1117//1538 763//1538 767//1538
f 1117//1539 767//1539 769//1539
f 1124//180 1125//180 1126//180
f 1127//181 1128//181 1129//181
f 1128//182 1127//182 1130//182
f 1131//183 1132//183 1133//183
f 1133//184 1132//184 1134//184
f 1133//185 1134//185 1129//185
f 1129//186 1134//186 1135//186
f 1129//187 1135//187 1127//187
f 1136//188 1137//188 1138//188
f 1139//189 1140//189 1141//189
f 1141//190 1140//190 1142//190
f 1141//191 1142//191 1136//191
f 1136//192 1142//192 1143//192
f 1136//193 1143//193 1137//193
f 1139//194 1141//194 1144//194
f 1144//195 1141//195 1145//195
f 1144//196 1145//196 1146//196
f 1146//197 1145//197 1147//197
f 1147//198 1145//198 1148//198
f 1147//199 1148//199 1149//199
f 1150//200 1151//200 1148//200
f 1148//201 1151//201 1152//201
f 1148//202 1152//202 1149//202
f 1153//203 1154//203 1155//203
f 1155//204 1154//204 1156//204
f 1155//205 1156//205 1150//205
f 1150//206 1156//206 1157//206
f 1150//207 1157//207 1151//207
f 1158//208 1159//208 1160//208
f 1159//209 1161//209 1160//209
f 1160//210 1161//210 1153//210
f 1160//211 1153//211 1162//211
f 1163//212 1164//212 1165//212
f 1165//213 1164//213 1158//213
f 1165//214 1158//214 1166//214
f 1166//215 1158//215 1160//215
f 1167//216 1168//216 1163//216
f 1163//217 1168//217 1169//217
f 1163//218 1169//218 1164//218
f 1170//219 1171//219 1172//219
f 1172//220 1171//220 1173//220
f 1170//221 1172//221 1174//221
f 1174//222 1172//222 1175//222
f 1174//223 1175//223 1176//223
f 1176//224 1175//224 1177//224
f 1177//225 1175//225 1178//225
f 1177//226 1178//226 1179//226
f 1179//227 1178//227 1180//227
f 1180//228 1178//228 1181//228
f 1180//229 1181//229 1182//229
f 1183//230 1184//230 1185//230
f 1185//231 1184//231 1186//231
f 1186//232 1187//232 1185//232
f 1185//233 1187//233 1188//233
f 1185//234 1188//234 1181//234
f 1181//235 1188//235 1189//235
f 1181//236 1189//236 1182//236
f 1190//237 1191//237 1183//237
f 1183//238 1191//238 1192//238
f 1183//239 1192//239 1184//239
f 1193//240 1194//240 1190//240
f 1125//241 1124//241 1194//241
f 1194//242 1124//242 1195//242
f 1194//243 1195//243 1190//243
f 1196//244 1197//244 1198//244
f 1198//245 1197//245 1199//245
f 1198//246 1199//246 1126//246
f 1126//247 1199//247 1200//247
f 1126//248 1200//248 1124//248
f 1201//249 1202//249 1203//249
f 1204//250 1205//250 1206//250
f 1206//251 1205//251 1207//251
f 1206//252 1207//252 1201//252
f 1201//253 1207//253 1208//253
f 1201//254 1208//254 1202//254
f 1204//255 1206//255 1209//255
f 1209//256 1206//256 1210//256
f 1209//257 1210//257 1211//257
f 1211//258 1210//258 1212//258
f 1212//259 1210//259 1213//259
f 1212//260 1213//260 1214//260
f 1215//261 1216//261 1213//261
f 1213//262 1216//262 1217//262
f 1213//263 1217//263 1214//263
f 1218//264 1219//264 1220//264
f 1220//265 1219//265 1221//265
f 1220//266 1221//266 1215//266
f 1215//267 1221//267 1222//267
f 1215//268 1222//268 1216//268
f 1223//269 1224//269 1225//269
f 1224//270 1226//270 1225//270
f 1225//271 1226//271 1218//271
f 1225//272 1218//272 1227//272
f 1228//273 1229//273 1230//273
f 1230//274 1229//274 1223//274
f 1230//275 1223//275 1231//275
f 1231//276 1223//276 1225//276
f 1232//277 1233//277 1228//277
f 1228//278 1233//278 1234//278
f 1228//279 1234//279 1229//279
f 1235//280 1236//280 1237//280
f 1237//281 1236//281 1238//281
f 1235//282 1237//282 1239//282
f 1239//283 1237//283 1240//283
f 1239//284 1240//284 1241//284
f 1241//285 1240//285 1242//285
f 1242//286 1240//286 1243//286
f 1242//287 1243//287 1244//287
f 1244//288 1243//288 1245//288
f 1245//289 1243//289 1246//289
f 1245//290 1246//290 1247//290
f 1248//291 1249//291 1250//291
f 1250//292 1249//292 1251//292
f 1251//293 1252//293 1250//293
f 1250//294 1252//294 1253//294
f 1250//295 1253//295 1246//295
f 1246//296 1253//296 1254//296
f 1246//297 1254//297 1247//297
f 1255//298 1256//298 1248//298
f 1248//299 1256//299 1257//299
f 1248//300 1257//300 1249//300
f 1127//301 1258//301 1130//301
f 1130//302 1258//302 1255//302
f 1130//303 1255//303 1259//303
f 1260//304 1261//304 1262//304
f 1260//305 1263//305 1261//305
f 1261//306 1263//306 1264//306
f 1261//307 1264//307 1265//307
f 1265//308 1264//308 1266//308
f 1265//309 1266//309 1267//309
f 1266//310 1268//310 1267//310
f 1267//311 1268//311 1269//311
f 1267//312 1269//312 1270//312
f 1269//313 1271//313 1270//313
f 1270//314 1271//314 1272//314
f 1270//315 1272//315 1273//315
f 1273//316 1272//316 1274//316
f 1273//317 1274//317 1275//317
f 1274//318 1276//318 1275//318
f 1275//319 1276//319 1277//319
f 1275//320 1277//320 1278//320
f 1277//321 1279//321 1278//321
f 1278//322 1279//322 1280//322
f 1278//323 1280//323 1281//323
f 1281//324 1280//324 1282//324
f 1281//325 1282//325 1283//325
f 1282//326 1284//326 1283//326
f 1283//327 1284//327 1285//327
f 1283//328 1285//328 1286//328
f 1285//329 1287//329 1286//329
f 1286//330 1287//330 1288//330
f 1286//331 1288//331 1289//331
f 1288//332 1290//332 1289//332
f 1289//333 1290//333 1291//333
f 1289//334 1291//334 1292//334
f 1292//335 1291//335 1293//335
f 1292//336 1293//336 1294//336
f 1293//337 1295//337 1294//337
f 1294//338 1295//338 1296//338
f 1294//339 1296//339 1297//339
f 1296//340 1298//340 1297//340
f 1297//341 1298//341 1299//341
f 1297//342 1299//342 1300//342
f 1300//343 1299//343 1301//343
f 1300//344 1301//344 1302//344
f 1301//345 1303//345 1302//345
f 1302//346 1303//346 1304//346
f 1302//347 1304//347 1305//347
f 1304//348 1306//348 1305//348
f 1305//349 1306//349 1307//349
f 1305//350 1307//350 1308//350
f 1308//351 1307//351 1309//351
f 1308//352 1309//352 1310//352
f 1309//353 1311//353 1310//353
f 1310//354 1311//354 1312//354
f 1310//355 1312//355 1313//355
f 1312//356 1314//356 1313//356
f 1313//357 1314//357 1315//357
f 1313//358 1315//358 1316//358
f 1316//359 1315//359 1317//359
f 1316//360 1317//360 1318//360
f 1317//361 1319//361 1318//361
f 1318//362 1319//362 1320//362
f 1318//363 1320//363 1321//363
f 1320//364 1322//364 1321//364
f 1321//365 1322//365 1323//365
f 1321//366 1323//366 1324//366
f 1323//367 1325//367 1324//367
f 1324//368 1325//368 1326//368
f 1324//369 1326//369 1327//369
f 1327//370 1326//370 1328//370
f 1327//371 1328//371 1329//371
f 1328//372 1330//372 1329//372
f 1329//373 1330//373 1331//373
f 1329//374 1331//374 1332//374
f 1331//375 1333//375 1332//375
f 1332//376 1333//376 1334//376
f 1332//377 1334//377 1335//377
f 1335//378 1334//378 1336//378
f 1335//379 1336//379 1337//379
f 1336//380 1338//380 1337//380
f 1337//381 1338//381 1339//381
f 1337//382 1339//382 1340//382
f 1339//383 1341//383 1340//383
f 1340//384 1341//384 1342//384
f 1340//385 1342//385 1343//385
f 1343//386 1342//386 1344//386
f 1343//387 1344//387 1345//387
f 1344//388 1346//388 1345//388
f 1345//389 1346//389 1347//389
f 1345//390 1347//390 1348//390
f 1347//391 1349//391 1348//391
f 1348//392 1349//392 1350//392
f 1348//393 1350//393 1351//393
f 1351//394 1350//394 1352//394
f 1351//395 1352//395 1353//395
f 1352//396 1354//396 1353//396
f 1353//397 1354//397 1355//397
f 1353//398 1355//398 1356//398
f 1355//399 1357//399 1356//399
f 1356//400 1357//400 1358//400
f 1356//401 1358//401 1359//401
f 1359//402 1358//402 1360//402
f 1359//403 1360//403 1361//403
f 1360//404 1362//404 1361//404
f 1361//405 1362//405 1363//405
f 1361//406 1363//406 1364//406
f 1363//407 1365//407 1364//407
f 1364//408 1365//408 1366//408
f 1364//409 1366//409 1367//409
f 1366//410 1368//410 1367//410
f 1367//411 1368//411 1369//411
f 1367//412 1369//412 1370//412
f 1370//413 1369//413 1371//413
f 1370//414 1371//414 1262//414
f 1262//415 1371//415 1372//415
f 1262//416 1372//416 1260//416
f 1370//417 1373//417 1367//417
f 1367//418 1373//418 1374//418
f 1367//419 1374//419 1364//419
f 1364//420 1374//420 1375//420
f 1364//421 1375//421 1361//421
f 1361//422 1375//422 1376//422
f 1361//423 1376//423 1359//423
f 1359//424 1376//424 1377//424
f 1359//425 1377//425 1356//425
f 1356//426 1377//426 1378//426
f 1356//427 1378//427 1353//427
f 1353//428 1378//428 1379//428
f 1353//429 1379//429 1351//429
f 1351//430 1379//430 1380//430
f 1351//431 1380//431 1348//431
f 1348//432 1380//432 1381//432
f 1348//433 1381//433 1345//433
f 1345//434 1381//434 1382//434
f 1345//435 1382//435 1343//435
f 1343//436 1382//436 1383//436
f 1343//437 1383//437 1340//437
f 1340//438 1383//438 1384//438
f 1340//439 1384//439 1337//439
f 1337//440 1384//440 1385//440
f 1337//441 1385//441 1335//441
f 1335//442 1385//442 1386//442
f 1335//443 1386//443 1332//443
f 1332//444 1386//444 1387//444
f 1332//445 1387//445 1329//445
f 1329//446 1387//446 1388//446
f 1329//447 1388//447 1327//447
f 1327//448 1388//448 1389//448
f 1327//449 1389//449 1324//449
f 1324//450 1389//450 1390//450
f 1324//451 1390//451 1321//451
f 1321//452 1390//452 1391//452
f 1321//453 1391//453 1318//453
f 1318//454 1391//454 1392//454
f 1318//455 1392//455 1316//455
f 1316//456 1392//456 1393//456
f 1316//457 1393//457 1313//457
f 1313//458 1393//458 1394//458
f 1313//459 1394//459 1310//459
f 1310//460 1394//460 1395//460
f 1310//461 1395//461 1308//461
f 1308//462 1395//462 1396//462
f 1308//463 1396//463 1305//463
f 1305//464 1396//464 1397//464
f 1305//465 1397//465 1302//465
f 1302//466 1397//466 1398//466
f 1302//467 1398//467 1300//467
f 1300//468 1398//468 1399//468
f 1300//469 1399//469 1297//469
f 1297//470 1399//470 1400//470
f 1297//471 1400//471 1294//471
f 1294//472 1400//472 1401//472
f 1294//473 1401//473 1292//473
f 1292//474 1401//474 1402//474
f 1292//475 1402//475 1289//475
f 1289//476 1402//476 1403//476
f 1289//477 1403//477 1286//477
f 1286//478 1403//478 1404//478
f 1286//479 1404//479 1283//479
f 1283//480 1404//480 1405//480
f 1283//481 1405//481 1281//481
f 1281//482 1405//482 1406//482
f 1281//483 1406//483 1278//483
f 1278//484 1406//484 1407//484
f 1278//485 1407//485 1275//485
f 1275//486 1407//486 1408//486
f 1275//487 1408//487 1273//487
f 1273//488 1408//488 1409//488
f 1273//489 1409//489 1270//489
f 1270//490 1409//490 1410//490
f 1270//491 1410//491 1267//491
f 1267//492 1410//492 1411//492
f 1267//493 1411//493 1265//493
f 1265//494 1411//494 1412//494
f 1265//495 1412//495 1261//495
f 1261//496 1412//496 1413//496
f 1261//497 1413//497 1262//497
f 1262//498 1413//498 1414//498
f 1262//499 1414//499 1370//499
f 1370//500 1414//500 1373//500
f 1414//501 1166//501 1373//501
f 1373//502 1166//502 1160//502
f 1373//503 1160//503 1374//503
f 1374//504 1160//504 1162//504
f 1374//505 1162//505 1375//505
f 1375//506 1162//506 1415//506
f 1375//507 1415//507 1376//507
f 1376//508 1415//508 1416//508
f 1376//509 1416//509 1377//509
f 1377//510 1416//510 1417//510
f 1377//511 1417//511 1378//511
f 1378//512 1417//512 1418//512
f 1378//513 1418//513 1379//513
f 1379//514 1418//514 1131//514
f 1379//515 1131//515 1380//515
f 1380//516 1131//516 1133//516
f 1380//517 1133//517 1381//517
f 1381//518 1133//518 1129//518
f 1381//519 1129//519 1382//519
f 1382//520 1129//520 1128//520
f 1382//521 1128//521 1383//521
f 1383//522 1128//522 1130//522
f 1383//523 1130//523 1384//523
f 1384//524 1130//524 1259//524
f 1384//525 1259//525 1385//525
f 1385//526 1259//526 1419//526
f 1385//527 1419//527 1386//527
f 1386//528 1419//528 1420//528
f 1386//529 1420//529 1387//529
f 1387//530 1420//530 1421//530
f 1387//531 1421//531 1388//531
f 1388//532 1421//532 1422//532
f 1388//533 1422//533 1389//533
f 1389//534 1422//534 1423//534
f 1389//535 1423//535 1390//535
f 1390//536 1423//536 1232//536
f 1390//537 1232//537 1391//537
f 1391//538 1232//538 1228//538
f 1391//539 1228//539 1392//539
f 1392//540 1228//540 1230//540
f 1392//541 1230//541 1393//541
f 1393//542 1230//542 1231//542
f 1393//543 1231//543 1394//543
f 1394//544 1231//544 1225//544
f 1394//545 1225//545 1395//545
f 1395//546 1225//546 1227//546
f 1395//547 1227//547 1396//547
f 1396//548 1227//548 1424//548
f 1396//549 1424//549 1397//549
f 1397//550 1424//550 1425//550
f 1397//551 1425//551 1398//551
f 1398//552 1425//552 1426//552
f 1398//553 1426//553 1399//553
f 1399//554 1426//554 1427//554
f 1399//555 1427//555 1400//555
f 1400//556 1427//556 1196//556
f 1400//557 1196//557 1401//557
f 1401//558 1196//558 1198//558
f 1401//559 1198//559 1402//559
f 1402//560 1198//560 1126//560
f 1402//561 1126//561 1403//561
f 1403//562 1126//562 1125//562
f 1403//563 1125//563 1404//563
f 1404//564 1125//564 1194//564
f 1404//565 1194//565 1405//565
f 1405//566 1194//566 1193//566
f 1405//567 1193//567 1406//567
f 1406//568 1193//568 1428//568
f 1406//569 1428//569 1407//569
f 1407//570 1428//570 1429//570
f 1407//571 1429//571 1408//571
f 1408//572 1429//572 1430//572
f 1408//573 1430//573 1409//573
f 1409//574 1430//574 1431//574
f 1409//575 1431//575 1410//575
f 1410//576 1431//576 1432//576
f 1410//577 1432//577 1411//577
f 1411//578 1432//578 1167//578
f 1411//579 1167//579 1412//579
f 1412//580 1167//580 1163//580
f 1412//581 1163//581 1413//581
f 1413//582 1163//582 1165//582
f 1413//583 1165//583 1414//583
f 1414//584 1165//584 1166//584
f 1190//585 1183//585 1193//585
f 1193//586 1183//586 1185//586
f 1193//587 1185//587 1428//587
f 1428//588 1185//588 1181//588
f 1428//589 1181//589 1429//589
f 1429//590 1181//590 1178//590
f 1429//591 1178//591 1430//591
f 1430//592 1178//592 1175//592
f 1430//593 1175//593 1431//593
f 1431//594 1175//594 1172//594
f 1431//595 1172//595 1432//595
f 1432//596 1172//596 1173//596
f 1432//597 1173//597 1167//597
f 1167//598 1173//598 1433//598
f 1167//599 1433//599 1168//599
f 1218//600 1220//600 1227//600
f 1227//601 1220//601 1215//601
f 1227//602 1215//602 1424//602
f 1424//603 1215//603 1213//603
f 1424//604 1213//604 1425//604
f 1425//605 1213//605 1210//605
f 1425//606 1210//606 1426//606
f 1426//607 1210//607 1206//607
f 1426//608 1206//608 1427//608
f 1427//609 1206//609 1201//609
f 1427//610 1201//610 1196//610
f 1196//611 1201//611 1203//611
f 1196//612 1203//612 1197//612
f 1255//613 1248//613 1259//613
f 1259//614 1248//614 1250//614
f 1259//615 1250//615 1419//615
f 1419//616 1250//616 1246//616
f 1419//617 1246//617 1420//617
f 1420//618 1246//618 1243//618
f 1420//619 1243//619 1421//619
f 1421//620 1243//620 1240//620
f 1421//621 1240//621 1422//621
f 1422//622 1240//622 1237//622
f 1422//623 1237//623 1423//623
f 1423//624 1237//624 1238//624
f 1423//625 1238//625 1232//625
f 1232//626 1238//626 1434//626
f 1232//627 1434//627 1233//627
f 1153//628 1155//628 1162//628
f 1162//629 1155//629 1150//629
f 1162//630 1150//630 1415//630
f 1415//631 1150//631 1148//631
f 1415//632 1148//632 1416//632
f 1416//633 1148//633 1145//633
f 1416//634 1145//634 1417//634
f 1417//635 1145//635 1141//635
f 1417//636 1141//636 1418//636
f 1418//637 1141//637 1136//637
f 1418//638 1136//638 1131//638
f 1131//639 1136//639 1138//639
f 1131//640 1138//640 1132//640
f 1435//641 1436//641 1437//641
f 1437//641 1436//641 1438//641
f 1437//641 1438//641 1439//641
f 1440//641 1441//641 1437//641
f 1437//641 1441//641 1442//641
f 1437//641 1442//641 1435//641
f 1443//641 1444//641 1437//641
f 1437//641 1444//641 1445//641
f 1437//641 1445//641 1440//641
f 1446//641 1447//641 1437//641
f 1437//641 1447//641 1448//641
f 1437//641 1448//641 1443//641
f 1449//641 1450//641 1437//641
f 1437//641 1450//641 1451//641
f 1437//641 1451//641 1446//641
f 1452//641 1453//641 1437//641
f 1437//641 1453//641 1454//641
f 1437//641 1454//641 1449//641
f 1439//641 1455//641 1437//641
f 1437//641 1455//641 1456//641
f 1437//641 1456//641 1452//641
f 1438//642 1457//642 1439//642
f 1439//643 1457//643 1458//643
f 1439//644 1458//644 1455//644
f 1455//645 1458//645 1459//645
f 1455//646 1459//646 1456//646
f 1456//647 1459//647 1460//647
f 1456//648 1460//648 1452//648
f 1452//649 1460//649 1461//649
f 1452//650 1461//650 1453//650
f 1453//651 1461//651 1462//651
f 1453//652 1462//652 1454//652
f 1454//653 1462//653 1463//653
f 1454//654 1463//654 1449//654
f 1449//655 1463//655 1464//655
f 1449//656 1464//656 1450//656
f 1450//657 1464//657 1465//657
f 1450//658 1465//658 1451//658
f 1451//659 1465//659 1466//659
f 1451//660 1466//660 1446//660
f 1446//661 1466//661 1467//661
f 1446//662 1467//662 1447//662
f 1447//663 1467//663 1468//663
f 1447//664 1468//664 1448//664
f 1448//665 1468//665 1469//665
f 1448//666 1469//666 1443//666
f 1443//667 1469//667 1470//667
f 1443//668 1470//668 1444//668
f 1444//669 1470//669 1471//669
f 1444//670 1471//670 1445//670
f 1445//671 1471//671 1472//671
f 1445//672 1472//672 1440//672
f 1440//673 1472//673 1473//673
f 1440//674 1473//674 1441//674
f 1441//675 1473//675 1474//675
f 1441//676 1474//676 1442//676
f 1442//677 1474//677 1475//677
f 1442//678 1475//678 1435//678
f 1435//679 1475//679 1476//679
f 1435//680 1476//680 1436//680
f 1436//681 1476//681 1477//681
f 1436//682 1477//682 1438//682
f 1438//683 1477//683 1457//683
f 1475//641 1478//641 1476//641
f 1476//641 1478//641 1479//641
f 1476//641 1479//641 1477//641
f 1477//641 1479//641 1480//641
f 1477//641 1480//641 1457//641
f 1473//641 1481//641 1474//641
f 1474//641 1481//641 1482//641
f 1474//641 1482//641 1475//641
f 1475//641 1482//641 1483//641
f 1475//641 1483//641 1478//641
f 1470//641 1484//641 1471//641
f 1471//641 1484//641 1485//641
f 1471//641 1485//641 1472//641
f 1472//641 1485//641 1486//641
f 1472//641 1486//641 1473//641
f 1473//641 1486//641 1487//641
f 1473//641 1487//641 1481//641
f 1462//641 1488//641 1463//641
f 1463//641 1488//641 1489//641
f 1463//641 1489//641 1464//641
f 1464//641 1489//641 1490//641
f 1464//641 1490//641 1465//641
f 1467//641 1491//641 1468//641
f 1468//641 1491//641 1492//641
f 1468//641 1492//641 1469//641
f 1469//641 1492//641 1493//641
f 1469//641 1493//641 1470//641
f 1470//641 1493//641 1494//641
f 1470//641 1494//641 1484//641
f 1490//641 1495//641 1465//641
f 1465//641 1495//641 1496//641
f 1465//641 1496//641 1466//641
f 1466//641 1496//641 1497//641
f 1466//641 1497//641 1467//641
f 1467//641 1497//641 1498//641
f 1467//641 1498//641 1491//641
f 1459//641 1499//641 1460//641
f 1460//641 1499//641 1500//641
f 1460//641 1500//641 1461//641
f 1461//641 1500//641 1501//641
f 1461//641 1501//641 1462//641
f 1462//641 1501//641 1502//641
f 1462//641 1502//641 1488//641
f 1480//641 1503//641 1457//641
f 1457//641 1503//641 1504//641
f 1457//641 1504//641 1458//641
f 1458//641 1504//641 1505//641
f 1458//641 1505//641 1459//641
f 1459//641 1505//641 1506//641
f 1459//641 1506//641 1499//641
f 1288//684 1287//684 1479//684
f 1479//685 1287//685 1480//685
f 1288//686 1479//686 1290//686
f 1290//687 1479//687 1478//687
f 1290//688 1478//688 1291//688
f 1483//689 1295//689 1478//689
f 1478//690 1295//690 1293//690
f 1478//691 1293//691 1291//691
f 1301//692 1299//692 1482//692
f 1482//693 1299//693 1298//693
f 1482//694 1298//694 1483//694
f 1483//695 1298//695 1296//695
f 1483//696 1296//696 1295//696
f 1301//697 1482//697 1303//697
f 1303//698 1482//698 1481//698
f 1303//699 1481//699 1304//699
f 1304//700 1481//700 1306//700
f 1306//701 1481//701 1487//701
f 1306//702 1487//702 1307//702
f 1486//703 1311//703 1487//703
f 1487//704 1311//704 1309//704
f 1487//705 1309//705 1307//705
f 1317//706 1315//706 1485//706
f 1485//707 1315//707 1314//707
f 1485//708 1314//708 1486//708
f 1486//709 1314//709 1312//709
f 1486//710 1312//710 1311//710
f 1317//711 1485//711 1319//711
f 1319//712 1485//712 1484//712
f 1319//713 1484//713 1320//713
f 1320//714 1484//714 1322//714
f 1322//715 1484//715 1494//715
f 1322//716 1494//716 1323//716
f 1323//717 1494//717 1325//717
f 1325//718 1494//718 1493//718
f 1325//719 1493//719 1326//719
f 1492//720 1330//720 1493//720
f 1493//721 1330//721 1328//721
f 1493//722 1328//722 1326//722
f 1336//723 1334//723 1491//723
f 1491//724 1334//724 1333//724
f 1491//725 1333//725 1492//725
f 1492//726 1333//726 1331//726
f 1492//727 1331//727 1330//727
f 1336//728 1491//728 1338//728
f 1338//729 1491//729 1498//729
f 1338//730 1498//730 1339//730
f 1339//731 1498//731 1341//731
f 1341//732 1498//732 1497//732
f 1341//733 1497//733 1342//733
f 1496//734 1346//734 1497//734
f 1497//735 1346//735 1344//735
f 1497//736 1344//736 1342//736
f 1352//737 1350//737 1495//737
f 1495//738 1350//738 1349//738
f 1495//739 1349//739 1496//739
f 1496//740 1349//740 1347//740
f 1496//741 1347//741 1346//741
f 1352//742 1495//742 1354//742
f 1354//743 1495//743 1490//743
f 1354//744 1490//744 1355//744
f 1355//745 1490//745 1357//745
f 1357//746 1490//746 1489//746
f 1357//747 1489//747 1358//747
f 1488//748 1362//748 1489//748
f 1489//749 1362//749 1360//749
f 1489//750 1360//750 1358//750
f 1502//751 1365//751 1488//751
f 1488//752 1365//752 1363//752
f 1488//753 1363//753 1362//753
f 1371//754 1369//754 1501//754
f 1501//755 1369//755 1368//755
f 1501//756 1368//756 1502//756
f 1502//757 1368//757 1366//757
f 1502//758 1366//758 1365//758
f 1371//759 1501//759 1372//759
f 1372//760 1501//760 1500//760
f 1372//761 1500//761 1260//761
f 1260//762 1500//762 1263//762
f 1263//763 1500//763 1499//763
f 1263//764 1499//764 1264//764
f 1506//765 1268//765 1499//765
f 1499//766 1268//766 1266//766
f 1499//767 1266//767 1264//767
f 1274//768 1272//768 1505//768
f 1505//769 1272//769 1271//769
f 1505//770 1271//770 1506//770
f 1506//771 1271//771 1269//771
f 1506//772 1269//772 1268//772
f 1274//773 1505//773 1276//773
f 1276//774 1505//774 1504//774
f 1276//775 1504//775 1277//775
f 1277//776 1504//776 1279//776
f 1279//777 1504//777 1503//777
f 1279//778 1503//778 1280//778
f 1287//779 1285//779 1480//779
f 1480//780 1285//780 1284//780
f 1480//781 1284//781 1503//781
f 1503//782 1284//782 1282//782
f 1503//783 1282//783 1280//783
f 1143//784 1142//784 1507//784
f 1507//784 1134//784 1132//784
f 1132//784 1138//784 1507//784
f 1507//784 1138//784 1137//784
f 1507//784 1137//784 1143//784
f 1135//785 1134//785 1507//785
f 1508//785 1258//785 1127//785
f 1127//785 1135//785 1508//785
f 1508//785 1135//785 1507//785
f 1508//785 1507//785 1509//785
f 1509//785 1507//785 1510//785
f 1257//786 1508//786 1249//786
f 1249//786 1508//786 1251//786
f 1257//786 1256//786 1508//786
f 1508//786 1256//786 1255//786
f 1508//786 1255//786 1258//786
f 1511//787 1233//787 1434//787
f 1434//787 1238//787 1511//787
f 1511//787 1238//787 1236//787
f 1512//788 1513//788 1511//788
f 1511//788 1513//788 1514//788
f 1224//788 1223//788 1514//788
f 1514//788 1223//788 1229//788
f 1514//788 1229//788 1511//788
f 1511//788 1229//788 1234//788
f 1511//788 1234//788 1233//788
f 1514//789 1219//789 1218//789
f 1514//789 1218//789 1226//789
f 1514//789 1226//789 1224//789
f 1208//790 1207//790 1515//790
f 1515//790 1199//790 1197//790
f 1197//790 1203//790 1515//790
f 1515//790 1203//790 1202//790
f 1515//790 1202//790 1208//790
f 1200//791 1199//791 1515//791
f 1516//791 1195//791 1124//791
f 1124//791 1200//791 1516//791
f 1516//791 1200//791 1515//791
f 1516//791 1515//791 1517//791
f 1517//791 1515//791 1518//791
f 1192//792 1516//792 1184//792
f 1184//792 1516//792 1186//792
f 1192//792 1191//792 1516//792
f 1516//792 1191//792 1190//792
f 1516//792 1190//792 1195//792
f 1173//789 1171//789 1519//789
f 1168//789 1433//789 1519//789
f 1519//789 1433//789 1173//789
f 1520//793 1521//793 1519//793
f 1519//793 1521//793 1522//793
f 1159//793 1158//793 1522//793
f 1522//793 1158//793 1164//793
f 1522//793 1164//793 1519//793
f 1519//793 1164//793 1169//793
f 1519//793 1169//793 1168//793
f 1522//794 1154//794 1153//794
f 1522//794 1153//794 1161//794
f 1522//794 1161//794 1159//794
f 1521//795 1520//795 1523//795
f 1523//795 1520//795 1524//795
f 1523//795 1524//795 1525//795
f 1513//795 1512//795 1526//795
f 1526//795 1512//795 1527//795
f 1527//795 1528//795 1526//795
f 1526//795 1528//795 1509//795
f 1526//795 1509//795 1529//795
f 1517//795 1518//795 1530//795
f 1530//795 1518//795 1529//795
f 1530//795 1529//795 1524//795
f 1524//795 1529//795 1509//795
f 1524//795 1509//795 1525//795
f 1525//795 1509//795 1510//795
f 1241//796 1242//796 1527//796
f 1528//797 1253//797 1252//797
f 1252//798 1251//798 1528//798
f 1528//799 1251//799 1508//799
f 1528//800 1508//800 1509//800
f 1245//801 1247//801 1528//801
f 1528//802 1247//802 1254//802
f 1528//803 1254//803 1253//803
f 1527//804 1242//804 1528//804
f 1528//805 1242//805 1244//805
f 1528//806 1244//806 1245//806
f 1511//807 1236//807 1235//807
f 1527//808 1512//808 1511//808
f 1511//809 1235//809 1527//809
f 1527//810 1235//810 1239//810
f 1527//811 1239//811 1241//811
f 1221//812 1526//812 1222//812
f 1222//813 1526//813 1216//813
f 1221//814 1219//814 1526//814
f 1526//815 1219//815 1514//815
f 1526//816 1514//816 1513//816
f 1204//817 1209//817 1529//817
f 1529//818 1209//818 1211//818
f 1211//819 1212//819 1529//819
f 1529//820 1212//820 1214//820
f 1529//821 1214//821 1526//821
f 1526//822 1214//822 1217//822
f 1526//823 1217//823 1216//823
f 1529//824 1518//824 1515//824
f 1204//825 1529//825 1205//825
f 1205//826 1529//826 1515//826
f 1205//827 1515//827 1207//827
f 1156//828 1523//828 1157//828
f 1157//829 1523//829 1151//829
f 1156//830 1154//830 1523//830
f 1523//831 1154//831 1522//831
f 1523//832 1522//832 1521//832
f 1139//833 1144//833 1525//833
f 1525//834 1144//834 1146//834
f 1146//835 1147//835 1525//835
f 1525//836 1147//836 1149//836
f 1525//837 1149//837 1523//837
f 1523//838 1149//838 1152//838
f 1523//839 1152//839 1151//839
f 1525//840 1510//840 1507//840
f 1139//841 1525//841 1140//841
f 1140//842 1525//842 1507//842
f 1140//843 1507//843 1142//843
f 1176//844 1177//844 1524//844
f 1530//845 1188//845 1187//845
f 1187//846 1186//846 1530//846
f 1530//847 1186//847 1516//847
f 1530//848 1516//848 1517//848
f 1180//849 1182//849 1530//849
f 1530//850 1182//850 1189//850
f 1530//851 1189//851 1188//851
f 1524//852 1177//852 1530//852
f 1530//853 1177//853 1179//853
f 1530//854 1179//854 1180//854
f 1519//855 1171//855 1170//855
f 1524//856 1520//856 1519//856
f 1519//857 1170//857 1524//857
f 1524//858 1170//858 1174//858
f 1524//859 1174//859 1176//859
f 1531//860 1532//860 1533//860
f 1534//861 1535//861 1536//861
f 1535//862 1534//862 1537//862
f 1538//863 1539//863 1540//863
f 1540//864 1539//864 1541//864
f 1540//865 1541//865 1536//865
f 1536//866 1541//866 1542//866
f 1536//867 1542//867 1534//867
f 1543//868 1544//868 1545//868
f 1546//869 1547//869 1548//869
f 1548//870 1547//870 1549//870
f 1548//871 1549//871 1543//871
f 1543//872 1549//872 1550//872
f 1543//873 1550//873 1544//873
f 1546//874 1548//874 1551//874
f 1551//875 1548//875 1552//875
f 1551//876 1552//876 1553//876
f 1553//877 1552//877 1554//877
f 1554//878 1552//878 1555//878
f 1554//879 1555//879 1556//879
f 1557//880 1558//880 1555//880
f 1555//881 1558//881 1559//881
f 1555//882 1559//882 1556//882
f 1560//883 1561//883 1562//883
f 1562//884 1561//884 1563//884
f 1562//885 1563//885 1557//885
f 1557//886 1563//886 1564//886
f 1557//887 1564//887 1558//887
f 1565//888 1566//888 1567//888
f 1566//889 1568//889 1567//889
f 1567//890 1568//890 1560//890
f 1567//891 1560//891 1569//891
f 1570//892 1571//892 1572//892
f 1572//893 1571//893 1565//893
f 1572//894 1565//894 1573//894
f 1573//895 1565//895 1567//895
f 1574//896 1575//896 1570//896
f 1570//897 1575//897 1576//897
f 1570//898 1576//898 1571//898
f 1577//899 1578//899 1579//899
f 1579//900 1578//900 1580//900
f 1577//901 1579//901 1581//901
f 1581//902 1579//902 1582//902
f 1581//903 1582//903 1583//903
f 1583//904 1582//904 1584//904
f 1584//905 1582//905 1585//905
f 1584//906 1585//906 1586//906
f 1586//907 1585//907 1587//907
f 1587//908 1585//908 1588//908
f 1587//909 1588//909 1589//909
f 1590//910 1591//910 1592//910
f 1592//911 1591//911 1593//911
f 1593//912 1594//912 1592//912
f 1592//913 1594//913 1595//913
f 1592//914 1595//914 1588//914
f 1588//915 1595//915 1596//915
f 1588//916 1596//916 1589//916
f 1597//917 1598//917 1590//917
f 1590//918 1598//918 1599//918
f 1590//919 1599//919 1591//919
f 1600//920 1601//920 1597//920
f 1532//921 1531//921 1601//921
f 1601//922 1531//922 1602//922
f 1601//923 1602//923 1597//923
f 1603//924 1604//924 1605//924
f 1605//925 1604//925 1606//925
f 1605//926 1606//926 1533//926
f 1533//927 1606//927 1607//927
f 1533//928 1607//928 1531//928
f 1608//929 1609//929 1610//929
f 1611//930 1612//930 1613//930
f 1613//931 1612//931 1614//931
f 1613//932 1614//932 1608//932
f 1608//933 1614//933 1615//933
f 1608//934 1615//934 1609//934
f 1611//935 1613//935 1616//935
f 1616//936 1613//936 1617//936
f 1616//937 1617//937 1618//937
f 1618//938 1617//938 1619//938
f 1619//939 1617//939 1620//939
f 1619//940 1620//940 1621//940
f 1622//941 1623//941 1620//941
f 1620//942 1623//942 1624//942
f 1620//943 1624//943 1621//943
f 1625//944 1626//944 1627//944
f 1627//945 1626//945 1628//945
f 1627//946 1628//946 1622//946
f 1622//947 1628//947 1629//947
f 1622//948 1629//948 1623//948
f 1630//949 1631//949 1632//949
f 1631//950 1633//950 1632//950
f 1632//951 1633//951 1625//951
f 1632//952 1625//952 1634//952
f 1635//953 1636//953 1637//953
f 1637//954 1636//954 1630//954
f 1637//955 1630//955 1638//955
f 1638//956 1630//956 1632//956
f 1639//957 1640//957 1635//957
f 1635//958 1640//958 1641//958
f 1635//959 1641//959 1636//959
f 1642//960 1643//960 1644//960
f 1644//961 1643//961 1645//961
f 1642//962 1644//962 1646//962
f 1646//963 1644//963 1647//963
f 1646//964 1647//964 1648//964
f 1648//965 1647//965 1649//965
f 1649//966 1647//966 1650//966
f 1649//967 1650//967 1651//967
f 1651//968 1650//968 1652//968
f 1652//969 1650//969 1653//969
f 1652//970 1653//970 1654//970
f 1655//971 1656//971 1657//971
f 1657//972 1656//972 1658//972
f 1658//973 1659//973 1657//973
f 1657//974 1659//974 1660//974
f 1657//975 1660//975 1653//975
f 1653//976 1660//976 1661//976
f 1653//977 1661//977 1654//977
f 1662//978 1663//978 1655//978
f 1655//979 1663//979 1664//979
f 1655//980 1664//980 1656//980
f 1534//981 1665//981 1537//981
f 1537//982 1665//982 1662//982
f 1537//983 1662//983 1666//983
f 1667//984 1668//984 1669//984
f 1667//985 1670//985 1668//985
f 1668//986 1670//986 1671//986
f 1668//987 1671//987 1672//987
f 1672//988 1671//988 1673//988
f 1672//989 1673//989 1674//989
f 1673//990 1675//990 1674//990
f 1674//991 1675//991 1676//991
f 1674//992 1676//992 1677//992
f 1676//993 1678//993 1677//993
f 1677//994 1678//994 1679//994
f 1677//995 1679//995 1680//995
f 1680//996 1679//996 1681//996
f 1680//997 1681//997 1682//997
f 1681//998 1683//998 1682//998
f 1682//999 1683//999 1684//999
f 1682//1000 1684//1000 1685//1000
f 1684//1001 1686//1001 1685//1001
f 1685//1002 1686//1002 1687//1002
f 1685//1003 1687//1003 1688//1003
f 1688//1004 1687//1004 1689//1004
f 1688//1005 1689//1005 1690//1005
f 1689//1006 1691//1006 1690//1006
f 1690//1007 1691//1007 1692//1007
f 1690//1008 1692//1008 1693//1008
f 1692//1009 1694//1009 1693//1009
f 1693//1010 1694//1010 1695//1010
f 1693//1011 1695//1011 1696//1011
f 1695//1012 1697//1012 1696//1012
f 1696//1013 1697//1013 1698//1013
f 1696//1014 1698//1014 1699//1014
f 1699//1015 1698//1015 1700//1015
f 1699//1016 1700//1016 1701//1016
f 1700//1017 1702//1017 1701//1017
f 1701//1018 1702//1018 1703//1018
f 1701//1019 1703//1019 1704//1019
f 1703//1020 1705//1020 1704//1020
f 1704//1021 1705//1021 1706//1021
f 1704//1022 1706//1022 1707//1022
f 1707//1023 1706//1023 1708//1023
f 1707//1024 1708//1024 1709//1024
f 1708//1025 1710//1025 1709//1025
f 1709//1026 1710//1026 1711//1026
f 1709//1027 1711//1027 1712//1027
f 1711//1028 1713//1028 1712//1028
f 1712//1029 1713//1029 1714//1029
f 1712//1030 1714//1030 1715//1030
f 1715//1031 1714//1031 1716//1031
f 1715//1032 1716//1032 1717//1032
f 1716//1033 1718//1033 1717//1033
f 1717//1034 1718//1034 1719//1034
f 1717//1035 1719//1035 1720//1035
f 1719//1036 1721//1036 1720//1036
f 1720//1037 1721//1037 1722//1037
f 1720//1038 1722//1038 1723//1038
f 1723//1039 1722//1039 1724//1039
f 1723//1040 1724//1040 1725//1040
f 1724//1041 1726//1041 1725//1041
f 1725//1042 1726//1042 1727//1042
f 1725//1043 1727//1043 1728//1043
f 1727//1044 1729//1044 1728//1044
f 1728//1045 1729//1045 1730//1045
f 1728//1046 1730//1046 1731//1046
f 1730//1047 1732//1047 1731//1047
f 1731//1048 1732//1048 1733//1048
f 1731//1049 1733//1049 1734//1049
f 1734//1050 1733//1050 1735//1050
f 1734//1051 1735//1051 1736//1051
f 1735//1052 1737//1052 1736//1052
f 1736//1053 1737//1053 1738//1053
f 1736//1054 1738//1054 1739//1054
f 1738//1055 1740//1055 1739//1055
f 1739//1056 1740//1056 1741//1056
f 1739//1057 1741//1057 1742//1057
f 1742//1058 1741//1058 1743//1058
f 1742//1059 1743//1059 1744//1059
f 1743//1060 1745//1060 1744//1060
f 1744//1061 1745//1061 1746//1061
f 1744//1062 1746//1062 1747//1062
f 1746//1063 1748//1063 1747//1063
f 1747//1064 1748//1064 1749//1064
f 1747//1065 1749//1065 1750//1065
f 1750//1066 1749//1066 1751//1066
f 1750//1067 1751//1067 1752//1067
f 1751//1068 1753//1068 1752//1068
f 1752//1069 1753//1069 1754//1069
f 1752//1070 1754//1070 1755//1070
f 1754//1071 1756//1071 1755//1071
f 1755//1072 1756//1072 1757//1072
f 1755//1073 1757//1073 1758//1073
f 1758//1074 1757//1074 1759//1074
f 1758//1075 1759//1075 1760//1075
f 1759//1076 1761//1076 1760//1076
f 1760//1077 1761//1077 1762//1077
f 1760//1078 1762//1078 1763//1078
f 1762//1079 1764//1079 1763//1079
f 1763//1080 1764//1080 1765//1080
f 1763//1081 1765//1081 1766//1081
f 1766//1082 1765//1082 1767//1082
f 1766//1083 1767//1083 1768//1083
f 1767//1084 1769//1084 1768//1084
f 1768//1085 1769//1085 1770//1085
f 1768//1086 1770//1086 1771//1086
f 1770//1087 1772//1087 1771//1087
f 1771//1088 1772//1088 1773//1088
f 1771//1089 1773//1089 1774//1089
f 1773//1090 1775//1090 1774//1090
f 1774//1091 1775//1091 1776//1091
f 1774//1092 1776//1092 1777//1092
f 1777//1093 1776//1093 1778//1093
f 1777//1094 1778//1094 1669//1094
f 1669//1095 1778//1095 1779//1095
f 1669//1096 1779//1096 1667//1096
f 1777//1097 1780//1097 1774//1097
f 1774//1098 1780//1098 1781//1098
f 1774//1099 1781//1099 1771//1099
f 1771//1100 1781//1100 1782//1100
f 1771//1101 1782//1101 1768//1101
f 1768//1102 1782//1102 1783//1102
f 1768//1103 1783//1103 1766//1103
f 1766//1104 1783//1104 1784//1104
f 1766//1105 1784//1105 1763//1105
f 1763//1106 1784//1106 1785//1106
f 1763//1107 1785//1107 1760//1107
f 1760//1108 1785//1108 1786//1108
f 1760//1109 1786//1109 1758//1109
f 1758//1110 1786//1110 1787//1110
f 1758//1111 1787//1111 1755//1111
f 1755//1112 1787//1112 1788//1112
f 1755//1113 1788//1113 1752//1113
f 1752//1114 1788//1114 1789//1114
f 1752//1115 1789//1115 1750//1115
f 1750//1116 1789//1116 1790//1116
f 1750//1117 1790//1117 1747//1117
f 1747//1118 1790//1118 1791//1118
f 1747//1119 1791//1119 1744//1119
f 1744//1120 1791//1120 1792//1120
f 1744//1121 1792//1121 1742//1121
f 1742//1122 1792//1122 1793//1122
f 1742//1123 1793//1123 1739//1123
f 1739//1124 1793//1124 1794//1124
f 1739//1125 1794//1125 1736//1125
f 1736//1126 1794//1126 1795//1126
f 1736//1127 1795//1127 1734//1127
f 1734//1128 1795//1128 1796//1128
f 1734//1129 1796//1129 1731//1129
f 1731//1130 1796//1130 1797//1130
f 1731//1131 1797//1131 1728//1131
f 1728//1132 1797//1132 1798//1132
f 1728//1133 1798//1133 1725//1133
f 1725//1134 1798//1134 1799//1134
f 1725//1135 1799//1135 1723//1135
f 1723//1136 1799//1136 1800//1136
f 1723//1137 1800//1137 1720//1137
f 1720//1138 1800//1138 1801//1138
f 1720//1139 1801//1139 1717//1139
f 1717//1140 1801//1140 1802//1140
f 1717//1141 1802//1141 1715//1141
f 1715//1142 1802//1142 1803//1142
f 1715//1143 1803//1143 1712//1143
f 1712//1144 1803//1144 1804//1144
f 1712//1145 1804//1145 1709//1145
f 1709//1146 1804//1146 1805//1146
f 1709//1147 1805//1147 1707//1147
f 1707//1148 1805//1148 1806//1148
f 1707//1149 1806//1149 1704//1149
f 1704//1150 1806//1150 1807//1150
f 1704//1151 1807//1151 1701//1151
f 1701//1152 1807//1152 1808//1152
f 1701//1153 1808//1153 1699//1153
f 1699//1154 1808//1154 1809//1154
f 1699//1155 1809//1155 1696//1155
f 1696//1156 1809//1156 1810//1156
f 1696//1157 1810//1157 1693//1157
f 1693//1158 1810//1158 1811//1158
f 1693//1159 1811//1159 1690//1159
f 1690//1160 1811//1160 1812//1160
f 1690//1161 1812//1161 1688//1161
f 1688//1162 1812//1162 1813//1162
f 1688//1163 1813//1163 1685//1163
f 1685//1164 1813//1164 1814//1164
f 1685//1165 1814//1165 1682//1165
f 1682//1166 1814//1166 1815//1166
f 1682//1167 1815//1167 1680//1167
f 1680//1168 1815//1168 1816//1168
f 1680//1169 1816//1169 1677//1169
f 1677//1170 1816//1170 1817//1170
f 1677//1171 1817//1171 1674//1171
f 1674//1172 1817//1172 1818//1172
f 1674//1173 1818//1173 1672//1173
f 1672//1174 1818//1174 1819//1174
f 1672//1175 1819//1175 1668//1175
f 1668//1176 1819//1176 1820//1176
f 1668//1177 1820//1177 1669//1177
f 1669//1178 1820//1178 1821//1178
f 1669//1179 1821//1179 1777//1179
f 1777//1180 1821//1180 1780//1180
f 1821//1181 1573//1181 1780//1181
f 1780//1182 1573//1182 1567//1182
f 1780//1183 1567//1183 1781//1183
f 1781//1184 1567//1184 1569//1184
f 1781//1185 1569//1185 1782//1185
f 1782//1186 1569//1186 1822//1186
f 1782//1187 1822//1187 1783//1187
f 1783//1188 1822//1188 1823//1188
f 1783//1189 1823//1189 1784//1189
f 1784//1190 1823//1190 1824//1190
f 1784//1191 1824//1191 1785//1191
f 1785//1192 1824//1192 1825//1192
f 1785//1193 1825//1193 1786//1193
f 1786//1194 1825//1194 1538//1194
f 1786//1195 1538//1195 1787//1195
f 1787//1196 1538//1196 1540//1196
f 1787//1197 1540//1197 1788//1197
f 1788//1198 1540//1198 1536//1198
f 1788//1199 1536//1199 1789//1199
f 1789//1200 1536//1200 1535//1200
f 1789//1201 1535//1201 1790//1201
f 1790//1202 1535//1202 1537//1202
f 1790//1203 1537//1203 1791//1203
f 1791//1204 1537//1204 1666//1204
f 1791//1205 1666//1205 1792//1205
f 1792//1206 1666//1206 1826//1206
f 1792//1207 1826//1207 1793//1207
f 1793//1208 1826//1208 1827//1208
f 1793//1209 1827//1209 1794//1209
f 1794//1210 1827//1210 1828//1210
f 1794//1211 1828//1211 1795//1211
f 1795//1212 1828//1212 1829//1212
f 1795//1213 1829//1213 1796//1213
f 1796//1214 1829//1214 1830//1214
f 1796//1215 1830//1215 1797//1215
f 1797//1216 1830//1216 1639//1216
f 1797//1217 1639//1217 1798//1217
f 1798//1218 1639//1218 1635//1218
f 1798//1219 1635//1219 1799//1219
f 1799//1220 1635//1220 1637//1220
f 1799//1221 1637//1221 1800//1221
f 1800//1222 1637//1222 1638//1222
f 1800//1223 1638//1223 1801//1223
f 1801//1224 1638//1224 1632//1224
f 1801//1225 1632//1225 1802//1225
f 1802//1226 1632//1226 1634//1226
f 1802//1227 1634//1227 1803//1227
f 1803//1228 1634//1228 1831//1228
f 1803//1229 1831//1229 1804//1229
f 1804//1230 1831//1230 1832//1230
f 1804//1231 1832//1231 1805//1231
f 1805//1232 1832//1232 1833//1232
f 1805//1233 1833//1233 1806//1233
f 1806//1234 1833//1234 1834//1234
f 1806//1235 1834//1235 1807//1235
f 1807//1236 1834//1236 1603//1236
f 1807//1237 1603//1237 1808//1237
f 1808//1238 1603//1238 1605//1238
f 1808//1239 1605//1239 1809//1239
f 1809//1240 1605//1240 1533//1240
f 1809//1241 1533//1241 1810//1241
f 1810//1242 1533//1242 1532//1242
f 1810//1243 1532//1243 1811//1243
f 1811//1244 1532//1244 1601//1244
f 1811//1245 1601//1245 1812//1245
f 1812//1246 1601//1246 1600//1246
f 1812//1247 1600//1247 1813//1247
f 1813//1248 1600//1248 1835//1248
f 1813//1249 1835//1249 1814//1249
f 1814//1250 1835//1250 1836//1250
f 1814//1251 1836//1251 1815//1251
f 1815//1252 1836//1252 1837//1252
f 1815//1253 1837//1253 1816//1253
f 1816//1254 1837//1254 1838//1254
f 1816//1255 1838//1255 1817//1255
f 1817//1256 1838//1256 1839//1256
f 1817//1257 1839//1257 1818//1257
f 1818//1258 1839//1258 1574//1258
f 1818//1259 1574//1259 1819//1259
f 1819//1260 1574//1260 1570//1260
f 1819//1261 1570//1261 1820//1261
f 1820//1262 1570//1262 1572//1262
f 1820//1263 1572//1263 1821//1263
f 1821//1264 1572//1264 1573//1264
f 1597//1265 1590//1265 1600//1265
f 1600//1266 1590//1266 1592//1266
f 1600//1267 1592//1267 1835//1267
f 1835//1268 1592//1268 1588//1268
f 1835//1269 1588//1269 1836//1269
f 1836//1270 1588//1270 1585//1270
f 1836//1271 1585//1271 1837//1271
f 1837//1272 1585//1272 1582//1272
f 1837//1273 1582//1273 1838//1273
f 1838//1274 1582//1274 1579//1274
f 1838//1275 1579//1275 1839//1275
f 1839//1276 1579//1276 1580//1276
f 1839//1277 1580//1277 1574//1277
f 1574//1278 1580//1278 1840//1278
f 1574//1279 1840//1279 1575//1279
f 1625//1280 1627//1280 1634//1280
f 1634//1281 1627//1281 1622//1281
f 1634//1282 1622//1282 1831//1282
f 1831//1283 1622//1283 1620//1283
f 1831//1284 1620//1284 1832//1284
f 1832//1285 1620//1285 1617//1285
f 1832//1286 1617//1286 1833//1286
f 1833//1287 1617//1287 1613//1287
f 1833//1288 1613//1288 1834//1288
f 1834//1289 1613//1289 1608//1289
f 1834//1290 1608//1290 1603//1290
f 1603//1291 1608//1291 1610//1291
f 1603//1292 1610//1292 1604//1292
f 1662//1293 1655//1293 1666//1293
f 1666//1294 1655//1294 1657//1294
f 1666//1295 1657//1295 1826//1295
f 1826//1296 1657//1296 1653//1296
f 1826//1297 1653//1297 1827//1297
f 1827//1298 1653//1298 1650//1298
f 1827//1299 1650//1299 1828//1299
f 1828//1300 1650//1300 1647//1300
f 1828//1301 1647//1301 1829//1301
f 1829//1302 1647//1302 1644//1302
f 1829//1303 1644//1303 1830//1303
f 1830//1304 1644//1304 1645//1304
f 1830//1305 1645//1305 1639//1305
f 1639//1306 1645//1306 1841//1306
f 1639//1307 1841//1307 1640//1307
f 1560//1308 1562//1308 1569//1308
f 1569//1309 1562//1309 1557//1309
f 1569//1310 1557//1310 1822//1310
f 1822//1311 1557//1311 1555//1311
f 1822//1312 1555//1312 1823//1312
f 1823//1313 1555//1313 1552//1313
f 1823//1314 1552//1314 1824//1314
f 1824//1315 1552//1315 1548//1315
f 1824//1316 1548//1316 1825//1316
f 1825//1317 1548//1317 1543//1317
f 1825//1318 1543//1318 1538//1318
f 1538//1319 1543//1319 1545//1319
f 1538//1320 1545//1320 1539//1320
f 1842//1321 1843//1321 1844//1321
f 1844//1321 1843//1321 1845//1321
f 1844//1321 1845//1321 1846//1321
f 1847//1321 1848//1321 1844//1321
f 1844//1321 1848//1321 1849//1321
f 1844//1321 1849//1321 1842//1321
f 1850//1321 1851//1321 1844//1321
f 1844//1321 1851//1321 1852//1321
f 1844//1321 1852//1321 1847//1321
f 1853//1321 1854//1321 1844//1321
f 1844//1321 1854//1321 1855//1321
f 1844//1321 1855//1321 1850//1321
f 1856//1321 1857//1321 1844//1321
f 1844//1321 1857//1321 1858//1321
f 1844//1321 1858//1321 1853//1321
f 1859//1321 1860//1321 1844//1321
f 1844//1321 1860//1321 1861//1321
f 1844//1321 1861//1321 1856//1321
f 1846//1321 1862//1321 1844//1321
f 1844//1321 1862//1321 1863//1321
f 1844//1321 1863//1321 1859//1321
f 1845//1322 1864//1322 1846//1322
f 1846//1323 1864//1323 1865//1323
f 1846//1324 1865//1324 1862//1324
f 1862//1325 1865//1325 1866//1325
f 1862//1326 1866//1326 1863//1326
f 1863//1327 1866//1327 1867//1327
f 1863//1328 1867//1328 1859//1328
f 1859//1329 1867//1329 1868//1329
f 1859//1330 1868//1330 1860//1330
f 1860//1331 1868//1331 1869//1331
f 1860//1332 1869//1332 1861//1332
f 1861//1333 1869//1333 1870//1333
f 1861//1334 1870//1334 1856//1334
f 1856//1335 1870//1335 1871//1335
f 1856//1336 1871//1336 1857//1336
f 1857//1337 1871//1337 1872//1337
f 1857//1338 1872//1338 1858//1338
f 1858//1339 1872//1339 1873//1339
f 1858//1340 1873//1340 1853//1340
f 1853//1341 1873//1341 1874//1341
f 1853//1342 1874//1342 1854//1342
f 1854//1343 1874//1343 1875//1343
f 1854//1344 1875//1344 1855//1344
f 1855//1345 1875//1345 1876//1345
f 1855//1346 1876//1346 1850//1346
f 1850//1347 1876//1347 1877//1347
f 1850//1348 1877//1348 1851//1348
f 1851//1349 1877//1349 1878//1349
f 1851//1350 1878//1350 1852//1350
f 1852//1351 1878//1351 1879//1351
f 1852//1352 1879//1352 1847//1352
f 1847//1353 1879//1353 1880//1353
f 1847//1354 1880//1354 1848//1354
f 1848//1355 1880//1355 1881//1355
f 1848//1356 1881//1356 1849//1356
f 1849//1357 1881//1357 1882//1357
f 1849//1358 1882//1358 1842//1358
f 1842//1359 1882//1359 1883//1359
f 1842//1360 1883//1360 1843//1360
f 1843//1361 1883//1361 1884//1361
f 1843//1362 1884//1362 1845//1362
f 1845//1363 1884//1363 1864//1363
f 1882//1321 1885//1321 1883//1321
f 1883//1321 1885//1321 1886//1321
f 1883//1321 1886//1321 1884//1321
f 1884//1321 1886//1321 1887//1321
f 1884//1321 1887//1321 1864//1321
f 1880//1321 1888//1321 1881//1321
f 1881//1321 1888//1321 1889//1321
f 1881//1321 1889//1321 1882//1321
f 1882//1321 1889//1321 1890//1321
f 1882//1321 1890//1321 1885//1321
f 1877//1321 1891//1321 1878//1321
f 1878//1321 1891//1321 1892//1321
f 1878//1321 1892//1321 1879//1321
f 1879//1321 1892//1321 1893//1321
f 1879//1321 1893//1321 1880//1321
f 1880//1321 1893//1321 1894//1321
f 1880//1321 1894//1321 1888//1321
f 1869//1321 1895//1321 1870//1321
f 1870//1321 1895//1321 1896//1321
f 1870//1321 1896//1321 1871//1321
f 1871//1321 1896//1321 1897//1321
f 1871//1321 1897//1321 1872//1321
f 1874//1321 1898//1321 1875//1321
f 1875//1321 1898//1321 1899//1321
f 1875//1321 1899//1321 1876//1321
f 1876//1321 1899//1321 1900//1321
f 1876//1321 1900//1321 1877//1321
f 1877//1321 1900//1321 1901//1321
f 1877//1321 1901//1321 1891//1321
f 1897//1321 1902//1321 1872//1321
f 1872//1321 1902//1321 1903//1321
f 1872//1321 1903//1321 1873//1321
f 1873//1321 1903//1321 1904//1321
f 1873//1321 1904//1321 1874//1321
f 1874//1321 1904//1321 1905//1321
f 1874//1321 1905//1321 1898//1321
f 1866//1321 1906//1321 1867//1321
f 1867//1321 1906//1321 1907//1321
f 1867//1321 1907//1321 1868//1321
f 1868//1321 1907//1321 1908//1321
f 1868//1321 1908//1321 1869//1321
f 1869//1321 1908//1321 1909//1321
f 1869//1321 1909//1321 1895//1321
f 1887//1321 1910//1321 1864//1321
f 1864//1321 1910//1321 1911//1321
f 1864//1321 1911//1321 1865//1321
f 1865//1321 1911//1321 1912//1321
f 1865//1321 1912//1321 1866//1321
f 1866//1321 1912//1321 1913//1321
f 1866//1321 1913//1321 1906//1321
f 1695//1364 1694//1364 1886//1364
f 1886//1365 1694//1365 1887//1365
f 1695//1366 1886//1366 1697//1366
f 1697//1367 1886//1367 1885//1367
f 1697//1368 1885//1368 1698//1368
f 1890//1369 1702//1369 1885//1369
f 1885//1370 1702//1370 1700//1370
f 1885//1371 1700//1371 1698//1371
f 1708//1372 1706//1372 1889//1372
f 1889//1373 1706//1373 1705//1373
f 1889//1374 1705//1374 1890//1374
f 1890//1375 1705//1375 1703//1375
f 1890//1376 1703//1376 1702//1376
f 1708//1377 1889//1377 1710//1377
f 1710//1378 1889//1378 1888//1378
f 1710//1379 1888//1379 1711//1379
f 1711//1380 1888//1380 1713//1380
f 1713//1381 1888//1381 1894//1381
f 1713//1382 1894//1382 1714//1382
f 1893//1383 1718//1383 1894//1383
f 1894//1384 1718//1384 1716//1384
f 1894//1385 1716//1385 1714//1385
f 1724//1386 1722//1386 1892//1386
f 1892//1387 1722//1387 1721//1387
f 1892//1388 1721//1388 1893//1388
f 1893//1389 1721//1389 1719//1389
f 1893//1390 1719//1390 1718//1390
f 1724//1391 1892//1391 1726//1391
f 1726//1392 1892//1392 1891//1392
f 1726//1393 1891//1393 1727//1393
f 1727//1394 1891//1394 1729//1394
f 1729//1395 1891//1395 1901//1395
f 1729//1396 1901//1396 1730//1396
f 1730//1397 1901//1397 1732//1397
f 1732//1398 1901//1398 1900//1398
f 1732//1399 1900//1399 1733//1399
f 1899//1400 1737//1400 1900//1400
f 1900//1401 1737//1401 1735//1401
f 1900//1402 1735//1402 1733//1402
f 1743//1403 1741//1403 1898//1403
f 1898//1404 1741//1404 1740//1404
f 1898//1405 1740//1405 1899//1405
f 1899//1406 1740//1406 1738//1406
f 1899//1407 1738//1407 1737//1407
f 1743//1408 1898//1408 1745//1408
f 1745//1409 1898//1409 1905//1409
f 1745//1410 1905//1410 1746//1410
f 1746//1411 1905//1411 1748//1411
f 1748//1412 1905//1412 1904//1412
f 1748//1413 1904//1413 1749//1413
f 1903//1414 1753//1414 1904//1414
f 1904//1415 1753//1415 1751//1415
f 1904//1416 1751//1416 1749//1416
f 1759//1417 1757//1417 1902//1417
f 1902//1418 1757//1418 1756//1418
f 1902//1419 1756//1419 1903//1419
f 1903//1420 1756//1420 1754//1420
f 1903//1421 1754//1421 1753//1421
f 1759//1422 1902//1422 1761//1422
f 1761//1423 1902//1423 1897//1423
f 1761//1424 1897//1424 1762//1424
f 1762//1425 1897//1425 1764//1425
f 1764//1426 1897//1426 1896//1426
f 1764//1427 1896//1427 1765//1427
f 1895//1428 1769//1428 1896//1428
f 1896//1429 1769//1429 1767//1429
f 1896//1430 1767//1430 1765//1430
f 1909//1431 1772//1431 1895//1431
f 1895//1432 1772//1432 1770//1432
f 1895//1433 1770//1433 1769//1433
f 1778//1434 1776//1434 1908//1434
f 1908//1435 1776//1435 1775//1435
f 1908//1436 1775//1436 1909//1436
f 1909//1437 1775//1437 1773//1437
f 1909//1438 1773//1438 1772//1438
f 1778//1439 1908//1439 1779//1439
f 1779//1440 1908//1440 1907//1440
f 1779//1441 1907//1441 1667//1441
f 1667//1442 1907//1442 1670//1442
f 1670//1443 1907//1443 1906//1443
f 1670//1444 1906//1444 1671//1444
f 1913//1445 1675//1445 1906//1445
f 1906//1446 1675//1446 1673//1446
f 1906//1447 1673//1447 1671//1447
f 1681//1448 1679//1448 1912//1448
f 1912//1449 1679//1449 1678//1449
f 1912//1450 1678//1450 1913//1450
f 1913//1451 1678//1451 1676//1451
f 1913//1452 1676//1452 1675//1452
f 1681//1453 1912//1453 1683//1453
f 1683//1454 1912//1454 1911//1454
f 1683//1455 1911//1455 1684//1455
f 1684//1456 1911//1456 1686//1456
f 1686//1457 1911//1457 1910//1457
f 1686//1458 1910//1458 1687//1458
f 1694//1459 1692//1459 1887//1459
f 1887//1460 1692//1460 1691//1460
f 1887//1461 1691//1461 1910//1461
f 1910//1462 1691//1462 1689//1462
f 1910//1463 1689//1463 1687//1463
f 1550//1464 1549//1464 1914//1464
f 1914//1464 1541//1464 1539//1464
f 1539//1464 1545//1464 1914//1464
f 1914//1464 1545//1464 1544//1464
f 1914//1464 1544//1464 1550//1464
f 1542//1465 1541//1465 1914//1465
f 1915//1465 1665//1465 1534//1465
f 1534//1465 1542//1465 1915//1465
f 1915//1465 1542//1465 1914//1465
f 1915//1465 1914//1465 1916//1465
f 1916//1465 1914//1465 1917//1465
f 1664//1466 1915//1466 1656//1466
f 1656//1466 1915//1466 1658//1466
f 1664//1466 1663//1466 1915//1466
f 1915//1466 1663//1466 1662//1466
f 1915//1466 1662//1466 1665//1466
f 1918//1467 1640//1467 1841//1467
f 1841//1467 1645//1467 1918//1467
f 1918//1467 1645//1467 1643//1467
f 1919//1468 1920//1468 1918//1468
f 1918//1468 1920//1468 1921//1468
f 1631//1468 1630//1468 1921//1468
f 1921//1468 1630//1468 1636//1468
f 1921//1468 1636//1468 1918//1468
f 1918//1468 1636//1468 1641//1468
f 1918//1468 1641//1468 1640//1468
f 1921//1469 1626//1469 1625//1469
f 1921//1469 1625//1469 1633//1469
f 1921//1469 1633//1469 1631//1469
f 1615//1470 1614//1470 1922//1470
f 1922//1470 1606//1470 1604//1470
f 1604//1470 1610//1470 1922//1470
f 1922//1470 1610//1470 1609//1470
f 1922//1470 1609//1470 1615//1470
f 1607//1471 1606//1471 1922//1471
f 1923//1471 1602//1471 1531//1471
f 1531//1471 1607//1471 1923//1471
f 1923//1471 1607//1471 1922//1471
f 1923//1471 1922//1471 1924//1471
f 1924//1471 1922//1471 1925//1471
f 1599//1472 1923//1472 1591//1472
f 1591//1472 1923//1472 1593//1472
f 1599//1472 1598//1472 1923//1472
f 1923//1472 1598//1472 1597//1472
f 1923//1472 1597//1472 1602//1472
f 1580//1469 1578//1469 1926//1469
f 1575//1469 1840//1469 1926//1469
f 1926//1469 1840//1469 1580//1469
f 1927//1473 1928//1473 1926//1473
f 1926//1473 1928//1473 1929//1473
f 1566//1473 1565//1473 1929//1473
f 1929//1473 1565//1473 1571//1473
f 1929//1473 1571//1473 1926//1473
f 1926//1473 1571//1473 1576//1473
f 1926//1473 1576//1473 1575//1473
f 1929//1474 1561//1474 1560//1474
f 1929//1474 1560//1474 1568//1474
f 1929//1474 1568//1474 1566//1474
f 1928//1475 1927//1475 1930//1475
f 1930//1475 1927//1475 1931//1475
f 1930//1475 1931//1475 1932//1475
f 1920//1475 1919//1475 1933//1475
f 1933//1475 1919//1475 1934//1475
f 1934//1475 1935//1475 1933//1475
f 1933//1475 1935//1475 1916//1475
f 1933//1475 1916//1475 1936//1475
f 1924//1475 1925//1475 1937//1475
f 1937//1475 1925//1475 1936//1475
f 1937//1475 1936//1475 1931//1475
f 1931//1475 1936//1475 1916//1475
f 1931//1475 1916//1475 1932//1475
f 1932//1475 1916//1475 1917//1475
f 1648//1476 1649//1476 1934//1476
f 1935//1477 1660//1477 1659//1477
f 1659//1478 1658//1478 1935//1478
f 1935//1479 1658//1479 1915//1479
f 1935//1480 1915//1480 1916//1480
f 1652//1481 1654//1481 1935//1481
f 1935//1482 1654//1482 1661//1482
f 1935//1483 1661//1483 1660//1483
f 1934//1484 1649//1484 1935//1484
f 1935//1485 1649//1485 1651//1485
f 1935//1486 1651//1486 1652//1486
f 1918//1487 1643//1487 1642//1487
f 1934//1488 1919//1488 1918//1488
f 1918//1489 1642//1489 1934//1489
f 1934//1490 1642//1490 1646//1490
f 1934//1491 1646//1491 1648//1491
f 1628//1492 1933//1492 1629//1492
f 1629//1493 1933//1493 1623//1493
f 1628//1494 1626//1494 1933//1494
f 1933//1495 1626//1495 1921//1495
f 1933//1496 1921//1496 1920//1496
f 1611//1497 1616//1497 1936//1497
f 1936//1498 1616//1498 1618//1498
f 1618//1499 1619//1499 1936//1499
f 1936//1500 1619//1500 1621//1500
f 1936//1501 1621//1501 1933//1501
f 1933//1502 1621//1502 1624//1502
f 1933//1503 1624//1503 1623//1503
f 1936//1504 1925//1504 1922//1504
f 1611//1505 1936//1505 1612//1505
f 1612//1506 1936//1506 1922//1506
f 1612//1507 1922//1507 1614//1507
f 1563//1508 1930//1508 1564//1508
f 1564//1509 1930//1509 1558//1509
f 1563//1510 1561//1510 1930//1510
f 1930//1511 1561//1511 1929//1511
f 1930//1512 1929//1512 1928//1512
f 1546//1513 1551//1513 1932//1513
f 1932//1514 1551//1514 1553//1514
f 1553//1515 1554//1515 1932//1515
f 1932//1516 1554//1516 1556//1516
f 1932//1517 1556//1517 1930//1517
f 1930//1518 1556//1518 1559//1518
f 1930//1519 1559//1519 1558//1519
f 1932//1520 1917//1520 1914//1520
f 1546//1521 1932//1521 1547//1521
f 1547//1522 1932//1522 1914//1522
f 1547//1523 1914//1523 1549//1523
f 1583//1524 1584//1524 1931//1524
f 1937//1525 1595//1525 1594//1525
f 1594//1526 1593//1526 1937//1526
f 1937//1527 1593//1527 1923//1527
f 1937//1528 1923//1528 1924//1528
f 1587//1529 1589//1529 1937//1529
f 1937//1530 1589//1530 1596//1530
f 1937//1531 1596//1531 1595//1531
f 1931//1532 1584//1532 1937//1532
f 1937//1533 1584//1533 1586//1533
f 1937//1534 1586//1534 1587//1534
f 1926//1535 1578//1535 1577//1535
f 1931//1536 1927//1536 1926//1536
f 1926//1537 1577//1537 1931//1537
f 1931//1538 1577//1538 1581//1538
f 1931//1539 1581//1539 1583//1539
f 1938//1540 1939//1540 1940//1540
f 1940//1540 1939//1540 1941//1540
f 1940//1540 1941//1540 1942//1540
f 1942//1540 1941//1540 1943//1540
f 1942//1540 1943//1540 1944//1540
f 1944//1540 1943//1540 1945//1540
f 1944//1540 1945//1540 1946//1540
f 1946//1540 1945//1540 1947//1540
f 1946//1540 1947//1540 1948//1540
f 1948//1540 1947//1540 1949//1540
f 1948//1540 1949//1540 1950//1540
f 1950//1540 1949//1540 1951//1540
f 1950//1540 1951//1540 1952//1540
f 1952//1540 1951//1540 1953//1540
f 1952//1540 1953//1540 1954//1540
f 1955//1540 1956//1540 1957//1540
f 1957//1540 1956//1540 1958//1540
f 1957//1540 1958//1540 1959//1540
f 1959//1540 1958//1540 1960//1540
f 1959//1540 1960//1540 1961//1540
f 1961//1540 1960//1540 1962//1540
f 1961//1540 1962//1540 1963//1540
f 1963//1540 1962//1540 1964//1540
f 1963//1540 1964//1540 1965//1540
f 1965//1540 1964//1540 1966//1540
f 1965//1540 1966//1540 1967//1540
f 1967//1540 1966//1540 1968//1540
f 1967//1540 1968//1540 1969//1540
f 1969//1540 1968//1540 1970//1540
f 1969//1540 1970//1540 1938//1540
f 1938//1540 1970//1540 1971//1540
f 1938//1540 1971//1540 1939//1540
f 1953//1540 1972//1540 1954//1540
f 1954//1540 1972//1540 1973//1540
f 1954//1540 1973//1540 1974//1540
f 1974//1540 1973//1540 1975//1540
f 1974//1540 1975//1540 1976//1540
f 1976//1540 1975//1540 1977//1540
f 1976//1540 1977//1540 1978//1540
f 1978//1540 1977//1540 1979//1540
f 1978//1540 1979//1540 1980//1540
f 1980//1540 1979//1540 1981//1540
f 1980//1540 1981//1540 1982//1540
f 1982//1540 1981//1540 1983//1540
f 1982//1540 1983//1540 1984//1540
f 1984//1540 1983//1540 1985//1540
f 1984//1540 1985//1540 1986//1540
f 1986//1540 1985//1540 1987//1540
f 1986//1540 1987//1540 1988//1540
f 1988//1540 1987//1540 1989//1540
f 1988//1540 1989//1540 1955//1540
f 1955//1540 1989//1540 1990//1540
f 1955//1540 1990//1540 1956//1540
f 1973//1541 1991//1541 1975//1541
f 1975//1542 1991//1542 1992//1542
f 1975//1543 1992//1543 1977//1543
f 1977//1544 1992//1544 1993//1544
f 1977//1545 1993//1545 1979//1545
f 1979//1546 1993//1546 1994//1546
f 1979//1547 1994//1547 1981//1547
f 1981//1548 1994//1548 1995//1548
f 1981//1549 1995//1549 1983//1549
f 1983//1550 1995//1550 1996//1550
f 1983//1551 1996//1551 1985//1551
f 1985//1552 1996//1552 1997//1552
f 1985//1553 1997//1553 1987//1553
f 1987//1554 1997//1554 1998//1554
f 1987//1555 1998//1555 1989//1555
f 1989//1556 1998//1556 1999//1556
f 1989//1557 1999//1557 1990//1557
f 1990//1558 1999//1558 2000//1558
f 1990//1559 2000//1559 1956//1559
f 1956//1560 2000//1560 2001//1560
f 1956//1561 2001//1561 1958//1561
f 1958//1562 2001//1562 2002//1562
f 1958//1563 2002//1563 1960//1563
f 1960//1564 2002//1564 2003//1564
f 1960//1565 2003//1565 1962//1565
f 1962//1566 2003//1566 2004//1566
f 1962//1567 2004//1567 1964//1567
f 1964//1568 2004//1568 2005//1568
f 1964//1569 2005//1569 1966//1569
f 1966//1570 2005//1570 2006//1570
f 1966//1571 2006//1571 1968//1571
f 1968//1572 2006//1572 2007//1572
f 1968//1573 2007//1573 1970//1573
f 1970//1574 2007//1574 2008//1574
f 1970//1575 2008//1575 1971//1575
f 1971//1576 2008//1576 2009//1576
f 1971//1577 2009//1577 1939//1577
f 1939//1578 2009//1578 2010//1578
f 1939//1579 2010//1579 1941//1579
f 1941//1580 2010//1580 2011//1580
f 1941//1581 2011//1581 1943//1581
f 1943//1582 2011//1582 2012//1582
f 1943//1583 2012//1583 1945//1583
f 1945//1584 2012//1584 2013//1584
f 1945//1585 2013//1585 1947//1585
f 1947//1586 2013//1586 2014//1586
f 1947//1587 2014//1587 1949//1587
f 1949//1588 2014//1588 2015//1588
f 1949//1589 2015//1589 1951//1589
f 1951//1590 2015//1590 2016//1590
f 1951//1591 2016//1591 1953//1591
f 1953//1592 2016//1592 2017//1592
f 1953//1593 2017//1593 1972//1593
f 1972//1594 2017//1594 2018//1594
f 1972//1595 2018//1595 1973//1595
f 1973//1596 2018//1596 1991//1596
f 1963//1597 2019//1597 1961//1597
f 1961//1598 2019//1598 2020//1598
f 1961//1599 2020//1599 1959//1599
f 1959//1600 2020//1600 2021//1600
f 1959//1601 2021//1601 1957//1601
f 1957//1602 2021//1602 2022//1602
f 1957//1603 2022//1603 1955//1603
f 1955//1604 2022//1604 2023//1604
f 1955//1605 2023//1605 1988//1605
f 1988//1606 2023//1606 2024//1606
f 1988//1607 2024//1607 1986//1607
f 1986//1608 2024//1608 2025//1608
f 1986//1609 2025//1609 1984//1609
f 1984//1610 2025//1610 2026//1610
f 1984//1611 2026//1611 1982//1611
f 1982//1612 2026//1612 2027//1612
f 1982//1613 2027//1613 1980//1613
f 1980//1614 2027//1614 2028//1614
f 1980//1615 2028//1615 1978//1615
f 1978//1616 2028//1616 2029//1616
f 1978//1617 2029//1617 1976//1617
f 1976//1618 2029//1618 2030//1618
f 1976//1619 2030//1619 1974//1619
f 1974//1620 2030//1620 2031//1620
f 1974//1621 2031//1621 1954//1621
f 1954//1622 2031//1622 2032//1622
f 1954//1623 2032//1623 1952//1623
f 1952//1624 2032//1624 2033//1624
f 1952//1625 2033//1625 1950//1625
f 1950//1626 2033//1626 2034//1626
f 1950//1627 2034//1627 1948//1627
f 1948//1628 2034//1628 2035//1628
f 1948//1629 2035//1629 1946//1629
f 1946//1630 2035//1630 2036//1630
f 1946//1631 2036//1631 1944//1631
f 1944//1632 2036//1632 2037//1632
f 1944//1633 2037//1633 1942//1633
f 1942//1634 2037//1634 2038//1634
f 1942//1635 2038//1635 1940//1635
f 1940//1636 2038//1636 2039//1636
f 1940//1637 2039//1637 1938//1637
f 1938//1638 2039//1638 2040//1638
f 1938//1639 2040//1639 1969//1639
f 1969//1640 2040//1640 2041//1640
f 1969//1641 2041//1641 1967//1641
f 1967//1642 2041//1642 2042//1642
f 1967//1643 2042//1643 1965//1643
f 1965//1644 2042//1644 2043//1644
f 1965//1645 2043//1645 1963//1645
f 1963//1646 2043//1646 2019//1646
f 2015//1540 2044//1540 2016//1540
f 2016//1540 2044//1540 2045//1540
f 2016//1540 2045//1540 2017//1540
f 2017//1540 2045//1540 2046//1540
f 2017//1540 2046//1540 2018//1540
f 2018//1540 2046//1540 2047//1540
f 2018//1540 2047//1540 1991//1540
f 1991//1540 2047//1540 2048//1540
f 1991//1540 2048//1540 1992//1540
f 2009//1540 2049//1540 2010//1540
f 2010//1540 2049//1540 2050//1540
f 2010//1540 2050//1540 2011//1540
f 2011//1540 2050//1540 2051//1540
f 2011//1540 2051//1540 2012//1540
f 2012//1540 2051//1540 2052//1540
f 2012//1540 2052//1540 2013//1540
f 2013//1540 2052//1540 2053//1540
f 2013//1540 2053//1540 2014//1540
f 2014//1540 2053//1540 2054//1540
f 2014//1540 2054//1540 2015//1540
f 2015//1540 2054//1540 2055//1540
f 2015//1540 2055//1540 2044//1540
f 2048//1540 2056//1540 1992//1540
f 1992//1540 2056//1540 2057//1540
f 1992//1540 2057//1540 1993//1540
f 1993//1540 2057//1540 2058//1540
f 1993//1540 2058//1540 1994//1540
f 1994//1540 2058//1540 2059//1540
f 1994//1540 2059//1540 1995//1540
f 1995//1540 2059//1540 2060//1540
f 1995//1540 2060//1540 1996//1540
f 1996//1540 2060//1540 2061//1540
f 1996//1540 2061//1540 1997//1540
f 1997//1540 2061//1540 2062//1540
f 1997//1540 2062//1540 1998//1540
f 2003//1540 2063//1540 2004//1540
f 2004//1540 2063//1540 2064//1540
f 2004//1540 2064//1540 2005//1540
f 2005//1540 2064//1540 2065//1540
f 2005//1540 2065//1540 2006//1540
f 2006//1540 2065//1540 2066//1540
f 2006//1540 2066//1540 2007//1540
f 2007//1540 2066//1540 2067//1540
f 2007//1540 2067//1540 2008//1540
f 2008//1540 2067//1540 2068//1540
f 2008//1540 2068//1540 2009//1540
f 2009//1540 2068//1540 2069//1540
f 2009//1540 2069//1540 2049//1540
f 2062//1540 2070//1540 1998//1540
f 1998//1540 2070//1540 2071//1540
f 1998//1540 2071//1540 1999//1540
f 1999//1540 2071//1540 2072//1540
f 1999//1540 2072//1540 2000//1540
f 2000//1540 2072//1540 2073//1540
f 2000//1540 2073//1540 2001//1540
f 2001//1540 2073//1540 2074//1540
f 2001//1540 2074//1540 2002//1540
f 2002//1540 2074//1540 2075//1540
f 2002//1540 2075//1540 2003//1540
f 2003//1540 2075//1540 2076//1540
f 2003//1540 2076//1540 2063//1540
f 2032//1647 2077//1647 2033//1647
f 2033//1647 2077//1647 2078//1647
f 2033//1647 2078//1647 2034//1647
f 2034//1647 2078//1647 2079//1647
f 2034//1647 2079//1647 2035//1647
f 2035//1647 2079//1647 2080//1647
f 2035//1647 2080//1647 2036//1647
f 2036//1647 2080//1647 2081//1647
f 2036//1647 2081//1647 2037//1647
f 2037//1647 2081//1647 2082//1647
f 2037//1647 2082//1647 2038//1647
f 2038//1647 2082//1647 2083//1647
f 2038//1647 2083//1647 2039//1647
f 2039//1647 2083//1647 2084//1647
f 2039//1647 2084//1647 2040//1647
f 2023//1647 2085//1647 2024//1647
f 2024//1647 2085//1647 2086//1647
f 2024//1647 2086//1647 2025//1647
f 2025//1647 2086//1647 2087//1647
f 2025//1647 2087//1647 2026//1647
f 2026//1647 2087//1647 2088//1647
f 2026//1647 2088//1647 2027//1647
f 2027//1647 2088//1647 2089//1647
f 2027//1647 2089//1647 2028//1647
f 2028//1647 2089//1647 2090//1647
f 2028//1647 2090//1647 2029//1647
f 2029//1647 2090//1647 2091//1647
f 2029//1647 2091//1647 2030//1647
f 2030//1647 2091//1647 2092//1647
f 2030//1647 2092//1647 2031//1647
f 2031//1647 2092//1647 2093//1647
f 2031//1647 2093//1647 2032//1647
f 2032//1647 2093//1647 2094//1647
f 2032//1647 2094//1647 2077//1647
f 2084//1647 2095//1647 2040//1647
f 2040//1647 2095//1647 2096//1647
f 2040//1647 2096//1647 2041//1647
f 2041//1647 2096//1647 2097//1647
f 2041//1647 2097//1647 2042//1647
f 2042//1647 2097//1647 2098//1647
f 2042//1647 2098//1647 2043//1647
f 2043//1647 2098//1647 2099//1647
f 2043//1647 2099//1647 2019//1647
f 2019//1647 2099//1647 2100//1647
f 2019//1647 2100//1647 2020//1647
f 2020//1647 2100//1647 2101//1647
f 2020//1647 2101//1647 2021//1647
f 2021//1647 2101//1647 2102//1647
f 2021//1647 2102//1647 2022//1647
f 2022//1647 2102//1647 2103//1647
f 2022//1647 2103//1647 2023//1647
f 2023//1647 2103//1647 2104//1647
f 2023//1647 2104//1647 2085//1647
f 2047//1648 2105//1648 2048//1648
f 2048//1649 2105//1649 2106//1649
f 2048//1650 2106//1650 2056//1650
f 2056//1651 2106//1651 2107//1651
f 2056//1652 2107//1652 2057//1652
f 2057//1653 2107//1653 2108//1653
f 2057//1654 2108//1654 2058//1654
f 2058//1655 2108//1655 2109//1655
f 2058//1656 2109//1656 2059//1656
f 2059//1657 2109//1657 2110//1657
f 2059//1658 2110//1658 2060//1658
f 2060//1659 2110//1659 2111//1659
f 2060//1660 2111//1660 2061//1660
f 2061//1661 2111//1661 2112//1661
f 2061//1662 2112//1662 2062//1662
f 2062//1663 2112//1663 2113//1663
f 2062//1664 2113//1664 2070//1664
f 2070//1665 2113//1665 2114//1665
f 2070//1666 2114//1666 2071//1666
f 2071//1667 2114//1667 2115//1667
f 2071//1668 2115//1668 2072//1668
f 2072//1669 2115//1669 2116//1669
f 2072//1670 2116//1670 2073//1670
f 2073//1671 2116//1671 2117//1671
f 2073//1672 2117//1672 2074//1672
f 2074//1673 2117//1673 2118//1673
f 2074//1674 2118//1674 2075//1674
f 2075//1675 2118//1675 2119//1675
f 2075//1676 2119//1676 2076//1676
f 2076//1677 2119//1677 2120//1677
f 2076//1678 2120//1678 2063//1678
f 2063//1679 2120//1679 2121//1679
f 2063//1680 2121//1680 2064//1680
f 2064//1681 2121//1681 2122//1681
f 2064//1682 2122//1682 2065//1682
f 2065//1683 2122//1683 2123//1683
f 2065//1684 2123//1684 2066//1684
f 2066//1685 2123//1685 2124//1685
f 2066//1686 2124//1686 2067//1686
f 2067//1687 2124//1687 2125//1687
f 2067//1688 2125//1688 2068//1688
f 2068//1689 2125//1689 2126//1689
f 2068//1690 2126//1690 2069//1690
f 2069//1691 2126//1691 2127//1691
f 2069//1692 2127//1692 2049//1692
f 2049//1693 2127//1693 2128//1693
f 2049//1694 2128//1694 2050//1694
f 2050//1695 2128//1695 2129//1695
f 2050//1696 2129//1696 2051//1696
f 2051//1697 2129//1697 2130//1697
f 2051//1698 2130//1698 2052//1698
f 2052//1699 2130//1699 2131//1699
f 2052//1700 2131//1700 2053//1700
f 2053//1701 2131//1701 2132//1701
f 2053//1702 2132//1702 2054//1702
f 2054//1703 2132//1703 2133//1703
f 2054//1704 2133//1704 2055//1704
f 2055//1705 2133//1705 2134//1705
f 2055//1706 2134//1706 2044//1706
f 2044//1707 2134//1707 2135//1707
f 2044//1708 2135//1708 2045//1708
f 2045//1709 2135//1709 2136//1709
f 2045//1710 2136//1710 2046//1710
f 2046//1711 2136//1711 2137//1711
f 2046//1712 2137//1712 2047//1712
f 2047//1713 2137//1713 2105//1713
f 2100//1566 2138//1566 2101//1566
f 2101//1714 2138//1714 2139//1714
f 2101//1564 2139//1564 2102//1564
f 2102//1715 2139//1715 2140//1715
f 2102//1562 2140//1562 2103//1562
f 2103//1716 2140//1716 2141//1716
f 2103//1717 2141//1717 2104//1717
f 2104//1559 2141//1559 2142//1559
f 2104//1718 2142//1718 2085//1718
f 2085//1557 2142//1557 2143//1557
f 2085//1719 2143//1719 2086//1719
f 2086//1555 2143//1555 2144//1555
f 2086//1554 2144//1554 2087//1554
f 2087//1553 2144//1553 2145//1553
f 2087//1552 2145//1552 2088//1552
f 2088//1720 2145//1720 2146//1720
f 2088//1550 2146//1550 2089//1550
f 2089//1721 2146//1721 2147//1721
f 2089//1548 2147//1548 2090//1548
f 2090//1722 2147//1722 2148//1722
f 2090//1723 2148//1723 2091//1723
f 2091//1545 2148//1545 2149//1545
f 2091//1724 2149//1724 2092//1724
f 2092//1543 2149//1543 2150//1543
f 2092//1725 2150//1725 2093//1725
f 2093//1541 2150//1541 2151//1541
f 2093//1596 2151//1596 2094//1596
f 2094//1595 2151//1595 2152//1595
f 2094//1594 2152//1594 2077//1594
f 2077//1726 2152//1726 2153//1726
f 2077//1592 2153//1592 2078//1592
f 2078//1727 2153//1727 2154//1727
f 2078//1590 2154//1590 2079//1590
f 2079//1728 2154//1728 2155//1728
f 2079//1729 2155//1729 2080//1729
f 2080//1587 2155//1587 2156//1587
f 2080//1730 2156//1730 2081//1730
f 2081//1585 2156//1585 2157//1585
f 2081//1731 2157//1731 2082//1731
f 2082//1583 2157//1583 2158//1583
f 2082//1582 2158//1582 2083//1582
f 2083//1581 2158//1581 2159//1581
f 2083//1580 2159//1580 2084//1580
f 2084//1732 2159//1732 2160//1732
f 2084//1578 2160//1578 2095//1578
f 2095//1733 2160//1733 2161//1733
f 2095//1576 2161//1576 2096//1576
f 2096//1734 2161//1734 2162//1734
f 2096//1735 2162//1735 2097//1735
f 2097//1573 2162//1573 2163//1573
f 2097//1736 2163//1736 2098//1736
f 2098//1571 2163//1571 2164//1571
f 2098//1737 2164//1737 2099//1737
f 2099//1569 2164//1569 2165//1569
f 2099//1568 2165//1568 2100//1568
f 2100//1567 2165//1567 2138//1567
f 2134//1540 2166//1540 2135//1540
f 2135//1540 2166//1540 2167//1540
f 2135//1540 2167//1540 2136//1540
f 2136//1540 2167//1540 2168//1540
f 2136//1540 2168//1540 2137//1540
f 2137//1540 2168//1540 2169//1540
f 2137//1540 2169//1540 2105//1540
f 2105//1540 2169//1540 2170//1540
f 2105//1540 2170//1540 2106//1540
f 2106//1540 2170//1540 2171//1540
f 2106//1540 2171//1540 2107//1540
f 2107//1540 2171//1540 2172//1540
f 2107//1540 2172//1540 2108//1540
f 2172//1540 2173//1540 2108//1540
f 2108//1540 2173//1540 2174//1540
f 2108//1540 2174//1540 2109//1540
f 2109//1540 2174//1540 2175//1540
f 2109//1540 2175//1540 2110//1540
f 2110//1540 2175//1540 2176//1540
f 2110//1540 2176//1540 2111//1540
f 2111//1540 2176//1540 2177//1540
f 2111//1540 2177//1540 2112//1540
f 2112//1540 2177//1540 2178//1540
f 2112//1540 2178//1540 2113//1540
f 2113//1540 2178//1540 2179//1540
f 2113//1540 2179//1540 2114//1540
f 2128//1540 2180//1540 2129//1540
f 2129//1540 2180//1540 2181//1540
f 2129//1540 2181//1540 2130//1540
f 2130//1540 2181//1540 2182//1540
f 2130//1540 2182//1540 2131//1540
f 2131//1540 2182//1540 2183//1540
f 2131//1540 2183//1540 2132//1540
f 2132//1540 2183//1540 2184//1540
f 2132//1540 2184//1540 2133//1540
f 2133//1540 2184//1540 2185//1540
f 2133//1540 2185//1540 2134//1540
f 2134//1540 2185//1540 2186//1540
f 2134//1540 2186//1540 2166//1540
f 2121//1540 2187//1540 2122//1540
f 2122//1540 2187//1540 2188//1540
f 2122//1540 2188//1540 2123//1540
f 2123//1540 2188//1540 2189//1540
f 2123//1540 2189//1540 2124//1540
f 2124//1540 2189//1540 2190//1540
f 2124//1540 2190//1540 2125//1540
f 2125//1540 2190//1540 2191//1540
f 2125//1540 2191//1540 2126//1540
f 2126//1540 2191//1540 2192//1540
f 2126//1540 2192//1540 2127//1540
f 2127//1540 2192//1540 2193//1540
f 2127//1540 2193//1540 2128//1540
f 2128//1540 2193//1540 2194//1540
f 2128//1540 2194//1540 2180//1540
f 2179//1540 2195//1540 2114//1540
f 2114//1540 2195//1540 2196//1540
f 2114//1540 2196//1540 2115//1540
f 2115//1540 2196//1540 2197//1540
f 2115//1540 2197//1540 2116//1540
f 2116//1540 2197//1540 2198//1540
f 2116//1540 2198//1540 2117//1540
f 2117//1540 2198//1540 2199//1540
f 2117//1540 2199//1540 2118//1540
f 2118//1540 2199//1540 2200//1540
f 2118//1540 2200//1540 2119//1540
f 2119//1540 2200//1540 2201//1540
f 2119//1540 2201//1540 2120//1540
f 2120//1540 2201//1540 2202//1540
f 2120//1540 2202//1540 2121//1540
f 2121//1540 2202//1540 2203//1540
f 2121//1540 2203//1540 2187//1540
f 2162//1647 2204//1647 2163//1647
f 2163//1647 2204//1647 2205//1647
f 2163//1647 2205//1647 2164//1647
f 2164//1647 2205//1647 2206//1647
f 2164//1647 2206//1647 2165//1647
f 2165//1647 2206//1647 2207//1647
f 2165//1647 2207//1647 2138//1647
f 2138//1647 2207//1647 2208//1647
f 2138//1647 2208//1647 2139//1647
f 2156//1647 2209//1647 2157//1647
f 2157//1647 2209//1647 2210//1647
f 2157//1647 2210//1647 2158//1647
f 2158//1647 2210//1647 2211//1647
f 2158//1647 2211//1647 2159//1647
f 2159//1647 2211//1647 2212//1647
f 2159//1647 2212//1647 2160//1647
f 2160//1647 2212//1647 2213//1647
f 2160//1647 2213//1647 2161//1647
f 2161//1647 2213//1647 2214//1647
f 2161//1647 2214//1647 2162//1647
f 2162//1647 2214//1647 2215//1647
f 2162//1647 2215//1647 2204//1647
f 2208//1647 2216//1647 2139//1647
f 2139//1647 2216//1647 2217//1647
f 2139//1647 2217//1647 2140//1647
f 2140//1647 2217//1647 2218//1647
f 2140//1647 2218//1647 2141//1647
f 2141//1647 2218//1647 2219//1647
f 2141//1647 2219//1647 2142//1647
f 2142//1647 2219//1647 2220//1647
f 2142//1647 2220//1647 2143//1647
f 2143//1647 2220//1647 2221//1647
f 2143//1647 2221//1647 2144//1647
f 2144//1647 2221//1647 2222//1647
f 2144//1647 2222//1647 2145//1647
f 2150//1647 2223//1647 2151//1647
f 2151//1647 2223//1647 2224//1647
f 2151//1647 2224//1647 2152//1647
f 2152//1647 2224//1647 2225//1647
f 2152//1647 2225//1647 2153//1647
f 2153//1647 2225//1647 2226//1647
f 2153//1647 2226//1647 2154//1647
f 2154//1647 2226//1647 2227//1647
f 2154//1647 2227//1647 2155//1647
f 2155//1647 2227//1647 2228//1647
f 2155//1647 2228//1647 2156//1647
f 2156//1647 2228//1647 2229//1647
f 2156//1647 2229//1647 2209//1647
f 2222//1647 2230//1647 2145//1647
f 2145//1647 2230//1647 2231//1647
f 2145//1647 2231//1647 2146//1647
f 2146//1647 2231//1647 2232//1647
f 2146//1647 2232//1647 2147//1647
f 2147//1647 2232//1647 2233//1647
f 2147//1647 2233//1647 2148//1647
f 2148//1647 2233//1647 2234//1647
f 2148//1647 2234//1647 2149//1647
f 2149//1647 2234//1647 2235//1647
f 2149//1647 2235//1647 2150//1647
f 2150//1647 2235//1647 2236//1647
f 2150//1647 2236//1647 2223//1647
f 2237//1738 2203//1738 2238//1738
f 2238//1739 2203//1739 2202//1739
f 2238//1740 2202//1740 2239//1740
f 2239//1741 2202//1741 2201//1741
f 2239//1742 2201//1742 2240//1742
f 2240//1743 2201//1743 2200//1743
f 2240//1744 2200//1744 2241//1744
f 2241//1745 2200//1745 2199//1745
f 2241//1746 2199//1746 2242//1746
f 2242//1747 2199//1747 2198//1747
f 2242//1748 2198//1748 2243//1748
f 2243//1749 2198//1749 2197//1749
f 2243//1750 2197//1750 2244//1750
f 2244//1751 2197//1751 2196//1751
f 2244//1752 2196//1752 2245//1752
f 2245//1753 2196//1753 2195//1753
f 2245//1754 2195//1754 2246//1754
f 2246//1755 2195//1755 2179//1755
f 2246//1756 2179//1756 2247//1756
f 2247//1757 2179//1757 2178//1757
f 2247//1758 2178//1758 2248//1758
f 2248//1759 2178//1759 2177//1759
f 2248//1760 2177//1760 2249//1760
f 2249//1761 2177//1761 2176//1761
f 2249//1762 2176//1762 2250//1762
f 2250//1763 2176//1763 2175//1763
f 2250//1764 2175//1764 2251//1764
f 2251//1765 2175//1765 2174//1765
f 2251//1766 2174//1766 2252//1766
f 2252//1767 2174//1767 2173//1767
f 2252//1768 2173//1768 2253//1768
f 2253//1769 2173//1769 2172//1769
f 2253//1770 2172//1770 2254//1770
f 2254//1771 2172//1771 2171//1771
f 2254//1772 2171//1772 2255//1772
f 2255//1773 2171//1773 2170//1773
f 2255//1774 2170//1774 2256//1774
f 2256//1775 2170//1775 2169//1775
f 2256//1776 2169//1776 2257//1776
f 2257//1777 2169//1777 2168//1777
f 2257//1778 2168//1778 2258//1778
f 2258//1779 2168//1779 2167//1779
f 2258//1780 2167//1780 2259//1780
f 2259//1781 2167//1781 2166//1781
f 2259//1782 2166//1782 2260//1782
f 2260//1783 2166//1783 2186//1783
f 2260//1784 2186//1784 2261//1784
f 2261//1785 2186//1785 2185//1785
f 2261//1786 2185//1786 2262//1786
f 2262//1787 2185//1787 2184//1787
f 2262//1788 2184//1788 2263//1788
f 2263//1789 2184//1789 2183//1789
f 2263//1790 2183//1790 2264//1790
f 2264//1791 2183//1791 2182//1791
f 2264//1792 2182//1792 2265//1792
f 2265//1793 2182//1793 2181//1793
f 2265//1794 2181//1794 2266//1794
f 2266//1795 2181//1795 2180//1795
f 2266//1796 2180//1796 2267//1796
f 2267//1797 2180//1797 2194//1797
f 2267//1798 2194//1798 2268//1798
f 2268//1799 2194//1799 2193//1799
f 2268//1800 2193//1800 2269//1800
f 2269//1801 2193//1801 2192//1801
f 2269//1802 2192//1802 2270//1802
f 2270//1803 2192//1803 2191//1803
f 2270//1804 2191//1804 2271//1804
f 2271//1805 2191//1805 2190//1805
f 2271//1806 2190//1806 2272//1806
f 2272//1807 2190//1807 2189//1807
f 2272//1808 2189//1808 2273//1808
f 2273//1809 2189//1809 2188//1809
f 2273//1810 2188//1810 2274//1810
f 2274//1811 2188//1811 2187//1811
f 2274//1812 2187//1812 2237//1812
f 2237//1813 2187//1813 2203//1813
f 2207//1814 2275//1814 2208//1814
f 2208//1815 2275//1815 2276//1815
f 2208//1816 2276//1816 2216//1816
f 2216//1817 2276//1817 2277//1817
f 2216//1818 2277//1818 2217//1818
f 2217//1819 2277//1819 2278//1819
f 2217//1820 2278//1820 2218//1820
f 2218//1821 2278//1821 2279//1821
f 2218//1822 2279//1822 2219//1822
f 2219//1823 2279//1823 2280//1823
f 2219//1824 2280//1824 2220//1824
f 2220//1825 2280//1825 2281//1825
f 2220//1826 2281//1826 2221//1826
f 2221//1827 2281//1827 2282//1827
f 2221//1828 2282//1828 2222//1828
f 2222//1829 2282//1829 2283//1829
f 2222//1830 2283//1830 2230//1830
f 2230//1831 2283//1831 2284//1831
f 2230//1832 2284//1832 2231//1832
f 2231//1833 2284//1833 2285//1833
f 2231//1834 2285//1834 2232//1834
f 2232//1835 2285//1835 2286//1835
f 2232//1836 2286//1836 2233//1836
f 2233//1837 2286//1837 2287//1837
f 2233//1838 2287//1838 2234//1838
f 2234//1839 2287//1839 2288//1839
f 2234//1840 2288//1840 2235//1840
f 2235//1841 2288//1841 2289//1841
f 2235//1842 2289//1842 2236//1842
f 2236//1843 2289//1843 2290//1843
f 2236//1844 2290//1844 2223//1844
f 2223//1845 2290//1845 2291//1845
f 2223//1846 2291//1846 2224//1846
f 2224//1847 2291//1847 2292//1847
f 2224//1848 2292//1848 2225//1848
f 2225//1849 2292//1849 2293//1849
f 2225//1850 2293//1850 2226//1850
f 2226//1851 2293//1851 2294//1851
f 2226//1852 2294//1852 2227//1852
f 2227//1853 2294//1853 2295//1853
f 2227//1854 2295//1854 2228//1854
f 2228//1855 2295//1855 2296//1855
f 2228//1856 2296//1856 2229//1856
f 2229//1857 2296//1857 2297//1857
f 2229//1858 2297//1858 2209//1858
f 2209//1859 2297//1859 2298//1859
f 2209//1860 2298//1860 2210//1860
f 2210//1861 2298//1861 2299//1861
f 2210//1862 2299//1862 2211//1862
f 2211//1863 2299//1863 2300//1863
f 2211//1864 2300//1864 2212//1864
f 2212//1865 2300//1865 2301//1865
f 2212//1866 2301//1866 2213//1866
f 2213//1867 2301//1867 2302//1867
f 2213//1868 2302//1868 2214//1868
f 2214//1869 2302//1869 2303//1869
f 2214//1870 2303//1870 2215//1870
f 2215//1871 2303//1871 2304//1871
f 2215//1872 2304//1872 2204//1872
f 2204//1873 2304//1873 2305//1873
f 2204//1874 2305//1874 2205//1874
f 2205//1875 2305//1875 2306//1875
f 2205//1876 2306//1876 2206//1876
f 2206//1877 2306//1877 2307//1877
f 2206//1878 2307//1878 2207//1878
f 2207//1879 2307//1879 2275//1879
f 2308//1647 2247//1647 2309//1647
f 2309//1647 2247//1647 2248//1647
f 2309//1647 2248//1647 2310//1647
f 2310//1647 2248//1647 2249//1647
f 2310//1647 2249//1647 2311//1647
f 2311//1647 2249//1647 2250//1647
f 2311//1647 2250//1647 2312//1647
f 2312//1647 2250//1647 2251//1647
f 2312//1647 2251//1647 2313//1647
f 2313//1647 2251//1647 2252//1647
f 2313//1647 2252//1647 2314//1647
f 2314//1647 2252//1647 2253//1647
f 2314//1647 2253//1647 2315//1647
f 2315//1647 2253//1647 2254//1647
f 2315//1647 2254//1647 2316//1647
f 2316//1647 2254//1647 2255//1647
f 2316//1647 2255//1647 2317//1647
f 2317//1647 2255//1647 2256//1647
f 2317//1647 2256//1647 2318//1647
f 2318//1647 2256//1647 2257//1647
f 2318//1647 2257//1647 2319//1647
f 2319//1647 2257//1647 2258//1647
f 2319//1647 2258//1647 2320//1647
f 2320//1647 2258//1647 2259//1647
f 2320//1647 2259//1647 2321//1647
f 2321//1647 2259//1647 2260//1647
f 2321//1647 2260//1647 2322//1647
f 2322//1647 2260//1647 2261//1647
f 2322//1647 2261//1647 2323//1647
f 2323//1647 2261//1647 2262//1647
f 2323//1647 2262//1647 2324//1647
f 2324//1647 2262//1647 2263//1647
f 2324//1647 2263//1647 2325//1647
f 2325//1647 2263//1647 2264//1647
f 2325//1647 2264//1647 2326//1647
f 2264//1647 2265//1647 2326//1647
f 2326//1647 2265//1647 2266//1647
f 2326//1647 2266//1647 2327//1647
f 2327//1647 2266//1647 2267//1647
f 2327//1647 2267//1647 2328//1647
f 2328//1647 2267//1647 2268//1647
f 2328//1647 2268//1647 2329//1647
f 2329//1647 2268//1647 2269//1647
f 2329//1647 2269//1647 2330//1647
f 2330//1647 2269//1647 2270//1647
f 2330//1647 2270//1647 2331//1647
f 2331//1647 2270//1647 2271//1647
f 2331//1647 2271//1647 2332//1647
f 2332//1647 2271//1647 2272//1647
f 2332//1647 2272//1647 2333//1647
f 2333//1647 2272//1647 2273//1647
f 2333//1647 2273//1647 2334//1647
f 2334//1647 2273//1647 2274//1647
f 2334//1647 2274//1647 2335//1647
f 2335//1647 2274//1647 2237//1647
f 2335//1647 2237//1647 2336//1647
f 2336//1647 2237//1647 2238//1647
f 2336//1647 2238//1647 2337//1647
f 2337//1647 2238//1647 2239//1647
f 2337//1647 2239//1647 2338//1647
f 2338//1647 2239//1647 2240//1647
f 2338//1647 2240//1647 2339//1647
f 2339//1647 2240//1647 2241//1647
f 2339//1647 2241//1647 2340//1647
f 2340//1647 2241//1647 2242//1647
f 2340//1647 2242//1647 2341//1647
f 2341//1647 2242//1647 2243//1647
f 2341//1647 2243//1647 2342//1647
f 2342//1647 2243//1647 2244//1647
f 2342//1647 2244//1647 2343//1647
f 2343//1647 2244//1647 2245//1647
f 2343//1647 2245//1647 2308//1647
f 2308//1647 2245//1647 2246//1647
f 2308//1647 2246//1647 2247//1647
f 2303//1647 2344//1647 2304//1647
f 2304//1647 2344//1647 2345//1647
f 2304//1647 2345//1647 2305//1647
f 2305//1647 2345//1647 2346//1647
f 2305//1647 2346//1647 2306//1647
f 2306//1647 2346//1647 2347//1647
f 2306//1647 2347//1647 2307//1647
f 2307//1647 2347//1647 2348//1647
f 2307//1647 2348//1647 2275//1647
f 2275//1647 2348//1647 2349//1647
f 2275//1647 2349//1647 2276//1647
f 2276//1647 2349//1647 2350//1647
f 2276//1647 2350//1647 2277//1647
f 2277//1647 2350//1647 2351//1647
f 2277//1647 2351//1647 2278//1647
f 2278//1647 2351//1647 2352//1647
f 2278//1647 2352//1647 2279//1647
f 2279//1647 2352//1647 2353//1647
f 2279//1647 2353//1647 2280//1647
f 2280//1647 2353//1647 2354//1647
f 2280//1647 2354//1647 2281//1647
f 2292//1647 2355//1647 2293//1647
f 2293//1647 2355//1647 2356//1647
f 2293//1647 2356//1647 2294//1647
f 2294//1647 2356//1647 2357//1647
f 2294//1647 2357//1647 2295//1647
f 2295//1647 2357//1647 2358//1647
f 2295//1647 2358//1647 2296//1647
f 2296//1647 2358//1647 2359//1647
f 2296//1647 2359//1647 2297//1647
f 2297//1647 2359//1647 2360//1647
f 2297//1647 2360//1647 2298//1647
f 2298//1647 2360//1647 2361//1647
f 2298//1647 2361//1647 2299//1647
f 2299//1647 2361//1647 2362//1647
f 2299//1647 2362//1647 2300//1647
f 2300//1647 2362//1647 2363//1647
f 2300//1647 2363//1647 2301//1647
f 2301//1647 2363//1647 2364//1647
f 2301//1647 2364//1647 2302//1647
f 2302//1647 2364//1647 2365//1647
f 2302//1647 2365//1647 2303//1647
f 2303//1647 2365//1647 2366//1647
f 2303//1647 2366//1647 2344//1647
f 2354//1647 2367//1647 2281//1647
f 2281//1647 2367//1647 2368//1647
f 2281//1647 2368//1647 2282//1647
f 2282//1647 2368//1647 2369//1647
f 2282//1647 2369//1647 2283//1647
f 2283//1647 2369//1647 2370//1647
f 2283//1647 2370//1647 2284//1647
f 2284//1647 2370//1647 2371//1647
f 2284//1647 2371//1647 2285//1647
f 2285//1647 2371//1647 2372//1647
f 2285//1647 2372//1647 2286//1647
f 2286//1647 2372//1647 2373//1647
f 2286//1647 2373//1647 2287//1647
f 2287//1647 2373//1647 2374//1647
f 2287//1647 2374//1647 2288//1647
f 2288//1647 2374//1647 2375//1647
f 2288//1647 2375//1647 2289//1647
f 2289//1647 2375//1647 2376//1647
f 2289//1647 2376//1647 2290//1647
f 2290//1647 2376//1647 2377//1647
f 2290//1647 2377//1647 2291//1647
f 2291//1647 2377//1647 2378//1647
f 2291//1647 2378//1647 2292//1647
f 2292//1647 2378//1647 2379//1647
f 2292//1647 2379//1647 2355//1647
f 2349//1880 2336//1880 2350//1880
f 2350//1881 2336//1881 2337//1881
f 2350//1882 2337//1882 2351//1882
f 2351//1883 2337//1883 2338//1883
f 2351//1884 2338//1884 2352//1884
f 2352//1885 2338//1885 2339//1885
f 2352//1886 2339//1886 2353//1886
f 2353//1887 2339//1887 2340//1887
f 2353//1888 2340//1888 2354//1888
f 2354//1889 2340//1889 2341//1889
f 2354//1890 2341//1890 2367//1890
f 2367//1891 2341//1891 2342//1891
f 2367//1892 2342//1892 2368//1892
f 2368//1893 2342//1893 2343//1893
f 2368//1894 2343//1894 2369//1894
f 2369//1895 2343//1895 2308//1895
f 2369//1896 2308//1896 2370//1896
f 2370//1897 2308//1897 2309//1897
f 2370//1898 2309//1898 2371//1898
f 2371//1899 2309//1899 2310//1899
f 2371//1900 2310//1900 2372//1900
f 2372//1901 2310//1901 2311//1901
f 2372//1902 2311//1902 2373//1902
f 2373//1903 2311//1903 2312//1903
f 2373//1904 2312//1904 2374//1904
f 2374//1905 2312//1905 2313//1905
f 2374//1906 2313//1906 2375//1906
f 2375//1907 2313//1907 2314//1907
f 2375//1908 2314//1908 2376//1908
f 2376//1909 2314//1909 2315//1909
f 2376//1910 2315//1910 2377//1910
f 2377//1911 2315//1911 2316//1911
f 2377//1912 2316//1912 2378//1912
f 2378//1913 2316//1913 2317//1913
f 2378//1914 2317//1914 2379//1914
f 2379//1915 2317//1915 2318//1915
f 2379//1916 2318//1916 2355//1916
f 2355//1917 2318//1917 2319//1917
f 2355//1918 2319//1918 2356//1918
f 2356//1919 2319//1919 2320//1919
f 2356//1920 2320//1920 2357//1920
f 2357//1921 2320//1921 2321//1921
f 2357//1922 2321//1922 2358//1922
f 2358//1923 2321//1923 2322//1923
f 2358//1924 2322//1924 2359//1924
f 2359//1925 2322//1925 2323//1925
f 2359//1926 2323//1926 2360//1926
f 2360//1927 2323//1927 2324//1927
f 2360//1928 2324//1928 2361//1928
f 2361//1929 2324//1929 2325//1929
f 2361//1930 2325//1930 2362//1930
f 2362//1931 2325//1931 2326//1931
f 2362//1932 2326//1932 2363//1932
f 2363//1933 2326//1933 2327//1933
f 2363//1934 2327//1934 2364//1934
f 2364//1935 2327//1935 2328//1935
f 2364//1936 2328//1936 2365//1936
f 2365//1937 2328//1937 2329//1937
f 2365//1938 2329//1938 2366//1938
f 2366//1939 2329//1939 2330//1939
f 2366//1940 2330//1940 2344//1940
f 2344//1941 2330//1941 2331//1941
f 2344//1942 2331//1942 2345//1942
f 2345//1943 2331//1943 2332//1943
f 2345//1944 2332//1944 2346//1944
f 2346//1945 2332//1945 2333//1945
f 2346//1946 2333//1946 2347//1946
f 2347//1947 2333//1947 2334//1947
f 2347//1948 2334//1948 2348//1948
f 2348//1949 2334//1949 2335//1949
f 2348//1950 2335//1950 2349//1950
f 2349//1951 2335//1951 2336//1951
f 2380//1952 2381//1952 2382//1952
f 2382//1953 2381//1953 2383//1953
f 2382//1954 2383//1954 2384//1954
f 2384//1955 2383//1955 2385//1955
f 2384//1956 2385//1956 2386//1956
f 2386//1957 2385//1957 2387//1957
f 2386//1958 2387//1958 2388//1958
f 2388//1959 2387//1959 2389//1959
f 2388//1960 2389//1960 2390//1960
f 2390//1961 2389//1961 2391//1961
f 2390//1962 2391//1962 2392//1962
f 2392//1963 2391//1963 2393//1963
f 2392//1964 2393//1964 2394//1964
f 2394//1965 2393//1965 2395//1965
f 2394//1966 2395//1966 2396//1966
f 2396//1967 2395//1967 2397//1967
f 2396//1968 2397//1968 2398//1968
f 2398//1969 2397//1969 2399//1969
f 2398//1970 2399//1970 2400//1970
f 2400//1971 2399//1971 2401//1971
f 2400//1972 2401//1972 2402//1972
f 2402//1973 2401//1973 2403//1973
f 2402//1974 2403//1974 2380//1974
f 2380//1975 2403//1975 2381//1975
f 2404//1952 2405//1952 2406//1952
f 2406//1953 2405//1953 2407//1953
f 2406//1954 2407//1954 2408//1954
f 2408//1955 2407//1955 2409//1955
f 2408//1956 2409//1956 2410//1956
f 2410//1957 2409//1957 2411//1957
f 2410//1958 2411//1958 2412//1958
f 2412//1959 2411//1959 2413//1959
f 2412//1960 2413//1960 2414//1960
f 2414//1961 2413//1961 2415//1961
f 2414//1962 2415//1962 2416//1962
f 2416//1963 2415//1963 2417//1963
f 2416//1964 2417//1964 2418//1964
f 2418//1965 2417//1965 2419//1965
f 2418//1966 2419//1966 2420//1966
f 2420//1967 2419//1967 2421//1967
f 2420//1968 2421//1968 2422//1968
f 2422//1969 2421//1969 2423//1969
f 2422//1970 2423//1970 2424//1970
f 2424//1971 2423//1971 2425//1971
f 2424//1972 2425//1972 2426//1972
f 2426//1973 2425//1973 2427//1973
f 2426//1974 2427//1974 2404//1974
f 2404//1975 2427//1975 2405//1975
f 2428//1976 2429//1976 2430//1976
f 2428//1977 2430//1977 2431//1977
f 2431//1978 2430//1978 2432//1978
f 2431//1979 2432//1979 2433//1979
f 2433//1980 2432//1980 2434//1980
f 2433//1981 2434//1981 2435//1981
f 2435//1982 2434//1982 2436//1982
f 2435//1983 2436//1983 2437//1983
f 2437//1984 2436//1984 2438//1984
f 2437//1985 2438//1985 2439//1985
f 2439//1986 2438//1986 2440//1986
f 2439//1987 2440//1987 2441//1987
f 2441//1988 2440//1988 2442//1988
f 2441//1989 2442//1989 2443//1989
f 2443//1990 2442//1990 2444//1990
f 2444//1991 2442//1991 2445//1991
f 2444//1992 2445//1992 2446//1992
f 2446//1993 2445//1993 2447//1993
f 2446//1994 2447//1994 2448//1994
f 2448//1995 2447//1995 2449//1995
f 2448//1996 2449//1996 2450//1996
f 2451//1997 2452//1997 2453//1997
f 2453//1997 2452//1997 2454//1997
f 2453//1997 2454//1997 2455//1997
f 2455//1997 2454//1997 2456//1997
f 2455//1997 2456//1997 2457//1997
f 2457//1997 2456//1997 2458//1997
f 2457//1997 2458//1997 2459//1997
f 2459//1997 2458//1997 2460//1997
f 2459//1997 2460//1997 2461//1997
f 2461//1997 2460//1997 2462//1997
f 2461//1997 2462//1997 2463//1997
f 2463//1997 2462//1997 2464//1997
f 2463//1997 2464//1997 2465//1997
f 2465//1997 2464//1997 2466//1997
f 2465//1997 2466//1997 2467//1997
f 2467//1997 2466//1997 2468//1997
f 2467//1997 2468//1997 2469//1997
f 2469//1997 2468//1997 2470//1997
f 2469//1997 2470//1997 2471//1997
f 2471//1997 2470//1997 2472//1997
f 2471//1997 2472//1997 2473//1997
f 2473//1997 2472//1997 2474//1997
f 2473//1997 2474//1997 2475//1997
f 2475//1997 2474//1997 2476//1997
f 2475//1997 2476//1997 2477//1997
f 2477//1997 2476//1997 2478//1997
f 2477//1997 2478//1997 2479//1997
f 2479//1997 2478//1997 2480//1997
f 2479//1997 2480//1997 2481//1997
f 2481//1997 2480//1997 2482//1997
f 2481//1997 2482//1997 2483//1997
f 2483//1997 2482//1997 2451//1997
f 2483//1997 2451//1997 2453//1997
f 2476//1998 2484//1998 2478//1998
f 2478//1999 2484//1999 2485//1999
f 2478//2000 2485//2000 2480//2000
f 2485//2001 2486//2001 2480//2001
f 2480//2002 2486//2002 2487//2002
f 2480//2003 2487//2003 2482//2003
f 2482//2004 2487//2004 2488//2004
f 2482//2005 2488//2005 2451//2005
f 2451//2006 2488//2006 2489//2006
f 2451//2007 2489//2007 2452//2007
f 2452//2008 2489//2008 2490//2008
f 2452//2009 2490//2009 2454//2009
f 2454//2010 2490//2010 2491//2010
f 2454//2011 2491//2011 2456//2011
f 2456//2012 2491//2012 2492//2012
f 2456//2013 2492//2013 2458//2013
f 2458//2014 2492//2014 2493//2014
f 2458//2015 2493//2015 2460//2015
f 2460//2016 2493//2016 2494//2016
f 2460//2017 2494//2017 2462//2017
f 2462//2018 2494//2018 2495//2018
f 2462//2019 2495//2019 2464//2019
f 2464//2020 2495//2020 2496//2020
f 2464//2021 2496//2021 2466//2021
f 2466//2022 2496//2022 2497//2022
f 2466//2023 2497//2023 2468//2023
f 2468//2024 2497//2024 2498//2024
f 2468//2025 2498//2025 2470//2025
f 2470//2026 2498//2026 2499//2026
f 2470//2027 2499//2027 2472//2027
f 2472//2028 2499//2028 2500//2028
f 2472//2029 2500//2029 2474//2029
f 2474//2030 2500//2030 2501//2030
f 2474//2031 2501//2031 2476//2031
f 2476//2032 2501//2032 2502//2032
f 2476//2033 2502//2033 2484//2033
f 2503//2034 2469//2034 2504//2034
f 2504//2035 2469//2035 2471//2035
f 2504//2036 2471//2036 2505//2036
f 2505//2037 2471//2037 2473//2037
f 2505//2038 2473//2038 2506//2038
f 2506//2039 2473//2039 2475//2039
f 2506//2040 2475//2040 2507//2040
f 2507//2041 2475//2041 2477//2041
f 2507//2042 2477//2042 2508//2042
f 2508//2043 2477//2043 2479//2043
f 2508//2044 2479//2044 2509//2044
f 2509//2045 2479//2045 2481//2045
f 2509//2046 2481//2046 2510//2046
f 2510//2047 2481//2047 2483//2047
f 2510//2048 2483//2048 2511//2048
f 2511//2049 2483//2049 2453//2049
f 2511//2050 2453//2050 2512//2050
f 2512//2051 2453//2051 2455//2051
f 2512//2052 2455//2052 2513//2052
f 2513//2053 2455//2053 2457//2053
f 2513//2054 2457//2054 2514//2054
f 2514//2055 2457//2055 2459//2055
f 2514//2056 2459//2056 2515//2056
f 2515//2057 2459//2057 2461//2057
f 2515//2058 2461//2058 2516//2058
f 2516//2059 2461//2059 2463//2059
f 2516//2060 2463//2060 2517//2060
f 2517//2061 2463//2061 2465//2061
f 2517//2062 2465//2062 2518//2062
f 2518//2063 2465//2063 2467//2063
f 2518//2064 2467//2064 2503//2064
f 2503//2065 2467//2065 2469//2065
f 2510//2066 2511//2066 2519//2066
f 2429//2066 2520//2066 2513//2066
f 2519//2066 2511//2066 2520//2066
f 2520//2066 2511//2066 2512//2066
f 2520//2066 2512//2066 2513//2066
f 2518//2066 2434//2066 2517//2066
f 2517//2066 2434//2066 2432//2066
f 2517//2066 2432//2066 2516//2066
f 2516//2066 2432//2066 2430//2066
f 2516//2066 2430//2066 2515//2066
f 2515//2066 2430//2066 2429//2066
f 2515//2066 2429//2066 2514//2066
f 2514//2066 2429//2066 2513//2066
f 2449//2066 2447//2066 2506//2066
f 2506//2066 2447//2066 2445//2066
f 2506//2066 2445//2066 2505//2066
f 2505//2066 2445//2066 2442//2066
f 2505//2066 2442//2066 2504//2066
f 2504//2066 2442//2066 2440//2066
f 2504//2066 2440//2066 2503//2066
f 2503//2066 2440//2066 2438//2066
f 2503//2066 2438//2066 2518//2066
f 2518//2066 2438//2066 2436//2066
f 2518//2066 2436//2066 2434//2066
f 2506//2066 2507//2066 2449//2066
f 2449//2066 2507//2066 2508//2066
f 2449//2066 2508//2066 2519//2066
f 2519//2066 2508//2066 2509//2066
f 2519//2066 2509//2066 2510//2066
f 2521//1997 2522//1997 2523//1997
f 2523//1997 2522//1997 2524//1997
f 2525//1997 2526//1997 2527//1997
f 2527//1997 2526//1997 2521//1997
f 2527//1997 2521//1997 2528//1997
f 2528//1997 2521//1997 2523//1997
f 2529//1997 2530//1997 2531//1997
f 2531//1997 2530//1997 2532//1997
f 2533//1997 2534//1997 2535//1997
f 2535//1997 2534//1997 2536//1997
f 2535//1997 2536//1997 2537//1997
f 2538//1997 2535//1997 2539//1997
f 2540//1997 2541//1997 2542//1997
f 2539//1997 2535//1997 2543//1997
f 2543//1997 2535//1997 2537//1997
f 2543//1997 2537//1997 2525//1997
f 2525//1997 2537//1997 2544//1997
f 2525//1997 2544//1997 2526//1997
f 2539//1997 2545//1997 2538//1997
f 2538//1997 2545//1997 2546//1997
f 2538//1997 2546//1997 2547//1997
f 2547//1997 2546//1997 2548//1997
f 2547//1997 2548//1997 2549//1997
f 2549//1997 2548//1997 2550//1997
f 2540//1997 2542//1997 2551//1997
f 2551//1997 2542//1997 2552//1997
f 2551//1997 2552//1997 2553//1997
f 2553//1997 2552//1997 2554//1997
f 2553//1997 2554//1997 2555//1997
f 2555//1997 2554//1997 2556//1997
f 2555//1997 2556//1997 2550//1997
f 2550//1997 2556//1997 2557//1997
f 2550//1997 2557//1997 2549//1997
f 2540//1997 2558//1997 2541//1997
f 2541//1997 2558//1997 2559//1997
f 2541//1997 2559//1997 2531//1997
f 2531//1997 2559//1997 2523//1997
f 2531//1997 2523//1997 2529//1997
f 2529//1997 2523//1997 2524//1997
f 2531//1997 2560//1997 2541//1997
f 2541//1997 2560//1997 2561//1997
f 2541//1997 2561//1997 2562//1997
f 2562//1997 2561//1997 2563//1997
f 2564//1997 2450//1997 2565//1997
f 2565//1997 2450//1997 2560//1997
f 2444//1997 2446//1997 2484//1997
f 2484//1997 2446//1997 2448//1997
f 2484//1997 2448//1997 2485//1997
f 2485//1997 2448//1997 2450//1997
f 2485//1997 2450//1997 2486//1997
f 2486//1997 2450//1997 2564//1997
f 2486//1997 2564//1997 2487//1997
f 2428//1997 2566//1997 2535//1997
f 2535//1997 2566//1997 2567//1997
f 2535//1997 2567//1997 2568//1997
f 2569//1997 2570//1997 2531//1997
f 2570//1997 2571//1997 2531//1997
f 2531//1997 2571//1997 2572//1997
f 2531//1997 2572//1997 2560//1997
f 2560//1997 2572//1997 2573//1997
f 2560//1997 2573//1997 2565//1997
f 2574//1997 2575//1997 2489//1997
f 2564//1997 2576//1997 2487//1997
f 2487//1997 2576//1997 2574//1997
f 2487//1997 2574//1997 2488//1997
f 2488//1997 2574//1997 2489//1997
f 2496//1997 2495//1997 2428//1997
f 2577//1997 2578//1997 2494//1997
f 2494//1997 2578//1997 2579//1997
f 2494//1997 2579//1997 2495//1997
f 2495//1997 2579//1997 2580//1997
f 2495//1997 2580//1997 2428//1997
f 2428//1997 2580//1997 2581//1997
f 2428//1997 2581//1997 2566//1997
f 2568//1997 2582//1997 2535//1997
f 2535//1997 2582//1997 2531//1997
f 2535//1997 2531//1997 2533//1997
f 2533//1997 2531//1997 2532//1997
f 2583//1997 2569//1997 2584//1997
f 2584//1997 2569//1997 2531//1997
f 2584//1997 2531//1997 2585//1997
f 2585//1997 2531//1997 2582//1997
f 2484//1997 2502//1997 2444//1997
f 2444//1997 2502//1997 2501//1997
f 2444//1997 2501//1997 2443//1997
f 2443//1997 2501//1997 2500//1997
f 2428//1997 2431//1997 2496//1997
f 2496//1997 2431//1997 2433//1997
f 2496//1997 2433//1997 2497//1997
f 2497//1997 2433//1997 2435//1997
f 2497//1997 2435//1997 2498//1997
f 2498//1997 2435//1997 2437//1997
f 2498//1997 2437//1997 2499//1997
f 2499//1997 2437//1997 2439//1997
f 2499//1997 2439//1997 2500//1997
f 2500//1997 2439//1997 2441//1997
f 2500//1997 2441//1997 2443//1997
f 2493//1997 2492//1997 2586//1997
f 2586//1997 2492//1997 2491//1997
f 2586//1997 2491//1997 2575//1997
f 2575//1997 2491//1997 2490//1997
f 2575//1997 2490//1997 2489//1997
f 2583//1997 2584//1997 2587//1997
f 2587//1997 2584//1997 2588//1997
f 2587//1997 2588//1997 2589//1997
f 2589//1997 2588//1997 2577//1997
f 2589//1997 2577//1997 2586//1997
f 2586//1997 2577//1997 2494//1997
f 2586//1997 2494//1997 2493//1997
f 2416//2066 2590//2066 2414//2066
f 2414//2066 2590//2066 2591//2066
f 2414//2066 2591//2066 2412//2066
f 2412//2066 2591//2066 2592//2066
f 2412//2066 2592//2066 2410//2066
f 2593//2066 2422//2066 2594//2066
f 2594//2066 2422//2066 2424//2066
f 2595//2066 2596//2066 2597//2066
f 2597//2066 2596//2066 2598//2066
f 2597//2066 2598//2066 2599//2066
f 2394//2066 2600//2066 2392//2066
f 2392//2066 2600//2066 2601//2066
f 2392//2066 2601//2066 2602//2066
f 2593//2066 2603//2066 2604//2066
f 2595//2066 2590//2066 2596//2066
f 2596//2066 2590//2066 2416//2066
f 2596//2066 2416//2066 2604//2066
f 2604//2066 2416//2066 2418//2066
f 2604//2066 2418//2066 2593//2066
f 2593//2066 2418//2066 2420//2066
f 2593//2066 2420//2066 2422//2066
f 2424//2066 2426//2066 2594//2066
f 2594//2066 2426//2066 2404//2066
f 2594//2066 2404//2066 2406//2066
f 2382//2066 2605//2066 2380//2066
f 2380//2066 2605//2066 2594//2066
f 2380//2066 2594//2066 2402//2066
f 2603//2066 2593//2066 2606//2066
f 2606//2066 2593//2066 2607//2066
f 2606//2066 2607//2066 2608//2066
f 2608//2066 2607//2066 2609//2066
f 2608//2066 2609//2066 2610//2066
f 2610//2066 2609//2066 2611//2066
f 2610//2066 2611//2066 2612//2066
f 2612//2066 2611//2066 2613//2066
f 2612//2066 2613//2066 2614//2066
f 2402//2066 2594//2066 2400//2066
f 2400//2066 2594//2066 2406//2066
f 2400//2066 2406//2066 2398//2066
f 2398//2066 2406//2066 2408//2066
f 2398//2066 2408//2066 2396//2066
f 2396//2066 2408//2066 2410//2066
f 2396//2066 2410//2066 2394//2066
f 2394//2066 2410//2066 2592//2066
f 2394//2066 2592//2066 2600//2066
f 2598//2066 2615//2066 2599//2066
f 2599//2066 2615//2066 2616//2066
f 2599//2066 2616//2066 2617//2066
f 2617//2066 2616//2066 2618//2066
f 2617//2066 2618//2066 2619//2066
f 2619//2066 2618//2066 2620//2066
f 2382//2066 2384//2066 2605//2066
f 2605//2066 2384//2066 2386//2066
f 2605//2066 2386//2066 2621//2066
f 2621//2066 2386//2066 2388//2066
f 2621//2066 2388//2066 2390//2066
f 2613//2066 2622//2066 2614//2066
f 2614//2066 2622//2066 2623//2066
f 2614//2066 2623//2066 2624//2066
f 2624//2066 2623//2066 2625//2066
f 2624//2066 2625//2066 2626//2066
f 2626//2066 2625//2066 2627//2066
f 2626//2066 2627//2066 2628//2066
f 2628//2066 2627//2066 2629//2066
f 2628//2066 2629//2066 2630//2066
f 2630//2066 2629//2066 2621//2066
f 2630//2066 2621//2066 2631//2066
f 2631//2066 2621//2066 2390//2066
f 2631//2066 2390//2066 2618//2066
f 2618//2066 2390//2066 2392//2066
f 2618//2066 2392//2066 2620//2066
f 2620//2066 2392//2066 2602//2066
f 2449//2067 2519//2067 2450//2067
f 2450//2067 2519//2067 2605//2067
f 2450//2067 2605//2067 2560//2067
f 2560//2067 2605//2067 2621//2067
f 2560//2067 2621//2067 2561//2067
f 2594//2068 2520//2068 2429//2068
f 2538//2068 2593//2068 2535//2068
f 2535//2068 2593//2068 2594//2068
f 2535//2068 2594//2068 2428//2068
f 2428//2068 2594//2068 2429//2068
f 2561//2069 2621//2069 2629//2069
f 2561//2070 2629//2070 2563//2070
f 2563//2071 2629//2071 2627//2071
f 2563//2072 2627//2072 2562//2072
f 2562//2073 2627//2073 2541//2073
f 2541//2074 2627//2074 2625//2074
f 2541//2075 2625//2075 2542//2075
f 2542//2076 2625//2076 2623//2076
f 2542//2077 2623//2077 2552//2077
f 2552//2078 2623//2078 2622//2078
f 2552//2079 2622//2079 2554//2079
f 2554//2080 2622//2080 2613//2080
f 2554//2081 2613//2081 2556//2081
f 2556//2082 2613//2082 2611//2082
f 2556//2083 2611//2083 2557//2083
f 2557//2084 2611//2084 2609//2084
f 2557//2085 2609//2085 2549//2085
f 2549//2086 2609//2086 2607//2086
f 2549//2087 2607//2087 2547//2087
f 2547//2088 2607//2088 2593//2088
f 2547//2089 2593//2089 2538//2089
f 2525//2065 2632//2065 2543//2065
f 2543//2064 2632//2064 2633//2064
f 2543//2063 2633//2063 2539//2063
f 2539//2062 2633//2062 2634//2062
f 2539//2061 2634//2061 2545//2061
f 2545//2060 2634//2060 2635//2060
f 2545//2059 2635//2059 2546//2059
f 2546//2058 2635//2058 2636//2058
f 2546//2057 2636//2057 2548//2057
f 2548//2056 2636//2056 2637//2056
f 2548//2055 2637//2055 2550//2055
f 2550//2054 2637//2054 2638//2054
f 2550//2053 2638//2053 2555//2053
f 2555//2052 2638//2052 2639//2052
f 2555//2051 2639//2051 2553//2051
f 2553//2050 2639//2050 2640//2050
f 2553//2049 2640//2049 2551//2049
f 2551//2048 2640//2048 2641//2048
f 2551//2047 2641//2047 2540//2047
f 2540//2046 2641//2046 2642//2046
f 2540//2045 2642//2045 2558//2045
f 2558//2044 2642//2044 2643//2044
f 2558//2043 2643//2043 2559//2043
f 2559//2042 2643//2042 2644//2042
f 2559//2041 2644//2041 2523//2041
f 2523//2040 2644//2040 2645//2040
f 2523//2039 2645//2039 2528//2039
f 2528//2038 2645//2038 2646//2038
f 2528//2037 2646//2037 2527//2037
f 2527//2036 2646//2036 2647//2036
f 2527//2035 2647//2035 2525//2035
f 2525//2034 2647//2034 2632//2034
f 2648//2026 2615//2026 2649//2026
f 2649//2025 2615//2025 2598//2025
f 2649//2024 2598//2024 2650//2024
f 2650//2023 2598//2023 2596//2023
f 2650//2090 2596//2090 2651//2090
f 2651//2021 2596//2021 2604//2021
f 2651//2020 2604//2020 2652//2020
f 2652//2091 2604//2091 2603//2091
f 2652//2018 2603//2018 2653//2018
f 2653//2017 2603//2017 2606//2017
f 2653//2016 2606//2016 2654//2016
f 2654//2015 2606//2015 2608//2015
f 2654//2014 2608//2014 2655//2014
f 2655//2092 2608//2092 2610//2092
f 2655//2093 2610//2093 2656//2093
f 2656//2011 2610//2011 2612//2011
f 2656//2010 2612//2010 2657//2010
f 2657//2009 2612//2009 2614//2009
f 2657//2008 2614//2008 2658//2008
f 2658//2094 2614//2094 2624//2094
f 2658//2095 2624//2095 2659//2095
f 2659//2005 2624//2005 2626//2005
f 2659//2096 2626//2096 2660//2096
f 2660//2097 2626//2097 2628//2097
f 2660//2001 2628//2001 2661//2001
f 2661//2000 2628//2000 2630//2000
f 2661//2098 2630//2098 2662//2098
f 2662//2099 2630//2099 2631//2099
f 2662//2032 2631//2032 2663//2032
f 2663//2100 2631//2100 2618//2100
f 2663//2030 2618//2030 2664//2030
f 2664//2029 2618//2029 2616//2029
f 2664//2028 2616//2028 2648//2028
f 2648//2027 2616//2027 2615//2027
f 2655//2066 2656//2066 2640//2066
f 2640//2066 2656//2066 2657//2066
f 2640//2066 2657//2066 2641//2066
f 2641//2066 2657//2066 2658//2066
f 2641//2066 2658//2066 2642//2066
f 2642//2066 2658//2066 2659//2066
f 2642//2066 2659//2066 2643//2066
f 2643//2066 2659//2066 2660//2066
f 2643//2066 2660//2066 2644//2066
f 2644//2066 2660//2066 2661//2066
f 2644//2066 2661//2066 2645//2066
f 2645//2066 2661//2066 2662//2066
f 2645//2066 2662//2066 2646//2066
f 2646//2066 2662//2066 2663//2066
f 2646//2066 2663//2066 2647//2066
f 2647//2066 2663//2066 2664//2066
f 2647//2066 2664//2066 2632//2066
f 2632//2066 2664//2066 2648//2066
f 2632//2066 2648//2066 2633//2066
f 2633//2066 2648//2066 2649//2066
f 2633//2066 2649//2066 2634//2066
f 2634//2066 2649//2066 2650//2066
f 2634//2066 2650//2066 2635//2066
f 2635//2066 2650//2066 2651//2066
f 2635//2066 2651//2066 2636//2066
f 2636//2066 2651//2066 2652//2066
f 2636//2066 2652//2066 2637//2066
f 2637//2066 2652//2066 2653//2066
f 2637//2066 2653//2066 2638//2066
f 2638//2066 2653//2066 2654//2066
f 2638//2066 2654//2066 2639//2066
f 2639//2066 2654//2066 2655//2066
f 2639//2066 2655//2066 2640//2066
f 2520//2101 2594//2101 2519//2101
f 2519//2101 2594//2101 2605//2101
f 2413//1997 2665//1997 2415//1997
f 2415//1997 2665//1997 2666//1997
f 2415//1997 2666//1997 2417//1997
f 2417//1997 2666//1997 2667//1997
f 2417//1997 2667//1997 2419//1997
f 2419//1997 2667//1997 2668//1997
f 2419//1997 2668//1997 2421//1997
f 2421//1997 2668//1997 2669//1997
f 2421//1997 2669//1997 2423//1997
f 2423//1997 2669//1997 2670//1997
f 2423//1997 2670//1997 2425//1997
f 2425//1997 2670//1997 2671//1997
f 2425//1997 2671//1997 2427//1997
f 2427//1997 2671//1997 2672//1997
f 2427//1997 2672//1997 2405//1997
f 2405//1997 2672//1997 2673//1997
f 2405//1997 2673//1997 2407//1997
f 2407//1997 2673//1997 2674//1997
f 2407//1997 2674//1997 2409//1997
f 2409//1997 2674//1997 2675//1997
f 2409//1997 2675//1997 2411//1997
f 2411//1997 2675//1997 2676//1997
f 2411//1997 2676//1997 2413//1997
f 2413//1997 2676//1997 2665//1997
f 2673//1952 2579//1952 2674//1952
f 2674//1953 2579//1953 2578//1953
f 2674//1954 2578//1954 2675//1954
f 2675//1955 2578//1955 2577//1955
f 2675//1956 2577//1956 2676//1956
f 2676//1957 2577//1957 2588//1957
f 2676//1958 2588//1958 2665//1958
f 2665//1959 2588//1959 2584//1959
f 2665//1960 2584//1960 2666//1960
f 2666//1961 2584//1961 2585//1961
f 2666//1962 2585//1962 2667//1962
f 2667//1963 2585//1963 2582//1963
f 2667//1964 2582//1964 2668//1964
f 2668//1965 2582//1965 2568//1965
f 2668//1966 2568//1966 2669//1966
f 2669//1967 2568//1967 2567//1967
f 2669//1968 2567//1968 2670//1968
f 2670//1969 2567//1969 2566//1969
f 2670//1970 2566//1970 2671//1970
f 2671//1971 2566//1971 2581//1971
f 2671//1972 2581//1972 2672//1972
f 2672//1973 2581//1973 2580//1973
f 2672//1974 2580//1974 2673//1974
f 2673//1975 2580//1975 2579//1975
f 2385//1997 2677//1997 2387//1997
f 2387//1997 2677//1997 2678//1997
f 2387//1997 2678//1997 2389//1997
f 2389//1997 2678//1997 2679//1997
f 2389//1997 2679//1997 2391//1997
f 2391//1997 2679//1997 2680//1997
f 2391//1997 2680//1997 2393//1997
f 2393//1997 2680//1997 2681//1997
f 2393//1997 2681//1997 2395//1997
f 2395//1997 2681//1997 2682//1997
f 2395//1997 2682//1997 2397//1997
f 2397//1997 2682//1997 2683//1997
f 2397//1997 2683//1997 2399//1997
f 2399//1997 2683//1997 2684//1997
f 2399//1997 2684//1997 2401//1997
f 2401//1997 2684//1997 2685//1997
f 2401//1997 2685//1997 2403//1997
f 2403//1997 2685//1997 2686//1997
f 2403//1997 2686//1997 2381//1997
f 2381//1997 2686//1997 2687//1997
f 2381//1997 2687//1997 2383//1997
f 2383//1997 2687//1997 2688//1997
f 2383//1997 2688//1997 2385//1997
f 2385//1997 2688//1997 2677//1997
f 2688//2102 2576//2102 2677//2102
f 2677//2103 2576//2103 2564//2103
f 2677//1956 2564//1956 2678//1956
f 2678//1957 2564//1957 2565//1957
f 2678//1958 2565//1958 2679//1958
f 2565//1959 2573//1959 2679//1959
f 2679//2104 2573//2104 2572//2104
f 2679//2105 2572//2105 2680//2105
f 2680//2106 2572//2106 2571//2106
f 2680//1962 2571//1962 2681//1962
f 2681//1963 2571//1963 2570//1963
f 2681//1964 2570//1964 2682//1964
f 2682//1965 2570//1965 2569//1965
f 2682//1966 2569//1966 2683//1966
f 2683//1967 2569//1967 2583//1967
f 2683//1968 2583//1968 2684//1968
f 2684//1969 2583//1969 2587//1969
f 2684//1970 2587//1970 2685//1970
f 2685//1971 2587//1971 2589//1971
f 2685//1972 2589//1972 2686//1972
f 2686//1973 2589//1973 2586//1973
f 2686//1974 2586//1974 2687//1974
f 2687//1975 2586//1975 2575//1975
f 2687//1952 2575//1952 2688//1952
f 2688//1953 2575//1953 2574//1953
f 2688//2107 2574//2107 2576//2107
f 2600//1952 2533//1952 2601//1952
f 2601//1953 2533//1953 2532//1953
f 2601//1954 2532//1954 2602//1954
f 2602//1955 2532//1955 2530//1955
f 2602//1956 2530//1956 2620//1956
f 2620//1957 2530//1957 2529//1957
f 2620//1958 2529//1958 2619//1958
f 2619//1959 2529//1959 2524//1959
f 2619//1960 2524//1960 2617//1960
f 2617//1961 2524//1961 2522//1961
f 2617//1962 2522//1962 2599//1962
f 2599//1963 2522//1963 2521//1963
f 2599//1964 2521//1964 2597//1964
f 2597//1965 2521//1965 2526//1965
f 2597//1966 2526//1966 2595//1966
f 2595//1967 2526//1967 2544//1967
f 2595//1968 2544//1968 2590//1968
f 2590//1969 2544//1969 2537//1969
f 2590//1970 2537//1970 2591//1970
f 2591//1971 2537//1971 2536//1971
f 2591//1972 2536//1972 2592//1972
f 2592//1973 2536//1973 2534//1973
f 2592//1974 2534//1974 2600//1974
f 2600//1975 2534//1975 2533//1975
f 2689//2108 2690//2108 2691//2108
f 2691//2108 2690//2108 2692//2108
f 2691//2108 2692//2108 2693//2108
f 2693//2108 2692//2108 2694//2108
f 2693//2108 2694//2108 2695//2108
f 2695//2108 2694//2108 2696//2108
f 2695//2108 2696//2108 2697//2108
f 2697//2108 2696//2108 2698//2108
f 2697//2108 2698//2108 2699//2108
f 2699//2108 2698//2108 2700//2108
f 2699//2108 2700//2108 2701//2108
f 2701//2108 2700//2108 2702//2108
f 2701//2108 2702//2108 2703//2108
f 2703//2108 2702//2108 2704//2108
f 2703//2108 2704//2108 2705//2108
f 2706//2108 2707//2108 2708//2108
f 2708//2108 2707//2108 2709//2108
f 2708//2108 2709//2108 2710//2108
f 2710//2108 2709//2108 2711//2108
f 2710//2108 2711//2108 2712//2108
f 2712//2108 2711//2108 2713//2108
f 2712//2108 2713//2108 2714//2108
f 2714//2108 2713//2108 2715//2108
f 2714//2108 2715//2108 2716//2108
f 2716//2108 2715//2108 2717//2108
f 2716//2108 2717//2108 2718//2108
f 2718//2108 2717//2108 2719//2108
f 2718//2108 2719//2108 2720//2108
f 2720//2108 2719//2108 2721//2108
f 2720//2108 2721//2108 2689//2108
f 2689//2108 2721//2108 2722//2108
f 2689//2108 2722//2108 2690//2108
f 2704//2108 2723//2108 2705//2108
f 2705//2108 2723//2108 2724//2108
f 2705//2108 2724//2108 2725//2108
f 2725//2108 2724//2108 2726//2108
f 2725//2108 2726//2108 2727//2108
f 2727//2108 2726//2108 2728//2108
f 2727//2108 2728//2108 2729//2108
f 2729//2108 2728//2108 2730//2108
f 2729//2108 2730//2108 2731//2108
f 2731//2108 2730//2108 2732//2108
f 2731//2108 2732//2108 2733//2108
f 2733//2108 2732//2108 2734//2108
f 2733//2108 2734//2108 2735//2108
f 2735//2108 2734//2108 2736//2108
f 2735//2108 2736//2108 2737//2108
f 2737//2108 2736//2108 2738//2108
f 2737//2108 2738//2108 2739//2108
f 2739//2108 2738//2108 2740//2108
f 2739//2108 2740//2108 2706//2108
f 2706//2108 2740//2108 2741//2108
f 2706//2108 2741//2108 2707//2108
f 2724//2109 2742//2109 2726//2109
f 2726//2110 2742//2110 2743//2110
f 2726//2111 2743//2111 2728//2111
f 2728//2112 2743//2112 2744//2112
f 2728//2113 2744//2113 2730//2113
f 2730//2114 2744//2114 2745//2114
f 2730//2115 2745//2115 2732//2115
f 2732//2116 2745//2116 2746//2116
f 2732//2117 2746//2117 2734//2117
f 2734//2118 2746//2118 2747//2118
f 2734//2119 2747//2119 2736//2119
f 2736//2120 2747//2120 2748//2120
f 2736//2121 2748//2121 2738//2121
f 2738//2122 2748//2122 2749//2122
f 2738//2123 2749//2123 2740//2123
f 2740//2124 2749//2124 2750//2124
f 2740//2125 2750//2125 2741//2125
f 2741//2126 2750//2126 2751//2126
f 2741//2127 2751//2127 2707//2127
f 2707//2128 2751//2128 2752//2128
f 2707//2129 2752//2129 2709//2129
f 2709//2130 2752//2130 2753//2130
f 2709//2131 2753//2131 2711//2131
f 2711//2132 2753//2132 2754//2132
f 2711//2133 2754//2133 2713//2133
f 2713//2134 2754//2134 2755//2134
f 2713//2135 2755//2135 2715//2135
f 2715//2136 2755//2136 2756//2136
f 2715//2137 2756//2137 2717//2137
f 2717//2138 2756//2138 2757//2138
f 2717//2139 2757//2139 2719//2139
f 2719//2140 2757//2140 2758//2140
f 2719//2141 2758//2141 2721//2141
f 2721//2142 2758//2142 2759//2142
f 2721//2143 2759//2143 2722//2143
f 2722//2144 2759//2144 2760//2144
f 2722//2145 2760//2145 2690//2145
f 2690//2146 2760//2146 2761//2146
f 2690//2147 2761//2147 2692//2147
f 2692//2148 2761//2148 2762//2148
f 2692//2149 2762//2149 2694//2149
f 2694//2150 2762//2150 2763//2150
f 2694//2151 2763//2151 2696//2151
f 2696//2152 2763//2152 2764//2152
f 2696//2153 2764//2153 2698//2153
f 2698//2154 2764//2154 2765//2154
f 2698//2155 2765//2155 2700//2155
f 2700//2156 2765//2156 2766//2156
f 2700//2157 2766//2157 2702//2157
f 2702//2158 2766//2158 2767//2158
f 2702//2159 2767//2159 2704//2159
f 2704//2160 2767//2160 2768//2160
f 2704//2161 2768//2161 2723//2161
f 2723//2162 2768//2162 2769//2162
f 2723//2163 2769//2163 2724//2163
f 2724//2164 2769//2164 2742//2164
f 2714//2165 2770//2165 2712//2165
f 2712//2166 2770//2166 2771//2166
f 2712//2167 2771//2167 2710//2167
f 2710//2168 2771//2168 2772//2168
f 2710//2169 2772//2169 2708//2169
f 2708//2170 2772//2170 2773//2170
f 2708//2171 2773//2171 2706//2171
f 2706//2172 2773//2172 2774//2172
f 2706//2173 2774//2173 2739//2173
f 2739//2174 2774//2174 2775//2174
f 2739//2175 2775//2175 2737//2175
f 2737//2176 2775//2176 2776//2176
f 2737//2177 2776//2177 2735//2177
f 2735//2178 2776//2178 2777//2178
f 2735//2179 2777//2179 2733//2179
f 2733//2180 2777//2180 2778//2180
f 2733//2181 2778//2181 2731//2181
f 2731//2182 2778//2182 2779//2182
f 2731//2183 2779//2183 2729//2183
f 2729//2184 2779//2184 2780//2184
f 2729//2185 2780//2185 2727//2185
f 2727//2186 2780//2186 2781//2186
f 2727//2187 2781//2187 2725//2187
f 2725//2188 2781//2188 2782//2188
f 2725//2189 2782//2189 2705//2189
f 2705//2190 2782//2190 2783//2190
f 2705//2191 2783//2191 2703//2191
f 2703//2192 2783//2192 2784//2192
f 2703//2193 2784//2193 2701//2193
f 2701//2194 2784//2194 2785//2194
f 2701//2195 2785//2195 2699//2195
f 2699//2196 2785//2196 2786//2196
f 2699//2197 2786//2197 2697//2197
f 2697//2198 2786//2198 2787//2198
f 2697//2199 2787//2199 2695//2199
f 2695//2200 2787//2200 2788//2200
f 2695//2201 2788//2201 2693//2201
f 2693//2202 2788//2202 2789//2202
f 2693//2203 2789//2203 2691//2203
f 2691//2204 2789//2204 2790//2204
f 2691//2205 2790//2205 2689//2205
f 2689//2206 2790//2206 2791//2206
f 2689//2207 2791//2207 2720//2207
f 2720//2208 2791//2208 2792//2208
f 2720//2209 2792//2209 2718//2209
f 2718//2210 2792//2210 2793//2210
f 2718//2211 2793//2211 2716//2211
f 2716//2212 2793//2212 2794//2212
f 2716//2213 2794//2213 2714//2213
f 2714//2214 2794//2214 2770//2214
f 2766//2108 2795//2108 2767//2108
f 2767//2108 2795//2108 2796//2108
f 2767//2108 2796//2108 2768//2108
f 2768//2108 2796//2108 2797//2108
f 2768//2108 2797//2108 2769//2108
f 2769//2108 2797//2108 2798//2108
f 2769//2108 2798//2108 2742//2108
f 2742//2108 2798//2108 2799//2108
f 2742//2108 2799//2108 2743//2108
f 2760//2108 2800//2108 2761//2108
f 2761//2108 2800//2108 2801//2108
f 2761//2108 2801//2108 2762//2108
f 2762//2108 2801//2108 2802//2108
f 2762//2108 2802//2108 2763//2108
f 2763//2108 2802//2108 2803//2108
f 2763//2108 2803//2108 2764//2108
f 2764//2108 2803//2108 2804//2108
f 2764//2108 2804//2108 2765//2108
f 2765//2108 2804//2108 2805//2108
f 2765//2108 2805//2108 2766//2108
f 2766//2108 2805//2108 2806//2108
f 2766//2108 2806//2108 2795//2108
f 2799//2108 2807//2108 2743//2108
f 2743//2108 2807//2108 2808//2108
f 2743//2108 2808//2108 2744//2108
f 2744//2108 2808//2108 2809//2108
f 2744//2108 2809//2108 2745//2108
f 2745//2108 2809//2108 2810//2108
f 2745//2108 2810//2108 2746//2108
f 2746//2108 2810//2108 2811//2108
f 2746//2108 2811//2108 2747//2108
f 2747//2108 2811//2108 2812//2108
f 2747//2108 2812//2108 2748//2108
f 2748//2108 2812//2108 2813//2108
f 2748//2108 2813//2108 2749//2108
f 2754//2108 2814//2108 2755//2108
f 2755//2108 2814//2108 2815//2108
f 2755//2108 2815//2108 2756//2108
f 2756//2108 2815//2108 2816//2108
f 2756//2108 2816//2108 2757//2108
f 2757//2108 2816//2108 2817//2108
f 2757//2108 2817//2108 2758//2108
f 2758//2108 2817//2108 2818//2108
f 2758//2108 2818//2108 2759//2108
f 2759//2108 2818//2108 2819//2108
f 2759//2108 2819//2108 2760//2108
f 2760//2108 2819//2108 2820//2108
f 2760//2108 2820//2108 2800//2108
f 2813//2108 2821//2108 2749//2108
f 2749//2108 2821//2108 2822//2108
f 2749//2108 2822//2108 2750//2108
f 2750//2108 2822//2108 2823//2108
f 2750//2108 2823//2108 2751//2108
f 2751//2108 2823//2108 2824//2108
f 2751//2108 2824//2108 2752//2108
f 2752//2108 2824//2108 2825//2108
f 2752//2108 2825//2108 2753//2108
f 2753//2108 2825//2108 2826//2108
f 2753//2108 2826//2108 2754//2108
f 2754//2108 2826//2108 2827//2108
f 2754//2108 2827//2108 2814//2108
f 2783//2215 2828//2215 2784//2215
f 2784//2215 2828//2215 2829//2215
f 2784//2215 2829//2215 2785//2215
f 2785//2215 2829//2215 2830//2215
f 2785//2215 2830//2215 2786//2215
f 2786//2215 2830//2215 2831//2215
f 2786//2215 2831//2215 2787//2215
f 2787//2215 2831//2215 2832//2215
f 2787//2215 2832//2215 2788//2215
f 2788//2215 2832//2215 2833//2215
f 2788//2215 2833//2215 2789//2215
f 2789//2215 2833//2215 2834//2215
f 2789//2215 2834//2215 2790//2215
f 2790//2215 2834//2215 2835//2215
f 2790//2215 2835//2215 2791//2215
f 2774//2215 2836//2215 2775//2215
f 2775//2215 2836//2215 2837//2215
f 2775//2215 2837//2215 2776//2215
f 2776//2215 2837//2215 2838//2215
f 2776//2215 2838//2215 2777//2215
f 2777//2215 2838//2215 2839//2215
f 2777//2215 2839//2215 2778//2215
f 2778//2215 2839//2215 2840//2215
f 2778//2215 2840//2215 2779//2215
f 2779//2215 2840//2215 2841//2215
f 2779//2215 2841//2215 2780//2215
f 2780//2215 2841//2215 2842//2215
f 2780//2215 2842//2215 2781//2215
f 2781//2215 2842//2215 2843//2215
f 2781//2215 2843//2215 2782//2215
f 2782//2215 2843//2215 2844//2215
f 2782//2215 2844//2215 2783//2215
f 2783//2215 2844//2215 2845//2215
f 2783//2215 2845//2215 2828//2215
f 2835//2215 2846//2215 2791//2215
f 2791//2215 2846//2215 2847//2215
f 2791//2215 2847//2215 2792//2215
f 2792//2215 2847//2215 2848//2215
f 2792//2215 2848//2215 2793//2215
f 2793//2215 2848//2215 2849//2215
f 2793//2215 2849//2215 2794//2215
f 2794//2215 2849//2215 2850//2215
f 2794//2215 2850//2215 2770//2215
f 2770//2215 2850//2215 2851//2215
f 2770//2215 2851//2215 2771//2215
f 2771//2215 2851//2215 2852//2215
f 2771//2215 2852//2215 2772//2215
f 2772//2215 2852//2215 2853//2215
f 2772//2215 2853//2215 2773//2215
f 2773//2215 2853//2215 2854//2215
f 2773//2215 2854//2215 2774//2215
f 2774//2215 2854//2215 2855//2215
f 2774//2215 2855//2215 2836//2215
f 2798//2216 2856//2216 2799//2216
f 2799//2217 2856//2217 2857//2217
f 2799//2218 2857//2218 2807//2218
f 2807//2219 2857//2219 2858//2219
f 2807//2220 2858//2220 2808//2220
f 2808//2221 2858//2221 2859//2221
f 2808//2222 2859//2222 2809//2222
f 2809//2223 2859//2223 2860//2223
f 2809//2224 2860//2224 2810//2224
f 2810//2225 2860//2225 2861//2225
f 2810//2226 2861//2226 2811//2226
f 2811//2227 2861//2227 2862//2227
f 2811//2228 2862//2228 2812//2228
f 2812//2229 2862//2229 2863//2229
f 2812//2230 2863//2230 2813//2230
f 2813//2231 2863//2231 2864//2231
f 2813//2232 2864//2232 2821//2232
f 2821//2233 2864//2233 2865//2233
f 2821//2234 2865//2234 2822//2234
f 2822//2235 2865//2235 2866//2235
f 2822//2236 2866//2236 2823//2236
f 2823//2237 2866//2237 2867//2237
f 2823//2238 2867//2238 2824//2238
f 2824//2239 2867//2239 2868//2239
f 2824//2240 2868//2240 2825//2240
f 2825//2241 2868//2241 2869//2241
f 2825//2242 2869//2242 2826//2242
f 2826//2243 2869//2243 2870//2243
f 2826//2244 2870//2244 2827//2244
f 2827//2245 2870//2245 2871//2245
f 2827//2246 2871//2246 2814//2246
f 2814//2247 2871//2247 2872//2247
f 2814//2248 2872//2248 2815//2248
f 2815//2249 2872//2249 2873//2249
f 2815//2250 2873//2250 2816//2250
f 2816//2251 2873//2251 2874//2251
f 2816//2252 2874//2252 2817//2252
f 2817//2253 2874//2253 2875//2253
f 2817//2254 2875//2254 2818//2254
f 2818//2255 2875//2255 2876//2255
f 2818//2256 2876//2256 2819//2256
f 2819//2257 2876//2257 2877//2257
f 2819//2258 2877//2258 2820//2258
f 2820//2259 2877//2259 2878//2259
f 2820//2260 2878//2260 2800//2260
f 2800//2261 2878//2261 2879//2261
f 2800//2262 2879//2262 2801//2262
f 2801//2263 2879//2263 2880//2263
f 2801//2264 2880//2264 2802//2264
f 2802//2265 2880//2265 2881//2265
f 2802//2266 2881//2266 2803//2266
f 2803//2267 2881//2267 2882//2267
f 2803//2268 2882//2268 2804//2268
f 2804//2269 2882//2269 2883//2269
f 2804//2270 2883//2270 2805//2270
f 2805//2271 2883//2271 2884//2271
f 2805//2272 2884//2272 2806//2272
f 2806//2273 2884//2273 2885//2273
f 2806//2274 2885//2274 2795//2274
f 2795//2275 2885//2275 2886//2275
f 2795//2276 2886//2276 2796//2276
f 2796//2277 2886//2277 2887//2277
f 2796//2278 2887//2278 2797//2278
f 2797//2279 2887//2279 2888//2279
f 2797//2280 2888//2280 2798//2280
f 2798//2281 2888//2281 2856//2281
f 2851//2134 2889//2134 2852//2134
f 2852//2282 2889//2282 2890//2282
f 2852//2132 2890//2132 2853//2132
f 2853//2283 2890//2283 2891//2283
f 2853//2130 2891//2130 2854//2130
f 2854//2284 2891//2284 2892//2284
f 2854//2285 2892//2285 2855//2285
f 2855//2127 2892//2127 2893//2127
f 2855//2286 2893//2286 2836//2286
f 2836//2125 2893//2125 2894//2125
f 2836//2287 2894//2287 2837//2287
f 2837//2123 2894//2123 2895//2123
f 2837//2122 2895//2122 2838//2122
f 2838//2121 2895//2121 2896//2121
f 2838//2120 2896//2120 2839//2120
f 2839//2288 2896//2288 2897//2288
f 2839//2118 2897//2118 2840//2118
f 2840//2289 2897//2289 2898//2289
f 2840//2116 2898//2116 2841//2116
f 2841//2290 2898//2290 2899//2290
f 2841//2291 2899//2291 2842//2291
f 2842//2113 2899//2113 2900//2113
f 2842//2292 2900//2292 2843//2292
f 2843//2111 2900//2111 2901//2111
f 2843//2293 2901//2293 2844//2293
f 2844//2109 2901//2109 2902//2109
f 2844//2164 2902//2164 2845//2164
f 2845//2163 2902//2163 2903//2163
f 2845//2162 2903//2162 2828//2162
f 2828//2294 2903//2294 2904//2294
f 2828//2160 2904//2160 2829//2160
f 2829//2295 2904//2295 2905//2295
f 2829//2158 2905//2158 2830//2158
f 2830//2296 2905//2296 2906//2296
f 2830//2297 2906//2297 2831//2297
f 2831//2155 2906//2155 2907//2155
f 2831//2298 2907//2298 2832//2298
f 2832//2153 2907//2153 2908//2153
f 2832//2299 2908//2299 2833//2299
f 2833//2151 2908//2151 2909//2151
f 2833//2150 2909//2150 2834//2150
f 2834//2149 2909//2149 2910//2149
f 2834//2148 2910//2148 2835//2148
f 2835//2300 2910//2300 2911//2300
f 2835//2146 2911//2146 2846//2146
f 2846//2301 2911//2301 2912//2301
f 2846//2144 2912//2144 2847//2144
f 2847//2302 2912//2302 2913//2302
f 2847//2303 2913//2303 2848//2303
f 2848//2141 2913//2141 2914//2141
f 2848//2304 2914//2304 2849//2304
f 2849//2139 2914//2139 2915//2139
f 2849//2305 2915//2305 2850//2305
f 2850//2137 2915//2137 2916//2137
f 2850//2136 2916//2136 2851//2136
f 2851//2135 2916//2135 2889//2135
f 2885//2108 2917//2108 2886//2108
f 2886//2108 2917//2108 2918//2108
f 2886//2108 2918//2108 2887//2108
f 2887//2108 2918//2108 2919//2108
f 2887//2108 2919//2108 2888//2108
f 2888//2108 2919//2108 2920//2108
f 2888//2108 2920//2108 2856//2108
f 2856//2108 2920//2108 2921//2108
f 2856//2108 2921//2108 2857//2108
f 2857//2108 2921//2108 2922//2108
f 2857//2108 2922//2108 2858//2108
f 2858//2108 2922//2108 2923//2108
f 2858//2108 2923//2108 2859//2108
f 2923//2108 2924//2108 2859//2108
f 2859//2108 2924//2108 2925//2108
f 2859//2108 2925//2108 2860//2108
f 2860//2108 2925//2108 2926//2108
f 2860//2108 2926//2108 2861//2108
f 2861//2108 2926//2108 2927//2108
f 2861//2108 2927//2108 2862//2108
f 2862//2108 2927//2108 2928//2108
f 2862//2108 2928//2108 2863//2108
f 2863//2108 2928//2108 2929//2108
f 2863//2108 2929//2108 2864//2108
f 2864//2108 2929//2108 2930//2108
f 2864//2108 2930//2108 2865//2108
f 2879//2108 2931//2108 2880//2108
f 2880//2108 2931//2108 2932//2108
f 2880//2108 2932//2108 2881//2108
f 2881//2108 2932//2108 2933//2108
f 2881//2108 2933//2108 2882//2108
f 2882//2108 2933//2108 2934//2108
f 2882//2108 2934//2108 2883//2108
f 2883//2108 2934//2108 2935//2108
f 2883//2108 2935//2108 2884//2108
f 2884//2108 2935//2108 2936//2108
f 2884//2108 2936//2108 2885//2108
f 2885//2108 2936//2108 2937//2108
f 2885//2108 2937//2108 2917//2108
f 2872//2108 2938//2108 2873//2108
f 2873//2108 2938//2108 2939//2108
f 2873//2108 2939//2108 2874//2108
f 2874//2108 2939//2108 2940//2108
f 2874//2108 2940//2108 2875//2108
f 2875//2108 2940//2108 2941//2108
f 2875//2108 2941//2108 2876//2108
f 2876//2108 2941//2108 2942//2108
f 2876//2108 2942//2108 2877//2108
f 2877//2108 2942//2108 2943//2108
f 2877//2108 2943//2108 2878//2108
f 2878//2108 2943//2108 2944//2108
f 2878//2108 2944//2108 2879//2108
f 2879//2108 2944//2108 2945//2108
f 2879//2108 2945//2108 2931//2108
f 2930//2108 2946//2108 2865//2108
f 2865//2108 2946//2108 2947//2108
f 2865//2108 2947//2108 2866//2108
f 2866//2108 2947//2108 2948//2108
f 2866//2108 2948//2108 2867//2108
f 2867//2108 2948//2108 2949//2108
f 2867//2108 2949//2108 2868//2108
f 2868//2108 2949//2108 2950//2108
f 2868//2108 2950//2108 2869//2108
f 2869//2108 2950//2108 2951//2108
f 2869//2108 2951//2108 2870//2108
f 2870//2108 2951//2108 2952//2108
f 2870//2108 2952//2108 2871//2108
f 2871//2108 2952//2108 2953//2108
f 2871//2108 2953//2108 2872//2108
f 2872//2108 2953//2108 2954//2108
f 2872//2108 2954//2108 2938//2108
f 2913//2215 2955//2215 2914//2215
f 2914//2215 2955//2215 2956//2215
f 2914//2215 2956//2215 2915//2215
f 2915//2215 2956//2215 2957//2215
f 2915//2215 2957//2215 2916//2215
f 2916//2215 2957//2215 2958//2215
f 2916//2215 2958//2215 2889//2215
f 2889//2215 2958//2215 2959//2215
f 2889//2215 2959//2215 2890//2215
f 2907//2215 2960//2215 2908//2215
f 2908//2215 2960//2215 2961//2215
f 2908//2215 2961//2215 2909//2215
f 2909//2215 2961//2215 2962//2215
f 2909//2215 2962//2215 2910//2215
f 2910//2215 2962//2215 2963//2215
f 2910//2215 2963//2215 2911//2215
f 2911//2215 2963//2215 2964//2215
f 2911//2215 2964//2215 2912//2215
f 2912//2215 2964//2215 2965//2215
f 2912//2215 2965//2215 2913//2215
f 2913//2215 2965//2215 2966//2215
f 2913//2215 2966//2215 2955//2215
f 2959//2215 2967//2215 2890//2215
f 2890//2215 2967//2215 2968//2215
f 2890//2215 2968//2215 2891//2215
f 2891//2215 2968//2215 2969//2215
f 2891//2215 2969//2215 2892//2215
f 2892//2215 2969//2215 2970//2215
f 2892//2215 2970//2215 2893//2215
f 2893//2215 2970//2215 2971//2215
f 2893//2215 2971//2215 2894//2215
f 2894//2215 2971//2215 2972//2215
f 2894//2215 2972//2215 2895//2215
f 2895//2215 2972//2215 2973//2215
f 2895//2215 2973//2215 2896//2215
f 2901//2215 2974//2215 2902//2215
f 2902//2215 2974//2215 2975//2215
f 2902//2215 2975//2215 2903//2215
f 2903//2215 2975//2215 2976//2215
f 2903//2215 2976//2215 2904//2215
f 2904//2215 2976//2215 2977//2215
f 2904//2215 2977//2215 2905//2215
f 2905//2215 2977//2215 2978//2215
f 2905//2215 2978//2215 2906//2215
f 2906//2215 2978//2215 2979//2215
f 2906//2215 2979//2215 2907//2215
f 2907//2215 2979//2215 2980//2215
f 2907//2215 2980//2215 2960//2215
f 2973//2215 2981//2215 2896//2215
f 2896//2215 2981//2215 2982//2215
f 2896//2215 2982//2215 2897//2215
f 2897//2215 2982//2215 2983//2215
f 2897//2215 2983//2215 2898//2215
f 2898//2215 2983//2215 2984//2215
f 2898//2215 2984//2215 2899//2215
f 2899//2215 2984//2215 2985//2215
f 2899//2215 2985//2215 2900//2215
f 2900//2215 2985//2215 2986//2215
f 2900//2215 2986//2215 2901//2215
f 2901//2215 2986//2215 2987//2215
f 2901//2215 2987//2215 2974//2215
f 2988//2306 2954//2306 2989//2306
f 2989//2307 2954//2307 2953//2307
f 2989//2308 2953//2308 2990//2308
f 2990//2309 2953//2309 2952//2309
f 2990//2310 2952//2310 2991//2310
f 2991//2311 2952//2311 2951//2311
f 2991//2312 2951//2312 2992//2312
f 2992//2313 2951//2313 2950//2313
f 2992//2314 2950//2314 2993//2314
f 2993//2315 2950//2315 2949//2315
f 2993//2316 2949//2316 2994//2316
f 2994//2317 2949//2317 2948//2317
f 2994//2318 2948//2318 2995//2318
f 2995//2319 2948//2319 2947//2319
f 2995//2320 2947//2320 2996//2320
f 2996//2321 2947//2321 2946//2321
f 2996//2322 2946//2322 2997//2322
f 2997//2323 2946//2323 2930//2323
f 2997//2324 2930//2324 2998//2324
f 2998//2325 2930//2325 2929//2325
f 2998//2326 2929//2326 2999//2326
f 2999//2327 2929//2327 2928//2327
f 2999//2328 2928//2328 3000//2328
f 3000//2329 2928//2329 2927//2329
f 3000//2330 2927//2330 3001//2330
f 3001//2331 2927//2331 2926//2331
f 3001//2332 2926//2332 3002//2332
f 3002//2333 2926//2333 2925//2333
f 3002//2334 2925//2334 3003//2334
f 3003//2335 2925//2335 2924//2335
f 3003//2336 2924//2336 3004//2336
f 3004//2337 2924//2337 2923//2337
f 3004//2338 2923//2338 3005//2338
f 3005//2339 2923//2339 2922//2339
f 3005//2340 2922//2340 3006//2340
f 3006//2341 2922//2341 2921//2341
f 3006//2342 2921//2342 3007//2342
f 3007//2343 2921//2343 2920//2343
f 3007//2344 2920//2344 3008//2344
f 3008//2345 2920//2345 2919//2345
f 3008//2346 2919//2346 3009//2346
f 3009//2347 2919//2347 2918//2347
f 3009//2348 2918//2348 3010//2348
f 3010//2349 2918//2349 2917//2349
f 3010//2350 2917//2350 3011//2350
f 3011//2351 2917//2351 2937//2351
f 3011//2352 2937//2352 3012//2352
f 3012//2353 2937//2353 2936//2353
f 3012//2354 2936//2354 3013//2354
f 3013//2355 2936//2355 2935//2355
f 3013//2356 2935//2356 3014//2356
f 3014//2357 2935//2357 2934//2357
f 3014//2358 2934//2358 3015//2358
f 3015//2359 2934//2359 2933//2359
f 3015//2360 2933//2360 3016//2360
f 3016//2361 2933//2361 2932//2361
f 3016//2362 2932//2362 3017//2362
f 3017//2363 2932//2363 2931//2363
f 3017//2364 2931//2364 3018//2364
f 3018//2365 2931//2365 2945//2365
f 3018//2366 2945//2366 3019//2366
f 3019//2367 2945//2367 2944//2367
f 3019//2368 2944//2368 3020//2368
f 3020//2369 2944//2369 2943//2369
f 3020//2370 2943//2370 3021//2370
f 3021//2371 2943//2371 2942//2371
f 3021//2372 2942//2372 3022//2372
f 3022//2373 2942//2373 2941//2373
f 3022//2374 2941//2374 3023//2374
f 3023//2375 2941//2375 2940//2375
f 3023//2376 2940//2376 3024//2376
f 3024//2377 2940//2377 2939//2377
f 3024//2378 2939//2378 3025//2378
f 3025//2379 2939//2379 2938//2379
f 3025//2380 2938//2380 2988//2380
f 2988//2381 2938//2381 2954//2381
f 2958//2382 3026//2382 2959//2382
f 2959//2383 3026//2383 3027//2383
f 2959//2384 3027//2384 2967//2384
f 2967//2385 3027//2385 3028//2385
f 2967//2386 3028//2386 2968//2386
f 2968//2387 3028//2387 3029//2387
f 2968//2388 3029//2388 2969//2388
f 2969//2389 3029//2389 3030//2389
f 2969//2390 3030//2390 2970//2390
f 2970//2391 3030//2391 3031//2391
f 2970//2392 3031//2392 2971//2392
f 2971//2393 3031//2393 3032//2393
f 2971//2394 3032//2394 2972//2394
f 2972//2395 3032//2395 3033//2395
f 2972//2396 3033//2396 2973//2396
f 2973//2397 3033//2397 3034//2397
f 2973//2398 3034//2398 2981//2398
f 2981//2399 3034//2399 3035//2399
f 2981//2400 3035//2400 2982//2400
f 2982//2401 3035//2401 3036//2401
f 2982//2402 3036//2402 2983//2402
f 2983//2403 3036//2403 3037//2403
f 2983//2404 3037//2404 2984//2404
f 2984//2405 3037//2405 3038//2405
f 2984//2406 3038//2406 2985//2406
f 2985//2407 3038//2407 3039//2407
f 2985//2408 3039//2408 2986//2408
f 2986//2409 3039//2409 3040//2409
f 2986//2410 3040//2410 2987//2410
f 2987//2411 3040//2411 3041//2411
f 2987//2412 3041//2412 2974//2412
f 2974//2413 3041//2413 3042//2413
f 2974//2414 3042//2414 2975//2414
f 2975//2415 3042//2415 3043//2415
f 2975//2416 3043//2416 2976//2416
f 2976//2417 3043//2417 3044//2417
f 2976//2418 3044//2418 2977//2418
f 2977//2419 3044//2419 3045//2419
f 2977//2420 3045//2420 2978//2420
f 2978//2421 3045//2421 3046//2421
f 2978//2422 3046//2422 2979//2422
f 2979//2423 3046//2423 3047//2423
f 2979//2424 3047//2424 2980//2424
f 2980//2425 3047//2425 3048//2425
f 2980//2426 3048//2426 2960//2426
f 2960//2427 3048//2427 3049//2427
f 2960//2428 3049//2428 2961//2428
f 2961//2429 3049//2429 3050//2429
f 2961//2430 3050//2430 2962//2430
f 2962//2431 3050//2431 3051//2431
f 2962//2432 3051//2432 2963//2432
f 2963//2433 3051//2433 3052//2433
f 2963//2434 3052//2434 2964//2434
f 2964//2435 3052//2435 3053//2435
f 2964//2436 3053//2436 2965//2436
f 2965//2437 3053//2437 3054//2437
f 2965//2438 3054//2438 2966//2438
f 2966//2439 3054//2439 3055//2439
f 2966//2440 3055//2440 2955//2440
f 2955//2441 3055//2441 3056//2441
f 2955//2442 3056//2442 2956//2442
f 2956//2443 3056//2443 3057//2443
f 2956//2444 3057//2444 2957//2444
f 2957//2445 3057//2445 3058//2445
f 2957//2446 3058//2446 2958//2446
f 2958//2447 3058//2447 3026//2447
f 3059//2215 2998//2215 3060//2215
f 3060//2215 2998//2215 2999//2215
f 3060//2215 2999//2215 3061//2215
f 3061//2215 2999//2215 3000//2215
f 3061//2215 3000//2215 3062//2215
f 3062//2215 3000//2215 3001//2215
f 3062//2215 3001//2215 3063//2215
f 3063//2215 3001//2215 3002//2215
f 3063//2215 3002//2215 3064//2215
f 3064//2215 3002//2215 3003//2215
f 3064//2215 3003//2215 3065//2215
f 3065//2215 3003//2215 3004//2215
f 3065//2215 3004//2215 3066//2215
f 3066//2215 3004//2215 3005//2215
f 3066//2215 3005//2215 3067//2215
f 3067//2215 3005//2215 3006//2215
f 3067//2215 3006//2215 3068//2215
f 3068//2215 3006//2215 3007//2215
f 3068//2215 3007//2215 3069//2215
f 3069//2215 3007//2215 3008//2215
f 3069//2215 3008//2215 3070//2215
f 3070//2215 3008//2215 3009//2215
f 3070//2215 3009//2215 3071//2215
f 3071//2215 3009//2215 3010//2215
f 3071//2215 3010//2215 3072//2215
f 3072//2215 3010//2215 3011//2215
f 3072//2215 3011//2215 3073//2215
f 3073//2215 3011//2215 3012//2215
f 3073//2215 3012//2215 3074//2215
f 3074//2215 3012//2215 3013//2215
f 3074//2215 3013//2215 3075//2215
f 3075//2215 3013//2215 3014//2215
f 3075//2215 3014//2215 3076//2215
f 3076//2215 3014//2215 3015//2215
f 3076//2215 3015//2215 3077//2215
f 3015//2215 3016//2215 3077//2215
f 3077//2215 3016//2215 3017//2215
f 3077//2215 3017//2215 3078//2215
f 3078//2215 3017//2215 3018//2215
f 3078//2215 3018//2215 3079//2215
f 3079//2215 3018//2215 3019//2215
f 3079//2215 3019//2215 3080//2215
f 3080//2215 3019//2215 3020//2215
f 3080//2215 3020//2215 3081//2215
f 3081//2215 3020//2215 3021//2215
f 3081//2215 3021//2215 3082//2215
f 3082//2215 3021//2215 3022//2215
f 3082//2215 3022//2215 3083//2215
f 3083//2215 3022//2215 3023//2215
f 3083//2215 3023//2215 3084//2215
f 3084//2215 3023//2215 3024//2215
f 3084//2215 3024//2215 3085//2215
f 3085//2215 3024//2215 3025//2215
f 3085//2215 3025//2215 3086//2215
f 3086//2215 3025//2215 2988//2215
f 3086//2215 2988//2215 3087//2215
f 3087//2215 2988//2215 2989//2215
f 3087//2215 2989//2215 3088//2215
f 3088//2215 2989//2215 2990//2215
f 3088//2215 2990//2215 3089//2215
f 3089//2215 2990//2215 2991//2215
f 3089//2215 2991//2215 3090//2215
f 3090//2215 2991//2215 2992//2215
f 3090//2215 2992//2215 3091//2215
f 3091//2215 2992//2215 2993//2215
f 3091//2215 2993//2215 3092//2215
f 3092//2215 2993//2215 2994//2215
f 3092//2215 2994//2215 3093//2215
f 3093//2215 2994//2215 2995//2215
f 3093//2215 2995//2215 3094//2215
f 3094//2215 2995//2215 2996//2215
f 3094//2215 2996//2215 3059//2215
f 3059//2215 2996//2215 2997//2215
f 3059//2215 2997//2215 2998//2215
f 3054//2215 3095//2215 3055//2215
f 3055//2215 3095//2215 3096//2215
f 3055//2215 3096//2215 3056//2215
f 3056//2215 3096//2215 3097//2215
f 3056//2215 3097//2215 3057//2215
f 3057//2215 3097//2215 3098//2215
f 3057//2215 3098//2215 3058//2215
f 3058//2215 3098//2215 3099//2215
f 3058//2215 3099//2215 3026//2215
f 3026//2215 3099//2215 3100//2215
f 3026//2215 3100//2215 3027//2215
f 3027//2215 3100//2215 3101//2215
f 3027//2215 3101//2215 3028//2215
f 3028//2215 3101//2215 3102//2215
f 3028//2215 3102//2215 3029//2215
f 3029//2215 3102//2215 3103//2215
f 3029//2215 3103//2215 3030//2215
f 3030//2215 3103//2215 3104//2215
f 3030//2215 3104//2215 3031//2215
f 3031//2215 3104//2215 3105//2215
f 3031//2215 3105//2215 3032//2215
f 3043//2215 3106//2215 3044//2215
f 3044//2215 3106//2215 3107//2215
f 3044//2215 3107//2215 3045//2215
f 3045//2215 3107//2215 3108//2215
f 3045//2215 3108//2215 3046//2215
f 3046//2215 3108//2215 3109//2215
f 3046//2215 3109//2215 3047//2215
f 3047//2215 3109//2215 3110//2215
f 3047//2215 3110//2215 3048//2215
f 3048//2215 3110//2215 3111//2215
f 3048//2215 3111//2215 3049//2215
f 3049//2215 3111//2215 3112//2215
f 3049//2215 3112//2215 3050//2215
f 3050//2215 3112//2215 3113//2215
f 3050//2215 3113//2215 3051//2215
f 3051//2215 3113//2215 3114//2215
f 3051//2215 3114//2215 3052//2215
f 3052//2215 3114//2215 3115//2215
f 3052//2215 3115//2215 3053//2215
f 3053//2215 3115//2215 3116//2215
f 3053//2215 3116//2215 3054//2215
f 3054//2215 3116//2215 3117//2215
f 3054//2215 3117//2215 3095//2215
f 3105//2215 3118//2215 3032//2215
f 3032//2215 3118//2215 3119//2215
f 3032//2215 3119//2215 3033//2215
f 3033//2215 3119//2215 3120//2215
f 3033//2215 3120//2215 3034//2215
f 3034//2215 3120//2215 3121//2215
f 3034//2215 3121//2215 3035//2215
f 3035//2215 3121//2215 3122//2215
f 3035//2215 3122//2215 3036//2215
f 3036//2215 3122//2215 3123//2215
f 3036//2215 3123//2215 3037//2215
f 3037//2215 3123//2215 3124//2215
f 3037//2215 3124//2215 3038//2215
f 3038//2215 3124//2215 3125//2215
f 3038//2215 3125//2215 3039//2215
f 3039//2215 3125//2215 3126//2215
f 3039//2215 3126//2215 3040//2215
f 3040//2215 3126//2215 3127//2215
f 3040//2215 3127//2215 3041//2215
f 3041//2215 3127//2215 3128//2215
f 3041//2215 3128//2215 3042//2215
f 3042//2215 3128//2215 3129//2215
f 3042//2215 3129//2215 3043//2215
f 3043//2215 3129//2215 3130//2215
f 3043//2215 3130//2215 3106//2215
f 3100//2448 3087//2448 3101//2448
f 3101//2449 3087//2449 3088//2449
f 3101//2450 3088//2450 3102//2450
f 3102//2451 3088//2451 3089//2451
f 3102//2452 3089//2452 3103//2452
f 3103//2453 3089//2453 3090//2453
f 3103//2454 3090//2454 3104//2454
f 3104//2455 3090//2455 3091//2455
f 3104//2456 3091//2456 3105//2456
f 3105//2457 3091//2457 3092//2457
f 3105//2458 3092//2458 3118//2458
f 3118//2459 3092//2459 3093//2459
f 3118//2460 3093//2460 3119//2460
f 3119//2461 3093//2461 3094//2461
f 3119//2462 3094//2462 3120//2462
f 3120//2463 3094//2463 3059//2463
f 3120//2464 3059//2464 3121//2464
f 3121//2465 3059//2465 3060//2465
f 3121//2466 3060//2466 3122//2466
f 3122//2467 3060//2467 3061//2467
f 3122//2468 3061//2468 3123//2468
f 3123//2469 3061//2469 3062//2469
f 3123//2470 3062//2470 3124//2470
f 3124//2471 3062//2471 3063//2471
f 3124//2472 3063//2472 3125//2472
f 3125//2473 3063//2473 3064//2473
f 3125//2474 3064//2474 3126//2474
f 3126//2475 3064//2475 3065//2475
f 3126//2476 3065//2476 3127//2476
f 3127//2477 3065//2477 3066//2477
f 3127//2478 3066//2478 3128//2478
f 3128//2479 3066//2479 3067//2479
f 3128//2480 3067//2480 3129//2480
f 3129//2481 3067//2481 3068//2481
f 3129//2482 3068//2482 3130//2482
f 3130//2483 3068//2483 3069//2483
f 3130//2484 3069//2484 3106//2484
f 3106//2485 3069//2485 3070//2485
f 3106//2486 3070//2486 3107//2486
f 3107//2487 3070//2487 3071//2487
f 3107//2488 3071//2488 3108//2488
f 3108//2489 3071//2489 3072//2489
f 3108//2490 3072//2490 3109//2490
f 3109//2491 3072//2491 3073//2491
f 3109//2492 3073//2492 3110//2492
f 3110//2493 3073//2493 3074//2493
f 3110//2494 3074//2494 3111//2494
f 3111//2495 3074//2495 3075//2495
f 3111//2496 3075//2496 3112//2496
f 3112//2497 3075//2497 3076//2497
f 3112//2498 3076//2498 3113//2498
f 3113//2499 3076//2499 3077//2499
f 3113//2500 3077//2500 3114//2500
f 3114//2501 3077//2501 3078//2501
f 3114//2502 3078//2502 3115//2502
f 3115//2503 3078//2503 3079//2503
f 3115//2504 3079//2504 3116//2504
f 3116//2505 3079//2505 3080//2505
f 3116//2506 3080//2506 3117//2506
f 3117//2507 3080//2507 3081//2507
f 3117//2508 3081//2508 3095//2508
f 3095//2509 3081//2509 3082//2509
f 3095//2510 3082//2510 3096//2510
f 3096//2511 3082//2511 3083//2511
f 3096//2512 3083//2512 3097//2512
f 3097//2513 3083//2513 3084//2513
f 3097//2514 3084//2514 3098//2514
f 3098//2515 3084//2515 3085//2515
f 3098//2516 3085//2516 3099//2516
f 3099//2517 3085//2517 3086//2517
f 3099//2518 3086//2518 3100//2518
f 3100//2519 3086//2519 3087//2519
f 3131//2520 3132//2520 3133//2520
f 3133//2520 3132//2520 3134//2520
f 3133//2520 3134//2520 3135//2520
f 3135//2520 3134//2520 3136//2520
f 3135//2520 3136//2520 3137//2520
f 3137//2520 3136//2520 3138//2520
f 3137//2520 3138//2520 3139//2520
f 3139//2520 3138//2520 3140//2520
f 3139//2520 3140//2520 3141//2520
f 3142//2520 3143//2520 3144//2520
f 3144//2520 3143//2520 3145//2520
f 3144//2520 3145//2520 3146//2520
f 3146//2520 3145//2520 3147//2520
f 3146//2520 3147//2520 3148//2520
f 3148//2520 3147//2520 3149//2520
f 3148//2520 3149//2520 3150//2520
f 3150//2520 3149//2520 3151//2520
f 3150//2520 3151//2520 3131//2520
f 3131//2520 3151//2520 3152//2520
f 3131//2520 3152//2520 3132//2520
f 3153//2520 3154//2520 3155//2520
f 3155//2520 3154//2520 3156//2520
f 3155//2520 3156//2520 3157//2520
f 3157//2520 3156//2520 3158//2520
f 3157//2520 3158//2520 3159//2520
f 3159//2520 3158//2520 3160//2520
f 3159//2520 3160//2520 3161//2520
f 3161//2520 3160//2520 3162//2520
f 3161//2520 3162//2520 3142//2520
f 3142//2520 3162//2520 3163//2520
f 3142//2520 3163//2520 3143//2520
f 3140//2520 3164//2520 3141//2520
f 3141//2520 3164//2520 3165//2520
f 3141//2520 3165//2520 3166//2520
f 3166//2520 3165//2520 3167//2520
f 3166//2520 3167//2520 3168//2520
f 3168//2520 3167//2520 3169//2520
f 3168//2520 3169//2520 3170//2520
f 3170//2520 3169//2520 3171//2520
f 3170//2520 3171//2520 3172//2520
f 3172//2520 3171//2520 3173//2520
f 3172//2520 3173//2520 3174//2520
f 3174//2520 3173//2520 3175//2520
f 3174//2520 3175//2520 3176//2520
f 3176//2520 3175//2520 3177//2520
f 3176//2520 3177//2520 3178//2520
f 3178//2520 3177//2520 3179//2520
f 3178//2520 3179//2520 3180//2520
f 3180//2520 3179//2520 3181//2520
f 3180//2520 3181//2520 3182//2520
f 3182//2520 3181//2520 3183//2520
f 3182//2520 3183//2520 3184//2520
f 3184//2520 3183//2520 3185//2520
f 3184//2520 3185//2520 3153//2520
f 3153//2520 3185//2520 3186//2520
f 3153//2520 3186//2520 3154//2520
f 3187//2521 3188//2521 3189//2521
f 3189//2521 3188//2521 3190//2521
f 3189//2521 3190//2521 3191//2521
f 3191//2521 3190//2521 3192//2521
f 3190//2521 3193//2521 3192//2521
f 3192//2521 3193//2521 3194//2521
f 3192//2521 3194//2521 3195//2521
f 3196//2521 3197//2521 3198//2521
f 3195//2521 3199//2521 3192//2521
f 3192//2521 3199//2521 3196//2521
f 3192//2521 3196//2521 3200//2521
f 3200//2521 3196//2521 3198//2521
f 3201//2522 3202//2522 3152//2522
f 3152//2523 3151//2523 3201//2523
f 3201//2524 3151//2524 3149//2524
f 3201//2525 3149//2525 3203//2525
f 3203//2526 3149//2526 3147//2526
f 3203//2527 3147//2527 3204//2527
f 3204//2528 3147//2528 3205//2528
f 3205//2529 3147//2529 3145//2529
f 3205//2530 3145//2530 3206//2530
f 3207//2531 3208//2531 3181//2531
f 3181//2532 3179//2532 3207//2532
f 3207//2533 3179//2533 3177//2533
f 3207//2534 3177//2534 3209//2534
f 3209//2535 3177//2535 3175//2535
f 3209//2536 3175//2536 3210//2536
f 3210//2537 3175//2537 3211//2537
f 3211//2538 3175//2538 3173//2538
f 3211//2539 3173//2539 3188//2539
f 3188//2540 3173//2540 3190//2540
f 3190//2541 3173//2541 3171//2541
f 3190//2542 3171//2542 3193//2542
f 3193//2543 3171//2543 3169//2543
f 3193//2544 3169//2544 3194//2544
f 3194//2545 3169//2545 3167//2545
f 3194//2546 3167//2546 3195//2546
f 3195//2547 3167//2547 3165//2547
f 3195//2548 3165//2548 3199//2548
f 3199//2549 3165//2549 3164//2549
f 3199//2550 3164//2550 3196//2550
f 3196//2551 3164//2551 3140//2551
f 3196//2552 3140//2552 3197//2552
f 3197//2553 3140//2553 3138//2553
f 3197//2554 3138//2554 3198//2554
f 3198//2555 3138//2555 3136//2555
f 3198//2556 3136//2556 3200//2556
f 3200//2557 3136//2557 3134//2557
f 3200//2558 3134//2558 3192//2558
f 3192//2559 3134//2559 3132//2559
f 3192//2560 3132//2560 3191//2560
f 3191//2561 3132//2561 3152//2561
f 3191//2562 3152//2562 3189//2562
f 3189//2563 3152//2563 3202//2563
f 3189//2564 3202//2564 3187//2564
f 3206//2565 3145//2565 3212//2565
f 3212//2566 3145//2566 3143//2566
f 3212//2567 3143//2567 3213//2567
f 3213//2568 3143//2568 3163//2568
f 3213//2569 3163//2569 3214//2569
f 3214//2570 3163//2570 3162//2570
f 3214//2571 3162//2571 3215//2571
f 3215//2572 3162//2572 3160//2572
f 3215//2573 3160//2573 3216//2573
f 3216//2574 3160//2574 3158//2574
f 3216//2575 3158//2575 3217//2575
f 3217//2576 3158//2576 3156//2576
f 3217//2577 3156//2577 3218//2577
f 3218//2578 3156//2578 3154//2578
f 3218//2579 3154//2579 3219//2579
f 3219//2580 3154//2580 3186//2580
f 3219//2581 3186//2581 3220//2581
f 3220//2582 3186//2582 3185//2582
f 3220//2583 3185//2583 3221//2583
f 3221//2584 3185//2584 3183//2584
f 3221//2585 3183//2585 3222//2585
f 3222//2586 3183//2586 3181//2586
f 3222//2587 3181//2587 3223//2587
f 3223//2588 3181//2588 3208//2588
f 3223//2589 3208//2589 3224//2589
f 3223//2521 3224//2521 3206//2521
f 3206//2521 3212//2521 3223//2521
f 3223//2521 3212//2521 3213//2521
f 3223//2521 3213//2521 3214//2521
f 3214//2521 3215//2521 3223//2521
f 3223//2521 3215//2521 3216//2521
f 3223//2521 3216//2521 3217//2521
f 3219//2521 3220//2521 3221//2521
f 3217//2521 3218//2521 3223//2521
f 3223//2521 3218//2521 3219//2521
f 3223//2521 3219//2521 3222//2521
f 3222//2521 3219//2521 3221//2521
f 3205//2521 3208//2521 3204//2521
f 3204//2521 3208//2521 3207//2521
f 3204//2521 3207//2521 3203//2521
f 3203//2521 3207//2521 3201//2521
f 3211//2521 3202//2521 3210//2521
f 3210//2521 3202//2521 3201//2521
f 3210//2521 3201//2521 3209//2521
f 3209//2521 3201//2521 3207//2521
f 3188//2590 3187//2590 3211//2590
f 3211//2590 3187//2590 3202//2590
f 3206//2591 3224//2591 3205//2591
f 3205//2591 3224//2591 3208//2591
f 3225//2592 3226//2592 3176//2592
f 3176//2593 3226//2593 3174//2593
f 3226//2594 3227//2594 3174//2594
f 3174//2595 3227//2595 3228//2595
f 3174//2596 3228//2596 3172//2596
f 3172//2597 3228//2597 3229//2597
f 3172//2598 3229//2598 3170//2598
f 3170//2599 3229//2599 3230//2599
f 3170//2600 3230//2600 3168//2600
f 3168//2601 3230//2601 3231//2601
f 3168//2602 3231//2602 3166//2602
f 3166//2603 3231//2603 3232//2603
f 3166//2604 3232//2604 3141//2604
f 3141//2605 3232//2605 3233//2605
f 3141//2606 3233//2606 3139//2606
f 3139//2607 3233//2607 3234//2607
f 3139//2608 3234//2608 3137//2608
f 3137//2609 3234//2609 3235//2609
f 3137//2610 3235//2610 3135//2610
f 3135//2611 3235//2611 3236//2611
f 3135//2612 3236//2612 3133//2612
f 3133//2613 3236//2613 3237//2613
f 3133//2614 3237//2614 3131//2614
f 3131//2615 3237//2615 3238//2615
f 3131//2616 3238//2616 3150//2616
f 3150//2617 3238//2617 3239//2617
f 3150//2618 3239//2618 3148//2618
f 3148//2619 3239//2619 3240//2619
f 3148//2620 3240//2620 3146//2620
f 3146//2621 3240//2621 3241//2621
f 3146//2622 3241//2622 3144//2622
f 3144//2623 3241//2623 3242//2623
f 3144//2624 3242//2624 3142//2624
f 3142//2625 3242//2625 3243//2625
f 3142//2626 3243//2626 3161//2626
f 3161//2627 3243//2627 3244//2627
f 3161//2628 3244//2628 3159//2628
f 3159//2629 3244//2629 3245//2629
f 3159//2630 3245//2630 3157//2630
f 3157//2631 3245//2631 3246//2631
f 3157//2632 3246//2632 3155//2632
f 3155//2633 3246//2633 3247//2633
f 3155//2634 3247//2634 3153//2634
f 3153//2635 3247//2635 3248//2635
f 3153//2636 3248//2636 3184//2636
f 3184//2637 3248//2637 3249//2637
f 3184//2638 3249//2638 3182//2638
f 3182//2639 3249//2639 3250//2639
f 3182//2640 3250//2640 3180//2640
f 3180//2641 3250//2641 3225//2641
f 3180//2642 3225//2642 3178//2642
f 3178//2643 3225//2643 3176//2643
f 3227//2520 3251//2520 3252//2520
f 3253//2520 3234//2520 3254//2520
f 3254//2520 3234//2520 3233//2520
f 3254//2520 3233//2520 3255//2520
f 3255//2520 3233//2520 3232//2520
f 3255//2520 3232//2520 3256//2520
f 3256//2520 3232//2520 3231//2520
f 3256//2520 3231//2520 3257//2520
f 3257//2520 3231//2520 3230//2520
f 3257//2520 3230//2520 3258//2520
f 3258//2520 3230//2520 3229//2520
f 3258//2520 3229//2520 3252//2520
f 3252//2520 3229//2520 3228//2520
f 3252//2520 3228//2520 3227//2520
f 3259//2520 3243//2520 3260//2520
f 3260//2520 3243//2520 3242//2520
f 3260//2520 3242//2520 3261//2520
f 3261//2520 3242//2520 3241//2520
f 3261//2520 3241//2520 3262//2520
f 3262//2520 3241//2520 3240//2520
f 3262//2520 3240//2520 3263//2520
f 3263//2520 3240//2520 3239//2520
f 3263//2520 3239//2520 3264//2520
f 3264//2520 3239//2520 3238//2520
f 3264//2520 3238//2520 3265//2520
f 3265//2520 3238//2520 3237//2520
f 3265//2520 3237//2520 3266//2520
f 3266//2520 3237//2520 3236//2520
f 3266//2520 3236//2520 3253//2520
f 3253//2520 3236//2520 3235//2520
f 3253//2520 3235//2520 3234//2520
f 3227//2520 3226//2520 3251//2520
f 3251//2520 3226//2520 3225//2520
f 3251//2520 3225//2520 3267//2520
f 3267//2520 3225//2520 3250//2520
f 3267//2520 3250//2520 3268//2520
f 3268//2520 3250//2520 3249//2520
f 3268//2520 3249//2520 3269//2520
f 3269//2520 3249//2520 3248//2520
f 3269//2520 3248//2520 3270//2520
f 3270//2520 3248//2520 3247//2520
f 3270//2520 3247//2520 3271//2520
f 3271//2520 3247//2520 3246//2520
f 3271//2520 3246//2520 3272//2520
f 3272//2520 3246//2520 3245//2520
f 3272//2520 3245//2520 3259//2520
f 3259//2520 3245//2520 3244//2520
f 3259//2520 3244//2520 3243//2520
f 3273//2520 3274//2520 3275//2520
f 3276//2520 3277//2520 3275//2520
f 3275//2520 3277//2520 3278//2520
f 3275//2520 3278//2520 3273//2520
f 3279//2520 3280//2520 3275//2520
f 3275//2520 3280//2520 3281//2520
f 3275//2520 3281//2520 3276//2520
f 3282//2520 3283//2520 3275//2520
f 3275//2520 3283//2520 3284//2520
f 3275//2520 3284//2520 3279//2520
f 3285//2520 3286//2520 3275//2520
f 3275//2520 3286//2520 3287//2520
f 3275//2520 3287//2520 3282//2520
f 3288//2520 3289//2520 3275//2520
f 3275//2520 3289//2520 3290//2520
f 3275//2520 3290//2520 3285//2520
f 3291//2520 3292//2520 3275//2520
f 3275//2520 3292//2520 3293//2520
f 3275//2520 3293//2520 3288//2520
f 3274//2520 3294//2520 3275//2520
f 3275//2520 3294//2520 3295//2520
f 3275//2520 3295//2520 3291//2520
f 3296//2644 3285//2644 3297//2644
f 3297//2645 3285//2645 3290//2645
f 3297//2646 3290//2646 3298//2646
f 3298//2647 3290//2647 3289//2647
f 3298//2648 3289//2648 3299//2648
f 3299//2649 3289//2649 3288//2649
f 3299//2650 3288//2650 3300//2650
f 3300//2651 3288//2651 3293//2651
f 3300//2652 3293//2652 3301//2652
f 3301//2653 3293//2653 3292//2653
f 3301//2654 3292//2654 3302//2654
f 3302//2655 3292//2655 3291//2655
f 3302//2656 3291//2656 3303//2656
f 3303//2657 3291//2657 3295//2657
f 3303//2658 3295//2658 3304//2658
f 3304//2659 3295//2659 3294//2659
f 3304//2660 3294//2660 3305//2660
f 3305//2661 3294//2661 3274//2661
f 3305//2662 3274//2662 3306//2662
f 3306//2663 3274//2663 3273//2663
f 3306//2664 3273//2664 3307//2664
f 3307//2665 3273//2665 3278//2665
f 3307//2666 3278//2666 3308//2666
f 3308//2667 3278//2667 3277//2667
f 3308//2668 3277//2668 3309//2668
f 3309//2669 3277//2669 3276//2669
f 3309//2670 3276//2670 3310//2670
f 3310//2671 3276//2671 3281//2671
f 3310//2672 3281//2672 3311//2672
f 3311//2673 3281//2673 3280//2673
f 3311//2674 3280//2674 3312//2674
f 3312//2675 3280//2675 3279//2675
f 3312//2676 3279//2676 3313//2676
f 3313//2677 3279//2677 3284//2677
f 3313//2678 3284//2678 3314//2678
f 3314//2679 3284//2679 3283//2679
f 3314//2680 3283//2680 3315//2680
f 3315//2681 3283//2681 3282//2681
f 3315//2682 3282//2682 3316//2682
f 3316//2683 3282//2683 3287//2683
f 3316//2684 3287//2684 3317//2684
f 3317//2685 3287//2685 3286//2685
f 3317//2686 3286//2686 3296//2686
f 3296//2687 3286//2687 3285//2687
f 3263//2688 3297//2688 3262//2688
f 3262//2689 3297//2689 3298//2689
f 3262//2690 3298//2690 3261//2690
f 3261//2691 3298//2691 3299//2691
f 3261//2692 3299//2692 3260//2692
f 3260//2693 3299//2693 3300//2693
f 3260//2694 3300//2694 3259//2694
f 3259//2695 3300//2695 3301//2695
f 3259//2696 3301//2696 3272//2696
f 3272//2697 3301//2697 3302//2697
f 3272//2698 3302//2698 3271//2698
f 3271//2699 3302//2699 3303//2699
f 3271//2700 3303//2700 3270//2700
f 3270//2701 3303//2701 3304//2701
f 3270//2702 3304//2702 3269//2702
f 3269//2703 3304//2703 3305//2703
f 3269//2704 3305//2704 3268//2704
f 3268//2705 3305//2705 3306//2705
f 3268//2706 3306//2706 3267//2706
f 3267//2707 3306//2707 3307//2707
f 3267//2708 3307//2708 3251//2708
f 3251//2709 3307//2709 3308//2709
f 3251//2710 3308//2710 3252//2710
f 3252//2711 3308//2711 3309//2711
f 3252//2712 3309//2712 3258//2712
f 3258//2713 3309//2713 3310//2713
f 3258//2714 3310//2714 3257//2714
f 3257//2715 3310//2715 3311//2715
f 3257//2716 3311//2716 3256//2716
f 3256//2717 3311//2717 3312//2717
f 3256//2718 3312//2718 3255//2718
f 3255//2719 3312//2719 3313//2719
f 3255//2720 3313//2720 3254//2720
f 3254//2721 3313//2721 3314//2721
f 3254//2722 3314//2722 3253//2722
f 3253//2723 3314//2723 3315//2723
f 3253//2724 3315//2724 3266//2724
f 3266//2725 3315//2725 3316//2725
f 3266//2726 3316//2726 3265//2726
f 3265//2727 3316//2727 3317//2727
f 3265//2728 3317//2728 3264//2728
f 3264//2729 3317//2729 3296//2729
f 3264//2730 3296//2730 3263//2730
f 3263//2731 3296//2731 3297//2731
f 3318//2732 3319//2732 3320//2732
f 3320//2732 3319//2732 3321//2732
f 3320//2732 3321//2732 3322//2732
f 3322//2732 3321//2732 3323//2732
f 3322//2732 3323//2732 3324//2732
f 3324//2732 3323//2732 3325//2732
f 3324//2732 3325//2732 3326//2732
f 3326//2732 3325//2732 3327//2732
f 3326//2732 3327//2732 3328//2732
f 3329//2732 3330//2732 3331//2732
f 3331//2732 3330//2732 3332//2732
f 3331//2732 3332//2732 3333//2732
f 3333//2732 3332//2732 3334//2732
f 3333//2732 3334//2732 3335//2732
f 3335//2732 3334//2732 3336//2732
f 3335//2732 3336//2732 3337//2732
f 3337//2732 3336//2732 3338//2732
f 3337//2732 3338//2732 3318//2732
f 3318//2732 3338//2732 3339//2732
f 3318//2732 3339//2732 3319//2732
f 3340//2732 3341//2732 3342//2732
f 3342//2732 3341//2732 3343//2732
f 3342//2732 3343//2732 3344//2732
f 3344//2732 3343//2732 3345//2732
f 3344//2732 3345//2732 3346//2732
f 3346//2732 3345//2732 3347//2732
f 3346//2732 3347//2732 3348//2732
f 3348//2732 3347//2732 3349//2732
f 3348//2732 3349//2732 3329//2732
f 3329//2732 3349//2732 3350//2732
f 3329//2732 3350//2732 3330//2732
f 3327//2732 3351//2732 3328//2732
f 3328//2732 3351//2732 3352//2732
f 3328//2732 3352//2732 3353//2732
f 3353//2732 3352//2732 3354//2732
f 3353//2732 3354//2732 3355//2732
f 3355//2732 3354//2732 3356//2732
f 3355//2732 3356//2732 3357//2732
f 3357//2732 3356//2732 3358//2732
f 3357//2732 3358//2732 3359//2732
f 3359//2732 3358//2732 3360//2732
f 3359//2732 3360//2732 3361//2732
f 3361//2732 3360//2732 3362//2732
f 3361//2732 3362//2732 3363//2732
f 3363//2732 3362//2732 3364//2732
f 3363//2732 3364//2732 3365//2732
f 3365//2732 3364//2732 3366//2732
f 3365//2732 3366//2732 3367//2732
f 3367//2732 3366//2732 3368//2732
f 3367//2732 3368//2732 3369//2732
f 3369//2732 3368//2732 3370//2732
f 3369//2732 3370//2732 3371//2732
f 3371//2732 3370//2732 3372//2732
f 3371//2732 3372//2732 3340//2732
f 3340//2732 3372//2732 3373//2732
f 3340//2732 3373//2732 3341//2732
f 3374//2733 3375//2733 3376//2733
f 3376//2733 3375//2733 3377//2733
f 3376//2733 3377//2733 3378//2733
f 3378//2733 3377//2733 3379//2733
f 3377//2733 3380//2733 3379//2733
f 3379//2733 3380//2733 3381//2733
f 3379//2733 3381//2733 3382//2733
f 3383//2733 3384//2733 3385//2733
f 3382//2733 3386//2733 3379//2733
f 3379//2733 3386//2733 3383//2733
f 3379//2733 3383//2733 3387//2733
f 3387//2733 3383//2733 3385//2733
f 3388//2734 3389//2734 3339//2734
f 3339//2735 3338//2735 3388//2735
f 3388//2736 3338//2736 3336//2736
f 3388//2737 3336//2737 3390//2737
f 3390//2738 3336//2738 3334//2738
f 3390//2739 3334//2739 3391//2739
f 3391//2740 3334//2740 3392//2740
f 3392//2741 3334//2741 3332//2741
f 3392//2742 3332//2742 3393//2742
f 3394//2743 3395//2743 3368//2743
f 3368//2744 3366//2744 3394//2744
f 3394//2745 3366//2745 3364//2745
f 3394//2746 3364//2746 3396//2746
f 3396//2747 3364//2747 3362//2747
f 3396//2748 3362//2748 3397//2748
f 3397//2749 3362//2749 3398//2749
f 3398//2750 3362//2750 3360//2750
f 3398//2751 3360//2751 3375//2751
f 3375//2752 3360//2752 3377//2752
f 3377//2753 3360//2753 3358//2753
f 3377//2754 3358//2754 3380//2754
f 3380//2755 3358//2755 3356//2755
f 3380//2756 3356//2756 3381//2756
f 3381//2757 3356//2757 3354//2757
f 3381//2758 3354//2758 3382//2758
f 3382//2759 3354//2759 3352//2759
f 3382//2760 3352//2760 3386//2760
f 3386//2761 3352//2761 3351//2761
f 3386//2762 3351//2762 3383//2762
f 3383//2763 3351//2763 3327//2763
f 3383//2764 3327//2764 3384//2764
f 3384//2765 3327//2765 3325//2765
f 3384//2766 3325//2766 3385//2766
f 3385//2767 3325//2767 3323//2767
f 3385//2768 3323//2768 3387//2768
f 3387//2769 3323//2769 3321//2769
f 3387//2770 3321//2770 3379//2770
f 3379//2771 3321//2771 3319//2771
f 3379//2772 3319//2772 3378//2772
f 3378//2773 3319//2773 3339//2773
f 3378//2774 3339//2774 3376//2774
f 3376//2775 3339//2775 3389//2775
f 3376//2776 3389//2776 3374//2776
f 3393//2777 3332//2777 3399//2777
f 3399//2778 3332//2778 3330//2778
f 3399//2779 3330//2779 3400//2779
f 3400//2780 3330//2780 3350//2780
f 3400//2781 3350//2781 3401//2781
f 3401//2782 3350//2782 3349//2782
f 3401//2783 3349//2783 3402//2783
f 3402//2784 3349//2784 3347//2784
f 3402//2785 3347//2785 3403//2785
f 3403//2786 3347//2786 3345//2786
f 3403//2787 3345//2787 3404//2787
f 3404//2788 3345//2788 3343//2788
f 3404//2789 3343//2789 3405//2789
f 3405//2790 3343//2790 3341//2790
f 3405//2791 3341//2791 3406//2791
f 3406//2792 3341//2792 3373//2792
f 3406//2793 3373//2793 3407//2793
f 3407//2794 3373//2794 3372//2794
f 3407//2795 3372//2795 3408//2795
f 3408//2796 3372//2796 3370//2796
f 3408//2797 3370//2797 3409//2797
f 3409//2798 3370//2798 3368//2798
f 3409//2799 3368//2799 3410//2799
f 3410//2800 3368//2800 3395//2800
f 3410//2801 3395//2801 3411//2801
f 3410//2733 3411//2733 3393//2733
f 3393//2733 3399//2733 3410//2733
f 3410//2733 3399//2733 3400//2733
f 3410//2733 3400//2733 3401//2733
f 3401//2733 3402//2733 3410//2733
f 3410//2733 3402//2733 3403//2733
f 3410//2733 3403//2733 3404//2733
f 3406//2733 3407//2733 3408//2733
f 3404//2733 3405//2733 3410//2733
f 3410//2733 3405//2733 3406//2733
f 3410//2733 3406//2733 3409//2733
f 3409//2733 3406//2733 3408//2733
f 3392//2733 3395//2733 3391//2733
f 3391//2733 3395//2733 3394//2733
f 3391//2733 3394//2733 3390//2733
f 3390//2733 3394//2733 3388//2733
f 3398//2733 3389//2733 3397//2733
f 3397//2733 3389//2733 3388//2733
f 3397//2733 3388//2733 3396//2733
f 3396//2733 3388//2733 3394//2733
f 3375//2802 3374//2802 3398//2802
f 3398//2802 3374//2802 3389//2802
f 3393//2803 3411//2803 3392//2803
f 3392//2803 3411//2803 3395//2803
f 3412//2804 3413//2804 3363//2804
f 3363//2805 3413//2805 3361//2805
f 3413//2806 3414//2806 3361//2806
f 3361//2807 3414//2807 3415//2807
f 3361//2808 3415//2808 3359//2808
f 3359//2809 3415//2809 3416//2809
f 3359//2810 3416//2810 3357//2810
f 3357//2811 3416//2811 3417//2811
f 3357//2812 3417//2812 3355//2812
f 3355//2813 3417//2813 3418//2813
f 3355//2814 3418//2814 3353//2814
f 3353//2815 3418//2815 3419//2815
f 3353//2816 3419//2816 3328//2816
f 3328//2817 3419//2817 3420//2817
f 3328//2818 3420//2818 3326//2818
f 3326//2819 3420//2819 3421//2819
f 3326//2820 3421//2820 3324//2820
f 3324//2821 3421//2821 3422//2821
f 3324//2822 3422//2822 3322//2822
f 3322//2823 3422//2823 3423//2823
f 3322//2824 3423//2824 3320//2824
f 3320//2825 3423//2825 3424//2825
f 3320//2826 3424//2826 3318//2826
f 3318//2827 3424//2827 3425//2827
f 3318//2828 3425//2828 3337//2828
f 3337//2829 3425//2829 3426//2829
f 3337//2830 3426//2830 3335//2830
f 3335//2831 3426//2831 3427//2831
f 3335//2832 3427//2832 3333//2832
f 3333//2833 3427//2833 3428//2833
f 3333//2834 3428//2834 3331//2834
f 3331//2835 3428//2835 3429//2835
f 3331//2836 3429//2836 3329//2836
f 3329//2837 3429//2837 3430//2837
f 3329//2838 3430//2838 3348//2838
f 3348//2839 3430//2839 3431//2839
f 3348//2840 3431//2840 3346//2840
f 3346//2841 3431//2841 3432//2841
f 3346//2842 3432//2842 3344//2842
f 3344//2843 3432//2843 3433//2843
f 3344//2844 3433//2844 3342//2844
f 3342//2845 3433//2845 3434//2845
f 3342//2846 3434//2846 3340//2846
f 3340//2847 3434//2847 3435//2847
f 3340//2848 3435//2848 3371//2848
f 3371//2849 3435//2849 3436//2849
f 3371//2850 3436//2850 3369//2850
f 3369//2851 3436//2851 3437//2851
f 3369//2852 3437//2852 3367//2852
f 3367//2853 3437//2853 3412//2853
f 3367//2854 3412//2854 3365//2854
f 3365//2855 3412//2855 3363//2855
f 3414//2732 3438//2732 3439//2732
f 3440//2732 3421//2732 3441//2732
f 3441//2732 3421//2732 3420//2732
f 3441//2732 3420//2732 3442//2732
f 3442//2732 3420//2732 3419//2732
f 3442//2732 3419//2732 3443//2732
f 3443//2732 3419//2732 3418//2732
f 3443//2732 3418//2732 3444//2732
f 3444//2732 3418//2732 3417//2732
f 3444//2732 3417//2732 3445//2732
f 3445//2732 3417//2732 3416//2732
f 3445//2732 3416//2732 3439//2732
f 3439//2732 3416//2732 3415//2732
f 3439//2732 3415//2732 3414//2732
f 3446//2732 3430//2732 3447//2732
f 3447//2732 3430//2732 3429//2732
f 3447//2732 3429//2732 3448//2732
f 3448//2732 3429//2732 3428//2732
f 3448//2732 3428//2732 3449//2732
f 3449//2732 3428//2732 3427//2732
f 3449//2732 3427//2732 3450//2732
f 3450//2732 3427//2732 3426//2732
f 3450//2732 3426//2732 3451//2732
f 3451//2732 3426//2732 3425//2732
f 3451//2732 3425//2732 3452//2732
f 3452//2732 3425//2732 3424//2732
f 3452//2732 3424//2732 3453//2732
f 3453//2732 3424//2732 3423//2732
f 3453//2732 3423//2732 3440//2732
f 3440//2732 3423//2732 3422//2732
f 3440//2732 3422//2732 3421//2732
f 3414//2732 3413//2732 3438//2732
f 3438//2732 3413//2732 3412//2732
f 3438//2732 3412//2732 3454//2732
f 3454//2732 3412//2732 3437//2732
f 3454//2732 3437//2732 3455//2732
f 3455//2732 3437//2732 3436//2732
f 3455//2732 3436//2732 3456//2732
f 3456//2732 3436//2732 3435//2732
f 3456//2732 3435//2732 3457//2732
f 3457//2732 3435//2732 3434//2732
f 3457//2732 3434//2732 3458//2732
f 3458//2732 3434//2732 3433//2732
f 3458//2732 3433//2732 3459//2732
f 3459//2732 3433//2732 3432//2732
f 3459//2732 3432//2732 3446//2732
f 3446//2732 3432//2732 3431//2732
f 3446//2732 3431//2732 3430//2732
f 3460//2732 3461//2732 3462//2732
f 3463//2732 3464//2732 3462//2732
f 3462//2732 3464//2732 3465//2732
f 3462//2732 3465//2732 3460//2732
f 3466//2732 3467//2732 3462//2732
f 3462//2732 3467//2732 3468//2732
f 3462//2732 3468//2732 3463//2732
f 3469//2732 3470//2732 3462//2732
f 3462//2732 3470//2732 3471//2732
f 3462//2732 3471//2732 3466//2732
f 3472//2732 3473//2732 3462//2732
f 3462//2732 3473//2732 3474//2732
f 3462//2732 3474//2732 3469//2732
f 3475//2732 3476//2732 3462//2732
f 3462//2732 3476//2732 3477//2732
f 3462//2732 3477//2732 3472//2732
f 3478//2732 3479//2732 3462//2732
f 3462//2732 3479//2732 3480//2732
f 3462//2732 3480//2732 3475//2732
f 3461//2732 3481//2732 3462//2732
f 3462//2732 3481//2732 3482//2732
f 3462//2732 3482//2732 3478//2732
f 3483//2856 3472//2856 3484//2856
f 3484//2857 3472//2857 3477//2857
f 3484//2858 3477//2858 3485//2858
f 3485//2859 3477//2859 3476//2859
f 3485//2860 3476//2860 3486//2860
f 3486//2861 3476//2861 3475//2861
f 3486//2862 3475//2862 3487//2862
f 3487//2863 3475//2863 3480//2863
f 3487//2864 3480//2864 3488//2864
f 3488//2865 3480//2865 3479//2865
f 3488//2866 3479//2866 3489//2866
f 3489//2867 3479//2867 3478//2867
f 3489//2868 3478//2868 3490//2868
f 3490//2869 3478//2869 3482//2869
f 3490//2870 3482//2870 3491//2870
f 3491//2871 3482//2871 3481//2871
f 3491//2872 3481//2872 3492//2872
f 3492//2873 3481//2873 3461//2873
f 3492//2874 3461//2874 3493//2874
f 3493//2875 3461//2875 3460//2875
f 3493//2876 3460//2876 3494//2876
f 3494//2877 3460//2877 3465//2877
f 3494//2878 3465//2878 3495//2878
f 3495//2879 3465//2879 3464//2879
f 3495//2880 3464//2880 3496//2880
f 3496//2881 3464//2881 3463//2881
f 3496//2882 3463//2882 3497//2882
f 3497//2883 3463//2883 3468//2883
f 3497//2884 3468//2884 3498//2884
f 3498//2885 3468//2885 3467//2885
f 3498//2886 3467//2886 3499//2886
f 3499//2887 3467//2887 3466//2887
f 3499//2888 3466//2888 3500//2888
f 3500//2889 3466//2889 3471//2889
f 3500//2890 3471//2890 3501//2890
f 3501//2891 3471//2891 3470//2891
f 3501//2892 3470//2892 3502//2892
f 3502//2893 3470//2893 3469//2893
f 3502//2894 3469//2894 3503//2894
f 3503//2895 3469//2895 3474//2895
f 3503//2896 3474//2896 3504//2896
f 3504//2897 3474//2897 3473//2897
f 3504//2898 3473//2898 3483//2898
f 3483//2899 3473//2899 3472//2899
f 3450//2900 3484//2900 3449//2900
f 3449//2901 3484//2901 3485//2901
f 3449//2902 3485//2902 3448//2902
f 3448//2903 3485//2903 3486//2903
f 3448//2904 3486//2904 3447//2904
f 3447//2905 3486//2905 3487//2905
f 3447//2906 3487//2906 3446//2906
f 3446//2907 3487//2907 3488//2907
f 3446//2908 3488//2908 3459//2908
f 3459//2909 3488//2909 3489//2909
f 3459//2910 3489//2910 3458//2910
f 3458//2911 3489//2911 3490//2911
f 3458//2912 3490//2912 3457//2912
f 3457//2913 3490//2913 3491//2913
f 3457//2914 3491//2914 3456//2914
f 3456//2915 3491//2915 3492//2915
f 3456//2916 3492//2916 3455//2916
f 3455//2917 3492//2917 3493//2917
f 3455//2918 3493//2918 3454//2918
f 3454//2919 3493//2919 3494//2919
f 3454//2920 3494//2920 3438//2920
f 3438//2921 3494//2921 3495//2921
f 3438//2922 3495//2922 3439//2922
f 3439//2923 3495//2923 3496//2923
f 3439//2924 3496//2924 3445//2924
f 3445//2925 3496//2925 3497//2925
f 3445//2926 3497//2926 3444//2926
f 3444//2927 3497//2927 3498//2927
f 3444//2928 3498//2928 3443//2928
f 3443//2929 3498//2929 3499//2929
f 3443//2930 3499//2930 3442//2930
f 3442//2931 3499//2931 3500//2931
f 3442//2932 3500//2932 3441//2932
f 3441//2933 3500//2933 3501//2933
f 3441//2934 3501//2934 3440//2934
f 3440//2935 3501//2935 3502//2935
f 3440//2936 3502//2936 3453//2936
f 3453//2937 3502//2937 3503//2937
f 3453//2938 3503//2938 3452//2938
f 3452//2939 3503//2939 3504//2939
f 3452//2940 3504//2940 3451//2940
f 3451//2941 3504//2941 3483//2941
f 3451//2942 3483//2942 3450//2942
f 3450//2943 3483//2943 3484//2943
f 3505//2944 3506//2944 3507//2944
f 3507//2944 3506//2944 3508//2944
f 3509//2945 3510//2945 3511//2945
f 3511//2945 3510//2945 3512//2945
f 3513//2946 3514//2946 3515//2946
f 3515//2946 3514//2946 3516//2946
f 3517//2947 3518//2947 3519//2947
f 3519//2947 3518//2947 3520//2947
f 3521//2948 3522//2948 3523//2948
f 3511//2948 3512//2948 3524//2948
f 3525//2948 3526//2948 3505//2948
f 3505//2948 3526//2948 3527//2948
f 3505//2948 3527//2948 3528//2948
f 3524//2948 3512//2948 3529//2948
f 3524//2948 3530//2948 3511//2948
f 3511//2948 3530//2948 3531//2948
f 3511//2948 3531//2948 3532//2948
f 3532//2948 3531//2948 3533//2948
f 3532//2948 3533//2948 3534//2948
f 3534//2948 3533//2948 3535//2948
f 3536//2948 3537//2948 3538//2948
f 3538//2948 3537//2948 3539//2948
f 3538//2948 3539//2948 3540//2948
f 3540//2948 3539//2948 3541//2948
f 3540//2948 3541//2948 3528//2948
f 3528//2948 3541//2948 3542//2948
f 3528//2948 3542//2948 3505//2948
f 3512//2948 3521//2948 3529//2948
f 3529//2948 3521//2948 3523//2948
f 3529//2948 3523//2948 3543//2948
f 3543//2948 3523//2948 3506//2948
f 3543//2948 3506//2948 3544//2948
f 3544//2948 3506//2948 3505//2948
f 3544//2948 3505//2948 3545//2948
f 3545//2948 3505//2948 3542//2948
f 3535//2948 3533//2948 3516//2948
f 3516//2948 3533//2948 3546//2948
f 3516//2948 3546//2948 3536//2948
f 3516//2948 3547//2948 3515//2948
f 3515//2948 3547//2948 3548//2948
f 3515//2948 3548//2948 3549//2948
f 3549//2948 3548//2948 3550//2948
f 3538//2948 3551//2948 3536//2948
f 3536//2948 3551//2948 3552//2948
f 3536//2948 3552//2948 3516//2948
f 3516//2948 3552//2948 3553//2948
f 3516//2948 3553//2948 3547//2948
f 3525//2948 3554//2948 3526//2948
f 3526//2948 3554//2948 3555//2948
f 3526//2948 3555//2948 3556//2948
f 3556//2948 3555//2948 3519//2948
f 3556//2948 3519//2948 3557//2948
f 3557//2948 3519//2948 3520//2948
f 3557//2948 3520//2948 3558//2948
f 3558//2948 3520//2948 3559//2948
f 3558//2948 3559//2948 3550//2948
f 3550//2948 3559//2948 3560//2948
f 3550//2948 3560//2948 3549//2948
f 3561//2949 3562//2949 3563//2949
f 3518//2949 3517//2949 3564//2949
f 3565//2949 3566//2949 3567//2949
f 3568//2949 3569//2949 3570//2949
f 3571//2949 3572//2949 3573//2949
f 3564//2949 3517//2949 3574//2949
f 3573//2949 3575//2949 3571//2949
f 3571//2949 3575//2949 3576//2949
f 3571//2949 3576//2949 3566//2949
f 3566//2949 3576//2949 3577//2949
f 3566//2949 3577//2949 3567//2949
f 3508//2949 3578//2949 3579//2949
f 3571//2949 3580//2949 3572//2949
f 3572//2949 3580//2949 3508//2949
f 3572//2949 3508//2949 3581//2949
f 3581//2949 3508//2949 3579//2949
f 3564//2949 3582//2949 3518//2949
f 3518//2949 3582//2949 3583//2949
f 3518//2949 3583//2949 3584//2949
f 3584//2949 3583//2949 3585//2949
f 3584//2949 3585//2949 3586//2949
f 3586//2949 3585//2949 3587//2949
f 3587//2949 3585//2949 3513//2949
f 3513//2949 3585//2949 3588//2949
f 3513//2949 3588//2949 3589//2949
f 3590//2949 3591//2949 3509//2949
f 3509//2949 3591//2949 3592//2949
f 3509//2949 3592//2949 3510//2949
f 3510//2949 3592//2949 3593//2949
f 3510//2949 3593//2949 3594//2949
f 3594//2949 3593//2949 3579//2949
f 3594//2949 3579//2949 3595//2949
f 3595//2949 3579//2949 3578//2949
f 3517//2949 3561//2949 3574//2949
f 3574//2949 3561//2949 3563//2949
f 3574//2949 3563//2949 3596//2949
f 3596//2949 3563//2949 3507//2949
f 3596//2949 3507//2949 3597//2949
f 3597//2949 3507//2949 3508//2949
f 3597//2949 3508//2949 3598//2949
f 3598//2949 3508//2949 3580//2949
f 3509//2949 3568//2949 3590//2949
f 3590//2949 3568//2949 3570//2949
f 3590//2949 3570//2949 3599//2949
f 3599//2949 3570//2949 3514//2949
f 3599//2949 3514//2949 3600//2949
f 3600//2949 3514//2949 3513//2949
f 3600//2949 3513//2949 3567//2949
f 3567//2949 3513//2949 3589//2949
f 3567//2949 3589//2949 3565//2949
f 3601//2950 3571//2950 3602//2950
f 3602//2951 3571//2951 3566//2951
f 3602//2952 3566//2952 3603//2952
f 3603//2953 3566//2953 3565//2953
f 3603//2954 3565//2954 3604//2954
f 3604//2955 3565//2955 3589//2955
f 3604//2956 3589//2956 3605//2956
f 3605//2957 3589//2957 3588//2957
f 3605//2958 3588//2958 3606//2958
f 3606//2959 3588//2959 3585//2959
f 3606//2960 3585//2960 3607//2960
f 3607//2961 3585//2961 3583//2961
f 3607//2962 3583//2962 3608//2962
f 3608//2963 3583//2963 3582//2963
f 3608//2964 3582//2964 3609//2964
f 3609//2965 3582//2965 3564//2965
f 3609//2966 3564//2966 3610//2966
f 3610//2967 3564//2967 3574//2967
f 3610//2968 3574//2968 3611//2968
f 3611//2969 3574//2969 3596//2969
f 3611//2970 3596//2970 3612//2970
f 3612//2971 3596//2971 3597//2971
f 3612//2972 3597//2972 3613//2972
f 3613//2973 3597//2973 3598//2973
f 3613//2974 3598//2974 3614//2974
f 3614//2975 3598//2975 3580//2975
f 3614//2976 3580//2976 3601//2976
f 3601//2977 3580//2977 3571//2977
f 3615//2950 3592//2950 3616//2950
f 3616//2951 3592//2951 3591//2951
f 3616//2952 3591//2952 3617//2952
f 3617//2953 3591//2953 3590//2953
f 3617//2954 3590//2954 3618//2954
f 3618//2955 3590//2955 3599//2955
f 3618//2956 3599//2956 3619//2956
f 3619//2957 3599//2957 3600//2957
f 3619//2958 3600//2958 3620//2958
f 3620//2959 3600//2959 3567//2959
f 3620//2960 3567//2960 3621//2960
f 3621//2961 3567//2961 3577//2961
f 3621//2962 3577//2962 3622//2962
f 3622//2963 3577//2963 3576//2963
f 3622//2964 3576//2964 3623//2964
f 3623//2965 3576//2965 3575//2965
f 3623//2966 3575//2966 3624//2966
f 3624//2967 3575//2967 3573//2967
f 3624//2968 3573//2968 3625//2968
f 3625//2969 3573//2969 3572//2969
f 3625//2970 3572//2970 3626//2970
f 3626//2971 3572//2971 3581//2971
f 3626//2972 3581//2972 3627//2972
f 3627//2973 3581//2973 3579//2973
f 3627//2974 3579//2974 3628//2974
f 3628//2975 3579//2975 3593//2975
f 3628//2976 3593//2976 3615//2976
f 3615//2977 3593//2977 3592//2977
f 3628//2948 3629//2948 3627//2948
f 3627//2948 3629//2948 3630//2948
f 3627//2948 3630//2948 3626//2948
f 3626//2948 3630//2948 3631//2948
f 3626//2948 3631//2948 3625//2948
f 3625//2948 3631//2948 3632//2948
f 3625//2948 3632//2948 3624//2948
f 3624//2948 3632//2948 3633//2948
f 3624//2948 3633//2948 3623//2948
f 3623//2948 3633//2948 3634//2948
f 3623//2948 3634//2948 3622//2948
f 3622//2948 3634//2948 3635//2948
f 3622//2948 3635//2948 3621//2948
f 3621//2948 3635//2948 3636//2948
f 3621//2948 3636//2948 3620//2948
f 3620//2948 3636//2948 3637//2948
f 3620//2948 3637//2948 3619//2948
f 3619//2948 3637//2948 3638//2948
f 3619//2948 3638//2948 3618//2948
f 3618//2948 3638//2948 3639//2948
f 3618//2948 3639//2948 3617//2948
f 3617//2948 3639//2948 3640//2948
f 3617//2948 3640//2948 3616//2948
f 3616//2948 3640//2948 3641//2948
f 3616//2948 3641//2948 3615//2948
f 3615//2948 3641//2948 3642//2948
f 3615//2948 3642//2948 3628//2948
f 3628//2948 3642//2948 3629//2948
f 3530//2950 3642//2950 3531//2950
f 3531//2951 3642//2951 3641//2951
f 3531//2952 3641//2952 3533//2952
f 3533//2953 3641//2953 3640//2953
f 3533//2954 3640//2954 3546//2954
f 3546//2955 3640//2955 3639//2955
f 3546//2956 3639//2956 3536//2956
f 3536//2957 3639//2957 3638//2957
f 3536//2958 3638//2958 3537//2958
f 3537//2959 3638//2959 3637//2959
f 3537//2960 3637//2960 3539//2960
f 3539//2961 3637//2961 3636//2961
f 3539//2962 3636//2962 3541//2962
f 3541//2963 3636//2963 3635//2963
f 3541//2964 3635//2964 3542//2964
f 3542//2965 3635//2965 3634//2965
f 3542//2966 3634//2966 3545//2966
f 3545//2967 3634//2967 3633//2967
f 3545//2968 3633//2968 3544//2968
f 3544//2969 3633//2969 3632//2969
f 3544//2970 3632//2970 3543//2970
f 3543//2971 3632//2971 3631//2971
f 3543//2972 3631//2972 3529//2972
f 3529//2973 3631//2973 3630//2973
f 3529//2974 3630//2974 3524//2974
f 3524//2975 3630//2975 3629//2975
f 3524//2976 3629//2976 3530//2976
f 3530//2977 3629//2977 3642//2977
f 3613//2948 3643//2948 3612//2948
f 3612//2948 3643//2948 3644//2948
f 3612//2948 3644//2948 3611//2948
f 3611//2948 3644//2948 3645//2948
f 3611//2948 3645//2948 3610//2948
f 3610//2948 3645//2948 3646//2948
f 3610//2948 3646//2948 3609//2948
f 3609//2948 3646//2948 3647//2948
f 3609//2948 3647//2948 3608//2948
f 3608//2948 3647//2948 3648//2948
f 3608//2948 3648//2948 3607//2948
f 3607//2948 3648//2948 3649//2948
f 3607//2948 3649//2948 3606//2948
f 3606//2948 3649//2948 3650//2948
f 3606//2948 3650//2948 3605//2948
f 3605//2948 3650//2948 3651//2948
f 3605//2948 3651//2948 3604//2948
f 3604//2948 3651//2948 3652//2948
f 3604//2948 3652//2948 3603//2948
f 3603//2948 3652//2948 3653//2948
f 3603//2948 3653//2948 3602//2948
f 3602//2948 3653//2948 3654//2948
f 3602//2948 3654//2948 3601//2948
f 3601//2948 3654//2948 3655//2948
f 3601//2948 3655//2948 3614//2948
f 3614//2948 3655//2948 3656//2948
f 3614//2948 3656//2948 3613//2948
f 3613//2948 3656//2948 3643//2948
f 3551//2950 3655//2950 3552//2950
f 3552//2951 3655//2951 3654//2951
f 3552//2952 3654//2952 3553//2952
f 3553//2953 3654//2953 3653//2953
f 3553//2954 3653//2954 3547//2954
f 3547//2955 3653//2955 3652//2955
f 3547//2956 3652//2956 3548//2956
f 3548//2957 3652//2957 3651//2957
f 3548//2958 3651//2958 3550//2958
f 3550//2959 3651//2959 3650//2959
f 3550//2960 3650//2960 3558//2960
f 3558//2961 3650//2961 3649//2961
f 3558//2962 3649//2962 3557//2962
f 3557//2963 3649//2963 3648//2963
f 3557//2964 3648//2964 3556//2964
f 3556//2965 3648//2965 3647//2965
f 3556//2966 3647//2966 3526//2966
f 3526//2967 3647//2967 3646//2967
f 3526//2968 3646//2968 3527//2968
f 3527//2969 3646//2969 3645//2969
f 3527//2970 3645//2970 3528//2970
f 3528//2971 3645//2971 3644//2971
f 3528//2972 3644//2972 3540//2972
f 3540//2973 3644//2973 3643//2973
f 3540//2974 3643//2974 3538//2974
f 3538//2975 3643//2975 3656//2975
f 3538//2976 3656//2976 3551//2976
f 3551//2977 3656//2977 3655//2977
f 3517//2978 3519//2978 3555//2978
f 3517//2979 3555//2979 3561//2979
f 3561//2980 3555//2980 3554//2980
f 3561//2981 3554//2981 3562//2981
f 3562//2982 3554//2982 3525//2982
f 3562//2983 3525//2983 3563//2983
f 3563//2984 3525//2984 3505//2984
f 3563//2985 3505//2985 3507//2985
f 3520//2986 3518//2986 3584//2986
f 3520//2987 3584//2987 3559//2987
f 3559//2988 3584//2988 3586//2988
f 3559//2989 3586//2989 3560//2989
f 3560//2990 3586//2990 3587//2990
f 3560//2991 3587//2991 3549//2991
f 3549//2992 3587//2992 3513//2992
f 3549//2993 3513//2993 3515//2993
f 3509//2994 3511//2994 3532//2994
f 3509//2995 3532//2995 3568//2995
f 3568//2996 3532//2996 3534//2996
f 3568//2997 3534//2997 3569//2997
f 3569//2998 3534//2998 3535//2998
f 3569//2999 3535//2999 3570//2999
f 3570//3000 3535//3000 3516//3000
f 3570//3001 3516//3001 3514//3001
f 3512//3002 3510//3002 3594//3002
f 3512//3003 3594//3003 3521//3003
f 3521//3004 3594//3004 3595//3004
f 3521//3005 3595//3005 3522//3005
f 3522//3006 3595//3006 3578//3006
f 3522//3007 3578//3007 3523//3007
f 3523//3008 3578//3008 3508//3008
f 3523//3009 3508//3009 3506//3009
# Vertices: 3656, normals: 3009, texture coordinates: 0, faces: 7324

