# File generated by ImageToStl.com - Free Image and 3D model conversion tools

o obj1
v -0.00143086 -0.0143032 0.04281351
v -0.00115528 -0.0143032 0.04348052
v -0.00124623 -0.0143032 0.04310015
v -0.0012152 -0.0143032 0.0427103
v -0.00106521 -0.0143032 0.04234912
v -0.000991 -0.0143032 0.04224136
v -0.00095124 -0.0143032 0.04381416
v -0.0008797 -0.0143032 0.04414752
v -0.00016428 -0.0143032 0.04424236
v -0.0002929 -0.0143032 0.0442184
v -0.00065409 -0.0143032 0.04406841
v 0.00055115 -0.0143032 0.04433721
v 0.000991 -0.0143032 0.04376505
v 0.00081095 -0.0143032 0.04395444
v 0.00047731 -0.0143032 0.04415848
v 9.695E-05 -0.0143032 0.04424944
v 0.00143086 -0.0143032 0.04319289
v 0.00115528 -0.0143032 0.04252589
v 0.00124623 -0.0143032 0.04290625
v 0.0012152 -0.0143032 0.04329611
v 0.00106521 -0.0143032 0.04365729
v 0.00095124 -0.0143032 0.04219225
v 0.0008797 -0.0143032 0.04185889
v 0.00016428 -0.0143032 0.04176405
v 0.0002929 -0.0143032 0.041788
v 0.00065409 -0.0143032 0.04193799
v -0.00055115 -0.0143032 0.0416692
v -0.00081095 -0.0143032 0.04205196
v -0.00047731 -0.0143032 0.04184792
v -9.695E-05 -0.0143032 0.04175697
v 0.00055115 -0.0130032 0.04433721
v 0.0002196 -0.0130032 0.04536803
v 0.00056961 -0.0130032 0.04530888
v -0.00228158 -0.0130032 0.04234366
v -0.0023544 -0.0130032 0.04269108
v -0.00143086 -0.0130032 0.04281351
v -0.00237462 -0.0130032 0.04304547
v -0.0019382 -0.0130032 0.0443758
v -0.00171197 -0.0130032 0.04464934
v -0.0008797 -0.0130032 0.04414752
v -0.00144751 -0.0130032 0.04488611
v -0.00115071 -0.0130032 0.04508082
v 0.00228158 -0.0130032 0.04366275
v 0.0023544 -0.0130032 0.04331533
v 0.00143086 -0.0130032 0.04319289
v 0.00237462 -0.0130032 0.04296094
v -0.0008282 -0.0130032 0.04522912
v -0.0004872 -0.0130032 0.0453277
v -0.00013531 -0.0130032 0.04537435
v -0.00056961 -0.0130032 0.04069752
v -0.00090689 -0.0130032 0.04080817
v -0.00055115 -0.0130032 0.0416692
v -0.00122392 -0.0130032 0.04096785
v -0.0015136 -0.0130032 0.041173
v -0.00176947 -0.0130032 0.04141903
v -0.00198582 -0.0130032 0.04170045
v -0.0021578 -0.0130032 0.04201097
v 0.0008797 -0.0130032 0.04185889
v 0.00115071 -0.0130032 0.04092558
v 0.0008282 -0.0130032 0.04077729
v 0.0004872 -0.0130032 0.04067871
v 0.00013531 -0.0130032 0.04063206
v -0.0002196 -0.0130032 0.04063838
v 0.0019382 -0.0130032 0.04163061
v 0.00171197 -0.0130032 0.04135707
v 0.00144751 -0.0130032 0.04112029
v 0.00090689 -0.0130032 0.04519824
v 0.00122392 -0.0130032 0.04503855
v 0.0015136 -0.0130032 0.04483341
v 0.00176947 -0.0130032 0.04458737
v 0.00198582 -0.0130032 0.04430595
v 0.0021578 -0.0130032 0.04399543
v -0.0023418 -0.0130032 0.04339892
v -0.00225667 -0.0130032 0.04374352
v -0.00212112 -0.0130032 0.0440716
v 0.0023418 -0.0130032 0.04260749
v 0.00225667 -0.0130032 0.04226288
v 0.00212112 -0.0130032 0.04193481
v -0.00123136 -0.0160032 0.04214661
v -0.00199307 -0.0160032 0.04110843
v -0.00094015 -0.0160032 0.04183439
v -0.00155557 -0.0160032 0.04073545
v -0.00057277 -0.0160032 0.04161687
v -0.00105009 -0.0160032 0.04046158
v -0.000159 -0.0160032 0.04151165
v -0.00145374 -0.0160032 0.04337285
v -0.00274172 -0.0160032 0.04321649
v -0.001499 -0.0160032 0.04294831
v -0.00272615 -0.0160032 0.0426418
v -0.00142281 -0.0160032 0.04252822
v -0.00259143 -0.0160032 0.04208289
v -0.00234346 -0.0160032 0.04156421
v -0.00102312 -0.0160032 0.04410012
v -0.00209273 -0.0160032 0.0447873
v -0.00129071 -0.0160032 0.04376744
v -0.00241793 -0.0160032 0.04431321
v -0.00263746 -0.0160032 0.04378187
v 0.000159 -0.0160032 0.04449475
v -7.447E-05 -0.0160032 0.04575219
v -0.00026766 -0.0160032 0.04447913
v -0.00064439 -0.0160032 0.04567664
v -0.00067264 -0.0160032 0.04434393
v -0.00118615 -0.0160032 0.04548424
v -0.00167606 -0.0160032 0.04518341
v 0.00123136 -0.0160032 0.0438598
v 0.00199307 -0.0160032 0.04489798
v 0.00094015 -0.0160032 0.04417202
v 0.00155557 -0.0160032 0.04527096
v 0.00057277 -0.0160032 0.04438954
v 0.00105009 -0.0160032 0.04554482
v 0.00049871 -0.0160032 0.04570761
v 0.00145374 -0.0160032 0.04263356
v 0.00274172 -0.0160032 0.04278992
v 0.001499 -0.0160032 0.04305809
v 0.00272615 -0.0160032 0.04336461
v 0.00142281 -0.0160032 0.04347819
v 0.00259143 -0.0160032 0.04392351
v 0.00234346 -0.0160032 0.04444219
v 0.00102312 -0.0160032 0.04190629
v 0.00209273 -0.0160032 0.04121911
v 0.00129071 -0.0160032 0.04223896
v 0.00241793 -0.0160032 0.0416932
v 0.00263746 -0.0160032 0.04222454
v -0.00049871 -0.0160032 0.0402988
v 7.447E-05 -0.0160032 0.04025421
v 0.00026766 -0.0160032 0.04152728
v 0.00064439 -0.0160032 0.04032977
v 0.00067264 -0.0160032 0.04166247
v 0.00118615 -0.0160032 0.04052216
v 0.00167606 -0.0160032 0.04082299
v 0.00065955 -0.0133782 0.04567294
v -7.456E-05 -0.0133782 0.04574728
v 0.00025428 -0.0133782 0.04574142
v 0.00049748 -0.0133782 0.04570033
v -0.00015667 -0.0133782 0.04574874
v -0.00056412 -0.0133782 0.04569472
v -0.00064302 -0.0133782 0.04567191
v -0.00095897 -0.0133782 0.04558058
v -0.00118306 -0.0133782 0.04547754
v -0.0013324 -0.0133782 0.04540887
v -0.00167606 -0.0133782 0.04518341
v -0.00198229 -0.0133782 0.04490926
v -0.00241371 -0.0133782 0.04431067
v -0.00224423 -0.0133782 0.04459253
v -0.00208704 -0.0133782 0.04478259
v -0.00245604 -0.0133782 0.04424029
v -0.00261298 -0.0133782 0.04386042
v -0.00263268 -0.0133782 0.04378068
v -0.00271156 -0.0133782 0.0434614
v -0.00273437 -0.0133782 0.04321581
v -0.00274956 -0.0133782 0.04305214
v -0.00272615 -0.0133782 0.0426418
v -0.00264183 -0.0133782 0.04223952
v -0.00233916 -0.0133782 0.0415666
v -0.00249851 -0.0133782 0.04185431
v -0.00258452 -0.0133782 0.04208547
v -0.00229937 -0.0133782 0.04149475
v -0.00204886 -0.0133782 0.0411689
v -0.00198966 -0.0133782 0.04111198
v -0.00175259 -0.0133782 0.04088402
v -0.0015513 -0.0133782 0.04074148
v -0.00141717 -0.0133782 0.04064648
v -0.00105009 -0.0133782 0.04046158
v -0.00065955 -0.0133782 0.04033346
v 7.456E-05 -0.0133782 0.04025913
v -0.00025428 -0.0133782 0.04026499
v -0.00049748 -0.0133782 0.04030608
v 0.00015667 -0.0133782 0.04025767
v 0.00056412 -0.0133782 0.04031169
v 0.00064302 -0.0133782 0.04033449
v 0.00095897 -0.0133782 0.04042583
v 0.00118306 -0.0133782 0.04052887
v 0.0013324 -0.0133782 0.04059754
v 0.00167606 -0.0133782 0.04082299
v 0.00198229 -0.0133782 0.04109715
v 0.00241371 -0.0133782 0.04169574
v 0.00224423 -0.0133782 0.04141388
v 0.00208704 -0.0133782 0.04122381
v 0.00245604 -0.0133782 0.04176612
v 0.00261298 -0.0133782 0.04214599
v 0.00263268 -0.0133782 0.04222572
v 0.00271156 -0.0133782 0.04254501
v 0.00273437 -0.0133782 0.0427906
v 0.00274956 -0.0133782 0.04295426
v 0.00272615 -0.0133782 0.04336461
v 0.00264183 -0.0133782 0.04376689
v 0.00233916 -0.0133782 0.04443981
v 0.00249851 -0.0133782 0.0441521
v 0.00258452 -0.0133782 0.04392094
v 0.00229937 -0.0133782 0.04451165
v 0.00204886 -0.0133782 0.04483751
v 0.00198966 -0.0133782 0.04489443
v 0.00175259 -0.0133782 0.04512239
v 0.0015513 -0.0133782 0.04526493
v 0.00141717 -0.0133782 0.04535992
v 0.00105009 -0.0133782 0.04554482
v 0.00094015 -0.0239032 0.04417202
v 0.00123136 -0.0239032 0.0438598
v 0.00142281 -0.0239032 0.04347819
v 0.001499 -0.0239032 0.04305809
v 0.00145374 -0.0239032 0.04263356
v 0.00129071 -0.0239032 0.04223896
v 0.00102312 -0.0239032 0.04190629
v 0.00067264 -0.0239032 0.04166247
v 0.00026766 -0.0239032 0.04152728
v -0.000159 -0.0239032 0.04151165
v -0.00057277 -0.0239032 0.04161687
v -0.00094015 -0.0239032 0.04183439
v -0.00123136 -0.0239032 0.04214661
v -0.00142281 -0.0239032 0.04252822
v -0.001499 -0.0239032 0.04294831
v -0.00145374 -0.0239032 0.04337285
v -0.00129071 -0.0239032 0.04376744
v -0.00102312 -0.0239032 0.04410012
v -0.00067264 -0.0239032 0.04434393
v -0.00026766 -0.0239032 0.04447913
v 0.000159 -0.0239032 0.04449475
v 0.00057277 -0.0239032 0.04438954
v -0.00053459 -0.0240032 0.04170929
v -0.0001484 -0.0240032 0.04161109
v -0 -0.0240032 0.04300321
v -0.00132796 -0.0240032 0.04255988
v -0.00114927 -0.0240032 0.04220371
v -0.00087747 -0.0240032 0.04191231
v -0.00120466 -0.0240032 0.04371649
v -0.00135682 -0.0240032 0.04334821
v -0.00139906 -0.0240032 0.04295197
v -0.00024982 -0.0240032 0.04438074
v -0.00062779 -0.0240032 0.04425455
v -0.00095491 -0.0240032 0.04402699
v 0.00087747 -0.0240032 0.04409409
v 0.00053459 -0.0240032 0.04429712
v 0.0001484 -0.0240032 0.04439532
v 0.00139906 -0.0240032 0.04305444
v 0.00132796 -0.0240032 0.04344652
v 0.00114927 -0.0240032 0.04380269
v 0.00095491 -0.0240032 0.04197941
v 0.00120466 -0.0240032 0.04228991
v 0.00135682 -0.0240032 0.0426582
v 0.00024982 -0.0240032 0.04162567
v 0.00062779 -0.0240032 0.04175185
v -0 -0.01502489 0.04300321
v -0.00202759 -0.0132347 0.04118794
v -0.0017344 -0.0132347 0.04090602
v -0.0022755 -0.0132347 0.04151041
v -0.00247257 -0.0132347 0.04186623
v -0.00261441 -0.0132347 0.04224745
v -0.00269785 -0.0132347 0.04264555
v -0.00272102 -0.0132347 0.04305163
v -0.00268341 -0.0132347 0.04345664
v -0.00258586 -0.0132347 0.04385152
v -0.00243054 -0.0132347 0.04422745
v -0.00222093 -0.0132347 0.04457603
v -0.00196171 -0.0132347 0.04488947
v -0.00165866 -0.0132347 0.04516078
v -0.00131857 -0.0132347 0.0453839
v -0.00094902 -0.0132347 0.04555383
v -0.00055827 -0.0132347 0.04566678
v -0.00015505 -0.0132347 0.04572024
v 0.00025164 -0.0132347 0.045713
v 0.0006527 -0.0132347 0.04564523
v 0.00103919 -0.0132347 0.04551844
v 0.00140246 -0.0132347 0.04533546
v 0.0017344 -0.0132347 0.04510039
v 0.00202759 -0.0132347 0.04481846
v 0.0022755 -0.0132347 0.044496
v 0.00247257 -0.0132347 0.04414017
v 0.00261441 -0.0132347 0.04375896
v 0.00269785 -0.0132347 0.04336086
v 0.00272102 -0.0132347 0.04295477
v 0.00268341 -0.0132347 0.04254977
v 0.00258586 -0.0132347 0.04215489
v 0.00243054 -0.0132347 0.04177896
v 0.00222093 -0.0132347 0.04143038
v 0.00196171 -0.0132347 0.04111693
v 0.00165866 -0.0132347 0.04084563
v 0.00131857 -0.0132347 0.04062251
v 0.00094902 -0.0132347 0.04045258
v 0.00055827 -0.0132347 0.04033962
v 0.00015505 -0.0132347 0.04028617
v -0.00025164 -0.0132347 0.04029341
v -0.0006527 -0.0132347 0.04036118
v -0.00103919 -0.0132347 0.04048797
v -0.00140246 -0.0132347 0.04067094
v -0.00063321 -0.01311304 0.04044009
v -0.00024412 -0.01311304 0.04037435
v 0.00015041 -0.01311304 0.04036733
v 0.00054159 -0.01311304 0.04041918
v 0.00092067 -0.01311304 0.04052877
v 0.00127918 -0.01311304 0.04069362
v 0.00160912 -0.01311304 0.04091007
v 0.00190311 -0.01311304 0.04117328
v 0.00215459 -0.01311304 0.04147736
v 0.00235794 -0.01311304 0.04181553
v 0.00250862 -0.01311304 0.04218023
v 0.00260326 -0.01311304 0.04256331
v 0.00263975 -0.01311304 0.04295622
v 0.00261727 -0.01311304 0.04335018
v 0.00253632 -0.01311304 0.04373638
v 0.00239872 -0.01311304 0.04410622
v 0.00220753 -0.01311304 0.0444514
v 0.00196703 -0.01311304 0.04476424
v 0.00168259 -0.01311304 0.04503775
v 0.00136056 -0.01311304 0.0452658
v 0.00100815 -0.01311304 0.04544331
v 0.00063321 -0.01311304 0.04556631
v 0.00024412 -0.01311304 0.04563206
v -0.00015041 -0.01311304 0.04563908
v -0.00054159 -0.01311304 0.04558722
v -0.00092067 -0.01311304 0.04547764
v -0.00127918 -0.01311304 0.04531278
v -0.00160912 -0.01311304 0.04509633
v -0.00190311 -0.01311304 0.04483313
v -0.00215459 -0.01311304 0.04452905
v -0.00235794 -0.01311304 0.04419088
v -0.00250862 -0.01311304 0.04382618
v -0.00260326 -0.01311304 0.0434431
v -0.00263975 -0.01311304 0.04305019
v -0.00261727 -0.01311304 0.04265623
v -0.00253632 -0.01311304 0.04227002
v -0.00239872 -0.01311304 0.04190019
v -0.00220753 -0.01311304 0.041555
v -0.00196703 -0.01311304 0.04124216
v -0.00168259 -0.01311304 0.04096866
v -0.00136056 -0.01311304 0.04074061
v -0.00100815 -0.01311304 0.0405631
v -0.00060403 -0.01303175 0.0405582
v -0.00023287 -0.01303175 0.04049549
v 0.00014348 -0.01303175 0.04048879
v 0.00051664 -0.01303175 0.04053826
v 0.00087825 -0.01303175 0.04064279
v 0.00122024 -0.01303175 0.04080005
v 0.00153497 -0.01303175 0.04100652
v 0.00181542 -0.01303175 0.0412576
v 0.00205531 -0.01303175 0.04154767
v 0.00224929 -0.01303175 0.04187026
v 0.00239302 -0.01303175 0.04221815
v 0.0024833 -0.01303175 0.04258358
v 0.00251811 -0.01303175 0.04295838
v 0.00249666 -0.01303175 0.04333419
v 0.00241945 -0.01303175 0.0437026
v 0.00228818 -0.01303175 0.04405539
v 0.00210581 -0.01303175 0.04438467
v 0.00187639 -0.01303175 0.0446831
v 0.00160506 -0.01303175 0.044944
v 0.00129787 -0.01303175 0.04516154
v 0.00096169 -0.01303175 0.04533087
v 0.00060403 -0.01303175 0.0454482
v 0.00023287 -0.01303175 0.04551092
v -0.00014348 -0.01303175 0.04551762
v -0.00051664 -0.01303175 0.04546815
v -0.00087825 -0.01303175 0.04536362
v -0.00122024 -0.01303175 0.04520636
v -0.00153497 -0.01303175 0.04499988
v -0.00181542 -0.01303175 0.04474881
v -0.00205531 -0.01303175 0.04445874
v -0.00224929 -0.01303175 0.04413615
v -0.00239302 -0.01303175 0.04378826
v -0.0024833 -0.01303175 0.04342283
v -0.00251811 -0.01303175 0.04304802
v -0.00249666 -0.01303175 0.04267222
v -0.00241945 -0.01303175 0.04230381
v -0.00228818 -0.01303175 0.04195102
v -0.00210581 -0.01303175 0.04162173
v -0.00187639 -0.01303175 0.04132331
v -0.00160506 -0.01303175 0.04106241
v -0.00129787 -0.01303175 0.04084487
v -0.00096169 -0.01303175 0.04067554
v -0.00143086 -0.0143032 0.03081351
v -0.00115528 -0.0143032 0.03148051
v -0.00124623 -0.0143032 0.03110015
v -0.0012152 -0.0143032 0.0307103
v -0.00106521 -0.0143032 0.03034912
v -0.000991 -0.0143032 0.03024136
v -0.00095124 -0.0143032 0.03181415
v -0.0008797 -0.0143032 0.03214752
v -0.00016428 -0.0143032 0.03224236
v -0.0002929 -0.0143032 0.0322184
v -0.00065409 -0.0143032 0.03206841
v 0.00055115 -0.0143032 0.03233721
v 0.000991 -0.0143032 0.03176505
v 0.00081095 -0.0143032 0.03195444
v 0.00047731 -0.0143032 0.03215848
v 9.695E-05 -0.0143032 0.03224944
v 0.00143086 -0.0143032 0.03119289
v 0.00115528 -0.0143032 0.03052589
v 0.00124623 -0.0143032 0.03090625
v 0.0012152 -0.0143032 0.03129611
v 0.00106521 -0.0143032 0.03165729
v 0.00095124 -0.0143032 0.03019225
v 0.0008797 -0.0143032 0.02985889
v 0.00016428 -0.0143032 0.02976405
v 0.0002929 -0.0143032 0.029788
v 0.00065409 -0.0143032 0.02993799
v -0.00055115 -0.0143032 0.0296692
v -0.00081095 -0.0143032 0.03005196
v -0.00047731 -0.0143032 0.02984792
v -9.695E-05 -0.0143032 0.02975697
v 0.00055115 -0.0130032 0.03233721
v 0.0002196 -0.0130032 0.03336803
v 0.00056961 -0.0130032 0.03330889
v -0.00228158 -0.0130032 0.03034366
v -0.0023544 -0.0130032 0.03069108
v -0.00143086 -0.0130032 0.03081351
v -0.00237462 -0.0130032 0.03104547
v -0.0019382 -0.0130032 0.0323758
v -0.00171197 -0.0130032 0.03264934
v -0.0008797 -0.0130032 0.03214752
v -0.00144751 -0.0130032 0.03288611
v -0.00115071 -0.0130032 0.03308082
v 0.00228158 -0.0130032 0.03166275
v 0.0023544 -0.0130032 0.03131533
v 0.00143086 -0.0130032 0.03119289
v 0.00237462 -0.0130032 0.03096094
v -0.0008282 -0.0130032 0.03322912
v -0.0004872 -0.0130032 0.03332769
v -0.00013531 -0.0130032 0.03337435
v -0.00056961 -0.0130032 0.02869752
v -0.00090689 -0.0130032 0.02880817
v -0.00055115 -0.0130032 0.0296692
v -0.00122392 -0.0130032 0.02896785
v -0.0015136 -0.0130032 0.029173
v -0.00176947 -0.0130032 0.02941903
v -0.00198582 -0.0130032 0.02970045
v -0.0021578 -0.0130032 0.03001097
v 0.0008797 -0.0130032 0.02985889
v 0.00115071 -0.0130032 0.02892559
v 0.0008282 -0.0130032 0.02877729
v 0.0004872 -0.0130032 0.02867871
v 0.00013531 -0.0130032 0.02863206
v -0.0002196 -0.0130032 0.02863838
v 0.0019382 -0.0130032 0.02963061
v 0.00171197 -0.0130032 0.02935707
v 0.00144751 -0.0130032 0.02912029
v 0.00090689 -0.0130032 0.03319824
v 0.00122392 -0.0130032 0.03303856
v 0.0015136 -0.0130032 0.0328334
v 0.00176947 -0.0130032 0.03258738
v 0.00198582 -0.0130032 0.03230596
v 0.0021578 -0.0130032 0.03199543
v -0.0023418 -0.0130032 0.03139892
v -0.00225667 -0.0130032 0.03174353
v -0.00212112 -0.0130032 0.03207159
v 0.0023418 -0.0130032 0.03060749
v 0.00225667 -0.0130032 0.03026288
v 0.00212112 -0.0130032 0.02993481
v -0.00123136 -0.0160032 0.03014661
v -0.00199307 -0.0160032 0.02910843
v -0.00094015 -0.0160032 0.02983439
v -0.00155557 -0.0160032 0.02873545
v -0.00057277 -0.0160032 0.02961687
v -0.00105009 -0.0160032 0.02846159
v -0.000159 -0.0160032 0.02951165
v -0.00145374 -0.0160032 0.03137285
v -0.00274172 -0.0160032 0.03121649
v -0.001499 -0.0160032 0.03094831
v -0.00272615 -0.0160032 0.0306418
v -0.00142281 -0.0160032 0.03052822
v -0.00259143 -0.0160032 0.03008289
v -0.00234346 -0.0160032 0.02956422
v -0.00102312 -0.0160032 0.03210012
v -0.00209273 -0.0160032 0.0327873
v -0.00129071 -0.0160032 0.03176744
v -0.00241793 -0.0160032 0.03231321
v -0.00263746 -0.0160032 0.03178186
v 0.000159 -0.0160032 0.03249475
v -7.447E-05 -0.0160032 0.0337522
v -0.00026766 -0.0160032 0.03247913
v -0.00064439 -0.0160032 0.03367664
v -0.00067264 -0.0160032 0.03234394
v -0.00118615 -0.0160032 0.03348424
v -0.00167606 -0.0160032 0.03318341
v 0.00123136 -0.0160032 0.0318598
v 0.00199307 -0.0160032 0.03289798
v 0.00094015 -0.0160032 0.03217201
v 0.00155557 -0.0160032 0.03327096
v 0.00057277 -0.0160032 0.03238954
v 0.00105009 -0.0160032 0.03354482
v 0.00049871 -0.0160032 0.03370761
v 0.00145374 -0.0160032 0.03063356
v 0.00274172 -0.0160032 0.03078992
v 0.001499 -0.0160032 0.0310581
v 0.00272615 -0.0160032 0.03136461
v 0.00142281 -0.0160032 0.03147819
v 0.00259143 -0.0160032 0.03192351
v 0.00234346 -0.0160032 0.03244219
v 0.00102312 -0.0160032 0.02990628
v 0.00209273 -0.0160032 0.02921911
v 0.00129071 -0.0160032 0.03023896
v 0.00241793 -0.0160032 0.0296932
v 0.00263746 -0.0160032 0.03022454
v -0.00049871 -0.0160032 0.0282988
v 7.447E-05 -0.0160032 0.02825421
v 0.00026766 -0.0160032 0.02952728
v 0.00064439 -0.0160032 0.02832977
v 0.00067264 -0.0160032 0.02966247
v 0.00118615 -0.0160032 0.02852216
v 0.00167606 -0.0160032 0.02882299
v 0.00065955 -0.0133782 0.03367294
v -7.456E-05 -0.0133782 0.03374727
v 0.00025428 -0.0133782 0.03374142
v 0.00049748 -0.0133782 0.03370033
v -0.00015667 -0.0133782 0.03374874
v -0.00056412 -0.0133782 0.03369472
v -0.00064302 -0.0133782 0.03367191
v -0.00095897 -0.0133782 0.03358058
v -0.00118306 -0.0133782 0.03347754
v -0.0013324 -0.0133782 0.03340887
v -0.00167606 -0.0133782 0.03318341
v -0.00198229 -0.0133782 0.03290926
v -0.00241371 -0.0133782 0.03231067
v -0.00224423 -0.0133782 0.03259252
v -0.00208704 -0.0133782 0.03278259
v -0.00245604 -0.0133782 0.03224029
v -0.00261298 -0.0133782 0.03186042
v -0.00263268 -0.0133782 0.03178069
v -0.00271156 -0.0133782 0.0314614
v -0.00273437 -0.0133782 0.03121581
v -0.00274956 -0.0133782 0.03105214
v -0.00272615 -0.0133782 0.0306418
v -0.00264183 -0.0133782 0.03023952
v -0.00233916 -0.0133782 0.0295666
v -0.00249851 -0.0133782 0.02985431
v -0.00258452 -0.0133782 0.03008547
v -0.00229937 -0.0133782 0.02949475
v -0.00204886 -0.0133782 0.0291689
v -0.00198966 -0.0133782 0.02911198
v -0.00175259 -0.0133782 0.02888402
v -0.0015513 -0.0133782 0.02874148
v -0.00141717 -0.0133782 0.02864648
v -0.00105009 -0.0133782 0.02846159
v -0.00065955 -0.0133782 0.02833347
v 7.456E-05 -0.0133782 0.02825913
v -0.00025428 -0.0133782 0.02826498
v -0.00049748 -0.0133782 0.02830608
v 0.00015667 -0.0133782 0.02825767
v 0.00056412 -0.0133782 0.02831169
v 0.00064302 -0.0133782 0.02833449
v 0.00095897 -0.0133782 0.02842583
v 0.00118306 -0.0133782 0.02852887
v 0.0013324 -0.0133782 0.02859754
v 0.00167606 -0.0133782 0.02882299
v 0.00198229 -0.0133782 0.02909715
v 0.00241371 -0.0133782 0.02969573
v 0.00224423 -0.0133782 0.02941388
v 0.00208704 -0.0133782 0.02922381
v 0.00245604 -0.0133782 0.02976612
v 0.00261298 -0.0133782 0.03014599
v 0.00263268 -0.0133782 0.03022572
v 0.00271156 -0.0133782 0.03054501
v 0.00273437 -0.0133782 0.0307906
v 0.00274956 -0.0133782 0.03095426
v 0.00272615 -0.0133782 0.03136461
v 0.00264183 -0.0133782 0.03176689
v 0.00233916 -0.0133782 0.03243981
v 0.00249851 -0.0133782 0.0321521
v 0.00258452 -0.0133782 0.03192094
v 0.00229937 -0.0133782 0.03251165
v 0.00204886 -0.0133782 0.03283751
v 0.00198966 -0.0133782 0.03289443
v 0.00175259 -0.0133782 0.03312239
v 0.0015513 -0.0133782 0.03326493
v 0.00141717 -0.0133782 0.03335993
v 0.00105009 -0.0133782 0.03354482
v 0.00094015 -0.0239032 0.03217201
v 0.00123136 -0.0239032 0.0318598
v 0.00142281 -0.0239032 0.03147819
v 0.001499 -0.0239032 0.0310581
v 0.00145374 -0.0239032 0.03063356
v 0.00129071 -0.0239032 0.03023896
v 0.00102312 -0.0239032 0.02990628
v 0.00067264 -0.0239032 0.02966247
v 0.00026766 -0.0239032 0.02952728
v -0.000159 -0.0239032 0.02951165
v -0.00057277 -0.0239032 0.02961687
v -0.00094015 -0.0239032 0.02983439
v -0.00123136 -0.0239032 0.03014661
v -0.00142281 -0.0239032 0.03052822
v -0.001499 -0.0239032 0.03094831
v -0.00145374 -0.0239032 0.03137285
v -0.00129071 -0.0239032 0.03176744
v -0.00102312 -0.0239032 0.03210012
v -0.00067264 -0.0239032 0.03234394
v -0.00026766 -0.0239032 0.03247913
v 0.000159 -0.0239032 0.03249475
v 0.00057277 -0.0239032 0.03238954
v -0.00053459 -0.0240032 0.02970929
v -0.0001484 -0.0240032 0.02961109
v -0 -0.0240032 0.0310032
v -0.00132796 -0.0240032 0.03055988
v -0.00114927 -0.0240032 0.03020371
v -0.00087747 -0.0240032 0.02991231
v -0.00120466 -0.0240032 0.0317165
v -0.00135682 -0.0240032 0.03134821
v -0.00139906 -0.0240032 0.03095197
v -0.00024982 -0.0240032 0.03238073
v -0.00062779 -0.0240032 0.03225455
v -0.00095491 -0.0240032 0.03202699
v 0.00087747 -0.0240032 0.03209409
v 0.00053459 -0.0240032 0.03229712
v 0.0001484 -0.0240032 0.03239532
v 0.00139906 -0.0240032 0.03105444
v 0.00132796 -0.0240032 0.03144652
v 0.00114927 -0.0240032 0.03180269
v 0.00095491 -0.0240032 0.02997941
v 0.00120466 -0.0240032 0.03028991
v 0.00135682 -0.0240032 0.0306582
v 0.00024982 -0.0240032 0.02962567
v 0.00062779 -0.0240032 0.02975185
v -0 -0.01502489 0.0310032
v -0.00202759 -0.0132347 0.02918794
v -0.0017344 -0.0132347 0.02890602
v -0.0022755 -0.0132347 0.02951041
v -0.00247257 -0.0132347 0.02986623
v -0.00261441 -0.0132347 0.03024745
v -0.00269785 -0.0132347 0.03064555
v -0.00272102 -0.0132347 0.03105164
v -0.00268341 -0.0132347 0.03145664
v -0.00258586 -0.0132347 0.03185152
v -0.00243054 -0.0132347 0.03222745
v -0.00222093 -0.0132347 0.03257603
v -0.00196171 -0.0132347 0.03288947
v -0.00165866 -0.0132347 0.03316078
v -0.00131857 -0.0132347 0.03338389
v -0.00094902 -0.0132347 0.03355383
v -0.00055827 -0.0132347 0.03366678
v -0.00015505 -0.0132347 0.03372024
v 0.00025164 -0.0132347 0.033713
v 0.0006527 -0.0132347 0.03364523
v 0.00103919 -0.0132347 0.03351844
v 0.00140246 -0.0132347 0.03333546
v 0.0017344 -0.0132347 0.03310039
v 0.00202759 -0.0132347 0.03281847
v 0.0022755 -0.0132347 0.03249599
v 0.00247257 -0.0132347 0.03214018
v 0.00261441 -0.0132347 0.03175896
v 0.00269785 -0.0132347 0.03136086
v 0.00272102 -0.0132347 0.03095477
v 0.00268341 -0.0132347 0.03054976
v 0.00258586 -0.0132347 0.03015489
v 0.00243054 -0.0132347 0.02977896
v 0.00222093 -0.0132347 0.02943038
v 0.00196171 -0.0132347 0.02911693
v 0.00165866 -0.0132347 0.02884562
v 0.00131857 -0.0132347 0.02862251
v 0.00094902 -0.0132347 0.02845258
v 0.00055827 -0.0132347 0.02833962
v 0.00015505 -0.0132347 0.02828617
v -0.00025164 -0.0132347 0.02829341
v -0.0006527 -0.0132347 0.02836118
v -0.00103919 -0.0132347 0.02848797
v -0.00140246 -0.0132347 0.02867094
v -0.00063321 -0.01311304 0.0284401
v -0.00024412 -0.01311304 0.02837435
v 0.00015041 -0.01311304 0.02836733
v 0.00054159 -0.01311304 0.02841919
v 0.00092067 -0.01311304 0.02852877
v 0.00127918 -0.01311304 0.02869362
v 0.00160912 -0.01311304 0.02891007
v 0.00190311 -0.01311304 0.02917328
v 0.00215459 -0.01311304 0.02947736
v 0.00235794 -0.01311304 0.02981553
v 0.00250862 -0.01311304 0.03018023
v 0.00260326 -0.01311304 0.03056331
v 0.00263975 -0.01311304 0.03095622
v 0.00261727 -0.01311304 0.03135018
v 0.00253632 -0.01311304 0.03173639
v 0.00239872 -0.01311304 0.03210621
v 0.00220753 -0.01311304 0.03245141
v 0.00196703 -0.01311304 0.03276424
v 0.00168259 -0.01311304 0.03303774
v 0.00136056 -0.01311304 0.0332658
v 0.00100815 -0.01311304 0.03344331
v 0.00063321 -0.01311304 0.03356631
v 0.00024412 -0.01311304 0.03363206
v -0.00015041 -0.01311304 0.03363908
v -0.00054159 -0.01311304 0.03358722
v -0.00092067 -0.01311304 0.03347764
v -0.00127918 -0.01311304 0.03331278
v -0.00160912 -0.01311304 0.03309634
v -0.00190311 -0.01311304 0.03283313
v -0.00215459 -0.01311304 0.03252905
v -0.00235794 -0.01311304 0.03219088
v -0.00250862 -0.01311304 0.03182618
v -0.00260326 -0.01311304 0.0314431
v -0.00263975 -0.01311304 0.03105019
v -0.00261727 -0.01311304 0.03065623
v -0.00253632 -0.01311304 0.03027002
v -0.00239872 -0.01311304 0.02990019
v -0.00220753 -0.01311304 0.029555
v -0.00196703 -0.01311304 0.02924216
v -0.00168259 -0.01311304 0.02896866
v -0.00136056 -0.01311304 0.02874061
v -0.00100815 -0.01311304 0.0285631
v -0.00060403 -0.01303175 0.0285582
v -0.00023287 -0.01303175 0.02849549
v 0.00014348 -0.01303175 0.02848879
v 0.00051664 -0.01303175 0.02853826
v 0.00087825 -0.01303175 0.02864279
v 0.00122024 -0.01303175 0.02880005
v 0.00153497 -0.01303175 0.02900652
v 0.00181542 -0.01303175 0.0292576
v 0.00205531 -0.01303175 0.02954767
v 0.00224929 -0.01303175 0.02987026
v 0.00239302 -0.01303175 0.03021815
v 0.0024833 -0.01303175 0.03058358
v 0.00251811 -0.01303175 0.03095838
v 0.00249666 -0.01303175 0.03133419
v 0.00241945 -0.01303175 0.0317026
v 0.00228818 -0.01303175 0.03205539
v 0.00210581 -0.01303175 0.03238467
v 0.00187639 -0.01303175 0.0326831
v 0.00160506 -0.01303175 0.03294399
v 0.00129787 -0.01303175 0.03316154
v 0.00096169 -0.01303175 0.03333087
v 0.00060403 -0.01303175 0.0334482
v 0.00023287 -0.01303175 0.03351092
v -0.00014348 -0.01303175 0.03351762
v -0.00051664 -0.01303175 0.03346815
v -0.00087825 -0.01303175 0.03336362
v -0.00122024 -0.01303175 0.03320636
v -0.00153497 -0.01303175 0.03299988
v -0.00181542 -0.01303175 0.03274881
v -0.00205531 -0.01303175 0.03245874
v -0.00224929 -0.01303175 0.03213615
v -0.00239302 -0.01303175 0.03178826
v -0.0024833 -0.01303175 0.03142283
v -0.00251811 -0.01303175 0.03104802
v -0.00249666 -0.01303175 0.03067222
v -0.00241945 -0.01303175 0.03030381
v -0.00228818 -0.01303175 0.02995102
v -0.00210581 -0.01303175 0.02962174
v -0.00187639 -0.01303175 0.02932331
v -0.00160506 -0.01303175 0.02906241
v -0.00129787 -0.01303175 0.02884487
v -0.00096169 -0.01303175 0.02867554
v 0.0086 0.00149288 0.00133091
v 0.0086 0.00162653 0.00183219
v 0.0086 0.00111499 0.00166036
v 0.0086 0.00117805 0.00214819
v 0.0086 0.00066705 0.00188548
v 0.0086 0.00067049 0.00235647
v 0.0086 0.00017719 0.00199214
v 0.0086 0.00012932 0.00244658
v 0.0086 -0.0003238 0.00197361
v 0.0086 -0.00041834 0.00241402
v 0.0086 -0.00080444 0.00183108
v 0.0086 -0.00094502 0.00226041
v 0.0086 -0.00123454 0.0015735
v 0.0086 -0.00142431 0.00199345
v 0.0086 -0.00158707 0.00121705
v 0.0086 -0.00183219 0.00162653
v 0.0086 -0.00183988 0.00078412
v 0.0086 0.00056861 -0.00191747
v 0.0086 0.00094502 -0.00226041
v 0.0086 0.0010276 -0.00171582
v 0.0086 0.00142431 -0.00199345
v 0.0086 0.00142202 -0.00140636
v 0.0086 0.00183219 -0.00162653
v 0.0086 0.00172709 -0.00100854
v 0.0086 0.00214819 -0.00117805
v 0.0086 0.00192365 -0.00054734
v 0.0086 0.00235647 -0.00067049
v 0.0086 0.00199933 -5.175E-05
v 0.0086 0.00244658 -0.00012932
v 0.0086 0.00194939 0.00044708
v 0.0086 0.00241402 0.00041834
v 0.0086 0.00177696 0.00091783
v 0.0086 0.00226041 0.00094502
v 0.0086 0.00199345 0.00142431
v 0.0086 -0.00214819 0.00117805
v 0.0086 -0.00235647 0.00067049
v 0.0086 -0.00197708 0.00030193
v 0.0086 -0.00244658 0.00012932
v 0.0086 -0.00199005 -0.00019924
v 0.0086 -0.00241402 -0.00041834
v 0.0086 -0.00187798 -0.00068788
v 0.0086 -0.00226041 -0.00094502
v 0.0086 -0.00164791 -0.00113331
v 0.0086 -0.00199345 -0.00142431
v 0.0086 -0.0013143 -0.00150752
v 0.0086 -0.00162653 -0.00183219
v 0.0086 -0.0008981 -0.00178701
v 0.0086 -0.00117805 -0.00214819
v 0.0086 -0.00042548 -0.00195422
v 0.0086 -0.00067049 -0.00235647
v 0.0086 7.389E-05 -0.00199863
v 0.0086 -0.00012932 -0.00244658
v 0.0086 0.00041834 -0.00241402
v 0.0083 -0.00244658 0.00012932
v 0.0083 -0.00241402 -0.00041834
v 0.0083 -0.00226041 -0.00094502
v 0.0083 -0.00199345 -0.00142431
v 0.0083 -0.00162653 -0.00183219
v 0.0083 -0.00117805 -0.00214819
v 0.0083 -0.00067049 -0.00235647
v 0.0083 -0.00012932 -0.00244658
v 0.0083 0.00041834 -0.00241402
v 0.0083 0.00094502 -0.00226041
v 0.0083 0.00142431 -0.00199345
v 0.0083 0.00183219 -0.00162653
v 0.0083 0.00214819 -0.00117805
v 0.0083 0.00235647 -0.00067049
v 0.0083 0.00244658 -0.00012932
v 0.0083 0.00241402 0.00041834
v 0.0083 0.00226041 0.00094502
v 0.0083 0.00199345 0.00142431
v 0.0083 0.00162653 0.00183219
v 0.0083 0.00117805 0.00214819
v 0.0083 0.00067049 0.00235647
v 0.0083 0.00012932 0.00244658
v 0.0083 -0.00041834 0.00241402
v 0.0083 -0.00094502 0.00226041
v 0.0083 -0.00142431 0.00199345
v 0.0083 -0.00183219 0.00162653
v 0.0083 -0.00214819 0.00117805
v 0.0083 -0.00235647 0.00067049
v 0.0056 0.00192365 -0.00054734
v 0.0056 0.00172709 -0.00100854
v 0.0056 0.00142202 -0.00140636
v 0.0056 0.0010276 -0.00171582
v 0.0056 0.00056861 -0.00191747
v 0.0056 7.389E-05 -0.00199863
v 0.0056 -0.00042548 -0.00195422
v 0.0056 -0.0008981 -0.00178701
v 0.0056 -0.0013143 -0.00150752
v 0.0056 -0.00164791 -0.00113331
v 0.0056 -0.00187798 -0.00068788
v 0.0056 -0.00199005 -0.00019924
v 0.0056 -0.00197708 0.00030193
v 0.0056 -0.00183988 0.00078412
v 0.0056 -0.00158707 0.00121705
v 0.0056 -0.00123454 0.0015735
v 0.0056 -0.00080444 0.00183108
v 0.0056 -0.0003238 0.00197361
v 0.0056 0.00017719 0.00199214
v 0.0056 0.00066705 0.00188548
v 0.0056 0.00111499 0.00166036
v 0.0056 0.00149288 0.00133091
v 0.0056 0.00177696 0.00091783
v 0.0056 0.00194939 0.00044708
v 0.0056 0.00199933 -5.175E-05
v 0.0083 -0.00224801 0.00255077
v 0.0083 -0.00269012 0.00207924
v 0.0083 -0.00303501 0.00153256
v 0.0083 -0.0032702 0.00093048
v 0.0083 -0.0033872 0.00029478
v 0.0083 0.00194888 0.00278601
v 0.0083 0.00138641 0.00310449
v 0.0083 0.00077382 0.00331077
v 0.0083 0.00013327 0.00339739
v 0.0083 -0.00051209 0.00336121
v 0.0083 -0.00113895 0.00320356
v 0.0083 -0.00172465 0.00293012
v 0.0083 -0.00338177 -0.00035158
v 0.0083 -0.00325412 -0.00098523
v 0.0083 -0.00300886 -0.00158328
v 0.0083 -0.00265485 -0.00212409
v 0.0083 -0.00220489 -0.00258814
v 0.0083 -0.00167523 -0.00295865
v 0.0083 -0.00108503 -0.00322222
v 0.0083 0.00316694 -0.00123712
v 0.0083 0.00334384 -0.00061542
v 0.0083 0.00339988 2.853E-05
v 0.0083 0.00333304 0.00067145
v 0.0083 0.00314574 0.0012901
v 0.0083 0.00284474 0.00186212
v 0.0083 0.00244092 0.00236684
v 0.0083 -0.00045561 -0.00336933
v 0.0083 0.00019027 -0.00339467
v 0.0083 0.00082928 -0.00329732
v 0.0083 0.00143831 -0.00308079
v 0.0083 0.00199537 -0.00275291
v 0.0083 0.0024803 -0.00232554
v 0.0083 0.00287559 -0.00181411
v 0.0056 -0.00214819 0.00117805
v 0.0056 -0.00183219 0.00162653
v 0.0056 -0.00142431 0.00199345
v 0.0056 -0.00094502 0.00226041
v 0.0056 -0.00041834 0.00241402
v 0.0056 0.00012932 0.00244658
v 0.0056 0.00067049 0.00235647
v 0.0056 0.00117805 0.00214819
v 0.0056 0.00041834 -0.00241402
v 0.0056 -0.00012932 -0.00244658
v 0.0056 -0.00067049 -0.00235647
v 0.0056 -0.00117805 -0.00214819
v 0.0056 -0.00162653 -0.00183219
v 0.0056 -0.00199345 -0.00142431
v 0.0056 -0.00226041 -0.00094502
v 0.0056 -0.00241402 -0.00041834
v 0.0056 -0.00244658 0.00012932
v 0.0056 -0.00235647 0.00067049
v 0.0056 0.00162653 0.00183219
v 0.0056 0.00199345 0.00142431
v 0.0056 0.00226041 0.00094502
v 0.0056 0.00241402 0.00041834
v 0.0056 0.00244658 -0.00012932
v 0.0056 0.00235647 -0.00067049
v 0.0056 0.00214819 -0.00117805
v 0.0056 0.00183219 -0.00162653
v 0.0056 0.00142431 -0.00199345
v 0.0056 0.00094502 -0.00226041
v 0.0086 -0.0032702 0.00093048
v 0.0086 -0.0033872 0.00029478
v 0.0086 -0.00338177 -0.00035158
v 0.0086 -0.00325412 -0.00098523
v 0.0086 -0.00300886 -0.00158328
v 0.0086 -0.00265485 -0.00212409
v 0.0086 -0.00220489 -0.00258814
v 0.0086 -0.00167523 -0.00295865
v 0.0086 -0.00108503 -0.00322222
v 0.0086 -0.00045561 -0.00336933
v 0.0086 0.00019027 -0.00339467
v 0.0086 0.00082928 -0.00329732
v 0.0086 0.00143831 -0.00308079
v 0.0086 0.00199537 -0.00275291
v 0.0086 0.0024803 -0.00232554
v 0.0086 0.00287559 -0.00181411
v 0.0086 0.00316694 -0.00123712
v 0.0086 0.00334384 -0.00061542
v 0.0086 0.00339988 2.853E-05
v 0.0086 0.00333304 0.00067145
v 0.0086 0.00314574 0.0012901
v 0.0086 0.00284474 0.00186212
v 0.0086 0.00244092 0.00236684
v 0.0086 0.00194888 0.00278601
v 0.0086 0.00138641 0.00310449
v 0.0086 0.00077382 0.00331077
v 0.0086 0.00013327 0.00339739
v 0.0086 -0.00051209 0.00336121
v 0.0086 -0.00113895 0.00320356
v 0.0086 -0.00172465 0.00293012
v 0.0086 -0.00224801 0.00255077
v 0.0086 -0.00269012 0.00207924
v 0.0086 -0.00303501 0.00153256
v 0.0059 0.00214819 -0.00117805
v 0.0059 0.00183219 -0.00162653
v 0.0059 0.00142431 -0.00199345
v 0.0059 0.00094502 -0.00226041
v 0.0059 0.00041834 -0.00241402
v 0.0059 -0.00012932 -0.00244658
v 0.0059 -0.00067049 -0.00235647
v 0.0059 -0.00117805 -0.00214819
v 0.0059 -0.00162653 -0.00183219
v 0.0059 -0.00199345 -0.00142431
v 0.0059 -0.00226041 -0.00094502
v 0.0059 -0.00241402 -0.00041834
v 0.0059 -0.00244658 0.00012932
v 0.0059 -0.00235647 0.00067049
v 0.0059 -0.00214819 0.00117805
v 0.0059 -0.00183219 0.00162653
v 0.0059 -0.00142431 0.00199345
v 0.0059 -0.00094502 0.00226041
v 0.0059 -0.00041834 0.00241402
v 0.0059 0.00012932 0.00244658
v 0.0059 0.00067049 0.00235647
v 0.0059 0.00117805 0.00214819
v 0.0059 0.00162653 0.00183219
v 0.0059 0.00199345 0.00142431
v 0.0059 0.00226041 0.00094502
v 0.0059 0.00241402 0.00041834
v 0.0059 0.00244658 -0.00012932
v 0.0059 0.00235647 -0.00067049
v 0.0086 -0.00271824 0.00371095
v 0.0086 -0.00329197 0.00321293
v 0.0086 -0.0037759 0.00262727
v 0.0086 -0.00415684 0.00196995
v 0.0086 -0.00442439 0.00125889
v 0.0086 -0.00457125 0.00051349
v 0.0086 -0.00459342 -0.00024592
v 0.0086 -0.0044903 -0.00099862
v 0.0086 -0.00426469 -0.00172408
v 0.0086 -0.00392275 -0.00240251
v 0.0086 -0.00347381 -0.0030154
v 0.0086 -0.00293011 -0.00354605
v 0.0086 -0.00230649 -0.00397996
v 0.0086 -0.00161995 -0.00430532
v 0.0086 0.00230649 0.00397996
v 0.0086 0.00161995 0.00430532
v 0.0086 0.00088922 0.00451323
v 0.0086 0.00013424 0.00459804
v 0.0086 -0.0006244 0.00455743
v 0.0086 -0.00136601 0.00439249
v 0.0086 -0.00207036 0.00410775
v 0.0086 0.00442439 -0.00125889
v 0.0086 0.00457125 -0.00051349
v 0.0086 0.00459342 0.00024592
v 0.0086 0.0044903 0.00099862
v 0.0086 0.00426469 0.00172408
v 0.0086 0.00392275 0.00240251
v 0.0086 0.00347381 0.0030154
v 0.0086 0.00293011 0.00354605
v 0.0086 -0.00088922 -0.00451323
v 0.0086 -0.00013424 -0.00459804
v 0.0086 0.0006244 -0.00455743
v 0.0086 0.00136601 -0.00439249
v 0.0086 0.00207036 -0.00410775
v 0.0086 0.00271824 -0.00371095
v 0.0086 0.00329197 -0.00321293
v 0.0086 0.0037759 -0.00262727
v 0.0086 0.00415684 -0.00196995
v 0.0059 0.00325412 0.00098523
v 0.0059 0.00338177 0.00035158
v 0.0059 0.0033872 -0.00029478
v 0.0059 0.0032702 -0.00093048
v 0.0059 0.00303501 -0.00153256
v 0.0059 -0.00019027 0.00339467
v 0.0059 0.00045561 0.00336933
v 0.0059 0.00108503 0.00322222
v 0.0059 0.00167523 0.00295865
v 0.0059 0.00220489 0.00258814
v 0.0059 0.00265485 0.00212409
v 0.0059 0.00300886 0.00158328
v 0.0059 0.00269012 -0.00207924
v 0.0059 0.00224801 -0.00255077
v 0.0059 0.00172465 -0.00293012
v 0.0059 0.00113895 -0.00320356
v 0.0059 0.00051209 -0.00336121
v 0.0059 -0.00013327 -0.00339739
v 0.0059 -0.00077382 -0.00331077
v 0.0059 -0.00334384 0.00061542
v 0.0059 -0.00316694 0.00123712
v 0.0059 -0.00287559 0.00181411
v 0.0059 -0.0024803 0.00232554
v 0.0059 -0.00199537 0.00275291
v 0.0059 -0.00143831 0.00308079
v 0.0059 -0.00082928 0.00329732
v 0.0059 -0.00138641 -0.00310449
v 0.0059 -0.00194888 -0.00278601
v 0.0059 -0.00244092 -0.00236684
v 0.0059 -0.00284474 -0.00186212
v 0.0059 -0.00314574 -0.0012901
v 0.0059 -0.00333304 -0.00067145
v 0.0059 -0.00339988 -2.853E-05
v 0.008 0.00442439 -0.00125889
v 0.008 0.00415684 -0.00196995
v 0.008 0.0037759 -0.00262727
v 0.008 0.00329197 -0.00321293
v 0.008 0.00271824 -0.00371095
v 0.008 0.00207036 -0.00410775
v 0.008 0.00136601 -0.00439249
v 0.008 0.0006244 -0.00455743
v 0.008 -0.00013424 -0.00459804
v 0.008 -0.00088922 -0.00451323
v 0.008 -0.00161995 -0.00430532
v 0.008 -0.00230649 -0.00397996
v 0.008 -0.00293011 -0.00354605
v 0.008 -0.00347381 -0.0030154
v 0.008 -0.00392275 -0.00240251
v 0.008 -0.00426469 -0.00172408
v 0.008 -0.0044903 -0.00099862
v 0.008 -0.00459342 -0.00024592
v 0.008 -0.00457125 0.00051349
v 0.008 -0.00442439 0.00125889
v 0.008 -0.00415684 0.00196995
v 0.008 -0.0037759 0.00262727
v 0.008 -0.00329197 0.00321293
v 0.008 -0.00271824 0.00371095
v 0.008 -0.00207036 0.00410775
v 0.008 -0.00136601 0.00439249
v 0.008 -0.0006244 0.00455743
v 0.008 0.00013424 0.00459804
v 0.008 0.00088922 0.00451323
v 0.008 0.00161995 0.00430532
v 0.008 0.00230649 0.00397996
v 0.008 0.00293011 0.00354605
v 0.008 0.00347381 0.0030154
v 0.008 0.00392275 0.00240251
v 0.008 0.00426469 0.00172408
v 0.008 0.0044903 0.00099862
v 0.008 0.00459342 0.00024592
v 0.008 0.00457125 -0.00051349
v 0.0056 0.0032702 -0.00093048
v 0.0056 0.00303501 -0.00153256
v 0.0056 0.00269012 -0.00207924
v 0.0056 0.00224801 -0.00255077
v 0.0056 0.00172465 -0.00293012
v 0.0056 0.00113895 -0.00320356
v 0.0056 0.00051209 -0.00336121
v 0.0056 -0.00013327 -0.00339739
v 0.0056 -0.00077382 -0.00331077
v 0.0056 -0.00138641 -0.00310449
v 0.0056 -0.00194888 -0.00278601
v 0.0056 -0.00244092 -0.00236684
v 0.0056 -0.00284474 -0.00186212
v 0.0056 -0.00314574 -0.0012901
v 0.0056 -0.00333304 -0.00067145
v 0.0056 -0.00339988 -2.853E-05
v 0.0056 -0.00334384 0.00061542
v 0.0056 -0.00316694 0.00123712
v 0.0056 -0.00287559 0.00181411
v 0.0056 -0.0024803 0.00232554
v 0.0056 -0.00199537 0.00275291
v 0.0056 -0.00143831 0.00308079
v 0.0056 -0.00082928 0.00329732
v 0.0056 -0.00019027 0.00339467
v 0.0056 0.00045561 0.00336933
v 0.0056 0.00108503 0.00322222
v 0.0056 0.00167523 0.00295865
v 0.0056 0.00220489 0.00258814
v 0.0056 0.00265485 0.00212409
v 0.0056 0.00300886 0.00158328
v 0.0056 0.00325412 0.00098523
v 0.0056 0.00338177 0.00035158
v 0.0056 0.0033872 -0.00029478
v 0.008 -0.00109468 -0.00384729
v 0.008 -0.00174613 -0.00359875
v 0.008 -0.00234452 -0.00324087
v 0.008 -0.00287167 -0.00278451
v 0.008 -0.00331157 -0.00224355
v 0.008 -0.00365085 -0.00163442
v 0.008 -0.0038792 -0.00097562
v 0.008 -0.00398968 -0.00028719
v 0.008 -0.00397893 0.00040998
v 0.008 -0.00384729 0.00109468
v 0.008 -0.00359875 0.00174613
v 0.008 -0.00324087 0.00234452
v 0.008 -0.00278451 0.00287167
v 0.008 -0.00224355 0.00331157
v 0.008 -0.00163442 0.00365085
v 0.008 -0.00097562 0.0038792
v 0.008 -0.00028719 0.00398968
v 0.008 0.00040998 0.00397893
v 0.008 0.00109468 0.00384729
v 0.008 0.00174613 0.00359875
v 0.008 0.00234452 0.00324087
v 0.008 0.00287167 0.00278451
v 0.008 0.00331157 0.00224355
v 0.008 0.00365085 0.00163442
v 0.008 0.0038792 0.00097562
v 0.008 0.00398968 0.00028719
v 0.008 0.00397893 -0.00040998
v 0.008 0.00384729 -0.00109468
v 0.008 0.00359875 -0.00174613
v 0.008 0.00324087 -0.00234452
v 0.008 0.00278451 -0.00287167
v 0.008 0.00224355 -0.00331157
v 0.008 0.00163442 -0.00365085
v 0.008 0.00097562 -0.0038792
v 0.008 0.00028719 -0.00398968
v 0.008 -0.00040998 -0.00397893
v 0.0056 0.00331157 0.00224355
v 0.0056 0.00365085 0.00163442
v 0.0056 0.0038792 0.00097562
v 0.0056 0.00398968 0.00028719
v 0.0056 0.00397893 -0.00040998
v 0.0056 0.00384729 -0.00109468
v 0.0056 0.00359875 -0.00174613
v 0.0056 0.00324087 -0.00234452
v 0.0056 0.00278451 -0.00287167
v 0.0056 0.00224355 -0.00331157
v 0.0056 0.00163442 -0.00365085
v 0.0056 -0.00359875 0.00174613
v 0.0056 -0.00324087 0.00234452
v 0.0056 -0.00278451 0.00287167
v 0.0056 -0.00224355 0.00331157
v 0.0056 -0.00163442 0.00365085
v 0.0056 -0.00097562 0.0038792
v 0.0056 -0.00028719 0.00398968
v 0.0056 0.00040998 0.00397893
v 0.0056 0.00109468 0.00384729
v 0.0056 0.00174613 0.00359875
v 0.0056 0.00234452 0.00324087
v 0.0056 0.00287167 0.00278451
v 0.0056 0.00097562 -0.0038792
v 0.0056 0.00028719 -0.00398968
v 0.0056 -0.00040998 -0.00397893
v 0.0056 -0.00109468 -0.00384729
v 0.0056 -0.00174613 -0.00359875
v 0.0056 -0.00234452 -0.00324087
v 0.0056 -0.00287167 -0.00278451
v 0.0056 -0.00331157 -0.00224355
v 0.0056 -0.00365085 -0.00163442
v 0.0056 -0.0038792 -0.00097562
v 0.0056 -0.00398968 -0.00028719
v 0.0056 -0.00397893 0.00040998
v 0.0056 -0.00384729 0.00109468
v 0 -0.0160032 0.0326032
v 0 -0.01900321 0.0326032
v -0.0008 -0.0160032 0.03238884
v -0.0008 -0.01900321 0.03238884
v -0.00138564 -0.0160032 0.0318032
v -0.00138564 -0.01900321 0.0318032
v -0.0016 -0.0160032 0.0310032
v -0.0016 -0.01900321 0.0310032
v -0.00138564 -0.0160032 0.0302032
v -0.00138564 -0.01900321 0.0302032
v -0.0008 -0.0160032 0.02961756
v -0.0008 -0.01900321 0.02961756
v 0 -0.0160032 0.0294032
v 0 -0.01900321 0.0294032
v 0.0008 -0.0160032 0.02961756
v 0.0008 -0.01900321 0.02961756
v 0.00138564 -0.0160032 0.0302032
v 0.00138564 -0.01900321 0.0302032
v 0.0016 -0.0160032 0.0310032
v 0.0016 -0.01900321 0.0310032
v 0.00138564 -0.0160032 0.0318032
v 0.00138564 -0.01900321 0.0318032
v 0.0008 -0.0160032 0.03238884
v 0.0008 -0.01900321 0.03238884
v 0 -0.0160032 0.0446032
v 0 -0.01900321 0.0446032
v -0.0008 -0.0160032 0.04438885
v -0.0008 -0.01900321 0.04438885
v -0.00138564 -0.0160032 0.0438032
v -0.00138564 -0.01900321 0.0438032
v -0.0016 -0.0160032 0.04300321
v -0.0016 -0.01900321 0.04300321
v -0.00138564 -0.0160032 0.0422032
v -0.00138564 -0.01900321 0.0422032
v -0.0008 -0.0160032 0.04161756
v -0.0008 -0.01900321 0.04161756
v 0 -0.0160032 0.0414032
v 0 -0.01900321 0.0414032
v 0.0008 -0.0160032 0.04161756
v 0.0008 -0.01900321 0.04161756
v 0.00138564 -0.0160032 0.0422032
v 0.00138564 -0.01900321 0.0422032
v 0.0016 -0.0160032 0.04300321
v 0.0016 -0.01900321 0.04300321
v 0.00138564 -0.0160032 0.0438032
v 0.00138564 -0.01900321 0.0438032
v 0.0008 -0.0160032 0.04438885
v 0.0008 -0.01900321 0.04438885
v -0.008 0.00424264 0.00424264
v -0.0048 0.00424264 0.00424264
v -0.0048 0.00534604 0.00272394
v -0.008 0.00534604 0.00272394
v -0.0048 0.00592613 0.00093861
v -0.008 0.00592613 0.00093861
v -0.0048 0.00592613 -0.00093861
v -0.008 0.00592613 -0.00093861
v -0.0048 0.00534604 -0.00272395
v -0.008 0.00534604 -0.00272395
v -0.0048 0.00424264 -0.00424264
v -0.008 0.00424264 -0.00424264
v -0.0048 0.00272394 -0.00534604
v -0.008 0.00272394 -0.00534604
v -0.0048 0.00093861 -0.00592613
v -0.008 0.00093861 -0.00592613
v -0.0048 -0.00093861 -0.00592613
v -0.008 -0.00093861 -0.00592613
v -0.0048 -0.00272394 -0.00534604
v -0.008 -0.00272394 -0.00534604
v -0.0048 -0.00424264 -0.00424264
v -0.008 -0.00424264 -0.00424264
v -0.008 0.00346308 -0.00200176
v -0.0048 0.00346308 -0.00200176
v -0.008 0.00396551 -0.00052413
v -0.0048 0.00396551 -0.00052413
v -0.008 0.00386423 0.00103331
v -0.0048 0.00386423 0.00103331
v -0.008 0.00317465 0.00243343
v -0.0048 0.00317465 0.00243343
v -0.008 0.00200177 0.00346308
v -0.0048 0.00200177 0.00346308
v -0.008 0.00052413 0.00396551
v -0.0048 0.00052413 0.00396551
v -0.008 -0.00103331 0.00386423
v -0.0048 -0.00103331 0.00386423
v -0.008 -0.00243343 0.00317466
v -0.0048 -0.00243343 0.00317466
v -0.008 -0.00346308 0.00200177
v -0.0048 -0.00346308 0.00200177
v -0.008 -0.00396551 0.00052413
v -0.0048 -0.00396551 0.00052413
v -0.008 -0.00386423 -0.00103331
v -0.0048 -0.00386423 -0.00103331
v -0.008 -0.00317465 -0.00243343
v -0.0048 -0.00317465 -0.00243343
v -0.008 -0.00200177 -0.00346308
v -0.0048 -0.00200177 -0.00346308
v -0.008 -0.00052413 -0.00396551
v -0.0048 -0.00052413 -0.00396551
v -0.008 0.00103331 -0.00386423
v -0.0048 0.00103331 -0.00386423
v -0.008 0.00243343 -0.00317465
v -0.0048 0.00243343 -0.00317465
v -0.0048 -0.00919239 0.00070711
v 0.0048 -0.00424264 -0.00424264
v 0.008 -0.00424264 -0.00424264
v 0.0048 -0.00919239 0.00070711
v 0.008 -0.0240032 0.01551792
v -0.008 -0.0240032 0.01551792
v -0.008 -0.0240032 0.0210032
v 0.008 -0.0240032 0.0210032
v 0.00127799 -0.0120032 0.0285682
v 0.008 -0.0120032 0.02048849
v 0 -0.0120032 0.0282532
v -0.008 -0.0120032 0.02048849
v -0.00127799 -0.0120032 0.0285682
v 0.002 -0.0120032 0.0530032
v 0.00065812 -0.0120032 0.04567329
v -0.002 -0.0120032 0.0530032
v -0.00065812 -0.0120032 0.04567329
v -0.0038541 -0.0120032 0.05270954
v 0 -0.0120032 0.0402532
v 0.00065812 -0.0120032 0.03367329
v -0.00127799 -0.0120032 0.0405682
v -0.00065812 -0.0120032 0.03367329
v -0.00226321 -0.0120032 0.04144103
v -0.00182359 -0.0120032 0.03306161
v -0.00257129 -0.0120032 0.03197837
v -0.00272995 -0.0120032 0.03067173
v -0.00226321 -0.0120032 0.02944103
v 0.00226321 -0.0120032 0.02944103
v 0.00272995 -0.0120032 0.03067173
v 0.00257129 -0.0120032 0.03197837
v 0.008 -0.0120032 0.0470032
v 0.00226321 -0.0120032 0.04144103
v -0.00272995 -0.0120032 0.04267173
v -0.008 -0.0120032 0.0470032
v -0.00257129 -0.0120032 0.04397837
v -0.00770634 -0.0120032 0.04885731
v -0.00182359 -0.0120032 0.04506161
v -0.0068541 -0.0120032 0.05052992
v -0.00552671 -0.0120032 0.0518573
v 0.00127799 -0.0120032 0.0405682
v 0.00182359 -0.0120032 0.03306161
v 0.00272995 -0.0120032 0.04267173
v 0.00257129 -0.0120032 0.04397837
v 0.00770634 -0.0120032 0.04885731
v 0.00182359 -0.0120032 0.04506161
v 0.0038541 -0.0120032 0.05270954
v 0.00552671 -0.0120032 0.0518573
v 0.0068541 -0.0120032 0.05052992
v 0.008 0.00424264 0.00424264
v 0.0048 0.00424264 0.00424264
v 0.0048 -0.00070711 0.00919239
v -0.0048 -0.00070711 0.00919239
v 0.008 0.00534604 0.00272394
v 0.0048 0.00534604 0.00272394
v 0.008 0.00592613 0.00093861
v 0.0048 0.00592613 0.00093861
v 0.008 0.00592613 -0.00093861
v 0.0048 0.00592613 -0.00093861
v 0.008 0.00534604 -0.00272395
v 0.0048 0.00534604 -0.00272395
v 0.008 0.00424264 -0.00424264
v 0.0048 0.00424264 -0.00424264
v 0.008 0.00272394 -0.00534604
v 0.0048 0.00272394 -0.00534604
v 0.008 0.00093861 -0.00592613
v 0.0048 0.00093861 -0.00592613
v 0.008 -0.00093861 -0.00592613
v 0.0048 -0.00093861 -0.00592613
v 0.008 -0.00272394 -0.00534604
v 0.0048 -0.00272394 -0.00534604
v 0.0048 0.00346308 -0.00200176
v 0.008 0.00346308 -0.00200176
v 0.0048 0.00396551 -0.00052413
v 0.008 0.00396551 -0.00052413
v 0.0048 0.00386423 0.00103331
v 0.008 0.00386423 0.00103331
v 0.0048 0.00317465 0.00243343
v 0.008 0.00317465 0.00243343
v 0.0048 0.00200177 0.00346308
v 0.008 0.00200177 0.00346308
v 0.0048 0.00052413 0.00396551
v 0.008 0.00052413 0.00396551
v 0.0048 -0.00103331 0.00386423
v 0.008 -0.00103331 0.00386423
v 0.0048 -0.00243343 0.00317466
v 0.008 -0.00243343 0.00317466
v 0.0048 -0.00346308 0.00200177
v 0.008 -0.00346308 0.00200177
v 0.0048 -0.00396551 0.00052413
v 0.008 -0.00396551 0.00052413
v 0.0048 -0.00386423 -0.00103331
v 0.008 -0.00386423 -0.00103331
v 0.0048 -0.00317465 -0.00243343
v 0.008 -0.00317465 -0.00243343
v 0.0048 -0.00200177 -0.00346308
v 0.008 -0.00200177 -0.00346308
v 0.0048 -0.00052413 -0.00396551
v 0.008 -0.00052413 -0.00396551
v 0.0048 0.00103331 -0.00386423
v 0.008 0.00103331 -0.00386423
v 0.0048 0.00243343 -0.00317465
v 0.008 0.00243343 -0.00317465
v -0.008 -0.01500064 0.01375
v -0.008 -0.01437555 0.01391715
v -0.008 -0.01375 0.01499936
v -0.008 -0.01391779 0.01437445
v -0.008 -0.01391715 0.01562445
v -0.008 -0.01437445 0.01608221
v -0.008 -0.01900321 0.0210032
v -0.008 -0.01608285 0.01437555
v -0.008 -0.01562555 0.01391779
v -0.008 -0.01499936 0.01625
v -0.008 -0.01562445 0.01608285
v -0.008 -0.01608221 0.01562555
v -0.008 -0.01625 0.01500064
v -0.008 -0.01900321 0.0470032
v 0.008 -0.01900321 0.0470032
v 0.008 -0.01900321 0.0210032
v 0.008 -0.01437445 0.01608221
v 0.008 -0.01391715 0.01562445
v 0.008 -0.01608285 0.01437555
v 0.008 -0.01625 0.01500064
v 0.008 -0.01562555 0.01391779
v 0.008 -0.01500064 0.01375
v 0.008 -0.01437555 0.01391715
v 0.008 -0.01608221 0.01562555
v 0.008 -0.01562445 0.01608285
v 0.008 -0.01499936 0.01625
v 0.008 -0.01391779 0.01437445
v 0.008 -0.01375 0.01499936
v 0.002 -0.01900321 0.0530032
v -0.002 -0.01900321 0.0530032
v 0.00552671 -0.01900321 0.0518573
v 0.0038541 -0.01900321 0.05270954
v 0.00770634 -0.01900321 0.04885731
v 0.0068541 -0.01900321 0.05052992
v -0.00552671 -0.01900321 0.0518573
v -0.0038541 -0.01900321 0.05270954
v -0.00770634 -0.01900321 0.04885731
v -0.0068541 -0.01900321 0.05052992
v 0.00065812 -0.0160032 0.04567329
v 0.00182359 -0.0160032 0.04506161
v 0.00257129 -0.0160032 0.04397837
v 0.00272995 -0.0160032 0.04267173
v 0.00226321 -0.0160032 0.04144103
v 0.00127799 -0.0160032 0.0405682
v 0 -0.0160032 0.0402532
v -0.00127799 -0.0160032 0.0405682
v -0.00226321 -0.0160032 0.04144103
v -0.00272995 -0.0160032 0.04267173
v -0.00257129 -0.0160032 0.04397837
v -0.00182359 -0.0160032 0.04506161
v -0.00065812 -0.0160032 0.04567329
v 0.00065812 -0.0160032 0.03367329
v 0.00182359 -0.0160032 0.03306161
v 0.00257129 -0.0160032 0.03197837
v 0.00272995 -0.0160032 0.03067173
v 0.00226321 -0.0160032 0.02944103
v 0.00127799 -0.0160032 0.0285682
v 0 -0.0160032 0.0282532
v -0.00127799 -0.0160032 0.0285682
v -0.00226321 -0.0160032 0.02944103
v -0.00272995 -0.0160032 0.03067173
v -0.00257129 -0.0160032 0.03197837
v -0.00182359 -0.0160032 0.03306161
v -0.00065812 -0.0160032 0.03367329
v -0.01475 -0.0230032 0.0567532
v -0.01475 -0.0230032 0.0252532
v -0.01475 -0.0260032 0.0567532
v -0.01475 -0.0260032 0.0252532
v 0.01475 -0.0260032 0.0567532
v 0.01475 -0.0260032 0.0252532
v 0.01475 -0.0230032 0.0567532
v 0.01475 -0.0230032 0.0252532
v 0.01351336 -0.0230032 0.02282615
v 0.01267705 -0.0230032 0.02240003
v 0.01417705 -0.0230032 0.02348985
v 0.01175 -0.0230032 0.0222532
v 0.01460317 -0.0230032 0.02432615
v -0.01175 -0.0230032 0.0222532
v -0.01460317 -0.0230032 0.05768025
v -0.01175 -0.0230032 0.0597532
v -0.01417705 -0.0230032 0.05851656
v -0.01267705 -0.0230032 0.05960637
v -0.01351336 -0.0230032 0.05918026
v -0.01267705 -0.0230032 0.02240003
v -0.01351336 -0.0230032 0.02282615
v -0.01460317 -0.0230032 0.02432615
v -0.01417705 -0.0230032 0.02348985
v 0.01175 -0.0230032 0.0597532
v 0.01267705 -0.0230032 0.05960637
v 0.01351336 -0.0230032 0.05918026
v 0.01417705 -0.0230032 0.05851656
v 0.01460317 -0.0230032 0.05768025
v -0.01417705 -0.0260032 0.02348985
v -0.01351336 -0.0260032 0.02282615
v -0.01460317 -0.0260032 0.02432615
v 0.01351336 -0.0260032 0.02282615
v 0.01417705 -0.0260032 0.02348985
v 0.01267705 -0.0260032 0.02240003
v 0.01175 -0.0260032 0.0222532
v -0.01267705 -0.0260032 0.02240003
v -0.01175 -0.0260032 0.0222532
v 0.01460317 -0.0260032 0.02432615
v 0.01417705 -0.0260032 0.05851656
v 0.01351336 -0.0260032 0.05918026
v 0.01460317 -0.0260032 0.05768025
v 0.01267705 -0.0260032 0.05960637
v 0.01175 -0.0260032 0.0597532
v -0.01351336 -0.0260032 0.05918026
v -0.01417705 -0.0260032 0.05851656
v -0.01267705 -0.0260032 0.05960637
v -0.01175 -0.0260032 0.0597532
v -0.01460317 -0.0260032 0.05768025
v -0.0086 -0.00096752 0.0017504
v -0.0086 -0.00092752 0.00226764
v -0.0086 -0.00050182 0.00193602
v -0.0086 -0.00039967 0.00241718
v -0.0086 -4.59E-06 0.00199999
v -0.0086 0.00014823 0.00244551
v -0.0086 0.00049294 0.0019383
v -0.0086 0.00068869 0.00235121
v -0.0086 0.00095948 0.00175482
v -0.0086 0.00119462 0.00213902
v -0.0086 0.00136575 0.00146107
v -0.0086 0.00164064 0.00181956
v -0.0086 0.00168619 0.00107552
v -0.0086 0.0020044 0.00140886
v -0.0086 0.00190069 0.0006224
v -0.0086 0.00226764 0.00092752
v -0.0086 0.00199576 0.00013016
v -0.0086 -0.00117186 -0.00162073
v -0.0086 -0.00164064 -0.00181956
v -0.0086 -0.0015381 -0.00127838
v -0.0086 -0.0020044 -0.00140886
v -0.0086 -0.0018077 -0.00085571
v -0.0086 -0.00226764 -0.00092752
v -0.0086 -0.00196371 -0.00037927
v -0.0086 -0.00241718 -0.00039967
v -0.0086 -0.00199634 0.000121
v -0.0086 -0.00244551 0.00014823
v -0.0086 -0.00190353 0.00061367
v -0.0086 -0.00235121 0.00068869
v -0.0086 -0.00169111 0.00106778
v -0.0086 -0.00213902 0.00119462
v -0.0086 -0.00137243 0.00145479
v -0.0086 -0.00181956 0.00164064
v -0.0086 -0.00140886 0.0020044
v -0.0086 0.00241718 0.00039967
v -0.0086 0.00244551 -0.00014823
v -0.0086 0.00196543 -0.00037026
v -0.0086 0.00235121 -0.00068869
v -0.0086 0.0018116 -0.00084741
v -0.0086 0.00213902 -0.00119462
v -0.0086 0.00154395 -0.00127131
v -0.0086 0.00181956 -0.00164064
v -0.0086 0.00117928 -0.00161533
v -0.0086 0.00140886 -0.0020044
v -0.0086 0.00074051 -0.00185786
v -0.0086 0.00092752 -0.00226764
v -0.0086 0.00025522 -0.00198365
v -0.0086 0.00039967 -0.00241718
v -0.0086 -0.00024611 -0.0019848
v -0.0086 -0.00014823 -0.00244551
v -0.0086 -0.00073198 -0.00186124
v -0.0086 -0.00068869 -0.00235121
v -0.0086 -0.00119462 -0.00213902
v -0.0083 0.00235121 -0.00068869
v -0.0083 0.00213902 -0.00119462
v -0.0083 0.00181956 -0.00164064
v -0.0083 0.00140886 -0.0020044
v -0.0083 0.00092752 -0.00226764
v -0.0083 0.00039967 -0.00241718
v -0.0083 -0.00014823 -0.00244551
v -0.0083 -0.00068869 -0.00235121
v -0.0083 -0.00119462 -0.00213902
v -0.0083 -0.00164064 -0.00181956
v -0.0083 -0.0020044 -0.00140886
v -0.0083 -0.00226764 -0.00092752
v -0.0083 -0.00241718 -0.00039967
v -0.0083 -0.00244551 0.00014823
v -0.0083 -0.00235121 0.00068869
v -0.0083 -0.00213902 0.00119462
v -0.0083 -0.00181956 0.00164064
v -0.0083 -0.00140886 0.0020044
v -0.0083 -0.00092752 0.00226764
v -0.0083 -0.00039967 0.00241718
v -0.0083 0.00014823 0.00244551
v -0.0083 0.00068869 0.00235121
v -0.0083 0.00119462 0.00213902
v -0.0083 0.00164064 0.00181956
v -0.0083 0.0020044 0.00140886
v -0.0083 0.00226764 0.00092752
v -0.0083 0.00241718 0.00039967
v -0.0083 0.00244551 -0.00014823
v -0.0056 -0.00199634 0.000121
v -0.0056 -0.00196371 -0.00037927
v -0.0056 -0.0018077 -0.00085571
v -0.0056 -0.0015381 -0.00127838
v -0.0056 -0.00117186 -0.00162073
v -0.0056 -0.00073198 -0.00186124
v -0.0056 -0.00024611 -0.0019848
v -0.0056 0.00025522 -0.00198365
v -0.0056 0.00074051 -0.00185786
v -0.0056 0.00117928 -0.00161533
v -0.0056 0.00154395 -0.00127131
v -0.0056 0.0018116 -0.00084741
v -0.0056 0.00196543 -0.00037026
v -0.0056 0.00199576 0.00013016
v -0.0056 0.00190069 0.0006224
v -0.0056 0.00168619 0.00107552
v -0.0056 0.00136575 0.00146107
v -0.0056 0.00095948 0.00175482
v -0.0056 0.00049294 0.0019383
v -0.0056 -4.59E-06 0.00199999
v -0.0056 -0.00050182 0.00193602
v -0.0056 -0.00096752 0.0017504
v -0.0056 -0.00137243 0.00145479
v -0.0056 -0.00169111 0.00106778
v -0.0056 -0.00190353 0.00061367
v -0.0083 0.00296623 0.00166176
v -0.0083 0.00322712 0.00107037
v -0.0083 0.00337137 0.00044029
v -0.0083 0.00339377 -0.0002057
v -0.0083 0.00329351 -0.00084426
v -0.0083 -0.0009156 0.0032744
v -0.0083 -0.00027937 0.0033885
v -0.0083 0.00036695 0.00338014
v -0.0083 0.00100002 0.00324961
v -0.0083 0.00159694 0.00300163
v -0.0083 0.00213614 0.00264516
v -0.0083 0.00259814 0.0021931
v -0.0083 0.00307422 -0.00145231
v -0.0083 0.00274381 -0.00200786
v -0.0083 0.00231424 -0.00249085
v -0.0083 0.00180102 -0.0028838
v -0.0083 0.00122271 -0.00317254
v -0.0083 0.00060021 -0.0033466
v -0.0083 -4.399E-05 -0.00339972
v -0.0083 -0.00339796 -0.00011783
v -0.0083 -0.00335885 0.00052737
v -0.0083 -0.00319835 0.00115351
v -0.0083 -0.00292225 0.00173795
v -0.0083 -0.00254053 0.00225958
v -0.0083 -0.00206699 0.00269955
v -0.0083 -0.00151874 0.00304194
v -0.0083 -0.00068659 -0.00332995
v -0.0083 -0.00130438 -0.00313984
v -0.0083 -0.00187503 -0.00283624
v -0.0083 -0.00237791 -0.00243013
v -0.0083 -0.00279484 -0.0019362
v -0.0083 -0.00311076 -0.00137228
v -0.0083 -0.00331425 -0.00075876
v -0.0056 0.00241718 0.00039967
v -0.0056 0.00226764 0.00092752
v -0.0056 0.0020044 0.00140886
v -0.0056 0.00164064 0.00181956
v -0.0056 0.00119462 0.00213902
v -0.0056 0.00068869 0.00235121
v -0.0056 0.00014823 0.00244551
v -0.0056 -0.00039967 0.00241718
v -0.0056 -0.00119462 -0.00213902
v -0.0056 -0.00068869 -0.00235121
v -0.0056 -0.00014823 -0.00244551
v -0.0056 0.00039967 -0.00241718
v -0.0056 0.00092752 -0.00226764
v -0.0056 0.00140886 -0.0020044
v -0.0056 0.00181956 -0.00164064
v -0.0056 0.00213902 -0.00119462
v -0.0056 0.00235121 -0.00068869
v -0.0056 0.00244551 -0.00014823
v -0.0056 -0.00092752 0.00226764
v -0.0056 -0.00140886 0.0020044
v -0.0056 -0.00181956 0.00164064
v -0.0056 -0.00213902 0.00119462
v -0.0056 -0.00235121 0.00068869
v -0.0056 -0.00244551 0.00014823
v -0.0056 -0.00241718 -0.00039967
v -0.0056 -0.00226764 -0.00092752
v -0.0056 -0.0020044 -0.00140886
v -0.0056 -0.00164064 -0.00181956
v -0.0086 0.00339377 -0.0002057
v -0.0086 0.00329351 -0.00084426
v -0.0086 0.00307422 -0.00145231
v -0.0086 0.00274381 -0.00200786
v -0.0086 0.00231424 -0.00249085
v -0.0086 0.00180102 -0.0028838
v -0.0086 0.00122271 -0.00317254
v -0.0086 0.00060021 -0.0033466
v -0.0086 -4.399E-05 -0.00339972
v -0.0086 -0.00068659 -0.00332995
v -0.0086 -0.00130438 -0.00313984
v -0.0086 -0.00187503 -0.00283624
v -0.0086 -0.00237791 -0.00243013
v -0.0086 -0.00279484 -0.0019362
v -0.0086 -0.00311076 -0.00137228
v -0.0086 -0.00331425 -0.00075876
v -0.0086 -0.00339796 -0.00011783
v -0.0086 -0.00335885 0.00052737
v -0.0086 -0.00319835 0.00115351
v -0.0086 -0.00292225 0.00173795
v -0.0086 -0.00254053 0.00225958
v -0.0086 -0.00206699 0.00269955
v -0.0086 -0.00151874 0.00304194
v -0.0086 -0.0009156 0.0032744
v -0.0086 -0.00027937 0.0033885
v -0.0086 0.00036695 0.00338014
v -0.0086 0.00100002 0.00324961
v -0.0086 0.00159694 0.00300163
v -0.0086 0.00213614 0.00264516
v -0.0086 0.00259814 0.0021931
v -0.0086 0.00296623 0.00166176
v -0.0086 0.00322712 0.00107037
v -0.0086 0.00337137 0.00044029
v -0.0059 -0.00241718 -0.00039967
v -0.0059 -0.00226764 -0.00092752
v -0.0059 -0.0020044 -0.00140886
v -0.0059 -0.00164064 -0.00181956
v -0.0059 -0.00119462 -0.00213902
v -0.0059 -0.00068869 -0.00235121
v -0.0059 -0.00014823 -0.00244551
v -0.0059 0.00039967 -0.00241718
v -0.0059 0.00092752 -0.00226764
v -0.0059 0.00140886 -0.0020044
v -0.0059 0.00181956 -0.00164064
v -0.0059 0.00213902 -0.00119462
v -0.0059 0.00235121 -0.00068869
v -0.0059 0.00244551 -0.00014823
v -0.0059 0.00241718 0.00039967
v -0.0059 0.00226764 0.00092752
v -0.0059 0.0020044 0.00140886
v -0.0059 0.00164064 0.00181956
v -0.0059 0.00119462 0.00213902
v -0.0059 0.00068869 0.00235121
v -0.0059 0.00014823 0.00244551
v -0.0059 -0.00039967 0.00241718
v -0.0059 -0.00092752 0.00226764
v -0.0059 -0.00140886 0.0020044
v -0.0059 -0.00181956 0.00164064
v -0.0059 -0.00213902 0.00119462
v -0.0059 -0.00235121 0.00068869
v -0.0059 -0.00244551 0.00014823
v -0.0086 0.00379433 0.00260058
v -0.0086 0.00417063 0.00194059
v -0.0086 0.00443315 0.00122766
v -0.0086 0.00457476 0.00048124
v -0.0086 0.00459157 -0.0002783
v -0.0086 0.00448314 -0.00103026
v -0.0086 0.00425242 -0.00175411
v -0.0086 0.00390571 -0.00243011
v -0.0086 0.00345246 -0.00303982
v -0.0086 0.00290503 -0.00356662
v -0.0086 0.00227836 -0.00399613
v -0.0086 0.00158955 -0.00431663
v -0.0086 0.00085738 -0.00451939
v -0.0086 0.00010181 -0.00459887
v -0.0086 -0.00085738 0.00451939
v -0.0086 -0.00010181 0.00459887
v -0.0086 0.00065652 0.00455291
v -0.0086 0.00139695 0.00438275
v -0.0086 0.00209928 0.00409305
v -0.0086 0.00274434 0.00369169
v -0.0086 0.00331454 0.00318964
v -0.0086 -0.00459157 0.0002783
v -0.0086 -0.00448314 0.00103026
v -0.0086 -0.00425242 0.00175411
v -0.0086 -0.00390571 0.00243011
v -0.0086 -0.00345246 0.00303982
v -0.0086 -0.00290503 0.00356662
v -0.0086 -0.00227836 0.00399613
v -0.0086 -0.00158955 0.00431663
v -0.0086 -0.00065652 -0.00455291
v -0.0086 -0.00139695 -0.00438275
v -0.0086 -0.00209928 -0.00409305
v -0.0086 -0.00274434 -0.00369169
v -0.0086 -0.00331454 -0.00318964
v -0.0086 -0.00379433 -0.00260058
v -0.0086 -0.00417063 -0.00194059
v -0.0086 -0.00443315 -0.00122766
v -0.0086 -0.00457476 -0.00048124
v -0.0059 -0.00274381 0.00200786
v -0.0059 -0.00307422 0.00145231
v -0.0059 -0.00329351 0.00084426
v -0.0059 -0.00339377 0.0002057
v -0.0059 -0.00337137 -0.00044029
v -0.0059 0.00130438 0.00313984
v -0.0059 0.00068659 0.00332995
v -0.0059 4.399E-05 0.00339972
v -0.0059 -0.00060021 0.0033466
v -0.0059 -0.00122271 0.00317254
v -0.0059 -0.00180102 0.0028838
v -0.0059 -0.00231424 0.00249085
v -0.0059 -0.00322712 -0.00107037
v -0.0059 -0.00296623 -0.00166176
v -0.0059 -0.00259814 -0.0021931
v -0.0059 -0.00213614 -0.00264516
v -0.0059 -0.00159694 -0.00300163
v -0.0059 -0.00100002 -0.00324961
v -0.0059 -0.00036695 -0.00338014
v -0.0059 0.00335885 -0.00052737
v -0.0059 0.00339796 0.00011783
v -0.0059 0.00331425 0.00075876
v -0.0059 0.00311076 0.00137228
v -0.0059 0.00279484 0.0019362
v -0.0059 0.00237791 0.00243013
v -0.0059 0.00187503 0.00283624
v -0.0059 0.00027937 -0.0033885
v -0.0059 0.0009156 -0.0032744
v -0.0059 0.00151874 -0.00304194
v -0.0059 0.00206699 -0.00269955
v -0.0059 0.00254053 -0.00225958
v -0.0059 0.00292225 -0.00173795
v -0.0059 0.00319835 -0.00115351
v -0.008 -0.00459157 0.0002783
v -0.008 -0.00457476 -0.00048124
v -0.008 -0.00443315 -0.00122766
v -0.008 -0.00417063 -0.00194059
v -0.008 -0.00379433 -0.00260058
v -0.008 -0.00331454 -0.00318964
v -0.008 -0.00274434 -0.00369169
v -0.008 -0.00209928 -0.00409305
v -0.008 -0.00139695 -0.00438275
v -0.008 -0.00065652 -0.00455291
v -0.008 0.00010181 -0.00459887
v -0.008 0.00085738 -0.00451939
v -0.008 0.00158955 -0.00431663
v -0.008 0.00227836 -0.00399613
v -0.008 0.00290503 -0.00356662
v -0.008 0.00345246 -0.00303982
v -0.008 0.00390571 -0.00243011
v -0.008 0.00425242 -0.00175411
v -0.008 0.00448314 -0.00103026
v -0.008 0.00459157 -0.0002783
v -0.008 0.00457476 0.00048124
v -0.008 0.00443315 0.00122766
v -0.008 0.00417063 0.00194059
v -0.008 0.00379433 0.00260058
v -0.008 0.00331454 0.00318964
v -0.008 0.00274434 0.00369169
v -0.008 0.00209928 0.00409305
v -0.008 0.00139695 0.00438275
v -0.008 0.00065652 0.00455291
v -0.008 -0.00010181 0.00459887
v -0.008 -0.00085738 0.00451939
v -0.008 -0.00158955 0.00431663
v -0.008 -0.00227836 0.00399613
v -0.008 -0.00290503 0.00356662
v -0.008 -0.00345246 0.00303982
v -0.008 -0.00390571 0.00243011
v -0.008 -0.00425242 0.00175411
v -0.008 -0.00448314 0.00103026
v -0.0056 -0.00339377 0.0002057
v -0.0056 -0.00337137 -0.00044029
v -0.0056 -0.00322712 -0.00107037
v -0.0056 -0.00296623 -0.00166176
v -0.0056 -0.00259814 -0.0021931
v -0.0056 -0.00213614 -0.00264516
v -0.0056 -0.00159694 -0.00300163
v -0.0056 -0.00100002 -0.00324961
v -0.0056 -0.00036695 -0.00338014
v -0.0056 0.00027937 -0.0033885
v -0.0056 0.0009156 -0.0032744
v -0.0056 0.00151874 -0.00304194
v -0.0056 0.00206699 -0.00269955
v -0.0056 0.00254053 -0.00225958
v -0.0056 0.00292225 -0.00173795
v -0.0056 0.00319835 -0.00115351
v -0.0056 0.00335885 -0.00052737
v -0.0056 0.00339796 0.00011783
v -0.0056 0.00331425 0.00075876
v -0.0056 0.00311076 0.00137228
v -0.0056 0.00279484 0.0019362
v -0.0056 0.00237791 0.00243013
v -0.0056 0.00187503 0.00283624
v -0.0056 0.00130438 0.00313984
v -0.0056 0.00068659 0.00332995
v -0.0056 4.399E-05 0.00339972
v -0.0056 -0.00060021 0.0033466
v -0.0056 -0.00122271 0.00317254
v -0.0056 -0.00180102 0.0028838
v -0.0056 -0.00231424 0.00249085
v -0.0056 -0.00274381 0.00200786
v -0.0056 -0.00307422 0.00145231
v -0.0056 -0.00329351 0.00084426
v -0.008 -0.000242 -0.00399267
v -0.008 0.00045499 -0.00397404
v -0.008 0.00113816 -0.00383466
v -0.008 0.00178675 -0.00357876
v -0.008 0.00238105 -0.00321412
v -0.008 0.00290301 -0.00275183
v -0.008 0.00333675 -0.00220592
v -0.008 0.00366911 -0.00159298
v -0.008 0.00388999 -0.00093165
v -0.008 0.00399267 -0.000242
v -0.008 0.00397404 0.00045499
v -0.008 0.00383466 0.00113816
v -0.008 0.00357876 0.00178675
v -0.008 0.00321412 0.00238105
v -0.008 0.00275183 0.00290301
v -0.008 0.00220592 0.00333675
v -0.008 0.00159298 0.00366911
v -0.008 0.00093165 0.00388999
v -0.008 0.000242 0.00399267
v -0.008 -0.00045499 0.00397404
v -0.008 -0.00113816 0.00383466
v -0.008 -0.00178675 0.00357876
v -0.008 -0.00238105 0.00321412
v -0.008 -0.00290301 0.00275183
v -0.008 -0.00333675 0.00220592
v -0.008 -0.00366911 0.00159298
v -0.008 -0.00388999 0.00093165
v -0.008 -0.00399267 0.000242
v -0.008 -0.00397404 -0.00045499
v -0.008 -0.00383466 -0.00113816
v -0.008 -0.00357876 -0.00178675
v -0.008 -0.00321412 -0.00238105
v -0.008 -0.00275183 -0.00290301
v -0.008 -0.00220592 -0.00333675
v -0.008 -0.00159298 -0.00366911
v -0.008 -0.00093165 -0.00388999
v -0.0056 -0.00238105 0.00321412
v -0.0056 -0.00290301 0.00275183
v -0.0056 -0.00333675 0.00220592
v -0.0056 -0.00366911 0.00159298
v -0.0056 -0.00388999 0.00093165
v -0.0056 -0.00399267 0.000242
v -0.0056 -0.00397404 -0.00045499
v -0.0056 -0.00383466 -0.00113816
v -0.0056 -0.00357876 -0.00178675
v -0.0056 -0.00321412 -0.00238105
v -0.0056 -0.00275183 -0.00290301
v -0.0056 0.00397404 0.00045499
v -0.0056 0.00383466 0.00113816
v -0.0056 0.00357876 0.00178675
v -0.0056 0.00321412 0.00238105
v -0.0056 0.00275183 0.00290301
v -0.0056 0.00220592 0.00333675
v -0.0056 0.00159298 0.00366911
v -0.0056 0.00093165 0.00388999
v -0.0056 0.000242 0.00399267
v -0.0056 -0.00045499 0.00397404
v -0.0056 -0.00113816 0.00383466
v -0.0056 -0.00178675 0.00357876
v -0.0056 -0.00220592 -0.00333675
v -0.0056 -0.00159298 -0.00366911
v -0.0056 -0.00093165 -0.00388999
v -0.0056 -0.000242 -0.00399267
v -0.0056 0.00045499 -0.00397404
v -0.0056 0.00113816 -0.00383466
v -0.0056 0.00178675 -0.00357876
v -0.0056 0.00238105 -0.00321412
v -0.0056 0.00290301 -0.00275183
v -0.0056 0.00333675 -0.00220592
v -0.0056 0.00366911 -0.00159298
v -0.0056 0.00388999 -0.00093165
v -0.0056 0.00399267 -0.000242
v -0.0086 -0.00191034 0.00059212
v -0.0086 -0.00295423 0.00052203
v -0.0086 -0.00199758 9.843E-05
v -0.0086 -0.00299821 -0.0001036
v -0.0086 -0.0019593 -0.00040144
v -0.0086 -0.00291115 -0.0007247
v -0.0086 -0.00179791 -0.00087608
v -0.0086 -0.00269686 -0.00131412
v -0.0086 -0.00152355 -0.00129568
v -0.0086 -0.00236471 -0.00184612
v -0.0086 -0.00115346 -0.00163387
v -0.0086 -2.719E-05 0.00199982
v -0.0086 -0.00041643 0.00297096
v -0.0086 -0.00052367 0.00193023
v -0.0086 -0.00102503 0.00281945
v -0.0086 -0.00098725 0.00173935
v -0.0086 -0.00158883 0.00254473
v -0.0086 -0.00138879 0.00143919
v -0.0086 -0.00208318 0.00215878
v -0.0086 -0.00170307 0.0010486
v -0.0086 -0.0024865 0.00167849
v -0.0086 -0.00278114 0.00112484
v -0.0086 0.00189353 0.00064384
v -0.0086 0.00269686 0.00131412
v -0.0086 0.00167393 0.00109451
v -0.0086 0.00236471 0.00184612
v -0.0086 0.00134915 0.00147642
v -0.0086 0.00192921 0.00229743
v -0.0086 0.00093959 0.00176555
v -0.0086 0.00140939 0.00264833
v -0.0086 0.000471 0.00194375
v -0.0086 0.00082797 0.00288348
v -0.0086 0.00021037 0.00299262
v -0.0086 -0.00192921 -0.00229743
v -0.0086 -0.00140939 -0.00264833
v -0.0086 -0.0007109 -0.00186939
v -0.0086 -0.00082797 -0.00288348
v -0.0086 -0.00022367 -0.00198745
v -0.0086 -0.00021037 -0.00299262
v -0.0086 0.00027762 -0.00198064
v -0.0086 0.00041643 -0.00297096
v -0.0086 0.00076146 -0.00184937
v -0.0086 0.00102503 -0.00281945
v -0.0086 0.00119746 -0.0016019
v -0.0086 0.00158883 -0.00254473
v -0.0086 0.00138879 -0.00143919
v -0.0086 0.00208318 -0.00215878
v -0.0086 0.00155822 -0.00125378
v -0.0086 0.0024865 -0.00167849
v -0.0086 0.00182106 -0.00082688
v -0.0086 0.00278114 -0.00112484
v -0.0086 0.00196949 -0.00034802
v -0.0086 0.00295423 -0.00052203
v -0.0086 0.00199416 0.00015271
v -0.0086 0.00299821 0.0001036
v -0.0086 0.00291115 0.0007247
v -0.0101 -0.00268364 0.00134093
v -0.0101 0.00124445 -0.00272972
v -0.0101 -0.00278114 0.00112484
v -0.0101 0.00102503 -0.00281945
v -0.0101 -0.00295423 0.00052203
v -0.0101 -0.00299821 -0.0001036
v -0.0101 0.00041643 -0.00297096
v -0.0101 -0.00021037 -0.00299262
v -0.0101 -0.00082797 -0.00288348
v -0.0101 -0.00192921 -0.00229743
v -0.0101 -0.00236471 -0.00184612
v -0.0101 -0.00269686 -0.00131412
v -0.0101 -0.00140939 -0.00264833
v -0.0101 -0.00291115 -0.0007247
v -0.0091 -0.0024865 0.00167849
v -0.0091 -0.00268364 0.00134093
v -0.0091 -0.00208318 0.00215878
v -0.0091 -0.00158883 0.00254473
v -0.0091 -0.00124445 0.00272972
v -0.0101 -0.00124445 0.00272972
v -0.0091 0.0024865 -0.00167849
v -0.0091 0.00268364 -0.00134093
v -0.0091 0.00208318 -0.00215878
v -0.0091 0.00158883 -0.00254473
v -0.0091 0.00124445 -0.00272972
v -0.0101 -0.00102503 0.00281945
v -0.0101 -0.00041643 0.00297096
v -0.0101 0.00021037 0.00299262
v -0.0101 0.00082797 0.00288348
v -0.0101 0.00140939 0.00264833
v -0.0101 0.00192921 0.00229743
v -0.0101 0.00236471 0.00184612
v -0.0101 0.00269686 0.00131412
v -0.0101 0.00291115 0.0007247
v -0.0101 0.00299821 0.0001036
v -0.0101 0.00295423 -0.00052203
v -0.0101 0.00278114 -0.00112484
v -0.0101 0.00268364 -0.00134093
v -0.0056 0.00155822 -0.00125378
v -0.0056 0.00138879 -0.00143919
v -0.0056 0.00119746 -0.0016019
v -0.0056 0.00076146 -0.00184937
v -0.0056 0.00027762 -0.00198064
v -0.0056 -0.00022367 -0.00198745
v -0.0056 -0.0007109 -0.00186939
v -0.0056 -0.00115346 -0.00163387
v -0.0056 -0.00152355 -0.00129568
v -0.0056 -0.00179791 -0.00087608
v -0.0056 -0.0019593 -0.00040144
v -0.0056 -0.00199758 9.843E-05
v -0.0056 -0.00191034 0.00059212
v -0.0056 -0.00170307 0.0010486
v -0.0056 -0.00138879 0.00143919
v -0.0056 -0.00098725 0.00173935
v -0.0056 -0.00052367 0.00193023
v -0.0056 -2.719E-05 0.00199982
v -0.0056 0.000471 0.00194375
v -0.0056 0.00093959 0.00176555
v -0.0056 0.00134915 0.00147642
v -0.0056 0.00167393 0.00109451
v -0.0056 0.00189353 0.00064384
v -0.0056 0.00199416 0.00015271
v -0.0056 0.00196949 -0.00034802
v -0.0056 0.00182106 -0.00082688
v -0.0056 0.00104159 -0.00107939
v -0.0056 0.0006953 -0.00132912
v -0.0056 -0.00141454 -0.00049907
v -0.0056 -0.00121664 -0.00087738
v -0.0056 -0.00092017 -0.0011846
v -0.0056 -0.00054916 -0.00139586
v -0.0056 -0.00013365 -0.00149403
v -0.0056 0.00029268 -0.00147117
v -0.0056 0.00054916 0.00139586
v -0.0056 0.00013365 0.00149403
v -0.0056 -0.00029268 0.00147117
v -0.0056 -0.0006953 0.00132912
v -0.0056 -0.00104159 0.00107939
v -0.0056 -0.0013035 0.00074222
v -0.0056 -0.00145981 0.00034491
v -0.0056 -0.00149785 -8.033E-05
v -0.0056 0.0013035 -0.00074222
v -0.0056 0.00145981 -0.00034491
v -0.0056 0.00149785 8.033E-05
v -0.0056 0.00141454 0.00049907
v -0.0056 0.00121664 0.00087738
v -0.0056 0.00092017 0.0011846
v 0.0009 0.00083327 -0.00086351
v 0.0009 0.0010428 -0.00059377
v 0.0009 -0 0
v 0.0009 -0.00010692 -0.00119523
v 0.0009 0.00023414 -0.00117694
v 0.0009 0.00055624 -0.0010633
v 0.0009 -0.00097331 -0.0007019
v 0.0009 -0.00073614 -0.00094768
v 0.0009 -0.00043932 -0.00111669
v 0.0009 -0.00116784 0.00027593
v 0.0009 -0.00119828 -6.427E-05
v 0.0009 -0.00113163 -0.00039926
v 0.0009 -0.00055624 0.0010633
v 0.0009 -0.00083327 0.00086351
v 0.0009 -0.0010428 0.00059377
v 0.0009 0.00043932 0.00111669
v 0.0009 0.00010692 0.00119523
v 0.0009 -0.00023414 0.00117694
v 0.0009 0.00113163 0.00039926
v 0.0009 0.00097331 0.0007019
v 0.0009 0.00073614 0.00094768
v 0.0009 0.00116784 -0.00027593
v 0.0009 0.00119828 6.427E-05
v 0.0006 -0.00104159 0.00107939
v 0.0006 -0.0006953 0.00132912
v 0.0006 -0.00029268 0.00147117
v 0.0006 0.00013365 0.00149403
v 0.0006 0.00054916 0.00139586
v 0.0006 0.00092017 0.0011846
v 0.0006 0.00121664 0.00087738
v 0.0006 0.00141454 0.00049907
v 0.0006 0.00149785 8.033E-05
v 0.0006 0.00145981 -0.00034491
v 0.0006 0.0013035 -0.00074222
v 0.0006 0.00104159 -0.00107939
v 0.0006 0.0006953 -0.00132912
v 0.0006 0.00029268 -0.00147117
v 0.0006 -0.00013365 -0.00149403
v 0.0006 -0.00054916 -0.00139586
v 0.0006 -0.00092017 -0.0011846
v 0.0006 -0.00121664 -0.00087738
v 0.0006 -0.00141454 -0.00049907
v 0.0006 -0.00149785 -8.033E-05
v 0.0006 -0.00145981 0.00034491
v 0.0006 -0.0013035 0.00074222
v -0.01314805 -0.0230032 0.05977484
v -0.01412132 -0.0230032 0.05912453
v -0.01477164 -0.0230032 0.05815125
v -0.012 -0.0230032 0.0600032
v -0.000625 -0.0230032 0.04408573
v 0.012 -0.0230032 0.0600032
v 0 -0.0230032 0.0442532
v 0.000625 -0.0230032 0.04408573
v -0.01477164 -0.0230032 0.02385515
v -0.00108253 -0.0230032 0.0303782
v -0.00125 -0.0230032 0.0310032
v -0.00108253 -0.0230032 0.0316282
v -0.015 -0.0230032 0.0570032
v -0.015 -0.0230032 0.0250032
v 0.01314805 -0.0230032 0.05977484
v 0.01412132 -0.0230032 0.05912453
v 0.01477164 -0.0230032 0.05815125
v 0.015 -0.0230032 0.0570032
v 0.00108253 -0.0230032 0.0436282
v 0.00125 -0.0230032 0.04300321
v 0.015 -0.0230032 0.0250032
v 0.00108253 -0.0230032 0.0423782
v 0.000625 -0.0230032 0.03208574
v 0.000625 -0.0230032 0.04192067
v 0 -0.0230032 0.0322532
v 0 -0.0230032 0.0417532
v -0.000625 -0.0230032 0.03208574
v -0.000625 -0.0230032 0.04192067
v -0.00108253 -0.0230032 0.0423782
v 0.00108253 -0.0230032 0.0316282
v 0.00125 -0.0230032 0.0310032
v 0.01477164 -0.0230032 0.02385515
v 0.00108253 -0.0230032 0.0303782
v -0.00108253 -0.0230032 0.0436282
v -0.00125 -0.0230032 0.04300321
v 0.012 -0.0230032 0.0220032
v 0.01314805 -0.0230032 0.02223157
v 0.01412132 -0.0230032 0.02288188
v 0.000625 -0.0230032 0.02992067
v 0 -0.0230032 0.0297532
v -0.012 -0.0230032 0.0220032
v -0.000625 -0.0230032 0.02992067
v -0.01314805 -0.0230032 0.02223157
v -0.01412132 -0.0230032 0.02288188
v -0.016 -0.0240032 0.0210032
v -0.016 -0.0190032 0.0210032
v 0.016 -0.0240032 0.0210032
v 0.016 -0.0190032 0.0210032
v 0.016 -0.0240032 0.0570032
v 0.016 -0.0190032 0.0570032
v -0.00108253 -0.0190032 0.0303782
v -0.000625 -0.0190032 0.02992067
v 0 -0.0190032 0.0297532
v 0.000625 -0.0190032 0.02992067
v 0.00108253 -0.0190032 0.0303782
v 0.00108253 -0.0190032 0.0423782
v -0.016 -0.0190032 0.0570032
v -0.00108253 -0.0190032 0.0316282
v -0.00125 -0.0190032 0.0310032
v 0.00125 -0.0190032 0.0310032
v 0.00108253 -0.0190032 0.0316282
v 0.000625 -0.0190032 0.03208574
v 0.000625 -0.0190032 0.04192067
v -0.00108253 -0.0190032 0.0436282
v -0.00125 -0.0190032 0.04300321
v -0.00108253 -0.0190032 0.0423782
v -0.000625 -0.0190032 0.04192067
v -0.000625 -0.0190032 0.04408573
v -0.01580423 -0.0190032 0.05823927
v -0.01523607 -0.0190032 0.05935435
v 0 -0.0190032 0.0417532
v 0 -0.0190032 0.0322532
v -0.000625 -0.0190032 0.03208574
v -0.012 -0.0190032 0.0610032
v 0 -0.0190032 0.0442532
v 0.012 -0.0190032 0.0610032
v 0.000625 -0.0190032 0.04408573
v 0.01323607 -0.0190032 0.06080743
v 0.01435114 -0.0190032 0.06023927
v 0.00125 -0.0190032 0.04300321
v 0.00108253 -0.0190032 0.0436282
v 0.01580423 -0.0190032 0.05823927
v 0.01523607 -0.0190032 0.05935435
v -0.01435114 -0.0190032 0.06023927
v -0.01323607 -0.0190032 0.06080743
v 0.012 -0.0240032 0.0610032
v -0.012 -0.0240032 0.0610032
v -0.016 -0.0240032 0.0570032
v -0.01323607 -0.0240032 0.06080743
v -0.01435114 -0.0240032 0.06023927
v -0.01523607 -0.0240032 0.05935435
v -0.01580423 -0.0240032 0.05823927
v 0.01580423 -0.0240032 0.05823927
v 0.01523607 -0.0240032 0.05935435
v 0.01435114 -0.0240032 0.06023927
v 0.01323607 -0.0240032 0.06080743
v 0.01412132 -0.0240032 0.02288188
v 0.01314805 -0.0240032 0.02223157
v 0.012 -0.0240032 0.0220032
v -0.012 -0.0240032 0.0220032
v -0.01314805 -0.0240032 0.02223157
v -0.01412132 -0.0240032 0.02288188
v 0.01477164 -0.0240032 0.05815125
v 0.01412132 -0.0240032 0.05912453
v 0.01314805 -0.0240032 0.05977484
v 0.012 -0.0240032 0.0600032
v -0.012 -0.0240032 0.0600032
v -0.01314805 -0.0240032 0.05977484
v -0.01412132 -0.0240032 0.05912453
v -0.01477164 -0.0240032 0.05815125
v -0.015 -0.0240032 0.0570032
v -0.015 -0.0240032 0.0250032
v -0.01477164 -0.0240032 0.02385515
v 0.015 -0.0240032 0.0570032
v 0.015 -0.0240032 0.0250032
v 0.01477164 -0.0240032 0.02385515
v 0.0086 -0.00140615 0.00142223
v 0.0086 -0.00182522 0.00238088
v 0.0086 -0.00100828 0.00172724
v 0.0086 -0.00129032 0.00270833
v 0.0086 -0.00054706 0.00192373
v 0.0086 -0.00069903 0.00291742
v 0.0086 -5.146E-05 0.00199934
v 0.0086 -7.719E-05 0.00299901
v 0.0086 0.00044737 0.00194932
v 0.0086 0.00054803 0.00294952
v 0.0086 0.0009181 0.00177682
v 0.0086 -0.00178715 -0.00089784
v 0.0086 -0.00282837 -0.00100015
v 0.0086 -0.00195428 -0.00042518
v 0.0086 -0.00297451 -0.00039024
v 0.0086 -0.00199862 7.418E-05
v 0.0086 -0.00299065 0.00023672
v 0.0086 -0.00191738 0.00056889
v 0.0086 -0.00287608 0.00085334
v 0.0086 -0.00171567 0.00102785
v 0.0086 -0.00263581 0.00143266
v 0.0086 -0.00228034 0.00194937
v 0.0086 0.00030163 -0.00197712
v 0.0086 7.719E-05 -0.00299901
v 0.0086 -0.00019953 -0.00199002
v 0.0086 -0.00054803 -0.00294952
v 0.0086 -0.00068816 -0.00187788
v 0.0086 -0.00114929 -0.00277112
v 0.0086 -0.00113355 -0.00164774
v 0.0086 -0.00170033 -0.00247162
v 0.0086 -0.00150772 -0.00131407
v 0.0086 -0.00217705 -0.00206409
v 0.0086 -0.00255862 -0.00156635
v 0.0086 0.00114929 0.00277112
v 0.0086 0.00170033 0.00247162
v 0.0086 0.00133113 0.00149268
v 0.0086 0.00217705 0.00206409
v 0.0086 0.00166052 0.00111475
v 0.0086 0.00255862 0.00156635
v 0.0086 0.00188558 0.00066677
v 0.0086 0.00282837 0.00100015
v 0.0086 0.00199216 0.0001769
v 0.0086 0.00297451 0.00039024
v 0.0086 0.00197357 -0.00032409
v 0.0086 0.00299065 -0.00023672
v 0.0086 0.00191738 -0.00056889
v 0.0086 0.00287608 -0.00085334
v 0.0086 0.00183096 -0.00080472
v 0.0086 0.00263581 -0.00143266
v 0.0086 0.00157332 -0.00123478
v 0.0086 0.00228034 -0.00194937
v 0.0086 0.00121681 -0.00158725
v 0.0086 0.00182522 -0.00238088
v 0.0086 0.00078385 -0.00183999
v 0.0086 0.00129032 -0.00270833
v 0.0086 0.00069903 -0.00291742
v 0.0101 -0.00242715 0.00176323
v 0.0101 0.00299604 0.00015416
v 0.0101 -0.00228034 0.00194937
v 0.0101 0.00297451 0.00039024
v 0.0101 -0.00182522 0.00238088
v 0.0101 -0.00129032 0.00270833
v 0.0101 0.00282837 0.00100015
v 0.0101 0.00255862 0.00156635
v 0.0101 0.00217705 0.00206409
v 0.0101 0.00114929 0.00277112
v 0.0101 0.00054803 0.00294952
v 0.0101 -7.719E-05 0.00299901
v 0.0101 0.00170033 0.00247162
v 0.0101 -0.00069903 0.00291742
v 0.0091 -0.00263581 0.00143266
v 0.0091 -0.00242715 0.00176323
v 0.0091 -0.00287608 0.00085334
v 0.0091 -0.00299065 0.00023672
v 0.0091 -0.00299604 -0.00015416
v 0.0101 -0.00299604 -0.00015416
v 0.0091 0.00263581 -0.00143266
v 0.0091 0.00242715 -0.00176323
v 0.0091 0.00287608 -0.00085334
v 0.0091 0.00299065 -0.00023672
v 0.0091 0.00299604 0.00015416
v 0.0101 -0.00297451 -0.00039024
v 0.0101 -0.00282837 -0.00100015
v 0.0101 -0.00255862 -0.00156635
v 0.0101 -0.00217705 -0.00206409
v 0.0101 -0.00170033 -0.00247162
v 0.0101 -0.00114929 -0.00277112
v 0.0101 -0.00054803 -0.00294952
v 0.0101 7.719E-05 -0.00299901
v 0.0101 0.00069903 -0.00291742
v 0.0101 0.00129032 -0.00270833
v 0.0101 0.00182522 -0.00238088
v 0.0101 0.00228034 -0.00194937
v 0.0101 0.00242715 -0.00176323
v 0.0056 0.00183096 -0.00080472
v 0.0056 0.00191738 -0.00056889
v 0.0056 0.00197357 -0.00032409
v 0.0056 0.00199216 0.0001769
v 0.0056 0.00188558 0.00066677
v 0.0056 0.00166052 0.00111475
v 0.0056 0.00133113 0.00149268
v 0.0056 0.0009181 0.00177682
v 0.0056 0.00044737 0.00194932
v 0.0056 -5.146E-05 0.00199934
v 0.0056 -0.00054706 0.00192373
v 0.0056 -0.00100828 0.00172724
v 0.0056 -0.00140615 0.00142223
v 0.0056 -0.00171567 0.00102785
v 0.0056 -0.00191738 0.00056889
v 0.0056 -0.00199862 7.418E-05
v 0.0056 -0.00195428 -0.00042518
v 0.0056 -0.00178715 -0.00089784
v 0.0056 -0.00150772 -0.00131407
v 0.0056 -0.00113355 -0.00164774
v 0.0056 -0.00068816 -0.00187788
v 0.0056 -0.00019953 -0.00199002
v 0.0056 0.00030163 -0.00197712
v 0.0056 0.00078385 -0.00183999
v 0.0056 0.00121681 -0.00158725
v 0.0056 0.00157332 -0.00123478
v 0.0056 0.00143804 -0.00042667
v 0.0056 0.00149999 -4.24E-06
v 0.0056 -0.00020927 0.00148533
v 0.0056 0.00021767 0.00148412
v 0.0056 0.00062698 0.00136268
v 0.0056 0.00098549 0.00113084
v 0.0056 0.00126417 0.00080739
v 0.0056 0.00144043 0.00041853
v 0.0056 -0.00098549 -0.00113084
v 0.0056 -0.00126417 -0.00080739
v 0.0056 -0.00144043 -0.00041853
v 0.0056 -0.00149999 4.24E-06
v 0.0056 -0.00143804 0.00042667
v 0.0056 -0.00125958 0.00081453
v 0.0056 -0.00097908 0.0011364
v 0.0056 -0.00061926 0.00136621
v 0.0056 0.00125958 -0.00081453
v 0.0056 0.00097908 -0.0011364
v 0.0056 0.00061926 -0.00136621
v 0.0056 0.00020927 -0.00148533
v 0.0056 -0.00021767 -0.00148412
v 0.0056 -0.00062698 -0.00136268
v -0.0009 0.00115043 -0.00034133
v -0.0009 0.00100767 -0.00065162
v -0.0009 0 0
v -0.0009 0.00101134 0.00064591
v -0.0009 0.00115234 0.00033482
v -0.0009 0.0012 -3.39E-06
v -0.0009 0.00017414 0.0011873
v -0.0009 0.00050158 0.00109014
v -0.0009 0.00078839 0.00090467
v -0.0009 -0.00078326 0.00090912
v -0.0009 -0.00049541 0.00109296
v -0.0009 -0.00016742 0.00118826
v -0.0009 -0.0012 3.39E-06
v -0.0009 -0.00115043 0.00034133
v -0.0009 -0.00100767 0.00065162
v -0.0009 -0.00078839 -0.00090467
v -0.0009 -0.00101134 -0.00064591
v -0.0009 -0.00115234 -0.00033482
v -0.0009 0.00016742 -0.00118826
v -0.0009 -0.00017414 -0.0011873
v -0.0009 -0.00050158 -0.00109014
v -0.0009 0.00078326 -0.00090912
v -0.0009 0.00049541 -0.00109296
v -0.0006 -0.00143804 0.00042667
v -0.0006 -0.00149999 4.24E-06
v -0.0006 -0.00144043 -0.00041853
v -0.0006 -0.00126417 -0.00080739
v -0.0006 -0.00098549 -0.00113084
v -0.0006 -0.00062698 -0.00136268
v -0.0006 -0.00021767 -0.00148412
v -0.0006 0.00020927 -0.00148533
v -0.0006 0.00061926 -0.00136621
v -0.0006 0.00097908 -0.0011364
v -0.0006 0.00125958 -0.00081453
v -0.0006 0.00143804 -0.00042667
v -0.0006 0.00149999 -4.24E-06
v -0.0006 0.00144043 0.00041853
v -0.0006 0.00126417 0.00080739
v -0.0006 0.00098549 0.00113084
v -0.0006 0.00062698 0.00136268
v -0.0006 0.00021767 0.00148412
v -0.0006 -0.00020927 0.00148533
v -0.0006 -0.00061926 0.00136621
v -0.0006 -0.00097908 0.0011364
v -0.0006 -0.00125958 0.00081453
vn 0 1 -0
vn -0 -1 0
vn 0.26872 -0 0.96322
vn 0.01276 0 0.99992
vn 0.08255 -0 0.99659
vn 0.15187 -0 0.9884
vn 0.20094 -0 0.9796
vn -0.03707 0 0.99931
vn -0.09669 0 0.99531
vn -0.15618 0 0.98773
vn -0.22459 0 0.97445
vn -0.27286 0 0.96205
vn -0.33937 0 0.94065
vn -0.40416 0 0.91469
vn -0.44924 0 0.89341
vn -0.51042 0 0.85993
vn -0.56924 0 0.82217
vn -0.64821 0 0.76146
vn -0.69981 0 0.71433
vn -0.85957 0 0.51101
vn -0.8218 0 0.56978
vn -0.78005 0 0.62572
vn -0.74789 0 0.66382
vn -0.88397 0 0.46755
vn -0.91031 0 0.41392
vn -0.93349 0 0.35861
vn -0.9562 0 0.29273
vn -0.96959 0 0.24472
vn -0.98431 0 0.17642
vn -0.99422 0 0.10733
vn -0.99834 0 0.05765
vn -0.99993 0 -0.01207
vn -0.99664 0 -0.08189
vn -0.98355 0 -0.18063
vn -0.96853 0 -0.24889
vn -0.87234 0 -0.48891
vn -0.90434 0 -0.4268
vn -0.93191 0 -0.36268
vn -0.94883 0 -0.31579
vn -0.84689 0 -0.53176
vn -0.81362 0 -0.5814
vn -0.77731 0 -0.62912
vn -0.73161 0 -0.68173
vn -0.69673 0 -0.71733
vn -0.64494 0 -0.76423
vn -0.59006 0 -0.80736
vn -0.54909 0 -0.83576
vn -0.48951 0 -0.872
vn -0.42741 0 -0.90406
vn -0.33534 0 -0.9421
vn -0.26872 0 -0.96322
vn -0.01276 -0 -0.99992
vn -0.08255 0 -0.99659
vn -0.15187 0 -0.9884
vn -0.20094 0 -0.9796
vn 0.03707 -0 -0.99931
vn 0.09669 -0 -0.99531
vn 0.15618 -0 -0.98773
vn 0.22459 -0 -0.97445
vn 0.27286 -0 -0.96205
vn 0.33937 -0 -0.94065
vn 0.40416 -0 -0.91469
vn 0.44924 -0 -0.89341
vn 0.51042 -0 -0.85993
vn 0.56924 -0 -0.82217
vn 0.64821 -0 -0.76146
vn 0.69981 -0 -0.71433
vn 0.85957 -0 -0.51101
vn 0.8218 -0 -0.56978
vn 0.78005 -0 -0.62572
vn 0.74789 -0 -0.66382
vn 0.88397 -0 -0.46755
vn 0.91031 -0 -0.41392
vn 0.93349 -0 -0.35861
vn 0.9562 -0 -0.29273
vn 0.96959 -0 -0.24472
vn 0.98431 -0 -0.17642
vn 0.99422 -0 -0.10733
vn 0.99834 -0 -0.05765
vn 0.99993 -0 0.01207
vn 0.99664 -0 0.08189
vn 0.98355 -0 0.18063
vn 0.96853 -0 0.24889
vn 0.87234 -0 0.48891
vn 0.90434 -0 0.4268
vn 0.93191 -0 0.36268
vn 0.94883 -0 0.31579
vn 0.84689 -0 0.53176
vn 0.81362 -0 0.5814
vn 0.77731 -0 0.62912
vn 0.73161 -0 0.68173
vn 0.69673 -0 0.71733
vn 0.64494 -0 0.76423
vn 0.59006 -0 0.80736
vn 0.54909 -0 0.83576
vn 0.48951 -0 0.872
vn 0.42741 -0 0.90406
vn 0.33534 -0 0.9421
vn 0.5501 -0 0.8351
vn 0.69779 -0 0.7163
vn 0.76309 -0 0.64629
vn 0.87133 -0 0.4907
vn 0.91426 -0 0.40512
vn 0.97428 -0 0.22534
vn 0.99136 -0 0.13113
vn 0.9983 -0 -0.05827
vn 0.98815 -0 -0.15348
vn 0.94144 -0 -0.33717
vn 0.90489 -0 -0.42566
vn 0.80832 -0 -0.58875
vn 0.74831 -0 -0.66335
vn 0.60971 -0 -0.79263
vn 0.53111 -0 -0.8473
vn 0.3617 -0 -0.93229
vn 0.27089 -0 -0.96261
vn 0.08439 -0 -0.99643
vn -0.01129 -0 -0.99994
vn -0.19975 0 -0.97985
vn -0.29254 0 -0.95625
vn -0.46772 0 -0.88388
vn -0.5501 0 -0.8351
vn -0.69779 0 -0.7163
vn -0.76309 0 -0.64629
vn -0.87133 0 -0.4907
vn -0.91426 0 -0.40512
vn -0.97428 0 -0.22534
vn -0.99136 0 -0.13113
vn -0.9983 0 0.05827
vn -0.98815 0 0.15348
vn -0.94144 0 0.33717
vn -0.90489 0 0.42566
vn -0.80832 0 0.58875
vn -0.74831 0 0.66335
vn -0.60971 0 0.79263
vn -0.53111 0 0.8473
vn -0.3617 0 0.93229
vn -0.27089 0 0.96261
vn -0.08439 0 0.99643
vn 0.01129 0 0.99994
vn 0.19975 -0 0.97985
vn 0.29254 -0 0.95625
vn 0.46772 -0 0.88388
vn 0.7928 -0 0.60948
vn -0.13142 0 0.99133
vn -0.92422 0 0.38185
vn -0.7928 0 -0.60948
vn 0.13142 -0 -0.99133
vn 0.92422 -0 -0.38185
vn -0.41632 0.86629 -0.27609
vn -0.47553 0.86839 0.14059
vn -0.49571 0.86839 -0.01324
vn -0.46735 0.86839 -0.16577
vn -0.16577 0.86839 0.46735
vn -0.30208 0.86839 0.39325
vn -0.40881 0.86839 0.28066
vn 0.28066 0.86839 0.40881
vn 0.14059 0.86839 0.47553
vn 0.00395 0.86708 0.49816
vn 0.41632 0.86629 0.27609
vn 0.47553 0.86839 -0.14059
vn 0.49571 0.86839 0.01324
vn 0.46735 0.86839 0.16577
vn 0.16577 0.86839 -0.46735
vn 0.30208 0.86839 -0.39325
vn 0.40881 0.86839 -0.28066
vn -0.14059 0.86839 -0.47553
vn -0.28066 0.86839 -0.40881
vn -0.00395 0.86708 -0.49816
vn 0.08289 0.86629 -0.49262
vn 0.37285 0.86708 0.33039
vn -0.08289 0.86629 0.49262
vn -0.37285 0.86708 -0.33039
vn -0.68019 0.26005 -0.68536
vn -0.73195 0.12979 -0.66888
vn -0.77154 0.1301 -0.62274
vn -0.78072 0.26015 -0.56815
vn -0.83457 0.12979 -0.5354
vn -0.83719 0.26005 -0.48114
vn -0.88313 0.12998 -0.45076
vn -0.89579 0.26015 -0.3604
vn -0.93037 0.13001 -0.34279
vn -0.94671 0.12983 -0.29477
vn -0.96533 0.1301 -0.22631
vn -0.94992 0.26015 -0.17314
vn -0.98828 0.1301 -0.0799
vn -0.96511 0.26015 -0.02963
vn -0.99081 0.12983 0.03791
vn -0.96193 0.26 0.08421
vn -0.98228 0.12989 0.13511
vn -0.97008 0.12998 0.20508
vn -0.93363 0.26005 0.24638
vn -0.94524 0.12979 0.29945
vn -0.92508 0.1301 0.35681
vn -0.8824 0.26015 0.39205
vn -0.88095 0.12979 0.45506
vn -0.83527 0.26005 0.48445
vn -0.83193 0.12998 0.53943
vn -0.76001 0.26015 0.59558
vn -0.76205 0.13001 0.63433
vn -0.72863 0.12983 0.67249
vn -0.67865 0.1301 0.72285
vn -0.62491 0.26015 0.73608
vn -0.56334 0.1301 0.81592
vn -0.50822 0.26015 0.821
vn -0.46257 0.12983 0.87702
vn -0.40804 0.26 0.87516
vn -0.37413 0.12989 0.91824
vn -0.30744 0.12998 0.94265
vn -0.25344 0.26005 0.93174
vn -0.21329 0.12979 0.96833
vn -0.15354 0.1301 0.97954
vn -0.10167 0.26015 0.9602
vn -0.04638 0.12979 0.99046
vn 0.00191 0.26005 0.96559
vn 0.0512 0.12998 0.99019
vn 0.13578 0.26015 0.95598
vn 0.16832 0.13001 0.97712
vn 0.21807 0.12983 0.96726
vn 0.28668 0.1301 0.94915
vn 0.32501 0.26015 0.90923
vn 0.42494 0.1301 0.89582
vn 0.4569 0.26015 0.85063
vn 0.52824 0.12983 0.83911
vn 0.55389 0.26 0.79095
vn 0.60815 0.12989 0.78312
vn 0.66264 0.12998 0.73757
vn 0.68019 0.26005 0.68536
vn 0.73195 0.12979 0.66888
vn 0.77154 0.1301 0.62274
vn 0.78072 0.26015 0.56815
vn 0.83457 0.12979 0.5354
vn 0.83719 0.26005 0.48114
vn 0.88313 0.12998 0.45076
vn 0.89579 0.26015 0.3604
vn 0.93037 0.13001 0.34279
vn 0.94671 0.12983 0.29477
vn 0.96533 0.1301 0.22631
vn 0.94992 0.26015 0.17314
vn 0.98828 0.1301 0.0799
vn 0.96511 0.26015 0.02963
vn 0.99081 0.12983 -0.03791
vn 0.96193 0.26 -0.08421
vn 0.98228 0.12989 -0.13511
vn 0.97008 0.12998 -0.20508
vn 0.93363 0.26005 -0.24638
vn 0.94524 0.12979 -0.29945
vn 0.92508 0.1301 -0.35681
vn 0.8824 0.26015 -0.39205
vn 0.88095 0.12979 -0.45506
vn 0.83527 0.26005 -0.48445
vn 0.83193 0.12998 -0.53943
vn 0.76001 0.26015 -0.59558
vn 0.76205 0.13001 -0.63433
vn 0.72863 0.12983 -0.67249
vn 0.67865 0.1301 -0.72285
vn 0.62491 0.26015 -0.73608
vn 0.56334 0.1301 -0.81592
vn 0.50822 0.26015 -0.821
vn 0.46257 0.12983 -0.87702
vn 0.40804 0.26 -0.87516
vn 0.37413 0.12989 -0.91824
vn 0.30744 0.12998 -0.94265
vn 0.25344 0.26005 -0.93174
vn 0.21329 0.12979 -0.96833
vn 0.15354 0.1301 -0.97954
vn 0.10167 0.26015 -0.9602
vn 0.04638 0.12979 -0.99046
vn -0.00191 0.26005 -0.96559
vn -0.0512 0.12998 -0.99019
vn -0.13578 0.26015 -0.95598
vn -0.16832 0.13001 -0.97712
vn -0.21807 0.12983 -0.96726
vn -0.28668 0.1301 -0.94915
vn -0.32501 0.26015 -0.90923
vn -0.42494 0.1301 -0.89582
vn -0.4569 0.26015 -0.85063
vn -0.52824 0.12983 -0.83911
vn -0.55389 0.26 -0.79095
vn -0.60815 0.12989 -0.78312
vn -0.66264 0.12998 -0.73757
vn -0.25278 0.50031 -0.82812
vn -0.15506 0.61027 -0.77687
vn -0.12653 0.50031 -0.85655
vn -0.03754 0.61027 -0.79131
vn 0.00255 0.50031 -0.86584
vn 0.08082 0.61027 -0.78806
vn 0.13156 0.50031 -0.85579
vn 0.19737 0.61027 -0.76721
vn 0.25764 0.50031 -0.82662
vn 0.30952 0.61027 -0.72923
vn 0.37797 0.50031 -0.77899
vn 0.41474 0.61027 -0.67495
vn 0.48985 0.50031 -0.71396
vn 0.51071 0.61027 -0.6056
vn 0.59079 0.50031 -0.63297
vn 0.59526 0.61027 -0.52272
vn 0.67853 0.50031 -0.53785
vn 0.66652 0.61027 -0.42816
vn 0.75111 0.50031 -0.43072
vn 0.72289 0.61027 -0.32404
vn 0.80692 0.50031 -0.31396
vn 0.76311 0.61027 -0.21268
vn 0.8447 0.50031 -0.19019
vn 0.78629 0.61027 -0.09657
vn 0.86361 0.50031 -0.06217
vn 0.7919 0.61027 0.0217
vn 0.86323 0.50031 0.06724
vn 0.77982 0.61027 0.13949
vn 0.84357 0.50031 0.19515
vn 0.75032 0.61027 0.25415
vn 0.80506 0.50031 0.3187
vn 0.70406 0.61027 0.36315
vn 0.74857 0.50031 0.43513
vn 0.64207 0.61027 0.46402
vn 0.67535 0.50031 0.54183
vn 0.56574 0.61027 0.55454
vn 0.58705 0.50031 0.63644
vn 0.47677 0.61027 0.63266
vn 0.48564 0.50031 0.71683
vn 0.37715 0.61027 0.69666
vn 0.37338 0.50031 0.7812
vn 0.26911 0.61027 0.74509
vn 0.25278 0.50031 0.82812
vn 0.15506 0.61027 0.77687
vn 0.12653 0.50031 0.85655
vn 0.03754 0.61027 0.79131
vn -0.00255 0.50031 0.86584
vn -0.08082 0.61027 0.78806
vn -0.13156 0.50031 0.85579
vn -0.19737 0.61027 0.76721
vn -0.25764 0.50031 0.82662
vn -0.30952 0.61027 0.72923
vn -0.37797 0.50031 0.77899
vn -0.41474 0.61027 0.67495
vn -0.48985 0.50031 0.71396
vn -0.51071 0.61027 0.6056
vn -0.59079 0.50031 0.63297
vn -0.59526 0.61027 0.52272
vn -0.67853 0.50031 0.53785
vn -0.66652 0.61027 0.42816
vn -0.75111 0.50031 0.43072
vn -0.72289 0.61027 0.32404
vn -0.80692 0.50031 0.31396
vn -0.76311 0.61027 0.21268
vn -0.8447 0.50031 0.19019
vn -0.78629 0.61027 0.09657
vn -0.86361 0.50031 0.06217
vn -0.7919 0.61027 -0.0217
vn -0.86323 0.50031 -0.06724
vn -0.77982 0.61027 -0.13949
vn -0.84357 0.50031 -0.19515
vn -0.75032 0.61027 -0.25415
vn -0.80506 0.50031 -0.3187
vn -0.70406 0.61027 -0.36315
vn -0.74857 0.50031 -0.43513
vn -0.64207 0.61027 -0.46402
vn -0.67535 0.50031 -0.54183
vn -0.56574 0.61027 -0.55454
vn -0.58705 0.50031 -0.63644
vn -0.47677 0.61027 -0.63266
vn -0.48564 0.50031 -0.71683
vn -0.37715 0.61027 -0.69666
vn -0.37338 0.50031 -0.7812
vn -0.26911 0.61027 -0.74509
vn -0.18038 0.79368 -0.58098
vn -0.10069 0.86687 -0.48826
vn -0.09177 0.79368 -0.60138
vn -0.02679 0.86687 -0.49782
vn -0.00112 0.79368 -0.60834
vn 0.0477 0.86687 -0.49625
vn 0.08956 0.79368 -0.60171
vn 0.12113 0.86687 -0.4836
vn 0.17824 0.79368 -0.58164
vn 0.19185 0.86687 -0.46014
vn 0.26294 0.79368 -0.54858
vn 0.25829 0.86687 -0.42641
vn 0.34176 0.79368 -0.50326
vn 0.31896 0.86687 -0.38315
vn 0.41295 0.79368 -0.4467
vn 0.3725 0.86687 -0.33133
vn 0.47492 0.79368 -0.38017
vn 0.41773 0.86687 -0.27211
vn 0.52628 0.79368 -0.30514
vn 0.45362 0.86687 -0.20681
vn 0.56588 0.79368 -0.22329
vn 0.47937 0.86687 -0.1369
vn 0.59284 0.79368 -0.13646
vn 0.49442 0.86687 -0.06392
vn 0.60655 0.79368 -0.04658
vn 0.49843 0.86687 0.01048
vn 0.60672 0.79368 0.04435
vn 0.4913 0.86687 0.08465
vn 0.59333 0.79368 0.13428
vn 0.47319 0.86687 0.15693
vn 0.56669 0.79368 0.22121
vn 0.44452 0.86687 0.2257
vn 0.52739 0.79368 0.3032
vn 0.40591 0.86687 0.28944
vn 0.47631 0.79368 0.37842
vn 0.35824 0.86687 0.3467
vn 0.41459 0.79368 0.44518
vn 0.30257 0.86687 0.39622
vn 0.34361 0.79368 0.502
vn 0.24013 0.86687 0.43689
vn 0.26496 0.79368 0.54761
vn 0.17234 0.86687 0.4678
vn 0.18038 0.79368 0.58098
vn 0.10069 0.86687 0.48826
vn 0.09177 0.79368 0.60138
vn 0.02679 0.86687 0.49782
vn 0.00112 0.79368 0.60834
vn -0.0477 0.86687 0.49625
vn -0.08956 0.79368 0.60171
vn -0.12113 0.86687 0.4836
vn -0.17824 0.79368 0.58164
vn -0.19185 0.86687 0.46014
vn -0.26294 0.79368 0.54858
vn -0.25829 0.86687 0.42641
vn -0.34176 0.79368 0.50326
vn -0.31896 0.86687 0.38315
vn -0.41295 0.79368 0.4467
vn -0.3725 0.86687 0.33133
vn -0.47492 0.79368 0.38017
vn -0.41773 0.86687 0.27211
vn -0.52628 0.79368 0.30514
vn -0.45362 0.86687 0.20681
vn -0.56588 0.79368 0.22329
vn -0.47937 0.86687 0.1369
vn -0.59284 0.79368 0.13646
vn -0.49442 0.86687 0.06392
vn -0.60655 0.79368 0.04658
vn -0.49843 0.86687 -0.01048
vn -0.60672 0.79368 -0.04435
vn -0.4913 0.86687 -0.08465
vn -0.59333 0.79368 -0.13428
vn -0.47319 0.86687 -0.15693
vn -0.56669 0.79368 -0.22121
vn -0.44452 0.86687 -0.2257
vn -0.52739 0.79368 -0.3032
vn -0.40591 0.86687 -0.28944
vn -0.47631 0.79368 -0.37842
vn -0.35824 0.86687 -0.3467
vn -0.41459 0.79368 -0.44518
vn -0.30257 0.86687 -0.39622
vn -0.34361 0.79368 -0.502
vn -0.24013 0.86687 -0.43689
vn -0.26496 0.79368 -0.54761
vn -0.17234 0.86687 -0.4678
vn -0.08069 0.96591 -0.24598
vn -0.03112 0.99154 -0.12599
vn -0.04313 0.96591 -0.25525
vn -0.012 0.99154 -0.12922
vn -0.00461 0.96591 -0.25883
vn 0.00739 0.99154 -0.12956
vn 0.03402 0.96591 -0.25663
vn 0.02662 0.99154 -0.12702
vn 0.07189 0.96591 -0.24869
vn 0.04525 0.99154 -0.12163
vn 0.10815 0.96591 -0.2352
vn 0.06288 0.99154 -0.11353
vn 0.142 0.96591 -0.21645
vn 0.0791 0.99154 -0.10289
vn 0.17267 0.96591 -0.19287
vn 0.09355 0.99154 -0.08995
vn 0.19949 0.96591 -0.16498
vn 0.10591 0.99154 -0.075
vn 0.22185 0.96591 -0.13341
vn 0.1159 0.99154 -0.05838
vn 0.23926 0.96591 -0.09885
vn 0.12331 0.99154 -0.04045
vn 0.25132 0.96591 -0.06209
vn 0.12796 0.99154 -0.02162
vn 0.25776 0.96591 -0.02394
vn 0.12975 0.99154 -0.00231
vn 0.25845 0.96591 0.01475
vn 0.12865 0.99154 0.01706
vn 0.25337 0.96591 0.0531
vn 0.12467 0.99154 0.03604
vn 0.24262 0.96591 0.09027
vn 0.11791 0.99154 0.05422
vn 0.22646 0.96591 0.12543
vn 0.10851 0.99154 0.07119
vn 0.20524 0.96591 0.15778
vn 0.09669 0.99154 0.08656
vn 0.17943 0.96591 0.1866
vn 0.08271 0.99154 0.10001
vn 0.14961 0.96591 0.21126
vn 0.06688 0.99154 0.11122
vn 0.11645 0.96591 0.2312
vn 0.04955 0.99154 0.11994
vn 0.08069 0.96591 0.24598
vn 0.03112 0.99154 0.12599
vn 0.04313 0.96591 0.25525
vn 0.012 0.99154 0.12922
vn 0.00461 0.96591 0.25883
vn -0.00739 0.99154 0.12956
vn -0.03402 0.96591 0.25663
vn -0.02662 0.99154 0.12702
vn -0.07189 0.96591 0.24869
vn -0.04525 0.99154 0.12163
vn -0.10815 0.96591 0.2352
vn -0.06288 0.99154 0.11353
vn -0.142 0.96591 0.21645
vn -0.0791 0.99154 0.10289
vn -0.17267 0.96591 0.19287
vn -0.09355 0.99154 0.08995
vn -0.19949 0.96591 0.16498
vn -0.10591 0.99154 0.075
vn -0.22185 0.96591 0.13341
vn -0.1159 0.99154 0.05838
vn -0.23926 0.96591 0.09885
vn -0.12331 0.99154 0.04045
vn -0.25132 0.96591 0.06209
vn -0.12796 0.99154 0.02162
vn -0.25776 0.96591 0.02394
vn -0.12975 0.99154 0.00231
vn -0.25845 0.96591 -0.01475
vn -0.12865 0.99154 -0.01706
vn -0.25337 0.96591 -0.0531
vn -0.12467 0.99154 -0.03604
vn -0.24262 0.96591 -0.09027
vn -0.11791 0.99154 -0.05422
vn -0.22646 0.96591 -0.12543
vn -0.10851 0.99154 -0.07119
vn -0.20524 0.96591 -0.15778
vn -0.09669 0.99154 -0.08656
vn -0.17943 0.96591 -0.1866
vn -0.08271 0.99154 -0.10001
vn -0.14961 0.96591 -0.21126
vn -0.06688 0.99154 -0.11122
vn -0.11645 0.96591 -0.2312
vn -0.04955 0.99154 -0.11994
vn 0.38721 -0.71031 0.58782
vn 0.49117 -0.71031 0.5042
vn 0.53713 -0.71031 0.45492
vn 0.61332 -0.71031 0.3454
vn 0.64354 -0.71031 0.28516
vn 0.68578 -0.71031 0.15861
vn 0.69781 -0.71031 0.0923
vn 0.70269 -0.71031 -0.04102
vn 0.69555 -0.71031 -0.10803
vn 0.66267 -0.71031 -0.23733
vn 0.63694 -0.71031 -0.29961
vn 0.56897 -0.71031 -0.41441
vn 0.52673 -0.71031 -0.46692
vn 0.42917 -0.71031 -0.55792
vn 0.37384 -0.71031 -0.59641
vn 0.2546 -0.71031 -0.65623
vn 0.19067 -0.71031 -0.67757
vn 0.0594 -0.71031 -0.70138
vn -0.00794 -0.71031 -0.70384
vn -0.1406 -0.71031 -0.6897
vn -0.20592 -0.71031 -0.67309
vn -0.32922 -0.71031 -0.62215
vn -0.38721 -0.71031 -0.58782
vn -0.49117 -0.71031 -0.5042
vn -0.53713 -0.71031 -0.45492
vn -0.61332 -0.71031 -0.3454
vn -0.64354 -0.71031 -0.28516
vn -0.68578 -0.71031 -0.15861
vn -0.69781 -0.71031 -0.0923
vn -0.70269 -0.71031 0.04102
vn -0.69555 -0.71031 0.10803
vn -0.66267 -0.71031 0.23733
vn -0.63694 -0.71031 0.29961
vn -0.56897 -0.71031 0.41441
vn -0.52673 -0.71031 0.46692
vn -0.42917 -0.71031 0.55792
vn -0.37384 -0.71031 0.59641
vn -0.2546 -0.71031 0.65623
vn -0.19067 -0.71031 0.67757
vn -0.0594 -0.71031 0.70138
vn 0.00794 -0.71031 0.70384
vn 0.1406 -0.71031 0.6897
vn 0.20592 -0.71031 0.67309
vn 0.32922 -0.71031 0.62215
vn 0 1 -0
vn -0 -1 0
vn 0.26872 -0 0.96322
vn 0.01276 0 0.99992
vn 0.08255 -0 0.99659
vn 0.15187 -0 0.9884
vn 0.20094 -0 0.9796
vn -0.03707 0 0.99931
vn -0.09669 0 0.99531
vn -0.15618 0 0.98773
vn -0.22459 0 0.97445
vn -0.27286 0 0.96205
vn -0.33937 0 0.94065
vn -0.40416 0 0.91469
vn -0.44924 0 0.89341
vn -0.51042 0 0.85993
vn -0.56924 0 0.82217
vn -0.64821 0 0.76146
vn -0.69981 0 0.71433
vn -0.85957 0 0.51101
vn -0.8218 0 0.56978
vn -0.78005 0 0.62572
vn -0.74789 0 0.66382
vn -0.88397 0 0.46755
vn -0.91031 0 0.41392
vn -0.93349 0 0.35861
vn -0.9562 0 0.29273
vn -0.96959 0 0.24472
vn -0.98431 0 0.17642
vn -0.99422 0 0.10733
vn -0.99834 0 0.05765
vn -0.99993 0 -0.01207
vn -0.99664 0 -0.08189
vn -0.98355 0 -0.18063
vn -0.96853 0 -0.24889
vn -0.87234 0 -0.48891
vn -0.90434 0 -0.4268
vn -0.93191 0 -0.36268
vn -0.94883 0 -0.31579
vn -0.84689 0 -0.53176
vn -0.81362 0 -0.5814
vn -0.77731 0 -0.62912
vn -0.73161 0 -0.68173
vn -0.69673 0 -0.71733
vn -0.64494 0 -0.76423
vn -0.59006 0 -0.80736
vn -0.54909 0 -0.83576
vn -0.48951 0 -0.872
vn -0.42741 0 -0.90406
vn -0.33534 0 -0.9421
vn -0.26872 0 -0.96322
vn -0.01276 -0 -0.99992
vn -0.08255 0 -0.99659
vn -0.15187 0 -0.9884
vn -0.20094 0 -0.9796
vn 0.03707 -0 -0.99931
vn 0.09669 -0 -0.99531
vn 0.15618 -0 -0.98773
vn 0.22459 -0 -0.97445
vn 0.27286 -0 -0.96205
vn 0.33937 -0 -0.94065
vn 0.40416 -0 -0.91469
vn 0.44924 -0 -0.89341
vn 0.51042 -0 -0.85993
vn 0.56924 -0 -0.82217
vn 0.64821 -0 -0.76146
vn 0.69981 -0 -0.71433
vn 0.85957 -0 -0.51101
vn 0.8218 -0 -0.56978
vn 0.78005 -0 -0.62572
vn 0.74789 -0 -0.66382
vn 0.88397 -0 -0.46755
vn 0.91031 -0 -0.41392
vn 0.93349 -0 -0.35861
vn 0.9562 -0 -0.29273
vn 0.96959 -0 -0.24472
vn 0.98431 -0 -0.17642
vn 0.99422 -0 -0.10733
vn 0.99834 -0 -0.05765
vn 0.99993 -0 0.01207
vn 0.99664 -0 0.08189
vn 0.98355 -0 0.18063
vn 0.96853 -0 0.24889
vn 0.87234 -0 0.48891
vn 0.90434 -0 0.4268
vn 0.93191 -0 0.36268
vn 0.94883 -0 0.31579
vn 0.84689 -0 0.53176
vn 0.81362 -0 0.5814
vn 0.77731 -0 0.62912
vn 0.73161 -0 0.68173
vn 0.69673 -0 0.71733
vn 0.64494 -0 0.76423
vn 0.59006 -0 0.80736
vn 0.54909 -0 0.83576
vn 0.48951 -0 0.872
vn 0.42741 -0 0.90406
vn 0.33534 -0 0.9421
vn 0.5501 -0 0.8351
vn 0.69779 -0 0.7163
vn 0.76309 -0 0.64629
vn 0.87133 -0 0.4907
vn 0.91426 -0 0.40512
vn 0.97428 -0 0.22534
vn 0.99136 -0 0.13113
vn 0.9983 -0 -0.05827
vn 0.98815 -0 -0.15348
vn 0.94144 -0 -0.33717
vn 0.90489 -0 -0.42566
vn 0.80832 -0 -0.58875
vn 0.74831 -0 -0.66335
vn 0.60971 -0 -0.79263
vn 0.53111 -0 -0.8473
vn 0.3617 -0 -0.93229
vn 0.27089 -0 -0.96261
vn 0.08439 -0 -0.99643
vn -0.01129 -0 -0.99994
vn -0.19975 0 -0.97985
vn -0.29254 0 -0.95625
vn -0.46772 0 -0.88388
vn -0.5501 0 -0.8351
vn -0.69779 0 -0.7163
vn -0.76309 0 -0.64629
vn -0.87133 0 -0.4907
vn -0.91426 0 -0.40512
vn -0.97428 0 -0.22534
vn -0.99136 0 -0.13113
vn -0.9983 0 0.05827
vn -0.98815 0 0.15348
vn -0.94144 0 0.33717
vn -0.90489 0 0.42566
vn -0.80832 0 0.58875
vn -0.74831 0 0.66335
vn -0.60971 0 0.79263
vn -0.53111 0 0.8473
vn -0.3617 0 0.93229
vn -0.27089 0 0.96261
vn -0.08439 0 0.99643
vn 0.01129 0 0.99994
vn 0.19975 -0 0.97985
vn 0.29254 -0 0.95625
vn 0.46772 -0 0.88388
vn 0.7928 -0 0.60948
vn -0.13142 0 0.99133
vn -0.92422 0 0.38185
vn -0.7928 0 -0.60948
vn 0.13142 -0 -0.99133
vn 0.92422 -0 -0.38185
vn 1 -0 -0
vn -0 -0.99189 0.12712
vn -0 -0.99976 -0.02185
vn -0 -0.99531 -0.09678
vn -0 -0.96983 -0.24377
vn -0 -0.94882 -0.31583
vn -0 -0.89127 -0.45347
vn -0 -0.85475 -0.51904
vn -0 -0.76802 -0.64042
vn -0 -0.71782 -0.69623
vn -0 -0.60626 -0.79527
vn -0 -0.5449 -0.8385
vn -0 -0.41409 -0.91023
vn -0 -0.34465 -0.93873
vn -0 -0.20117 -0.97956
vn -0 -0.12712 -0.99189
vn 0 0.02185 -0.99976
vn 0 0.09678 -0.99531
vn 0 0.24377 -0.96983
vn 0 0.31583 -0.94882
vn 0 0.45347 -0.89127
vn 0 0.51904 -0.85475
vn 0 0.64042 -0.76802
vn 0 0.69623 -0.71782
vn 0 0.79527 -0.60626
vn 0 0.8385 -0.5449
vn 0 0.91023 -0.41409
vn 0 0.93873 -0.34465
vn 0 0.97956 -0.20117
vn 0 0.99189 -0.12712
vn 0 0.99976 0.02185
vn 0 0.99531 0.09678
vn 0 0.96983 0.24377
vn 0 0.94882 0.31583
vn 0 0.89127 0.45347
vn 0 0.85475 0.51904
vn 0 0.76802 0.64042
vn 0 0.71782 0.69623
vn 0 0.60626 0.79527
vn 0 0.5449 0.8385
vn 0 0.41409 0.91023
vn 0 0.34465 0.93873
vn 0 0.20117 0.97956
vn 0 0.12712 0.99189
vn -0 -0.02185 0.99976
vn -0 -0.09678 0.99531
vn -0 -0.24377 0.96983
vn -0 -0.31583 0.94882
vn -0 -0.45347 0.89127
vn -0 -0.51904 0.85475
vn -0 -0.64042 0.76802
vn -0 -0.69623 0.71782
vn -0 -0.79527 0.60626
vn -0 -0.8385 0.5449
vn -0 -0.91023 0.41409
vn -0 -0.93873 0.34465
vn -0 -0.97956 0.20117
vn -0 -0.93562 0.35301
vn -0 -0.90263 0.43042
vn -0 -0.81844 0.5746
vn -0 -0.76723 0.64137
vn -0 -0.64983 0.76008
vn -0 -0.58362 0.81202
vn -0 -0.44039 0.89781
vn -0 -0.36335 0.93165
vn -0 -0.20327 0.97912
vn -0 -0.12024 0.99274
vn 0 0.04661 0.99891
vn 0 0.13042 0.99146
vn 0 0.29357 0.95594
vn 0 0.37289 0.92787
vn 0 0.52207 0.8529
vn 0 0.59193 0.80599
vn 0 0.71778 0.69627
vn 0 0.77378 0.63346
vn 0 0.86839 0.49589
vn 0 0.907 0.42113
vn 0 0.96443 0.26435
vn 0 0.98324 0.18234
vn 0 0.99987 0.0162
vn 0 0.99769 -0.06791
vn 0 0.97249 -0.23296
vn 0 0.94946 -0.31389
vn 0 0.884 -0.46749
vn 0 0.84157 -0.54015
vn 0 0.73997 -0.67264
vn 0 0.6808 -0.73247
vn 0 0.54944 -0.83553
vn 0 0.47725 -0.87877
vn 0 0.32439 -0.94592
vn 0 0.24371 -0.96985
vn 0 0.07895 -0.99688
vn -0 -0.00513 -0.99999
vn -0 -0.17144 -0.98519
vn -0 -0.25366 -0.96729
vn -0 -0.41106 -0.91161
vn -0 -0.48625 -0.87382
vn -0 -0.62485 -0.78074
vn -0 -0.68828 -0.72545
vn -0 -0.79939 -0.60082
vn -0 -0.84707 -0.53149
vn -0 -0.92369 -0.38314
vn -0 -0.95263 -0.30413
vn -0 -0.98995 -0.14139
vn -0 -0.99834 -0.05767
vn -0 -0.99402 0.10924
vn -0 -0.98131 0.19242
vn -1 0 0
vn 0 0.97723 -0.2122
vn 0 0.98874 -0.14963
vn 0 0.99973 -0.02342
vn 0 0.99919 0.0402
vn 0 0.98609 0.1662
vn 0 0.97353 0.22857
vn 0 0.93682 0.34981
vn 0 0.91268 0.40868
vn 0 0.85369 0.52079
vn 0 0.81884 0.57402
vn 0 0.7397 0.67294
vn 0 0.69541 0.71861
vn 0 0.59898 0.80076
vn 0 0.54684 0.83724
vn 0 0.43661 0.89965
vn 0 0.37851 0.9256
vn 0 0.25846 0.96602
vn 0 0.1965 0.9805
vn 0 0.07097 0.99748
vn 0 0.00739 0.99997
vn -0 -0.11909 0.99288
vn -0 -0.18199 0.9833
vn -0 -0.30484 0.9524
vn -0 -0.36479 0.93109
vn -0 -0.47958 0.8775
vn -0 -0.53441 0.84523
vn -0 -0.63698 0.77088
vn -0 -0.68471 0.72881
vn -0 -0.77136 0.6364
vn -0 -0.81027 0.58606
vn -0 -0.87786 0.47892
vn -0 -0.90654 0.42213
vn -0 -0.95263 0.30413
vn -0 -0.97004 0.24293
vn -0 -0.99297 0.11835
vn -0 -0.99849 0.05496
vn -0 -0.99743 -0.07171
vn -0 -0.99085 -0.135
vn -0 -0.96583 -0.25918
vn -0 -0.94739 -0.32008
vn -0 -0.89933 -0.43728
vn -0 -0.8697 -0.49359
vn -0 -0.80032 -0.59958
vn -0 -0.76057 -0.64926
vn -0 -0.67238 -0.7402
vn -0 -0.62395 -0.78146
vn -0 -0.52015 -0.85408
vn -0 -0.46478 -0.88543
vn -0 -0.34911 -0.93708
vn -0 -0.28881 -0.95738
vn -0 -0.16546 -0.98622
vn -0 -0.10241 -0.99474
vn 0 0.02417 -0.99971
vn 0 0.0877 -0.99615
vn 0 0.21293 -0.97707
vn 0 0.27463 -0.96155
vn 0 0.39399 -0.91911
vn 0 0.45165 -0.8922
vn 0 0.56082 -0.82794
vn 0 0.61233 -0.7906
vn 0 0.70737 -0.70684
vn 0 0.75089 -0.66043
vn 0 0.82836 -0.5602
vn 0 0.86231 -0.50639
vn 0 0.91941 -0.39331
vn 0 0.94256 -0.33404
vn 0 0.8385 -0.5449
vn 0 0.69623 -0.71782
vn 0 0.51904 -0.85475
vn 0 0.45347 -0.89127
vn 0 0.24377 -0.96983
vn 0 0.02185 -0.99976
vn -0 -0.5449 -0.8385
vn -0 -0.71782 -0.69623
vn -0 -0.85475 -0.51904
vn -0 -0.89127 -0.45347
vn -0 -0.96983 -0.24377
vn -0 -0.99976 -0.02185
vn -0 -0.8385 0.5449
vn -0 -0.69623 0.71782
vn -0 -0.51904 0.85475
vn -0 -0.45347 0.89127
vn -0 -0.24377 0.96983
vn -0 -0.02185 0.99976
vn 0 0.5449 0.8385
vn 0 0.71782 0.69623
vn 0 0.85475 0.51904
vn 0 0.89127 0.45347
vn 0 0.96983 0.24377
vn 0 0.99976 0.02185
vn 0 0.92586 -0.37787
vn 0 0.87872 -0.47733
vn 0 0.85104 -0.52511
vn 0 0.78817 -0.61545
vn 0 0.753 -0.65802
vn 0 0.67612 -0.73679
vn 0 0.63442 -0.77299
vn 0 0.54563 -0.83803
vn 0 0.49854 -0.86687
vn 0 0.40025 -0.9164
vn 0 0.34906 -0.9371
vn 0 0.24396 -0.96979
vn 0 0.19006 -0.98177
vn 0 0.08101 -0.99671
vn 0 0.02587 -0.99967
vn -0 -0.08415 -0.99645
vn -0 -0.13902 -0.99029
vn -0 -0.24701 -0.96901
vn -0 -0.30012 -0.9539
vn -0 -0.40314 -0.91514
vn -0 -0.45304 -0.89149
vn -0 -0.54826 -0.8363
vn -0 -0.59359 -0.80477
vn -0 -0.67844 -0.73466
vn -0 -0.71796 -0.69609
vn -0 -0.79011 -0.61297
vn -0 -0.82274 -0.56842
vn -0 -0.88022 -0.47456
vn -0 -0.90508 -0.42525
vn -0 -0.94633 -0.32321
vn -0 -0.96273 -0.27048
vn -0 -0.98662 -0.16304
vn -0 -0.99411 -0.10833
vn -0 -1 0.00157
vn -0 -0.99839 0.05677
vn -0 -0.9861 0.16615
vn -0 -0.97543 0.22033
vn -0 -0.94531 0.32619
vn -0 -0.92586 0.37787
vn -0 -0.87872 0.47733
vn -0 -0.85104 0.52511
vn -0 -0.78817 0.61545
vn -0 -0.753 0.65802
vn -0 -0.67612 0.73679
vn -0 -0.63442 0.77299
vn -0 -0.54563 0.83803
vn -0 -0.49854 0.86687
vn -0 -0.40025 0.9164
vn -0 -0.34906 0.9371
vn -0 -0.24396 0.96979
vn -0 -0.19006 0.98177
vn -0 -0.08101 0.99671
vn -0 -0.02587 0.99967
vn 0 0.08415 0.99645
vn 0 0.13902 0.99029
vn 0 0.24701 0.96901
vn 0 0.30012 0.9539
vn 0 0.40314 0.91514
vn 0 0.45304 0.89149
vn 0 0.54826 0.8363
vn 0 0.59359 0.80477
vn 0 0.67844 0.73466
vn 0 0.71796 0.69609
vn 0 0.79011 0.61297
vn 0 0.82274 0.56842
vn 0 0.88022 0.47456
vn 0 0.90508 0.42525
vn 0 0.94633 0.32321
vn 0 0.96273 0.27048
vn 0 0.98662 0.16304
vn 0 0.99411 0.10833
vn 0 1 -0.00157
vn 0 0.99839 -0.05677
vn 0 0.9861 -0.16615
vn 0 0.97543 -0.22033
vn 0 0.94531 -0.32619
vn -0 -0.94256 0.33404
vn -0 -0.91941 0.39331
vn -0 -0.86231 0.50639
vn -0 -0.82836 0.5602
vn -0 -0.75089 0.66043
vn -0 -0.70737 0.70684
vn -0 -0.61233 0.7906
vn -0 -0.56082 0.82794
vn -0 -0.45165 0.8922
vn -0 -0.39399 0.91911
vn -0 -0.27463 0.96155
vn -0 -0.21293 0.97707
vn -0 -0.0877 0.99615
vn -0 -0.02417 0.99971
vn 0 0.10241 0.99474
vn 0 0.16546 0.98622
vn 0 0.28881 0.95738
vn 0 0.34911 0.93708
vn 0 0.46478 0.88543
vn 0 0.52015 0.85408
vn 0 0.62395 0.78146
vn 0 0.67238 0.7402
vn 0 0.76057 0.64926
vn 0 0.80032 0.59958
vn 0 0.8697 0.49359
vn 0 0.89933 0.43728
vn 0 0.94739 0.32008
vn 0 0.96583 0.25918
vn 0 0.99085 0.135
vn 0 0.99743 0.07171
vn 0 0.99849 -0.05496
vn 0 0.99297 -0.11835
vn 0 0.97004 -0.24293
vn 0 0.95263 -0.30413
vn 0 0.90654 -0.42213
vn 0 0.87786 -0.47892
vn 0 0.81027 -0.58606
vn 0 0.77136 -0.6364
vn 0 0.68471 -0.72881
vn 0 0.63698 -0.77088
vn 0 0.53441 -0.84523
vn 0 0.47958 -0.8775
vn 0 0.36479 -0.93109
vn 0 0.30484 -0.9524
vn 0 0.18199 -0.9833
vn 0 0.11909 -0.99288
vn -0 -0.00739 -0.99997
vn -0 -0.07097 -0.99748
vn -0 -0.1965 -0.9805
vn -0 -0.25846 -0.96602
vn -0 -0.37851 -0.9256
vn -0 -0.43661 -0.89965
vn -0 -0.54684 -0.83724
vn -0 -0.59898 -0.80076
vn -0 -0.69541 -0.71861
vn -0 -0.7397 -0.67294
vn -0 -0.81884 -0.57402
vn -0 -0.85369 -0.52079
vn -0 -0.91268 -0.40868
vn -0 -0.93682 -0.34981
vn -0 -0.97353 -0.22857
vn -0 -0.98609 -0.1662
vn -0 -0.99919 -0.0402
vn -0 -0.99973 0.02342
vn -0 -0.98874 0.14963
vn -0 -0.97723 0.2122
vn 0 0.92352 -0.38354
vn 0 0.87282 -0.48805
vn 0 0.84289 -0.53808
vn 0 0.77481 -0.6322
vn 0 0.73665 -0.67628
vn 0 0.65326 -0.75714
vn 0 0.60802 -0.79392
vn 0 0.51186 -0.85907
vn 0 0.46092 -0.88744
vn 0 0.3549 -0.9349
vn 0 0.29982 -0.954
vn 0 0.18717 -0.98233
vn 0 0.1296 -0.99157
vn 0 0.01375 -0.99991
vn -0 -0.04455 -0.99901
vn -0 -0.16009 -0.9871
vn -0 -0.21735 -0.97609
vn -0 -0.32907 -0.94431
vn -0 -0.38354 -0.92352
vn -0 -0.48805 -0.87282
vn -0 -0.53808 -0.84289
vn -0 -0.6322 -0.77481
vn -0 -0.67628 -0.73665
vn -0 -0.75714 -0.65326
vn -0 -0.79392 -0.60802
vn -0 -0.85907 -0.51186
vn -0 -0.88744 -0.46092
vn -0 -0.9349 -0.3549
vn -0 -0.954 -0.29982
vn -0 -0.98233 -0.18717
vn -0 -0.99157 -0.1296
vn -0 -0.99991 -0.01375
vn -0 -0.99901 0.04455
vn -0 -0.9871 0.16009
vn -0 -0.97609 0.21735
vn -0 -0.94431 0.32907
vn -0 -0.92352 0.38354
vn -0 -0.87282 0.48805
vn -0 -0.84289 0.53808
vn -0 -0.77481 0.6322
vn -0 -0.73665 0.67628
vn -0 -0.65326 0.75714
vn -0 -0.60802 0.79392
vn -0 -0.51186 0.85907
vn -0 -0.46092 0.88744
vn -0 -0.3549 0.9349
vn -0 -0.29982 0.954
vn -0 -0.18717 0.98233
vn -0 -0.1296 0.99157
vn -0 -0.01375 0.99991
vn 0 0.04455 0.99901
vn 0 0.16009 0.9871
vn 0 0.21735 0.97609
vn 0 0.32907 0.94431
vn 0 0.38354 0.92352
vn 0 0.48805 0.87282
vn 0 0.53808 0.84289
vn 0 0.6322 0.77481
vn 0 0.67628 0.73665
vn 0 0.75714 0.65326
vn 0 0.79392 0.60802
vn 0 0.85907 0.51186
vn 0 0.88744 0.46092
vn 0 0.9349 0.3549
vn 0 0.954 0.29982
vn 0 0.98233 0.18717
vn 0 0.99157 0.1296
vn 0 0.99991 0.01375
vn 0 0.99901 -0.04455
vn 0 0.9871 -0.16009
vn 0 0.97609 -0.21735
vn 0 0.94431 -0.32907
vn 0.17186 -0 -0.98512
vn 0.34372 -0 -0.93907
vn 0.6414 -0 -0.76721
vn 0.76721 -0 -0.6414
vn 0.93907 -0 -0.34372
vn 0.98512 -0 -0.17186
vn 0.98512 -0 0.17186
vn 0.93907 -0 0.34372
vn 0.76721 -0 0.6414
vn 0.6414 -0 0.76721
vn 0.34372 -0 0.93907
vn 0.17186 -0 0.98512
vn -0.17186 0 0.98512
vn -0.34372 0 0.93907
vn -0.6414 0 0.76721
vn -0.76721 0 0.6414
vn -0.93907 0 0.34372
vn -0.98512 0 0.17186
vn -0.98512 0 -0.17186
vn -0.93907 0 -0.34372
vn -0.76721 0 -0.6414
vn -0.6414 0 -0.76721
vn -0.34372 0 -0.93907
vn -0.17186 0 -0.98512
vn 0 0.7769 0.62962
vn 0 0.83888 0.54432
vn 0 0.93344 0.35873
vn 0 0.96603 0.25845
vn 0 0.99861 0.05272
vn 0 0.99861 -0.05272
vn 0 0.96603 -0.25845
vn 0 0.93344 -0.35873
vn 0 0.83888 -0.54432
vn 0 0.7769 -0.62962
vn 0 0.62962 -0.7769
vn 0 0.54432 -0.83888
vn 0 0.35873 -0.93344
vn 0 0.25845 -0.96603
vn 0 0.05272 -0.99861
vn -0 -0.05272 -0.99861
vn -0 -0.25845 -0.96603
vn -0 -0.35873 -0.93344
vn -0 -0.54432 -0.83888
vn -0 -0.62962 -0.7769
vn -0 -0.92339 0.38385
vn -0 -0.96599 0.25858
vn -0 -1 0.00127
vn -0 -0.99141 -0.13077
vn -0 -0.92436 -0.38151
vn -0 -0.8659 -0.50021
vn -0 -0.708 -0.70621
vn -0 -0.60856 -0.7935
vn -0 -0.38385 -0.92339
vn -0 -0.25858 -0.96599
vn -0 -0.00127 -1
vn 0 0.13077 -0.99141
vn 0 0.38151 -0.92436
vn 0 0.50021 -0.8659
vn 0 0.70621 -0.708
vn 0 0.7935 -0.60856
vn 0 0.92339 -0.38385
vn 0 0.96599 -0.25858
vn 0 1 -0.00127
vn 0 0.99141 0.13077
vn 0 0.92436 0.38151
vn 0 0.8659 0.50021
vn 0 0.708 0.70621
vn 0 0.60856 0.7935
vn 0 0.38385 0.92339
vn 0 0.25858 0.96599
vn 0 0.00127 1
vn -0 -0.13077 0.99141
vn -0 -0.38151 0.92436
vn -0 -0.50021 0.8659
vn -0 -0.70621 0.708
vn -0 -0.7935 0.60856
vn -0 -0.70711 -0.70711
vn -0 -1 0
vn 0 0.70711 0.70711
vn -1 0 0
vn 1 -0 -0
vn 0 0.76688 -0.64179
vn 0 0.64101 -0.76754
vn 0 0.34325 -0.93925
vn 0 0.17136 -0.98521
vn -0 -0.17236 -0.98503
vn -0 -0.3442 -0.9389
vn -0 -0.64179 -0.76688
vn -0 -0.76754 -0.64101
vn -0 -0.93925 -0.34325
vn -0 -0.98521 -0.17136
vn -0 -0.98503 0.17236
vn -0 -0.9389 0.3442
vn -0 -0.76688 0.64179
vn -0 -0.64101 0.76754
vn -0 -0.34325 0.93925
vn -0 -0.17136 0.98521
vn 0 0.17236 0.98503
vn 0 0.3442 0.9389
vn 0 0.64179 0.76688
vn 0 0.76754 0.64101
vn 0 0.93925 0.34325
vn 0 0.98521 0.17136
vn 0 0.98503 -0.17236
vn 0 0.9389 -0.3442
vn 0 0.70711 -0.70711
vn 0 0 1
vn -0 -1 0
vn 0.15901 -0 0.98728
vn 0.31802 -0 0.94809
vn 0.59961 -0 0.8003
vn 0.72219 -0 0.6917
vn 0.90284 -0 0.42998
vn 0.96091 -0 0.27685
vn 0.99925 -0 -0.03885
vn 0.97951 -0 -0.20142
vn 0.86674 -0 -0.49877
vn 0.77371 -0 -0.63355
vn 0.53567 -0 -0.84443
vn 0.39066 -0 -0.92054
vn 0.08188 -0 -0.99664
vn -0.08188 0 -0.99664
vn -0.39066 0 -0.92054
vn -0.53567 0 -0.84443
vn -0.77371 0 -0.63355
vn -0.86674 0 -0.49877
vn -0.97951 0 -0.20142
vn -0.99925 0 -0.03885
vn -0.96091 0 0.27685
vn -0.90284 0 0.42998
vn -0.72219 0 0.6917
vn -0.59961 0 0.8003
vn -0.31802 0 0.94809
vn -0.15901 0 0.98728
vn 0.99456 -0 0.10414
vn 0.97807 -0 0.20829
vn 0.9137 -0 0.40638
vn 0.86583 -0 0.50033
vn 0.7434 -0 0.66884
vn 0.66884 -0 0.7434
vn 0.50033 -0 0.86583
vn 0.40638 -0 0.9137
vn 0.20829 -0 0.97807
vn 0.10414 -0 0.99456
vn -0.99456 0 0.10414
vn -0.97807 0 0.20829
vn -0.9137 0 0.40638
vn -0.86583 0 0.50033
vn -0.7434 0 0.66884
vn -0.66884 0 0.7434
vn -0.50033 0 0.86583
vn -0.40638 0 0.9137
vn -0.20829 0 0.97807
vn -0.10414 0 0.99456
vn -1 0 0
vn 1 -0 -0
vn 0 1 0
vn -0 -1 -0
vn -0 0 -1
vn 0.99456 -0 -0.10414
vn 0.97807 -0 -0.20829
vn 0.9137 -0 -0.40638
vn 0.86583 -0 -0.50033
vn 0.7434 -0 -0.66884
vn 0.66884 -0 -0.7434
vn 0.50033 -0 -0.86583
vn 0.40638 -0 -0.9137
vn 0.20829 -0 -0.97807
vn 0.10414 -0 -0.99456
vn -0.10414 0 -0.99456
vn -0.20829 0 -0.97807
vn -0.40638 0 -0.9137
vn -0.50033 0 -0.86583
vn -0.66884 0 -0.7434
vn -0.7434 0 -0.66884
vn -0.86583 0 -0.50033
vn -0.9137 0 -0.40638
vn -0.97807 0 -0.20829
vn -0.99456 0 -0.10414
vn 0 -0 1
vn 0.99456 -0 0.10414
vn 0.97807 -0 0.20829
vn 0.9137 -0 0.40638
vn 0.86583 -0 0.50033
vn 0.7434 -0 0.66884
vn 0.66884 -0 0.7434
vn 0.50033 -0 0.86583
vn 0.40638 -0 0.9137
vn 0.20829 -0 0.97807
vn 0.10414 -0 0.99456
vn -0.10414 0 0.99456
vn -0.20829 0 0.97807
vn -0.40638 0 0.9137
vn -0.50033 0 0.86583
vn -0.66884 0 0.7434
vn -0.7434 0 0.66884
vn -0.86583 0 0.50033
vn -0.9137 0 0.40638
vn -0.97807 0 0.20829
vn -0.99456 0 0.10414
vn -1 0 0
vn 0 0.97797 -0.20873
vn 0 0.93604 -0.3519
vn 0 0.90701 -0.42112
vn 0 0.83427 -0.55136
vn 0 0.79056 -0.61239
vn 0 0.69066 -0.72318
vn 0 0.63447 -0.77295
vn 0 0.51242 -0.85873
vn 0 0.44656 -0.89475
vn 0 0.30849 -0.95123
vn 0 0.23627 -0.97169
vn 0 0.08908 -0.99602
vn 0 0.01412 -0.9999
vn -0 -0.13479 -0.99087
vn -0 -0.20873 -0.97797
vn -0 -0.3519 -0.93604
vn -0 -0.42112 -0.90701
vn -0 -0.55136 -0.83427
vn -0 -0.61239 -0.79056
vn -0 -0.72318 -0.69066
vn -0 -0.77295 -0.63447
vn -0 -0.85873 -0.51242
vn -0 -0.89475 -0.44656
vn -0 -0.95123 -0.30849
vn -0 -0.97169 -0.23627
vn -0 -0.99602 -0.08908
vn -0 -0.9999 -0.01412
vn -0 -0.99087 0.13479
vn -0 -0.97797 0.20873
vn -0 -0.93604 0.3519
vn -0 -0.90701 0.42112
vn -0 -0.83427 0.55136
vn -0 -0.79056 0.61239
vn -0 -0.69066 0.72318
vn -0 -0.63447 0.77295
vn -0 -0.51242 0.85873
vn -0 -0.44656 0.89475
vn -0 -0.30849 0.95123
vn -0 -0.23627 0.97169
vn -0 -0.08908 0.99602
vn -0 -0.01412 0.9999
vn 0 0.13479 0.99087
vn 0 0.20873 0.97797
vn 0 0.3519 0.93604
vn 0 0.42112 0.90701
vn 0 0.55136 0.83427
vn 0 0.61239 0.79056
vn 0 0.72318 0.69066
vn 0 0.77295 0.63447
vn 0 0.85873 0.51242
vn 0 0.89475 0.44656
vn 0 0.95123 0.30849
vn 0 0.97169 0.23627
vn 0 0.99602 0.08908
vn 0 0.9999 0.01412
vn 0 0.99087 -0.13479
vn 0 0.99973 0.02304
vn 0 0.99426 0.10701
vn 0 0.9626 0.27094
vn 0 0.93641 0.35091
vn 0 0.86498 0.50181
vn 0 0.81973 0.57276
vn 0 0.713 0.70116
vn 0 0.65153 0.75862
vn 0 0.51623 0.85645
vn 0 0.4424 0.89682
vn 0 0.28702 0.95792
vn 0 0.20547 0.97866
vn 0 0.03978 0.99921
vn -0 -0.04436 0.99902
vn -0 -0.20996 0.97771
vn -0 -0.29142 0.9566
vn -0 -0.44651 0.89478
vn -0 -0.52016 0.85407
vn -0 -0.65501 0.75562
vn -0 -0.71621 0.69788
vn -0 -0.82234 0.56899
vn -0 -0.86727 0.49784
vn -0 -0.93801 0.34661
vn -0 -0.96383 0.26652
vn -0 -0.99474 0.10244
vn -0 -0.99983 0.01845
vn -0 -0.98896 -0.14816
vn -0 -0.97301 -0.23078
vn -0 -0.92105 -0.38945
vn -0 -0.88505 -0.4655
vn -0 -0.79526 -0.60627
vn -0 -0.74148 -0.67098
vn -0 -0.6195 -0.78499
vn -0 -0.55132 -0.8343
vn -0 -0.40482 -0.9144
vn -0 -0.32651 -0.94519
vn -0 -0.1647 -0.98634
vn -0 -0.0812 -0.9967
vn 0 0.08577 -0.99632
vn 0 0.16922 -0.98558
vn 0 0.33085 -0.94368
vn 0 0.40901 -0.91253
vn 0 0.55514 -0.83176
vn 0 0.6231 -0.78214
vn 0 0.74455 -0.66757
vn 0 0.79803 -0.60261
vn 0 0.88717 -0.46144
vn 0 0.92283 -0.38522
vn 0 0.97406 -0.22631
vn 0 0.98963 -0.14362
vn 1 -0 -0
vn -0 -0.99233 0.1236
vn -0 -0.98246 0.18646
vn -0 -0.95101 0.30917
vn -0 -0.92942 0.36902
vn -0 -0.87531 0.48356
vn -0 -0.84279 0.53825
vn -0 -0.76798 0.64048
vn -0 -0.72569 0.68802
vn -0 -0.63289 0.77424
vn -0 -0.58237 0.81292
vn -0 -0.47493 0.88003
vn -0 -0.418 0.90845
vn -0 -0.2998 0.954
vn -0 -0.23852 0.97114
vn -0 -0.11383 0.9935
vn -0 -0.05042 0.99873
vn 0 0.07625 0.99709
vn 0 0.1395 0.99022
vn 0 0.26357 0.96464
vn 0 0.32438 0.94593
vn 0 0.44136 0.89733
vn 0 0.49754 0.86744
vn 0 0.60321 0.79758
vn 0 0.65271 0.75761
vn 0 0.74325 0.66901
vn 0 0.78429 0.62039
vn 0 0.85643 0.51626
vn 0 0.88753 0.46075
vn 0 0.93866 0.34485
vn 0 0.95869 0.28446
vn 0 0.98696 0.16098
vn 0 0.9952 0.09789
vn 0 0.99959 -0.02872
vn 0 0.99574 -0.09223
vn 0 0.97609 -0.21737
vn 0 0.96029 -0.279
vn 0 0.91731 -0.39817
vn 0 0.89013 -0.4557
vn 0 0.82538 -0.56457
vn 0 0.78781 -0.61592
vn 0 0.70362 -0.71058
vn 0 0.65701 -0.75388
vn 0 0.55643 -0.8309
vn 0 0.50246 -0.8646
vn 0 0.38912 -0.92119
vn 0 0.32975 -0.94407
vn 0 0.20776 -0.97818
vn 0 0.14513 -0.98941
vn 0 0.01888 -0.99982
vn -0 -0.04474 -0.999
vn -0 -0.17068 -0.98533
vn -0 -0.233 -0.97248
vn -0 -0.35407 -0.93522
vn -0 -0.41283 -0.91081
vn -0 -0.52466 -0.85131
vn -0 -0.57774 -0.81622
vn -0 -0.67629 -0.73663
vn -0 -0.72177 -0.69213
vn -0 -0.80348 -0.59533
vn -0 -0.83971 -0.54303
vn -0 -0.90163 -0.43251
vn -0 -0.92731 -0.3743
vn -0 -0.96719 -0.25406
vn -0 -0.98139 -0.19204
vn -0 -0.99779 -0.06643
vn -0 -1 -0.00284
vn -0 -0.97169 -0.23627
vn -0 -0.89475 -0.44656
vn -0 -0.77295 -0.63447
vn -0 -0.72318 -0.69066
vn -0 -0.3519 -0.93604
vn 0 0.23627 -0.97169
vn 0 0.44656 -0.89475
vn 0 0.63447 -0.77295
vn 0 0.69066 -0.72318
vn 0 0.93604 -0.3519
vn 0 0.97169 0.23627
vn 0 0.89475 0.44656
vn 0 0.77295 0.63447
vn 0 0.72318 0.69066
vn 0 0.3519 0.93604
vn -0 -0.23627 0.97169
vn -0 -0.44656 0.89475
vn -0 -0.63447 0.77295
vn -0 -0.69066 0.72318
vn -0 -0.93604 0.3519
vn -0 -0.99876 -0.04973
vn -0 -0.98725 -0.15919
vn -0 -0.97696 -0.21344
vn -0 -0.94758 -0.31951
vn -0 -0.9285 -0.37133
vn -0 -0.88207 -0.47112
vn -0 -0.85472 -0.51909
vn -0 -0.79249 -0.60988
vn -0 -0.75762 -0.6527
vn -0 -0.6813 -0.732
vn -0 -0.63986 -0.76849
vn -0 -0.55153 -0.83416
vn -0 -0.50464 -0.86333
vn -0 -0.40671 -0.91356
vn -0 -0.35566 -0.93462
vn -0 -0.25079 -0.96804
vn -0 -0.19697 -0.98041
vn -0 -0.08804 -0.99612
vn -0 -0.03292 -0.99946
vn 0 0.07712 -0.99702
vn 0 0.13204 -0.99124
vn 0 0.24017 -0.97073
vn 0 0.29339 -0.95599
vn 0 0.39667 -0.91796
vn 0 0.44674 -0.89466
vn 0 0.54235 -0.84015
vn 0 0.5879 -0.80893
vn 0 0.67324 -0.73942
vn 0 0.71303 -0.70113
vn 0 0.78576 -0.61853
vn 0 0.81871 -0.57421
vn 0 0.87685 -0.48076
vn 0 0.90205 -0.43162
vn 0 0.94402 -0.32988
vn 0 0.96079 -0.27726
vn 0 0.98544 -0.17
vn 0 0.99333 -0.11534
vn 0 0.99998 -0.00548
vn 0 0.99876 0.04973
vn 0 0.98725 0.15919
vn 0 0.97696 0.21344
vn 0 0.94758 0.31951
vn 0 0.9285 0.37133
vn 0 0.88207 0.47112
vn 0 0.85472 0.51909
vn 0 0.79249 0.60988
vn 0 0.75762 0.6527
vn 0 0.6813 0.732
vn 0 0.63986 0.76849
vn 0 0.55153 0.83416
vn 0 0.50464 0.86333
vn 0 0.40671 0.91356
vn 0 0.35566 0.93462
vn 0 0.25079 0.96804
vn 0 0.19697 0.98041
vn 0 0.08804 0.99612
vn 0 0.03292 0.99946
vn -0 -0.07712 0.99702
vn -0 -0.13204 0.99124
vn -0 -0.24017 0.97073
vn -0 -0.29339 0.95599
vn -0 -0.39667 0.91796
vn -0 -0.44674 0.89466
vn -0 -0.54235 0.84015
vn -0 -0.5879 0.80893
vn -0 -0.67324 0.73942
vn -0 -0.71303 0.70113
vn -0 -0.78576 0.61853
vn -0 -0.81871 0.57421
vn -0 -0.87685 0.48076
vn -0 -0.90205 0.43162
vn -0 -0.94402 0.32988
vn -0 -0.96079 0.27726
vn -0 -0.98544 0.17
vn -0 -0.99333 0.11534
vn -0 -0.99998 0.00548
vn 0 1 0.00284
vn 0 0.99779 0.06643
vn 0 0.98139 0.19204
vn 0 0.96719 0.25406
vn 0 0.92731 0.3743
vn 0 0.90163 0.43251
vn 0 0.83971 0.54303
vn 0 0.80348 0.59533
vn 0 0.72177 0.69213
vn 0 0.67629 0.73663
vn 0 0.57774 0.81622
vn 0 0.52466 0.85131
vn 0 0.41283 0.91081
vn 0 0.35407 0.93522
vn 0 0.233 0.97248
vn 0 0.17068 0.98533
vn 0 0.04474 0.999
vn -0 -0.01888 0.99982
vn -0 -0.14513 0.98941
vn -0 -0.20776 0.97818
vn -0 -0.32975 0.94407
vn -0 -0.38912 0.92119
vn -0 -0.50246 0.8646
vn -0 -0.55643 0.8309
vn -0 -0.65701 0.75388
vn -0 -0.70362 0.71058
vn -0 -0.78781 0.61592
vn -0 -0.82538 0.56457
vn -0 -0.89013 0.4557
vn -0 -0.91731 0.39817
vn -0 -0.96029 0.279
vn -0 -0.97609 0.21737
vn -0 -0.99574 0.09223
vn -0 -0.99959 0.02872
vn -0 -0.9952 -0.09789
vn -0 -0.98696 -0.16098
vn -0 -0.95869 -0.28446
vn -0 -0.93866 -0.34485
vn -0 -0.88753 -0.46075
vn -0 -0.85643 -0.51626
vn -0 -0.78429 -0.62039
vn -0 -0.74325 -0.66901
vn -0 -0.65271 -0.75761
vn -0 -0.60321 -0.79758
vn -0 -0.49754 -0.86744
vn -0 -0.44136 -0.89733
vn -0 -0.32438 -0.94593
vn -0 -0.26357 -0.96464
vn -0 -0.1395 -0.99022
vn -0 -0.07625 -0.99709
vn 0 0.05042 -0.99873
vn 0 0.11383 -0.9935
vn 0 0.23852 -0.97114
vn 0 0.2998 -0.954
vn 0 0.418 -0.90845
vn 0 0.47493 -0.88003
vn 0 0.58237 -0.81292
vn 0 0.63289 -0.77424
vn 0 0.72569 -0.68802
vn 0 0.76798 -0.64048
vn 0 0.84279 -0.53825
vn 0 0.87531 -0.48356
vn 0 0.92942 -0.36902
vn 0 0.95101 -0.30917
vn 0 0.98246 -0.18646
vn 0 0.99233 -0.1236
vn -0 -0.99844 -0.05585
vn -0 -0.98523 -0.17126
vn -0 -0.97357 -0.22838
vn -0 -0.94052 -0.33974
vn -0 -0.91912 -0.39397
vn -0 -0.86724 -0.4979
vn -0 -0.83675 -0.54759
vn -0 -0.7676 -0.64093
vn -0 -0.72895 -0.68457
vn -0 -0.64464 -0.76448
vn -0 -0.599 -0.80075
vn -0 -0.5021 -0.86481
vn -0 -0.45085 -0.8926
vn -0 -0.3443 -0.93886
vn -0 -0.289 -0.95733
vn -0 -0.17604 -0.98438
vn -0 -0.11837 -0.99297
vn -0 -0.00243 -1
vn 0 0.05585 -0.99844
vn 0 0.17126 -0.98523
vn 0 0.22838 -0.97357
vn 0 0.33974 -0.94052
vn 0 0.39397 -0.91912
vn 0 0.4979 -0.86724
vn 0 0.54759 -0.83675
vn 0 0.64093 -0.7676
vn 0 0.68457 -0.72895
vn 0 0.76448 -0.64464
vn 0 0.80075 -0.599
vn 0 0.86481 -0.5021
vn 0 0.8926 -0.45085
vn 0 0.93886 -0.3443
vn 0 0.95733 -0.289
vn 0 0.98438 -0.17604
vn 0 0.99297 -0.11837
vn 0 1 -0.00243
vn 0 0.99844 0.05585
vn 0 0.98523 0.17126
vn 0 0.97357 0.22838
vn 0 0.94052 0.33974
vn 0 0.91912 0.39397
vn 0 0.86724 0.4979
vn 0 0.83675 0.54759
vn 0 0.7676 0.64093
vn 0 0.72895 0.68457
vn 0 0.64464 0.76448
vn 0 0.599 0.80075
vn 0 0.5021 0.86481
vn 0 0.45085 0.8926
vn 0 0.3443 0.93886
vn 0 0.289 0.95733
vn 0 0.17604 0.98438
vn 0 0.11837 0.99297
vn 0 0.00243 1
vn -0 -0.05585 0.99844
vn -0 -0.17126 0.98523
vn -0 -0.22838 0.97357
vn -0 -0.33974 0.94052
vn -0 -0.39397 0.91912
vn -0 -0.4979 0.86724
vn -0 -0.54759 0.83675
vn -0 -0.64093 0.7676
vn -0 -0.68457 0.72895
vn -0 -0.76448 0.64464
vn -0 -0.80075 0.599
vn -0 -0.86481 0.5021
vn -0 -0.8926 0.45085
vn -0 -0.93886 0.3443
vn -0 -0.95733 0.289
vn -0 -0.98438 0.17604
vn -0 -0.99297 0.11837
vn -0 -1 0.00243
vn 1 -0 -0
vn -1 0 0
vn -0 -0.88678 0.46219
vn -0 -0.86579 0.50042
vn -0 -0.78786 0.61586
vn -0 -0.74282 0.66949
vn -0 -0.64259 0.76621
vn -0 -0.5874 0.8093
vn -0 -0.49227 0.87044
vn -0 -0.4303 0.90268
vn -0 -0.39071 0.92051
vn 0 0.88678 -0.46219
vn 0 0.86579 -0.50042
vn 0 0.78786 -0.61586
vn 0 0.74282 -0.66949
vn 0 0.64259 -0.76621
vn 0 0.5874 -0.8093
vn 0 0.49227 -0.87044
vn 0 0.4303 -0.90268
vn 0 0.39071 -0.92051
vn 0 0.36631 -0.93049
vn 0 0.27539 -0.96133
vn 0 0.20744 -0.97825
vn 0 0.0695 -0.99758
vn -0 -0.00048 -1
vn -0 -0.13942 -0.99023
vn -0 -0.20838 -0.97805
vn -0 -0.34226 -0.93961
vn -0 -0.40718 -0.91335
vn -0 -0.53013 -0.84791
vn -0 -0.58817 -0.80873
vn -0 -0.69484 -0.71916
vn -0 -0.74347 -0.66877
vn -0 -0.82918 -0.55898
vn -0 -0.86627 -0.49958
vn -0 -0.92728 -0.37437
vn -0 -0.9512 -0.30856
vn -0 -0.98485 -0.1734
vn -0 -0.99457 -0.10405
vn -0 -0.99938 0.03515
vn -0 -0.99447 0.10501
vn -0 -0.97023 0.24217
vn -0 -0.95091 0.30947
vn -0 -0.91685 0.39923
vn -0 -0.90601 0.42326
vn -0 -0.36631 0.93049
vn -0 -0.27539 0.96133
vn -0 -0.20744 0.97825
vn -0 -0.0695 0.99758
vn 0 0.00048 1
vn 0 0.13942 0.99023
vn 0 0.20838 0.97805
vn 0 0.34226 0.93961
vn 0 0.40718 0.91335
vn 0 0.53013 0.84791
vn 0 0.58817 0.80873
vn 0 0.69484 0.71916
vn 0 0.74347 0.66877
vn 0 0.82918 0.55898
vn 0 0.86627 0.49958
vn 0 0.92728 0.37437
vn 0 0.9512 0.30856
vn 0 0.98485 0.1734
vn 0 0.99457 0.10405
vn 0 0.99938 -0.03515
vn 0 0.99447 -0.10501
vn 0 0.97023 -0.24217
vn 0 0.95091 -0.30947
vn 0 0.91685 -0.39923
vn 0 0.90601 -0.42326
vn 0 0.71959 0.69439
vn -0 -0.71959 -0.69439
vn 0 0.7239 -0.6899
vn 0 0.66367 -0.74803
vn 0 0.63173 -0.77519
vn 0 0.52978 -0.84814
vn 0 0.4566 -0.88967
vn 0 0.30221 -0.95324
vn 0 0.221 -0.97527
vn 0 0.05565 -0.99845
vn -0 -0.02849 -0.99959
vn -0 -0.1944 -0.98092
vn -0 -0.27618 -0.96111
vn -0 -0.43224 -0.90176
vn -0 -0.50652 -0.86223
vn -0 -0.64292 -0.76594
vn -0 -0.70503 -0.70917
vn -0 -0.8132 -0.58199
vn -0 -0.85925 -0.51156
vn -0 -0.93239 -0.36147
vn -0 -0.95947 -0.2818
vn -0 -0.99299 -0.11824
vn -0 -0.99941 -0.03434
vn -0 -0.99119 0.13242
vn -0 -0.97655 0.21529
vn -0 -0.92712 0.37476
vn -0 -0.89233 0.45138
vn -0 -0.80479 0.59356
vn -0 -0.75204 0.65911
vn -0 -0.6319 0.77505
vn -0 -0.5645 0.82543
vn -0 -0.4193 0.90785
vn -0 -0.34149 0.93989
vn -0 -0.18035 0.9836
vn -0 -0.09702 0.99528
vn 0 0.06993 0.99755
vn 0 0.15354 0.98814
vn 0 0.31581 0.94882
vn 0 0.39446 0.91891
vn 0 0.54185 0.84047
vn 0 0.61059 0.79195
vn 0 0.73385 0.67932
vn 0 0.78836 0.61522
vn 0 0.87973 0.47548
vn 0 0.91659 0.39983
vn 0 0.97034 0.24176
vn 0 0.98723 0.15932
vn 0 0.99997 -0.00715
vn 0 0.99583 -0.09119
vn 0 0.96678 -0.25561
vn 0 0.94187 -0.33598
vn 0 0.87284 -0.48801
vn 0 0.82872 -0.55966
vn 0 0.75219 -0.65895
vn 0.71031 -0.38391 0.58997
vn 0.71031 -0.2657 0.65181
vn 0.71031 -0.20215 0.67424
vn 0.71031 -0.0713 0.70027
vn 0.71031 -0.00401 0.70388
vn 0.71031 0.12888 0.69199
vn 0.71031 0.19446 0.67649
vn 0.71031 0.31861 0.62765
vn 0.71031 0.37717 0.5943
vn 0.71031 0.48253 0.51246
vn 0.71031 0.52933 0.46397
vn 0.71031 0.60737 0.35576
vn 0.71031 0.6386 0.29604
vn 0.71031 0.68299 0.17023
vn 0.71031 0.69614 0.10414
vn 0.71031 0.70329 -0.02908
vn 0.71031 0.69728 -0.09621
vn 0.71031 0.66661 -0.22604
vn 0.71031 0.64193 -0.28876
vn 0.71031 0.57592 -0.40469
vn 0.71031 0.53458 -0.45791
vn 0.71031 0.43858 -0.55055
vn 0.71031 0.38391 -0.58997
vn 0.71031 0.2657 -0.65181
vn 0.71031 0.20215 -0.67424
vn 0.71031 0.0713 -0.70027
vn 0.71031 0.00401 -0.70388
vn 0.71031 -0.12888 -0.69199
vn 0.71031 -0.19446 -0.67649
vn 0.71031 -0.31861 -0.62765
vn 0.71031 -0.37717 -0.5943
vn 0.71031 -0.48253 -0.51246
vn 0.71031 -0.52933 -0.46397
vn 0.71031 -0.60737 -0.35576
vn 0.71031 -0.6386 -0.29604
vn 0.71031 -0.68299 -0.17023
vn 0.71031 -0.69614 -0.10414
vn 0.71031 -0.70329 0.02908
vn 0.71031 -0.69728 0.09621
vn 0.71031 -0.66661 0.22604
vn 0.71031 -0.64193 0.28876
vn 0.71031 -0.57592 0.40469
vn 0.71031 -0.53458 0.45791
vn 0.71031 -0.43858 0.55055
vn -0 -0.54542 0.83816
vn -0 -0.37748 0.92602
vn -0 -0.28719 0.95787
vn -0 -0.1013 0.99486
vn -0 -0.00569 0.99998
vn 0 0.18309 0.9831
vn 0 0.27627 0.96108
vn 0 0.45264 0.89169
vn 0 0.53584 0.84432
vn 0 0.68553 0.72805
vn 0 0.75201 0.65915
vn 0 0.86287 0.50542
vn 0 0.90725 0.42058
vn 0 0.97031 0.24185
vn 0 0.989 0.14795
vn 0 0.99915 -0.04132
vn 0 0.99062 -0.13668
vn 0 0.94703 -0.32114
vn 0 0.91198 -0.41023
vn 0 0.8182 -0.57494
vn 0 0.75946 -0.65055
vn 0 0.62308 -0.78216
vn 0 0.54542 -0.83816
vn 0 0.37748 -0.92602
vn 0 0.28719 -0.95787
vn 0 0.1013 -0.99486
vn 0 0.00569 -0.99998
vn -0 -0.18309 -0.9831
vn -0 -0.27627 -0.96108
vn -0 -0.45264 -0.89169
vn -0 -0.53584 -0.84432
vn -0 -0.68553 -0.72805
vn -0 -0.75201 -0.65915
vn -0 -0.86287 -0.50542
vn -0 -0.90725 -0.42058
vn -0 -0.97031 -0.24185
vn -0 -0.989 -0.14795
vn -0 -0.99915 0.04132
vn -0 -0.99062 0.13668
vn -0 -0.94703 0.32114
vn -0 -0.91198 0.41023
vn -0 -0.8182 0.57494
vn -0 -0.75946 0.65055
vn -0 -0.62308 0.78216
vn -0 -1 0
vn -0 -0 -1
vn 1 -0 -0
vn 0 1 -0
vn 0 0 1
vn -1 0 0
vn -0.10414 0 0.99456
vn -0.20829 0 0.97807
vn -0.40638 0 0.9137
vn -0.50033 0 0.86583
vn -0.66884 0 0.7434
vn -0.7434 0 0.66884
vn -0.86583 0 0.50033
vn -0.9137 0 0.40638
vn -0.97807 0 0.20829
vn -0.99456 0 0.10414
vn 0.99456 -0 0.10414
vn 0.97807 -0 0.20829
vn 0.9137 -0 0.40638
vn 0.86583 -0 0.50033
vn 0.7434 -0 0.66884
vn 0.66884 -0 0.7434
vn 0.50033 -0 0.86583
vn 0.40638 -0 0.9137
vn 0.20829 -0 0.97807
vn 0.10414 -0 0.99456
vn -0.98512 0 -0.17186
vn -0.93907 0 -0.34372
vn -0.76721 0 -0.6414
vn -0.6414 0 -0.76721
vn -0.34372 0 -0.93907
vn -0.17186 0 -0.98512
vn 0.17186 -0 -0.98512
vn 0.34372 -0 -0.93907
vn 0.6414 -0 -0.76721
vn 0.76721 -0 -0.6414
vn 0.93907 -0 -0.34372
vn 0.98512 -0 -0.17186
vn 0.98512 -0 0.17186
vn 0.93907 -0 0.34372
vn 0.76721 -0 0.6414
vn 0.6414 -0 0.76721
vn 0.34372 -0 0.93907
vn 0.17186 -0 0.98512
vn -0.17186 0 0.98512
vn -0.34372 0 0.93907
vn -0.6414 0 0.76721
vn -0.76721 0 0.6414
vn -0.93907 0 0.34372
vn -0.98512 0 0.17186
vn -0.98512 0 -0.17186
vn -0.93907 0 -0.34372
vn -0.76721 0 -0.6414
vn -0.6414 0 -0.76721
vn -0.34372 0 -0.93907
vn -0.17186 0 -0.98512
vn 0.17186 -0 -0.98512
vn 0.34372 -0 -0.93907
vn 0.6414 -0 -0.76721
vn 0.76721 -0 -0.6414
vn 0.93907 -0 -0.34372
vn 0.98512 -0 -0.17186
vn 0.98512 -0 0.17186
vn 0.93907 -0 0.34372
vn 0.76721 -0 0.6414
vn 0.6414 -0 0.76721
vn 0.34372 -0 0.93907
vn 0.17186 -0 0.98512
vn -0.17186 0 0.98512
vn -0.34372 0 0.93907
vn -0.6414 0 0.76721
vn -0.76721 0 0.6414
vn -0.93907 0 0.34372
vn -0.98512 0 0.17186
vn 0 0 1
vn -1 0 0
vn -0.12978 0 -0.99154
vn -0.25955 0 -0.96573
vn -0.49934 0 -0.8664
vn -0.60936 0 -0.79289
vn -0.79289 0 -0.60936
vn -0.8664 0 -0.49934
vn -0.96573 0 -0.25955
vn -0.99154 0 -0.12978
vn -0 -0 -1
vn 0.99154 -0 -0.12978
vn 0.96573 -0 -0.25955
vn 0.8664 -0 -0.49934
vn 0.79289 -0 -0.60936
vn 0.60936 -0 -0.79289
vn 0.49934 -0 -0.8664
vn 0.25955 -0 -0.96573
vn 0.12978 -0 -0.99154
vn 1 -0 -0
vn 0.99154 -0 0.12978
vn 0.96573 -0 0.25955
vn 0.8664 -0 0.49934
vn 0.79289 -0 0.60936
vn 0.60936 -0 0.79289
vn 0.49934 -0 0.8664
vn 0.25955 -0 0.96573
vn 0.12978 -0 0.99154
vn -0.12978 0 0.99154
vn -0.25955 0 0.96573
vn -0.49934 0 0.8664
vn -0.60936 0 0.79289
vn -0.79289 0 0.60936
vn -0.8664 0 0.49934
vn -0.96573 0 0.25955
vn -0.99154 0 0.12978
vn -1 0 0
vn 1 -0 -0
vn -0 -0.81897 0.57383
vn -0 -0.84321 0.53758
vn -0 -0.90973 0.4152
vn -0 -0.93655 0.35052
vn -0 -0.97617 0.21699
vn -0 -0.98897 0.14814
vn -0 -0.99937 0.03554
vn -0 -0.99941 -0.03432
vn -0 -0.99698 -0.07767
vn 0 0.81897 -0.57383
vn 0 0.84321 -0.53758
vn 0 0.90973 -0.4152
vn 0 0.93655 -0.35052
vn 0 0.97617 -0.21699
vn 0 0.98897 -0.14814
vn 0 0.99937 -0.03554
vn 0 0.99941 0.03432
vn 0 0.99698 0.07767
vn 0 0.99459 0.10392
vn 0 0.98004 0.19882
vn 0 0.96372 0.26692
vn 0 0.91728 0.39823
vn 0 0.88717 0.46145
vn 0 0.81444 0.58025
vn 0 0.77184 0.63582
vn 0 0.676 0.7369
vn 0 0.62278 0.7824
vn 0 0.50802 0.86134
vn 0 0.4465 0.89478
vn 0 0.31784 0.94815
vn 0 0.2507 0.96806
vn 0 0.11376 0.99351
vn 0 0.04395 0.99903
vn -0 -0.09529 0.99545
vn -0 -0.16472 0.98634
vn -0 -0.30017 0.95389
vn -0 -0.36619 0.93054
vn -0 -0.49193 0.87063
vn -0 -0.55166 0.83407
vn -0 -0.6622 0.74933
vn -0 -0.71302 0.70115
vn -0 -0.77697 0.62954
vn -0 -0.79329 0.60885
vn -0 -0.99459 -0.10392
vn -0 -0.98004 -0.19882
vn -0 -0.96372 -0.26692
vn -0 -0.91728 -0.39823
vn -0 -0.88717 -0.46145
vn -0 -0.81444 -0.58025
vn -0 -0.77184 -0.63582
vn -0 -0.676 -0.7369
vn -0 -0.62278 -0.7824
vn -0 -0.50802 -0.86134
vn -0 -0.4465 -0.89478
vn -0 -0.31784 -0.94815
vn -0 -0.2507 -0.96806
vn -0 -0.11376 -0.99351
vn -0 -0.04395 -0.99903
vn 0 0.09529 -0.99545
vn 0 0.16472 -0.98634
vn 0 0.30017 -0.95389
vn 0 0.36619 -0.93054
vn 0 0.49193 -0.87063
vn 0 0.55166 -0.83407
vn 0 0.6622 -0.74933
vn 0 0.71302 -0.70115
vn 0 0.77697 -0.62954
vn 0 0.79329 -0.60885
vn -0 -0.28445 -0.95869
vn 0 0.28445 0.95869
vn 0 0.94595 -0.32432
vn 0 0.96976 -0.24407
vn 0 0.97914 -0.2032
vn 0 0.99687 -0.0791
vn 0 0.99999 0.00498
vn 0 0.98522 0.17129
vn 0 0.96733 0.25351
vn 0 0.91167 0.41093
vn 0 0.87389 0.48612
vn 0 0.78083 0.62474
vn 0 0.72555 0.68817
vn 0 0.60094 0.7993
vn 0 0.53161 0.84699
vn 0 0.38328 0.92363
vn 0 0.30427 0.95258
vn 0 0.14154 0.98993
vn 0 0.05782 0.99833
vn -0 -0.10909 0.99403
vn -0 -0.19228 0.98134
vn -0 -0.35287 0.93567
vn -0 -0.43028 0.90269
vn -0 -0.57448 0.81852
vn -0 -0.64126 0.76733
vn -0 -0.75999 0.64994
vn -0 -0.81194 0.58375
vn -0 -0.89774 0.44052
vn -0 -0.9316 0.36349
vn -0 -0.97909 0.20342
vn -0 -0.99273 0.12039
vn -0 -0.99892 -0.04646
vn -0 -0.99148 -0.13028
vn -0 -0.95598 -0.29342
vn -0 -0.92793 -0.37275
vn -0 -0.85298 -0.52195
vn -0 -0.80608 -0.59181
vn -0 -0.69638 -0.71768
vn -0 -0.63358 -0.77368
vn -0 -0.49602 -0.86831
vn -0 -0.42126 -0.90694
vn -0 -0.2645 -0.96439
vn -0 -0.18248 -0.98321
vn -0 -0.01635 -0.99987
vn 0 0.06776 -0.9977
vn 0 0.23282 -0.97252
vn 0 0.31375 -0.9495
vn 0 0.46736 -0.88407
vn 0 0.54003 -0.84165
vn 0 0.67253 -0.74007
vn 0 0.73237 -0.68091
vn 0 0.83545 -0.54956
vn 0 0.8787 -0.47738
vn 0 0.93152 -0.36369
vn -0.71031 -0.70053 0.06869
vn -0.71031 -0.70091 -0.06472
vn -0.71031 -0.6915 -0.13146
vn -0.71031 -0.65428 -0.25957
vn -0.71031 -0.62646 -0.32095
vn -0.71031 -0.55465 -0.43339
vn -0.71031 -0.51066 -0.48444
vn -0.71031 -0.41008 -0.57209
vn -0.71031 -0.35349 -0.60869
vn -0.71031 -0.23229 -0.66445
vn -0.71031 -0.16768 -0.68362
vn -0.71031 -0.03568 -0.70298
vn -0.71031 0.03171 -0.70317
vn -0.71031 0.16381 -0.68456
vn -0.71031 0.22853 -0.66576
vn -0.71031 0.35004 -0.61068
vn -0.71031 0.40684 -0.57441
vn -0.71031 0.50791 -0.48732
vn -0.71031 0.55219 -0.43652
vn -0.71031 0.62463 -0.32449
vn -0.71031 0.6528 -0.26327
vn -0.71031 0.69075 -0.13537
vn -0.71031 0.70053 -0.06869
vn -0.71031 0.70091 0.06472
vn -0.71031 0.6915 0.13146
vn -0.71031 0.65428 0.25957
vn -0.71031 0.62646 0.32095
vn -0.71031 0.55465 0.43339
vn -0.71031 0.51066 0.48444
vn -0.71031 0.41008 0.57209
vn -0.71031 0.35349 0.60869
vn -0.71031 0.23229 0.66445
vn -0.71031 0.16768 0.68362
vn -0.71031 0.03568 0.70298
vn -0.71031 -0.03171 0.70317
vn -0.71031 -0.16381 0.68456
vn -0.71031 -0.22853 0.66576
vn -0.71031 -0.35004 0.61068
vn -0.71031 -0.40684 0.57441
vn -0.71031 -0.50791 0.48732
vn -0.71031 -0.55219 0.43652
vn -0.71031 -0.62463 0.32449
vn -0.71031 -0.6528 0.26327
vn -0.71031 -0.69075 0.13537
vn -0 -0.99523 0.09758
vn -0 -0.99576 -0.09195
vn -0 -0.98241 -0.18676
vn -0 -0.92952 -0.36877
vn -0 -0.89 -0.45597
vn -0 -0.78798 -0.61571
vn -0 -0.72548 -0.68824
vn -0 -0.58259 -0.81276
vn -0 -0.5022 -0.86475
vn -0 -0.33001 -0.94398
vn -0 -0.23823 -0.97121
vn -0 -0.0507 -0.99871
vn 0 0.04505 -0.99898
vn 0 0.23273 -0.97254
vn 0 0.32467 -0.94583
vn 0 0.4973 -0.86758
vn 0 0.57799 -0.81605
vn 0 0.72158 -0.69233
vn 0 0.78448 -0.62015
vn 0 0.8874 -0.461
vn 0 0.92742 -0.37402
vn 0 0.98133 -0.19231
vn 0 0.99523 -0.09758
vn 0 0.99576 0.09195
vn 0 0.98241 0.18676
vn 0 0.92952 0.36877
vn 0 0.89 0.45597
vn 0 0.78798 0.61571
vn 0 0.72548 0.68824
vn 0 0.58259 0.81276
vn 0 0.5022 0.86475
vn 0 0.33001 0.94398
vn 0 0.23823 0.97121
vn 0 0.0507 0.99871
vn -0 -0.04505 0.99898
vn -0 -0.23273 0.97254
vn -0 -0.32467 0.94583
vn -0 -0.4973 0.86758
vn -0 -0.57799 0.81605
vn -0 -0.72158 0.69233
vn -0 -0.78448 0.62015
vn -0 -0.8874 0.461
vn -0 -0.92742 0.37402
vn -0 -0.98133 0.19231
f 1//1 2//1 3//1
f 3//1 4//1 1//1
f 1//1 4//1 5//1
f 1//1 5//1 6//1
f 7//1 2//1 8//1
f 9//1 10//1 8//1
f 8//1 10//1 11//1
f 8//1 11//1 7//1
f 12//1 13//1 14//1
f 14//1 15//1 12//1
f 12//1 15//1 16//1
f 12//1 16//1 9//1
f 17//1 18//1 19//1
f 19//1 20//1 17//1
f 17//1 20//1 21//1
f 17//1 21//1 13//1
f 22//1 18//1 23//1
f 24//1 25//1 23//1
f 23//1 25//1 26//1
f 23//1 26//1 22//1
f 27//1 6//1 28//1
f 28//1 29//1 27//1
f 27//1 29//1 30//1
f 27//1 30//1 24//1
f 31//1 32//1 33//1
f 34//1 35//1 36//1
f 36//1 35//1 37//1
f 38//1 39//1 40//1
f 40//1 39//1 41//1
f 40//1 41//1 42//1
f 43//1 44//1 45//1
f 45//1 44//1 46//1
f 42//1 47//1 40//1
f 40//1 47//1 48//1
f 40//1 48//1 31//1
f 31//1 48//1 49//1
f 31//1 49//1 32//1
f 50//1 51//1 52//1
f 52//1 51//1 53//1
f 52//1 53//1 54//1
f 54//1 55//1 52//1
f 52//1 55//1 56//1
f 52//1 56//1 36//1
f 36//1 56//1 57//1
f 36//1 57//1 34//1
f 58//1 59//1 60//1
f 60//1 61//1 58//1
f 58//1 61//1 62//1
f 58//1 62//1 52//1
f 52//1 62//1 63//1
f 52//1 63//1 50//1
f 64//1 65//1 58//1
f 58//1 65//1 66//1
f 58//1 66//1 59//1
f 33//1 67//1 31//1
f 31//1 67//1 68//1
f 31//1 68//1 69//1
f 69//1 70//1 31//1
f 31//1 70//1 71//1
f 31//1 71//1 45//1
f 45//1 71//1 72//1
f 45//1 72//1 43//1
f 37//1 73//1 36//1
f 36//1 73//1 74//1
f 36//1 74//1 40//1
f 40//1 74//1 75//1
f 40//1 75//1 38//1
f 46//1 76//1 45//1
f 45//1 76//1 77//1
f 45//1 77//1 58//1
f 58//1 77//1 78//1
f 58//1 78//1 64//1
f 79//2 80//2 81//2
f 81//2 80//2 82//2
f 81//2 82//2 83//2
f 83//2 82//2 84//2
f 83//2 84//2 85//2
f 86//2 87//2 88//2
f 88//2 87//2 89//2
f 88//2 89//2 90//2
f 90//2 89//2 91//2
f 90//2 91//2 79//2
f 79//2 91//2 92//2
f 79//2 92//2 80//2
f 93//2 94//2 95//2
f 95//2 94//2 96//2
f 95//2 96//2 86//2
f 86//2 96//2 97//2
f 86//2 97//2 87//2
f 98//2 99//2 100//2
f 100//2 99//2 101//2
f 100//2 101//2 102//2
f 102//2 101//2 103//2
f 102//2 103//2 93//2
f 93//2 103//2 104//2
f 93//2 104//2 94//2
f 105//2 106//2 107//2
f 107//2 106//2 108//2
f 107//2 108//2 109//2
f 109//2 108//2 110//2
f 109//2 110//2 98//2
f 98//2 110//2 111//2
f 98//2 111//2 99//2
f 112//2 113//2 114//2
f 114//2 113//2 115//2
f 114//2 115//2 116//2
f 116//2 115//2 117//2
f 116//2 117//2 105//2
f 105//2 117//2 118//2
f 105//2 118//2 106//2
f 119//2 120//2 121//2
f 121//2 120//2 122//2
f 121//2 122//2 112//2
f 112//2 122//2 123//2
f 112//2 123//2 113//2
f 84//2 124//2 85//2
f 85//2 124//2 125//2
f 85//2 125//2 126//2
f 126//2 125//2 127//2
f 126//2 127//2 128//2
f 128//2 127//2 129//2
f 128//2 129//2 119//2
f 119//2 129//2 130//2
f 119//2 130//2 120//2
f 131//3 111//3 110//3
f 132//4 99//4 133//4
f 133//5 99//5 111//5
f 133//6 111//6 134//6
f 134//7 111//7 131//7
f 132//8 135//8 99//8
f 99//9 135//9 136//9
f 99//10 136//10 101//10
f 136//11 137//11 101//11
f 101//12 137//12 138//12
f 101//13 138//13 103//13
f 138//14 139//14 103//14
f 103//15 139//15 140//15
f 103//16 140//16 104//16
f 140//17 141//17 104//17
f 104//18 141//18 142//18
f 104//19 142//19 94//19
f 143//20 96//20 144//20
f 144//21 96//21 94//21
f 144//22 94//22 145//22
f 145//23 94//23 142//23
f 143//24 146//24 96//24
f 96//25 146//25 147//25
f 96//26 147//26 97//26
f 147//27 148//27 97//27
f 97//28 148//28 149//28
f 97//29 149//29 87//29
f 149//30 150//30 87//30
f 87//31 150//31 151//31
f 87//32 151//32 89//32
f 151//33 152//33 89//33
f 89//34 152//34 153//34
f 89//35 153//35 91//35
f 154//36 92//36 155//36
f 155//37 92//37 91//37
f 155//38 91//38 156//38
f 156//39 91//39 153//39
f 154//40 157//40 92//40
f 92//41 157//41 158//41
f 92//42 158//42 80//42
f 158//43 159//43 80//43
f 80//44 159//44 160//44
f 80//45 160//45 82//45
f 160//46 161//46 82//46
f 82//47 161//47 162//47
f 82//48 162//48 84//48
f 162//49 163//49 84//49
f 84//50 163//50 164//50
f 84//51 164//51 124//51
f 165//52 125//52 166//52
f 166//53 125//53 124//53
f 166//54 124//54 167//54
f 167//55 124//55 164//55
f 165//56 168//56 125//56
f 125//57 168//57 169//57
f 125//58 169//58 127//58
f 169//59 170//59 127//59
f 127//60 170//60 171//60
f 127//61 171//61 129//61
f 171//62 172//62 129//62
f 129//63 172//63 173//63
f 129//64 173//64 130//64
f 173//65 174//65 130//65
f 130//66 174//66 175//66
f 130//67 175//67 120//67
f 176//68 122//68 177//68
f 177//69 122//69 120//69
f 177//70 120//70 178//70
f 178//71 120//71 175//71
f 176//72 179//72 122//72
f 122//73 179//73 180//73
f 122//74 180//74 123//74
f 180//75 181//75 123//75
f 123//76 181//76 182//76
f 123//77 182//77 113//77
f 182//78 183//78 113//78
f 113//79 183//79 184//79
f 113//80 184//80 115//80
f 184//81 185//81 115//81
f 115//82 185//82 186//82
f 115//83 186//83 117//83
f 187//84 118//84 188//84
f 188//85 118//85 117//85
f 188//86 117//86 189//86
f 189//87 117//87 186//87
f 187//88 190//88 118//88
f 118//89 190//89 191//89
f 118//90 191//90 106//90
f 191//91 192//91 106//91
f 106//92 192//92 193//92
f 106//93 193//93 108//93
f 193//94 194//94 108//94
f 108//95 194//95 195//95
f 108//96 195//96 110//96
f 110//97 195//97 196//97
f 110//98 196//98 131//98
f 109//99 197//99 107//99
f 107//100 197//100 198//100
f 107//101 198//101 105//101
f 105//102 198//102 199//102
f 105//103 199//103 116//103
f 116//104 199//104 200//104
f 116//105 200//105 114//105
f 114//106 200//106 201//106
f 114//107 201//107 112//107
f 112//108 201//108 202//108
f 112//109 202//109 121//109
f 121//110 202//110 203//110
f 121//111 203//111 119//111
f 119//112 203//112 204//112
f 119//113 204//113 128//113
f 128//114 204//114 205//114
f 128//115 205//115 126//115
f 126//116 205//116 206//116
f 126//117 206//117 85//117
f 85//118 206//118 207//118
f 85//119 207//119 83//119
f 83//120 207//120 208//120
f 83//121 208//121 81//121
f 81//122 208//122 209//122
f 81//123 209//123 79//123
f 79//124 209//124 210//124
f 79//125 210//125 90//125
f 90//126 210//126 211//126
f 90//127 211//127 88//127
f 88//128 211//128 212//128
f 88//129 212//129 86//129
f 86//130 212//130 213//130
f 86//131 213//131 95//131
f 95//132 213//132 214//132
f 95//133 214//133 93//133
f 93//134 214//134 215//134
f 93//135 215//135 102//135
f 102//136 215//136 216//136
f 102//137 216//137 100//137
f 100//138 216//138 217//138
f 100//139 217//139 98//139
f 98//140 217//140 218//140
f 98//141 218//141 109//141
f 109//142 218//142 197//142
f 219//2 220//2 221//2
f 222//2 223//2 221//2
f 221//2 223//2 224//2
f 221//2 224//2 219//2
f 225//2 226//2 221//2
f 221//2 226//2 227//2
f 221//2 227//2 222//2
f 228//2 229//2 221//2
f 221//2 229//2 230//2
f 221//2 230//2 225//2
f 231//2 232//2 221//2
f 221//2 232//2 233//2
f 221//2 233//2 228//2
f 234//2 235//2 221//2
f 221//2 235//2 236//2
f 221//2 236//2 231//2
f 237//2 238//2 221//2
f 221//2 238//2 239//2
f 221//2 239//2 234//2
f 220//2 240//2 221//2
f 221//2 240//2 241//2
f 221//2 241//2 237//2
f 27//143 52//143 6//143
f 6//143 52//143 36//143
f 6//143 36//143 1//143
f 23//144 58//144 24//144
f 24//144 58//144 52//144
f 24//144 52//144 27//144
f 17//145 45//145 18//145
f 18//145 45//145 58//145
f 18//145 58//145 23//145
f 12//146 31//146 13//146
f 13//146 31//146 45//146
f 13//146 45//146 17//146
f 8//147 40//147 9//147
f 9//147 40//147 31//147
f 9//147 31//147 12//147
f 1//148 36//148 2//148
f 2//148 36//148 40//148
f 2//148 40//148 8//148
f 13//149 21//149 242//149
f 242//150 19//150 18//150
f 20//151 19//151 242//151
f 21//152 20//152 242//152
f 242//153 26//153 25//153
f 22//154 26//154 242//154
f 18//155 22//155 242//155
f 242//156 29//156 28//156
f 30//157 29//157 242//157
f 24//158 30//158 242//158
f 6//159 5//159 242//159
f 242//160 3//160 2//160
f 4//161 3//161 242//161
f 5//162 4//162 242//162
f 242//163 11//163 10//163
f 7//164 11//164 242//164
f 2//165 7//165 242//165
f 242//166 16//166 15//166
f 14//167 242//167 15//167
f 9//168 16//168 242//168
f 10//169 9//169 242//169
f 28//170 6//170 242//170
f 25//171 24//171 242//171
f 14//172 13//172 242//172
f 159//173 243//173 244//173
f 159//174 158//174 243//174
f 243//175 158//175 157//175
f 243//176 157//176 245//176
f 245//177 157//177 154//177
f 245//178 154//178 246//178
f 246//179 154//179 155//179
f 246//180 155//180 247//180
f 247//181 155//181 156//181
f 156//182 153//182 247//182
f 247//183 153//183 152//183
f 247//184 152//184 248//184
f 248//185 152//185 151//185
f 248//186 151//186 249//186
f 249//187 151//187 150//187
f 249//188 150//188 250//188
f 150//189 149//189 250//189
f 250//190 149//190 148//190
f 250//191 148//191 251//191
f 148//192 147//192 251//192
f 251//193 147//193 146//193
f 251//194 146//194 252//194
f 252//195 146//195 143//195
f 252//196 143//196 253//196
f 253//197 143//197 144//197
f 253//198 144//198 254//198
f 254//199 144//199 145//199
f 145//200 142//200 254//200
f 254//201 142//201 141//201
f 254//202 141//202 255//202
f 255//203 141//203 140//203
f 255//204 140//204 256//204
f 256//205 140//205 139//205
f 256//206 139//206 257//206
f 139//207 138//207 257//207
f 257//208 138//208 137//208
f 257//209 137//209 258//209
f 137//210 136//210 258//210
f 258//211 136//211 135//211
f 258//212 135//212 259//212
f 259//213 135//213 132//213
f 259//214 132//214 260//214
f 260//215 132//215 133//215
f 260//216 133//216 261//216
f 261//217 133//217 134//217
f 134//218 131//218 261//218
f 261//219 131//219 196//219
f 261//220 196//220 262//220
f 262//221 196//221 195//221
f 262//222 195//222 263//222
f 263//223 195//223 194//223
f 263//224 194//224 264//224
f 194//225 193//225 264//225
f 264//226 193//226 192//226
f 264//227 192//227 265//227
f 192//228 191//228 265//228
f 265//229 191//229 190//229
f 265//230 190//230 266//230
f 266//231 190//231 187//231
f 266//232 187//232 267//232
f 267//233 187//233 188//233
f 267//234 188//234 268//234
f 268//235 188//235 189//235
f 189//236 186//236 268//236
f 268//237 186//237 185//237
f 268//238 185//238 269//238
f 269//239 185//239 184//239
f 269//240 184//240 270//240
f 270//241 184//241 183//241
f 270//242 183//242 271//242
f 183//243 182//243 271//243
f 271//244 182//244 181//244
f 271//245 181//245 272//245
f 181//246 180//246 272//246
f 272//247 180//247 179//247
f 272//248 179//248 273//248
f 273//249 179//249 176//249
f 273//250 176//250 274//250
f 274//251 176//251 177//251
f 274//252 177//252 275//252
f 275//253 177//253 178//253
f 178//254 175//254 275//254
f 275//255 175//255 174//255
f 275//256 174//256 276//256
f 276//257 174//257 173//257
f 276//258 173//258 277//258
f 277//259 173//259 172//259
f 277//260 172//260 278//260
f 172//261 171//261 278//261
f 278//262 171//262 170//262
f 278//263 170//263 279//263
f 170//264 169//264 279//264
f 279//265 169//265 168//265
f 279//266 168//266 280//266
f 280//267 168//267 165//267
f 280//268 165//268 281//268
f 281//269 165//269 166//269
f 281//270 166//270 282//270
f 282//271 166//271 167//271
f 167//272 164//272 282//272
f 282//273 164//273 163//273
f 282//274 163//274 283//274
f 283//275 163//275 162//275
f 283//276 162//276 284//276
f 284//277 162//277 161//277
f 284//278 161//278 244//278
f 244//279 161//279 160//279
f 244//280 160//280 159//280
f 283//281 285//281 282//281
f 282//282 285//282 286//282
f 282//283 286//283 281//283
f 281//284 286//284 287//284
f 281//285 287//285 280//285
f 280//286 287//286 288//286
f 280//287 288//287 279//287
f 279//288 288//288 289//288
f 279//289 289//289 278//289
f 278//290 289//290 290//290
f 278//291 290//291 277//291
f 277//292 290//292 291//292
f 277//293 291//293 276//293
f 276//294 291//294 292//294
f 276//295 292//295 275//295
f 275//296 292//296 293//296
f 275//297 293//297 274//297
f 274//298 293//298 294//298
f 274//299 294//299 273//299
f 273//300 294//300 295//300
f 273//301 295//301 272//301
f 272//302 295//302 296//302
f 272//303 296//303 271//303
f 271//304 296//304 297//304
f 271//305 297//305 270//305
f 270//306 297//306 298//306
f 270//307 298//307 269//307
f 269//308 298//308 299//308
f 269//309 299//309 268//309
f 268//310 299//310 300//310
f 268//311 300//311 267//311
f 267//312 300//312 301//312
f 267//313 301//313 266//313
f 266//314 301//314 302//314
f 266//315 302//315 265//315
f 265//316 302//316 303//316
f 265//317 303//317 264//317
f 264//318 303//318 304//318
f 264//319 304//319 263//319
f 263//320 304//320 305//320
f 263//321 305//321 262//321
f 262//322 305//322 306//322
f 262//323 306//323 261//323
f 261//324 306//324 307//324
f 261//325 307//325 260//325
f 260//326 307//326 308//326
f 260//327 308//327 259//327
f 259//328 308//328 309//328
f 259//329 309//329 258//329
f 258//330 309//330 310//330
f 258//331 310//331 257//331
f 257//332 310//332 311//332
f 257//333 311//333 256//333
f 256//334 311//334 312//334
f 256//335 312//335 255//335
f 255//336 312//336 313//336
f 255//337 313//337 254//337
f 254//338 313//338 314//338
f 254//339 314//339 253//339
f 253//340 314//340 315//340
f 253//341 315//341 252//341
f 252//342 315//342 316//342
f 252//343 316//343 251//343
f 251//344 316//344 317//344
f 251//345 317//345 250//345
f 250//346 317//346 318//346
f 250//347 318//347 249//347
f 249//348 318//348 319//348
f 249//349 319//349 248//349
f 248//350 319//350 320//350
f 248//351 320//351 247//351
f 247//352 320//352 321//352
f 247//353 321//353 246//353
f 246//354 321//354 322//354
f 246//355 322//355 245//355
f 245//356 322//356 323//356
f 245//357 323//357 243//357
f 243//358 323//358 324//358
f 243//359 324//359 244//359
f 244//360 324//360 325//360
f 244//361 325//361 284//361
f 284//362 325//362 326//362
f 284//363 326//363 283//363
f 283//364 326//364 285//364
f 326//365 327//365 285//365
f 285//366 327//366 328//366
f 285//367 328//367 286//367
f 286//368 328//368 329//368
f 286//369 329//369 287//369
f 287//370 329//370 330//370
f 287//371 330//371 288//371
f 288//372 330//372 331//372
f 288//373 331//373 289//373
f 289//374 331//374 332//374
f 289//375 332//375 290//375
f 290//376 332//376 333//376
f 290//377 333//377 291//377
f 291//378 333//378 334//378
f 291//379 334//379 292//379
f 292//380 334//380 335//380
f 292//381 335//381 293//381
f 293//382 335//382 336//382
f 293//383 336//383 294//383
f 294//384 336//384 337//384
f 294//385 337//385 295//385
f 295//386 337//386 338//386
f 295//387 338//387 296//387
f 296//388 338//388 339//388
f 296//389 339//389 297//389
f 297//390 339//390 340//390
f 297//391 340//391 298//391
f 298//392 340//392 341//392
f 298//393 341//393 299//393
f 299//394 341//394 342//394
f 299//395 342//395 300//395
f 300//396 342//396 343//396
f 300//397 343//397 301//397
f 301//398 343//398 344//398
f 301//399 344//399 302//399
f 302//400 344//400 345//400
f 302//401 345//401 303//401
f 303//402 345//402 346//402
f 303//403 346//403 304//403
f 304//404 346//404 347//404
f 304//405 347//405 305//405
f 305//406 347//406 348//406
f 305//407 348//407 306//407
f 306//408 348//408 349//408
f 306//409 349//409 307//409
f 307//410 349//410 350//410
f 307//411 350//411 308//411
f 308//412 350//412 351//412
f 308//413 351//413 309//413
f 309//414 351//414 352//414
f 309//415 352//415 310//415
f 310//416 352//416 353//416
f 310//417 353//417 311//417
f 311//418 353//418 354//418
f 311//419 354//419 312//419
f 312//420 354//420 355//420
f 312//421 355//421 313//421
f 313//422 355//422 356//422
f 313//423 356//423 314//423
f 314//424 356//424 357//424
f 314//425 357//425 315//425
f 315//426 357//426 358//426
f 315//427 358//427 316//427
f 316//428 358//428 359//428
f 316//429 359//429 317//429
f 317//430 359//430 360//430
f 317//431 360//431 318//431
f 318//432 360//432 361//432
f 318//433 361//433 319//433
f 319//434 361//434 362//434
f 319//435 362//435 320//435
f 320//436 362//436 363//436
f 320//437 363//437 321//437
f 321//438 363//438 364//438
f 321//439 364//439 322//439
f 322//440 364//440 365//440
f 322//441 365//441 323//441
f 323//442 365//442 366//442
f 323//443 366//443 324//443
f 324//444 366//444 367//444
f 324//445 367//445 325//445
f 325//446 367//446 368//446
f 325//447 368//447 326//447
f 326//448 368//448 327//448
f 368//449 50//449 327//449
f 327//450 50//450 63//450
f 327//451 63//451 328//451
f 328//452 63//452 62//452
f 328//453 62//453 329//453
f 329//454 62//454 61//454
f 329//455 61//455 330//455
f 330//456 61//456 60//456
f 330//457 60//457 331//457
f 331//458 60//458 59//458
f 331//459 59//459 332//459
f 332//460 59//460 66//460
f 332//461 66//461 333//461
f 333//462 66//462 65//462
f 333//463 65//463 334//463
f 334//464 65//464 64//464
f 334//465 64//465 335//465
f 335//466 64//466 78//466
f 335//467 78//467 336//467
f 336//468 78//468 77//468
f 336//469 77//469 337//469
f 337//470 77//470 76//470
f 337//471 76//471 338//471
f 338//472 76//472 46//472
f 338//473 46//473 339//473
f 339//474 46//474 44//474
f 339//475 44//475 340//475
f 340//476 44//476 43//476
f 340//477 43//477 341//477
f 341//478 43//478 72//478
f 341//479 72//479 342//479
f 342//480 72//480 71//480
f 342//481 71//481 343//481
f 343//482 71//482 70//482
f 343//483 70//483 344//483
f 344//484 70//484 69//484
f 344//485 69//485 345//485
f 345//486 69//486 68//486
f 345//487 68//487 346//487
f 346//488 68//488 67//488
f 346//489 67//489 347//489
f 347//490 67//490 33//490
f 347//491 33//491 348//491
f 348//492 33//492 32//492
f 348//493 32//493 349//493
f 349//494 32//494 49//494
f 349//495 49//495 350//495
f 350//496 49//496 48//496
f 350//497 48//497 351//497
f 351//498 48//498 47//498
f 351//499 47//499 352//499
f 352//500 47//500 42//500
f 352//501 42//501 353//501
f 353//502 42//502 41//502
f 353//503 41//503 354//503
f 354//504 41//504 39//504
f 354//505 39//505 355//505
f 355//506 39//506 38//506
f 355//507 38//507 356//507
f 356//508 38//508 75//508
f 356//509 75//509 357//509
f 357//510 75//510 74//510
f 357//511 74//511 358//511
f 358//512 74//512 73//512
f 358//513 73//513 359//513
f 359//514 73//514 37//514
f 359//515 37//515 360//515
f 360//516 37//516 35//516
f 360//517 35//517 361//517
f 361//518 35//518 34//518
f 361//519 34//519 362//519
f 362//520 34//520 57//520
f 362//521 57//521 363//521
f 363//522 57//522 56//522
f 363//523 56//523 364//523
f 364//524 56//524 55//524
f 364//525 55//525 365//525
f 365//526 55//526 54//526
f 365//527 54//527 366//527
f 366//528 54//528 53//528
f 366//529 53//529 367//529
f 367//530 53//530 51//530
f 367//531 51//531 368//531
f 368//532 51//532 50//532
f 218//533 231//533 197//533
f 197//534 231//534 236//534
f 197//535 236//535 198//535
f 198//536 236//536 235//536
f 198//537 235//537 199//537
f 199//538 235//538 234//538
f 199//539 234//539 200//539
f 200//540 234//540 239//540
f 200//541 239//541 201//541
f 201//542 239//542 238//542
f 201//543 238//543 202//543
f 202//544 238//544 237//544
f 202//545 237//545 203//545
f 203//546 237//546 241//546
f 203//547 241//547 204//547
f 204//548 241//548 240//548
f 204//549 240//549 205//549
f 205//550 240//550 220//550
f 205//551 220//551 206//551
f 206//552 220//552 219//552
f 206//553 219//553 207//553
f 207//554 219//554 224//554
f 207//555 224//555 208//555
f 208//556 224//556 223//556
f 208//557 223//557 209//557
f 209//558 223//558 222//558
f 209//559 222//559 210//559
f 210//560 222//560 227//560
f 210//561 227//561 211//561
f 211//562 227//562 226//562
f 211//563 226//563 212//563
f 212//564 226//564 225//564
f 212//565 225//565 213//565
f 213//566 225//566 230//566
f 213//567 230//567 214//567
f 214//568 230//568 229//568
f 214//569 229//569 215//569
f 215//570 229//570 228//570
f 215//571 228//571 216//571
f 216//572 228//572 233//572
f 216//573 233//573 217//573
f 217//574 233//574 232//574
f 217//575 232//575 218//575
f 218//576 232//576 231//576
f 369//577 370//577 371//577
f 371//577 372//577 369//577
f 369//577 372//577 373//577
f 369//577 373//577 374//577
f 375//577 370//577 376//577
f 377//577 378//577 376//577
f 376//577 378//577 379//577
f 376//577 379//577 375//577
f 380//577 381//577 382//577
f 382//577 383//577 380//577
f 380//577 383//577 384//577
f 380//577 384//577 377//577
f 385//577 386//577 387//577
f 387//577 388//577 385//577
f 385//577 388//577 389//577
f 385//577 389//577 381//577
f 390//577 386//577 391//577
f 392//577 393//577 391//577
f 391//577 393//577 394//577
f 391//577 394//577 390//577
f 395//577 374//577 396//577
f 396//577 397//577 395//577
f 395//577 397//577 398//577
f 395//577 398//577 392//577
f 399//577 400//577 401//577
f 402//577 403//577 404//577
f 404//577 403//577 405//577
f 406//577 407//577 408//577
f 408//577 407//577 409//577
f 408//577 409//577 410//577
f 411//577 412//577 413//577
f 413//577 412//577 414//577
f 410//577 415//577 408//577
f 408//577 415//577 416//577
f 408//577 416//577 399//577
f 399//577 416//577 417//577
f 399//577 417//577 400//577
f 418//577 419//577 420//577
f 420//577 419//577 421//577
f 420//577 421//577 422//577
f 422//577 423//577 420//577
f 420//577 423//577 424//577
f 420//577 424//577 404//577
f 404//577 424//577 425//577
f 404//577 425//577 402//577
f 426//577 427//577 428//577
f 428//577 429//577 426//577
f 426//577 429//577 430//577
f 426//577 430//577 420//577
f 420//577 430//577 431//577
f 420//577 431//577 418//577
f 432//577 433//577 426//577
f 426//577 433//577 434//577
f 426//577 434//577 427//577
f 401//577 435//577 399//577
f 399//577 435//577 436//577
f 399//577 436//577 437//577
f 437//577 438//577 399//577
f 399//577 438//577 439//577
f 399//577 439//577 413//577
f 413//577 439//577 440//577
f 413//577 440//577 411//577
f 405//577 441//577 404//577
f 404//577 441//577 442//577
f 404//577 442//577 408//577
f 408//577 442//577 443//577
f 408//577 443//577 406//577
f 414//577 444//577 413//577
f 413//577 444//577 445//577
f 413//577 445//577 426//577
f 426//577 445//577 446//577
f 426//577 446//577 432//577
f 447//578 448//578 449//578
f 449//578 448//578 450//578
f 449//578 450//578 451//578
f 451//578 450//578 452//578
f 451//578 452//578 453//578
f 454//578 455//578 456//578
f 456//578 455//578 457//578
f 456//578 457//578 458//578
f 458//578 457//578 459//578
f 458//578 459//578 447//578
f 447//578 459//578 460//578
f 447//578 460//578 448//578
f 461//578 462//578 463//578
f 463//578 462//578 464//578
f 463//578 464//578 454//578
f 454//578 464//578 465//578
f 454//578 465//578 455//578
f 466//578 467//578 468//578
f 468//578 467//578 469//578
f 468//578 469//578 470//578
f 470//578 469//578 471//578
f 470//578 471//578 461//578
f 461//578 471//578 472//578
f 461//578 472//578 462//578
f 473//578 474//578 475//578
f 475//578 474//578 476//578
f 475//578 476//578 477//578
f 477//578 476//578 478//578
f 477//578 478//578 466//578
f 466//578 478//578 479//578
f 466//578 479//578 467//578
f 480//578 481//578 482//578
f 482//578 481//578 483//578
f 482//578 483//578 484//578
f 484//578 483//578 485//578
f 484//578 485//578 473//578
f 473//578 485//578 486//578
f 473//578 486//578 474//578
f 487//578 488//578 489//578
f 489//578 488//578 490//578
f 489//578 490//578 480//578
f 480//578 490//578 491//578
f 480//578 491//578 481//578
f 452//578 492//578 453//578
f 453//578 492//578 493//578
f 453//578 493//578 494//578
f 494//578 493//578 495//578
f 494//578 495//578 496//578
f 496//578 495//578 497//578
f 496//578 497//578 487//578
f 487//578 497//578 498//578
f 487//578 498//578 488//578
f 499//579 479//579 478//579
f 500//580 467//580 501//580
f 501//581 467//581 479//581
f 501//582 479//582 502//582
f 502//583 479//583 499//583
f 500//584 503//584 467//584
f 467//585 503//585 504//585
f 467//586 504//586 469//586
f 504//587 505//587 469//587
f 469//588 505//588 506//588
f 469//589 506//589 471//589
f 506//590 507//590 471//590
f 471//591 507//591 508//591
f 471//592 508//592 472//592
f 508//593 509//593 472//593
f 472//594 509//594 510//594
f 472//595 510//595 462//595
f 511//596 464//596 512//596
f 512//597 464//597 462//597
f 512//598 462//598 513//598
f 513//599 462//599 510//599
f 511//600 514//600 464//600
f 464//601 514//601 515//601
f 464//602 515//602 465//602
f 515//603 516//603 465//603
f 465//604 516//604 517//604
f 465//605 517//605 455//605
f 517//606 518//606 455//606
f 455//607 518//607 519//607
f 455//608 519//608 457//608
f 519//609 520//609 457//609
f 457//610 520//610 521//610
f 457//611 521//611 459//611
f 522//612 460//612 523//612
f 523//613 460//613 459//613
f 523//614 459//614 524//614
f 524//615 459//615 521//615
f 522//616 525//616 460//616
f 460//617 525//617 526//617
f 460//618 526//618 448//618
f 526//619 527//619 448//619
f 448//620 527//620 528//620
f 448//621 528//621 450//621
f 528//622 529//622 450//622
f 450//623 529//623 530//623
f 450//624 530//624 452//624
f 530//625 531//625 452//625
f 452//626 531//626 532//626
f 452//627 532//627 492//627
f 533//628 493//628 534//628
f 534//629 493//629 492//629
f 534//630 492//630 535//630
f 535//631 492//631 532//631
f 533//632 536//632 493//632
f 493//633 536//633 537//633
f 493//634 537//634 495//634
f 537//635 538//635 495//635
f 495//636 538//636 539//636
f 495//637 539//637 497//637
f 539//638 540//638 497//638
f 497//639 540//639 541//639
f 497//640 541//640 498//640
f 541//641 542//641 498//641
f 498//642 542//642 543//642
f 498//643 543//643 488//643
f 544//644 490//644 545//644
f 545//645 490//645 488//645
f 545//646 488//646 546//646
f 546//647 488//647 543//647
f 544//648 547//648 490//648
f 490//649 547//649 548//649
f 490//650 548//650 491//650
f 548//651 549//651 491//651
f 491//652 549//652 550//652
f 491//653 550//653 481//653
f 550//654 551//654 481//654
f 481//655 551//655 552//655
f 481//656 552//656 483//656
f 552//657 553//657 483//657
f 483//658 553//658 554//658
f 483//659 554//659 485//659
f 555//660 486//660 556//660
f 556//661 486//661 485//661
f 556//662 485//662 557//662
f 557//663 485//663 554//663
f 555//664 558//664 486//664
f 486//665 558//665 559//665
f 486//666 559//666 474//666
f 559//667 560//667 474//667
f 474//668 560//668 561//668
f 474//669 561//669 476//669
f 561//670 562//670 476//670
f 476//671 562//671 563//671
f 476//672 563//672 478//672
f 478//673 563//673 564//673
f 478//674 564//674 499//674
f 477//675 565//675 475//675
f 475//676 565//676 566//676
f 475//677 566//677 473//677
f 473//678 566//678 567//678
f 473//679 567//679 484//679
f 484//680 567//680 568//680
f 484//681 568//681 482//681
f 482//682 568//682 569//682
f 482//683 569//683 480//683
f 480//684 569//684 570//684
f 480//685 570//685 489//685
f 489//686 570//686 571//686
f 489//687 571//687 487//687
f 487//688 571//688 572//688
f 487//689 572//689 496//689
f 496//690 572//690 573//690
f 496//691 573//691 494//691
f 494//692 573//692 574//692
f 494//693 574//693 453//693
f 453//694 574//694 575//694
f 453//695 575//695 451//695
f 451//696 575//696 576//696
f 451//697 576//697 449//697
f 449//698 576//698 577//698
f 449//699 577//699 447//699
f 447//700 577//700 578//700
f 447//701 578//701 458//701
f 458//702 578//702 579//702
f 458//703 579//703 456//703
f 456//704 579//704 580//704
f 456//705 580//705 454//705
f 454//706 580//706 581//706
f 454//707 581//707 463//707
f 463//708 581//708 582//708
f 463//709 582//709 461//709
f 461//710 582//710 583//710
f 461//711 583//711 470//711
f 470//712 583//712 584//712
f 470//713 584//713 468//713
f 468//714 584//714 585//714
f 468//715 585//715 466//715
f 466//716 585//716 586//716
f 466//717 586//717 477//717
f 477//718 586//718 565//718
f 587//578 588//578 589//578
f 590//578 591//578 589//578
f 589//578 591//578 592//578
f 589//578 592//578 587//578
f 593//578 594//578 589//578
f 589//578 594//578 595//578
f 589//578 595//578 590//578
f 596//578 597//578 589//578
f 589//578 597//578 598//578
f 589//578 598//578 593//578
f 599//578 600//578 589//578
f 589//578 600//578 601//578
f 589//578 601//578 596//578
f 602//578 603//578 589//578
f 589//578 603//578 604//578
f 589//578 604//578 599//578
f 605//578 606//578 589//578
f 589//578 606//578 607//578
f 589//578 607//578 602//578
f 588//578 608//578 589//578
f 589//578 608//578 609//578
f 589//578 609//578 605//578
f 395//719 420//719 374//719
f 374//719 420//719 404//719
f 374//719 404//719 369//719
f 391//720 426//720 392//720
f 392//720 426//720 420//720
f 392//720 420//720 395//720
f 385//721 413//721 386//721
f 386//721 413//721 426//721
f 386//721 426//721 391//721
f 380//722 399//722 381//722
f 381//722 399//722 413//722
f 381//722 413//722 385//722
f 376//723 408//723 377//723
f 377//723 408//723 399//723
f 377//723 399//723 380//723
f 369//724 404//724 370//724
f 370//724 404//724 408//724
f 370//724 408//724 376//724
f 381//149 389//149 610//149
f 610//150 387//150 386//150
f 388//151 387//151 610//151
f 389//152 388//152 610//152
f 610//153 394//153 393//153
f 390//154 394//154 610//154
f 386//155 390//155 610//155
f 610//156 397//156 396//156
f 398//157 397//157 610//157
f 392//158 398//158 610//158
f 374//159 373//159 610//159
f 610//160 371//160 370//160
f 372//161 371//161 610//161
f 373//162 372//162 610//162
f 610//163 379//163 378//163
f 375//164 379//164 610//164
f 370//165 375//165 610//165
f 610//166 384//166 383//166
f 382//167 610//167 383//167
f 377//168 384//168 610//168
f 378//169 377//169 610//169
f 396//170 374//170 610//170
f 393//171 392//171 610//171
f 382//172 381//172 610//172
f 527//173 611//173 612//173
f 527//174 526//174 611//174
f 611//175 526//175 525//175
f 611//176 525//176 613//176
f 613//177 525//177 522//177
f 613//178 522//178 614//178
f 614//179 522//179 523//179
f 614//180 523//180 615//180
f 615//181 523//181 524//181
f 524//182 521//182 615//182
f 615//183 521//183 520//183
f 615//184 520//184 616//184
f 616//185 520//185 519//185
f 616//186 519//186 617//186
f 617//187 519//187 518//187
f 617//188 518//188 618//188
f 518//189 517//189 618//189
f 618//190 517//190 516//190
f 618//191 516//191 619//191
f 516//192 515//192 619//192
f 619//193 515//193 514//193
f 619//194 514//194 620//194
f 620//195 514//195 511//195
f 620//196 511//196 621//196
f 621//197 511//197 512//197
f 621//198 512//198 622//198
f 622//199 512//199 513//199
f 513//200 510//200 622//200
f 622//201 510//201 509//201
f 622//202 509//202 623//202
f 623//203 509//203 508//203
f 623//204 508//204 624//204
f 624//205 508//205 507//205
f 624//206 507//206 625//206
f 507//207 506//207 625//207
f 625//208 506//208 505//208
f 625//209 505//209 626//209
f 505//210 504//210 626//210
f 626//211 504//211 503//211
f 626//212 503//212 627//212
f 627//213 503//213 500//213
f 627//214 500//214 628//214
f 628//215 500//215 501//215
f 628//216 501//216 629//216
f 629//217 501//217 502//217
f 502//218 499//218 629//218
f 629//219 499//219 564//219
f 629//220 564//220 630//220
f 630//221 564//221 563//221
f 630//222 563//222 631//222
f 631//223 563//223 562//223
f 631//224 562//224 632//224
f 562//225 561//225 632//225
f 632//226 561//226 560//226
f 632//227 560//227 633//227
f 560//228 559//228 633//228
f 633//229 559//229 558//229
f 633//230 558//230 634//230
f 634//231 558//231 555//231
f 634//232 555//232 635//232
f 635//233 555//233 556//233
f 635//234 556//234 636//234
f 636//235 556//235 557//235
f 557//236 554//236 636//236
f 636//237 554//237 553//237
f 636//238 553//238 637//238
f 637//239 553//239 552//239
f 637//240 552//240 638//240
f 638//241 552//241 551//241
f 638//242 551//242 639//242
f 551//243 550//243 639//243
f 639//244 550//244 549//244
f 639//245 549//245 640//245
f 549//246 548//246 640//246
f 640//247 548//247 547//247
f 640//248 547//248 641//248
f 641//249 547//249 544//249
f 641//250 544//250 642//250
f 642//251 544//251 545//251
f 642//252 545//252 643//252
f 643//253 545//253 546//253
f 546//254 543//254 643//254
f 643//255 543//255 542//255
f 643//256 542//256 644//256
f 644//257 542//257 541//257
f 644//258 541//258 645//258
f 645//259 541//259 540//259
f 645//260 540//260 646//260
f 540//261 539//261 646//261
f 646//262 539//262 538//262
f 646//263 538//263 647//263
f 538//264 537//264 647//264
f 647//265 537//265 536//265
f 647//266 536//266 648//266
f 648//267 536//267 533//267
f 648//268 533//268 649//268
f 649//269 533//269 534//269
f 649//270 534//270 650//270
f 650//271 534//271 535//271
f 535//272 532//272 650//272
f 650//273 532//273 531//273
f 650//274 531//274 651//274
f 651//275 531//275 530//275
f 651//276 530//276 652//276
f 652//277 530//277 529//277
f 652//278 529//278 612//278
f 612//279 529//279 528//279
f 612//280 528//280 527//280
f 651//281 653//281 650//281
f 650//282 653//282 654//282
f 650//283 654//283 649//283
f 649//284 654//284 655//284
f 649//285 655//285 648//285
f 648//286 655//286 656//286
f 648//287 656//287 647//287
f 647//288 656//288 657//288
f 647//289 657//289 646//289
f 646//290 657//290 658//290
f 646//291 658//291 645//291
f 645//292 658//292 659//292
f 645//293 659//293 644//293
f 644//294 659//294 660//294
f 644//295 660//295 643//295
f 643//296 660//296 661//296
f 643//297 661//297 642//297
f 642//298 661//298 662//298
f 642//299 662//299 641//299
f 641//300 662//300 663//300
f 641//301 663//301 640//301
f 640//302 663//302 664//302
f 640//303 664//303 639//303
f 639//304 664//304 665//304
f 639//305 665//305 638//305
f 638//306 665//306 666//306
f 638//307 666//307 637//307
f 637//308 666//308 667//308
f 637//309 667//309 636//309
f 636//310 667//310 668//310
f 636//311 668//311 635//311
f 635//312 668//312 669//312
f 635//313 669//313 634//313
f 634//314 669//314 670//314
f 634//315 670//315 633//315
f 633//316 670//316 671//316
f 633//317 671//317 632//317
f 632//318 671//318 672//318
f 632//319 672//319 631//319
f 631//320 672//320 673//320
f 631//321 673//321 630//321
f 630//322 673//322 674//322
f 630//323 674//323 629//323
f 629//324 674//324 675//324
f 629//325 675//325 628//325
f 628//326 675//326 676//326
f 628//327 676//327 627//327
f 627//328 676//328 677//328
f 627//329 677//329 626//329
f 626//330 677//330 678//330
f 626//331 678//331 625//331
f 625//332 678//332 679//332
f 625//333 679//333 624//333
f 624//334 679//334 680//334
f 624//335 680//335 623//335
f 623//336 680//336 681//336
f 623//337 681//337 622//337
f 622//338 681//338 682//338
f 622//339 682//339 621//339
f 621//340 682//340 683//340
f 621//341 683//341 620//341
f 620//342 683//342 684//342
f 620//343 684//343 619//343
f 619//344 684//344 685//344
f 619//345 685//345 618//345
f 618//346 685//346 686//346
f 618//347 686//347 617//347
f 617//348 686//348 687//348
f 617//349 687//349 616//349
f 616//350 687//350 688//350
f 616//351 688//351 615//351
f 615//352 688//352 689//352
f 615//353 689//353 614//353
f 614//354 689//354 690//354
f 614//355 690//355 613//355
f 613//356 690//356 691//356
f 613//357 691//357 611//357
f 611//358 691//358 692//358
f 611//359 692//359 612//359
f 612//360 692//360 693//360
f 612//361 693//361 652//361
f 652//362 693//362 694//362
f 652//363 694//363 651//363
f 651//364 694//364 653//364
f 694//365 695//365 653//365
f 653//366 695//366 696//366
f 653//367 696//367 654//367
f 654//368 696//368 697//368
f 654//369 697//369 655//369
f 655//370 697//370 698//370
f 655//371 698//371 656//371
f 656//372 698//372 699//372
f 656//373 699//373 657//373
f 657//374 699//374 700//374
f 657//375 700//375 658//375
f 658//376 700//376 701//376
f 658//377 701//377 659//377
f 659//378 701//378 702//378
f 659//379 702//379 660//379
f 660//380 702//380 703//380
f 660//381 703//381 661//381
f 661//382 703//382 704//382
f 661//383 704//383 662//383
f 662//384 704//384 705//384
f 662//385 705//385 663//385
f 663//386 705//386 706//386
f 663//387 706//387 664//387
f 664//388 706//388 707//388
f 664//389 707//389 665//389
f 665//390 707//390 708//390
f 665//391 708//391 666//391
f 666//392 708//392 709//392
f 666//393 709//393 667//393
f 667//394 709//394 710//394
f 667//395 710//395 668//395
f 668//396 710//396 711//396
f 668//397 711//397 669//397
f 669//398 711//398 712//398
f 669//399 712//399 670//399
f 670//400 712//400 713//400
f 670//401 713//401 671//401
f 671//402 713//402 714//402
f 671//403 714//403 672//403
f 672//404 714//404 715//404
f 672//405 715//405 673//405
f 673//406 715//406 716//406
f 673//407 716//407 674//407
f 674//408 716//408 717//408
f 674//409 717//409 675//409
f 675//410 717//410 718//410
f 675//411 718//411 676//411
f 676//412 718//412 719//412
f 676//413 719//413 677//413
f 677//414 719//414 720//414
f 677//415 720//415 678//415
f 678//416 720//416 721//416
f 678//417 721//417 679//417
f 679//418 721//418 722//418
f 679//419 722//419 680//419
f 680//420 722//420 723//420
f 680//421 723//421 681//421
f 681//422 723//422 724//422
f 681//423 724//423 682//423
f 682//424 724//424 725//424
f 682//425 725//425 683//425
f 683//426 725//426 726//426
f 683//427 726//427 684//427
f 684//428 726//428 727//428
f 684//429 727//429 685//429
f 685//430 727//430 728//430
f 685//431 728//431 686//431
f 686//432 728//432 729//432
f 686//433 729//433 687//433
f 687//434 729//434 730//434
f 687//435 730//435 688//435
f 688//436 730//436 731//436
f 688//437 731//437 689//437
f 689//438 731//438 732//438
f 689//439 732//439 690//439
f 690//440 732//440 733//440
f 690//441 733//441 691//441
f 691//442 733//442 734//442
f 691//443 734//443 692//443
f 692//444 734//444 735//444
f 692//445 735//445 693//445
f 693//446 735//446 736//446
f 693//447 736//447 694//447
f 694//448 736//448 695//448
f 736//449 418//449 695//449
f 695//450 418//450 431//450
f 695//451 431//451 696//451
f 696//452 431//452 430//452
f 696//453 430//453 697//453
f 697//454 430//454 429//454
f 697//455 429//455 698//455
f 698//456 429//456 428//456
f 698//457 428//457 699//457
f 699//458 428//458 427//458
f 699//459 427//459 700//459
f 700//460 427//460 434//460
f 700//461 434//461 701//461
f 701//462 434//462 433//462
f 701//463 433//463 702//463
f 702//464 433//464 432//464
f 702//465 432//465 703//465
f 703//466 432//466 446//466
f 703//467 446//467 704//467
f 704//468 446//468 445//468
f 704//469 445//469 705//469
f 705//470 445//470 444//470
f 705//471 444//471 706//471
f 706//472 444//472 414//472
f 706//473 414//473 707//473
f 707//474 414//474 412//474
f 707//475 412//475 708//475
f 708//476 412//476 411//476
f 708//477 411//477 709//477
f 709//478 411//478 440//478
f 709//479 440//479 710//479
f 710//480 440//480 439//480
f 710//481 439//481 711//481
f 711//482 439//482 438//482
f 711//483 438//483 712//483
f 712//484 438//484 437//484
f 712//485 437//485 713//485
f 713//486 437//486 436//486
f 713//487 436//487 714//487
f 714//488 436//488 435//488
f 714//489 435//489 715//489
f 715//490 435//490 401//490
f 715//491 401//491 716//491
f 716//492 401//492 400//492
f 716//493 400//493 717//493
f 717//494 400//494 417//494
f 717//495 417//495 718//495
f 718//496 417//496 416//496
f 718//497 416//497 719//497
f 719//498 416//498 415//498
f 719//499 415//499 720//499
f 720//500 415//500 410//500
f 720//501 410//501 721//501
f 721//502 410//502 409//502
f 721//503 409//503 722//503
f 722//504 409//504 407//504
f 722//505 407//505 723//505
f 723//506 407//506 406//506
f 723//507 406//507 724//507
f 724//508 406//508 443//508
f 724//509 443//509 725//509
f 725//510 443//510 442//510
f 725//511 442//511 726//511
f 726//512 442//512 441//512
f 726//513 441//513 727//513
f 727//514 441//514 405//514
f 727//515 405//515 728//515
f 728//516 405//516 403//516
f 728//517 403//517 729//517
f 729//518 403//518 402//518
f 729//519 402//519 730//519
f 730//520 402//520 425//520
f 730//521 425//521 731//521
f 731//522 425//522 424//522
f 731//523 424//523 732//523
f 732//524 424//524 423//524
f 732//525 423//525 733//525
f 733//526 423//526 422//526
f 733//527 422//527 734//527
f 734//528 422//528 421//528
f 734//529 421//529 735//529
f 735//530 421//530 419//530
f 735//531 419//531 736//531
f 736//532 419//532 418//532
f 586//533 599//533 565//533
f 565//534 599//534 604//534
f 565//535 604//535 566//535
f 566//536 604//536 603//536
f 566//537 603//537 567//537
f 567//538 603//538 602//538
f 567//539 602//539 568//539
f 568//540 602//540 607//540
f 568//541 607//541 569//541
f 569//542 607//542 606//542
f 569//543 606//543 570//543
f 570//544 606//544 605//544
f 570//545 605//545 571//545
f 571//546 605//546 609//546
f 571//547 609//547 572//547
f 572//548 609//548 608//548
f 572//549 608//549 573//549
f 573//550 608//550 588//550
f 573//551 588//551 574//551
f 574//552 588//552 587//552
f 574//553 587//553 575//553
f 575//554 587//554 592//554
f 575//555 592//555 576//555
f 576//556 592//556 591//556
f 576//557 591//557 577//557
f 577//558 591//558 590//558
f 577//559 590//559 578//559
f 578//560 590//560 595//560
f 578//561 595//561 579//561
f 579//562 595//562 594//562
f 579//563 594//563 580//563
f 580//564 594//564 593//564
f 580//565 593//565 581//565
f 581//566 593//566 598//566
f 581//567 598//567 582//567
f 582//568 598//568 597//568
f 582//569 597//569 583//569
f 583//570 597//570 596//570
f 583//571 596//571 584//571
f 584//572 596//572 601//572
f 584//573 601//573 585//573
f 585//574 601//574 600//574
f 585//575 600//575 586//575
f 586//576 600//576 599//576
f 737//725 738//725 739//725
f 739//725 738//725 740//725
f 739//725 740//725 741//725
f 741//725 740//725 742//725
f 741//725 742//725 743//725
f 743//725 742//725 744//725
f 743//725 744//725 745//725
f 745//725 744//725 746//725
f 745//725 746//725 747//725
f 747//725 746//725 748//725
f 747//725 748//725 749//725
f 749//725 748//725 750//725
f 749//725 750//725 751//725
f 751//725 750//725 752//725
f 751//725 752//725 753//725
f 754//725 755//725 756//725
f 756//725 755//725 757//725
f 756//725 757//725 758//725
f 758//725 757//725 759//725
f 758//725 759//725 760//725
f 760//725 759//725 761//725
f 760//725 761//725 762//725
f 762//725 761//725 763//725
f 762//725 763//725 764//725
f 764//725 763//725 765//725
f 764//725 765//725 766//725
f 766//725 765//725 767//725
f 766//725 767//725 768//725
f 768//725 767//725 769//725
f 768//725 769//725 737//725
f 737//725 769//725 770//725
f 737//725 770//725 738//725
f 752//725 771//725 753//725
f 753//725 771//725 772//725
f 753//725 772//725 773//725
f 773//725 772//725 774//725
f 773//725 774//725 775//725
f 775//725 774//725 776//725
f 775//725 776//725 777//725
f 777//725 776//725 778//725
f 777//725 778//725 779//725
f 779//725 778//725 780//725
f 779//725 780//725 781//725
f 781//725 780//725 782//725
f 781//725 782//725 783//725
f 783//725 782//725 784//725
f 783//725 784//725 785//725
f 785//725 784//725 786//725
f 785//725 786//725 787//725
f 787//725 786//725 788//725
f 787//725 788//725 754//725
f 754//725 788//725 789//725
f 754//725 789//725 755//725
f 772//726 790//726 774//726
f 774//727 790//727 791//727
f 774//728 791//728 776//728
f 776//729 791//729 792//729
f 776//730 792//730 778//730
f 778//731 792//731 793//731
f 778//732 793//732 780//732
f 780//733 793//733 794//733
f 780//734 794//734 782//734
f 782//735 794//735 795//735
f 782//736 795//736 784//736
f 784//737 795//737 796//737
f 784//738 796//738 786//738
f 786//739 796//739 797//739
f 786//740 797//740 788//740
f 788//741 797//741 798//741
f 788//742 798//742 789//742
f 789//743 798//743 799//743
f 789//744 799//744 755//744
f 755//745 799//745 800//745
f 755//746 800//746 757//746
f 757//747 800//747 801//747
f 757//748 801//748 759//748
f 759//749 801//749 802//749
f 759//750 802//750 761//750
f 761//751 802//751 803//751
f 761//752 803//752 763//752
f 763//753 803//753 804//753
f 763//754 804//754 765//754
f 765//755 804//755 805//755
f 765//756 805//756 767//756
f 767//757 805//757 806//757
f 767//758 806//758 769//758
f 769//759 806//759 807//759
f 769//760 807//760 770//760
f 770//761 807//761 808//761
f 770//762 808//762 738//762
f 738//763 808//763 809//763
f 738//764 809//764 740//764
f 740//765 809//765 810//765
f 740//766 810//766 742//766
f 742//767 810//767 811//767
f 742//768 811//768 744//768
f 744//769 811//769 812//769
f 744//770 812//770 746//770
f 746//771 812//771 813//771
f 746//772 813//772 748//772
f 748//773 813//773 814//773
f 748//774 814//774 750//774
f 750//775 814//775 815//775
f 750//776 815//776 752//776
f 752//777 815//777 816//777
f 752//778 816//778 771//778
f 771//779 816//779 817//779
f 771//780 817//780 772//780
f 772//781 817//781 790//781
f 762//782 818//782 760//782
f 760//783 818//783 819//783
f 760//784 819//784 758//784
f 758//785 819//785 820//785
f 758//786 820//786 756//786
f 756//787 820//787 821//787
f 756//788 821//788 754//788
f 754//789 821//789 822//789
f 754//790 822//790 787//790
f 787//791 822//791 823//791
f 787//792 823//792 785//792
f 785//793 823//793 824//793
f 785//794 824//794 783//794
f 783//795 824//795 825//795
f 783//796 825//796 781//796
f 781//797 825//797 826//797
f 781//798 826//798 779//798
f 779//799 826//799 827//799
f 779//800 827//800 777//800
f 777//801 827//801 828//801
f 777//802 828//802 775//802
f 775//803 828//803 829//803
f 775//804 829//804 773//804
f 773//805 829//805 830//805
f 773//806 830//806 753//806
f 753//807 830//807 831//807
f 753//808 831//808 751//808
f 751//809 831//809 832//809
f 751//810 832//810 749//810
f 749//811 832//811 833//811
f 749//812 833//812 747//812
f 747//813 833//813 834//813
f 747//814 834//814 745//814
f 745//815 834//815 835//815
f 745//816 835//816 743//816
f 743//817 835//817 836//817
f 743//818 836//818 741//818
f 741//819 836//819 837//819
f 741//820 837//820 739//820
f 739//821 837//821 838//821
f 739//822 838//822 737//822
f 737//823 838//823 839//823
f 737//824 839//824 768//824
f 768//825 839//825 840//825
f 768//826 840//826 766//826
f 766//827 840//827 841//827
f 766//828 841//828 764//828
f 764//829 841//829 842//829
f 764//830 842//830 762//830
f 762//831 842//831 818//831
f 814//725 843//725 815//725
f 815//725 843//725 844//725
f 815//725 844//725 816//725
f 816//725 844//725 845//725
f 816//725 845//725 817//725
f 817//725 845//725 846//725
f 817//725 846//725 790//725
f 790//725 846//725 847//725
f 790//725 847//725 791//725
f 808//725 848//725 809//725
f 809//725 848//725 849//725
f 809//725 849//725 810//725
f 810//725 849//725 850//725
f 810//725 850//725 811//725
f 811//725 850//725 851//725
f 811//725 851//725 812//725
f 812//725 851//725 852//725
f 812//725 852//725 813//725
f 813//725 852//725 853//725
f 813//725 853//725 814//725
f 814//725 853//725 854//725
f 814//725 854//725 843//725
f 847//725 855//725 791//725
f 791//725 855//725 856//725
f 791//725 856//725 792//725
f 792//725 856//725 857//725
f 792//725 857//725 793//725
f 793//725 857//725 858//725
f 793//725 858//725 794//725
f 794//725 858//725 859//725
f 794//725 859//725 795//725
f 795//725 859//725 860//725
f 795//725 860//725 796//725
f 796//725 860//725 861//725
f 796//725 861//725 797//725
f 802//725 862//725 803//725
f 803//725 862//725 863//725
f 803//725 863//725 804//725
f 804//725 863//725 864//725
f 804//725 864//725 805//725
f 805//725 864//725 865//725
f 805//725 865//725 806//725
f 806//725 865//725 866//725
f 806//725 866//725 807//725
f 807//725 866//725 867//725
f 807//725 867//725 808//725
f 808//725 867//725 868//725
f 808//725 868//725 848//725
f 861//725 869//725 797//725
f 797//725 869//725 870//725
f 797//725 870//725 798//725
f 798//725 870//725 871//725
f 798//725 871//725 799//725
f 799//725 871//725 872//725
f 799//725 872//725 800//725
f 800//725 872//725 873//725
f 800//725 873//725 801//725
f 801//725 873//725 874//725
f 801//725 874//725 802//725
f 802//725 874//725 875//725
f 802//725 875//725 862//725
f 831//832 876//832 832//832
f 832//832 876//832 877//832
f 832//832 877//832 833//832
f 833//832 877//832 878//832
f 833//832 878//832 834//832
f 834//832 878//832 879//832
f 834//832 879//832 835//832
f 835//832 879//832 880//832
f 835//832 880//832 836//832
f 836//832 880//832 881//832
f 836//832 881//832 837//832
f 837//832 881//832 882//832
f 837//832 882//832 838//832
f 838//832 882//832 883//832
f 838//832 883//832 839//832
f 822//832 884//832 823//832
f 823//832 884//832 885//832
f 823//832 885//832 824//832
f 824//832 885//832 886//832
f 824//832 886//832 825//832
f 825//832 886//832 887//832
f 825//832 887//832 826//832
f 826//832 887//832 888//832
f 826//832 888//832 827//832
f 827//832 888//832 889//832
f 827//832 889//832 828//832
f 828//832 889//832 890//832
f 828//832 890//832 829//832
f 829//832 890//832 891//832
f 829//832 891//832 830//832
f 830//832 891//832 892//832
f 830//832 892//832 831//832
f 831//832 892//832 893//832
f 831//832 893//832 876//832
f 883//832 894//832 839//832
f 839//832 894//832 895//832
f 839//832 895//832 840//832
f 840//832 895//832 896//832
f 840//832 896//832 841//832
f 841//832 896//832 897//832
f 841//832 897//832 842//832
f 842//832 897//832 898//832
f 842//832 898//832 818//832
f 818//832 898//832 899//832
f 818//832 899//832 819//832
f 819//832 899//832 900//832
f 819//832 900//832 820//832
f 820//832 900//832 901//832
f 820//832 901//832 821//832
f 821//832 901//832 902//832
f 821//832 902//832 822//832
f 822//832 902//832 903//832
f 822//832 903//832 884//832
f 846//833 904//833 847//833
f 847//834 904//834 905//834
f 847//835 905//835 855//835
f 855//836 905//836 906//836
f 855//837 906//837 856//837
f 856//838 906//838 907//838
f 856//839 907//839 857//839
f 857//840 907//840 908//840
f 857//841 908//841 858//841
f 858//842 908//842 909//842
f 858//843 909//843 859//843
f 859//844 909//844 910//844
f 859//845 910//845 860//845
f 860//846 910//846 911//846
f 860//847 911//847 861//847
f 861//848 911//848 912//848
f 861//849 912//849 869//849
f 869//850 912//850 913//850
f 869//851 913//851 870//851
f 870//852 913//852 914//852
f 870//853 914//853 871//853
f 871//854 914//854 915//854
f 871//855 915//855 872//855
f 872//856 915//856 916//856
f 872//857 916//857 873//857
f 873//858 916//858 917//858
f 873//859 917//859 874//859
f 874//860 917//860 918//860
f 874//861 918//861 875//861
f 875//862 918//862 919//862
f 875//863 919//863 862//863
f 862//864 919//864 920//864
f 862//865 920//865 863//865
f 863//866 920//866 921//866
f 863//867 921//867 864//867
f 864//868 921//868 922//868
f 864//869 922//869 865//869
f 865//870 922//870 923//870
f 865//871 923//871 866//871
f 866//872 923//872 924//872
f 866//873 924//873 867//873
f 867//874 924//874 925//874
f 867//875 925//875 868//875
f 868//876 925//876 926//876
f 868//877 926//877 848//877
f 848//878 926//878 927//878
f 848//879 927//879 849//879
f 849//880 927//880 928//880
f 849//881 928//881 850//881
f 850//882 928//882 929//882
f 850//883 929//883 851//883
f 851//884 929//884 930//884
f 851//885 930//885 852//885
f 852//886 930//886 931//886
f 852//887 931//887 853//887
f 853//888 931//888 932//888
f 853//889 932//889 854//889
f 854//890 932//890 933//890
f 854//891 933//891 843//891
f 843//892 933//892 934//892
f 843//893 934//893 844//893
f 844//894 934//894 935//894
f 844//895 935//895 845//895
f 845//896 935//896 936//896
f 845//897 936//897 846//897
f 846//898 936//898 904//898
f 899//751 937//751 900//751
f 900//899 937//899 938//899
f 900//749 938//749 901//749
f 901//900 938//900 939//900
f 901//747 939//747 902//747
f 902//901 939//901 940//901
f 902//902 940//902 903//902
f 903//744 940//744 941//744
f 903//903 941//903 884//903
f 884//742 941//742 942//742
f 884//904 942//904 885//904
f 885//740 942//740 943//740
f 885//739 943//739 886//739
f 886//738 943//738 944//738
f 886//737 944//737 887//737
f 887//905 944//905 945//905
f 887//735 945//735 888//735
f 888//906 945//906 946//906
f 888//733 946//733 889//733
f 889//907 946//907 947//907
f 889//908 947//908 890//908
f 890//730 947//730 948//730
f 890//909 948//909 891//909
f 891//728 948//728 949//728
f 891//910 949//910 892//910
f 892//726 949//726 950//726
f 892//781 950//781 893//781
f 893//780 950//780 951//780
f 893//779 951//779 876//779
f 876//911 951//911 952//911
f 876//777 952//777 877//777
f 877//912 952//912 953//912
f 877//775 953//775 878//775
f 878//913 953//913 954//913
f 878//914 954//914 879//914
f 879//772 954//772 955//772
f 879//915 955//915 880//915
f 880//770 955//770 956//770
f 880//916 956//916 881//916
f 881//768 956//768 957//768
f 881//767 957//767 882//767
f 882//766 957//766 958//766
f 882//765 958//765 883//765
f 883//917 958//917 959//917
f 883//763 959//763 894//763
f 894//918 959//918 960//918
f 894//761 960//761 895//761
f 895//919 960//919 961//919
f 895//920 961//920 896//920
f 896//758 961//758 962//758
f 896//921 962//921 897//921
f 897//756 962//756 963//756
f 897//922 963//922 898//922
f 898//754 963//754 964//754
f 898//753 964//753 899//753
f 899//752 964//752 937//752
f 933//725 965//725 934//725
f 934//725 965//725 966//725
f 934//725 966//725 935//725
f 935//725 966//725 967//725
f 935//725 967//725 936//725
f 936//725 967//725 968//725
f 936//725 968//725 904//725
f 904//725 968//725 969//725
f 904//725 969//725 905//725
f 905//725 969//725 970//725
f 905//725 970//725 906//725
f 906//725 970//725 971//725
f 906//725 971//725 907//725
f 971//725 972//725 907//725
f 907//725 972//725 973//725
f 907//725 973//725 908//725
f 908//725 973//725 974//725
f 908//725 974//725 909//725
f 909//725 974//725 975//725
f 909//725 975//725 910//725
f 910//725 975//725 976//725
f 910//725 976//725 911//725
f 911//725 976//725 977//725
f 911//725 977//725 912//725
f 912//725 977//725 978//725
f 912//725 978//725 913//725
f 927//725 979//725 928//725
f 928//725 979//725 980//725
f 928//725 980//725 929//725
f 929//725 980//725 981//725
f 929//725 981//725 930//725
f 930//725 981//725 982//725
f 930//725 982//725 931//725
f 931//725 982//725 983//725
f 931//725 983//725 932//725
f 932//725 983//725 984//725
f 932//725 984//725 933//725
f 933//725 984//725 985//725
f 933//725 985//725 965//725
f 920//725 986//725 921//725
f 921//725 986//725 987//725
f 921//725 987//725 922//725
f 922//725 987//725 988//725
f 922//725 988//725 923//725
f 923//725 988//725 989//725
f 923//725 989//725 924//725
f 924//725 989//725 990//725
f 924//725 990//725 925//725
f 925//725 990//725 991//725
f 925//725 991//725 926//725
f 926//725 991//725 992//725
f 926//725 992//725 927//725
f 927//725 992//725 993//725
f 927//725 993//725 979//725
f 978//725 994//725 913//725
f 913//725 994//725 995//725
f 913//725 995//725 914//725
f 914//725 995//725 996//725
f 914//725 996//725 915//725
f 915//725 996//725 997//725
f 915//725 997//725 916//725
f 916//725 997//725 998//725
f 916//725 998//725 917//725
f 917//725 998//725 999//725
f 917//725 999//725 918//725
f 918//725 999//725 1000//725
f 918//725 1000//725 919//725
f 919//725 1000//725 1001//725
f 919//725 1001//725 920//725
f 920//725 1001//725 1002//725
f 920//725 1002//725 986//725
f 961//832 1003//832 962//832
f 962//832 1003//832 1004//832
f 962//832 1004//832 963//832
f 963//832 1004//832 1005//832
f 963//832 1005//832 964//832
f 964//832 1005//832 1006//832
f 964//832 1006//832 937//832
f 937//832 1006//832 1007//832
f 937//832 1007//832 938//832
f 955//832 1008//832 956//832
f 956//832 1008//832 1009//832
f 956//832 1009//832 957//832
f 957//832 1009//832 1010//832
f 957//832 1010//832 958//832
f 958//832 1010//832 1011//832
f 958//832 1011//832 959//832
f 959//832 1011//832 1012//832
f 959//832 1012//832 960//832
f 960//832 1012//832 1013//832
f 960//832 1013//832 961//832
f 961//832 1013//832 1014//832
f 961//832 1014//832 1003//832
f 1007//832 1015//832 938//832
f 938//832 1015//832 1016//832
f 938//832 1016//832 939//832
f 939//832 1016//832 1017//832
f 939//832 1017//832 940//832
f 940//832 1017//832 1018//832
f 940//832 1018//832 941//832
f 941//832 1018//832 1019//832
f 941//832 1019//832 942//832
f 942//832 1019//832 1020//832
f 942//832 1020//832 943//832
f 943//832 1020//832 1021//832
f 943//832 1021//832 944//832
f 949//832 1022//832 950//832
f 950//832 1022//832 1023//832
f 950//832 1023//832 951//832
f 951//832 1023//832 1024//832
f 951//832 1024//832 952//832
f 952//832 1024//832 1025//832
f 952//832 1025//832 953//832
f 953//832 1025//832 1026//832
f 953//832 1026//832 954//832
f 954//832 1026//832 1027//832
f 954//832 1027//832 955//832
f 955//832 1027//832 1028//832
f 955//832 1028//832 1008//832
f 1021//832 1029//832 944//832
f 944//832 1029//832 1030//832
f 944//832 1030//832 945//832
f 945//832 1030//832 1031//832
f 945//832 1031//832 946//832
f 946//832 1031//832 1032//832
f 946//832 1032//832 947//832
f 947//832 1032//832 1033//832
f 947//832 1033//832 948//832
f 948//832 1033//832 1034//832
f 948//832 1034//832 949//832
f 949//832 1034//832 1035//832
f 949//832 1035//832 1022//832
f 1036//923 1002//923 1037//923
f 1037//924 1002//924 1001//924
f 1037//925 1001//925 1038//925
f 1038//926 1001//926 1000//926
f 1038//927 1000//927 1039//927
f 1039//928 1000//928 999//928
f 1039//929 999//929 1040//929
f 1040//930 999//930 998//930
f 1040//931 998//931 1041//931
f 1041//932 998//932 997//932
f 1041//933 997//933 1042//933
f 1042//934 997//934 996//934
f 1042//935 996//935 1043//935
f 1043//936 996//936 995//936
f 1043//937 995//937 1044//937
f 1044//938 995//938 994//938
f 1044//939 994//939 1045//939
f 1045//940 994//940 978//940
f 1045//941 978//941 1046//941
f 1046//942 978//942 977//942
f 1046//943 977//943 1047//943
f 1047//944 977//944 976//944
f 1047//945 976//945 1048//945
f 1048//946 976//946 975//946
f 1048//947 975//947 1049//947
f 1049//948 975//948 974//948
f 1049//949 974//949 1050//949
f 1050//950 974//950 973//950
f 1050//951 973//951 1051//951
f 1051//952 973//952 972//952
f 1051//953 972//953 1052//953
f 1052//954 972//954 971//954
f 1052//955 971//955 1053//955
f 1053//956 971//956 970//956
f 1053//957 970//957 1054//957
f 1054//958 970//958 969//958
f 1054//959 969//959 1055//959
f 1055//960 969//960 968//960
f 1055//961 968//961 1056//961
f 1056//962 968//962 967//962
f 1056//963 967//963 1057//963
f 1057//964 967//964 966//964
f 1057//965 966//965 1058//965
f 1058//966 966//966 965//966
f 1058//967 965//967 1059//967
f 1059//968 965//968 985//968
f 1059//969 985//969 1060//969
f 1060//970 985//970 984//970
f 1060//971 984//971 1061//971
f 1061//972 984//972 983//972
f 1061//973 983//973 1062//973
f 1062//974 983//974 982//974
f 1062//975 982//975 1063//975
f 1063//976 982//976 981//976
f 1063//977 981//977 1064//977
f 1064//978 981//978 980//978
f 1064//979 980//979 1065//979
f 1065//980 980//980 979//980
f 1065//981 979//981 1066//981
f 1066//982 979//982 993//982
f 1066//983 993//983 1067//983
f 1067//984 993//984 992//984
f 1067//985 992//985 1068//985
f 1068//986 992//986 991//986
f 1068//987 991//987 1069//987
f 1069//988 991//988 990//988
f 1069//989 990//989 1070//989
f 1070//990 990//990 989//990
f 1070//991 989//991 1071//991
f 1071//992 989//992 988//992
f 1071//993 988//993 1072//993
f 1072//994 988//994 987//994
f 1072//995 987//995 1073//995
f 1073//996 987//996 986//996
f 1073//997 986//997 1036//997
f 1036//998 986//998 1002//998
f 1006//999 1074//999 1007//999
f 1007//1000 1074//1000 1075//1000
f 1007//1001 1075//1001 1015//1001
f 1015//1002 1075//1002 1076//1002
f 1015//1003 1076//1003 1016//1003
f 1016//1004 1076//1004 1077//1004
f 1016//1005 1077//1005 1017//1005
f 1017//1006 1077//1006 1078//1006
f 1017//1007 1078//1007 1018//1007
f 1018//1008 1078//1008 1079//1008
f 1018//1009 1079//1009 1019//1009
f 1019//1010 1079//1010 1080//1010
f 1019//1011 1080//1011 1020//1011
f 1020//1012 1080//1012 1081//1012
f 1020//1013 1081//1013 1021//1013
f 1021//1014 1081//1014 1082//1014
f 1021//1015 1082//1015 1029//1015
f 1029//1016 1082//1016 1083//1016
f 1029//1017 1083//1017 1030//1017
f 1030//1018 1083//1018 1084//1018
f 1030//1019 1084//1019 1031//1019
f 1031//1020 1084//1020 1085//1020
f 1031//1021 1085//1021 1032//1021
f 1032//1022 1085//1022 1086//1022
f 1032//1023 1086//1023 1033//1023
f 1033//1024 1086//1024 1087//1024
f 1033//1025 1087//1025 1034//1025
f 1034//1026 1087//1026 1088//1026
f 1034//1027 1088//1027 1035//1027
f 1035//1028 1088//1028 1089//1028
f 1035//1029 1089//1029 1022//1029
f 1022//1030 1089//1030 1090//1030
f 1022//1031 1090//1031 1023//1031
f 1023//1032 1090//1032 1091//1032
f 1023//1033 1091//1033 1024//1033
f 1024//1034 1091//1034 1092//1034
f 1024//1035 1092//1035 1025//1035
f 1025//1036 1092//1036 1093//1036
f 1025//1037 1093//1037 1026//1037
f 1026//1038 1093//1038 1094//1038
f 1026//1039 1094//1039 1027//1039
f 1027//1040 1094//1040 1095//1040
f 1027//1041 1095//1041 1028//1041
f 1028//1042 1095//1042 1096//1042
f 1028//1043 1096//1043 1008//1043
f 1008//1044 1096//1044 1097//1044
f 1008//1045 1097//1045 1009//1045
f 1009//1046 1097//1046 1098//1046
f 1009//1047 1098//1047 1010//1047
f 1010//1048 1098//1048 1099//1048
f 1010//1049 1099//1049 1011//1049
f 1011//1050 1099//1050 1100//1050
f 1011//1051 1100//1051 1012//1051
f 1012//1052 1100//1052 1101//1052
f 1012//1053 1101//1053 1013//1053
f 1013//1054 1101//1054 1102//1054
f 1013//1055 1102//1055 1014//1055
f 1014//1056 1102//1056 1103//1056
f 1014//1057 1103//1057 1003//1057
f 1003//1058 1103//1058 1104//1058
f 1003//1059 1104//1059 1004//1059
f 1004//1060 1104//1060 1105//1060
f 1004//1061 1105//1061 1005//1061
f 1005//1062 1105//1062 1106//1062
f 1005//1063 1106//1063 1006//1063
f 1006//1064 1106//1064 1074//1064
f 1107//832 1046//832 1108//832
f 1108//832 1046//832 1047//832
f 1108//832 1047//832 1109//832
f 1109//832 1047//832 1048//832
f 1109//832 1048//832 1110//832
f 1110//832 1048//832 1049//832
f 1110//832 1049//832 1111//832
f 1111//832 1049//832 1050//832
f 1111//832 1050//832 1112//832
f 1112//832 1050//832 1051//832
f 1112//832 1051//832 1113//832
f 1113//832 1051//832 1052//832
f 1113//832 1052//832 1114//832
f 1114//832 1052//832 1053//832
f 1114//832 1053//832 1115//832
f 1115//832 1053//832 1054//832
f 1115//832 1054//832 1116//832
f 1116//832 1054//832 1055//832
f 1116//832 1055//832 1117//832
f 1117//832 1055//832 1056//832
f 1117//832 1056//832 1118//832
f 1118//832 1056//832 1057//832
f 1118//832 1057//832 1119//832
f 1119//832 1057//832 1058//832
f 1119//832 1058//832 1120//832
f 1120//832 1058//832 1059//832
f 1120//832 1059//832 1121//832
f 1121//832 1059//832 1060//832
f 1121//832 1060//832 1122//832
f 1122//832 1060//832 1061//832
f 1122//832 1061//832 1123//832
f 1123//832 1061//832 1062//832
f 1123//832 1062//832 1124//832
f 1124//832 1062//832 1063//832
f 1124//832 1063//832 1125//832
f 1063//832 1064//832 1125//832
f 1125//832 1064//832 1065//832
f 1125//832 1065//832 1126//832
f 1126//832 1065//832 1066//832
f 1126//832 1066//832 1127//832
f 1127//832 1066//832 1067//832
f 1127//832 1067//832 1128//832
f 1128//832 1067//832 1068//832
f 1128//832 1068//832 1129//832
f 1129//832 1068//832 1069//832
f 1129//832 1069//832 1130//832
f 1130//832 1069//832 1070//832
f 1130//832 1070//832 1131//832
f 1131//832 1070//832 1071//832
f 1131//832 1071//832 1132//832
f 1132//832 1071//832 1072//832
f 1132//832 1072//832 1133//832
f 1133//832 1072//832 1073//832
f 1133//832 1073//832 1134//832
f 1134//832 1073//832 1036//832
f 1134//832 1036//832 1135//832
f 1135//832 1036//832 1037//832
f 1135//832 1037//832 1136//832
f 1136//832 1037//832 1038//832
f 1136//832 1038//832 1137//832
f 1137//832 1038//832 1039//832
f 1137//832 1039//832 1138//832
f 1138//832 1039//832 1040//832
f 1138//832 1040//832 1139//832
f 1139//832 1040//832 1041//832
f 1139//832 1041//832 1140//832
f 1140//832 1041//832 1042//832
f 1140//832 1042//832 1141//832
f 1141//832 1042//832 1043//832
f 1141//832 1043//832 1142//832
f 1142//832 1043//832 1044//832
f 1142//832 1044//832 1107//832
f 1107//832 1044//832 1045//832
f 1107//832 1045//832 1046//832
f 1102//832 1143//832 1103//832
f 1103//832 1143//832 1144//832
f 1103//832 1144//832 1104//832
f 1104//832 1144//832 1145//832
f 1104//832 1145//832 1105//832
f 1105//832 1145//832 1146//832
f 1105//832 1146//832 1106//832
f 1106//832 1146//832 1147//832
f 1106//832 1147//832 1074//832
f 1074//832 1147//832 1148//832
f 1074//832 1148//832 1075//832
f 1075//832 1148//832 1149//832
f 1075//832 1149//832 1076//832
f 1076//832 1149//832 1150//832
f 1076//832 1150//832 1077//832
f 1077//832 1150//832 1151//832
f 1077//832 1151//832 1078//832
f 1078//832 1151//832 1152//832
f 1078//832 1152//832 1079//832
f 1079//832 1152//832 1153//832
f 1079//832 1153//832 1080//832
f 1091//832 1154//832 1092//832
f 1092//832 1154//832 1155//832
f 1092//832 1155//832 1093//832
f 1093//832 1155//832 1156//832
f 1093//832 1156//832 1094//832
f 1094//832 1156//832 1157//832
f 1094//832 1157//832 1095//832
f 1095//832 1157//832 1158//832
f 1095//832 1158//832 1096//832
f 1096//832 1158//832 1159//832
f 1096//832 1159//832 1097//832
f 1097//832 1159//832 1160//832
f 1097//832 1160//832 1098//832
f 1098//832 1160//832 1161//832
f 1098//832 1161//832 1099//832
f 1099//832 1161//832 1162//832
f 1099//832 1162//832 1100//832
f 1100//832 1162//832 1163//832
f 1100//832 1163//832 1101//832
f 1101//832 1163//832 1164//832
f 1101//832 1164//832 1102//832
f 1102//832 1164//832 1165//832
f 1102//832 1165//832 1143//832
f 1153//832 1166//832 1080//832
f 1080//832 1166//832 1167//832
f 1080//832 1167//832 1081//832
f 1081//832 1167//832 1168//832
f 1081//832 1168//832 1082//832
f 1082//832 1168//832 1169//832
f 1082//832 1169//832 1083//832
f 1083//832 1169//832 1170//832
f 1083//832 1170//832 1084//832
f 1084//832 1170//832 1171//832
f 1084//832 1171//832 1085//832
f 1085//832 1171//832 1172//832
f 1085//832 1172//832 1086//832
f 1086//832 1172//832 1173//832
f 1086//832 1173//832 1087//832
f 1087//832 1173//832 1174//832
f 1087//832 1174//832 1088//832
f 1088//832 1174//832 1175//832
f 1088//832 1175//832 1089//832
f 1089//832 1175//832 1176//832
f 1089//832 1176//832 1090//832
f 1090//832 1176//832 1177//832
f 1090//832 1177//832 1091//832
f 1091//832 1177//832 1178//832
f 1091//832 1178//832 1154//832
f 1148//1065 1135//1065 1149//1065
f 1149//1066 1135//1066 1136//1066
f 1149//1067 1136//1067 1150//1067
f 1150//1068 1136//1068 1137//1068
f 1150//1069 1137//1069 1151//1069
f 1151//1070 1137//1070 1138//1070
f 1151//1071 1138//1071 1152//1071
f 1152//1072 1138//1072 1139//1072
f 1152//1073 1139//1073 1153//1073
f 1153//1074 1139//1074 1140//1074
f 1153//1075 1140//1075 1166//1075
f 1166//1076 1140//1076 1141//1076
f 1166//1077 1141//1077 1167//1077
f 1167//1078 1141//1078 1142//1078
f 1167//1079 1142//1079 1168//1079
f 1168//1080 1142//1080 1107//1080
f 1168//1081 1107//1081 1169//1081
f 1169//1082 1107//1082 1108//1082
f 1169//1083 1108//1083 1170//1083
f 1170//1084 1108//1084 1109//1084
f 1170//1085 1109//1085 1171//1085
f 1171//1086 1109//1086 1110//1086
f 1171//1087 1110//1087 1172//1087
f 1172//1088 1110//1088 1111//1088
f 1172//1089 1111//1089 1173//1089
f 1173//1090 1111//1090 1112//1090
f 1173//1091 1112//1091 1174//1091
f 1174//1092 1112//1092 1113//1092
f 1174//1093 1113//1093 1175//1093
f 1175//1094 1113//1094 1114//1094
f 1175//1095 1114//1095 1176//1095
f 1176//1096 1114//1096 1115//1096
f 1176//1097 1115//1097 1177//1097
f 1177//1098 1115//1098 1116//1098
f 1177//1099 1116//1099 1178//1099
f 1178//1100 1116//1100 1117//1100
f 1178//1101 1117//1101 1154//1101
f 1154//1102 1117//1102 1118//1102
f 1154//1103 1118//1103 1155//1103
f 1155//1104 1118//1104 1119//1104
f 1155//1105 1119//1105 1156//1105
f 1156//1106 1119//1106 1120//1106
f 1156//1107 1120//1107 1157//1107
f 1157//1108 1120//1108 1121//1108
f 1157//1109 1121//1109 1158//1109
f 1158//1110 1121//1110 1122//1110
f 1158//1111 1122//1111 1159//1111
f 1159//1112 1122//1112 1123//1112
f 1159//1113 1123//1113 1160//1113
f 1160//1114 1123//1114 1124//1114
f 1160//1115 1124//1115 1161//1115
f 1161//1116 1124//1116 1125//1116
f 1161//1117 1125//1117 1162//1117
f 1162//1118 1125//1118 1126//1118
f 1162//1119 1126//1119 1163//1119
f 1163//1120 1126//1120 1127//1120
f 1163//1121 1127//1121 1164//1121
f 1164//1122 1127//1122 1128//1122
f 1164//1123 1128//1123 1165//1123
f 1165//1124 1128//1124 1129//1124
f 1165//1125 1129//1125 1143//1125
f 1143//1126 1129//1126 1130//1126
f 1143//1127 1130//1127 1144//1127
f 1144//1128 1130//1128 1131//1128
f 1144//1129 1131//1129 1145//1129
f 1145//1130 1131//1130 1132//1130
f 1145//1131 1132//1131 1146//1131
f 1146//1132 1132//1132 1133//1132
f 1146//1133 1133//1133 1147//1133
f 1147//1134 1133//1134 1134//1134
f 1147//1135 1134//1135 1148//1135
f 1148//1136 1134//1136 1135//1136
f 1179//1137 1180//1137 1181//1137
f 1181//1138 1180//1138 1182//1138
f 1181//1139 1182//1139 1183//1139
f 1183//1140 1182//1140 1184//1140
f 1183//1141 1184//1141 1185//1141
f 1185//1142 1184//1142 1186//1142
f 1185//1143 1186//1143 1187//1143
f 1187//1144 1186//1144 1188//1144
f 1187//1145 1188//1145 1189//1145
f 1189//1146 1188//1146 1190//1146
f 1189//1147 1190//1147 1191//1147
f 1191//1148 1190//1148 1192//1148
f 1191//1149 1192//1149 1193//1149
f 1193//1150 1192//1150 1194//1150
f 1193//1151 1194//1151 1195//1151
f 1195//1152 1194//1152 1196//1152
f 1195//1153 1196//1153 1197//1153
f 1197//1154 1196//1154 1198//1154
f 1197//1155 1198//1155 1199//1155
f 1199//1156 1198//1156 1200//1156
f 1199//1157 1200//1157 1201//1157
f 1201//1158 1200//1158 1202//1158
f 1201//1159 1202//1159 1179//1159
f 1179//1160 1202//1160 1180//1160
f 1203//1137 1204//1137 1205//1137
f 1205//1138 1204//1138 1206//1138
f 1205//1139 1206//1139 1207//1139
f 1207//1140 1206//1140 1208//1140
f 1207//1141 1208//1141 1209//1141
f 1209//1142 1208//1142 1210//1142
f 1209//1143 1210//1143 1211//1143
f 1211//1144 1210//1144 1212//1144
f 1211//1145 1212//1145 1213//1145
f 1213//1146 1212//1146 1214//1146
f 1213//1147 1214//1147 1215//1147
f 1215//1148 1214//1148 1216//1148
f 1215//1149 1216//1149 1217//1149
f 1217//1150 1216//1150 1218//1150
f 1217//1151 1218//1151 1219//1151
f 1219//1152 1218//1152 1220//1152
f 1219//1153 1220//1153 1221//1153
f 1221//1154 1220//1154 1222//1154
f 1221//1155 1222//1155 1223//1155
f 1223//1156 1222//1156 1224//1156
f 1223//1157 1224//1157 1225//1157
f 1225//1158 1224//1158 1226//1158
f 1225//1159 1226//1159 1203//1159
f 1203//1160 1226//1160 1204//1160
f 1227//1161 1228//1161 1229//1161
f 1227//1162 1229//1162 1230//1162
f 1230//1163 1229//1163 1231//1163
f 1230//1164 1231//1164 1232//1164
f 1232//1165 1231//1165 1233//1165
f 1232//1166 1233//1166 1234//1166
f 1234//1167 1233//1167 1235//1167
f 1234//1168 1235//1168 1236//1168
f 1236//1169 1235//1169 1237//1169
f 1236//1170 1237//1170 1238//1170
f 1238//1171 1237//1171 1239//1171
f 1238//1172 1239//1172 1240//1172
f 1240//1173 1239//1173 1241//1173
f 1240//1174 1241//1174 1242//1174
f 1242//1175 1241//1175 1243//1175
f 1242//1176 1243//1176 1244//1176
f 1244//1177 1243//1177 1245//1177
f 1244//1178 1245//1178 1246//1178
f 1246//1179 1245//1179 1247//1179
f 1246//1180 1247//1180 1248//1180
f 1249//1181 1250//1181 1251//1181
f 1251//1182 1250//1182 1252//1182
f 1251//1183 1252//1183 1253//1183
f 1253//1184 1252//1184 1254//1184
f 1253//1185 1254//1185 1255//1185
f 1255//1186 1254//1186 1256//1186
f 1255//1187 1256//1187 1257//1187
f 1257//1188 1256//1188 1258//1188
f 1257//1189 1258//1189 1259//1189
f 1259//1190 1258//1190 1260//1190
f 1259//1191 1260//1191 1261//1191
f 1261//1192 1260//1192 1262//1192
f 1261//1193 1262//1193 1263//1193
f 1263//1194 1262//1194 1264//1194
f 1263//1195 1264//1195 1265//1195
f 1265//1196 1264//1196 1266//1196
f 1265//1197 1266//1197 1267//1197
f 1267//1198 1266//1198 1268//1198
f 1267//1199 1268//1199 1269//1199
f 1269//1200 1268//1200 1270//1200
f 1269//1201 1270//1201 1271//1201
f 1271//1202 1270//1202 1272//1202
f 1271//1203 1272//1203 1273//1203
f 1273//1204 1272//1204 1274//1204
f 1273//1205 1274//1205 1275//1205
f 1275//1206 1274//1206 1276//1206
f 1275//1207 1276//1207 1277//1207
f 1277//1208 1276//1208 1278//1208
f 1277//1209 1278//1209 1279//1209
f 1279//1210 1278//1210 1280//1210
f 1279//1211 1280//1211 1249//1211
f 1249//1212 1280//1212 1250//1212
f 1248//1213 1247//1213 1281//1213
f 1282//1213 1283//1213 1284//1213
f 1284//1213 1283//1213 1285//1213
f 1284//1213 1285//1213 1281//1213
f 1281//1213 1285//1213 1286//1213
f 1281//1213 1286//1213 1248//1213
f 1287//1214 1286//1214 1288//1214
f 1288//1214 1286//1214 1285//1214
f 1289//577 1290//577 1291//577
f 1291//577 1290//577 1292//577
f 1291//577 1292//577 1293//577
f 1294//577 1295//577 1296//577
f 1296//577 1295//577 1297//577
f 1296//577 1297//577 1298//577
f 1299//577 1300//577 1301//577
f 1301//577 1300//577 1302//577
f 1301//577 1302//577 1303//577
f 1303//577 1302//577 1304//577
f 1305//577 1306//577 1292//577
f 1292//577 1306//577 1307//577
f 1292//577 1307//577 1293//577
f 1289//577 1308//577 1290//577
f 1290//577 1308//577 1309//577
f 1290//577 1309//577 1310//577
f 1311//577 1290//577 1312//577
f 1304//577 1305//577 1303//577
f 1303//577 1305//577 1292//577
f 1303//577 1292//577 1313//577
f 1313//577 1292//577 1314//577
f 1313//577 1314//577 1315//577
f 1315//577 1314//577 1316//577
f 1315//577 1316//577 1317//577
f 1317//577 1316//577 1318//577
f 1317//577 1318//577 1297//577
f 1297//577 1318//577 1319//577
f 1297//577 1319//577 1298//577
f 1312//577 1290//577 1320//577
f 1320//577 1290//577 1310//577
f 1320//577 1310//577 1299//577
f 1299//577 1310//577 1321//577
f 1299//577 1321//577 1300//577
f 1312//577 1322//577 1311//577
f 1311//577 1322//577 1323//577
f 1311//577 1323//577 1324//577
f 1324//577 1323//577 1325//577
f 1294//577 1326//577 1295//577
f 1295//577 1326//577 1327//577
f 1295//577 1327//577 1325//577
f 1325//577 1327//577 1328//577
f 1325//577 1328//577 1324//577
f 1329//1215 1330//1215 1331//1215
f 1228//1215 1227//1215 1332//1215
f 1332//1215 1227//1215 1292//1215
f 1332//1215 1292//1215 1331//1215
f 1331//1215 1292//1215 1290//1215
f 1331//1215 1290//1215 1329//1215
f 1330//1161 1329//1161 1333//1161
f 1330//1162 1333//1162 1334//1162
f 1334//1163 1333//1163 1335//1163
f 1334//1164 1335//1164 1336//1164
f 1336//1165 1335//1165 1337//1165
f 1336//1166 1337//1166 1338//1166
f 1338//1167 1337//1167 1339//1167
f 1338//1168 1339//1168 1340//1168
f 1340//1169 1339//1169 1341//1169
f 1340//1170 1341//1170 1342//1170
f 1342//1171 1341//1171 1343//1171
f 1342//1172 1343//1172 1344//1172
f 1344//1173 1343//1173 1345//1173
f 1344//1174 1345//1174 1346//1174
f 1346//1175 1345//1175 1347//1175
f 1346//1176 1347//1176 1348//1176
f 1348//1177 1347//1177 1349//1177
f 1348//1178 1349//1178 1350//1178
f 1350//1179 1349//1179 1283//1179
f 1350//1180 1283//1180 1282//1180
f 1351//1181 1352//1181 1353//1181
f 1353//1182 1352//1182 1354//1182
f 1353//1183 1354//1183 1355//1183
f 1355//1184 1354//1184 1356//1184
f 1355//1185 1356//1185 1357//1185
f 1357//1186 1356//1186 1358//1186
f 1357//1187 1358//1187 1359//1187
f 1359//1188 1358//1188 1360//1188
f 1359//1189 1360//1189 1361//1189
f 1361//1190 1360//1190 1362//1190
f 1361//1191 1362//1191 1363//1191
f 1363//1192 1362//1192 1364//1192
f 1363//1193 1364//1193 1365//1193
f 1365//1194 1364//1194 1366//1194
f 1365//1195 1366//1195 1367//1195
f 1367//1196 1366//1196 1368//1196
f 1367//1197 1368//1197 1369//1197
f 1369//1198 1368//1198 1370//1198
f 1369//1199 1370//1199 1371//1199
f 1371//1200 1370//1200 1372//1200
f 1371//1201 1372//1201 1373//1201
f 1373//1202 1372//1202 1374//1202
f 1373//1203 1374//1203 1375//1203
f 1375//1204 1374//1204 1376//1204
f 1375//1205 1376//1205 1377//1205
f 1377//1206 1376//1206 1378//1206
f 1377//1207 1378//1207 1379//1207
f 1379//1208 1378//1208 1380//1208
f 1379//1209 1380//1209 1381//1209
f 1381//1210 1380//1210 1382//1210
f 1381//1211 1382//1211 1351//1211
f 1351//1212 1382//1212 1352//1212
f 1383//1216 1384//1216 1267//1216
f 1385//1216 1257//1216 1386//1216
f 1386//1216 1257//1216 1259//1216
f 1385//1216 1387//1216 1257//1216
f 1257//1216 1387//1216 1388//1216
f 1257//1216 1388//1216 1389//1216
f 1286//1216 1390//1216 1391//1216
f 1388//1216 1392//1216 1389//1216
f 1389//1216 1392//1216 1393//1216
f 1389//1216 1393//1216 1287//1216
f 1287//1216 1393//1216 1394//1216
f 1287//1216 1394//1216 1286//1216
f 1286//1216 1394//1216 1395//1216
f 1286//1216 1395//1216 1390//1216
f 1259//1216 1261//1216 1386//1216
f 1386//1216 1261//1216 1263//1216
f 1386//1216 1263//1216 1384//1216
f 1384//1216 1263//1216 1265//1216
f 1384//1216 1265//1216 1267//1216
f 1396//1216 1314//1216 1389//1216
f 1389//1216 1314//1216 1292//1216
f 1389//1216 1292//1216 1257//1216
f 1257//1216 1292//1216 1227//1216
f 1257//1216 1227//1216 1255//1216
f 1255//1216 1227//1216 1230//1216
f 1255//1216 1230//1216 1253//1216
f 1253//1216 1230//1216 1232//1216
f 1253//1216 1232//1216 1251//1216
f 1251//1216 1232//1216 1234//1216
f 1251//1216 1234//1216 1249//1216
f 1249//1216 1234//1216 1236//1216
f 1249//1216 1236//1216 1279//1216
f 1236//1216 1238//1216 1279//1216
f 1279//1216 1238//1216 1240//1216
f 1279//1216 1240//1216 1277//1216
f 1277//1216 1240//1216 1242//1216
f 1277//1216 1242//1216 1275//1216
f 1275//1216 1242//1216 1244//1216
f 1275//1216 1244//1216 1273//1216
f 1273//1216 1244//1216 1246//1216
f 1273//1216 1246//1216 1271//1216
f 1271//1216 1246//1216 1248//1216
f 1271//1216 1248//1216 1269//1216
f 1269//1216 1248//1216 1286//1216
f 1269//1216 1286//1216 1267//1216
f 1267//1216 1286//1216 1391//1216
f 1267//1216 1391//1216 1383//1216
f 1356//1217 1354//1217 1337//1217
f 1311//1217 1397//1217 1290//1217
f 1290//1217 1397//1217 1398//1217
f 1290//1217 1399//1217 1400//1217
f 1398//1217 1401//1217 1402//1217
f 1290//1217 1400//1217 1329//1217
f 1398//1217 1288//1217 1401//1217
f 1401//1217 1288//1217 1285//1217
f 1401//1217 1285//1217 1403//1217
f 1403//1217 1285//1217 1283//1217
f 1403//1217 1283//1217 1404//1217
f 1404//1217 1283//1217 1405//1217
f 1402//1217 1406//1217 1398//1217
f 1398//1217 1406//1217 1407//1217
f 1398//1217 1407//1217 1290//1217
f 1290//1217 1407//1217 1408//1217
f 1290//1217 1408//1217 1399//1217
f 1364//1217 1362//1217 1409//1217
f 1409//1217 1362//1217 1329//1217
f 1409//1217 1329//1217 1410//1217
f 1410//1217 1329//1217 1400//1217
f 1337//1217 1354//1217 1339//1217
f 1339//1217 1354//1217 1352//1217
f 1339//1217 1352//1217 1341//1217
f 1341//1217 1352//1217 1382//1217
f 1341//1217 1382//1217 1343//1217
f 1343//1217 1382//1217 1380//1217
f 1343//1217 1380//1217 1345//1217
f 1345//1217 1380//1217 1347//1217
f 1347//1217 1380//1217 1378//1217
f 1347//1217 1378//1217 1349//1217
f 1349//1217 1378//1217 1376//1217
f 1349//1217 1376//1217 1283//1217
f 1405//1217 1368//1217 1409//1217
f 1409//1217 1368//1217 1366//1217
f 1409//1217 1366//1217 1364//1217
f 1362//1217 1360//1217 1329//1217
f 1329//1217 1360//1217 1358//1217
f 1329//1217 1358//1217 1333//1217
f 1333//1217 1358//1217 1356//1217
f 1333//1217 1356//1217 1335//1217
f 1335//1217 1356//1217 1337//1217
f 1376//1217 1374//1217 1283//1217
f 1283//1217 1374//1217 1372//1217
f 1283//1217 1372//1217 1405//1217
f 1405//1217 1372//1217 1370//1217
f 1405//1217 1370//1217 1368//1217
f 1406//1218 1394//1218 1407//1218
f 1407//1219 1394//1219 1393//1219
f 1407//1220 1393//1220 1408//1220
f 1408//1221 1393//1221 1392//1221
f 1408//1222 1392//1222 1399//1222
f 1399//1223 1392//1223 1388//1223
f 1399//1224 1388//1224 1400//1224
f 1400//1225 1388//1225 1387//1225
f 1400//1226 1387//1226 1410//1226
f 1410//1227 1387//1227 1385//1227
f 1410//1228 1385//1228 1409//1228
f 1409//1229 1385//1229 1386//1229
f 1409//1230 1386//1230 1405//1230
f 1405//1231 1386//1231 1384//1231
f 1405//1232 1384//1232 1404//1232
f 1404//1233 1384//1233 1383//1233
f 1404//1234 1383//1234 1403//1234
f 1403//1235 1383//1235 1391//1235
f 1403//1236 1391//1236 1401//1236
f 1401//1237 1391//1237 1390//1237
f 1401//1238 1390//1238 1402//1238
f 1402//1239 1390//1239 1395//1239
f 1402//1240 1395//1240 1406//1240
f 1406//1241 1395//1241 1394//1241
f 1331//1242 1284//1242 1332//1242
f 1332//1242 1284//1242 1281//1242
f 1278//1217 1241//1217 1239//1217
f 1228//1217 1256//1217 1229//1217
f 1229//1217 1256//1217 1254//1217
f 1278//1217 1239//1217 1280//1217
f 1280//1217 1239//1217 1237//1217
f 1280//1217 1237//1217 1250//1217
f 1250//1217 1237//1217 1235//1217
f 1250//1217 1235//1217 1252//1217
f 1252//1217 1235//1217 1233//1217
f 1252//1217 1233//1217 1254//1217
f 1254//1217 1233//1217 1231//1217
f 1254//1217 1231//1217 1229//1217
f 1264//1217 1332//1217 1266//1217
f 1266//1217 1332//1217 1281//1217
f 1266//1217 1281//1217 1268//1217
f 1264//1217 1262//1217 1332//1217
f 1332//1217 1262//1217 1260//1217
f 1332//1217 1260//1217 1228//1217
f 1228//1217 1260//1217 1258//1217
f 1228//1217 1258//1217 1256//1217
f 1241//1217 1278//1217 1243//1217
f 1243//1217 1278//1217 1276//1217
f 1243//1217 1276//1217 1245//1217
f 1245//1217 1276//1217 1274//1217
f 1245//1217 1274//1217 1247//1217
f 1247//1217 1274//1217 1272//1217
f 1247//1217 1272//1217 1281//1217
f 1281//1217 1272//1217 1270//1217
f 1281//1217 1270//1217 1268//1217
f 1367//1216 1369//1216 1284//1216
f 1284//1216 1369//1216 1371//1216
f 1284//1216 1371//1216 1282//1216
f 1282//1216 1371//1216 1373//1216
f 1282//1216 1373//1216 1350//1216
f 1350//1216 1373//1216 1375//1216
f 1350//1216 1375//1216 1348//1216
f 1348//1216 1375//1216 1377//1216
f 1348//1216 1377//1216 1346//1216
f 1346//1216 1377//1216 1379//1216
f 1346//1216 1379//1216 1344//1216
f 1344//1216 1379//1216 1381//1216
f 1344//1216 1381//1216 1342//1216
f 1367//1216 1284//1216 1365//1216
f 1365//1216 1284//1216 1331//1216
f 1365//1216 1331//1216 1363//1216
f 1342//1216 1381//1216 1340//1216
f 1340//1216 1381//1216 1351//1216
f 1340//1216 1351//1216 1338//1216
f 1338//1216 1351//1216 1353//1216
f 1338//1216 1353//1216 1336//1216
f 1336//1216 1353//1216 1355//1216
f 1336//1216 1355//1216 1334//1216
f 1334//1216 1355//1216 1357//1216
f 1334//1216 1357//1216 1330//1216
f 1330//1216 1357//1216 1359//1216
f 1330//1216 1359//1216 1331//1216
f 1331//1216 1359//1216 1361//1216
f 1331//1216 1361//1216 1363//1216
f 1294//1243 1296//1243 1411//1243
f 1411//1243 1296//1243 1412//1243
f 1190//1244 1188//1244 1389//1244
f 1413//1244 1414//1244 1226//1244
f 1226//1244 1414//1244 1411//1244
f 1226//1244 1411//1244 1204//1244
f 1398//1244 1194//1244 1389//1244
f 1389//1244 1194//1244 1192//1244
f 1389//1244 1192//1244 1190//1244
f 1202//1244 1200//1244 1397//1244
f 1397//1244 1200//1244 1198//1244
f 1397//1244 1198//1244 1398//1244
f 1398//1244 1198//1244 1196//1244
f 1398//1244 1196//1244 1194//1244
f 1180//1244 1222//1244 1220//1244
f 1180//1244 1202//1244 1222//1244
f 1222//1244 1202//1244 1397//1244
f 1222//1244 1397//1244 1224//1244
f 1224//1244 1397//1244 1415//1244
f 1224//1244 1415//1244 1226//1244
f 1226//1244 1415//1244 1416//1244
f 1226//1244 1416//1244 1413//1244
f 1389//1244 1214//1244 1212//1244
f 1417//1244 1206//1244 1418//1244
f 1418//1244 1206//1244 1204//1244
f 1418//1244 1204//1244 1412//1244
f 1412//1244 1204//1244 1411//1244
f 1389//1244 1212//1244 1396//1244
f 1212//1244 1210//1244 1396//1244
f 1396//1244 1210//1244 1208//1244
f 1396//1244 1208//1244 1419//1244
f 1419//1244 1208//1244 1206//1244
f 1419//1244 1206//1244 1420//1244
f 1420//1244 1206//1244 1417//1244
f 1220//1244 1218//1244 1180//1244
f 1180//1244 1218//1244 1216//1244
f 1180//1244 1216//1244 1182//1244
f 1182//1244 1216//1244 1214//1244
f 1182//1244 1214//1244 1184//1244
f 1184//1244 1214//1244 1389//1244
f 1184//1244 1389//1244 1186//1244
f 1186//1244 1389//1244 1188//1244
f 1389//1243 1287//1243 1398//1243
f 1398//1243 1287//1243 1288//1243
f 1203//577 1421//577 1225//577
f 1225//577 1421//577 1422//577
f 1225//577 1422//577 1223//577
f 1223//577 1422//577 1423//577
f 1223//577 1423//577 1221//577
f 1221//577 1423//577 1424//577
f 1221//577 1424//577 1219//577
f 1219//577 1424//577 1425//577
f 1219//577 1425//577 1217//577
f 1217//577 1425//577 1426//577
f 1217//577 1426//577 1215//577
f 1215//577 1426//577 1427//577
f 1215//577 1427//577 1213//577
f 1213//577 1427//577 1428//577
f 1213//577 1428//577 1211//577
f 1211//577 1428//577 1429//577
f 1211//577 1429//577 1209//577
f 1209//577 1429//577 1430//577
f 1209//577 1430//577 1207//577
f 1207//577 1430//577 1431//577
f 1207//577 1431//577 1205//577
f 1205//577 1431//577 1432//577
f 1205//577 1432//577 1203//577
f 1203//577 1432//577 1433//577
f 1203//577 1433//577 1421//577
f 1427//1245 1299//1245 1428//1245
f 1428//1246 1299//1246 1301//1246
f 1428//1247 1301//1247 1429//1247
f 1429//1248 1301//1248 1303//1248
f 1429//1249 1303//1249 1430//1249
f 1430//1250 1303//1250 1313//1250
f 1430//1251 1313//1251 1431//1251
f 1431//1252 1313//1252 1315//1252
f 1431//1253 1315//1253 1432//1253
f 1432//1254 1315//1254 1317//1254
f 1432//1255 1317//1255 1433//1255
f 1433//1256 1317//1256 1297//1256
f 1433//1257 1297//1257 1421//1257
f 1421//1258 1297//1258 1295//1258
f 1421//1259 1295//1259 1422//1259
f 1422//1260 1295//1260 1325//1260
f 1422//1261 1325//1261 1423//1261
f 1423//1262 1325//1262 1323//1262
f 1423//1263 1323//1263 1424//1263
f 1424//1264 1323//1264 1322//1264
f 1424//1265 1322//1265 1425//1265
f 1425//1266 1322//1266 1312//1266
f 1425//1267 1312//1267 1426//1267
f 1426//1268 1312//1268 1320//1268
f 1426//1269 1320//1269 1427//1269
f 1427//1270 1320//1270 1299//1270
f 1179//577 1434//577 1201//577
f 1201//577 1434//577 1435//577
f 1201//577 1435//577 1199//577
f 1199//577 1435//577 1436//577
f 1199//577 1436//577 1197//577
f 1197//577 1436//577 1437//577
f 1197//577 1437//577 1195//577
f 1195//577 1437//577 1438//577
f 1195//577 1438//577 1193//577
f 1193//577 1438//577 1439//577
f 1193//577 1439//577 1191//577
f 1191//577 1439//577 1440//577
f 1191//577 1440//577 1189//577
f 1189//577 1440//577 1441//577
f 1189//577 1441//577 1187//577
f 1187//577 1441//577 1442//577
f 1187//577 1442//577 1185//577
f 1185//577 1442//577 1443//577
f 1185//577 1443//577 1183//577
f 1183//577 1443//577 1444//577
f 1183//577 1444//577 1181//577
f 1181//577 1444//577 1445//577
f 1181//577 1445//577 1179//577
f 1179//577 1445//577 1446//577
f 1179//577 1446//577 1434//577
f 1440//1245 1291//1245 1441//1245
f 1441//1246 1291//1246 1293//1246
f 1441//1247 1293//1247 1442//1247
f 1442//1248 1293//1248 1307//1248
f 1442//1249 1307//1249 1443//1249
f 1443//1250 1307//1250 1306//1250
f 1443//1251 1306//1251 1444//1251
f 1444//1252 1306//1252 1305//1252
f 1444//1253 1305//1253 1445//1253
f 1445//1254 1305//1254 1304//1254
f 1445//1255 1304//1255 1446//1255
f 1446//1256 1304//1256 1302//1256
f 1446//1257 1302//1257 1434//1257
f 1434//1258 1302//1258 1300//1258
f 1434//1259 1300//1259 1435//1259
f 1435//1260 1300//1260 1321//1260
f 1435//1261 1321//1261 1436//1261
f 1436//1262 1321//1262 1310//1262
f 1436//1263 1310//1263 1437//1263
f 1437//1264 1310//1264 1309//1264
f 1437//1265 1309//1265 1438//1265
f 1438//1266 1309//1266 1308//1266
f 1438//1267 1308//1267 1439//1267
f 1439//1268 1308//1268 1289//1268
f 1439//1269 1289//1269 1440//1269
f 1440//1270 1289//1270 1291//1270
f 1397//1271 1311//1271 1324//1271
f 1397//1272 1324//1272 1415//1272
f 1415//1273 1324//1273 1328//1273
f 1415//1274 1328//1274 1416//1274
f 1416//1275 1328//1275 1327//1275
f 1416//1276 1327//1276 1413//1276
f 1413//1277 1327//1277 1326//1277
f 1413//1278 1326//1278 1414//1278
f 1414//1279 1326//1279 1294//1279
f 1414//1280 1294//1280 1411//1280
f 1314//1281 1396//1281 1419//1281
f 1314//1282 1419//1282 1316//1282
f 1316//1283 1419//1283 1420//1283
f 1316//1284 1420//1284 1318//1284
f 1318//1285 1420//1285 1417//1285
f 1318//1286 1417//1286 1319//1286
f 1319//1287 1417//1287 1418//1287
f 1319//1288 1418//1288 1298//1288
f 1298//1289 1418//1289 1412//1289
f 1298//1290 1412//1290 1296//1290
f 1447//1291 1448//1291 1449//1291
f 1449//1291 1448//1291 1450//1291
f 1451//1292 1452//1292 1453//1292
f 1453//1292 1452//1292 1454//1292
f 1454//1293 1448//1293 1453//1293
f 1453//1293 1448//1293 1447//1293
f 1455//1293 1456//1293 1457//1293
f 1457//1293 1456//1293 1458//1293
f 1457//1293 1458//1293 1459//1293
f 1460//1293 1448//1293 1458//1293
f 1458//1293 1448//1293 1454//1293
f 1458//1293 1454//1293 1459//1293
f 1447//1293 1461//1293 1462//1293
f 1462//1293 1461//1293 1463//1293
f 1462//1293 1463//1293 1464//1293
f 1464//1293 1463//1293 1465//1293
f 1460//1293 1466//1293 1448//1293
f 1448//1293 1466//1293 1467//1293
f 1448//1293 1467//1293 1468//1293
f 1468//1293 1467//1293 1469//1293
f 1447//1293 1462//1293 1453//1293
f 1453//1293 1462//1293 1470//1293
f 1453//1293 1470//1293 1471//1293
f 1471//1293 1472//1293 1453//1293
f 1453//1293 1472//1293 1473//1293
f 1453//1293 1473//1293 1474//1293
f 1450//1294 1452//1294 1449//1294
f 1449//1294 1452//1294 1451//1294
f 1475//1294 1476//1294 1477//1294
f 1477//1294 1476//1294 1450//1294
f 1478//1294 1479//1294 1480//1294
f 1480//1294 1479//1294 1481//1294
f 1476//1294 1482//1294 1450//1294
f 1450//1294 1482//1294 1483//1294
f 1450//1294 1483//1294 1452//1294
f 1452//1294 1483//1294 1481//1294
f 1452//1294 1481//1294 1484//1294
f 1484//1294 1481//1294 1479//1294
f 1485//1294 1486//1294 1487//1294
f 1487//1294 1486//1294 1488//1294
f 1487//1294 1488//1294 1489//1294
f 1490//1294 1491//1294 1492//1294
f 1492//1294 1491//1294 1493//1294
f 1491//1294 1494//1294 1493//1294
f 1493//1294 1494//1294 1449//1294
f 1493//1294 1449//1294 1489//1294
f 1489//1294 1449//1294 1451//1294
f 1489//1294 1451//1294 1487//1294
f 1481//1295 1483//1295 1458//1295
f 1458//1295 1483//1295 1460//1295
f 1454//1296 1452//1296 1484//1296
f 1454//1297 1484//1297 1459//1297
f 1459//1298 1484//1298 1479//1298
f 1459//1299 1479//1299 1457//1299
f 1457//1300 1479//1300 1478//1300
f 1457//1301 1478//1301 1455//1301
f 1455//1302 1478//1302 1480//1302
f 1455//1303 1480//1303 1456//1303
f 1456//1304 1480//1304 1481//1304
f 1456//1305 1481//1305 1458//1305
f 1460//1306 1483//1306 1482//1306
f 1460//1307 1482//1307 1466//1307
f 1466//1308 1482//1308 1476//1308
f 1466//1309 1476//1309 1467//1309
f 1467//1310 1476//1310 1475//1310
f 1467//1311 1475//1311 1469//1311
f 1469//1312 1475//1312 1477//1312
f 1469//1313 1477//1313 1468//1313
f 1468//1314 1477//1314 1450//1314
f 1468//1315 1450//1315 1448//1315
f 1470//1316 1462//1316 1489//1316
f 1489//1316 1462//1316 1493//1316
f 1451//1317 1453//1317 1474//1317
f 1451//1318 1474//1318 1487//1318
f 1487//1319 1474//1319 1473//1319
f 1487//1320 1473//1320 1485//1320
f 1485//1321 1473//1321 1472//1321
f 1485//1322 1472//1322 1486//1322
f 1486//1323 1472//1323 1471//1323
f 1486//1324 1471//1324 1488//1324
f 1488//1325 1471//1325 1470//1325
f 1488//1326 1470//1326 1489//1326
f 1493//1327 1462//1327 1464//1327
f 1493//1328 1464//1328 1492//1328
f 1492//1329 1464//1329 1465//1329
f 1492//1330 1465//1330 1490//1330
f 1490//1331 1465//1331 1463//1331
f 1490//1332 1463//1332 1491//1332
f 1491//1333 1463//1333 1461//1333
f 1491//1334 1461//1334 1494//1334
f 1494//1335 1461//1335 1447//1335
f 1494//1336 1447//1336 1449//1336
f 1495//1337 1496//1337 1497//1337
f 1497//1337 1496//1337 1498//1337
f 1497//1337 1498//1337 1499//1337
f 1499//1337 1498//1337 1500//1337
f 1499//1337 1500//1337 1501//1337
f 1501//1337 1500//1337 1502//1337
f 1501//1337 1502//1337 1503//1337
f 1503//1337 1502//1337 1504//1337
f 1503//1337 1504//1337 1505//1337
f 1505//1337 1504//1337 1506//1337
f 1505//1337 1506//1337 1507//1337
f 1507//1337 1506//1337 1508//1337
f 1507//1337 1508//1337 1509//1337
f 1509//1337 1508//1337 1510//1337
f 1509//1337 1510//1337 1511//1337
f 1512//1337 1513//1337 1514//1337
f 1514//1337 1513//1337 1515//1337
f 1514//1337 1515//1337 1516//1337
f 1516//1337 1515//1337 1517//1337
f 1516//1337 1517//1337 1518//1337
f 1518//1337 1517//1337 1519//1337
f 1518//1337 1519//1337 1520//1337
f 1520//1337 1519//1337 1521//1337
f 1520//1337 1521//1337 1522//1337
f 1522//1337 1521//1337 1523//1337
f 1522//1337 1523//1337 1524//1337
f 1524//1337 1523//1337 1525//1337
f 1524//1337 1525//1337 1526//1337
f 1526//1337 1525//1337 1527//1337
f 1526//1337 1527//1337 1495//1337
f 1495//1337 1527//1337 1528//1337
f 1495//1337 1528//1337 1496//1337
f 1510//1337 1529//1337 1511//1337
f 1511//1337 1529//1337 1530//1337
f 1511//1337 1530//1337 1531//1337
f 1531//1337 1530//1337 1532//1337
f 1531//1337 1532//1337 1533//1337
f 1533//1337 1532//1337 1534//1337
f 1533//1337 1534//1337 1535//1337
f 1535//1337 1534//1337 1536//1337
f 1535//1337 1536//1337 1537//1337
f 1537//1337 1536//1337 1538//1337
f 1537//1337 1538//1337 1539//1337
f 1539//1337 1538//1337 1540//1337
f 1539//1337 1540//1337 1541//1337
f 1541//1337 1540//1337 1542//1337
f 1541//1337 1542//1337 1543//1337
f 1543//1337 1542//1337 1544//1337
f 1543//1337 1544//1337 1545//1337
f 1545//1337 1544//1337 1546//1337
f 1545//1337 1546//1337 1512//1337
f 1512//1337 1546//1337 1547//1337
f 1512//1337 1547//1337 1513//1337
f 1530//1338 1548//1338 1532//1338
f 1532//1339 1548//1339 1549//1339
f 1532//1340 1549//1340 1534//1340
f 1534//1341 1549//1341 1550//1341
f 1534//1342 1550//1342 1536//1342
f 1536//1343 1550//1343 1551//1343
f 1536//1344 1551//1344 1538//1344
f 1538//1345 1551//1345 1552//1345
f 1538//1346 1552//1346 1540//1346
f 1540//1347 1552//1347 1553//1347
f 1540//1348 1553//1348 1542//1348
f 1542//1349 1553//1349 1554//1349
f 1542//1350 1554//1350 1544//1350
f 1544//1351 1554//1351 1555//1351
f 1544//1352 1555//1352 1546//1352
f 1546//1353 1555//1353 1556//1353
f 1546//1354 1556//1354 1547//1354
f 1547//1355 1556//1355 1557//1355
f 1547//1356 1557//1356 1513//1356
f 1513//1357 1557//1357 1558//1357
f 1513//1358 1558//1358 1515//1358
f 1515//1359 1558//1359 1559//1359
f 1515//1360 1559//1360 1517//1360
f 1517//1361 1559//1361 1560//1361
f 1517//1362 1560//1362 1519//1362
f 1519//1363 1560//1363 1561//1363
f 1519//1364 1561//1364 1521//1364
f 1521//1365 1561//1365 1562//1365
f 1521//1366 1562//1366 1523//1366
f 1523//1367 1562//1367 1563//1367
f 1523//1368 1563//1368 1525//1368
f 1525//1369 1563//1369 1564//1369
f 1525//1370 1564//1370 1527//1370
f 1527//1371 1564//1371 1565//1371
f 1527//1372 1565//1372 1528//1372
f 1528//1373 1565//1373 1566//1373
f 1528//1374 1566//1374 1496//1374
f 1496//1375 1566//1375 1567//1375
f 1496//1376 1567//1376 1498//1376
f 1498//1377 1567//1377 1568//1377
f 1498//1378 1568//1378 1500//1378
f 1500//1379 1568//1379 1569//1379
f 1500//1380 1569//1380 1502//1380
f 1502//1381 1569//1381 1570//1381
f 1502//1382 1570//1382 1504//1382
f 1504//1383 1570//1383 1571//1383
f 1504//1384 1571//1384 1506//1384
f 1506//1385 1571//1385 1572//1385
f 1506//1386 1572//1386 1508//1386
f 1508//1387 1572//1387 1573//1387
f 1508//1388 1573//1388 1510//1388
f 1510//1389 1573//1389 1574//1389
f 1510//1390 1574//1390 1529//1390
f 1529//1391 1574//1391 1575//1391
f 1529//1392 1575//1392 1530//1392
f 1530//1393 1575//1393 1548//1393
f 1520//1394 1576//1394 1518//1394
f 1518//1395 1576//1395 1577//1395
f 1518//1396 1577//1396 1516//1396
f 1516//1397 1577//1397 1578//1397
f 1516//1398 1578//1398 1514//1398
f 1514//1399 1578//1399 1579//1399
f 1514//1400 1579//1400 1512//1400
f 1512//1401 1579//1401 1580//1401
f 1512//1402 1580//1402 1545//1402
f 1545//1403 1580//1403 1581//1403
f 1545//1404 1581//1404 1543//1404
f 1543//1405 1581//1405 1582//1405
f 1543//1406 1582//1406 1541//1406
f 1541//1407 1582//1407 1583//1407
f 1541//1408 1583//1408 1539//1408
f 1539//1409 1583//1409 1584//1409
f 1539//1410 1584//1410 1537//1410
f 1537//1411 1584//1411 1585//1411
f 1537//1412 1585//1412 1535//1412
f 1535//1413 1585//1413 1586//1413
f 1535//1414 1586//1414 1533//1414
f 1533//1415 1586//1415 1587//1415
f 1533//1416 1587//1416 1531//1416
f 1531//1417 1587//1417 1588//1417
f 1531//1418 1588//1418 1511//1418
f 1511//1419 1588//1419 1589//1419
f 1511//1420 1589//1420 1509//1420
f 1509//1421 1589//1421 1590//1421
f 1509//1422 1590//1422 1507//1422
f 1507//1423 1590//1423 1591//1423
f 1507//1424 1591//1424 1505//1424
f 1505//1425 1591//1425 1592//1425
f 1505//1426 1592//1426 1503//1426
f 1503//1427 1592//1427 1593//1427
f 1503//1428 1593//1428 1501//1428
f 1501//1429 1593//1429 1594//1429
f 1501//1430 1594//1430 1499//1430
f 1499//1431 1594//1431 1595//1431
f 1499//1432 1595//1432 1497//1432
f 1497//1433 1595//1433 1596//1433
f 1497//1434 1596//1434 1495//1434
f 1495//1435 1596//1435 1597//1435
f 1495//1436 1597//1436 1526//1436
f 1526//1437 1597//1437 1598//1437
f 1526//1438 1598//1438 1524//1438
f 1524//1439 1598//1439 1599//1439
f 1524//1440 1599//1440 1522//1440
f 1522//1441 1599//1441 1600//1441
f 1522//1442 1600//1442 1520//1442
f 1520//1443 1600//1443 1576//1443
f 1572//1337 1601//1337 1573//1337
f 1573//1337 1601//1337 1602//1337
f 1573//1337 1602//1337 1574//1337
f 1574//1337 1602//1337 1603//1337
f 1574//1337 1603//1337 1575//1337
f 1575//1337 1603//1337 1604//1337
f 1575//1337 1604//1337 1548//1337
f 1548//1337 1604//1337 1605//1337
f 1548//1337 1605//1337 1549//1337
f 1566//1337 1606//1337 1567//1337
f 1567//1337 1606//1337 1607//1337
f 1567//1337 1607//1337 1568//1337
f 1568//1337 1607//1337 1608//1337
f 1568//1337 1608//1337 1569//1337
f 1569//1337 1608//1337 1609//1337
f 1569//1337 1609//1337 1570//1337
f 1570//1337 1609//1337 1610//1337
f 1570//1337 1610//1337 1571//1337
f 1571//1337 1610//1337 1611//1337
f 1571//1337 1611//1337 1572//1337
f 1572//1337 1611//1337 1612//1337
f 1572//1337 1612//1337 1601//1337
f 1605//1337 1613//1337 1549//1337
f 1549//1337 1613//1337 1614//1337
f 1549//1337 1614//1337 1550//1337
f 1550//1337 1614//1337 1615//1337
f 1550//1337 1615//1337 1551//1337
f 1551//1337 1615//1337 1616//1337
f 1551//1337 1616//1337 1552//1337
f 1552//1337 1616//1337 1617//1337
f 1552//1337 1617//1337 1553//1337
f 1553//1337 1617//1337 1618//1337
f 1553//1337 1618//1337 1554//1337
f 1554//1337 1618//1337 1619//1337
f 1554//1337 1619//1337 1555//1337
f 1560//1337 1620//1337 1561//1337
f 1561//1337 1620//1337 1621//1337
f 1561//1337 1621//1337 1562//1337
f 1562//1337 1621//1337 1622//1337
f 1562//1337 1622//1337 1563//1337
f 1563//1337 1622//1337 1623//1337
f 1563//1337 1623//1337 1564//1337
f 1564//1337 1623//1337 1624//1337
f 1564//1337 1624//1337 1565//1337
f 1565//1337 1624//1337 1625//1337
f 1565//1337 1625//1337 1566//1337
f 1566//1337 1625//1337 1626//1337
f 1566//1337 1626//1337 1606//1337
f 1619//1337 1627//1337 1555//1337
f 1555//1337 1627//1337 1628//1337
f 1555//1337 1628//1337 1556//1337
f 1556//1337 1628//1337 1629//1337
f 1556//1337 1629//1337 1557//1337
f 1557//1337 1629//1337 1630//1337
f 1557//1337 1630//1337 1558//1337
f 1558//1337 1630//1337 1631//1337
f 1558//1337 1631//1337 1559//1337
f 1559//1337 1631//1337 1632//1337
f 1559//1337 1632//1337 1560//1337
f 1560//1337 1632//1337 1633//1337
f 1560//1337 1633//1337 1620//1337
f 1589//1444 1634//1444 1590//1444
f 1590//1444 1634//1444 1635//1444
f 1590//1444 1635//1444 1591//1444
f 1591//1444 1635//1444 1636//1444
f 1591//1444 1636//1444 1592//1444
f 1592//1444 1636//1444 1637//1444
f 1592//1444 1637//1444 1593//1444
f 1593//1444 1637//1444 1638//1444
f 1593//1444 1638//1444 1594//1444
f 1594//1444 1638//1444 1639//1444
f 1594//1444 1639//1444 1595//1444
f 1595//1444 1639//1444 1640//1444
f 1595//1444 1640//1444 1596//1444
f 1596//1444 1640//1444 1641//1444
f 1596//1444 1641//1444 1597//1444
f 1580//1444 1642//1444 1581//1444
f 1581//1444 1642//1444 1643//1444
f 1581//1444 1643//1444 1582//1444
f 1582//1444 1643//1444 1644//1444
f 1582//1444 1644//1444 1583//1444
f 1583//1444 1644//1444 1645//1444
f 1583//1444 1645//1444 1584//1444
f 1584//1444 1645//1444 1646//1444
f 1584//1444 1646//1444 1585//1444
f 1585//1444 1646//1444 1647//1444
f 1585//1444 1647//1444 1586//1444
f 1586//1444 1647//1444 1648//1444
f 1586//1444 1648//1444 1587//1444
f 1587//1444 1648//1444 1649//1444
f 1587//1444 1649//1444 1588//1444
f 1588//1444 1649//1444 1650//1444
f 1588//1444 1650//1444 1589//1444
f 1589//1444 1650//1444 1651//1444
f 1589//1444 1651//1444 1634//1444
f 1641//1444 1652//1444 1597//1444
f 1597//1444 1652//1444 1653//1444
f 1597//1444 1653//1444 1598//1444
f 1598//1444 1653//1444 1654//1444
f 1598//1444 1654//1444 1599//1444
f 1599//1444 1654//1444 1655//1444
f 1599//1444 1655//1444 1600//1444
f 1600//1444 1655//1444 1656//1444
f 1600//1444 1656//1444 1576//1444
f 1576//1444 1656//1444 1657//1444
f 1576//1444 1657//1444 1577//1444
f 1577//1444 1657//1444 1658//1444
f 1577//1444 1658//1444 1578//1444
f 1578//1444 1658//1444 1659//1444
f 1578//1444 1659//1444 1579//1444
f 1579//1444 1659//1444 1660//1444
f 1579//1444 1660//1444 1580//1444
f 1580//1444 1660//1444 1661//1444
f 1580//1444 1661//1444 1642//1444
f 1604//1445 1662//1445 1605//1445
f 1605//1446 1662//1446 1663//1446
f 1605//1447 1663//1447 1613//1447
f 1613//1448 1663//1448 1664//1448
f 1613//1449 1664//1449 1614//1449
f 1614//1450 1664//1450 1665//1450
f 1614//1451 1665//1451 1615//1451
f 1615//1452 1665//1452 1666//1452
f 1615//1453 1666//1453 1616//1453
f 1616//1454 1666//1454 1667//1454
f 1616//1455 1667//1455 1617//1455
f 1617//1456 1667//1456 1668//1456
f 1617//1457 1668//1457 1618//1457
f 1618//1458 1668//1458 1669//1458
f 1618//1459 1669//1459 1619//1459
f 1619//1460 1669//1460 1670//1460
f 1619//1461 1670//1461 1627//1461
f 1627//1462 1670//1462 1671//1462
f 1627//1463 1671//1463 1628//1463
f 1628//1464 1671//1464 1672//1464
f 1628//1465 1672//1465 1629//1465
f 1629//1466 1672//1466 1673//1466
f 1629//1467 1673//1467 1630//1467
f 1630//1468 1673//1468 1674//1468
f 1630//1469 1674//1469 1631//1469
f 1631//1470 1674//1470 1675//1470
f 1631//1471 1675//1471 1632//1471
f 1632//1472 1675//1472 1676//1472
f 1632//1473 1676//1473 1633//1473
f 1633//1474 1676//1474 1677//1474
f 1633//1475 1677//1475 1620//1475
f 1620//1476 1677//1476 1678//1476
f 1620//1477 1678//1477 1621//1477
f 1621//1478 1678//1478 1679//1478
f 1621//1479 1679//1479 1622//1479
f 1622//1480 1679//1480 1680//1480
f 1622//1481 1680//1481 1623//1481
f 1623//1482 1680//1482 1681//1482
f 1623//1483 1681//1483 1624//1483
f 1624//1484 1681//1484 1682//1484
f 1624//1485 1682//1485 1625//1485
f 1625//1486 1682//1486 1683//1486
f 1625//1487 1683//1487 1626//1487
f 1626//1488 1683//1488 1684//1488
f 1626//1489 1684//1489 1606//1489
f 1606//1490 1684//1490 1685//1490
f 1606//1491 1685//1491 1607//1491
f 1607//1492 1685//1492 1686//1492
f 1607//1493 1686//1493 1608//1493
f 1608//1494 1686//1494 1687//1494
f 1608//1495 1687//1495 1609//1495
f 1609//1496 1687//1496 1688//1496
f 1609//1497 1688//1497 1610//1497
f 1610//1498 1688//1498 1689//1498
f 1610//1499 1689//1499 1611//1499
f 1611//1500 1689//1500 1690//1500
f 1611//1501 1690//1501 1612//1501
f 1612//1502 1690//1502 1691//1502
f 1612//1503 1691//1503 1601//1503
f 1601//1504 1691//1504 1692//1504
f 1601//1505 1692//1505 1602//1505
f 1602//1506 1692//1506 1693//1506
f 1602//1507 1693//1507 1603//1507
f 1603//1508 1693//1508 1694//1508
f 1603//1509 1694//1509 1604//1509
f 1604//1510 1694//1510 1662//1510
f 1657//1363 1695//1363 1658//1363
f 1658//1511 1695//1511 1696//1511
f 1658//1361 1696//1361 1659//1361
f 1659//1512 1696//1512 1697//1512
f 1659//1359 1697//1359 1660//1359
f 1660//1513 1697//1513 1698//1513
f 1660//1514 1698//1514 1661//1514
f 1661//1356 1698//1356 1699//1356
f 1661//1355 1699//1355 1642//1355
f 1642//1354 1699//1354 1700//1354
f 1642//1515 1700//1515 1643//1515
f 1643//1352 1700//1352 1701//1352
f 1643//1351 1701//1351 1644//1351
f 1644//1350 1701//1350 1702//1350
f 1644//1349 1702//1349 1645//1349
f 1645//1516 1702//1516 1703//1516
f 1645//1347 1703//1347 1646//1347
f 1646//1517 1703//1517 1704//1517
f 1646//1345 1704//1345 1647//1345
f 1647//1518 1704//1518 1705//1518
f 1647//1519 1705//1519 1648//1519
f 1648//1342 1705//1342 1706//1342
f 1648//1341 1706//1341 1649//1341
f 1649//1340 1706//1340 1707//1340
f 1649//1520 1707//1520 1650//1520
f 1650//1338 1707//1338 1708//1338
f 1650//1393 1708//1393 1651//1393
f 1651//1392 1708//1392 1709//1392
f 1651//1391 1709//1391 1634//1391
f 1634//1521 1709//1521 1710//1521
f 1634//1389 1710//1389 1635//1389
f 1635//1522 1710//1522 1711//1522
f 1635//1387 1711//1387 1636//1387
f 1636//1523 1711//1523 1712//1523
f 1636//1524 1712//1524 1637//1524
f 1637//1384 1712//1384 1713//1384
f 1637//1383 1713//1383 1638//1383
f 1638//1382 1713//1382 1714//1382
f 1638//1525 1714//1525 1639//1525
f 1639//1380 1714//1380 1715//1380
f 1639//1379 1715//1379 1640//1379
f 1640//1378 1715//1378 1716//1378
f 1640//1377 1716//1377 1641//1377
f 1641//1526 1716//1526 1717//1526
f 1641//1375 1717//1375 1652//1375
f 1652//1527 1717//1527 1718//1527
f 1652//1373 1718//1373 1653//1373
f 1653//1528 1718//1528 1719//1528
f 1653//1529 1719//1529 1654//1529
f 1654//1370 1719//1370 1720//1370
f 1654//1369 1720//1369 1655//1369
f 1655//1368 1720//1368 1721//1368
f 1655//1530 1721//1530 1656//1530
f 1656//1366 1721//1366 1722//1366
f 1656//1365 1722//1365 1657//1365
f 1657//1364 1722//1364 1695//1364
f 1691//1337 1723//1337 1692//1337
f 1692//1337 1723//1337 1724//1337
f 1692//1337 1724//1337 1693//1337
f 1693//1337 1724//1337 1725//1337
f 1693//1337 1725//1337 1694//1337
f 1694//1337 1725//1337 1726//1337
f 1694//1337 1726//1337 1662//1337
f 1662//1337 1726//1337 1727//1337
f 1662//1337 1727//1337 1663//1337
f 1663//1337 1727//1337 1728//1337
f 1663//1337 1728//1337 1664//1337
f 1664//1337 1728//1337 1729//1337
f 1664//1337 1729//1337 1665//1337
f 1729//1337 1730//1337 1665//1337
f 1665//1337 1730//1337 1731//1337
f 1665//1337 1731//1337 1666//1337
f 1666//1337 1731//1337 1732//1337
f 1666//1337 1732//1337 1667//1337
f 1667//1337 1732//1337 1733//1337
f 1667//1337 1733//1337 1668//1337
f 1668//1337 1733//1337 1734//1337
f 1668//1337 1734//1337 1669//1337
f 1669//1337 1734//1337 1735//1337
f 1669//1337 1735//1337 1670//1337
f 1670//1337 1735//1337 1736//1337
f 1670//1337 1736//1337 1671//1337
f 1685//1337 1737//1337 1686//1337
f 1686//1337 1737//1337 1738//1337
f 1686//1337 1738//1337 1687//1337
f 1687//1337 1738//1337 1739//1337
f 1687//1337 1739//1337 1688//1337
f 1688//1337 1739//1337 1740//1337
f 1688//1337 1740//1337 1689//1337
f 1689//1337 1740//1337 1741//1337
f 1689//1337 1741//1337 1690//1337
f 1690//1337 1741//1337 1742//1337
f 1690//1337 1742//1337 1691//1337
f 1691//1337 1742//1337 1743//1337
f 1691//1337 1743//1337 1723//1337
f 1678//1337 1744//1337 1679//1337
f 1679//1337 1744//1337 1745//1337
f 1679//1337 1745//1337 1680//1337
f 1680//1337 1745//1337 1746//1337
f 1680//1337 1746//1337 1681//1337
f 1681//1337 1746//1337 1747//1337
f 1681//1337 1747//1337 1682//1337
f 1682//1337 1747//1337 1748//1337
f 1682//1337 1748//1337 1683//1337
f 1683//1337 1748//1337 1749//1337
f 1683//1337 1749//1337 1684//1337
f 1684//1337 1749//1337 1750//1337
f 1684//1337 1750//1337 1685//1337
f 1685//1337 1750//1337 1751//1337
f 1685//1337 1751//1337 1737//1337
f 1736//1337 1752//1337 1671//1337
f 1671//1337 1752//1337 1753//1337
f 1671//1337 1753//1337 1672//1337
f 1672//1337 1753//1337 1754//1337
f 1672//1337 1754//1337 1673//1337
f 1673//1337 1754//1337 1755//1337
f 1673//1337 1755//1337 1674//1337
f 1674//1337 1755//1337 1756//1337
f 1674//1337 1756//1337 1675//1337
f 1675//1337 1756//1337 1757//1337
f 1675//1337 1757//1337 1676//1337
f 1676//1337 1757//1337 1758//1337
f 1676//1337 1758//1337 1677//1337
f 1677//1337 1758//1337 1759//1337
f 1677//1337 1759//1337 1678//1337
f 1678//1337 1759//1337 1760//1337
f 1678//1337 1760//1337 1744//1337
f 1719//1444 1761//1444 1720//1444
f 1720//1444 1761//1444 1762//1444
f 1720//1444 1762//1444 1721//1444
f 1721//1444 1762//1444 1763//1444
f 1721//1444 1763//1444 1722//1444
f 1722//1444 1763//1444 1764//1444
f 1722//1444 1764//1444 1695//1444
f 1695//1444 1764//1444 1765//1444
f 1695//1444 1765//1444 1696//1444
f 1713//1444 1766//1444 1714//1444
f 1714//1444 1766//1444 1767//1444
f 1714//1444 1767//1444 1715//1444
f 1715//1444 1767//1444 1768//1444
f 1715//1444 1768//1444 1716//1444
f 1716//1444 1768//1444 1769//1444
f 1716//1444 1769//1444 1717//1444
f 1717//1444 1769//1444 1770//1444
f 1717//1444 1770//1444 1718//1444
f 1718//1444 1770//1444 1771//1444
f 1718//1444 1771//1444 1719//1444
f 1719//1444 1771//1444 1772//1444
f 1719//1444 1772//1444 1761//1444
f 1765//1444 1773//1444 1696//1444
f 1696//1444 1773//1444 1774//1444
f 1696//1444 1774//1444 1697//1444
f 1697//1444 1774//1444 1775//1444
f 1697//1444 1775//1444 1698//1444
f 1698//1444 1775//1444 1776//1444
f 1698//1444 1776//1444 1699//1444
f 1699//1444 1776//1444 1777//1444
f 1699//1444 1777//1444 1700//1444
f 1700//1444 1777//1444 1778//1444
f 1700//1444 1778//1444 1701//1444
f 1701//1444 1778//1444 1779//1444
f 1701//1444 1779//1444 1702//1444
f 1707//1444 1780//1444 1708//1444
f 1708//1444 1780//1444 1781//1444
f 1708//1444 1781//1444 1709//1444
f 1709//1444 1781//1444 1782//1444
f 1709//1444 1782//1444 1710//1444
f 1710//1444 1782//1444 1783//1444
f 1710//1444 1783//1444 1711//1444
f 1711//1444 1783//1444 1784//1444
f 1711//1444 1784//1444 1712//1444
f 1712//1444 1784//1444 1785//1444
f 1712//1444 1785//1444 1713//1444
f 1713//1444 1785//1444 1786//1444
f 1713//1444 1786//1444 1766//1444
f 1779//1444 1787//1444 1702//1444
f 1702//1444 1787//1444 1788//1444
f 1702//1444 1788//1444 1703//1444
f 1703//1444 1788//1444 1789//1444
f 1703//1444 1789//1444 1704//1444
f 1704//1444 1789//1444 1790//1444
f 1704//1444 1790//1444 1705//1444
f 1705//1444 1790//1444 1791//1444
f 1705//1444 1791//1444 1706//1444
f 1706//1444 1791//1444 1792//1444
f 1706//1444 1792//1444 1707//1444
f 1707//1444 1792//1444 1793//1444
f 1707//1444 1793//1444 1780//1444
f 1794//1531 1760//1531 1795//1531
f 1795//1532 1760//1532 1759//1532
f 1795//1533 1759//1533 1796//1533
f 1796//1534 1759//1534 1758//1534
f 1796//1535 1758//1535 1797//1535
f 1797//1536 1758//1536 1757//1536
f 1797//1537 1757//1537 1798//1537
f 1798//1538 1757//1538 1756//1538
f 1798//1539 1756//1539 1799//1539
f 1799//1540 1756//1540 1755//1540
f 1799//1541 1755//1541 1800//1541
f 1800//1542 1755//1542 1754//1542
f 1800//1543 1754//1543 1801//1543
f 1801//1544 1754//1544 1753//1544
f 1801//1545 1753//1545 1802//1545
f 1802//1546 1753//1546 1752//1546
f 1802//1547 1752//1547 1803//1547
f 1803//1548 1752//1548 1736//1548
f 1803//1549 1736//1549 1804//1549
f 1804//1550 1736//1550 1735//1550
f 1804//1551 1735//1551 1805//1551
f 1805//1552 1735//1552 1734//1552
f 1805//1553 1734//1553 1806//1553
f 1806//1554 1734//1554 1733//1554
f 1806//1555 1733//1555 1807//1555
f 1807//1556 1733//1556 1732//1556
f 1807//1557 1732//1557 1808//1557
f 1808//1558 1732//1558 1731//1558
f 1808//1559 1731//1559 1809//1559
f 1809//1560 1731//1560 1730//1560
f 1809//1561 1730//1561 1810//1561
f 1810//1562 1730//1562 1729//1562
f 1810//1563 1729//1563 1811//1563
f 1811//1564 1729//1564 1728//1564
f 1811//1565 1728//1565 1812//1565
f 1812//1566 1728//1566 1727//1566
f 1812//1567 1727//1567 1813//1567
f 1813//1568 1727//1568 1726//1568
f 1813//1569 1726//1569 1814//1569
f 1814//1570 1726//1570 1725//1570
f 1814//1571 1725//1571 1815//1571
f 1815//1572 1725//1572 1724//1572
f 1815//1573 1724//1573 1816//1573
f 1816//1574 1724//1574 1723//1574
f 1816//1575 1723//1575 1817//1575
f 1817//1576 1723//1576 1743//1576
f 1817//1577 1743//1577 1818//1577
f 1818//1578 1743//1578 1742//1578
f 1818//1579 1742//1579 1819//1579
f 1819//1580 1742//1580 1741//1580
f 1819//1581 1741//1581 1820//1581
f 1820//1582 1741//1582 1740//1582
f 1820//1583 1740//1583 1821//1583
f 1821//1584 1740//1584 1739//1584
f 1821//1585 1739//1585 1822//1585
f 1822//1586 1739//1586 1738//1586
f 1822//1587 1738//1587 1823//1587
f 1823//1588 1738//1588 1737//1588
f 1823//1589 1737//1589 1824//1589
f 1824//1590 1737//1590 1751//1590
f 1824//1591 1751//1591 1825//1591
f 1825//1592 1751//1592 1750//1592
f 1825//1593 1750//1593 1826//1593
f 1826//1594 1750//1594 1749//1594
f 1826//1595 1749//1595 1827//1595
f 1827//1596 1749//1596 1748//1596
f 1827//1597 1748//1597 1828//1597
f 1828//1598 1748//1598 1747//1598
f 1828//1599 1747//1599 1829//1599
f 1829//1600 1747//1600 1746//1600
f 1829//1601 1746//1601 1830//1601
f 1830//1602 1746//1602 1745//1602
f 1830//1603 1745//1603 1831//1603
f 1831//1604 1745//1604 1744//1604
f 1831//1605 1744//1605 1794//1605
f 1794//1606 1744//1606 1760//1606
f 1764//1607 1832//1607 1765//1607
f 1765//1608 1832//1608 1833//1608
f 1765//1609 1833//1609 1773//1609
f 1773//1610 1833//1610 1834//1610
f 1773//1611 1834//1611 1774//1611
f 1774//1612 1834//1612 1835//1612
f 1774//1613 1835//1613 1775//1613
f 1775//1614 1835//1614 1836//1614
f 1775//1615 1836//1615 1776//1615
f 1776//1616 1836//1616 1837//1616
f 1776//1617 1837//1617 1777//1617
f 1777//1618 1837//1618 1838//1618
f 1777//1619 1838//1619 1778//1619
f 1778//1620 1838//1620 1839//1620
f 1778//1621 1839//1621 1779//1621
f 1779//1622 1839//1622 1840//1622
f 1779//1623 1840//1623 1787//1623
f 1787//1624 1840//1624 1841//1624
f 1787//1625 1841//1625 1788//1625
f 1788//1626 1841//1626 1842//1626
f 1788//1627 1842//1627 1789//1627
f 1789//1628 1842//1628 1843//1628
f 1789//1629 1843//1629 1790//1629
f 1790//1630 1843//1630 1844//1630
f 1790//1631 1844//1631 1791//1631
f 1791//1632 1844//1632 1845//1632
f 1791//1633 1845//1633 1792//1633
f 1792//1634 1845//1634 1846//1634
f 1792//1635 1846//1635 1793//1635
f 1793//1636 1846//1636 1847//1636
f 1793//1637 1847//1637 1780//1637
f 1780//1638 1847//1638 1848//1638
f 1780//1639 1848//1639 1781//1639
f 1781//1640 1848//1640 1849//1640
f 1781//1641 1849//1641 1782//1641
f 1782//1642 1849//1642 1850//1642
f 1782//1643 1850//1643 1783//1643
f 1783//1644 1850//1644 1851//1644
f 1783//1645 1851//1645 1784//1645
f 1784//1646 1851//1646 1852//1646
f 1784//1647 1852//1647 1785//1647
f 1785//1648 1852//1648 1853//1648
f 1785//1649 1853//1649 1786//1649
f 1786//1650 1853//1650 1854//1650
f 1786//1651 1854//1651 1766//1651
f 1766//1652 1854//1652 1855//1652
f 1766//1653 1855//1653 1767//1653
f 1767//1654 1855//1654 1856//1654
f 1767//1655 1856//1655 1768//1655
f 1768//1656 1856//1656 1857//1656
f 1768//1657 1857//1657 1769//1657
f 1769//1658 1857//1658 1858//1658
f 1769//1659 1858//1659 1770//1659
f 1770//1660 1858//1660 1859//1660
f 1770//1661 1859//1661 1771//1661
f 1771//1662 1859//1662 1860//1662
f 1771//1663 1860//1663 1772//1663
f 1772//1664 1860//1664 1861//1664
f 1772//1665 1861//1665 1761//1665
f 1761//1666 1861//1666 1862//1666
f 1761//1667 1862//1667 1762//1667
f 1762//1668 1862//1668 1863//1668
f 1762//1669 1863//1669 1763//1669
f 1763//1670 1863//1670 1864//1670
f 1763//1671 1864//1671 1764//1671
f 1764//1672 1864//1672 1832//1672
f 1865//1444 1804//1444 1866//1444
f 1866//1444 1804//1444 1805//1444
f 1866//1444 1805//1444 1867//1444
f 1867//1444 1805//1444 1806//1444
f 1867//1444 1806//1444 1868//1444
f 1868//1444 1806//1444 1807//1444
f 1868//1444 1807//1444 1869//1444
f 1869//1444 1807//1444 1808//1444
f 1869//1444 1808//1444 1870//1444
f 1870//1444 1808//1444 1809//1444
f 1870//1444 1809//1444 1871//1444
f 1871//1444 1809//1444 1810//1444
f 1871//1444 1810//1444 1872//1444
f 1872//1444 1810//1444 1811//1444
f 1872//1444 1811//1444 1873//1444
f 1873//1444 1811//1444 1812//1444
f 1873//1444 1812//1444 1874//1444
f 1874//1444 1812//1444 1813//1444
f 1874//1444 1813//1444 1875//1444
f 1875//1444 1813//1444 1814//1444
f 1875//1444 1814//1444 1876//1444
f 1876//1444 1814//1444 1815//1444
f 1876//1444 1815//1444 1877//1444
f 1877//1444 1815//1444 1816//1444
f 1877//1444 1816//1444 1878//1444
f 1878//1444 1816//1444 1817//1444
f 1878//1444 1817//1444 1879//1444
f 1879//1444 1817//1444 1818//1444
f 1879//1444 1818//1444 1880//1444
f 1880//1444 1818//1444 1819//1444
f 1880//1444 1819//1444 1881//1444
f 1881//1444 1819//1444 1820//1444
f 1881//1444 1820//1444 1882//1444
f 1882//1444 1820//1444 1821//1444
f 1882//1444 1821//1444 1883//1444
f 1821//1444 1822//1444 1883//1444
f 1883//1444 1822//1444 1823//1444
f 1883//1444 1823//1444 1884//1444
f 1884//1444 1823//1444 1824//1444
f 1884//1444 1824//1444 1885//1444
f 1885//1444 1824//1444 1825//1444
f 1885//1444 1825//1444 1886//1444
f 1886//1444 1825//1444 1826//1444
f 1886//1444 1826//1444 1887//1444
f 1887//1444 1826//1444 1827//1444
f 1887//1444 1827//1444 1888//1444
f 1888//1444 1827//1444 1828//1444
f 1888//1444 1828//1444 1889//1444
f 1889//1444 1828//1444 1829//1444
f 1889//1444 1829//1444 1890//1444
f 1890//1444 1829//1444 1830//1444
f 1890//1444 1830//1444 1891//1444
f 1891//1444 1830//1444 1831//1444
f 1891//1444 1831//1444 1892//1444
f 1892//1444 1831//1444 1794//1444
f 1892//1444 1794//1444 1893//1444
f 1893//1444 1794//1444 1795//1444
f 1893//1444 1795//1444 1894//1444
f 1894//1444 1795//1444 1796//1444
f 1894//1444 1796//1444 1895//1444
f 1895//1444 1796//1444 1797//1444
f 1895//1444 1797//1444 1896//1444
f 1896//1444 1797//1444 1798//1444
f 1896//1444 1798//1444 1897//1444
f 1897//1444 1798//1444 1799//1444
f 1897//1444 1799//1444 1898//1444
f 1898//1444 1799//1444 1800//1444
f 1898//1444 1800//1444 1899//1444
f 1899//1444 1800//1444 1801//1444
f 1899//1444 1801//1444 1900//1444
f 1900//1444 1801//1444 1802//1444
f 1900//1444 1802//1444 1865//1444
f 1865//1444 1802//1444 1803//1444
f 1865//1444 1803//1444 1804//1444
f 1860//1444 1901//1444 1861//1444
f 1861//1444 1901//1444 1902//1444
f 1861//1444 1902//1444 1862//1444
f 1862//1444 1902//1444 1903//1444
f 1862//1444 1903//1444 1863//1444
f 1863//1444 1903//1444 1904//1444
f 1863//1444 1904//1444 1864//1444
f 1864//1444 1904//1444 1905//1444
f 1864//1444 1905//1444 1832//1444
f 1832//1444 1905//1444 1906//1444
f 1832//1444 1906//1444 1833//1444
f 1833//1444 1906//1444 1907//1444
f 1833//1444 1907//1444 1834//1444
f 1834//1444 1907//1444 1908//1444
f 1834//1444 1908//1444 1835//1444
f 1835//1444 1908//1444 1909//1444
f 1835//1444 1909//1444 1836//1444
f 1836//1444 1909//1444 1910//1444
f 1836//1444 1910//1444 1837//1444
f 1837//1444 1910//1444 1911//1444
f 1837//1444 1911//1444 1838//1444
f 1849//1444 1912//1444 1850//1444
f 1850//1444 1912//1444 1913//1444
f 1850//1444 1913//1444 1851//1444
f 1851//1444 1913//1444 1914//1444
f 1851//1444 1914//1444 1852//1444
f 1852//1444 1914//1444 1915//1444
f 1852//1444 1915//1444 1853//1444
f 1853//1444 1915//1444 1916//1444
f 1853//1444 1916//1444 1854//1444
f 1854//1444 1916//1444 1917//1444
f 1854//1444 1917//1444 1855//1444
f 1855//1444 1917//1444 1918//1444
f 1855//1444 1918//1444 1856//1444
f 1856//1444 1918//1444 1919//1444
f 1856//1444 1919//1444 1857//1444
f 1857//1444 1919//1444 1920//1444
f 1857//1444 1920//1444 1858//1444
f 1858//1444 1920//1444 1921//1444
f 1858//1444 1921//1444 1859//1444
f 1859//1444 1921//1444 1922//1444
f 1859//1444 1922//1444 1860//1444
f 1860//1444 1922//1444 1923//1444
f 1860//1444 1923//1444 1901//1444
f 1911//1444 1924//1444 1838//1444
f 1838//1444 1924//1444 1925//1444
f 1838//1444 1925//1444 1839//1444
f 1839//1444 1925//1444 1926//1444
f 1839//1444 1926//1444 1840//1444
f 1840//1444 1926//1444 1927//1444
f 1840//1444 1927//1444 1841//1444
f 1841//1444 1927//1444 1928//1444
f 1841//1444 1928//1444 1842//1444
f 1842//1444 1928//1444 1929//1444
f 1842//1444 1929//1444 1843//1444
f 1843//1444 1929//1444 1930//1444
f 1843//1444 1930//1444 1844//1444
f 1844//1444 1930//1444 1931//1444
f 1844//1444 1931//1444 1845//1444
f 1845//1444 1931//1444 1932//1444
f 1845//1444 1932//1444 1846//1444
f 1846//1444 1932//1444 1933//1444
f 1846//1444 1933//1444 1847//1444
f 1847//1444 1933//1444 1934//1444
f 1847//1444 1934//1444 1848//1444
f 1848//1444 1934//1444 1935//1444
f 1848//1444 1935//1444 1849//1444
f 1849//1444 1935//1444 1936//1444
f 1849//1444 1936//1444 1912//1444
f 1906//1673 1893//1673 1907//1673
f 1907//1674 1893//1674 1894//1674
f 1907//1675 1894//1675 1908//1675
f 1908//1676 1894//1676 1895//1676
f 1908//1677 1895//1677 1909//1677
f 1909//1678 1895//1678 1896//1678
f 1909//1679 1896//1679 1910//1679
f 1910//1680 1896//1680 1897//1680
f 1910//1681 1897//1681 1911//1681
f 1911//1682 1897//1682 1898//1682
f 1911//1683 1898//1683 1924//1683
f 1924//1684 1898//1684 1899//1684
f 1924//1685 1899//1685 1925//1685
f 1925//1686 1899//1686 1900//1686
f 1925//1687 1900//1687 1926//1687
f 1926//1688 1900//1688 1865//1688
f 1926//1689 1865//1689 1927//1689
f 1927//1690 1865//1690 1866//1690
f 1927//1691 1866//1691 1928//1691
f 1928//1692 1866//1692 1867//1692
f 1928//1693 1867//1693 1929//1693
f 1929//1694 1867//1694 1868//1694
f 1929//1695 1868//1695 1930//1695
f 1930//1696 1868//1696 1869//1696
f 1930//1697 1869//1697 1931//1697
f 1931//1698 1869//1698 1870//1698
f 1931//1699 1870//1699 1932//1699
f 1932//1700 1870//1700 1871//1700
f 1932//1701 1871//1701 1933//1701
f 1933//1702 1871//1702 1872//1702
f 1933//1703 1872//1703 1934//1703
f 1934//1704 1872//1704 1873//1704
f 1934//1705 1873//1705 1935//1705
f 1935//1706 1873//1706 1874//1706
f 1935//1707 1874//1707 1936//1707
f 1936//1708 1874//1708 1875//1708
f 1936//1709 1875//1709 1912//1709
f 1912//1710 1875//1710 1876//1710
f 1912//1711 1876//1711 1913//1711
f 1913//1712 1876//1712 1877//1712
f 1913//1713 1877//1713 1914//1713
f 1914//1714 1877//1714 1878//1714
f 1914//1715 1878//1715 1915//1715
f 1915//1716 1878//1716 1879//1716
f 1915//1717 1879//1717 1916//1717
f 1916//1718 1879//1718 1880//1718
f 1916//1719 1880//1719 1917//1719
f 1917//1720 1880//1720 1881//1720
f 1917//1721 1881//1721 1918//1721
f 1918//1722 1881//1722 1882//1722
f 1918//1723 1882//1723 1919//1723
f 1919//1724 1882//1724 1883//1724
f 1919//1725 1883//1725 1920//1725
f 1920//1726 1883//1726 1884//1726
f 1920//1727 1884//1727 1921//1727
f 1921//1728 1884//1728 1885//1728
f 1921//1729 1885//1729 1922//1729
f 1922//1730 1885//1730 1886//1730
f 1922//1731 1886//1731 1923//1731
f 1923//1732 1886//1732 1887//1732
f 1923//1733 1887//1733 1901//1733
f 1901//1734 1887//1734 1888//1734
f 1901//1735 1888//1735 1902//1735
f 1902//1736 1888//1736 1889//1736
f 1902//1737 1889//1737 1903//1737
f 1903//1738 1889//1738 1890//1738
f 1903//1739 1890//1739 1904//1739
f 1904//1740 1890//1740 1891//1740
f 1904//1741 1891//1741 1905//1741
f 1905//1742 1891//1742 1892//1742
f 1905//1743 1892//1743 1906//1743
f 1906//1744 1892//1744 1893//1744
f 1937//1745 1938//1745 1939//1745
f 1939//1745 1938//1745 1940//1745
f 1939//1745 1940//1745 1941//1745
f 1941//1745 1940//1745 1942//1745
f 1941//1745 1942//1745 1943//1745
f 1943//1745 1942//1745 1944//1745
f 1943//1745 1944//1745 1945//1745
f 1945//1745 1944//1745 1946//1745
f 1945//1745 1946//1745 1947//1745
f 1948//1745 1949//1745 1950//1745
f 1950//1745 1949//1745 1951//1745
f 1950//1745 1951//1745 1952//1745
f 1952//1745 1951//1745 1953//1745
f 1952//1745 1953//1745 1954//1745
f 1954//1745 1953//1745 1955//1745
f 1954//1745 1955//1745 1956//1745
f 1956//1745 1955//1745 1957//1745
f 1956//1745 1957//1745 1937//1745
f 1937//1745 1957//1745 1958//1745
f 1937//1745 1958//1745 1938//1745
f 1959//1745 1960//1745 1961//1745
f 1961//1745 1960//1745 1962//1745
f 1961//1745 1962//1745 1963//1745
f 1963//1745 1962//1745 1964//1745
f 1963//1745 1964//1745 1965//1745
f 1965//1745 1964//1745 1966//1745
f 1965//1745 1966//1745 1967//1745
f 1967//1745 1966//1745 1968//1745
f 1967//1745 1968//1745 1948//1745
f 1948//1745 1968//1745 1969//1745
f 1948//1745 1969//1745 1949//1745
f 1946//1745 1970//1745 1947//1745
f 1947//1745 1970//1745 1971//1745
f 1947//1745 1971//1745 1972//1745
f 1972//1745 1971//1745 1973//1745
f 1972//1745 1973//1745 1974//1745
f 1974//1745 1973//1745 1975//1745
f 1974//1745 1975//1745 1976//1745
f 1976//1745 1975//1745 1977//1745
f 1976//1745 1977//1745 1978//1745
f 1978//1745 1977//1745 1979//1745
f 1978//1745 1979//1745 1980//1745
f 1980//1745 1979//1745 1981//1745
f 1980//1745 1981//1745 1982//1745
f 1982//1745 1981//1745 1983//1745
f 1982//1745 1983//1745 1984//1745
f 1984//1745 1983//1745 1985//1745
f 1984//1745 1985//1745 1986//1745
f 1986//1745 1985//1745 1987//1745
f 1986//1745 1987//1745 1988//1745
f 1988//1745 1987//1745 1989//1745
f 1988//1745 1989//1745 1990//1745
f 1990//1745 1989//1745 1991//1745
f 1990//1745 1991//1745 1959//1745
f 1959//1745 1991//1745 1992//1745
f 1959//1745 1992//1745 1960//1745
f 1993//1746 1994//1746 1995//1746
f 1995//1746 1994//1746 1996//1746
f 1995//1746 1996//1746 1997//1746
f 1997//1746 1996//1746 1998//1746
f 1996//1746 1999//1746 1998//1746
f 1998//1746 1999//1746 2000//1746
f 1998//1746 2000//1746 2001//1746
f 2002//1746 2003//1746 2004//1746
f 2001//1746 2005//1746 1998//1746
f 1998//1746 2005//1746 2002//1746
f 1998//1746 2002//1746 2006//1746
f 2006//1746 2002//1746 2004//1746
f 2007//1747 2008//1747 1958//1747
f 1958//1748 1957//1748 2007//1748
f 2007//1749 1957//1749 1955//1749
f 2007//1750 1955//1750 2009//1750
f 2009//1751 1955//1751 1953//1751
f 2009//1752 1953//1752 2010//1752
f 2010//1753 1953//1753 2011//1753
f 2011//1754 1953//1754 1951//1754
f 2011//1755 1951//1755 2012//1755
f 2013//1756 2014//1756 1987//1756
f 1987//1757 1985//1757 2013//1757
f 2013//1758 1985//1758 1983//1758
f 2013//1759 1983//1759 2015//1759
f 2015//1760 1983//1760 1981//1760
f 2015//1761 1981//1761 2016//1761
f 2016//1762 1981//1762 2017//1762
f 2017//1763 1981//1763 1979//1763
f 2017//1764 1979//1764 1994//1764
f 1994//1765 1979//1765 1996//1765
f 1996//1766 1979//1766 1977//1766
f 1996//1767 1977//1767 1999//1767
f 1999//1768 1977//1768 1975//1768
f 1999//1769 1975//1769 2000//1769
f 2000//1770 1975//1770 1973//1770
f 2000//1771 1973//1771 2001//1771
f 2001//1772 1973//1772 1971//1772
f 2001//1773 1971//1773 2005//1773
f 2005//1774 1971//1774 1970//1774
f 2005//1775 1970//1775 2002//1775
f 2002//1776 1970//1776 1946//1776
f 2002//1777 1946//1777 2003//1777
f 2003//1778 1946//1778 1944//1778
f 2003//1779 1944//1779 2004//1779
f 2004//1780 1944//1780 1942//1780
f 2004//1781 1942//1781 2006//1781
f 2006//1782 1942//1782 1940//1782
f 2006//1783 1940//1783 1998//1783
f 1998//1784 1940//1784 1938//1784
f 1998//1785 1938//1785 1997//1785
f 1997//1786 1938//1786 1958//1786
f 1997//1787 1958//1787 1995//1787
f 1995//1788 1958//1788 2008//1788
f 1995//1789 2008//1789 1993//1789
f 2012//1790 1951//1790 2018//1790
f 2018//1791 1951//1791 1949//1791
f 2018//1792 1949//1792 2019//1792
f 2019//1793 1949//1793 1969//1793
f 2019//1794 1969//1794 2020//1794
f 2020//1795 1969//1795 1968//1795
f 2020//1796 1968//1796 2021//1796
f 2021//1797 1968//1797 1966//1797
f 2021//1798 1966//1798 2022//1798
f 2022//1799 1966//1799 1964//1799
f 2022//1800 1964//1800 2023//1800
f 2023//1801 1964//1801 1962//1801
f 2023//1802 1962//1802 2024//1802
f 2024//1803 1962//1803 1960//1803
f 2024//1804 1960//1804 2025//1804
f 2025//1805 1960//1805 1992//1805
f 2025//1806 1992//1806 2026//1806
f 2026//1807 1992//1807 1991//1807
f 2026//1808 1991//1808 2027//1808
f 2027//1809 1991//1809 1989//1809
f 2027//1810 1989//1810 2028//1810
f 2028//1811 1989//1811 1987//1811
f 2028//1812 1987//1812 2029//1812
f 2029//1813 1987//1813 2014//1813
f 2029//1814 2014//1814 2030//1814
f 2029//1746 2030//1746 2012//1746
f 2012//1746 2018//1746 2029//1746
f 2029//1746 2018//1746 2019//1746
f 2029//1746 2019//1746 2020//1746
f 2020//1746 2021//1746 2029//1746
f 2029//1746 2021//1746 2022//1746
f 2029//1746 2022//1746 2023//1746
f 2025//1746 2026//1746 2027//1746
f 2023//1746 2024//1746 2029//1746
f 2029//1746 2024//1746 2025//1746
f 2029//1746 2025//1746 2028//1746
f 2028//1746 2025//1746 2027//1746
f 2011//1746 2014//1746 2010//1746
f 2010//1746 2014//1746 2013//1746
f 2010//1746 2013//1746 2009//1746
f 2009//1746 2013//1746 2007//1746
f 2017//1746 2008//1746 2016//1746
f 2016//1746 2008//1746 2007//1746
f 2016//1746 2007//1746 2015//1746
f 2015//1746 2007//1746 2013//1746
f 1994//1815 1993//1815 2017//1815
f 2017//1815 1993//1815 2008//1815
f 2012//1816 2030//1816 2011//1816
f 2011//1816 2030//1816 2014//1816
f 2031//1817 2032//1817 1982//1817
f 1982//1818 2032//1818 1980//1818
f 2032//1819 2033//1819 1980//1819
f 1980//1820 2033//1820 2034//1820
f 1980//1821 2034//1821 1978//1821
f 1978//1822 2034//1822 2035//1822
f 1978//1823 2035//1823 1976//1823
f 1976//1824 2035//1824 2036//1824
f 1976//1825 2036//1825 1974//1825
f 1974//1826 2036//1826 2037//1826
f 1974//1827 2037//1827 1972//1827
f 1972//1828 2037//1828 2038//1828
f 1972//1829 2038//1829 1947//1829
f 1947//1830 2038//1830 2039//1830
f 1947//1831 2039//1831 1945//1831
f 1945//1832 2039//1832 2040//1832
f 1945//1833 2040//1833 1943//1833
f 1943//1834 2040//1834 2041//1834
f 1943//1835 2041//1835 1941//1835
f 1941//1836 2041//1836 2042//1836
f 1941//1837 2042//1837 1939//1837
f 1939//1838 2042//1838 2043//1838
f 1939//1839 2043//1839 1937//1839
f 1937//1840 2043//1840 2044//1840
f 1937//1841 2044//1841 1956//1841
f 1956//1842 2044//1842 2045//1842
f 1956//1843 2045//1843 1954//1843
f 1954//1844 2045//1844 2046//1844
f 1954//1845 2046//1845 1952//1845
f 1952//1846 2046//1846 2047//1846
f 1952//1847 2047//1847 1950//1847
f 1950//1848 2047//1848 2048//1848
f 1950//1849 2048//1849 1948//1849
f 1948//1850 2048//1850 2049//1850
f 1948//1851 2049//1851 1967//1851
f 1967//1852 2049//1852 2050//1852
f 1967//1853 2050//1853 1965//1853
f 1965//1854 2050//1854 2051//1854
f 1965//1855 2051//1855 1963//1855
f 1963//1856 2051//1856 2052//1856
f 1963//1857 2052//1857 1961//1857
f 1961//1858 2052//1858 2053//1858
f 1961//1859 2053//1859 1959//1859
f 1959//1860 2053//1860 2054//1860
f 1959//1861 2054//1861 1990//1861
f 1990//1862 2054//1862 2055//1862
f 1990//1863 2055//1863 1988//1863
f 1988//1864 2055//1864 2056//1864
f 1988//1865 2056//1865 1986//1865
f 1986//1866 2056//1866 2031//1866
f 1986//1867 2031//1867 1984//1867
f 1984//1868 2031//1868 1982//1868
f 2033//1745 2057//1745 2058//1745
f 2059//1745 2040//1745 2060//1745
f 2060//1745 2040//1745 2039//1745
f 2060//1745 2039//1745 2061//1745
f 2061//1745 2039//1745 2038//1745
f 2061//1745 2038//1745 2062//1745
f 2062//1745 2038//1745 2037//1745
f 2062//1745 2037//1745 2063//1745
f 2063//1745 2037//1745 2036//1745
f 2063//1745 2036//1745 2064//1745
f 2064//1745 2036//1745 2035//1745
f 2064//1745 2035//1745 2058//1745
f 2058//1745 2035//1745 2034//1745
f 2058//1745 2034//1745 2033//1745
f 2065//1745 2049//1745 2066//1745
f 2066//1745 2049//1745 2048//1745
f 2066//1745 2048//1745 2067//1745
f 2067//1745 2048//1745 2047//1745
f 2067//1745 2047//1745 2068//1745
f 2068//1745 2047//1745 2046//1745
f 2068//1745 2046//1745 2069//1745
f 2069//1745 2046//1745 2045//1745
f 2069//1745 2045//1745 2070//1745
f 2070//1745 2045//1745 2044//1745
f 2070//1745 2044//1745 2071//1745
f 2071//1745 2044//1745 2043//1745
f 2071//1745 2043//1745 2072//1745
f 2072//1745 2043//1745 2042//1745
f 2072//1745 2042//1745 2059//1745
f 2059//1745 2042//1745 2041//1745
f 2059//1745 2041//1745 2040//1745
f 2033//1745 2032//1745 2057//1745
f 2057//1745 2032//1745 2031//1745
f 2057//1745 2031//1745 2073//1745
f 2073//1745 2031//1745 2056//1745
f 2073//1745 2056//1745 2074//1745
f 2074//1745 2056//1745 2055//1745
f 2074//1745 2055//1745 2075//1745
f 2075//1745 2055//1745 2054//1745
f 2075//1745 2054//1745 2076//1745
f 2076//1745 2054//1745 2053//1745
f 2076//1745 2053//1745 2077//1745
f 2077//1745 2053//1745 2052//1745
f 2077//1745 2052//1745 2078//1745
f 2078//1745 2052//1745 2051//1745
f 2078//1745 2051//1745 2065//1745
f 2065//1745 2051//1745 2050//1745
f 2065//1745 2050//1745 2049//1745
f 2079//1745 2080//1745 2081//1745
f 2082//1745 2083//1745 2081//1745
f 2081//1745 2083//1745 2084//1745
f 2081//1745 2084//1745 2079//1745
f 2085//1745 2086//1745 2081//1745
f 2081//1745 2086//1745 2087//1745
f 2081//1745 2087//1745 2082//1745
f 2088//1745 2089//1745 2081//1745
f 2081//1745 2089//1745 2090//1745
f 2081//1745 2090//1745 2085//1745
f 2091//1745 2092//1745 2081//1745
f 2081//1745 2092//1745 2093//1745
f 2081//1745 2093//1745 2088//1745
f 2094//1745 2095//1745 2081//1745
f 2081//1745 2095//1745 2096//1745
f 2081//1745 2096//1745 2091//1745
f 2097//1745 2098//1745 2081//1745
f 2081//1745 2098//1745 2099//1745
f 2081//1745 2099//1745 2094//1745
f 2080//1745 2100//1745 2081//1745
f 2081//1745 2100//1745 2101//1745
f 2081//1745 2101//1745 2097//1745
f 2102//1869 2091//1869 2103//1869
f 2103//1870 2091//1870 2096//1870
f 2103//1871 2096//1871 2104//1871
f 2104//1872 2096//1872 2095//1872
f 2104//1873 2095//1873 2105//1873
f 2105//1874 2095//1874 2094//1874
f 2105//1875 2094//1875 2106//1875
f 2106//1876 2094//1876 2099//1876
f 2106//1877 2099//1877 2107//1877
f 2107//1878 2099//1878 2098//1878
f 2107//1879 2098//1879 2108//1879
f 2108//1880 2098//1880 2097//1880
f 2108//1881 2097//1881 2109//1881
f 2109//1882 2097//1882 2101//1882
f 2109//1883 2101//1883 2110//1883
f 2110//1884 2101//1884 2100//1884
f 2110//1885 2100//1885 2111//1885
f 2111//1886 2100//1886 2080//1886
f 2111//1887 2080//1887 2112//1887
f 2112//1888 2080//1888 2079//1888
f 2112//1889 2079//1889 2113//1889
f 2113//1890 2079//1890 2084//1890
f 2113//1891 2084//1891 2114//1891
f 2114//1892 2084//1892 2083//1892
f 2114//1893 2083//1893 2115//1893
f 2115//1894 2083//1894 2082//1894
f 2115//1895 2082//1895 2116//1895
f 2116//1896 2082//1896 2087//1896
f 2116//1897 2087//1897 2117//1897
f 2117//1898 2087//1898 2086//1898
f 2117//1899 2086//1899 2118//1899
f 2118//1900 2086//1900 2085//1900
f 2118//1901 2085//1901 2119//1901
f 2119//1902 2085//1902 2090//1902
f 2119//1903 2090//1903 2120//1903
f 2120//1904 2090//1904 2089//1904
f 2120//1905 2089//1905 2121//1905
f 2121//1906 2089//1906 2088//1906
f 2121//1907 2088//1907 2122//1907
f 2122//1908 2088//1908 2093//1908
f 2122//1909 2093//1909 2123//1909
f 2123//1910 2093//1910 2092//1910
f 2123//1911 2092//1911 2102//1911
f 2102//1912 2092//1912 2091//1912
f 2069//1913 2103//1913 2068//1913
f 2068//1914 2103//1914 2104//1914
f 2068//1915 2104//1915 2067//1915
f 2067//1916 2104//1916 2105//1916
f 2067//1917 2105//1917 2066//1917
f 2066//1918 2105//1918 2106//1918
f 2066//1919 2106//1919 2065//1919
f 2065//1920 2106//1920 2107//1920
f 2065//1921 2107//1921 2078//1921
f 2078//1922 2107//1922 2108//1922
f 2078//1923 2108//1923 2077//1923
f 2077//1924 2108//1924 2109//1924
f 2077//1925 2109//1925 2076//1925
f 2076//1926 2109//1926 2110//1926
f 2076//1927 2110//1927 2075//1927
f 2075//1928 2110//1928 2111//1928
f 2075//1929 2111//1929 2074//1929
f 2074//1930 2111//1930 2112//1930
f 2074//1931 2112//1931 2073//1931
f 2073//1932 2112//1932 2113//1932
f 2073//1933 2113//1933 2057//1933
f 2057//1934 2113//1934 2114//1934
f 2057//1935 2114//1935 2058//1935
f 2058//1936 2114//1936 2115//1936
f 2058//1937 2115//1937 2064//1937
f 2064//1938 2115//1938 2116//1938
f 2064//1939 2116//1939 2063//1939
f 2063//1940 2116//1940 2117//1940
f 2063//1941 2117//1941 2062//1941
f 2062//1942 2117//1942 2118//1942
f 2062//1943 2118//1943 2061//1943
f 2061//1944 2118//1944 2119//1944
f 2061//1945 2119//1945 2060//1945
f 2060//1946 2119//1946 2120//1946
f 2060//1947 2120//1947 2059//1947
f 2059//1948 2120//1948 2121//1948
f 2059//1949 2121//1949 2072//1949
f 2072//1950 2121//1950 2122//1950
f 2072//1951 2122//1951 2071//1951
f 2071//1952 2122//1952 2123//1952
f 2071//1953 2123//1953 2070//1953
f 2070//1954 2123//1954 2102//1954
f 2070//1955 2102//1955 2069//1955
f 2069//1956 2102//1956 2103//1956
f 2124//1957 2125//1957 2126//1957
f 2127//1957 2128//1957 2129//1957
f 2129//1957 2128//1957 2130//1957
f 2129//1957 2130//1957 2131//1957
f 2132//1957 2133//1957 2134//1957
f 2135//1957 2136//1957 2134//1957
f 2134//1957 2136//1957 2137//1957
f 2134//1957 2137//1957 2132//1957
f 2138//1957 2129//1957 2139//1957
f 2139//1957 2129//1957 2131//1957
f 2139//1957 2131//1957 2140//1957
f 2140//1957 2131//1957 2141//1957
f 2131//1957 2142//1957 2141//1957
f 2141//1957 2142//1957 2143//1957
f 2141//1957 2143//1957 2144//1957
f 2144//1957 2143//1957 2145//1957
f 2144//1957 2145//1957 2146//1957
f 2146//1957 2145//1957 2147//1957
f 2146//1957 2147//1957 2148//1957
f 2148//1957 2147//1957 2149//1957
f 2148//1957 2149//1957 2150//1957
f 2150//1957 2149//1957 2151//1957
f 2150//1957 2151//1957 2135//1957
f 2135//1957 2151//1957 2152//1957
f 2135//1957 2152//1957 2136//1957
f 2146//1957 2153//1957 2144//1957
f 2144//1957 2153//1957 2154//1957
f 2144//1957 2154//1957 2155//1957
f 2155//1957 2154//1957 2156//1957
f 2127//1957 2124//1957 2128//1957
f 2128//1957 2124//1957 2126//1957
f 2128//1957 2126//1957 2157//1957
f 2157//1957 2126//1957 2136//1957
f 2157//1957 2136//1957 2158//1957
f 2158//1957 2136//1957 2152//1957
f 2159//1957 2160//1957 2156//1957
f 2156//1957 2160//1957 2161//1957
f 2156//1957 2161//1957 2155//1957
f 2156//1957 2162//1957 2159//1957
f 2159//1957 2162//1957 2163//1957
f 2159//1957 2163//1957 2164//1957
f 2164//1957 2163//1957 2165//1957
f 2164//1957 2165//1957 2166//1957
f 2166//1957 2165//1957 2133//1957
f 2166//1957 2133//1957 2167//1957
f 2167//1957 2133//1957 2132//1957
f 2168//1958 2169//1958 2170//1958
f 2170//1958 2169//1958 2171//1958
f 2170//1959 2171//1959 2172//1959
f 2172//1959 2171//1959 2173//1959
f 2174//1960 2175//1960 2169//1960
f 2169//1960 2175//1960 2176//1960
f 2169//1960 2176//1960 2171//1960
f 2171//1960 2176//1960 2177//1960
f 2171//1960 2177//1960 2178//1960
f 2173//1960 2171//1960 2179//1960
f 2180//1960 2181//1960 2169//1960
f 2169//1960 2181//1960 2182//1960
f 2169//1960 2182//1960 2174//1960
f 2178//1960 2183//1960 2171//1960
f 2171//1960 2183//1960 2184//1960
f 2171//1960 2184//1960 2179//1960
f 2179//1960 2184//1960 2185//1960
f 2179//1960 2185//1960 2186//1960
f 2187//1960 2188//1960 2180//1960
f 2180//1960 2188//1960 2189//1960
f 2180//1960 2189//1960 2181//1960
f 2181//1960 2189//1960 2190//1960
f 2187//1960 2180//1960 2191//1960
f 2191//1960 2180//1960 2192//1960
f 2191//1960 2192//1960 2193//1960
f 2186//1960 2185//1960 2194//1960
f 2194//1960 2185//1960 2195//1960
f 2194//1960 2195//1960 2190//1960
f 2190//1960 2195//1960 2196//1960
f 2190//1960 2196//1960 2181//1960
f 2191//1960 2197//1960 2198//1960
f 2198//1960 2197//1960 2199//1960
f 2198//1960 2199//1960 2200//1960
f 2200//1960 2199//1960 2201//1960
f 2200//1960 2201//1960 2202//1960
f 2179//1960 2203//1960 2173//1960
f 2173//1960 2203//1960 2204//1960
f 2173//1960 2204//1960 2205//1960
f 2205//1960 2204//1960 2200//1960
f 2205//1960 2200//1960 2206//1960
f 2206//1960 2200//1960 2202//1960
f 2193//1960 2207//1960 2191//1960
f 2191//1960 2207//1960 2208//1960
f 2191//1960 2208//1960 2197//1960
f 2209//1961 2199//1961 2210//1961
f 2210//1961 2199//1961 2197//1961
f 2211//1962 2180//1962 2168//1962
f 2168//1962 2180//1962 2169//1962
f 2210//1963 2197//1963 2208//1963
f 2210//1964 2208//1964 2212//1964
f 2212//1965 2208//1965 2207//1965
f 2212//1966 2207//1966 2213//1966
f 2213//1967 2207//1967 2193//1967
f 2213//1968 2193//1968 2214//1968
f 2214//1969 2193//1969 2192//1969
f 2214//1970 2192//1970 2215//1970
f 2215//1971 2192//1971 2180//1971
f 2215//1972 2180//1972 2211//1972
f 2172//1973 2173//1973 2205//1973
f 2172//1974 2205//1974 2216//1974
f 2216//1975 2205//1975 2206//1975
f 2216//1976 2206//1976 2217//1976
f 2217//1977 2206//1977 2202//1977
f 2217//1978 2202//1978 2218//1978
f 2218//1979 2202//1979 2201//1979
f 2218//1980 2201//1980 2219//1980
f 2219//1981 2201//1981 2199//1981
f 2219//1982 2199//1982 2209//1982
f 2203//1983 2143//1983 2204//1983
f 2204//1984 2143//1984 2142//1984
f 2204//1985 2142//1985 2200//1985
f 2200//1986 2142//1986 2131//1986
f 2200//1987 2131//1987 2198//1987
f 2198//1988 2131//1988 2130//1988
f 2198//1989 2130//1989 2191//1989
f 2191//1990 2130//1990 2128//1990
f 2191//1991 2128//1991 2187//1991
f 2187//1992 2128//1992 2157//1992
f 2187//1993 2157//1993 2188//1993
f 2188//1994 2157//1994 2158//1994
f 2188//1995 2158//1995 2189//1995
f 2189//1996 2158//1996 2152//1996
f 2189//1997 2152//1997 2190//1997
f 2190//1998 2152//1998 2151//1998
f 2190//1999 2151//1999 2194//1999
f 2194//2000 2151//2000 2149//2000
f 2194//2001 2149//2001 2186//2001
f 2186//2002 2149//2002 2147//2002
f 2186//2003 2147//2003 2179//2003
f 2179//2004 2147//2004 2145//2004
f 2179//2005 2145//2005 2203//2005
f 2203//2006 2145//2006 2143//2006
f 2183//2007 2154//2007 2184//2007
f 2184//2008 2154//2008 2153//2008
f 2184//2009 2153//2009 2185//2009
f 2185//2010 2153//2010 2146//2010
f 2185//2011 2146//2011 2195//2011
f 2195//2012 2146//2012 2148//2012
f 2195//2013 2148//2013 2196//2013
f 2196//2014 2148//2014 2150//2014
f 2196//2015 2150//2015 2181//2015
f 2181//2016 2150//2016 2135//2016
f 2181//2017 2135//2017 2182//2017
f 2182//2018 2135//2018 2134//2018
f 2182//2019 2134//2019 2174//2019
f 2174//2020 2134//2020 2133//2020
f 2174//2021 2133//2021 2175//2021
f 2175//2022 2133//2022 2165//2022
f 2175//2023 2165//2023 2176//2023
f 2176//2024 2165//2024 2163//2024
f 2176//2025 2163//2025 2177//2025
f 2177//2026 2163//2026 2162//2026
f 2177//2027 2162//2027 2178//2027
f 2178//2028 2162//2028 2156//2028
f 2178//2029 2156//2029 2183//2029
f 2183//2030 2156//2030 2154//2030
f 2220//1957 2221//1957 2170//1957
f 2170//1957 2221//1957 2222//1957
f 2170//1957 2222//1957 2168//1957
f 2222//1957 2223//1957 2168//1957
f 2168//1957 2223//1957 2224//1957
f 2168//1957 2224//1957 2225//1957
f 2172//1957 2216//1957 2226//1957
f 2226//1957 2216//1957 2217//1957
f 2226//1957 2217//1957 2227//1957
f 2227//1957 2217//1957 2218//1957
f 2227//1957 2218//1957 2228//1957
f 2228//1957 2218//1957 2219//1957
f 2228//1957 2219//1957 2229//1957
f 2229//1957 2219//1957 2209//1957
f 2229//1957 2209//1957 2230//1957
f 2230//1957 2209//1957 2210//1957
f 2230//1957 2210//1957 2231//1957
f 2210//1957 2212//1957 2231//1957
f 2231//1957 2212//1957 2213//1957
f 2231//1957 2213//1957 2232//1957
f 2232//1957 2213//1957 2214//1957
f 2232//1957 2214//1957 2233//1957
f 2233//1957 2214//1957 2215//1957
f 2233//1957 2215//1957 2234//1957
f 2234//1957 2215//1957 2211//1957
f 2234//1957 2211//1957 2235//1957
f 2235//1957 2211//1957 2168//1957
f 2235//1957 2168//1957 2236//1957
f 2236//1957 2168//1957 2225//1957
f 2226//1957 2237//1957 2172//1957
f 2172//1957 2237//1957 2238//1957
f 2172//1957 2238//1957 2170//1957
f 2170//1957 2238//1957 2239//1957
f 2170//1957 2239//1957 2220//1957
f 2223//2031 2222//2031 2164//2031
f 2164//2031 2222//2031 2159//2031
f 2238//2032 2237//2032 2144//2032
f 2144//2032 2237//2032 2141//2032
f 2229//2033 2129//2033 2228//2033
f 2228//2034 2129//2034 2138//2034
f 2228//2035 2138//2035 2227//2035
f 2227//2036 2138//2036 2139//2036
f 2227//2037 2139//2037 2226//2037
f 2226//2038 2139//2038 2140//2038
f 2226//2039 2140//2039 2237//2039
f 2237//2040 2140//2040 2141//2040
f 2229//2041 2230//2041 2129//2041
f 2129//2041 2230//2041 2127//2041
f 2234//2042 2136//2042 2233//2042
f 2233//2043 2136//2043 2126//2043
f 2233//2044 2126//2044 2232//2044
f 2232//2045 2126//2045 2125//2045
f 2232//2046 2125//2046 2231//2046
f 2231//2047 2125//2047 2124//2047
f 2231//2048 2124//2048 2230//2048
f 2230//2049 2124//2049 2127//2049
f 2137//2050 2136//2050 2235//2050
f 2235//2050 2136//2050 2234//2050
f 2137//2051 2235//2051 2132//2051
f 2132//2052 2235//2052 2236//2052
f 2132//2053 2236//2053 2167//2053
f 2167//2054 2236//2054 2225//2054
f 2167//2055 2225//2055 2166//2055
f 2166//2056 2225//2056 2224//2056
f 2166//2057 2224//2057 2164//2057
f 2164//2058 2224//2058 2223//2058
f 2159//2059 2222//2059 2160//2059
f 2160//2060 2222//2060 2221//2060
f 2160//2061 2221//2061 2161//2061
f 2161//2062 2221//2062 2220//2062
f 2161//2063 2220//2063 2155//2063
f 2155//2064 2220//2064 2239//2064
f 2155//2065 2239//2065 2144//2065
f 2144//2066 2239//2066 2238//2066
f 2240//2067 2241//2067 2242//2067
f 2242//2067 2241//2067 2243//2067
f 2242//2067 2243//2067 2244//2067
f 2244//2067 2243//2067 2245//2067
f 2244//2067 2245//2067 2246//2067
f 2246//2067 2245//2067 2247//2067
f 2246//2067 2247//2067 2248//2067
f 2248//2067 2247//2067 2249//2067
f 2248//2067 2249//2067 2250//2067
f 2251//2067 2252//2067 2253//2067
f 2253//2067 2252//2067 2254//2067
f 2253//2067 2254//2067 2255//2067
f 2255//2067 2254//2067 2256//2067
f 2255//2067 2256//2067 2257//2067
f 2257//2067 2256//2067 2258//2067
f 2257//2067 2258//2067 2259//2067
f 2259//2067 2258//2067 2260//2067
f 2259//2067 2260//2067 2240//2067
f 2240//2067 2260//2067 2261//2067
f 2240//2067 2261//2067 2241//2067
f 2262//2067 2263//2067 2264//2067
f 2264//2067 2263//2067 2265//2067
f 2264//2067 2265//2067 2266//2067
f 2266//2067 2265//2067 2267//2067
f 2266//2067 2267//2067 2268//2067
f 2268//2067 2267//2067 2269//2067
f 2268//2067 2269//2067 2270//2067
f 2270//2067 2269//2067 2271//2067
f 2270//2067 2271//2067 2251//2067
f 2251//2067 2271//2067 2272//2067
f 2251//2067 2272//2067 2252//2067
f 2249//2067 2273//2067 2250//2067
f 2250//2067 2273//2067 2274//2067
f 2250//2067 2274//2067 2275//2067
f 2275//2067 2274//2067 2276//2067
f 2275//2067 2276//2067 2277//2067
f 2277//2067 2276//2067 2278//2067
f 2277//2067 2278//2067 2279//2067
f 2279//2067 2278//2067 2280//2067
f 2279//2067 2280//2067 2281//2067
f 2281//2067 2280//2067 2282//2067
f 2281//2067 2282//2067 2283//2067
f 2283//2067 2282//2067 2284//2067
f 2283//2067 2284//2067 2285//2067
f 2285//2067 2284//2067 2286//2067
f 2285//2067 2286//2067 2287//2067
f 2287//2067 2286//2067 2288//2067
f 2287//2067 2288//2067 2289//2067
f 2289//2067 2288//2067 2290//2067
f 2289//2067 2290//2067 2291//2067
f 2291//2067 2290//2067 2292//2067
f 2291//2067 2292//2067 2293//2067
f 2293//2067 2292//2067 2294//2067
f 2293//2067 2294//2067 2262//2067
f 2262//2067 2294//2067 2295//2067
f 2262//2067 2295//2067 2263//2067
f 2296//2068 2297//2068 2298//2068
f 2298//2068 2297//2068 2299//2068
f 2298//2068 2299//2068 2300//2068
f 2300//2068 2299//2068 2301//2068
f 2299//2068 2302//2068 2301//2068
f 2301//2068 2302//2068 2303//2068
f 2301//2068 2303//2068 2304//2068
f 2305//2068 2306//2068 2307//2068
f 2304//2068 2308//2068 2301//2068
f 2301//2068 2308//2068 2305//2068
f 2301//2068 2305//2068 2309//2068
f 2309//2068 2305//2068 2307//2068
f 2310//2069 2311//2069 2261//2069
f 2261//2070 2260//2070 2310//2070
f 2310//2071 2260//2071 2258//2071
f 2310//2072 2258//2072 2312//2072
f 2312//2073 2258//2073 2256//2073
f 2312//2074 2256//2074 2313//2074
f 2313//2075 2256//2075 2314//2075
f 2314//2076 2256//2076 2254//2076
f 2314//2077 2254//2077 2315//2077
f 2316//2078 2317//2078 2290//2078
f 2290//2079 2288//2079 2316//2079
f 2316//2080 2288//2080 2286//2080
f 2316//2081 2286//2081 2318//2081
f 2318//2082 2286//2082 2284//2082
f 2318//2083 2284//2083 2319//2083
f 2319//2084 2284//2084 2320//2084
f 2320//2085 2284//2085 2282//2085
f 2320//2086 2282//2086 2297//2086
f 2297//2087 2282//2087 2299//2087
f 2299//2088 2282//2088 2280//2088
f 2299//2089 2280//2089 2302//2089
f 2302//2090 2280//2090 2278//2090
f 2302//2091 2278//2091 2303//2091
f 2303//2092 2278//2092 2276//2092
f 2303//2093 2276//2093 2304//2093
f 2304//2094 2276//2094 2274//2094
f 2304//2095 2274//2095 2308//2095
f 2308//2096 2274//2096 2273//2096
f 2308//2097 2273//2097 2305//2097
f 2305//2098 2273//2098 2249//2098
f 2305//2099 2249//2099 2306//2099
f 2306//2100 2249//2100 2247//2100
f 2306//2101 2247//2101 2307//2101
f 2307//2102 2247//2102 2245//2102
f 2307//2103 2245//2103 2309//2103
f 2309//2104 2245//2104 2243//2104
f 2309//2105 2243//2105 2301//2105
f 2301//2106 2243//2106 2241//2106
f 2301//2107 2241//2107 2300//2107
f 2300//2108 2241//2108 2261//2108
f 2300//2109 2261//2109 2298//2109
f 2298//2110 2261//2110 2311//2110
f 2298//2111 2311//2111 2296//2111
f 2315//2112 2254//2112 2321//2112
f 2321//2113 2254//2113 2252//2113
f 2321//2114 2252//2114 2322//2114
f 2322//2115 2252//2115 2272//2115
f 2322//2116 2272//2116 2323//2116
f 2323//2117 2272//2117 2271//2117
f 2323//2118 2271//2118 2324//2118
f 2324//2119 2271//2119 2269//2119
f 2324//2120 2269//2120 2325//2120
f 2325//2121 2269//2121 2267//2121
f 2325//2122 2267//2122 2326//2122
f 2326//2123 2267//2123 2265//2123
f 2326//2124 2265//2124 2327//2124
f 2327//2125 2265//2125 2263//2125
f 2327//2126 2263//2126 2328//2126
f 2328//2127 2263//2127 2295//2127
f 2328//2128 2295//2128 2329//2128
f 2329//2129 2295//2129 2294//2129
f 2329//2130 2294//2130 2330//2130
f 2330//2131 2294//2131 2292//2131
f 2330//2132 2292//2132 2331//2132
f 2331//2133 2292//2133 2290//2133
f 2331//2134 2290//2134 2332//2134
f 2332//2135 2290//2135 2317//2135
f 2332//2136 2317//2136 2333//2136
f 2332//2068 2333//2068 2315//2068
f 2315//2068 2321//2068 2332//2068
f 2332//2068 2321//2068 2322//2068
f 2332//2068 2322//2068 2323//2068
f 2323//2068 2324//2068 2332//2068
f 2332//2068 2324//2068 2325//2068
f 2332//2068 2325//2068 2326//2068
f 2328//2068 2329//2068 2330//2068
f 2326//2068 2327//2068 2332//2068
f 2332//2068 2327//2068 2328//2068
f 2332//2068 2328//2068 2331//2068
f 2331//2068 2328//2068 2330//2068
f 2314//2068 2317//2068 2313//2068
f 2313//2068 2317//2068 2316//2068
f 2313//2068 2316//2068 2312//2068
f 2312//2068 2316//2068 2310//2068
f 2320//2068 2311//2068 2319//2068
f 2319//2068 2311//2068 2310//2068
f 2319//2068 2310//2068 2318//2068
f 2318//2068 2310//2068 2316//2068
f 2297//2137 2296//2137 2320//2137
f 2320//2137 2296//2137 2311//2137
f 2315//2138 2333//2138 2314//2138
f 2314//2138 2333//2138 2317//2138
f 2334//2139 2335//2139 2285//2139
f 2285//2140 2335//2140 2283//2140
f 2335//2141 2336//2141 2283//2141
f 2283//2142 2336//2142 2337//2142
f 2283//2143 2337//2143 2281//2143
f 2281//2144 2337//2144 2338//2144
f 2281//2145 2338//2145 2279//2145
f 2279//2146 2338//2146 2339//2146
f 2279//2147 2339//2147 2277//2147
f 2277//2148 2339//2148 2340//2148
f 2277//2149 2340//2149 2275//2149
f 2275//2150 2340//2150 2341//2150
f 2275//2151 2341//2151 2250//2151
f 2250//2152 2341//2152 2342//2152
f 2250//2153 2342//2153 2248//2153
f 2248//2154 2342//2154 2343//2154
f 2248//2155 2343//2155 2246//2155
f 2246//2156 2343//2156 2344//2156
f 2246//2157 2344//2157 2244//2157
f 2244//2158 2344//2158 2345//2158
f 2244//2159 2345//2159 2242//2159
f 2242//2160 2345//2160 2346//2160
f 2242//2161 2346//2161 2240//2161
f 2240//2162 2346//2162 2347//2162
f 2240//2163 2347//2163 2259//2163
f 2259//2164 2347//2164 2348//2164
f 2259//2165 2348//2165 2257//2165
f 2257//2166 2348//2166 2349//2166
f 2257//2167 2349//2167 2255//2167
f 2255//2168 2349//2168 2350//2168
f 2255//2169 2350//2169 2253//2169
f 2253//2170 2350//2170 2351//2170
f 2253//2171 2351//2171 2251//2171
f 2251//2172 2351//2172 2352//2172
f 2251//2173 2352//2173 2270//2173
f 2270//2174 2352//2174 2353//2174
f 2270//2175 2353//2175 2268//2175
f 2268//2176 2353//2176 2354//2176
f 2268//2177 2354//2177 2266//2177
f 2266//2178 2354//2178 2355//2178
f 2266//2179 2355//2179 2264//2179
f 2264//2180 2355//2180 2356//2180
f 2264//2181 2356//2181 2262//2181
f 2262//2182 2356//2182 2357//2182
f 2262//2183 2357//2183 2293//2183
f 2293//2184 2357//2184 2358//2184
f 2293//2185 2358//2185 2291//2185
f 2291//2186 2358//2186 2359//2186
f 2291//2187 2359//2187 2289//2187
f 2289//2188 2359//2188 2334//2188
f 2289//2189 2334//2189 2287//2189
f 2287//2190 2334//2190 2285//2190
f 2336//2067 2360//2067 2361//2067
f 2362//2067 2343//2067 2363//2067
f 2363//2067 2343//2067 2342//2067
f 2363//2067 2342//2067 2364//2067
f 2364//2067 2342//2067 2341//2067
f 2364//2067 2341//2067 2365//2067
f 2365//2067 2341//2067 2340//2067
f 2365//2067 2340//2067 2366//2067
f 2366//2067 2340//2067 2339//2067
f 2366//2067 2339//2067 2367//2067
f 2367//2067 2339//2067 2338//2067
f 2367//2067 2338//2067 2361//2067
f 2361//2067 2338//2067 2337//2067
f 2361//2067 2337//2067 2336//2067
f 2368//2067 2352//2067 2369//2067
f 2369//2067 2352//2067 2351//2067
f 2369//2067 2351//2067 2370//2067
f 2370//2067 2351//2067 2350//2067
f 2370//2067 2350//2067 2371//2067
f 2371//2067 2350//2067 2349//2067
f 2371//2067 2349//2067 2372//2067
f 2372//2067 2349//2067 2348//2067
f 2372//2067 2348//2067 2373//2067
f 2373//2067 2348//2067 2347//2067
f 2373//2067 2347//2067 2374//2067
f 2374//2067 2347//2067 2346//2067
f 2374//2067 2346//2067 2375//2067
f 2375//2067 2346//2067 2345//2067
f 2375//2067 2345//2067 2362//2067
f 2362//2067 2345//2067 2344//2067
f 2362//2067 2344//2067 2343//2067
f 2336//2067 2335//2067 2360//2067
f 2360//2067 2335//2067 2334//2067
f 2360//2067 2334//2067 2376//2067
f 2376//2067 2334//2067 2359//2067
f 2376//2067 2359//2067 2377//2067
f 2377//2067 2359//2067 2358//2067
f 2377//2067 2358//2067 2378//2067
f 2378//2067 2358//2067 2357//2067
f 2378//2067 2357//2067 2379//2067
f 2379//2067 2357//2067 2356//2067
f 2379//2067 2356//2067 2380//2067
f 2380//2067 2356//2067 2355//2067
f 2380//2067 2355//2067 2381//2067
f 2381//2067 2355//2067 2354//2067
f 2381//2067 2354//2067 2368//2067
f 2368//2067 2354//2067 2353//2067
f 2368//2067 2353//2067 2352//2067
f 2382//2067 2383//2067 2384//2067
f 2385//2067 2386//2067 2384//2067
f 2384//2067 2386//2067 2387//2067
f 2384//2067 2387//2067 2382//2067
f 2388//2067 2389//2067 2384//2067
f 2384//2067 2389//2067 2390//2067
f 2384//2067 2390//2067 2385//2067
f 2391//2067 2392//2067 2384//2067
f 2384//2067 2392//2067 2393//2067
f 2384//2067 2393//2067 2388//2067
f 2394//2067 2395//2067 2384//2067
f 2384//2067 2395//2067 2396//2067
f 2384//2067 2396//2067 2391//2067
f 2397//2067 2398//2067 2384//2067
f 2384//2067 2398//2067 2399//2067
f 2384//2067 2399//2067 2394//2067
f 2400//2067 2401//2067 2384//2067
f 2384//2067 2401//2067 2402//2067
f 2384//2067 2402//2067 2397//2067
f 2383//2067 2403//2067 2384//2067
f 2384//2067 2403//2067 2404//2067
f 2384//2067 2404//2067 2400//2067
f 2405//2191 2394//2191 2406//2191
f 2406//2192 2394//2192 2399//2192
f 2406//2193 2399//2193 2407//2193
f 2407//2194 2399//2194 2398//2194
f 2407//2195 2398//2195 2408//2195
f 2408//2196 2398//2196 2397//2196
f 2408//2197 2397//2197 2409//2197
f 2409//2198 2397//2198 2402//2198
f 2409//2199 2402//2199 2410//2199
f 2410//2200 2402//2200 2401//2200
f 2410//2201 2401//2201 2411//2201
f 2411//2202 2401//2202 2400//2202
f 2411//2203 2400//2203 2412//2203
f 2412//2204 2400//2204 2404//2204
f 2412//2205 2404//2205 2413//2205
f 2413//2206 2404//2206 2403//2206
f 2413//2207 2403//2207 2414//2207
f 2414//2208 2403//2208 2383//2208
f 2414//2209 2383//2209 2415//2209
f 2415//2210 2383//2210 2382//2210
f 2415//2211 2382//2211 2416//2211
f 2416//2212 2382//2212 2387//2212
f 2416//2213 2387//2213 2417//2213
f 2417//2214 2387//2214 2386//2214
f 2417//2215 2386//2215 2418//2215
f 2418//2216 2386//2216 2385//2216
f 2418//2217 2385//2217 2419//2217
f 2419//2218 2385//2218 2390//2218
f 2419//2219 2390//2219 2420//2219
f 2420//2220 2390//2220 2389//2220
f 2420//2221 2389//2221 2421//2221
f 2421//2222 2389//2222 2388//2222
f 2421//2223 2388//2223 2422//2223
f 2422//2224 2388//2224 2393//2224
f 2422//2225 2393//2225 2423//2225
f 2423//2226 2393//2226 2392//2226
f 2423//2227 2392//2227 2424//2227
f 2424//2228 2392//2228 2391//2228
f 2424//2229 2391//2229 2425//2229
f 2425//2230 2391//2230 2396//2230
f 2425//2231 2396//2231 2426//2231
f 2426//2232 2396//2232 2395//2232
f 2426//2233 2395//2233 2405//2233
f 2405//2234 2395//2234 2394//2234
f 2372//2235 2406//2235 2371//2235
f 2371//2236 2406//2236 2407//2236
f 2371//2237 2407//2237 2370//2237
f 2370//2238 2407//2238 2408//2238
f 2370//2239 2408//2239 2369//2239
f 2369//2240 2408//2240 2409//2240
f 2369//2241 2409//2241 2368//2241
f 2368//2242 2409//2242 2410//2242
f 2368//2243 2410//2243 2381//2243
f 2381//2244 2410//2244 2411//2244
f 2381//2245 2411//2245 2380//2245
f 2380//2246 2411//2246 2412//2246
f 2380//2247 2412//2247 2379//2247
f 2379//2248 2412//2248 2413//2248
f 2379//2249 2413//2249 2378//2249
f 2378//2250 2413//2250 2414//2250
f 2378//2251 2414//2251 2377//2251
f 2377//2252 2414//2252 2415//2252
f 2377//2253 2415//2253 2376//2253
f 2376//2254 2415//2254 2416//2254
f 2376//2255 2416//2255 2360//2255
f 2360//2256 2416//2256 2417//2256
f 2360//2257 2417//2257 2361//2257
f 2361//2258 2417//2258 2418//2258
f 2361//2259 2418//2259 2367//2259
f 2367//2260 2418//2260 2419//2260
f 2367//2261 2419//2261 2366//2261
f 2366//2262 2419//2262 2420//2262
f 2366//2263 2420//2263 2365//2263
f 2365//2264 2420//2264 2421//2264
f 2365//2265 2421//2265 2364//2265
f 2364//2266 2421//2266 2422//2266
f 2364//2267 2422//2267 2363//2267
f 2363//2268 2422//2268 2423//2268
f 2363//2269 2423//2269 2362//2269
f 2362//2270 2423//2270 2424//2270
f 2362//2271 2424//2271 2375//2271
f 2375//2272 2424//2272 2425//2272
f 2375//2273 2425//2273 2374//2273
f 2374//2274 2425//2274 2426//2274
f 2374//2275 2426//2275 2373//2275
f 2373//2276 2426//2276 2405//2276
f 2373//2277 2405//2277 2372//2277
f 2372//2278 2405//2278 2406//2278
# Vertices: 2426, normals: 2278, texture coordinates: 0, faces: 4852

