# Blender 4.3.2
# www.blender.org
mtllib base.mtl
o base
v 0.000079 -0.047500 0.010000
v -0.000110 -0.047479 0.010000
v 0.006019 -0.055949 0.010000
v 0.000000 -0.062000 0.010000
v 0.009726 -0.061071 0.010000
v 0.056397 -0.025755 0.010000
v 0.059289 -0.017402 0.010000
v 0.048976 -0.024864 0.010000
v -0.053694 0.031000 0.010000
v -0.054850 0.028467 0.010000
v -0.032371 0.044734 0.010000
v -0.031410 0.045429 0.010000
v 0.061896 -0.003182 0.010000
v 0.058897 -0.002250 0.010000
v 0.060252 -0.014617 0.010000
v 0.057250 -0.003897 0.010000
v 0.055000 -0.004500 0.010000
v 0.047444 0.000566 0.010000
v 0.052750 0.003898 0.010000
v 0.055149 0.006142 0.010000
v 0.055000 0.004500 0.010000
v 0.043810 -0.017725 0.010000
v 0.052750 -0.003897 0.010000
v 0.046327 -0.010493 0.010000
v 0.051103 -0.002250 0.010000
v 0.047500 0.000079 0.010000
v 0.050500 0.000000 0.010000
v 0.051103 0.002250 0.010000
v 0.056658 0.004056 0.010000
v 0.057250 0.003898 0.010000
v 0.058066 0.008253 0.010000
v 0.061631 0.003327 0.010000
v 0.058897 0.002250 0.010000
v 0.061930 -0.002950 0.010000
v 0.059445 0.000205 0.010000
v 0.059500 0.000000 0.010000
v 0.028239 0.043330 0.010000
v 0.027500 0.043132 0.010000
v 0.029554 0.037186 0.010000
v 0.020539 0.042830 0.010000
v 0.016491 0.059565 0.010000
v -0.000201 0.047486 0.010000
v -0.000079 0.047500 0.010000
v 0.037088 0.029677 0.010000
v 0.039113 0.028303 0.010000
v 0.029750 0.043735 0.010000
v 0.031282 0.045267 0.010000
v 0.038326 0.048736 0.010000
v 0.028410 0.055108 0.010000
v 0.029750 0.051529 0.010000
v 0.031397 0.049882 0.010000
v 0.032000 0.047632 0.010000
v 0.046856 0.040602 0.010000
v 0.031397 0.045382 0.010000
v 0.050003 0.036183 0.010000
v 0.042030 0.030414 0.010000
v 0.053693 0.031000 0.010000
v 0.023603 0.049882 0.010000
v 0.025250 0.051529 0.010000
v 0.022428 0.057503 0.010000
v 0.026507 0.051866 0.010000
v 0.027500 0.052132 0.010000
v 0.017467 0.059489 0.010000
v 0.023574 0.049776 0.010000
v 0.023000 0.047632 0.010000
v 0.010493 0.046327 0.010000
v 0.023603 0.045382 0.010000
v 0.025250 0.043734 0.010000
v -0.029750 0.043734 0.010000
v -0.027500 0.043131 0.010000
v -0.027727 0.038317 0.010000
v -0.025250 0.043734 0.010000
v -0.020680 0.042762 0.010000
v -0.023603 0.045381 0.010000
v -0.023000 0.047631 0.010000
v -0.017468 0.059488 0.010000
v -0.028410 0.055108 0.010000
v -0.027500 0.052131 0.010000
v -0.032000 0.047631 0.010000
v -0.036237 0.050077 0.010000
v -0.031397 0.049881 0.010000
v -0.029750 0.051528 0.010000
v -0.012035 0.059449 0.010000
v -0.012725 0.060403 0.010000
v -0.010646 0.046291 0.010000
v -0.003136 0.047150 0.010000
v -0.023603 0.049881 0.010000
v -0.024298 0.050576 0.010000
v -0.025250 0.051528 0.010000
v -0.046857 0.040601 0.010000
v -0.038326 0.048735 0.010000
v 0.016613 0.059653 0.010000
v 0.016397 0.059695 0.010000
v 0.005893 0.061719 0.010000
v -0.005894 0.061719 0.010000
v -0.009989 0.060930 0.010000
v 0.061369 0.008824 0.010000
v 0.060994 0.010371 0.010000
v 0.058590 0.020279 0.010000
v 0.036211 -0.050041 0.010000
v 0.042785 -0.044871 0.010000
v 0.028641 -0.039579 0.010000
v 0.050504 -0.035963 0.010000
v 0.053390 -0.030964 0.010000
v 0.023044 -0.057559 0.010000
v 0.033520 -0.052157 0.010000
v 0.029750 -0.051528 0.010000
v 0.027500 -0.052131 0.010000
v 0.025250 -0.051528 0.010000
v 0.011734 -0.060879 0.010000
v 0.023603 -0.049881 0.010000
v 0.023000 -0.047631 0.010000
v 0.023603 -0.045381 0.010000
v 0.025250 -0.043734 0.010000
v 0.027500 -0.043131 0.010000
v 0.029750 -0.043734 0.010000
v 0.031397 -0.045381 0.010000
v 0.032000 -0.047631 0.010000
v 0.031398 -0.049881 0.010000
v -0.002070 -0.061802 0.010000
v -0.010493 -0.046327 0.010000
v -0.015129 -0.044713 0.010000
v -0.023043 -0.057559 0.010000
v -0.011733 -0.060880 0.010000
v -0.023602 -0.049882 0.010000
v -0.025250 -0.051529 0.010000
v -0.028788 -0.054597 0.010000
v -0.029750 -0.043735 0.010000
v -0.027500 -0.043132 0.010000
v -0.029554 -0.037186 0.010000
v -0.020538 -0.042830 0.010000
v -0.027500 -0.052132 0.010000
v -0.029750 -0.051529 0.010000
v -0.033519 -0.052158 0.010000
v -0.031397 -0.049882 0.010000
v -0.042785 -0.044872 0.010000
v -0.032000 -0.047632 0.010000
v -0.050194 -0.036321 0.010000
v -0.031397 -0.045382 0.010000
v -0.038473 -0.027840 0.010000
v -0.037088 -0.029677 0.010000
v -0.025250 -0.043734 0.010000
v -0.023603 -0.045382 0.010000
v -0.023000 -0.047632 0.010000
v -0.057250 0.003897 0.010000
v -0.055000 0.004500 0.010000
v -0.050730 0.010922 0.010000
v -0.052750 0.003897 0.010000
v -0.051103 0.002250 0.010000
v -0.050730 0.001419 0.010000
v -0.038730 -0.027500 0.010000
v -0.048730 -0.027500 0.010000
v -0.050503 -0.035964 0.010000
v -0.049730 -0.027232 0.010000
v -0.056397 -0.025756 0.010000
v -0.050462 -0.026500 0.010000
v -0.061930 -0.002951 0.010000
v -0.059500 -0.000000 0.010000
v -0.061645 0.003024 0.010000
v -0.058897 0.002250 0.010000
v -0.050730 -0.001420 0.010000
v -0.051103 -0.002250 0.010000
v -0.050730 -0.025500 0.010000
v -0.052750 -0.003898 0.010000
v -0.055000 -0.004500 0.010000
v -0.060252 -0.014618 0.010000
v -0.057250 -0.003898 0.010000
v -0.058897 -0.002250 0.010000
v -0.054934 0.028284 0.010000
v -0.058590 0.020278 0.010000
v -0.061369 0.008823 0.010000
v -0.050730 0.022474 0.010000
v -0.050730 0.025500 0.010000
v -0.029677 0.037088 0.010000
v -0.037186 0.029554 0.010000
v -0.038730 0.027500 0.010000
v -0.048730 0.027500 0.010000
v -0.049730 0.027232 0.010000
v -0.050462 0.026500 0.010000
v 0.027728 -0.038317 0.010000
v 0.020680 -0.042762 0.010000
v 0.010647 -0.046291 0.010000
v 0.042830 -0.020538 0.010000
v 0.037186 -0.029554 0.010000
v 0.029677 -0.037088 0.010000
v 0.038318 0.027727 0.010000
v 0.042762 0.020680 0.010000
v 0.046292 0.010647 0.010000
v -0.038852 0.024441 0.005000
v -0.039751 0.022950 0.005000
v -0.040011 0.023100 0.005000
v -0.043316 0.015183 0.005000
v -0.044148 0.013617 0.005000
v -0.045609 0.005164 0.005000
v -0.046071 0.003452 0.005000
v -0.045614 -0.005115 0.005000
v -0.045684 -0.006886 0.005000
v -0.043332 -0.015137 0.005000
v -0.043006 -0.016879 0.005000
v -0.038878 -0.024399 0.005000
v -0.038172 -0.026026 0.005000
v -0.032474 -0.032439 0.005000
v -0.031424 -0.033867 0.005000
v -0.024441 -0.038852 0.005000
v -0.023100 -0.040011 0.005000
v -0.015183 -0.043316 0.005000
v -0.013617 -0.044148 0.005000
v -0.005164 -0.045609 0.005000
v -0.003452 -0.046071 0.005000
v 0.005115 -0.045614 0.005000
v 0.006886 -0.045684 0.005000
v 0.015137 -0.043332 0.005000
v 0.016879 -0.043006 0.005000
v 0.024399 -0.038878 0.005000
v 0.026026 -0.038172 0.005000
v 0.032439 -0.032474 0.005000
v 0.033867 -0.031424 0.005000
v 0.038852 -0.024441 0.005000
v 0.040011 -0.023100 0.005000
v 0.043316 -0.015183 0.005000
v 0.044148 -0.013617 0.005000
v 0.045609 -0.005164 0.005000
v 0.046071 -0.003452 0.005000
v 0.045614 0.005115 0.005000
v 0.045684 0.006886 0.005000
v 0.043332 0.015137 0.005000
v 0.043006 0.016879 0.005000
v 0.038878 0.024399 0.005000
v 0.038172 0.026026 0.005000
v 0.032474 0.032439 0.005000
v 0.031424 0.033867 0.005000
v 0.024441 0.038852 0.005000
v 0.023100 0.040011 0.005000
v 0.015183 0.043316 0.005000
v 0.013617 0.044148 0.005000
v 0.005164 0.045609 0.005000
v 0.003452 0.046071 0.005000
v -0.005115 0.045614 0.005000
v -0.006886 0.045684 0.005000
v -0.015137 0.043332 0.005000
v -0.016879 0.043006 0.005000
v -0.024399 0.038878 0.005000
v -0.026026 0.038172 0.005000
v -0.032439 0.032474 0.005000
v -0.033867 0.031424 0.005000
v -0.056375 -0.002382 0.004500
v -0.056858 -0.001899 0.000000
v -0.057382 -0.001375 0.004500
v -0.057382 -0.001375 0.000000
v -0.057750 -0.000000 0.004500
v -0.057750 -0.000000 0.000000
v -0.057382 0.001375 0.004500
v -0.057382 0.001375 0.000000
v -0.056375 0.002381 0.004500
v -0.056375 0.002381 0.000000
v -0.055000 0.002750 0.004500
v -0.055000 0.002750 0.000000
v -0.054284 0.002558 0.000000
v -0.053625 0.002381 0.004500
v -0.053625 0.002381 0.000000
v -0.052618 0.001375 0.004500
v -0.052618 0.001375 0.000000
v -0.052250 -0.000000 0.004500
v -0.052250 -0.000000 0.000000
v -0.052618 -0.001375 0.004500
v -0.052618 -0.001375 0.000000
v -0.053625 -0.002382 0.004500
v -0.053625 -0.002382 0.000000
v -0.055000 -0.002750 0.004500
v -0.055000 -0.002750 0.000000
v -0.056375 -0.002382 0.000000
v 0.056375 0.002382 0.004500
v 0.057250 0.003898 0.004500
v 0.055000 0.002750 0.004500
v 0.055000 0.004500 0.004500
v 0.053625 0.002382 0.004500
v 0.052750 0.003898 0.004500
v 0.052618 0.001375 0.004500
v 0.051103 0.002250 0.004500
v 0.052250 0.000000 0.004500
v 0.050500 0.000000 0.004500
v 0.052618 -0.001375 0.004500
v 0.051103 -0.002250 0.004500
v 0.053625 -0.002381 0.004500
v 0.052750 -0.003897 0.004500
v 0.055000 -0.002750 0.004500
v 0.055000 -0.004500 0.004500
v 0.056375 -0.002381 0.004500
v 0.057250 -0.003897 0.004500
v 0.057382 -0.001375 0.004500
v 0.058897 -0.002250 0.004500
v 0.057750 0.000000 0.004500
v 0.059500 0.000000 0.004500
v 0.057382 0.001375 0.004500
v 0.058897 0.002250 0.004500
v -0.024750 -0.047632 0.004500
v -0.023000 -0.047632 0.004500
v -0.025118 -0.046257 0.004500
v -0.023603 -0.045382 0.004500
v -0.026125 -0.045250 0.004500
v -0.025250 -0.043734 0.004500
v -0.027500 -0.044882 0.004500
v -0.027500 -0.043132 0.004500
v -0.028875 -0.045250 0.004500
v -0.029750 -0.043735 0.004500
v -0.029881 -0.046257 0.004500
v -0.031397 -0.045382 0.004500
v -0.030250 -0.047632 0.004500
v -0.032000 -0.047632 0.004500
v -0.029881 -0.049007 0.004500
v -0.031397 -0.049882 0.004500
v -0.028875 -0.050013 0.004500
v -0.029750 -0.051529 0.004500
v -0.027500 -0.050382 0.004500
v -0.027500 -0.052132 0.004500
v -0.026125 -0.050013 0.004500
v -0.025250 -0.051529 0.004500
v -0.025118 -0.049007 0.004500
v -0.023602 -0.049882 0.004500
v 0.026125 0.050013 0.004500
v 0.025250 0.051529 0.004500
v 0.025118 0.049007 0.004500
v 0.023603 0.049882 0.004500
v 0.024750 0.047632 0.004500
v 0.023000 0.047632 0.004500
v 0.025118 0.046257 0.004500
v 0.023603 0.045382 0.004500
v 0.026125 0.045250 0.004500
v 0.025250 0.043734 0.004500
v 0.027500 0.044882 0.004500
v 0.027500 0.043132 0.004500
v 0.028875 0.045250 0.004500
v 0.029750 0.043735 0.004500
v 0.029881 0.046257 0.004500
v 0.031397 0.045382 0.004500
v 0.030250 0.047632 0.004500
v 0.032000 0.047632 0.004500
v 0.029881 0.049007 0.004500
v 0.031397 0.049882 0.004500
v 0.028875 0.050013 0.004500
v 0.029750 0.051529 0.004500
v 0.027500 0.050382 0.004500
v 0.027500 0.052132 0.004500
v -0.025119 0.049006 0.004500
v -0.023603 0.049881 0.004500
v -0.026125 0.050013 0.004500
v -0.025250 0.051528 0.004500
v -0.027500 0.050381 0.004500
v -0.027500 0.052131 0.004500
v -0.028875 0.050013 0.004500
v -0.029750 0.051528 0.004500
v -0.029882 0.049006 0.004500
v -0.031397 0.049881 0.004500
v -0.030250 0.047631 0.004500
v -0.032000 0.047631 0.004500
v -0.029882 0.046256 0.004500
v -0.031397 0.045381 0.004500
v -0.028875 0.045250 0.004500
v -0.029750 0.043734 0.004500
v -0.027500 0.044881 0.004500
v -0.027500 0.043131 0.004500
v -0.026125 0.045250 0.004500
v -0.025250 0.043734 0.004500
v -0.025119 0.046256 0.004500
v -0.023603 0.045381 0.004500
v -0.024750 0.047631 0.004500
v -0.023000 0.047631 0.004500
v 0.030250 -0.047631 0.004500
v 0.032000 -0.047631 0.004500
v 0.029882 -0.046256 0.004500
v 0.031397 -0.045381 0.004500
v 0.028875 -0.045250 0.004500
v 0.029750 -0.043734 0.004500
v 0.027500 -0.044881 0.004500
v 0.027500 -0.043131 0.004500
v 0.026125 -0.045250 0.004500
v 0.025250 -0.043734 0.004500
v 0.025119 -0.046256 0.004500
v 0.023603 -0.045381 0.004500
v 0.024750 -0.047631 0.004500
v 0.023000 -0.047631 0.004500
v 0.025119 -0.049006 0.004500
v 0.023603 -0.049881 0.004500
v 0.026125 -0.050013 0.004500
v 0.025250 -0.051528 0.004500
v 0.027500 -0.050381 0.004500
v 0.027500 -0.052131 0.004500
v 0.028875 -0.050013 0.004500
v 0.029750 -0.051528 0.004500
v 0.029882 -0.049006 0.004500
v 0.031398 -0.049881 0.004500
v 0.028868 0.055997 0.009000
v 0.023414 0.058487 0.001000
v 0.020525 0.059337 0.009000
v 0.020545 0.059330 0.001000
v 0.017749 0.060448 0.009000
v 0.011922 0.061862 0.001000
v 0.008925 0.062149 0.009000
v 0.008945 0.062146 0.001000
v 0.005988 0.062715 0.009000
v -0.000000 0.063000 0.001000
v -0.002998 0.062715 0.009000
v -0.002978 0.062716 0.001000
v -0.005989 0.062715 0.009000
v -0.011923 0.061861 0.001000
v -0.014813 0.061014 0.009000
v -0.014793 0.061019 0.001000
v -0.017750 0.060448 0.009000
v -0.023415 0.058487 0.001000
v -0.026092 0.057108 0.009000
v -0.026074 0.057116 0.001000
v -0.028869 0.055996 0.009000
v -0.034061 0.052999 0.001000
v -0.036428 0.051138 0.009000
v -0.036412 0.051150 0.001000
v -0.038944 0.049521 0.009000
v -0.043475 0.045595 0.001000
v -0.045448 0.043320 0.009000
v -0.045434 0.043335 0.001000
v -0.047613 0.041256 0.009000
v -0.051319 0.036543 0.001000
v -0.052825 0.033936 0.009000
v -0.052814 0.033953 0.001000
v -0.054560 0.031500 0.009000
v -0.057307 0.026171 0.001000
v -0.058293 0.023325 0.009000
v -0.058285 0.023344 0.001000
v -0.059535 0.020605 0.009000
v -0.061224 0.014852 0.001000
v -0.061654 0.011872 0.009000
v -0.061650 0.011892 0.001000
v -0.062359 0.008965 0.009000
v -0.062929 0.002997 0.001000
v -0.062786 -0.000011 0.009000
v -0.062786 0.000010 0.001000
v -0.062929 -0.002998 0.009000
v -0.062359 -0.008966 0.001000
v -0.061650 -0.011893 0.009000
v -0.061654 -0.011873 0.001000
v -0.061224 -0.014853 0.009000
v -0.059535 -0.020606 0.001000
v -0.058285 -0.023345 0.009000
v -0.058292 -0.023326 0.001000
v -0.057307 -0.026172 0.009000
v -0.054559 -0.031500 0.001000
v -0.052813 -0.033954 0.009000
v -0.052824 -0.033937 0.001000
v -0.051318 -0.036544 0.009000
v -0.047612 -0.041257 0.001000
v -0.045433 -0.043335 0.009000
v -0.045447 -0.043321 0.001000
v -0.043475 -0.045596 0.009000
v -0.038944 -0.049522 0.001000
v -0.036411 -0.051150 0.009000
v -0.036428 -0.051139 0.001000
v -0.034060 -0.052999 0.009000
v -0.028868 -0.055997 0.001000
v -0.026073 -0.057117 0.009000
v -0.026091 -0.057108 0.001000
v -0.023414 -0.058487 0.009000
v -0.017749 -0.060448 0.001000
v -0.014792 -0.061019 0.009000
v -0.014812 -0.061014 0.001000
v -0.011922 -0.061862 0.009000
v -0.005988 -0.062715 0.001000
v -0.002977 -0.062716 0.009000
v -0.002997 -0.062715 0.001000
v 0.000000 -0.063000 0.009000
v 0.005989 -0.062715 0.001000
v 0.008946 -0.062146 0.009000
v 0.008926 -0.062149 0.001000
v 0.011923 -0.061861 0.009000
v 0.017750 -0.060448 0.001000
v 0.020545 -0.059330 0.009000
v 0.020526 -0.059336 0.001000
v 0.023415 -0.058487 0.009000
v 0.028869 -0.055996 0.001000
v 0.031402 -0.054369 0.009000
v 0.031385 -0.054379 0.001000
v 0.034061 -0.052999 0.009000
v 0.038944 -0.049521 0.001000
v 0.041124 -0.047444 0.009000
v 0.041109 -0.047457 0.001000
v 0.043475 -0.045595 0.009000
v 0.047613 -0.041256 0.001000
v 0.049360 -0.038804 0.009000
v 0.049347 -0.038820 0.001000
v 0.051319 -0.036543 0.009000
v 0.054560 -0.031500 0.001000
v 0.055812 -0.028761 0.009000
v 0.055802 -0.028779 0.001000
v 0.057307 -0.026171 0.009000
v 0.059535 -0.020605 0.001000
v 0.060246 -0.017679 0.009000
v 0.060240 -0.017698 0.001000
v 0.061224 -0.014852 0.009000
v 0.062359 -0.008965 0.001000
v 0.062503 -0.005958 0.009000
v 0.062501 -0.005978 0.001000
v 0.062929 -0.002997 0.009000
v 0.062929 0.002998 0.001000
v 0.062501 0.005979 0.009000
v 0.062503 0.005959 0.001000
v 0.062359 0.008966 0.009000
v 0.061224 0.014853 0.001000
v 0.060240 0.017699 0.009000
v 0.060246 0.017680 0.001000
v 0.059535 0.020606 0.009000
v 0.057307 0.026172 0.001000
v 0.055802 0.028780 0.009000
v 0.055811 0.028762 0.001000
v 0.054559 0.031500 0.009000
v 0.051318 0.036544 0.001000
v 0.049347 0.038820 0.009000
v 0.049359 0.038804 0.001000
v 0.047612 0.041257 0.009000
v 0.043475 0.045596 0.001000
v 0.041108 0.047458 0.009000
v 0.041124 0.047444 0.001000
v 0.038944 0.049522 0.009000
v 0.034060 0.052999 0.001000
v 0.031500 0.054560 0.009000
v 0.031402 0.054370 0.001000
v -0.057250 0.003897 0.004500
v -0.058897 0.002250 0.004500
v -0.059500 -0.000000 0.004500
v -0.058897 -0.002250 0.004500
v -0.057250 -0.003898 0.004500
v -0.055000 -0.004500 0.004500
v -0.052750 -0.003898 0.004500
v -0.051103 -0.002250 0.004500
v -0.050500 -0.000000 0.004500
v -0.051103 0.002250 0.004500
v -0.052750 0.003897 0.004500
v -0.055000 0.004500 0.004500
v -0.050500 -0.000000 0.010000
v 0.056858 0.001899 0.000000
v 0.057382 0.001375 0.000000
v 0.057750 0.000000 0.000000
v 0.057382 -0.001375 0.000000
v 0.056375 -0.002381 0.000000
v 0.055000 -0.002750 0.000000
v 0.054284 -0.002558 0.000000
v 0.053625 -0.002381 0.000000
v 0.052618 -0.001375 0.000000
v 0.052250 0.000000 0.000000
v 0.052618 0.001375 0.000000
v 0.053625 0.002382 0.000000
v 0.055000 0.002750 0.000000
v 0.056375 0.002382 0.000000
v -0.028875 -0.050013 0.000000
v -0.029881 -0.049007 0.000000
v -0.030250 -0.047632 0.000000
v -0.029881 -0.046257 0.000000
v -0.028875 -0.045250 0.000000
v -0.027500 -0.044882 0.000000
v -0.026125 -0.045250 0.000000
v -0.025118 -0.046257 0.000000
v -0.024750 -0.047632 0.000000
v -0.025118 -0.049007 0.000000
v -0.026125 -0.050013 0.000000
v -0.027500 -0.050382 0.000000
v 0.026125 0.045250 0.000000
v 0.025118 0.046257 0.000000
v 0.024750 0.047632 0.000000
v 0.025118 0.049007 0.000000
v 0.026125 0.050013 0.000000
v 0.027500 0.050382 0.000000
v 0.028875 0.050013 0.000000
v 0.029881 0.049007 0.000000
v 0.030250 0.047632 0.000000
v 0.029881 0.046257 0.000000
v 0.028875 0.045250 0.000000
v 0.027500 0.044882 0.000000
v -0.029358 0.045732 0.000000
v -0.029882 0.046256 0.000000
v -0.030250 0.047631 0.000000
v -0.029882 0.049006 0.000000
v -0.028875 0.050013 0.000000
v -0.027500 0.050381 0.000000
v -0.026785 0.050189 0.000000
v -0.026125 0.050013 0.000000
v -0.025119 0.049006 0.000000
v -0.024750 0.047631 0.000000
v -0.025119 0.046256 0.000000
v -0.026125 0.045250 0.000000
v -0.027500 0.044881 0.000000
v -0.028875 0.045250 0.000000
v 0.029358 -0.045732 0.000000
v 0.029882 -0.046256 0.000000
v 0.030250 -0.047631 0.000000
v 0.029882 -0.049006 0.000000
v 0.028875 -0.050013 0.000000
v 0.027500 -0.050381 0.000000
v 0.026785 -0.050189 0.000000
v 0.026125 -0.050013 0.000000
v 0.025119 -0.049006 0.000000
v 0.024750 -0.047631 0.000000
v 0.025119 -0.046256 0.000000
v 0.026125 -0.045250 0.000000
v 0.027500 -0.044881 0.000000
v 0.028875 -0.045250 0.000000
v 0.046857 -0.040601 0.000000
v 0.053694 -0.031000 0.000000
v 0.038326 -0.048735 0.000000
v 0.028410 -0.055108 0.000000
v 0.022853 -0.057332 0.000000
v 0.022603 -0.057433 0.000000
v 0.017468 -0.059488 0.000000
v 0.007811 -0.061350 0.000000
v 0.005894 -0.061719 0.000000
v -0.005893 -0.061719 0.000000
v -0.007909 -0.061331 0.000000
v -0.017467 -0.059489 0.000000
v -0.028410 -0.055108 0.000000
v -0.038325 -0.048736 0.000000
v -0.046856 -0.040602 0.000000
v -0.049112 -0.037434 0.000000
v -0.053693 -0.031000 0.000000
v -0.056894 -0.023993 0.000000
v -0.058590 -0.020279 0.000000
v -0.061217 -0.009450 0.000000
v -0.061369 -0.008824 0.000000
v -0.061375 -0.008704 0.000000
v -0.061930 0.002950 0.000000
v -0.060252 0.014617 0.000000
v -0.056397 0.025755 0.000000
v -0.053451 0.030859 0.000000
v -0.050504 0.035963 0.000000
v -0.042785 0.044871 0.000000
v -0.033520 0.052157 0.000000
v -0.023150 0.057504 0.000000
v -0.023044 0.057559 0.000000
v -0.022425 0.057740 0.000000
v -0.011734 0.060879 0.000000
v -0.007669 0.061268 0.000000
v -0.000000 0.062000 0.000000
v 0.007862 0.061249 0.000000
v 0.011733 0.060880 0.000000
v 0.023043 0.057559 0.000000
v 0.033519 0.052158 0.000000
v 0.042785 0.044872 0.000000
v 0.049159 0.037515 0.000000
v 0.050503 0.035964 0.000000
v 0.056397 0.025756 0.000000
v 0.057036 0.023911 0.000000
v 0.060252 0.014618 0.000000
v 0.061039 0.009143 0.000000
v 0.061078 0.008876 0.000000
v 0.061930 0.002951 0.000000
v 0.061369 -0.008823 0.000000
v 0.058590 -0.020278 0.000000
v 0.003452 0.046071 0.000000
v -0.000997 0.045904 0.000000
v 0.003987 0.054538 0.000000
v 0.060933 0.008959 0.000000
v -0.046071 0.003452 0.000000
v -0.045684 -0.006886 0.000000
v -0.060933 -0.008959 0.000000
v -0.041158 -0.020376 0.000000
v -0.043006 -0.016879 0.000000
v -0.041821 0.024145 0.000000
v -0.040011 0.023100 0.000000
v -0.044148 0.013617 0.000000
v 0.046071 -0.003452 0.000000
v 0.045684 0.006886 0.000000
v 0.043006 0.016879 0.000000
v 0.041158 0.020376 0.000000
v 0.041821 -0.024145 0.000000
v 0.040011 -0.023100 0.000000
v 0.044148 -0.013617 0.000000
v -0.026026 0.038172 0.000000
v -0.016879 0.043006 0.000000
v -0.006886 0.045684 0.000000
v -0.002933 0.045832 0.000000
v -0.022709 0.057249 0.000000
v -0.033867 0.031424 0.000000
v 0.026026 -0.038172 0.000000
v 0.016879 -0.043006 0.000000
v 0.006886 -0.045684 0.000000
v 0.002933 -0.045832 0.000000
v 0.022709 -0.057249 0.000000
v 0.033867 -0.031424 0.000000
v 0.045237 0.030723 0.000000
v -0.045237 -0.030723 0.000000
v -0.003987 -0.054538 0.000000
v 0.040253 0.022089 0.000000
v 0.038172 0.026026 0.000000
v 0.031424 0.033867 0.000000
v 0.023100 0.040011 0.000000
v 0.013617 0.044148 0.000000
v -0.040253 -0.022089 0.000000
v -0.038172 -0.026026 0.000000
v -0.013617 -0.044148 0.000000
v -0.023100 -0.040011 0.000000
v -0.031424 -0.033867 0.000000
v 0.000997 -0.045904 0.000000
v -0.003452 -0.046071 0.000000
v 0.021532 -0.041214 0.139650
v 0.023620 -0.041211 0.139650
v 0.025878 -0.039832 0.140018
v 0.023988 -0.039835 0.140018
v 0.027368 -0.038823 0.141025
v 0.025589 -0.038826 0.141025
v 0.025985 -0.038562 0.141646
v 0.027740 -0.038558 0.141650
v 0.026141 -0.038457 0.142400
v 0.023620 -0.041211 0.145150
v 0.023988 -0.039835 0.144782
v 0.025878 -0.039832 0.144782
v 0.025589 -0.038826 0.143775
v 0.027368 -0.038823 0.143775
v 0.025984 -0.038563 0.143155
v 0.027740 -0.038558 0.143150
v 0.027885 -0.038454 0.142400
v 0.018849 -0.043600 0.143775
v 0.016152 -0.043605 0.143775
v 0.020681 -0.042762 0.144674
v 0.018655 -0.042594 0.144782
v 0.021041 -0.042572 0.144732
v 0.020809 -0.041561 0.145057
v 0.021532 -0.041214 0.145150
v 0.018255 -0.043852 0.143196
v 0.018049 -0.043937 0.142824
v 0.015472 -0.043851 0.143215
v 0.017969 -0.043970 0.142400
v 0.015219 -0.043939 0.142843
v 0.015115 -0.043975 0.142400
v 0.015220 -0.043939 0.141956
v 0.015628 -0.043795 0.141425
v 0.016152 -0.043605 0.141025
v 0.018050 -0.043937 0.141975
v 0.018389 -0.043796 0.141439
v 0.018849 -0.043600 0.141025
v 0.018655 -0.042594 0.140018
v 0.020677 -0.042754 0.140182
v 0.021032 -0.042590 0.140018
v 0.020809 -0.041561 0.139743
v 0.018704 0.043663 0.141025
v 0.016007 0.043658 0.141025
v 0.020539 0.042830 0.140126
v 0.018513 0.042656 0.140018
v 0.020899 0.042641 0.140067
v 0.020674 0.041629 0.139742
v 0.023484 0.041289 0.139650
v 0.018110 0.043912 0.141603
v 0.017903 0.043997 0.141976
v 0.015327 0.043902 0.141584
v 0.017823 0.044030 0.142400
v 0.015073 0.043989 0.141957
v 0.014969 0.044025 0.142400
v 0.015074 0.043989 0.142844
v 0.015482 0.043847 0.143375
v 0.016007 0.043658 0.143775
v 0.017904 0.043997 0.142825
v 0.018244 0.043857 0.143361
v 0.018704 0.043663 0.143775
v 0.018513 0.042656 0.144782
v 0.020535 0.042823 0.144618
v 0.020891 0.042660 0.144782
v 0.020674 0.041629 0.145058
v 0.021396 0.041286 0.145150
v 0.023484 0.041289 0.145150
v 0.025746 0.039918 0.144782
v 0.023856 0.039915 0.144782
v 0.027240 0.038914 0.143775
v 0.025460 0.038911 0.143775
v 0.025856 0.038649 0.143155
v 0.027612 0.038650 0.143151
v 0.026013 0.038543 0.142400
v 0.021396 0.041286 0.139650
v 0.023856 0.039915 0.140018
v 0.025746 0.039918 0.140018
v 0.025460 0.038911 0.141025
v 0.027240 0.038914 0.141025
v 0.025856 0.038649 0.141645
v 0.027612 0.038650 0.141649
v 0.027757 0.038546 0.142400
v -0.000078 0.047500 0.154800
v -0.010646 0.046291 0.154800
v 0.000000 0.000000 0.154800
v 0.029554 0.037186 0.154800
v 0.020539 0.042830 0.154800
v 0.010493 0.046327 0.154800
v 0.046292 0.010647 0.154800
v 0.042762 0.020680 0.154800
v 0.037088 0.029677 0.154800
v 0.042830 -0.020538 0.154800
v 0.046327 -0.010493 0.154800
v 0.047500 0.000079 0.154800
v 0.020681 -0.042762 0.154800
v 0.029678 -0.037088 0.154800
v 0.037186 -0.029554 0.154800
v -0.010493 -0.046327 0.154800
v 0.000079 -0.047500 0.154800
v 0.010647 -0.046291 0.154800
v -0.037088 -0.029677 0.154800
v -0.029554 -0.037186 0.154800
v -0.020538 -0.042830 0.154800
v -0.047500 -0.000079 0.154800
v -0.046291 -0.010647 0.154800
v -0.042761 -0.020680 0.154800
v -0.037186 0.029554 0.154800
v -0.042830 0.020538 0.154800
v -0.046326 0.010493 0.154800
v -0.020680 0.042762 0.154800
v -0.029677 0.037088 0.154800
v -0.042762 -0.020680 0.044000
v -0.038730 -0.027500 0.044000
v -0.046291 -0.010647 0.044000
v -0.047500 -0.000079 0.044000
v -0.046326 0.010493 0.044000
v -0.038730 0.027500 0.044000
v -0.042830 0.020538 0.044000
v 0.021532 -0.041214 0.142400
v 0.017152 -0.043221 0.143103
v 0.019743 -0.042101 0.142262
v 0.021396 0.041286 0.142400
v 0.016007 0.043658 0.142400
v 0.019605 0.042165 0.142262
v -0.080430 -0.015926 0.021068
v -0.080430 -0.018433 0.023575
v -0.080430 -0.012501 0.027000
v -0.080430 -0.019351 0.027000
v -0.080430 -0.018433 0.030425
v -0.080430 -0.006568 0.023575
v -0.080430 -0.009076 0.021068
v -0.080430 -0.012501 0.020150
v -0.080430 -0.009076 0.032932
v -0.080430 -0.006568 0.030425
v -0.080430 -0.005651 0.027000
v -0.080430 -0.015926 0.032932
v -0.080430 -0.012501 0.033850
v -0.068130 -0.018433 0.030425
v -0.068130 -0.015926 0.032932
v -0.068130 -0.012501 0.033850
v -0.068130 -0.009076 0.032932
v -0.068130 -0.006568 0.030425
v -0.068130 -0.005651 0.027000
v -0.068130 -0.006568 0.023575
v -0.068130 -0.009076 0.021068
v -0.068130 -0.012501 0.020150
v -0.068130 -0.015926 0.021068
v -0.068130 -0.018433 0.023575
v -0.068130 -0.019351 0.027000
v -0.068130 -0.009401 0.021631
v -0.068130 -0.007131 0.023900
v -0.068130 -0.006301 0.027000
v -0.068130 -0.007131 0.030100
v -0.068130 -0.009401 0.032370
v -0.068130 -0.012501 0.033200
v -0.068130 -0.015601 0.032370
v -0.068130 -0.017870 0.030100
v -0.068130 -0.018701 0.027000
v -0.068130 -0.017870 0.023900
v -0.068130 -0.015601 0.021631
v -0.068130 -0.012501 0.020800
v -0.057561 -0.011274 0.033078
v -0.056930 -0.011216 0.033066
v -0.056930 -0.009400 0.032369
v -0.058090 -0.011624 0.033138
v -0.058390 -0.012183 0.033192
v -0.056930 -0.015600 0.032369
v -0.056930 -0.013785 0.033066
v -0.057561 -0.013727 0.033078
v -0.058390 -0.012500 0.033192
v -0.058390 -0.012818 0.033192
v -0.058090 -0.013376 0.033138
v -0.056930 -0.007131 0.030100
v -0.056930 -0.006300 0.027000
v -0.056930 -0.007131 0.023900
v -0.056930 -0.009400 0.021631
v -0.056930 -0.012500 0.020800
v -0.056930 -0.015600 0.021631
v -0.056930 -0.017870 0.023900
v -0.056930 -0.018700 0.027000
v -0.056930 -0.017870 0.030100
v -0.058090 -0.011624 0.032784
v -0.057561 -0.011274 0.032720
v -0.056930 -0.011216 0.032707
v -0.058390 -0.012818 0.032842
v -0.058390 -0.012183 0.032842
v -0.058090 -0.013376 0.032784
v -0.057561 -0.013727 0.032720
v -0.056930 -0.013785 0.032707
v -0.056930 -0.013066 0.032823
v -0.057212 -0.013095 0.032820
v -0.057476 -0.012990 0.032830
v -0.056930 -0.011935 0.032823
v -0.057212 -0.011906 0.032820
v -0.057476 -0.012011 0.032830
v -0.057663 -0.012225 0.032844
v -0.057730 -0.012500 0.032850
v -0.057663 -0.012776 0.032844
v -0.056930 -0.013066 0.027000
v -0.057212 -0.013095 0.027000
v -0.057476 -0.012990 0.027000
v -0.057663 -0.012776 0.027000
v -0.057730 -0.012500 0.027000
v -0.057663 -0.012225 0.027000
v -0.057476 -0.012011 0.027000
v -0.057212 -0.011906 0.027000
v -0.056930 -0.011935 0.027000
v -0.056930 -0.015692 0.035415
v -0.056930 -0.019237 0.032968
v -0.056930 -0.021239 0.029154
v -0.056930 -0.021500 0.027000
v -0.056930 -0.007388 0.034407
v -0.056930 -0.011416 0.035935
v -0.056930 -0.004531 0.031183
v -0.056930 -0.003500 0.027000
v -0.056930 -0.004531 0.022818
v -0.056930 -0.007388 0.019593
v -0.056930 -0.011416 0.018066
v -0.056930 -0.015692 0.018585
v -0.056930 -0.019237 0.021032
v -0.056930 -0.021239 0.024846
v -0.050730 -0.021500 0.027000
v -0.050730 -0.021239 0.024846
v -0.050730 -0.019237 0.021032
v -0.050730 -0.015692 0.018585
v -0.050730 -0.011416 0.018066
v -0.050730 -0.007388 0.019593
v -0.050730 -0.004531 0.022818
v -0.050730 -0.003500 0.027000
v -0.050730 -0.004531 0.031183
v -0.050730 -0.007388 0.034407
v -0.050730 -0.011416 0.035934
v -0.050730 -0.015692 0.035415
v -0.050730 -0.019237 0.032968
v -0.050730 -0.021239 0.029154
v -0.048730 -0.027500 0.044000
v -0.050730 -0.025500 0.044000
v -0.050730 0.025500 0.044000
v -0.049730 -0.027232 0.044000
v -0.050462 -0.026500 0.044000
v -0.050462 0.026500 0.044000
v -0.049730 0.027232 0.044000
v -0.048730 0.027500 0.044000
v -0.050730 0.023818 0.032040
v -0.050730 0.020790 0.036208
v -0.050730 0.024890 0.027000
v -0.050730 0.023818 0.021961
v -0.050730 0.002476 0.019717
v -0.050730 0.002476 0.034283
v -0.050730 0.006305 0.037730
v -0.050730 0.011205 0.039322
v -0.050730 0.016328 0.038784
v -0.050730 0.000380 0.029576
v -0.050730 0.000110 0.027000
v -0.050730 0.000380 0.024424
v -0.050730 0.006305 0.016270
v -0.050730 0.011205 0.014678
v -0.050730 0.016328 0.015217
v -0.050730 0.020790 0.017793
v 0.035765 -0.025216 0.003600
v 0.035765 -0.025216 0.001000
v 0.034955 -0.024343 0.003600
v 0.034955 -0.024343 0.001000
v 0.034691 -0.023182 0.003600
v 0.034691 -0.023182 0.001000
v 0.035043 -0.022045 0.003600
v 0.035043 -0.022045 0.001000
v 0.035916 -0.021236 0.003600
v 0.035916 -0.021236 0.001000
v 0.037077 -0.020971 0.003600
v 0.037077 -0.020971 0.001000
v 0.038214 -0.021323 0.003600
v 0.038214 -0.021323 0.001000
v 0.025216 0.035765 0.003600
v 0.025216 0.035765 0.001000
v 0.024343 0.034955 0.003600
v 0.024343 0.034955 0.001000
v 0.023182 0.034691 0.003600
v 0.023182 0.034691 0.001000
v 0.022045 0.035043 0.003600
v 0.022045 0.035043 0.001000
v 0.021236 0.035916 0.003600
v 0.021236 0.035916 0.001000
v 0.020971 0.037077 0.003600
v 0.020971 0.037077 0.001000
v 0.021323 0.038214 0.003600
v 0.021323 0.038214 0.001000
v -0.035765 0.025216 0.003600
v -0.035765 0.025216 0.001000
v -0.034955 0.024343 0.003600
v -0.034955 0.024343 0.001000
v -0.034691 0.023182 0.003600
v -0.034691 0.023182 0.001000
v -0.035043 0.022045 0.003600
v -0.035043 0.022045 0.001000
v -0.035916 0.021236 0.003600
v -0.035916 0.021236 0.001000
v -0.037077 0.020971 0.003600
v -0.037077 0.020971 0.001000
v -0.038214 0.021323 0.003600
v -0.038214 0.021323 0.001000
v -0.025216 -0.035765 0.003600
v -0.025216 -0.035765 0.001000
v -0.024343 -0.034955 0.003600
v -0.024343 -0.034955 0.001000
v -0.023182 -0.034691 0.003600
v -0.023182 -0.034691 0.001000
v -0.022045 -0.035043 0.003600
v -0.022045 -0.035043 0.001000
v -0.021236 -0.035916 0.003600
v -0.021236 -0.035916 0.001000
v -0.020971 -0.037077 0.003600
v -0.020971 -0.037077 0.001000
v -0.021323 -0.038214 0.003600
v -0.021323 -0.038214 0.001000
v -0.040027 0.022464 0.003600
v -0.040027 0.022464 0.001000
v -0.038852 0.024441 0.003600
v -0.037578 0.026357 0.003600
v -0.037578 0.026357 0.001000
v 0.022464 0.040027 0.003600
v 0.022464 0.040027 0.001000
v 0.024441 0.038852 0.003600
v 0.026357 0.037578 0.003600
v 0.026357 0.037578 0.001000
v 0.040027 -0.022464 0.003600
v 0.040027 -0.022464 0.001000
v 0.038852 -0.024441 0.003600
v 0.037578 -0.026357 0.003600
v 0.037578 -0.026357 0.001000
v 0.005164 0.045609 0.001000
v 0.043316 -0.015183 0.001000
v -0.043316 0.015183 0.001000
v -0.038878 -0.024399 0.001000
v -0.032474 -0.032439 0.001000
v -0.026357 -0.037578 0.001000
v -0.005115 0.045614 0.001000
v 0.015183 0.043316 0.001000
v 0.038878 0.024399 0.001000
v 0.043332 0.015137 0.001000
v 0.045614 0.005115 0.001000
v 0.045609 -0.005164 0.001000
v 0.032474 0.032439 0.001000
v 0.032439 -0.032474 0.001000
v 0.024399 -0.038878 0.001000
v 0.015137 -0.043332 0.001000
v 0.005115 -0.045614 0.001000
v -0.005164 -0.045609 0.001000
v -0.015183 -0.043316 0.001000
v -0.022464 -0.040027 0.001000
v -0.043332 -0.015137 0.001000
v -0.045614 -0.005115 0.001000
v -0.045609 0.005164 0.001000
v -0.032439 0.032474 0.001000
v -0.024399 0.038878 0.001000
v -0.015137 0.043332 0.001000
v -0.022464 -0.040027 0.003600
v -0.024441 -0.038852 0.003600
v -0.026357 -0.037578 0.003600
v -0.050905 0.024619 0.024424
v -0.050905 0.022523 0.019717
v -0.050905 0.023571 0.022071
v -0.050905 0.018695 0.016270
v -0.050905 0.020609 0.017994
v -0.050905 0.013795 0.014678
v -0.050905 0.016245 0.015474
v -0.050905 0.008671 0.015217
v -0.050905 0.011233 0.014947
v -0.050905 0.004209 0.017793
v -0.050905 0.006440 0.016505
v -0.050905 0.001181 0.021961
v -0.050905 0.002695 0.019877
v -0.050905 0.001181 0.032040
v -0.050905 0.000645 0.029520
v -0.050905 0.000110 0.027000
v -0.050905 0.000645 0.024480
v -0.050905 0.004209 0.036208
v -0.050905 0.002695 0.034124
v -0.050905 0.008671 0.038784
v -0.050905 0.006440 0.037496
v -0.050905 0.013795 0.039322
v -0.050905 0.011233 0.039053
v -0.050905 0.018695 0.037730
v -0.050905 0.016245 0.038526
v -0.050905 0.022523 0.034283
v -0.050905 0.020609 0.036006
v -0.050905 0.024619 0.027000
v -0.050905 0.024619 0.029576
v -0.050905 0.023571 0.031929
v -0.051115 0.000444 0.029563
v -0.051115 -0.000100 0.027000
v -0.051115 0.000444 0.024438
v -0.051115 0.000989 0.021875
v -0.051115 0.002529 0.019756
v -0.051115 0.004069 0.017636
v -0.051115 0.006337 0.016327
v -0.051115 0.008606 0.015017
v -0.051115 0.011211 0.014743
v -0.051115 0.013817 0.014469
v -0.051115 0.016308 0.015279
v -0.051115 0.018800 0.016088
v -0.051115 0.020746 0.017841
v -0.051115 0.022693 0.019594
v -0.051115 0.023759 0.021987
v -0.051115 0.024824 0.024380
v -0.051115 0.024824 0.027000
v -0.051115 0.024824 0.029620
v -0.051115 0.023759 0.032013
v -0.051115 0.022693 0.034406
v -0.051115 0.020746 0.036159
v -0.051115 0.018800 0.037912
v -0.051115 0.016308 0.038722
v -0.051115 0.013817 0.039531
v -0.051115 0.011211 0.039257
v -0.051115 0.008606 0.038983
v -0.051115 0.006337 0.037674
v -0.051115 0.004069 0.036364
v -0.051115 0.002529 0.034244
v -0.051115 0.000989 0.032125
v -0.053355 0.025100 0.027000
v -0.053355 0.024010 0.021875
v -0.053355 0.020931 0.017636
v -0.053355 0.016393 0.015017
v -0.053355 0.011183 0.014469
v -0.053355 0.006200 0.016088
v -0.053355 0.002306 0.019594
v -0.053355 0.000175 0.024380
v -0.053355 0.000175 0.029620
v -0.053355 0.002306 0.034406
v -0.053355 0.006200 0.037912
v -0.053355 0.011183 0.039531
v -0.053355 0.016393 0.038983
v -0.053355 0.020931 0.036364
v -0.053355 0.024010 0.032125
v -0.053565 0.023818 0.032040
v -0.053565 0.020790 0.036208
v -0.053565 0.016328 0.038784
v -0.053565 0.011204 0.039322
v -0.053565 0.006305 0.037730
v -0.053565 0.002476 0.034283
v -0.053565 0.000380 0.029576
v -0.053565 0.000380 0.024424
v -0.053565 0.002476 0.019717
v -0.053565 0.006305 0.016270
v -0.053565 0.011204 0.014678
v -0.053565 0.016328 0.015217
v -0.053565 0.020790 0.017793
v -0.053565 0.023818 0.021961
v -0.053565 0.024890 0.027000
v -0.060635 0.023818 0.032040
v -0.060635 0.020790 0.036208
v -0.060635 0.016328 0.038784
v -0.060635 0.011204 0.039322
v -0.060635 0.006305 0.037730
v -0.060635 0.002476 0.034283
v -0.060635 0.000380 0.029576
v -0.060635 0.000380 0.024424
v -0.060635 0.002476 0.019717
v -0.060635 0.006305 0.016270
v -0.060635 0.011204 0.014678
v -0.060635 0.016328 0.015217
v -0.060635 0.020790 0.017793
v -0.060635 0.023818 0.021961
v -0.060635 0.024890 0.027000
v -0.060635 0.012498 0.035304
v -0.060635 0.010942 0.035155
v -0.060635 0.010942 0.035653
v -0.060635 0.003818 0.027114
v -0.060635 0.004980 0.031454
v -0.060635 0.008158 0.034631
v -0.060635 0.014053 0.035155
v -0.060635 0.014053 0.035653
v -0.060635 0.016838 0.034631
v -0.060635 0.020015 0.031454
v -0.060635 0.021178 0.027114
v -0.060635 0.020015 0.022774
v -0.060635 0.016838 0.019597
v -0.060635 0.012498 0.018434
v -0.060635 0.008158 0.019597
v -0.060635 0.004980 0.022774
v -0.061276 0.011605 0.035255
v -0.061276 0.011605 0.035748
v -0.061510 0.012498 0.035304
v -0.061510 0.012498 0.035794
v -0.061276 0.013390 0.035255
v -0.061276 0.013390 0.035748
v -0.075090 0.016837 0.034631
v -0.075090 0.012497 0.035794
v -0.075090 0.008157 0.034631
v -0.075090 0.020015 0.031454
v -0.075090 0.021177 0.027114
v -0.075090 0.020015 0.022774
v -0.075090 0.016837 0.019597
v -0.075090 0.012497 0.018434
v -0.075090 0.008157 0.019597
v -0.075090 0.004980 0.022774
v -0.075090 0.003817 0.027114
v -0.075090 0.004980 0.031454
v -0.075090 0.011341 0.017594
v -0.075090 0.015898 0.018147
v -0.075090 0.019676 0.020755
v -0.075090 0.021809 0.024819
v -0.075090 0.021809 0.029409
v -0.075090 0.019676 0.033473
v -0.075090 0.015898 0.036081
v -0.075090 0.011341 0.036634
v -0.075090 0.007050 0.035006
v -0.075090 0.004006 0.031571
v -0.075090 0.002907 0.027114
v -0.075090 0.004006 0.022657
v -0.075090 0.007050 0.019221
v -0.092310 0.002907 0.027114
v -0.092310 0.004006 0.031571
v -0.092310 0.007050 0.035006
v -0.092310 0.011341 0.036634
v -0.092310 0.015898 0.036081
v -0.092310 0.019676 0.033473
v -0.092310 0.021809 0.029409
v -0.092310 0.021809 0.024819
v -0.092310 0.019676 0.020755
v -0.092310 0.015898 0.018147
v -0.092310 0.011341 0.017594
v -0.092310 0.007050 0.019222
v -0.092310 0.004006 0.022657
v -0.092310 0.012497 0.027114
vn -0.0000 -0.0000 1.0000
vn -0.0000 -0.0000 -1.0000
vn 0.7071 0.7071 -0.0000
vn 0.8661 0.4999 -0.0000
vn 0.9660 0.2585 -0.0000
vn 0.9660 -0.2585 -0.0000
vn 0.7070 -0.7072 -0.0000
vn 0.7068 -0.7075 -0.0000
vn 0.4999 -0.8661 -0.0000
vn 0.5000 -0.8660 -0.0000
vn -0.0000 -1.0000 -0.0000
vn 0.0001 -1.0000 -0.0000
vn -0.2592 -0.9658 -0.0000
vn -0.2594 -0.9658 -0.0000
vn -0.7068 -0.7075 -0.0000
vn -0.8660 -0.5001 -0.0000
vn -0.9660 -0.2585 -0.0000
vn -0.9660 0.2585 -0.0000
vn -0.8661 0.4999 -0.0000
vn -0.7071 0.7071 -0.0000
vn -0.2585 0.9660 -0.0000
vn -0.0000 1.0000 -0.0000
vn 0.2585 0.9660 -0.0000
vn 0.4412 0.8973 -0.0112
vn 0.3637 0.9315 0.0007
vn 0.3615 0.9323 0.0138
vn 0.2921 0.9563 -0.0138
vn 0.2899 0.9570 -0.0008
vn 0.1808 0.9835 0.0008
vn 0.1786 0.9838 0.0138
vn 0.1058 0.9943 -0.0138
vn 0.1036 0.9946 -0.0008
vn -0.0085 1.0000 0.0008
vn -0.0108 0.9998 0.0138
vn -0.0843 0.9963 -0.0138
vn -0.0865 0.9962 -0.0008
vn -0.1976 0.9803 0.0007
vn -0.1998 0.9797 0.0138
vn -0.2712 0.9624 -0.0138
vn -0.2735 0.9619 -0.0008
vn -0.3797 0.9251 0.0008
vn -0.3817 0.9242 0.0138
vn -0.4486 0.8936 -0.0138
vn -0.4506 0.8927 -0.0008
vn -0.5478 0.8366 0.0008
vn -0.5497 0.8353 0.0139
vn -0.6096 0.7926 -0.0137
vn -0.6114 0.7913 -0.0007
vn -0.6962 0.7178 0.0008
vn -0.6977 0.7162 0.0138
vn -0.7485 0.6630 -0.0138
vn -0.7501 0.6613 -0.0008
vn -0.8196 0.5730 0.0008
vn -0.8207 0.5712 0.0138
vn -0.8605 0.5093 -0.0138
vn -0.8617 0.5074 -0.0008
vn -0.9132 0.4075 0.0007
vn -0.9140 0.4055 0.0138
vn -0.9413 0.3372 -0.0138
vn -0.9422 0.3352 -0.0008
vn -0.9738 0.2275 0.0007
vn -0.9742 0.2252 0.0138
vn -0.9881 0.1531 -0.0138
vn -0.9886 0.1508 -0.0008
vn -0.9992 0.0389 0.0008
vn -0.9992 0.0368 0.0138
vn -0.9992 -0.0368 -0.0138
vn -0.9992 -0.0389 -0.0008
vn -0.9886 -0.1508 0.0008
vn -0.9881 -0.1531 0.0138
vn -0.9742 -0.2252 -0.0138
vn -0.9738 -0.2275 -0.0007
vn -0.9421 -0.3353 0.0008
vn -0.9413 -0.3372 0.0138
vn -0.9141 -0.4054 -0.0137
vn -0.9132 -0.4076 -0.0009
vn -0.8617 -0.5074 0.0007
vn -0.8605 -0.5093 0.0138
vn -0.8208 -0.5711 -0.0138
vn -0.8196 -0.5730 -0.0008
vn -0.7501 -0.6614 0.0008
vn -0.7486 -0.6628 0.0139
vn -0.6978 -0.7162 -0.0138
vn -0.6963 -0.7177 -0.0007
vn -0.6114 -0.7913 0.0008
vn -0.6095 -0.7926 0.0139
vn -0.5497 -0.8353 -0.0137
vn -0.5479 -0.8366 -0.0007
vn -0.4505 -0.8928 0.0008
vn -0.4484 -0.8937 0.0138
vn -0.3815 -0.9243 -0.0139
vn -0.3796 -0.9252 -0.0008
vn -0.2735 -0.9619 0.0008
vn -0.2714 -0.9624 0.0138
vn -0.1999 -0.9797 -0.0138
vn -0.1977 -0.9803 -0.0008
vn -0.0865 -0.9963 0.0008
vn -0.0842 -0.9964 0.0138
vn -0.0108 -0.9998 -0.0138
vn -0.0086 -1.0000 -0.0008
vn 0.1036 -0.9946 0.0008
vn 0.1059 -0.9943 0.0138
vn 0.1786 -0.9838 -0.0138
vn 0.1809 -0.9835 -0.0007
vn 0.2900 -0.9570 0.0008
vn 0.2921 -0.9563 0.0138
vn 0.3617 -0.9322 -0.0139
vn 0.3637 -0.9315 -0.0008
vn 0.4659 -0.8849 0.0008
vn 0.4677 -0.8838 0.0138
vn 0.5314 -0.8470 -0.0138
vn 0.5333 -0.8459 -0.0008
vn 0.6249 -0.7807 0.0007
vn 0.6266 -0.7792 0.0138
vn 0.6821 -0.7311 -0.0138
vn 0.6838 -0.7296 -0.0008
vn 0.7614 -0.6483 0.0008
vn 0.7627 -0.6466 0.0138
vn 0.8082 -0.5887 -0.0138
vn 0.8096 -0.5870 -0.0008
vn 0.8703 -0.4925 0.0007
vn 0.8713 -0.4905 0.0138
vn 0.9050 -0.4251 -0.0139
vn 0.9060 -0.4232 -0.0008
vn 0.9478 -0.3189 0.0007
vn 0.9484 -0.3167 0.0138
vn 0.9691 -0.2462 -0.0138
vn 0.9698 -0.2441 -0.0008
vn 0.9910 -0.1338 0.0008
vn 0.9912 -0.1316 0.0138
vn 0.9982 -0.0584 -0.0138
vn 0.9984 -0.0562 -0.0008
vn 0.9984 0.0562 0.0008
vn 0.9982 0.0584 0.0138
vn 0.9912 0.1316 -0.0138
vn 0.9910 0.1338 -0.0008
vn 0.9698 0.2441 0.0008
vn 0.9691 0.2462 0.0138
vn 0.9484 0.3167 -0.0138
vn 0.9478 0.3189 -0.0007
vn 0.9060 0.4233 0.0008
vn 0.9049 0.4253 0.0138
vn 0.8712 0.4907 -0.0138
vn 0.8702 0.4926 -0.0008
vn 0.8095 0.5871 0.0008
vn 0.8082 0.5887 0.0138
vn 0.7627 0.6466 -0.0139
vn 0.7614 0.6483 -0.0008
vn 0.6838 0.7297 0.0008
vn 0.6822 0.7311 0.0138
vn 0.6265 0.7793 -0.0138
vn 0.6304 0.7763 -0.0061
vn 0.5398 0.8417 -0.0153
vn 0.5088 0.8608 -0.0096
vn 0.4605 0.8872 -0.0302
vn -0.9997 -0.0000 0.0228
vn -0.8618 0.5071 0.0122
vn -0.9578 0.2873 0.0035
vn -1.0000 -0.0001 -0.0000
vn -0.9579 -0.2871 0.0035
vn -0.8617 -0.5072 0.0122
vn -0.8233 -0.5676 -0.0000
vn -0.7071 -0.7071 -0.0000
vn -0.2589 -0.9659 -0.0000
vn 0.2589 -0.9659 -0.0000
vn 0.7071 -0.7071 -0.0000
vn 0.9659 -0.2589 -0.0000
vn 1.0000 -0.0000 -0.0000
vn 0.7073 0.7069 -0.0000
vn -0.5000 0.8660 -0.0000
vn -0.8232 0.5677 -0.0000
vn -1.0000 -0.0000 -0.0000
vn -0.9659 -0.2590 -0.0000
vn -0.9659 -0.2589 -0.0000
vn -0.9659 -0.2588 -0.0000
vn -0.7073 -0.7069 -0.0000
vn -0.4999 -0.8661 -0.0000
vn -0.5000 -0.8660 -0.0000
vn -0.2583 -0.9661 -0.0000
vn -0.2585 -0.9660 -0.0001
vn -0.2587 -0.9660 -0.0000
vn 0.2585 -0.9660 -0.0000
vn 0.8661 -0.4999 -0.0000
vn 0.9659 0.2589 -0.0000
vn 0.8660 0.5000 -0.0000
vn 0.5000 0.8660 -0.0000
vn 0.2589 0.9659 -0.0000
vn -0.2589 0.9659 -0.0000
vn -0.9659 0.2589 -0.0000
vn 0.0002 -1.0000 -0.0000
vn -0.8661 -0.4999 -0.0000
vn -0.8660 0.5000 -0.0000
vn -0.7069 0.7073 -0.0000
vn 0.5001 -0.8660 -0.0000
vn 0.8660 -0.5000 0.0001
vn 0.2588 -0.9659 -0.0000
vn -0.0002 1.0000 -0.0000
vn 0.8660 -0.5000 -0.0000
vn 1.0000 0.0001 -0.0000
vn 0.9659 0.2588 -0.0000
vn 0.7071 0.7071 -0.0045
vn 0.7126 0.7016 -0.0011
vn 0.7090 0.7052 -0.0033
vn 0.7144 0.6997 -0.0000
vn -0.4999 0.8661 -0.0000
vn -0.1340 0.6957 0.7058
vn -0.0672 0.7037 0.7073
vn -0.0672 0.7042 0.7068
vn -0.6682 0.2313 0.7071
vn -0.6443 0.2944 0.7059
vn -0.6124 0.3535 0.7071
vn -0.6446 0.2944 0.7055
vn -0.6447 0.2944 0.7055
vn -0.6999 0.1006 0.7072
vn -0.6886 0.1671 0.7056
vn -0.6999 0.1006 0.7071
vn -0.7079 0.0337 0.7055
vn -0.7080 0.0338 0.7054
vn -0.7063 -0.0336 0.7071
vn -0.6871 -0.1668 0.7071
vn -0.7013 -0.1009 0.7056
vn -0.6872 -0.1667 0.7071
vn -0.6431 -0.2936 0.7073
vn -0.6697 -0.2318 0.7056
vn -0.6430 -0.2936 0.7073
vn -0.5760 -0.4099 0.7072
vn -0.6138 -0.3544 0.7054
vn -0.5760 -0.4101 0.7072
vn -0.5357 -0.4640 0.7056
vn -0.4880 -0.5117 0.7071
vn -0.5356 -0.4641 0.7056
vn -0.3823 -0.5949 0.7071
vn -0.4381 -0.5572 0.7054
vn -0.3823 -0.5948 0.7071
vn -0.3247 -0.6299 0.7056
vn -0.3247 -0.6299 0.7055
vn -0.2628 -0.6566 0.7069
vn -0.2628 -0.6567 0.7069
vn -0.1338 -0.6943 0.7071
vn -0.1997 -0.6800 0.7054
vn -0.0674 -0.7053 0.7057
vn -0.0000 -0.7071 0.7071
vn 0.0674 -0.7053 0.7057
vn 0.1339 -0.6943 0.7071
vn 0.2629 -0.6566 0.7069
vn 0.1996 -0.6801 0.7055
vn 0.3821 -0.5947 0.7073
vn 0.3247 -0.6299 0.7055
vn 0.3821 -0.5947 0.7074
vn 0.4380 -0.5569 0.7057
vn 0.4879 -0.5117 0.7072
vn 0.4381 -0.5570 0.7056
vn 0.5759 -0.4101 0.7072
vn 0.5355 -0.4640 0.7057
vn 0.6136 -0.3543 0.7057
vn 0.6136 -0.3542 0.7057
vn 0.6430 -0.2937 0.7073
vn 0.6699 -0.2318 0.7053
vn 0.6872 -0.1667 0.7071
vn 0.6872 -0.1666 0.7071
vn 0.7015 -0.1009 0.7055
vn 0.7013 -0.1009 0.7057
vn 0.7062 -0.0337 0.7072
vn 0.6682 0.2313 0.7071
vn 0.6888 0.1671 0.7054
vn 0.6999 0.1006 0.7071
vn 0.6999 0.1005 0.7071
vn 0.7080 0.0337 0.7054
vn 0.7080 0.0338 0.7054
vn 0.7063 -0.0335 0.7071
vn 0.6123 0.3536 0.7071
vn 0.6448 0.2944 0.7054
vn 0.6124 0.3536 0.7071
vn 0.5774 0.4111 0.7054
vn 0.5773 0.4111 0.7055
vn 0.5344 0.4630 0.7072
vn 0.4372 0.5559 0.7070
vn 0.4892 0.5131 0.7053
vn 0.4353 0.5524 0.7109
vn 0.3042 0.6270 0.7171
vn 0.3448 0.5269 0.7768
vn 0.3020 0.6396 0.7069
vn 0.2634 0.6580 0.7055
vn 0.1990 0.6787 0.7070
vn 0.1992 0.6786 0.7070
vn 0.0672 0.7037 0.7073
vn 0.1344 0.6957 0.7056
vn 0.1342 0.6958 0.7056
vn 0.1341 0.6957 0.7057
vn -0.0000 0.7085 0.7057
vn -0.1342 0.6960 0.7054
vn -0.1342 0.6959 0.7055
vn -0.1992 0.6783 0.7073
vn -0.1991 0.6783 0.7073
vn -0.3241 0.6286 0.7070
vn -0.2635 0.6581 0.7054
vn -0.3830 0.5961 0.7056
vn -0.3831 0.5961 0.7056
vn -0.4371 0.5559 0.7071
vn -0.5343 0.4630 0.7072
vn -0.4890 0.5129 0.7056
vn -0.5774 0.4112 0.7054
vn -0.7070 0.7072 -0.0000
vn -0.7068 0.7075 -0.0000
vn -0.2592 0.9658 -0.0000
vn 0.2592 0.9658 -0.0000
vn 0.2590 0.9659 -0.0000
vn 0.8660 0.5001 -0.0000
vn -0.2585 -0.9660 -0.0000
vn 0.8659 0.5002 -0.0000
vn 0.9658 0.2592 -0.0000
vn 0.9658 -0.2592 -0.0000
vn 0.7075 -0.7068 -0.0000
vn -0.8660 0.5001 -0.0000
vn 0.2592 -0.9658 -0.0000
vn -0.5002 -0.8659 -0.0000
vn -0.9658 -0.2592 -0.0000
vn -0.9658 0.2592 -0.0000
vn -0.7075 0.7068 -0.0000
vn -0.5001 0.8660 -0.0000
vn 0.7070 0.7073 -0.0000
vn 0.7067 0.7075 -0.0000
vn 0.7068 0.7074 -0.0001
vn -0.0000 -1.0000 0.0001
vn -0.0004 -1.0000 -0.0000
vn -0.2588 -0.9659 -0.0000
vn -0.5001 -0.8660 0.0001
vn -0.4997 -0.8662 -0.0000
vn -0.8660 -0.5000 -0.0000
vn 0.7070 0.7072 -0.0000
vn -0.7070 -0.7073 -0.0000
vn -0.7067 -0.7075 -0.0000
vn -0.7068 -0.7074 -0.0001
vn -0.0000 1.0000 0.0001
vn 0.0004 1.0000 -0.0000
vn 0.2588 0.9659 -0.0000
vn 0.5001 0.8660 0.0001
vn 0.4997 0.8662 -0.0000
vn 0.7075 0.7068 -0.0000
vn -0.7070 -0.7072 -0.0000
vn 0.5344 -0.4630 -0.7072
vn 0.6124 -0.3535 -0.7071
vn 0.5774 -0.4112 -0.7054
vn 0.4371 -0.5559 -0.7071
vn 0.4891 -0.5130 -0.7055
vn 0.3240 -0.6287 -0.7070
vn 0.3832 -0.5963 -0.7054
vn 0.3241 -0.6286 -0.7070
vn 0.2639 -0.6582 -0.7051
vn 0.2634 -0.6580 -0.7054
vn 0.2634 -0.6579 -0.7055
vn 0.1992 -0.6783 -0.7073
vn 0.1993 -0.6783 -0.7073
vn 0.1340 -0.6959 -0.7055
vn 0.1341 -0.6959 -0.7056
vn 0.0672 -0.7041 -0.7069
vn 0.0672 -0.7037 -0.7073
vn -0.0671 -0.7037 -0.7073
vn -0.0000 -0.7085 -0.7057
vn -0.0671 -0.7038 -0.7072
vn -0.1341 -0.6959 -0.7055
vn -0.1992 -0.6786 -0.7070
vn -0.1342 -0.6961 -0.7053
vn -0.1993 -0.6786 -0.7070
vn -0.3240 -0.6285 -0.7071
vn -0.2635 -0.6581 -0.7053
vn -0.3239 -0.6285 -0.7071
vn -0.4370 -0.5557 -0.7073
vn -0.3830 -0.5960 -0.7057
vn -0.5343 -0.4630 -0.7072
vn -0.4891 -0.5129 -0.7055
vn -0.5773 -0.4111 -0.7055
vn -0.6124 -0.3536 -0.7071
vn -0.5773 -0.4110 -0.7055
vn -0.6449 -0.2945 -0.7052
vn -0.6682 -0.2313 -0.7071
vn -0.6682 -0.2314 -0.7071
vn -0.6884 -0.1671 -0.7058
vn -0.6886 -0.1671 -0.7057
vn -0.6997 -0.1015 -0.7072
vn -0.6999 -0.1006 -0.7071
vn -0.7079 -0.0336 -0.7055
vn -0.7063 0.0336 -0.7071
vn -0.7081 -0.0337 -0.7053
vn -0.6871 0.1668 -0.7071
vn -0.7013 0.1009 -0.7056
vn -0.6872 0.1667 -0.7071
vn -0.6431 0.2936 -0.7073
vn -0.6697 0.2318 -0.7056
vn -0.6138 0.3544 -0.7055
vn -0.5759 0.4101 -0.7072
vn -0.4879 0.5117 -0.7072
vn -0.5354 0.4640 -0.7057
vn -0.4879 0.5118 -0.7072
vn -0.3822 0.5946 -0.7074
vn -0.4379 0.5568 -0.7058
vn -0.3248 0.6299 -0.7055
vn -0.3248 0.6301 -0.7053
vn -0.2626 0.6563 -0.7073
vn -0.2628 0.6566 -0.7070
vn -0.1994 0.6801 -0.7055
vn -0.1338 0.6943 -0.7071
vn -0.1996 0.6798 -0.7057
vn -0.0674 0.7058 -0.7052
vn -0.0000 0.7071 -0.7071
vn -0.0674 0.7053 -0.7057
vn 0.0673 0.7054 -0.7056
vn 0.1338 0.6943 -0.7071
vn 0.2629 0.6566 -0.7069
vn 0.1997 0.6800 -0.7055
vn 0.3823 0.5948 -0.7071
vn 0.3246 0.6297 -0.7058
vn 0.3824 0.5948 -0.7071
vn 0.4879 0.5118 -0.7071
vn 0.4382 0.5572 -0.7054
vn 0.5357 0.4641 -0.7054
vn 0.5759 0.4102 -0.7072
vn 0.6430 0.2938 -0.7073
vn 0.6137 0.3544 -0.7055
vn 0.6697 0.2318 -0.7056
vn 0.6872 0.1667 -0.7071
vn 0.6697 0.2317 -0.7056
vn 0.6872 0.1666 -0.7071
vn 0.7017 0.1011 -0.7053
vn 0.7015 0.1009 -0.7055
vn 0.7015 0.1010 -0.7055
vn 0.7063 0.0337 -0.7071
vn 0.6999 -0.1006 -0.7071
vn 0.7080 -0.0337 -0.7054
vn 0.6682 -0.2313 -0.7071
vn 0.6888 -0.1671 -0.7054
vn 0.6682 -0.2312 -0.7071
vn 0.6448 -0.2945 -0.7053
vn -0.0747 -0.9972 -0.0000
vn 0.1491 -0.9888 -0.0000
vn 0.0374 -0.9993 0.0001
vn 0.0375 -0.9993 -0.0002
vn -0.2947 -0.9556 -0.0000
vn -0.6802 -0.7330 -0.0000
vn -0.8262 -0.5633 -0.0000
vn -0.8841 -0.4672 -0.0000
vn -0.9309 -0.3653 -0.0000
vn -0.8842 -0.4672 0.0001
vn -0.9888 -0.1491 -0.0000
vn -0.9972 0.0747 -0.0000
vn -0.9556 0.2947 -0.0000
vn -0.7330 0.6802 -0.0000
vn -0.5633 0.8262 -0.0000
vn -0.3653 0.9309 -0.0000
vn -0.1491 0.9888 -0.0000
vn -0.0374 0.9993 0.0001
vn 0.0747 0.9972 -0.0000
vn -0.0375 0.9993 -0.0002
vn 0.2947 0.9556 -0.0000
vn 0.6802 0.7330 -0.0000
vn 0.8262 0.5633 -0.0000
vn 0.8841 0.4672 -0.0000
vn 0.9309 0.3653 -0.0000
vn 0.8842 0.4672 0.0001
vn 0.9888 0.1491 -0.0000
vn 0.9972 -0.0747 -0.0000
vn 0.9556 -0.2947 -0.0000
vn 0.7330 -0.6802 -0.0000
vn 0.5633 -0.8262 -0.0000
vn 0.3653 -0.9309 -0.0000
vn 0.0004 -0.2585 0.9660
vn 0.0004 -0.2584 0.9660
vn 0.0004 -0.2588 0.9659
vn 0.0012 -0.7071 0.7072
vn 0.0011 -0.7072 0.7070
vn 0.0013 -0.8761 0.4821
vn 0.0013 -0.7836 0.6212
vn 0.0017 -0.9561 0.2932
vn 0.0016 -0.9722 0.2343
vn 0.0019 -1.0000 -0.0001
vn -0.0005 -0.1720 -0.9851
vn 0.0004 -0.2585 -0.9660
vn 0.0012 -0.7068 -0.7075
vn 0.0011 -0.7073 -0.7069
vn 0.0013 -0.7837 -0.6211
vn 0.0010 -0.8762 -0.4820
vn 0.0019 -0.9560 -0.2933
vn 0.0018 -0.9722 -0.2343
vn 0.0017 -1.0000 -0.0000
vn -0.0015 0.7858 -0.6184
vn -0.0129 0.9015 -0.4325
vn -0.0161 0.4188 -0.9079
vn 0.0106 0.6243 -0.7811
vn -0.0161 0.3074 -0.9514
vn -0.0127 0.2985 -0.9543
vn -0.0003 0.1771 -0.9842
vn 0.0174 0.9409 -0.3381
vn 0.0279 0.9820 -0.1866
vn -0.0219 0.9660 -0.2574
vn 0.0404 0.9987 0.0318
vn -0.0108 0.9906 -0.1361
vn -0.0346 0.9988 0.0332
vn -0.3341 0.9425 -0.0021
vn -0.0495 0.9710 0.2338
vn -0.0353 0.9157 0.4002
vn 0.0804 0.9800 0.1819
vn 0.0104 0.9281 0.3721
vn -0.0011 0.7612 0.6485
vn -0.0013 0.7074 0.7068
vn -0.0012 0.7073 0.7070
vn -0.0012 0.7071 0.7071
vn -0.0004 0.2585 0.9660
vn -0.0004 0.2588 0.9659
vn -0.0004 0.2587 0.9660
vn -0.0004 0.2581 0.9661
vn 0.0015 -0.7854 0.6190
vn -0.0100 -0.9013 0.4331
vn -0.0147 -0.4187 0.9080
vn 0.0128 -0.6242 0.7811
vn -0.0150 -0.3075 0.9514
vn -0.0117 -0.2984 0.9544
vn -0.0010 0.1724 0.9850
vn 0.0207 -0.9408 0.3383
vn 0.0312 -0.9819 0.1867
vn -0.0186 -0.9660 0.2580
vn 0.0438 -0.9985 -0.0318
vn -0.0076 -0.9906 0.1363
vn -0.0311 -0.9990 -0.0329
vn -0.3309 -0.9437 0.0021
vn -0.0461 -0.9711 -0.2341
vn -0.0322 -0.9157 -0.4005
vn 0.0837 -0.9797 -0.1824
vn 0.0137 -0.9282 -0.3719
vn 0.0013 -0.7615 -0.6481
vn 0.0012 -0.7072 -0.7070
vn 0.0012 -0.7071 -0.7071
vn 0.0004 -0.2587 -0.9660
vn 0.0004 -0.2586 -0.9660
vn 0.0003 -0.2587 -0.9660
vn 0.0002 -0.1773 -0.9842
vn -0.0003 0.1776 -0.9841
vn -0.0004 0.2586 -0.9660
vn -0.0004 0.2589 -0.9659
vn -0.0012 0.7067 -0.7075
vn -0.0011 0.7073 -0.7069
vn -0.0014 0.8760 -0.4824
vn -0.0013 0.7836 -0.6213
vn -0.0013 0.9559 -0.2938
vn -0.0017 0.9721 -0.2348
vn -0.0011 1.0000 -0.0000
vn 0.0003 -0.1776 0.9841
vn -0.0004 0.2586 0.9660
vn -0.0012 0.7069 0.7073
vn -0.0011 0.7073 0.7070
vn -0.0013 0.7836 0.6212
vn -0.0014 0.8760 0.4824
vn -0.0013 0.9559 0.2938
vn -0.0015 0.9720 0.2350
vn -0.0017 1.0000 -0.0000
vn 0.9753 -0.2209 -0.0000
vn 1.0000 0.0020 -0.0000
vn -0.9060 -0.4232 0.0013
vn -0.8207 -0.5714 0.0009
vn -0.7808 -0.6248 0.0001
vn -0.9003 -0.4354 -0.0000
vn -0.9745 -0.2242 -0.0000
vn -0.9746 -0.2241 -0.0000
vn -1.0000 -0.0017 -0.0000
vn -0.9753 0.2209 -0.0000
vn -0.9020 0.4318 0.0009
vn -0.7556 0.6550 -0.0000
vn -0.7993 0.6009 -0.0000
vn -0.8213 0.5705 -0.0000
vn 0.5443 -0.8386 0.0232
vn 0.6312 -0.7755 0.0109
vn 0.5042 -0.8634 0.0181
vn 0.4326 -0.9014 0.0179
vn 0.4667 -0.8844 -0.0000
vn 0.5784 -0.8157 0.0072
vn 0.5921 -0.8058 0.0032
vn 0.6034 -0.7974 0.0003
vn 0.5858 -0.8105 -0.0004
vn 0.5749 -0.8182 -0.0007
vn 0.6253 -0.7804 -0.0011
vn 0.5448 -0.8386 -0.0017
vn 0.5333 -0.8459 -0.0021
vn 0.4968 -0.8679 -0.0013
vn 0.4348 -0.9005 -0.0009
vn 0.3805 -0.9247 -0.0049
vn 0.3134 -0.9496 -0.0032
vn 0.2242 -0.9746 -0.0000
vn 0.4416 -0.8972 -0.0000
vn 0.4158 -0.9094 -0.0044
vn 0.3985 -0.9171 -0.0061
vn 0.2193 -0.9756 0.0058
vn 0.2757 -0.9611 -0.0171
vn 0.3280 -0.9445 0.0171
vn 0.3481 -0.9369 0.0313
vn 0.3682 -0.9295 0.0224
vn 0.4374 -0.8993 -0.0000
vn 0.5419 0.8405 -0.0018
vn 0.6227 0.7825 -0.0010
vn 0.4920 0.8706 -0.0014
vn 0.4323 0.9018 -0.0017
vn 0.4642 0.8857 -0.0000
vn 0.4350 0.9004 -0.0000
vn 0.5724 0.8200 -0.0007
vn 0.5833 0.8122 -0.0004
vn 0.6008 0.7994 0.0003
vn 0.5900 0.8074 0.0031
vn 0.5758 0.8176 0.0073
vn 0.6291 0.7772 0.0114
vn 0.5434 0.8393 0.0193
vn 0.4241 0.9055 0.0110
vn 0.4997 0.8661 0.0142
vn 0.4388 0.8986 0.0002
vn 0.3846 0.9227 0.0248
vn 0.2191 0.9757 0.0039
vn 0.3747 0.9255 0.0554
vn 0.3484 0.9367 0.0338
vn 0.3264 0.9451 0.0181
vn 0.2727 0.9619 -0.0170
vn 0.3085 0.9512 -0.0034
vn 0.3918 0.9201 -0.0034
vn 0.2205 0.9754 -0.0007
vn 0.3753 0.9269 -0.0047
vn -0.0019 1.0000 -0.0000
vn -0.1139 0.9935 -0.0000
vn -0.2241 0.9746 -0.0000
vn -0.1137 0.9935 -0.0000
vn -0.4354 0.9002 -0.0000
vn -0.4353 0.9003 -0.0000
vn -0.5333 0.8459 -0.0000
vn -0.6248 0.7808 -0.0000
vn -0.6247 0.7809 -0.0000
vn -0.7825 0.6227 0.0010
vn -0.9075 0.4201 -0.0000
vn -0.7984 -0.6022 -0.0000
vn -0.7984 -0.6021 -0.0000
vn -0.7541 -0.6568 -0.0000
vn -0.6222 -0.7829 -0.0000
vn -0.4324 -0.9017 -0.0000
vn -0.3288 -0.9444 -0.0000
vn -0.2209 -0.9753 -0.0000
vn -0.1104 -0.9939 -0.0000
vn 0.0016 -1.0000 -0.0000
vn 0.9444 -0.3288 -0.0000
vn 0.9017 -0.4324 -0.0000
vn 0.9016 -0.4325 -0.0000
vn 0.7829 -0.6222 -0.0000
vn 0.9935 0.1139 -0.0000
vn 0.9746 0.2241 -0.0000
vn 1.0000 0.0017 -0.0000
vn 0.9002 0.4354 -0.0000
vn 0.8458 0.5335 -0.0000
vn 0.7808 0.6248 -0.0000
vn 0.4673 -0.8841 -0.0000
vn 0.4612 -0.8873 -0.0000
vn 0.4345 -0.9007 0.0032
vn 0.5137 -0.8580 0.0003
vn 0.5146 -0.8572 -0.0221
vn 0.5082 -0.8609 -0.0253
vn 0.5183 -0.8546 -0.0323
vn 0.5083 -0.8608 0.0258
vn 0.5159 -0.8559 0.0355
vn 0.5143 -0.8573 0.0217
vn 0.3740 -0.9274 -0.0028
vn 0.3556 -0.9346 -0.0036
vn 0.3499 -0.9367 -0.0152
vn 0.3492 -0.9370 -0.0090
vn 0.3467 -0.9380 0.0013
vn 0.3444 -0.9388 0.0075
vn 0.4063 -0.9137 0.0028
vn 0.4241 -0.9056 -0.0011
vn 0.4350 -0.9004 -0.0035
vn 0.3446 -0.9387 0.0082
vn 0.3665 -0.9304 0.0027
vn 0.4018 -0.9157 0.0063
vn 0.5152 0.8564 0.0331
vn 0.5055 0.8624 0.0254
vn 0.5120 0.8587 0.0226
vn 0.5131 0.8576 -0.0354
vn 0.5116 0.8589 -0.0224
vn 0.5108 0.8597 -0.0000
vn 0.4316 0.9021 0.0032
vn 0.4581 0.8889 -0.0000
vn 0.5056 0.8624 -0.0258
vn 0.3328 0.9430 0.0003
vn 0.3327 0.9430 -0.0031
vn 0.3576 0.9339 -0.0017
vn 0.3363 0.9418 -0.0015
vn 0.3292 0.9443 0.0016
vn 0.3349 0.9422 0.0016
vn 0.3674 0.9300 0.0044
vn 0.4192 0.9079 -0.0004
vn 0.3987 0.9171 0.0067
vn 0.4315 0.9021 -0.0034
vn 0.4010 0.9161 -0.0022
vn 0.3606 0.9327 -0.0000
vn -0.0000 -0.9659 0.2589
vn -0.0000 -0.5000 0.8660
vn -0.0000 0.2589 0.9659
vn -0.0000 0.7070 0.7072
vn -0.0000 0.8660 0.5000
vn -0.0000 0.9660 0.2586
vn -0.0000 0.9658 0.2595
vn -0.0000 0.9660 -0.2586
vn -0.0000 0.9657 -0.2595
vn -0.0000 0.8660 -0.5000
vn -0.0000 0.7070 -0.7072
vn -0.0000 0.2589 -0.9659
vn -0.0000 -0.2589 -0.9659
vn -0.0000 -0.7071 -0.7071
vn -0.0000 -0.9659 -0.2589
vn -0.1126 0.3843 0.9163
vn -0.0152 0.3583 0.9335
vn -0.0096 0.5365 0.8438
vn -0.0410 0.2653 0.9633
vn -0.0015 0.5000 0.8660
vn -0.0669 0.0599 0.9960
vn -0.0015 -0.5430 0.8397
vn -0.0152 -0.3585 0.9334
vn -0.0109 -0.3253 0.9456
vn -0.0334 0.0262 0.9991
vn -0.0035 0.0027 1.0000
vn -0.0242 -0.0828 0.9963
vn -0.0045 -0.5023 0.8647
vn -0.0356 -0.1790 0.9832
vn -0.0000 0.7071 0.7071
vn -0.0001 0.9660 0.2587
vn -0.0000 0.9659 0.2589
vn -0.0001 1.0000 -0.0000
vn -0.0001 0.9659 -0.2589
vn -0.0001 0.7070 -0.7072
vn -0.0000 0.5000 -0.8660
vn -0.0000 0.4999 -0.8661
vn -0.0000 -0.4999 -0.8661
vn -0.0000 -0.5000 -0.8660
vn 0.0001 -0.7070 -0.7072
vn 0.0001 -0.9659 -0.2589
vn -0.0000 -0.9660 -0.2586
vn 0.0001 -0.9660 0.2587
vn 0.0001 -0.7072 0.7070
vn -0.0000 -0.7070 0.7073
vn 0.9715 -0.2370 -0.0000
vn 0.7284 -0.6851 -0.0000
vn 0.7485 -0.6631 -0.0000
vn 0.3223 -0.9466 -0.0000
vn 0.3400 -0.9404 -0.0000
vn 0.0919 -0.9958 -0.0000
vn 0.0915 -0.9958 -0.0000
vn 0.9680 0.2510 -0.0000
vn 0.9680 -0.2511 -0.0000
vn 0.9715 0.2370 -0.0000
vn 0.7486 0.6630 -0.0000
vn 0.7287 0.6849 -0.0000
vn 0.3407 0.9402 -0.0000
vn 0.3229 0.9464 -0.0000
vn 0.0915 0.9958 -0.0000
vn 0.0054 -0.1584 0.9874
vn 0.0058 -0.1588 0.9873
vn 0.0090 -0.1611 0.9869
vn 0.0049 -0.1505 0.9886
vn -0.0004 -0.1253 0.9921
vn -0.0049 -0.0993 0.9950
vn -0.0081 -0.0452 0.9989
vn 0.0061 0.1583 0.9874
vn 0.0056 0.1584 0.9874
vn -0.0047 0.1537 0.9881
vn 0.0079 0.1528 0.9882
vn -0.0107 0.1222 0.9925
vn 0.0072 0.1198 0.9928
vn -0.0075 0.0651 0.9978
vn -0.0040 0.0469 0.9989
vn -0.0041 -0.0000 1.0000
vn -0.0001 -0.0488 0.9988
vn -0.1012 0.9949 -0.0000
vn -0.1009 0.9949 -0.0000
vn 0.1376 0.9905 -0.0000
vn 0.1395 0.9902 -0.0000
vn 0.5774 0.8164 -0.0000
vn 0.5827 0.8127 -0.0000
vn 0.8881 0.4597 -0.0000
vn 0.8904 0.4552 -0.0000
vn 1.0000 -0.0004 -0.0000
vn 0.8877 -0.4605 -0.0000
vn 0.8902 -0.4556 -0.0000
vn 0.5774 -0.8164 -0.0000
vn 0.5827 -0.8127 -0.0000
vn 0.1376 -0.9905 -0.0000
vn 0.1395 -0.9902 -0.0000
vn -0.1008 -0.9949 -0.0000
vn -0.0000 -0.9547 0.2974
vn -0.0000 -0.9547 -0.2974
vn -0.0000 -0.7485 -0.6631
vn -0.0000 -0.3546 -0.9350
vn -0.0000 0.1205 -0.9927
vn -0.0000 0.5680 -0.8230
vn -0.0000 0.8854 -0.4647
vn -0.0000 0.8854 0.4648
vn -0.0000 0.5680 0.8230
vn 0.0001 0.1204 0.9927
vn 0.0001 -0.3547 0.9350
vn -0.0000 -0.3546 0.9350
vn -0.0000 -0.7485 0.6631
vn -0.1306 -0.9914 -0.0000
vn -0.1306 0.9914 -0.0000
vn -0.9914 0.1306 -0.0000
vn -0.9914 -0.1306 -0.0000
vn 0.6383 0.7698 -0.0000
vn 0.8843 0.4669 -0.0000
vn 0.9751 0.2217 -0.0000
vn 0.9554 -0.2954 -0.0000
vn 0.9553 -0.2957 -0.0000
vn 0.8463 -0.5327 -0.0000
vn 0.4670 -0.8843 -0.0000
vn 0.2220 -0.9751 -0.0000
vn -0.2954 -0.9554 -0.0000
vn -0.4178 -0.9086 -0.0000
vn -0.7698 0.6383 -0.0000
vn -0.6797 0.7335 -0.0000
vn -0.2217 0.9751 -0.0000
vn -0.2222 0.9750 -0.0000
vn 0.0383 0.9993 -0.0000
vn 0.2954 0.9554 -0.0000
vn 0.2957 0.9553 -0.0000
vn 0.7335 0.6797 -0.0000
vn 0.8843 0.4670 -0.0000
vn 0.9749 0.2225 -0.0000
vn 0.9086 -0.4178 -0.0000
vn -0.6383 -0.7698 -0.0000
vn -0.8843 -0.4669 -0.0000
vn -0.9751 -0.2217 -0.0000
vn -0.9554 0.2954 -0.0000
vn -0.9553 0.2957 -0.0000
vn -0.8463 0.5327 -0.0000
vn -0.4670 0.8843 -0.0000
vn -0.2220 0.9751 -0.0000
vn 0.4178 0.9086 -0.0000
vn 0.7698 -0.6383 -0.0000
vn 0.4669 -0.8843 -0.0000
vn -0.0383 -0.9993 -0.0000
vn -0.5327 -0.8463 -0.0000
vn -0.7335 -0.6797 -0.0000
vn -0.9749 -0.2225 -0.0000
vn -0.9993 0.0379 -0.0000
vn -0.9086 0.4178 -0.0000
vn 0.5326 0.8463 -0.0000
vn -0.5326 -0.8463 -0.0000
vn 0.8463 -0.5326 -0.0000
vn -0.8463 0.5326 -0.0000
vn -0.8983 0.4393 0.0110
vn -0.9477 0.3193 0.0019
vn -0.8788 0.4772 0.0098
vn -0.8455 0.5340 -0.0017
vn -0.8363 0.5477 0.0249
vn -0.7799 0.6216 0.0727
vn -0.6988 0.7153 0.0079
vn -0.7657 0.6432 -0.0000
vn 0.3203 0.9473 0.0079
vn 0.5318 0.8454 0.0498
vn 0.4339 0.8980 0.0727
vn 0.5325 0.8464 -0.0000
vn 0.6216 0.7799 0.0727
vn 0.7153 0.6988 0.0079
vn 0.6432 0.7657 -0.0000
vn 0.9473 -0.3203 0.0079
vn 0.8454 -0.5318 0.0498
vn 0.8980 -0.4339 0.0727
vn 0.8464 -0.5325 -0.0000
vn 0.7799 -0.6216 0.0727
vn 0.6988 -0.7153 0.0079
vn 0.7657 -0.6432 -0.0000
vn -0.3203 -0.9473 0.0079
vn -0.5318 -0.8454 0.0498
vn -0.4339 -0.8980 0.0727
vn -0.5325 -0.8464 -0.0000
vn -0.6216 -0.7799 0.0727
vn -0.7153 -0.6988 0.0079
vn -0.6432 -0.7657 -0.0000
vn -0.7163 -0.6978 -0.0000
vn -0.8470 -0.5315 -0.0000
vn -0.8470 -0.5316 -0.0000
vn -0.9441 -0.3298 -0.0000
vn -0.9938 -0.1115 -0.0000
vn -0.9937 0.1125 -0.0000
vn -0.9478 0.3190 -0.0000
vn -0.9113 0.4117 -0.0000
vn 0.6978 -0.7163 -0.0000
vn 0.5315 -0.8470 -0.0000
vn 0.5316 -0.8470 -0.0000
vn 0.3298 -0.9441 -0.0000
vn 0.1115 -0.9938 -0.0000
vn -0.1125 -0.9937 -0.0000
vn -0.3190 -0.9478 -0.0000
vn -0.4117 -0.9113 -0.0000
vn 0.7163 0.6978 -0.0000
vn 0.8470 0.5315 -0.0000
vn 0.8470 0.5316 -0.0000
vn 0.9441 0.3298 -0.0000
vn 0.9938 0.1115 -0.0000
vn 0.9937 -0.1125 -0.0000
vn 0.9478 -0.3190 -0.0000
vn 0.9113 -0.4117 -0.0000
vn -0.6978 0.7163 -0.0000
vn -0.5315 0.8470 -0.0000
vn -0.5316 0.8470 -0.0000
vn -0.3298 0.9441 -0.0000
vn -0.1115 0.9938 -0.0000
vn 0.1125 0.9937 -0.0000
vn 0.3190 0.9478 -0.0000
vn 0.4117 0.9113 -0.0000
vn 0.8400 0.5307 -0.1129
vn 0.8398 0.4392 -0.3191
vn -0.8395 0.4964 -0.2210
vn -0.8395 0.4963 -0.2211
vn 0.8397 0.2715 -0.4702
vn -0.8396 0.3635 -0.4037
vn -0.8396 0.3635 -0.4036
vn -0.8396 0.3634 -0.4037
vn 0.8401 0.0568 -0.5395
vn -0.8397 0.1678 -0.5164
vn -0.8394 0.1679 -0.5169
vn -0.8392 0.1680 -0.5172
vn 0.8395 -0.1679 -0.5167
vn -0.8396 -0.0568 -0.5403
vn -0.8397 -0.0568 -0.5400
vn -0.8396 -0.0567 -0.5403
vn 0.8399 -0.3631 -0.4033
vn -0.8401 -0.2712 -0.4698
vn -0.8396 -0.2716 -0.4704
vn 0.8397 -0.4962 -0.2208
vn -0.8397 -0.4394 -0.3192
vn -0.8398 -0.4393 -0.3192
vn -0.8397 -0.4393 -0.3192
vn 0.8397 -0.4961 0.2209
vn -0.8396 -0.5366 0.0845
vn -0.8399 -0.5308 0.1129
vn -0.8396 -0.5365 0.0852
vn -0.8383 -0.5422 0.0570
vn -0.0000 -0.9988 0.0489
vn -0.0000 -0.9782 0.2077
vn -0.0000 -0.9984 0.0558
vn -0.0000 -0.9946 -0.1042
vn -0.8399 -0.5308 -0.1128
vn -0.8399 -0.5309 -0.1127
vn -0.8396 -0.5313 -0.1129
vn -0.8399 -0.5308 -0.1129
vn 0.8398 -0.3633 0.4035
vn -0.8397 -0.4393 0.3191
vn 0.8398 -0.1678 0.5163
vn -0.8393 -0.2718 0.4708
vn -0.8398 -0.2714 0.4702
vn -0.8398 -0.2715 0.4701
vn 0.8396 0.0567 0.5402
vn -0.8396 -0.0567 0.5403
vn -0.8398 -0.0568 0.5399
vn 0.8398 0.2715 0.4702
vn -0.8401 0.1676 0.5159
vn -0.8398 0.1678 0.5163
vn -0.8396 0.1679 0.5166
vn -0.8397 0.1678 0.5164
vn 0.8397 0.4393 0.3191
vn -0.8400 0.3631 0.4032
vn -0.8397 0.3634 0.4036
vn -0.8398 0.3633 0.4035
vn -0.8401 0.5425 -0.0000
vn -0.8398 0.5430 -0.0000
vn 0.8399 0.5308 0.1129
vn -0.8396 0.4962 0.2210
vn -0.8399 0.4958 0.2208
vn -0.8399 0.4959 0.2208
vn 0.6995 -0.6990 0.1486
vn 0.6991 -0.6994 -0.1487
vn 0.6992 -0.6993 -0.1486
vn 0.7077 -0.6455 -0.2872
vn 0.7072 -0.6458 -0.2876
vn 0.6993 -0.5783 -0.4202
vn 0.7077 -0.4730 -0.5248
vn 0.7077 -0.4726 -0.5252
vn 0.6997 -0.3572 -0.6188
vn 0.6993 -0.3574 -0.6190
vn 0.7072 -0.2185 -0.6724
vn 0.6989 -0.0748 -0.7113
vn 0.7074 0.0739 -0.7030
vn 0.7073 0.0739 -0.7030
vn 0.6991 0.2209 -0.6801
vn 0.6992 0.2209 -0.6799
vn 0.7073 0.3535 -0.6122
vn 0.7073 0.3534 -0.6122
vn 0.6992 0.4784 -0.5313
vn 0.7068 0.5722 -0.4159
vn 0.7069 0.5723 -0.4157
vn 0.6995 0.6528 -0.2908
vn 0.7066 0.6922 -0.1469
vn 0.7068 0.6919 -0.1471
vn 0.6992 0.7150 -0.0000
vn 0.7066 0.6922 0.1470
vn 0.7066 0.6921 0.1473
vn 0.6997 0.6527 0.2906
vn 0.6995 0.6528 0.2907
vn 0.7069 0.5721 0.4160
vn 0.7068 0.5723 0.4158
vn 0.6992 0.4784 0.5313
vn 0.7069 0.3536 0.6125
vn 0.7073 0.3535 0.6122
vn 0.6993 0.2209 0.6799
vn 0.6994 0.2209 0.6797
vn 0.7074 0.0739 0.7030
vn 0.7073 0.0739 0.7030
vn 0.6994 -0.0747 0.7109
vn 0.6995 -0.0747 0.7107
vn 0.7068 -0.2185 0.6729
vn 0.7071 -0.2185 0.6725
vn 0.6996 -0.3572 0.6188
vn 0.6996 -0.3571 0.6188
vn 0.7065 -0.4737 0.5258
vn 0.7068 -0.4734 0.5257
vn 0.6993 -0.5783 0.4202
vn 0.7070 -0.6459 0.2879
vn 0.7071 -0.6460 0.2876
vn 0.1212 0.9836 -0.1334
vn 0.0591 0.9952 -0.0781
vn -0.0870 0.9891 -0.1191
vn -0.3415 0.9399 -0.0000
vn 0.1218 0.9068 -0.4036
vn 0.1218 0.9067 -0.4037
vn 0.0510 0.8858 -0.4612
vn -0.0116 0.8090 -0.5877
vn 0.0119 0.6691 -0.7431
vn 0.1223 0.6642 -0.7375
vn -0.0117 0.4999 -0.8660
vn 0.0117 0.3090 -0.9510
vn 0.1220 0.3067 -0.9440
vn -0.0118 0.1046 -0.9944
vn 0.0118 -0.1045 -0.9945
vn 0.1220 -0.1038 -0.9871
vn -0.0117 -0.3090 -0.9510
vn 0.0118 -0.4999 -0.8660
vn 0.1221 -0.4962 -0.8596
vn -0.0117 -0.6691 -0.7431
vn 0.0118 -0.8090 -0.5878
vn 0.1221 -0.8029 -0.5834
vn -0.0117 -0.9135 -0.4068
vn 0.0117 -0.9781 -0.2079
vn 0.1219 -0.9709 -0.2063
vn -0.0117 -0.9999 -0.0000
vn 0.0117 -0.9781 0.2079
vn 0.1218 -0.9709 0.2063
vn -0.0117 -0.9134 0.4068
vn 0.0118 -0.8090 0.5878
vn 0.1221 -0.8029 0.5834
vn -0.0118 -0.6691 0.7431
vn 0.0120 -0.5001 0.8659
vn 0.1217 -0.4962 0.8596
vn -0.0117 -0.3089 0.9510
vn 0.0664 -0.0480 0.9966
vn 0.0589 -0.0264 0.9979
vn -0.0872 0.0150 0.9961
vn -0.3417 -0.0983 0.9347
vn 0.1216 0.3066 0.9440
vn 0.1216 0.3067 0.9440
vn 0.0515 0.3661 0.9291
vn -0.0118 0.5000 0.8660
vn 0.0666 0.7085 0.7025
vn 0.0592 0.7240 0.6872
vn -0.0869 0.7503 0.6553
vn -0.3415 0.6289 0.6985
vn 0.1207 0.9528 0.2785
vn 0.1218 0.9067 0.4039
vn 0.0587 0.9409 0.3336
vn -0.0870 0.9520 0.2936
vn -0.3416 0.8586 0.3823
vn 0.1223 0.9925 -0.0000
vn -0.7071 0.6459 0.2878
vn -0.7071 0.6460 0.2875
vn -0.7076 0.4728 0.5252
vn -0.7072 0.4731 0.5254
vn -0.7071 0.2185 0.6725
vn -0.7072 -0.0742 0.7031
vn -0.7072 -0.0736 0.7032
vn -0.7073 -0.3534 0.6122
vn -0.7068 -0.5722 0.4159
vn -0.7068 -0.5723 0.4157
vn -0.7066 -0.6922 0.1470
vn -0.7069 -0.6918 0.1471
vn -0.7068 -0.6920 -0.1470
vn -0.7069 -0.6918 -0.1471
vn -0.7068 -0.5722 -0.4160
vn -0.7068 -0.5723 -0.4157
vn -0.7073 -0.3535 -0.6122
vn -0.7073 -0.3534 -0.6122
vn -0.7072 -0.0742 -0.7031
vn -0.7072 -0.0736 -0.7032
vn -0.7076 0.2184 -0.6720
vn -0.7073 0.2185 -0.6723
vn -0.7071 0.4731 -0.5255
vn -0.7078 0.6454 -0.2872
vn -0.7073 0.6458 -0.2876
vn -0.0000 0.9135 0.4068
vn -0.0000 0.6691 0.7431
vn -0.0000 0.3090 0.9511
vn -0.0000 -0.1046 0.9945
vn -0.0000 -0.8090 0.5878
vn -0.0000 -0.9781 0.2079
vn -0.0000 -0.9781 -0.2079
vn -0.0000 -0.8090 -0.5878
vn -0.0000 -0.1045 -0.9945
vn -0.0000 0.3090 -0.9510
vn -0.0000 0.6691 -0.7431
vn -0.0000 0.9135 -0.4068
vn 0.7189 0.6951 -0.0000
vn 0.8650 0.5017 -0.0000
vn 0.8778 0.4790 -0.0000
vn 1.0000 -0.0001 -0.0000
vn 0.8650 -0.5018 -0.0000
vn 0.8778 -0.4791 -0.0000
vn 0.7189 -0.6951 -0.0000
vn -0.0630 0.2126 0.9751
vn -0.2131 0.3367 0.9172
vn -0.0125 0.5239 0.8517
vn -0.0014 0.5002 0.8659
vn -0.0264 0.0252 0.9993
vn -0.0067 0.0043 1.0000
vn -0.0216 -0.1407 0.9898
vn -0.0065 -0.5037 0.8638
vn -0.0000 0.2588 -0.9659
vn -0.0000 -0.2588 -0.9659
vn -0.0000 -0.7070 -0.7072
vn -0.0000 -0.8660 -0.5000
vn -0.0000 -0.9660 -0.2587
vn 0.0001 -0.9659 -0.2588
vn -0.0000 -0.9659 0.2588
vn 0.0001 -0.9660 0.2586
vn -0.0000 -0.8660 0.5000
vn -0.0000 -0.5384 0.8427
vn -0.0152 -0.2740 0.9616
vn 0.0565 0.0952 0.9938
vn 0.0377 0.0818 0.9959
vn 0.0113 -0.0122 0.9999
vn 0.0132 -0.0129 0.9998
vn 0.0455 -0.0699 0.9965
vn 0.1355 -0.0187 0.9906
vn -0.0000 -0.8854 0.4648
vn -0.0000 -0.5681 0.8230
vn -0.0000 -0.1206 0.9927
vn -0.0000 0.3546 0.9350
vn -0.0000 0.7485 0.6631
vn -0.0000 0.9709 0.2393
vn -0.0000 0.9709 -0.2393
vn -0.0000 0.7485 -0.6631
vn -0.0000 0.3546 -0.9350
vn -0.0000 -0.1205 -0.9927
vn -0.0000 -0.1206 -0.9927
vn -0.0000 -0.5681 -0.8230
vn -0.0000 -0.8854 -0.4648
s 1
f 1//1 2//1 3//1
f 4//1 5//1 3//1
f 6//1 7//1 8//1
f 9//1 10//1 11//1
f 13//1 14//1 15//1
f 15//1 14//1 16//1
f 15//1 16//1 17//1
f 18//1 19//1 20//1
f 20//1 19//1 21//1
f 7//1 15//1 8//1
f 8//1 15//1 17//1
f 8//1 17//1 22//1
f 22//1 17//1 23//1
f 22//1 23//1 24//1
f 24//1 23//1 25//1
f 24//1 25//1 26//1
f 26//1 25//1 27//1
f 26//1 27//1 18//1
f 18//1 27//1 28//1
f 18//1 28//1 19//1
f 29//1 30//1 31//1
f 31//1 30//1 32//1
f 32//1 30//1 33//1
f 32//1 33//1 34//1
f 34//1 33//1 35//1
f 34//1 35//1 13//1
f 13//1 35//1 36//1
f 13//1 36//1 14//1
f 37//1 38//1 39//1
f 39//1 38//1 40//1
f 41//1 42//1 43//1
f 39//1 44//1 37//1
f 37//1 44//1 45//1
f 37//1 45//1 46//1
f 46//1 45//1 47//1
f 48//1 49//1 50//1
f 50//1 51//1 48//1
f 48//1 51//1 52//1
f 48//1 52//1 53//1
f 53//1 52//1 54//1
f 53//1 54//1 55//1
f 55//1 54//1 56//1
f 55//1 56//1 57//1
f 58//1 59//1 60//1
f 60//1 59//1 61//1
f 60//1 61//1 49//1
f 49//1 61//1 62//1
f 49//1 62//1 50//1
f 60//1 63//1 58//1
f 58//1 63//1 41//1
f 58//1 41//1 64//1
f 64//1 41//1 43//1
f 64//1 43//1 65//1
f 65//1 43//1 66//1
f 65//1 66//1 67//1
f 67//1 66//1 40//1
f 67//1 40//1 68//1
f 68//1 40//1 38//1
f 12//1 11//1 69//1
f 70//1 71//1 72//1
f 72//1 71//1 73//1
f 72//1 73//1 74//1
f 74//1 73//1 75//1
f 76//1 77//1 78//1
f 12//1 79//1 80//1
f 80//1 79//1 81//1
f 80//1 81//1 77//1
f 77//1 81//1 82//1
f 77//1 82//1 78//1
f 83//1 84//1 76//1
f 73//1 85//1 75//1
f 75//1 85//1 86//1
f 75//1 86//1 87//1
f 87//1 86//1 83//1
f 87//1 83//1 88//1
f 88//1 83//1 76//1
f 88//1 76//1 89//1
f 89//1 76//1 78//1
f 9//1 11//1 90//1
f 12//1 80//1 11//1
f 11//1 80//1 91//1
f 11//1 91//1 90//1
f 63//1 92//1 41//1
f 41//1 92//1 93//1
f 41//1 93//1 42//1
f 42//1 93//1 94//1
f 42//1 94//1 86//1
f 86//1 94//1 95//1
f 86//1 95//1 83//1
f 83//1 95//1 96//1
f 83//1 96//1 84//1
f 32//1 97//1 31//1
f 31//1 97//1 98//1
f 31//1 98//1 56//1
f 56//1 98//1 99//1
f 56//1 99//1 57//1
f 100//1 101//1 102//1
f 102//1 101//1 103//1
f 102//1 103//1 8//1
f 8//1 103//1 104//1
f 8//1 104//1 6//1
f 105//1 106//1 107//1
f 107//1 108//1 105//1
f 105//1 108//1 109//1
f 105//1 109//1 110//1
f 110//1 109//1 111//1
f 112//1 3//1 111//1
f 111//1 3//1 5//1
f 111//1 5//1 110//1
f 112//1 113//1 3//1
f 3//1 113//1 114//1
f 3//1 114//1 102//1
f 102//1 114//1 115//1
f 115//1 116//1 102//1
f 102//1 116//1 117//1
f 102//1 117//1 100//1
f 100//1 117//1 118//1
f 100//1 118//1 106//1
f 106//1 118//1 119//1
f 106//1 119//1 107//1
f 4//1 3//1 120//1
f 120//1 3//1 2//1
f 120//1 2//1 121//1
f 122//1 123//1 121//1
f 121//1 123//1 124//1
f 121//1 124//1 120//1
f 125//1 126//1 122//1
f 122//1 126//1 127//1
f 122//1 127//1 123//1
f 128//1 129//1 130//1
f 130//1 129//1 131//1
f 126//1 132//1 127//1
f 127//1 132//1 133//1
f 127//1 133//1 134//1
f 134//1 133//1 135//1
f 134//1 135//1 136//1
f 136//1 135//1 137//1
f 136//1 137//1 138//1
f 138//1 137//1 139//1
f 138//1 139//1 140//1
f 140//1 139//1 128//1
f 140//1 128//1 141//1
f 141//1 128//1 130//1
f 129//1 142//1 131//1
f 131//1 142//1 143//1
f 131//1 143//1 122//1
f 122//1 143//1 144//1
f 122//1 144//1 125//1
f 145//1 146//1 147//1
f 146//1 148//1 147//1
f 147//1 148//1 149//1
f 147//1 149//1 150//1
f 140//1 151//1 138//1
f 138//1 151//1 152//1
f 138//1 152//1 153//1
f 153//1 152//1 154//1
f 153//1 154//1 155//1
f 155//1 154//1 156//1
f 157//1 158//1 159//1
f 159//1 158//1 160//1
f 161//1 162//1 163//1
f 163//1 162//1 164//1
f 163//1 164//1 165//1
f 156//1 163//1 155//1
f 155//1 163//1 165//1
f 155//1 165//1 166//1
f 166//1 165//1 167//1
f 166//1 167//1 157//1
f 157//1 167//1 168//1
f 157//1 168//1 158//1
f 169//1 170//1 147//1
f 160//1 145//1 159//1
f 159//1 145//1 147//1
f 159//1 147//1 171//1
f 171//1 147//1 170//1
f 147//1 172//1 169//1
f 169//1 172//1 173//1
f 169//1 173//1 10//1
f 70//1 69//1 71//1
f 71//1 69//1 11//1
f 71//1 11//1 174//1
f 174//1 11//1 175//1
f 176//1 175//1 177//1
f 177//1 175//1 11//1
f 177//1 11//1 178//1
f 178//1 11//1 10//1
f 178//1 10//1 179//1
f 179//1 10//1 173//1
f 102//1 180//1 181//1
f 102//1 181//1 3//1
f 3//1 181//1 182//1
f 3//1 182//1 1//1
f 22//1 183//1 8//1
f 8//1 183//1 184//1
f 8//1 184//1 102//1
f 102//1 184//1 185//1
f 102//1 185//1 180//1
f 44//1 186//1 45//1
f 45//1 186//1 187//1
f 45//1 187//1 20//1
f 20//1 187//1 188//1
f 20//1 188//1 18//1
f 54//1 47//1 56//1
f 56//1 47//1 45//1
f 56//1 45//1 31//1
f 31//1 45//1 20//1
f 31//1 20//1 29//1
f 29//1 20//1 21//1
f 189//2 190//2 191//2
f 191//2 190//2 192//2
f 191//2 192//2 193//2
f 193//2 192//2 194//2
f 193//2 194//2 195//2
f 195//2 194//2 196//2
f 195//2 196//2 197//2
f 197//2 196//2 198//2
f 197//2 198//2 199//2
f 199//2 198//2 200//2
f 199//2 200//2 201//2
f 201//2 200//2 202//2
f 201//2 202//2 203//2
f 203//2 202//2 204//2
f 203//2 204//2 205//2
f 205//2 204//2 206//2
f 205//2 206//2 207//2
f 207//2 206//2 208//2
f 207//2 208//2 209//2
f 209//2 208//2 210//2
f 209//2 210//2 211//2
f 211//2 210//2 212//2
f 211//2 212//2 213//2
f 213//2 212//2 214//2
f 213//2 214//2 215//2
f 215//2 214//2 216//2
f 215//2 216//2 217//2
f 217//2 216//2 218//2
f 217//2 218//2 219//2
f 219//2 218//2 220//2
f 219//2 220//2 221//2
f 221//2 220//2 222//2
f 221//2 222//2 223//2
f 223//2 222//2 224//2
f 223//2 224//2 225//2
f 225//2 224//2 226//2
f 225//2 226//2 227//2
f 227//2 226//2 228//2
f 227//2 228//2 229//2
f 229//2 228//2 230//2
f 229//2 230//2 231//2
f 231//2 230//2 232//2
f 231//2 232//2 233//2
f 233//2 232//2 234//2
f 233//2 234//2 235//2
f 235//2 234//2 236//2
f 235//2 236//2 237//2
f 237//2 236//2 238//2
f 237//2 238//2 239//2
f 239//2 238//2 240//2
f 239//2 240//2 241//2
f 241//2 240//2 242//2
f 241//2 242//2 243//2
f 243//2 242//2 244//2
f 243//2 244//2 245//2
f 245//2 244//2 189//2
f 245//2 189//2 191//2
f 246//3 247//3 248//4
f 248//4 247//3 249//4
f 248//4 249//4 250//5
f 250//5 249//4 251//5
f 250//6 251//6 252//6
f 252//6 251//6 253//6
f 252//7 253//8 254//9
f 254//9 253//8 255//10
f 254//9 255//10 256//11
f 255//10 257//12 256//11
f 256//11 257//12 258//13
f 256//11 258//13 259//13
f 259//13 258//13 260//14
f 259//15 260//15 261//16
f 261//16 260//15 262//16
f 261//16 262//16 263//17
f 263//17 262//16 264//17
f 263//18 264//18 265//19
f 265//19 264//18 266//19
f 265//19 266//19 267//20
f 267//20 266//19 268//20
f 267//21 268//21 269//22
f 269//22 268//21 270//22
f 269//22 270//22 246//23
f 246//23 270//22 271//23
f 246//3 271//3 247//3
f 272//1 273//1 274//1
f 274//1 273//1 275//1
f 274//1 275//1 276//1
f 276//1 275//1 277//1
f 276//1 277//1 278//1
f 278//1 277//1 279//1
f 278//1 279//1 280//1
f 280//1 279//1 281//1
f 280//1 281//1 282//1
f 282//1 281//1 283//1
f 282//1 283//1 284//1
f 284//1 283//1 285//1
f 284//1 285//1 286//1
f 286//1 285//1 287//1
f 286//1 287//1 288//1
f 288//1 287//1 289//1
f 288//1 289//1 290//1
f 290//1 289//1 291//1
f 290//1 291//1 292//1
f 292//1 291//1 293//1
f 292//1 293//1 294//1
f 294//1 293//1 295//1
f 294//1 295//1 272//1
f 272//1 295//1 273//1
f 296//1 297//1 298//1
f 298//1 297//1 299//1
f 298//1 299//1 300//1
f 300//1 299//1 301//1
f 300//1 301//1 302//1
f 302//1 301//1 303//1
f 302//1 303//1 304//1
f 304//1 303//1 305//1
f 304//1 305//1 306//1
f 306//1 305//1 307//1
f 306//1 307//1 308//1
f 308//1 307//1 309//1
f 308//1 309//1 310//1
f 310//1 309//1 311//1
f 310//1 311//1 312//1
f 312//1 311//1 313//1
f 312//1 313//1 314//1
f 314//1 313//1 315//1
f 314//1 315//1 316//1
f 316//1 315//1 317//1
f 316//1 317//1 318//1
f 318//1 317//1 319//1
f 318//1 319//1 296//1
f 296//1 319//1 297//1
f 320//1 321//1 322//1
f 322//1 321//1 323//1
f 322//1 323//1 324//1
f 324//1 323//1 325//1
f 324//1 325//1 326//1
f 326//1 325//1 327//1
f 326//1 327//1 328//1
f 328//1 327//1 329//1
f 328//1 329//1 330//1
f 330//1 329//1 331//1
f 330//1 331//1 332//1
f 332//1 331//1 333//1
f 332//1 333//1 334//1
f 334//1 333//1 335//1
f 334//1 335//1 336//1
f 336//1 335//1 337//1
f 336//1 337//1 338//1
f 338//1 337//1 339//1
f 338//1 339//1 340//1
f 340//1 339//1 341//1
f 340//1 341//1 342//1
f 342//1 341//1 343//1
f 342//1 343//1 320//1
f 320//1 343//1 321//1
f 344//1 345//1 346//1
f 346//1 345//1 347//1
f 346//1 347//1 348//1
f 348//1 347//1 349//1
f 348//1 349//1 350//1
f 350//1 349//1 351//1
f 350//1 351//1 352//1
f 352//1 351//1 353//1
f 352//1 353//1 354//1
f 354//1 353//1 355//1
f 354//1 355//1 356//1
f 356//1 355//1 357//1
f 356//1 357//1 358//1
f 358//1 357//1 359//1
f 358//1 359//1 360//1
f 360//1 359//1 361//1
f 360//1 361//1 362//1
f 362//1 361//1 363//1
f 362//1 363//1 364//1
f 364//1 363//1 365//1
f 364//1 365//1 366//1
f 366//1 365//1 367//1
f 366//1 367//1 344//1
f 344//1 367//1 345//1
f 368//1 369//1 370//1
f 370//1 369//1 371//1
f 370//1 371//1 372//1
f 372//1 371//1 373//1
f 372//1 373//1 374//1
f 374//1 373//1 375//1
f 374//1 375//1 376//1
f 376//1 375//1 377//1
f 376//1 377//1 378//1
f 378//1 377//1 379//1
f 378//1 379//1 380//1
f 380//1 379//1 381//1
f 380//1 381//1 382//1
f 382//1 381//1 383//1
f 382//1 383//1 384//1
f 384//1 383//1 385//1
f 384//1 385//1 386//1
f 386//1 385//1 387//1
f 386//1 387//1 388//1
f 388//1 387//1 389//1
f 388//1 389//1 390//1
f 390//1 389//1 391//1
f 390//1 391//1 368//1
f 368//1 391//1 369//1
f 392//24 393//25 394//26
f 394//26 393//25 395//27
f 394//26 395//27 396//28
f 396//28 395//27 397//29
f 396//28 397//29 398//30
f 398//30 397//29 399//31
f 398//30 399//31 400//32
f 400//32 399//31 401//33
f 400//32 401//33 402//34
f 402//34 401//33 403//35
f 402//34 403//35 404//36
f 404//36 403//35 405//37
f 404//36 405//37 406//38
f 406//38 405//37 407//39
f 406//38 407//39 408//40
f 408//40 407//39 409//41
f 408//40 409//41 410//42
f 410//42 409//41 411//43
f 410//42 411//43 412//44
f 412//44 411//43 413//45
f 412//44 413//45 414//46
f 414//46 413//45 415//47
f 414//46 415//47 416//48
f 416//48 415//47 417//49
f 416//48 417//49 418//50
f 418//50 417//49 419//51
f 418//50 419//51 420//52
f 420//52 419//51 421//53
f 420//52 421//53 422//54
f 422//54 421//53 423//55
f 422//54 423//55 424//56
f 424//56 423//55 425//57
f 424//56 425//57 426//58
f 426//58 425//57 427//59
f 426//58 427//59 428//60
f 428//60 427//59 429//61
f 428//60 429//61 430//62
f 430//62 429//61 431//63
f 430//62 431//63 432//64
f 432//64 431//63 433//65
f 432//64 433//65 434//66
f 434//66 433//65 435//67
f 434//66 435//67 436//68
f 436//68 435//67 437//69
f 436//68 437//69 438//70
f 438//70 437//69 439//71
f 438//70 439//71 440//72
f 440//72 439//71 441//73
f 440//72 441//73 442//74
f 442//74 441//73 443//75
f 442//74 443//75 444//76
f 444//76 443//75 445//77
f 444//76 445//77 446//78
f 446//78 445//77 447//79
f 446//78 447//79 448//80
f 448//80 447//79 449//81
f 448//80 449//81 450//82
f 450//82 449//81 451//83
f 450//82 451//83 452//84
f 452//84 451//83 453//85
f 452//84 453//85 454//86
f 454//86 453//85 455//87
f 454//86 455//87 456//88
f 456//88 455//87 457//89
f 456//88 457//89 458//90
f 458//90 457//89 459//91
f 458//90 459//91 460//92
f 460//92 459//91 461//93
f 460//92 461//93 462//94
f 462//94 461//93 463//95
f 462//94 463//95 464//96
f 464//96 463//95 465//97
f 464//96 465//97 466//98
f 466//98 465//97 467//99
f 466//98 467//99 468//100
f 468//100 467//99 469//101
f 468//100 469//101 470//102
f 470//102 469//101 471//103
f 470//102 471//103 472//104
f 472//104 471//103 473//105
f 472//104 473//105 474//106
f 474//106 473//105 475//107
f 474//106 475//107 476//108
f 476//108 475//107 477//109
f 476//108 477//109 478//110
f 478//110 477//109 479//111
f 478//110 479//111 480//112
f 480//112 479//111 481//113
f 480//112 481//113 482//114
f 482//114 481//113 483//115
f 482//114 483//115 484//116
f 484//116 483//115 485//117
f 484//116 485//117 486//118
f 486//118 485//117 487//119
f 486//118 487//119 488//120
f 488//120 487//119 489//121
f 488//120 489//121 490//122
f 490//122 489//121 491//123
f 490//122 491//123 492//124
f 492//124 491//123 493//125
f 492//124 493//125 494//126
f 494//126 493//125 495//127
f 494//126 495//127 496//128
f 496//128 495//127 497//129
f 496//128 497//129 498//130
f 498//130 497//129 499//131
f 498//130 499//131 500//132
f 500//132 499//131 501//133
f 500//132 501//133 502//134
f 502//134 501//133 503//135
f 502//134 503//135 504//136
f 504//136 503//135 505//137
f 504//136 505//137 506//138
f 506//138 505//137 507//139
f 506//138 507//139 508//140
f 508//140 507//139 509//141
f 508//140 509//141 510//142
f 510//142 509//141 511//143
f 510//142 511//143 512//144
f 512//144 511//143 513//145
f 512//144 513//145 514//146
f 514//146 513//145 515//147
f 514//146 515//147 516//148
f 516//148 515//147 517//149
f 516//148 517//149 518//150
f 518//150 517//149 519//151
f 518//150 519//151 520//152
f 520//152 519//151 521//153
f 520//152 521//153 522//154
f 522//154 521//153 523//155
f 522//154 523//155 392//24
f 392//24 523//155 393//25
f 254//1 524//1 252//1
f 252//1 524//1 525//1
f 252//1 525//1 250//1
f 250//1 525//1 526//1
f 250//1 526//1 248//1
f 248//1 526//1 527//1
f 248//1 527//1 246//1
f 246//1 527//1 528//1
f 246//1 528//1 269//1
f 269//1 528//1 529//1
f 269//1 529//1 267//1
f 267//1 529//1 530//1
f 267//1 530//1 265//1
f 265//1 530//1 531//1
f 265//1 531//1 263//1
f 263//1 531//1 532//1
f 263//1 532//1 261//1
f 261//1 532//1 533//1
f 261//1 533//1 259//1
f 259//1 533//1 534//1
f 259//1 534//1 256//1
f 256//1 534//1 535//1
f 256//1 535//1 254//1
f 254//1 535//1 524//1
f 532//156 531//157 161//158
f 161//158 536//159 532//156
f 532//156 536//159 150//160
f 532//156 150//160 533//161
f 533//161 150//160 149//162
f 533//161 149//162 534//163
f 534//163 149//162 148//163
f 534//164 148//164 535//164
f 535//164 148//164 146//164
f 535//165 146//165 524//10
f 524//10 146//165 145//10
f 524//10 145//10 525//166
f 525//166 145//10 160//166
f 525//167 160//167 526//168
f 526//168 160//167 158//168
f 526//168 158//168 527//4
f 527//4 158//168 168//4
f 527//4 168//4 528//169
f 528//169 168//4 167//169
f 528//23 167//23 529//22
f 529//22 167//23 165//22
f 529//22 165//22 530//170
f 530//170 165//22 164//170
f 530//170 164//170 531//157
f 531//157 164//170 162//171
f 531//157 162//171 161//158
f 293//172 35//173 295//174
f 295//174 35//173 33//175
f 295//176 33//176 273//177
f 33//176 30//178 273//177
f 273//177 30//178 29//179
f 273//177 29//179 275//180
f 275//180 29//179 21//181
f 275//165 21//182 277//10
f 277//10 21//182 19//10
f 277//10 19//10 279//183
f 279//183 19//10 28//183
f 279//183 28//183 281//167
f 281//167 28//183 27//167
f 281//184 27//184 283//185
f 283//185 27//184 25//185
f 283//185 25//185 285//186
f 285//186 25//185 23//186
f 285//186 23//186 287//187
f 287//187 23//186 17//187
f 287//188 17//188 289//170
f 289//170 17//188 16//170
f 289//170 16//170 291//20
f 291//20 16//170 14//20
f 291//189 14//189 293//172
f 293//172 14//189 36//159
f 293//172 36//159 35//173
f 133//186 313//186 135//3
f 135//3 313//186 311//3
f 135//184 311//184 137//168
f 137//168 311//184 309//168
f 137//168 309//168 139//167
f 139//167 309//168 307//167
f 139//166 307//166 128//166
f 128//166 307//166 305//166
f 128//165 305//165 129//190
f 129//190 305//165 303//190
f 129//190 303//190 142//178
f 142//178 303//190 301//178
f 142//178 301//178 143//191
f 143//191 301//178 299//191
f 143//191 299//191 144//174
f 144//174 299//191 297//174
f 144//18 297//18 125//192
f 125//192 297//18 319//192
f 125//192 319//192 126//193
f 126//193 319//192 317//193
f 126//188 317//188 132//22
f 132//22 317//188 315//22
f 132//22 315//22 133//186
f 133//186 315//22 313//186
f 343//165 61//165 321//10
f 321//10 61//165 59//194
f 321//10 59//194 323//195
f 333//20 47//20 335//20
f 335//20 47//20 54//20
f 335//189 54//189 337//189
f 337//189 54//189 52//189
f 337//174 52//174 339//174
f 339//174 52//174 51//174
f 339//163 51//163 341//178
f 341//178 51//163 50//178
f 341//178 50//178 343//164
f 343//164 50//178 62//164
f 343//165 62//196 61//165
f 331//197 37//188 333//188
f 333//188 37//188 46//188
f 333//20 46//20 47//20
f 59//194 58//198 323//195
f 323//195 58//198 64//167
f 323//195 64//167 325//168
f 325//168 64//167 65//199
f 325//168 65//199 327//4
f 327//4 65//199 67//4
f 327//4 67//4 329//169
f 329//169 67//4 68//169
f 329//23 68//23 331//197
f 331//197 68//23 38//197
f 331//197 38//197 37//188
f 345//163 88//163 347//178
f 347//178 88//163 89//178
f 347//178 89//178 349//164
f 349//164 89//178 78//164
f 349//165 78//165 351//10
f 351//10 78//165 82//10
f 351//10 82//10 353//166
f 353//166 82//10 81//166
f 353//167 81//167 355//167
f 81//167 79//167 355//167
f 355//184 79//200 12//200
f 355//184 12//200 357//184
f 357//201 12//202 359//203
f 359//203 12//202 69//204
f 359//187 69//187 361//187
f 361//187 69//187 70//187
f 361//188 70//188 363//170
f 363//170 70//188 72//170
f 363//170 72//170 365//20
f 365//20 72//170 74//20
f 365//189 74//189 367//172
f 367//172 74//189 75//172
f 367//172 75//172 345//174
f 345//174 75//172 87//174
f 345//163 87//163 88//163
f 109//186 385//186 111//185
f 111//185 385//186 383//185
f 111//185 383//185 112//168
f 112//168 383//185 381//168
f 112//168 381//168 113//198
f 113//198 381//168 379//198
f 113//198 379//198 114//166
f 114//166 379//198 377//166
f 114//165 377//165 115//11
f 115//11 377//165 375//11
f 115//11 375//11 116//164
f 116//164 375//11 373//164
f 116//163 373//163 117//163
f 117//163 373//163 371//163
f 117//174 371//174 118//174
f 118//174 371//174 369//174
f 118//18 369//189 119//189
f 119//189 369//189 391//18
f 119//193 391//193 107//205
f 107//205 391//193 389//205
f 107//205 389//205 108//188
f 108//188 389//205 387//188
f 108//187 387//187 109//186
f 109//186 387//187 385//186
f 96//206 95//207 404//208
f 170//209 169//210 424//211
f 424//211 169//210 10//212
f 424//211 10//212 9//211
f 424//211 426//213 170//209
f 170//209 426//213 428//209
f 170//209 428//209 171//214
f 428//209 430//215 171//214
f 171//214 430//215 432//216
f 171//214 432//216 159//217
f 159//217 432//216 434//218
f 159//217 434//218 157//219
f 157//219 434//218 436//219
f 157//219 436//219 166//220
f 436//219 438//221 166//220
f 166//220 438//221 440//222
f 166//220 440//222 155//223
f 440//222 442//224 155//223
f 155//223 442//224 444//225
f 155//223 444//225 153//226
f 444//225 446//227 153//226
f 153//226 446//227 448//228
f 153//226 448//228 138//229
f 138//229 448//228 136//230
f 448//228 450//231 136//230
f 136//230 450//231 452//230
f 136//230 452//230 134//232
f 452//230 454//233 134//232
f 134//232 454//233 456//234
f 134//232 456//234 127//235
f 127//235 456//234 458//236
f 127//235 458//236 123//237
f 123//237 458//236 460//238
f 123//237 460//238 124//239
f 460//238 462//240 124//239
f 124//239 462//240 464//239
f 124//239 464//239 120//241
f 120//241 464//239 466//241
f 120//241 466//241 4//242
f 4//242 466//241 468//242
f 4//242 468//242 5//243
f 5//243 468//242 470//243
f 5//243 470//243 110//244
f 110//244 470//243 472//244
f 110//244 472//244 105//245
f 472//244 474//246 105//245
f 105//245 474//246 476//245
f 105//245 476//245 106//247
f 476//245 478//248 106//247
f 106//247 478//248 480//249
f 106//247 480//249 100//250
f 100//250 480//249 101//251
f 480//249 482//252 101//251
f 101//251 482//252 484//251
f 101//251 484//251 103//253
f 484//251 486//254 103//253
f 103//253 486//254 488//253
f 103//253 488//253 104//255
f 104//255 488//253 490//256
f 104//255 490//256 6//257
f 6//257 490//256 492//257
f 6//257 492//257 7//258
f 7//258 492//257 494//258
f 7//258 494//258 15//259
f 15//259 494//258 496//260
f 15//259 496//260 13//261
f 13//261 496//260 498//262
f 13//261 498//262 500//263
f 99//264 98//265 504//266
f 504//266 98//265 97//267
f 504//266 97//267 502//268
f 502//268 97//267 32//269
f 502//268 32//269 500//263
f 500//263 32//269 34//270
f 500//263 34//270 13//261
f 504//266 506//265 99//264
f 99//264 506//265 508//264
f 99//264 508//264 57//271
f 508//264 510//272 57//271
f 57//271 510//272 512//273
f 57//271 512//273 55//274
f 55//274 512//273 514//275
f 55//274 514//275 53//276
f 53//276 514//275 516//276
f 53//276 516//276 48//277
f 516//276 518//278 48//277
f 48//277 518//278 520//279
f 48//277 520//279 49//280
f 520//279 522//281 49//280
f 49//280 522//281 392//282
f 49//280 392//282 60//283
f 60//283 392//282 394//283
f 60//283 394//283 63//284
f 63//284 394//283 396//285
f 94//286 93//287 396//285
f 396//285 93//287 92//288
f 396//285 92//288 63//284
f 396//285 398//289 94//286
f 94//286 398//289 400//286
f 94//286 400//286 95//207
f 95//207 400//286 402//290
f 95//207 402//290 404//208
f 96//206 404//208 84//291
f 84//291 404//208 406//292
f 84//291 406//292 76//293
f 76//293 406//292 408//294
f 76//293 408//294 77//295
f 408//294 410//296 77//295
f 77//295 410//296 412//295
f 77//295 412//295 80//297
f 80//297 412//295 414//298
f 80//297 414//298 91//299
f 91//299 414//298 416//299
f 91//299 416//299 90//300
f 416//299 418//301 90//300
f 90//300 418//301 420//300
f 90//300 420//300 9//211
f 9//211 420//300 422//302
f 9//211 422//302 424//211
f 272//163 537//163 294//191
f 294//191 537//163 538//191
f 294//191 538//191 292//172
f 292//172 538//191 539//172
f 292//172 539//172 290//18
f 290//18 539//172 540//18
f 290//303 540//304 288//205
f 288//205 540//304 541//170
f 288//205 541//170 286//305
f 541//170 542//305 286//305
f 286//306 542//307 543//306
f 286//306 543//306 284//186
f 284//186 543//306 544//186
f 284//186 544//186 282//308
f 282//308 544//186 545//308
f 282//308 545//308 280//168
f 280//168 545//308 546//168
f 280//168 546//168 278//6
f 278//6 546//168 547//6
f 278//166 547//166 276//9
f 276//9 547//166 548//9
f 276//9 548//9 274//11
f 274//11 548//9 549//11
f 274//11 549//11 272//309
f 272//309 549//11 550//309
f 272//163 550//163 537//163
f 312//3 551//3 310//310
f 310//310 551//3 552//310
f 310//310 552//310 308//311
f 308//311 552//310 553//311
f 308//312 553//312 306//198
f 306//198 553//312 554//183
f 306//198 554//183 304//313
f 304//313 554//183 555//313
f 304//182 555//182 302//11
f 302//11 555//182 556//11
f 302//11 556//11 300//177
f 300//177 556//11 557//177
f 300//177 557//177 298//163
f 298//163 557//177 558//163
f 298//17 558//17 296//17
f 296//17 558//17 559//17
f 296//18 559//18 318//314
f 318//314 559//18 560//314
f 318//314 560//314 316//304
f 316//304 560//314 561//304
f 316//305 561//305 314//22
f 314//22 561//305 562//22
f 314//22 562//22 312//306
f 312//306 562//22 551//187
f 328//3 563//3 326//4
f 326//4 563//3 564//4
f 326//4 564//4 324//5
f 324//5 564//4 565//5
f 324//6 565//6 322//6
f 322//6 565//6 566//6
f 322//7 566//8 320//8
f 320//8 566//8 567//8
f 320//315 567//315 342//11
f 342//11 567//315 568//11
f 342//11 568//11 340//316
f 340//316 568//11 569//316
f 340//316 569//316 338//163
f 338//163 569//316 570//163
f 338//317 570//317 336//172
f 336//172 570//317 571//172
f 336//172 571//172 334//318
f 334//318 571//172 572//318
f 334//319 572//319 332//320
f 332//320 572//319 573//320
f 332//320 573//320 330//21
f 330//21 573//320 574//21
f 330//23 574//23 328//23
f 328//23 574//23 563//23
f 358//321 575//322 356//323
f 356//323 575//322 576//3
f 356//5 576//5 354//168
f 354//168 576//5 577//168
f 354//168 577//168 352//6
f 352//6 577//168 578//6
f 352//166 578//166 350//166
f 350//166 578//166 579//166
f 350//182 579//182 348//324
f 579//182 580//325 348//324
f 348//324 580//325 581//326
f 348//324 581//326 346//327
f 346//327 581//326 582//328
f 346//327 582//328 344//191
f 344//191 582//328 583//329
f 344//191 583//329 366//172
f 366//172 583//329 584//172
f 366//172 584//172 364//318
f 364//318 584//172 585//318
f 364//20 585//20 362//20
f 362//20 585//20 586//20
f 362//305 586//305 360//22
f 360//22 586//305 587//22
f 360//22 587//22 358//306
f 358//306 587//22 588//187
f 358//321 588//330 575//322
f 372//331 589//332 370//333
f 370//333 589//332 590//163
f 370//17 590//17 368//172
f 368//172 590//17 591//172
f 368//172 591//172 390//18
f 390//18 591//172 592//18
f 390//20 592//20 388//20
f 388//20 592//20 593//20
f 388//21 593//21 386//334
f 593//21 594//335 386//334
f 386//334 594//335 595//336
f 386//334 595//336 384//337
f 384//337 595//336 596//338
f 384//337 596//338 382//339
f 382//339 596//338 597//339
f 382//311 597//311 380//168
f 380//168 597//311 598//168
f 380//168 598//168 378//312
f 378//312 598//168 599//312
f 378//166 599//166 376//166
f 376//166 599//166 600//166
f 376//315 600//315 374//11
f 374//11 600//315 601//11
f 374//11 601//11 372//13
f 372//13 601//11 602//164
f 372//331 602//340 589//332
f 603//341 604//342 489//342
f 489//342 487//343 603//341
f 603//341 487//343 485//341
f 603//341 485//341 605//344
f 485//341 483//345 605//344
f 605//344 483//345 481//344
f 605//344 481//344 606//346
f 481//344 479//347 606//346
f 606//346 479//347 477//348
f 606//346 477//348 607//349
f 607//349 477//348 475//350
f 607//349 475//350 608//351
f 608//351 475//350 609//352
f 609//352 475//350 473//353
f 609//352 473//353 610//354
f 610//354 473//353 471//355
f 610//354 471//355 611//356
f 611//356 471//355 469//357
f 611//356 469//357 612//358
f 469//357 467//359 612//358
f 612//358 467//359 465//360
f 612//358 465//360 613//361
f 613//361 465//360 614//362
f 465//360 463//363 614//362
f 614//362 463//363 461//364
f 614//362 461//364 615//365
f 461//364 459//366 615//365
f 615//365 459//366 457//367
f 615//365 457//367 616//368
f 457//367 455//369 616//368
f 616//368 455//369 453//368
f 616//368 453//368 617//370
f 453//368 451//371 617//370
f 617//370 451//371 449//370
f 617//370 449//370 618//372
f 618//372 449//370 619//373
f 449//370 447//374 619//373
f 619//373 447//374 445//373
f 619//373 445//373 620//375
f 620//375 445//373 443//375
f 620//375 443//375 621//376
f 621//376 443//375 441//377
f 621//376 441//377 622//378
f 622//378 441//377 439//379
f 622//378 439//379 623//380
f 623//380 439//379 437//381
f 623//380 437//381 624//382
f 624//382 437//381 625//383
f 437//381 435//384 625//383
f 625//383 435//384 433//383
f 625//383 433//383 626//385
f 433//383 431//386 626//385
f 626//385 431//386 429//387
f 626//385 429//387 627//388
f 429//387 427//389 627//388
f 627//388 427//389 425//388
f 627//388 425//388 628//390
f 628//390 425//388 423//390
f 628//390 423//390 629//391
f 629//391 423//390 421//391
f 629//391 421//391 630//392
f 421//391 419//393 630//392
f 630//392 419//393 417//394
f 630//392 417//394 631//395
f 417//394 415//396 631//395
f 631//395 415//396 413//395
f 631//395 413//395 632//397
f 632//397 413//395 411//398
f 632//397 411//398 633//399
f 633//399 411//398 409//400
f 633//399 409//400 634//401
f 634//401 409//400 635//402
f 409//400 407//403 635//402
f 635//402 407//403 405//402
f 635//402 405//402 636//404
f 636//404 405//402 637//405
f 405//402 403//406 637//405
f 637//405 403//406 401//405
f 637//405 401//405 638//407
f 638//407 401//405 399//407
f 638//407 399//407 639//408
f 639//408 399//407 397//408
f 639//408 397//408 640//409
f 397//408 395//410 640//409
f 640//409 395//410 393//409
f 640//409 393//409 641//411
f 393//409 523//412 641//411
f 641//411 523//412 521//413
f 641//411 521//413 642//414
f 521//413 519//415 642//414
f 642//414 519//415 517//414
f 642//414 517//414 643//416
f 643//416 517//414 515//416
f 643//416 515//416 644//417
f 644//417 515//416 513//417
f 644//417 513//417 645//418
f 513//417 511//419 645//418
f 645//418 511//419 509//418
f 645//418 509//418 646//420
f 646//420 509//418 647//421
f 509//418 507//422 647//421
f 647//421 507//422 505//423
f 647//421 505//423 648//424
f 648//424 505//423 503//425
f 648//424 503//425 649//426
f 649//426 503//425 650//427
f 650//427 503//425 501//427
f 650//427 501//427 651//428
f 501//427 499//429 651//428
f 651//428 499//429 497//428
f 651//428 497//428 652//430
f 497//428 495//431 652//430
f 652//430 495//431 493//432
f 652//430 493//432 604//342
f 604//342 493//432 491//433
f 604//342 491//433 489//342
f 653//2 654//2 655//2
f 649//2 656//2 648//2
f 657//2 658//2 266//2
f 249//2 247//2 659//2
f 659//2 247//2 271//2
f 659//2 271//2 660//2
f 660//2 271//2 270//2
f 660//2 270//2 268//2
f 266//2 658//2 268//2
f 268//2 658//2 661//2
f 268//2 661//2 660//2
f 662//2 663//2 664//2
f 266//2 264//2 657//2
f 657//2 264//2 262//2
f 657//2 262//2 664//2
f 664//2 262//2 260//2
f 664//2 260//2 662//2
f 258//2 257//2 628//2
f 628//2 257//2 627//2
f 624//2 625//2 251//2
f 627//2 257//2 626//2
f 626//2 257//2 255//2
f 626//2 255//2 625//2
f 625//2 255//2 253//2
f 625//2 253//2 251//2
f 665//2 666//2 547//2
f 547//2 666//2 548//2
f 548//2 666//2 667//2
f 548//2 667//2 668//2
f 669//2 670//2 671//2
f 547//2 546//2 665//2
f 665//2 546//2 545//2
f 665//2 545//2 671//2
f 671//2 545//2 544//2
f 671//2 544//2 669//2
f 650//2 538//2 649//2
f 649//2 538//2 537//2
f 649//2 537//2 656//2
f 656//2 537//2 550//2
f 656//2 550//2 668//2
f 668//2 550//2 549//2
f 668//2 549//2 548//2
f 651//2 652//2 542//2
f 542//2 652//2 604//2
f 542//2 604//2 543//2
f 542//2 541//2 651//2
f 651//2 541//2 540//2
f 651//2 540//2 650//2
f 650//2 540//2 539//2
f 650//2 539//2 538//2
f 576//2 575//2 662//2
f 662//2 575//2 588//2
f 672//2 586//2 673//2
f 673//2 586//2 585//2
f 673//2 585//2 674//2
f 674//2 585//2 584//2
f 674//2 584//2 675//2
f 675//2 584//2 583//2
f 675//2 583//2 676//2
f 663//2 662//2 677//2
f 677//2 662//2 588//2
f 677//2 588//2 672//2
f 672//2 588//2 587//2
f 672//2 587//2 586//2
f 583//2 582//2 676//2
f 676//2 582//2 581//2
f 676//2 581//2 632//2
f 632//2 581//2 580//2
f 632//2 580//2 631//2
f 260//2 258//2 662//2
f 662//2 258//2 628//2
f 662//2 628//2 576//2
f 576//2 628//2 629//2
f 576//2 629//2 577//2
f 577//2 629//2 630//2
f 577//2 630//2 578//2
f 578//2 630//2 631//2
f 578//2 631//2 579//2
f 579//2 631//2 580//2
f 590//2 589//2 669//2
f 669//2 589//2 602//2
f 678//2 600//2 679//2
f 679//2 600//2 599//2
f 679//2 599//2 680//2
f 680//2 599//2 598//2
f 680//2 598//2 681//2
f 681//2 598//2 597//2
f 681//2 597//2 682//2
f 682//2 597//2 596//2
f 682//2 596//2 595//2
f 670//2 669//2 683//2
f 683//2 669//2 602//2
f 683//2 602//2 678//2
f 678//2 602//2 601//2
f 678//2 601//2 600//2
f 607//2 595//2 594//2
f 607//2 594//2 606//2
f 606//2 594//2 593//2
f 606//2 593//2 605//2
f 544//2 543//2 669//2
f 669//2 543//2 604//2
f 669//2 604//2 590//2
f 590//2 604//2 603//2
f 590//2 603//2 591//2
f 591//2 603//2 605//2
f 591//2 605//2 592//2
f 592//2 605//2 593//2
f 648//2 656//2 647//2
f 647//2 656//2 668//2
f 647//2 668//2 646//2
f 643//2 644//2 684//2
f 684//2 644//2 645//2
f 684//2 645//2 646//2
f 566//2 565//2 655//2
f 640//2 567//2 639//2
f 639//2 567//2 566//2
f 639//2 566//2 638//2
f 638//2 566//2 655//2
f 638//2 655//2 637//2
f 565//2 564//2 655//2
f 655//2 564//2 563//2
f 655//2 563//2 684//2
f 563//2 574//2 684//2
f 684//2 574//2 573//2
f 684//2 573//2 643//2
f 643//2 573//2 572//2
f 643//2 572//2 642//2
f 642//2 572//2 571//2
f 642//2 571//2 641//2
f 571//2 570//2 641//2
f 641//2 570//2 569//2
f 641//2 569//2 640//2
f 640//2 569//2 568//2
f 640//2 568//2 567//2
f 637//2 655//2 636//2
f 636//2 655//2 654//2
f 636//2 654//2 675//2
f 632//2 633//2 676//2
f 676//2 633//2 634//2
f 676//2 634//2 675//2
f 675//2 634//2 635//2
f 675//2 635//2 636//2
f 251//2 249//2 624//2
f 624//2 249//2 659//2
f 624//2 659//2 623//2
f 623//2 659//2 622//2
f 622//2 659//2 621//2
f 621//2 659//2 660//2
f 621//2 660//2 620//2
f 620//2 685//2 619//2
f 619//2 685//2 618//2
f 560//2 559//2 686//2
f 685//2 555//2 618//2
f 618//2 555//2 554//2
f 618//2 554//2 617//2
f 617//2 554//2 616//2
f 615//2 562//2 614//2
f 614//2 562//2 561//2
f 614//2 561//2 613//2
f 559//2 558//2 686//2
f 686//2 558//2 557//2
f 686//2 557//2 685//2
f 685//2 557//2 556//2
f 685//2 556//2 555//2
f 554//2 553//2 616//2
f 616//2 553//2 552//2
f 616//2 552//2 615//2
f 615//2 552//2 551//2
f 615//2 551//2 562//2
f 686//2 610//2 611//2
f 561//2 560//2 613//2
f 613//2 560//2 686//2
f 613//2 686//2 612//2
f 612//2 686//2 611//2
f 595//2 607//2 682//2
f 682//2 607//2 608//2
f 682//2 608//2 681//2
f 646//2 668//2 684//2
f 684//2 668//2 687//2
f 684//2 687//2 688//2
f 688//2 689//2 684//2
f 684//2 689//2 690//2
f 684//2 690//2 655//2
f 655//2 690//2 691//2
f 655//2 691//2 653//2
f 620//2 660//2 685//2
f 685//2 660//2 692//2
f 685//2 692//2 693//2
f 694//2 686//2 695//2
f 695//2 686//2 685//2
f 695//2 685//2 696//2
f 696//2 685//2 693//2
f 608//2 609//2 681//2
f 681//2 609//2 610//2
f 681//2 610//2 697//2
f 697//2 610//2 686//2
f 697//2 686//2 698//2
f 698//2 686//2 694//2
f 237//434 239//435 675//436
f 675//436 654//437 237//434
f 237//434 654//437 653//434
f 237//434 653//434 235//438
f 235//438 653//434 691//438
f 235//438 691//438 233//178
f 233//178 691//438 690//178
f 233//178 690//178 231//439
f 231//439 690//178 689//439
f 231//439 689//439 229//440
f 689//439 688//440 229//440
f 229//440 688//440 687//441
f 229//440 687//441 227//442
f 687//441 668//443 227//442
f 227//442 668//443 667//442
f 227//442 667//442 225//444
f 225//444 667//442 666//444
f 225//444 666//444 223//445
f 223//445 666//444 665//445
f 223//445 665//445 221//446
f 221//446 665//445 671//446
f 221//446 671//446 219//192
f 219//192 671//446 670//192
f 219//192 670//192 217//447
f 217//447 670//192 683//447
f 217//447 683//447 215//448
f 215//448 683//447 678//448
f 215//448 678//448 213//449
f 213//449 678//448 679//449
f 213//449 679//449 211//450
f 679//449 680//450 211//450
f 211//450 680//450 681//451
f 211//450 681//451 209//452
f 681//451 697//453 209//452
f 209//452 697//453 698//452
f 209//452 698//452 207//454
f 207//454 698//452 694//454
f 207//454 694//454 205//186
f 205//186 694//454 695//186
f 205//186 695//186 203//455
f 203//455 695//186 696//455
f 203//455 696//455 201//456
f 696//455 693//456 201//456
f 201//456 693//456 692//457
f 201//456 692//457 199//458
f 692//457 660//459 199//458
f 199//458 660//459 661//458
f 199//458 661//458 197//460
f 197//460 661//458 658//460
f 197//460 658//460 195//461
f 195//461 658//460 657//461
f 195//461 657//461 193//462
f 193//462 657//461 664//462
f 193//462 664//462 191//198
f 191//198 664//462 663//198
f 191//198 663//198 245//463
f 245//463 663//198 677//463
f 245//463 677//463 243//464
f 243//464 677//463 672//464
f 243//464 672//464 241//465
f 241//465 672//464 673//465
f 241//465 673//465 239//435
f 239//435 673//465 674//435
f 239//435 674//435 675//436
f 536//2 161//2 150//2
f 699//466 700//467 701//468
f 699//466 701//468 702//466
f 702//469 701//470 703//471
f 702//469 703//471 704//472
f 704//472 703//471 705//473
f 705//473 703//471 706//474
f 705//473 706//474 707//475
f 708//476 709//477 710//477
f 710//478 709//479 711//480
f 710//478 711//480 712//481
f 712//481 711//480 713//482
f 712//481 713//482 714//483
f 714//483 713//482 707//475
f 714//483 707//475 715//484
f 715//484 707//475 706//474
f 716//485 717//486 718//487
f 718//487 717//486 719//488
f 718//487 719//488 720//489
f 720//489 719//488 721//490
f 720//489 721//490 708//476
f 708//476 721//490 722//491
f 708//476 722//491 709//477
f 716//485 723//492 717//486
f 717//486 723//492 724//493
f 717//486 724//493 725//494
f 725//494 724//493 726//495
f 725//494 726//495 727//496
f 727//496 726//495 728//497
f 729//498 728//497 730//499
f 730//499 728//497 726//495
f 730//499 726//495 731//500
f 731//500 726//495 732//501
f 732//501 733//502 731//500
f 731//500 733//502 734//503
f 731//500 734//503 735//504
f 735//504 734//503 736//505
f 735//504 736//505 737//506
f 700//507 699//508 737//509
f 737//509 699//508 738//508
f 737//509 738//508 735//510
f 739//511 740//512 741//513
f 741//513 740//512 742//514
f 741//513 742//514 743//515
f 743//515 742//514 744//516
f 743//515 744//516 745//517
f 739//511 746//518 740//512
f 740//512 746//518 747//519
f 740//512 747//519 748//520
f 748//520 747//519 749//521
f 748//520 749//521 750//522
f 750//522 749//521 751//523
f 752//524 751//523 753//525
f 753//525 751//523 749//521
f 753//525 749//521 754//526
f 754//526 749//521 755//527
f 755//527 756//528 754//526
f 754//526 756//528 757//529
f 754//526 757//529 758//530
f 757//529 759//531 758//530
f 758//530 759//531 760//531
f 758//532 760//533 761//534
f 761//534 760//533 762//535
f 760//533 763//536 762//535
f 762//535 763//536 764//537
f 762//535 764//537 765//538
f 765//539 764//540 766//541
f 765//539 766//541 767//542
f 767//542 766//541 768//543
f 768//543 766//541 769//544
f 768//543 769//544 770//545
f 744//516 771//546 745//517
f 745//517 771//546 772//547
f 745//517 772//547 773//547
f 773//548 772//549 774//550
f 773//548 774//550 775//551
f 775//551 774//550 776//552
f 775//551 776//552 777//553
f 777//553 776//552 770//545
f 777//553 770//545 778//554
f 778//554 770//545 769//544
f 779//1 780//1 781//1
f 782//1 783//1 781//1
f 781//1 783//1 784//1
f 781//1 784//1 779//1
f 785//1 786//1 781//1
f 781//1 786//1 787//1
f 781//1 787//1 782//1
f 788//1 789//1 781//1
f 781//1 789//1 790//1
f 781//1 790//1 785//1
f 791//1 792//1 781//1
f 781//1 792//1 793//1
f 781//1 793//1 788//1
f 794//1 795//1 781//1
f 781//1 795//1 796//1
f 781//1 796//1 791//1
f 797//1 798//1 781//1
f 781//1 798//1 799//1
f 781//1 799//1 794//1
f 800//1 801//1 781//1
f 781//1 801//1 802//1
f 781//1 802//1 797//1
f 803//1 804//1 781//1
f 781//1 804//1 805//1
f 781//1 805//1 800//1
f 780//1 806//1 781//1
f 781//1 806//1 807//1
f 781//1 807//1 803//1
f 789//555 24//555 26//556
f 808//557 809//558 797//559
f 797//559 802//560 808//557
f 808//557 802//560 801//561
f 808//557 801//561 810//562
f 810//562 801//561 800//563
f 810//562 800//563 811//563
f 811//563 800//563 805//564
f 811//563 805//564 812//564
f 812//564 805//564 804//565
f 175//566 176//567 813//568
f 710//569 792//570 708//571
f 708//571 792//570 791//572
f 708//571 791//572 720//573
f 710//569 712//574 792//570
f 792//570 712//574 714//575
f 792//570 714//575 715//576
f 706//577 703//578 185//579
f 185//579 703//578 701//580
f 185//579 701//580 180//581
f 180//581 701//580 700//582
f 180//581 700//582 181//583
f 733//584 732//585 182//586
f 700//582 737//587 181//583
f 181//583 737//587 736//588
f 181//583 736//588 182//586
f 182//586 736//588 734//589
f 182//586 734//589 733//584
f 796//590 726//591 724//592
f 724//592 723//593 796//590
f 796//590 723//593 716//594
f 796//590 716//594 791//572
f 791//572 716//594 718//595
f 791//572 718//595 720//573
f 773//596 39//597 745//598
f 745//598 39//597 40//599
f 745//598 40//599 743//600
f 743//600 40//599 741//601
f 773//596 775//602 39//597
f 39//597 775//602 777//603
f 39//597 777//603 778//604
f 769//605 766//606 782//607
f 782//607 766//606 764//608
f 782//607 764//608 783//609
f 783//609 764//608 763//610
f 763//610 760//611 783//609
f 783//609 760//611 759//612
f 783//609 759//612 784//613
f 784//613 759//612 757//614
f 784//613 757//614 756//615
f 756//615 755//616 784//613
f 784//613 755//616 749//617
f 784//613 749//617 747//618
f 741//601 40//599 739//619
f 739//619 40//599 66//620
f 739//619 66//620 746//621
f 43//622 42//623 780//624
f 780//624 42//623 86//625
f 86//625 85//624 780//624
f 780//624 85//624 73//626
f 780//624 73//626 806//627
f 806//627 73//626 71//628
f 806//627 71//628 807//629
f 71//628 174//630 807//629
f 807//629 174//630 175//566
f 807//629 175//566 803//631
f 803//631 175//566 813//568
f 803//631 813//568 804//565
f 804//565 813//568 814//632
f 804//565 814//632 812//564
f 151//633 140//634 809//558
f 809//558 140//634 141//635
f 809//558 141//635 797//559
f 797//559 141//635 130//636
f 797//559 130//636 798//636
f 798//636 130//636 131//637
f 798//636 131//637 799//637
f 799//637 131//637 122//638
f 799//637 122//638 794//639
f 122//638 121//639 794//639
f 794//639 121//639 2//640
f 794//639 2//640 795//484
f 2//640 1//641 795//484
f 795//484 1//641 182//586
f 795//484 182//586 796//590
f 796//590 182//586 732//585
f 796//590 732//585 726//591
f 24//555 789//555 22//642
f 22//642 789//555 788//643
f 22//642 788//643 183//644
f 183//644 788//643 793//645
f 183//644 793//645 184//645
f 184//645 793//645 792//570
f 184//645 792//570 185//579
f 185//579 792//570 715//576
f 185//579 715//576 706//577
f 18//646 785//647 26//556
f 26//556 785//647 790//648
f 26//556 790//648 789//555
f 18//646 188//647 785//647
f 785//647 188//647 187//649
f 785//647 187//649 786//649
f 786//649 187//649 186//650
f 786//649 186//650 787//651
f 186//650 44//651 787//651
f 787//651 44//651 39//597
f 787//651 39//597 782//607
f 782//607 39//597 778//604
f 782//607 778//604 769//605
f 780//624 779//554 43//622
f 43//622 779//554 784//613
f 43//622 784//613 66//620
f 66//620 784//613 747//618
f 66//620 747//618 746//621
f 815//652 722//653 721//654
f 815//652 707//655 713//656
f 722//653 815//652 709//657
f 709//657 815//652 713//656
f 709//657 713//656 711//658
f 702//659 704//660 815//652
f 815//652 704//660 705//661
f 815//652 705//661 707//655
f 816//662 717//663 725//664
f 725//664 727//665 816//662
f 816//662 727//665 728//666
f 816//662 728//666 729//667
f 717//663 816//662 719//668
f 719//668 816//662 817//669
f 719//668 817//669 721//654
f 721//654 817//669 738//670
f 721//654 738//670 815//652
f 815//652 738//670 699//653
f 815//652 699//653 702//659
f 729//667 730//671 816//662
f 816//662 730//671 731//672
f 816//662 731//672 817//669
f 817//669 731//672 735//673
f 817//669 735//673 738//670
f 774//674 772//675 776//676
f 776//676 772//675 818//600
f 767//677 768//678 818//600
f 818//600 768//678 770//679
f 818//600 770//679 776//676
f 761//680 762//681 818//600
f 818//600 762//681 765//682
f 818//600 765//682 767//677
f 751//683 752//684 819//685
f 819//685 752//684 753//686
f 750//687 751//683 748//688
f 748//688 751//683 819//685
f 748//688 819//685 740//689
f 740//689 819//685 820//690
f 740//689 820//690 742//691
f 742//691 820//690 744//692
f 772//675 771//681 818//600
f 818//600 771//681 744//692
f 818//600 744//692 761//680
f 761//680 744//692 820//690
f 761//680 820//690 758//693
f 758//693 820//690 819//685
f 758//693 819//685 754//694
f 754//694 819//685 753//686
f 821//172 822//172 823//172
f 823//172 822//172 824//172
f 823//172 824//172 825//172
f 826//172 827//172 823//172
f 823//172 827//172 828//172
f 823//172 828//172 821//172
f 829//172 830//172 823//172
f 823//172 830//172 831//172
f 823//172 831//172 826//172
f 825//172 832//172 823//172
f 823//172 832//172 833//172
f 823//172 833//172 829//172
f 824//11 834//695 825//695
f 825//242 834//242 835//696
f 825//242 835//696 832//696
f 832//696 835//696 836//1
f 832//696 836//1 833//1
f 833//1 836//1 837//697
f 833//1 837//697 829//697
f 829//698 837//698 838//699
f 829//698 838//699 830//699
f 830//699 838//699 839//700
f 830//699 839//700 831//701
f 831//702 839//703 840//704
f 831//702 840//704 826//704
f 826//704 840//704 841//705
f 826//704 841//705 827//705
f 827//706 841//706 842//2
f 827//706 842//2 828//2
f 828//2 842//2 843//707
f 828//2 843//707 821//707
f 821//708 843//708 844//708
f 821//708 844//708 822//708
f 822//709 844//709 845//11
f 822//709 845//11 824//11
f 824//11 845//11 834//695
f 846//168 841//168 847//168
f 847//168 841//168 840//168
f 847//168 840//168 848//168
f 848//168 840//168 839//168
f 848//168 839//168 849//168
f 849//168 839//168 838//168
f 849//168 838//168 850//168
f 850//168 838//168 837//168
f 850//168 837//168 851//168
f 851//168 837//168 836//168
f 851//168 836//168 852//168
f 852//168 836//168 835//168
f 852//168 835//168 853//168
f 853//168 835//168 834//168
f 853//168 834//168 854//168
f 854//168 834//168 845//168
f 854//168 845//168 855//168
f 855//168 845//168 844//168
f 855//168 844//168 856//168
f 856//168 844//168 843//168
f 856//168 843//168 857//168
f 857//168 843//168 842//168
f 857//168 842//168 846//168
f 846//168 842//168 841//168
f 858//710 859//711 860//712
f 858//710 860//712 861//713
f 850//714 862//715 861//713
f 863//716 864//717 865//718
f 862//715 850//714 866//719
f 866//719 850//714 851//720
f 866//719 851//720 867//721
f 867//721 851//720 852//722
f 867//721 852//722 868//723
f 861//713 860//712 850//714
f 850//714 860//712 869//724
f 850//714 869//724 849//724
f 849//725 869//726 870//727
f 849//725 870//727 848//727
f 848//727 870//727 871//728
f 848//727 871//728 847//702
f 847//729 871//405 872//730
f 847//729 872//730 846//731
f 846//731 872//730 873//706
f 846//731 873//706 857//706
f 857//707 873//707 874//732
f 857//707 874//732 856//733
f 856//733 874//732 875//734
f 856//733 875//734 855//708
f 855//735 875//736 876//12
f 855//735 876//12 854//12
f 854//12 876//12 877//737
f 854//12 877//737 853//695
f 853//738 877//739 863//716
f 853//738 863//716 852//722
f 852//722 863//716 865//718
f 852//722 865//718 868//723
f 862//740 878//741 861//742
f 861//742 878//741 879//743
f 861//742 879//743 858//744
f 858//744 879//743 880//745
f 858//744 880//745 859//746
f 866//168 881//747 862//740
f 862//740 881//747 882//748
f 862//740 882//748 878//741
f 866//168 867//749 881//747
f 881//747 867//749 868//750
f 881//747 868//750 883//751
f 883//751 868//750 865//752
f 883//751 865//752 884//753
f 884//753 865//752 864//754
f 884//753 864//754 885//754
f 885//755 886//756 884//757
f 884//757 886//756 887//758
f 884//757 887//758 883//759
f 883//759 887//758 888//760
f 883//759 888//760 881//761
f 889//762 880//763 890//764
f 890//764 880//763 879//765
f 890//764 879//765 891//766
f 891//766 879//765 878//767
f 891//766 878//767 892//768
f 892//768 878//767 882//769
f 892//768 882//769 893//770
f 893//770 882//769 881//761
f 893//770 881//761 894//771
f 894//771 881//761 888//760
f 886//772 895//773 896//774
f 886//772 896//774 887//775
f 887//775 896//774 897//776
f 887//775 897//776 888//777
f 888//777 897//776 898//778
f 888//777 898//778 894//779
f 894//779 898//778 899//780
f 894//779 899//780 893//780
f 893//780 899//780 900//781
f 893//780 900//781 892//782
f 892//782 900//781 901//783
f 892//782 901//783 891//784
f 891//784 901//783 902//785
f 891//784 902//785 890//786
f 890//786 902//785 903//787
f 890//786 903//787 889//787
f 896//1 895//1 902//1
f 902//1 895//1 903//1
f 900//1 899//1 898//1
f 902//1 901//1 900//1
f 900//1 898//1 902//1
f 902//1 898//1 897//1
f 902//1 897//1 896//1
f 886//172 885//172 864//172
f 864//172 863//172 904//172
f 859//172 880//172 889//172
f 903//172 895//172 889//172
f 889//172 895//172 886//172
f 889//172 886//172 859//172
f 859//172 886//172 864//172
f 904//172 863//172 905//172
f 905//172 863//172 877//172
f 905//172 877//172 906//172
f 906//172 877//172 876//172
f 906//172 876//172 907//172
f 908//172 860//172 859//172
f 864//172 904//172 859//172
f 859//172 904//172 909//172
f 859//172 909//172 908//172
f 860//172 908//172 869//172
f 869//172 908//172 910//172
f 869//172 910//172 870//172
f 870//172 910//172 911//172
f 870//172 911//172 871//172
f 871//172 911//172 912//172
f 871//172 912//172 872//172
f 872//172 912//172 913//172
f 872//172 913//172 873//172
f 873//172 913//172 914//172
f 873//172 914//172 874//172
f 874//172 914//172 915//172
f 874//172 915//172 875//172
f 875//172 915//172 916//172
f 875//172 916//172 876//172
f 876//172 916//172 917//172
f 876//172 917//172 907//172
f 906//788 907//11 918//11
f 918//11 907//11 919//789
f 907//11 917//789 919//789
f 919//789 917//789 916//790
f 919//789 916//790 920//790
f 920//790 916//790 915//791
f 920//790 915//791 921//791
f 921//791 915//791 914//792
f 921//791 914//792 922//792
f 922//792 914//792 913//793
f 922//792 913//793 923//793
f 923//793 913//793 912//794
f 923//793 912//794 924//794
f 924//794 912//794 911//22
f 924//794 911//22 925//22
f 925//22 911//22 910//795
f 925//22 910//795 926//795
f 926//795 910//795 908//796
f 926//795 908//796 927//796
f 927//796 908//796 909//797
f 927//796 909//797 928//797
f 928//797 909//797 904//798
f 928//797 904//798 929//799
f 929//799 904//798 905//800
f 929//799 905//800 930//800
f 930//800 905//800 906//788
f 930//800 906//788 931//788
f 931//788 906//788 918//11
f 152//801 151//11 932//801
f 932//801 151//11 809//11
f 932//1 809//1 808//1
f 933//1 811//1 934//1
f 934//1 811//1 812//1
f 934//1 812//1 814//1
f 935//1 932//1 936//1
f 936//1 932//1 808//1
f 936//1 808//1 933//1
f 933//1 808//1 810//1
f 933//1 810//1 811//1
f 937//1 934//1 938//1
f 938//1 934//1 814//1
f 938//1 814//1 939//1
f 939//1 814//1 813//1
f 939//802 813//22 177//802
f 177//802 813//22 176//22
f 939//802 177//802 178//188
f 939//802 178//188 938//188
f 938//20 178//20 179//192
f 938//20 179//192 937//192
f 937//192 179//192 173//803
f 937//192 173//803 934//803
f 920//172 921//172 163//804
f 934//803 927//172 928//172
f 163//804 921//172 161//172
f 934//803 928//172 933//804
f 933//804 928//172 929//172
f 933//804 929//172 930//172
f 930//172 931//172 933//804
f 933//804 931//172 918//172
f 933//804 918//172 163//804
f 163//804 918//172 919//172
f 163//804 919//172 920//172
f 940//172 941//172 934//803
f 940//172 934//803 942//172
f 942//172 934//803 173//803
f 942//172 173//803 943//172
f 944//172 922//172 923//172
f 924//172 925//172 945//172
f 945//172 925//172 926//172
f 945//172 926//172 946//172
f 946//172 926//172 927//172
f 946//172 927//172 947//172
f 947//172 927//172 934//803
f 947//172 934//803 948//172
f 948//172 934//803 941//172
f 945//172 949//172 924//172
f 924//172 949//172 950//172
f 924//172 950//172 923//172
f 923//172 950//172 951//172
f 923//172 951//172 944//172
f 921//172 922//172 161//172
f 161//172 922//172 944//172
f 161//172 944//172 150//172
f 150//172 944//172 952//172
f 150//172 952//172 147//172
f 147//172 952//172 953//172
f 147//172 953//172 172//172
f 172//172 953//172 954//172
f 172//172 954//172 173//803
f 173//803 954//172 955//172
f 173//803 955//172 943//172
f 152//801 932//801 935//178
f 152//801 935//178 154//178
f 154//178 935//178 936//163
f 154//178 936//163 156//163
f 156//174 936//174 933//804
f 156//174 933//804 163//804
f 956//805 957//805 958//806
f 958//806 957//805 959//806
f 958//806 959//806 960//807
f 960//807 959//806 961//807
f 960//808 961//809 962//810
f 962//810 961//809 963//810
f 962//810 963//810 964//811
f 964//811 963//810 965//811
f 964//811 965//811 966//812
f 966//812 965//811 967//812
f 966//813 967//813 968//814
f 968//814 967//813 969//814
f 970//815 971//815 972//816
f 972//816 971//815 973//816
f 972//817 973//818 974//819
f 974//819 973//818 975//819
f 974//819 975//819 976//820
f 976//820 975//819 977//821
f 976//822 977//822 978//823
f 978//823 977//822 979//823
f 978//823 979//823 980//824
f 980//824 979//823 981//824
f 980//808 981//808 982//825
f 982//825 981//808 983//825
f 984//826 985//826 986//827
f 986//827 985//826 987//827
f 986//827 987//827 988//828
f 988//828 987//827 989//828
f 988//829 989//830 990//831
f 990//831 989//830 991//831
f 990//831 991//831 992//832
f 992//832 991//831 993//832
f 992//832 993//832 994//833
f 994//833 993//832 995//833
f 994//820 995//820 996//834
f 996//834 995//820 997//834
f 998//835 999//835 1000//836
f 1000//836 999//835 1001//836
f 1000//836 1001//836 1002//837
f 1002//837 1001//836 1003//837
f 1002//837 1003//837 1004//838
f 1004//838 1003//837 1005//838
f 1004//838 1005//838 1006//839
f 1006//839 1005//838 1007//839
f 1006//840 1007//840 1008//841
f 1008//841 1007//840 1009//841
f 1008//841 1009//841 1010//842
f 1010//842 1009//841 1011//842
f 996//834 997//834 1012//843
f 1012//843 997//834 1013//843
f 996//2 1012//2 1014//2
f 1014//2 1015//2 984//2
f 994//2 996//2 992//2
f 992//2 996//2 1014//2
f 992//2 1014//2 990//2
f 984//2 986//2 1014//2
f 1014//2 986//2 988//2
f 1014//2 988//2 990//2
f 985//826 984//826 1016//844
f 1016//844 984//826 1015//844
f 982//825 983//825 1017//845
f 1017//845 983//825 1018//845
f 982//2 1017//2 1019//2
f 976//2 978//2 1019//2
f 1019//2 978//2 980//2
f 1019//2 980//2 982//2
f 974//2 976//2 972//2
f 972//2 976//2 1019//2
f 972//2 1019//2 970//2
f 970//2 1019//2 1020//2
f 971//815 970//815 1021//846
f 1021//846 970//815 1020//846
f 968//814 969//814 1022//844
f 1022//844 969//814 1023//844
f 968//2 1022//2 1024//2
f 1024//2 1025//2 956//2
f 966//2 968//2 964//2
f 964//2 968//2 1024//2
f 964//2 1024//2 962//2
f 956//2 958//2 1024//2
f 1024//2 958//2 960//2
f 1024//2 960//2 962//2
f 957//805 956//805 1026//843
f 1026//843 956//805 1025//843
f 981//2 979//2 1027//2
f 1028//2 1023//2 969//2
f 1029//2 1013//2 997//2
f 1007//2 1005//2 961//2
f 961//2 1005//2 1003//2
f 961//2 1003//2 1030//2
f 1003//2 1001//2 1030//2
f 1030//2 1001//2 999//2
f 1030//2 999//2 1031//2
f 1031//2 999//2 1032//2
f 1027//2 979//2 965//2
f 1030//2 995//2 961//2
f 961//2 995//2 993//2
f 961//2 993//2 963//2
f 963//2 993//2 991//2
f 963//2 991//2 965//2
f 965//2 991//2 989//2
f 965//2 989//2 1027//2
f 1027//2 989//2 987//2
f 1027//2 987//2 1033//2
f 1007//2 961//2 1009//2
f 1009//2 961//2 959//2
f 1009//2 959//2 1011//2
f 981//2 1027//2 983//2
f 983//2 1027//2 1034//2
f 983//2 1034//2 1018//2
f 1035//2 1036//2 967//2
f 967//2 1036//2 1037//2
f 967//2 1037//2 969//2
f 969//2 1037//2 1038//2
f 969//2 1038//2 1028//2
f 979//2 977//2 965//2
f 965//2 977//2 975//2
f 965//2 975//2 967//2
f 967//2 975//2 973//2
f 967//2 973//2 1035//2
f 1035//2 973//2 971//2
f 1035//2 971//2 1039//2
f 1039//2 971//2 1021//2
f 1026//2 1040//2 957//2
f 957//2 1040//2 1041//2
f 957//2 1041//2 959//2
f 959//2 1041//2 1042//2
f 1042//2 1043//2 959//2
f 959//2 1043//2 1044//2
f 959//2 1044//2 1011//2
f 1011//2 1044//2 1045//2
f 1011//2 1045//2 1046//2
f 1030//2 1047//2 995//2
f 995//2 1047//2 1048//2
f 995//2 1048//2 997//2
f 997//2 1048//2 1049//2
f 997//2 1049//2 1029//2
f 1016//2 1050//2 985//2
f 985//2 1050//2 1051//2
f 985//2 1051//2 987//2
f 987//2 1051//2 1052//2
f 987//2 1052//2 1033//2
f 1010//842 1011//842 1053//846
f 1053//846 1011//842 1046//846
f 1010//2 1053//2 1054//2
f 1055//2 998//2 1054//2
f 1054//2 998//2 1000//2
f 1008//2 1010//2 1006//2
f 1006//2 1010//2 1054//2
f 1006//2 1054//2 1004//2
f 1004//2 1054//2 1000//2
f 1004//2 1000//2 1002//2
f 999//835 998//835 1032//845
f 1032//845 998//835 1055//845
f 1012//847 192//848 190//849
f 1012//847 190//849 1014//850
f 1014//850 190//849 189//851
f 1014//850 189//851 1015//852
f 1015//852 189//851 244//853
f 1015//852 244//853 1016//854
f 234//855 232//856 1017//857
f 1017//857 232//856 1019//858
f 1019//858 232//856 1020//859
f 1020//859 232//856 230//860
f 1020//859 230//860 1021//861
f 220//862 218//863 1022//864
f 1022//864 218//863 1024//865
f 1024//865 218//863 1025//866
f 1025//866 218//863 216//867
f 1025//866 216//867 1026//868
f 206//869 204//870 1053//871
f 1053//871 204//870 1054//872
f 1054//872 204//870 1055//873
f 1055//873 204//870 202//874
f 1055//873 202//874 1032//875
f 1032//875 202//874 1031//876
f 1031//876 202//874 200//877
f 1031//876 200//877 1030//878
f 1030//878 200//877 198//879
f 1030//878 198//879 1047//879
f 1047//879 198//879 196//880
f 1047//879 196//880 1048//880
f 1048//880 196//880 194//881
f 1048//880 194//881 1049//881
f 1049//881 194//881 192//848
f 1049//881 192//848 1029//882
f 1029//882 192//848 1012//847
f 1029//882 1012//847 1013//883
f 1026//868 216//867 1040//884
f 1040//884 216//867 214//885
f 1040//884 214//885 1041//886
f 1041//886 214//885 212//887
f 1041//886 212//887 1042//887
f 1042//887 212//887 210//888
f 1042//887 210//888 1043//888
f 1043//888 210//888 208//889
f 1043//888 208//889 1044//889
f 1044//889 208//889 206//869
f 1044//889 206//869 1045//890
f 1045//890 206//869 1053//871
f 1045//890 1053//871 1046//891
f 1021//861 230//860 1039//892
f 1039//892 230//860 228//893
f 1039//892 228//893 1035//894
f 1035//894 228//893 226//895
f 1035//894 226//895 1036//895
f 1036//895 226//895 224//896
f 1036//895 224//896 1037//896
f 1037//896 224//896 222//897
f 1037//896 222//897 1038//897
f 1038//897 222//897 220//862
f 1038//897 220//862 1028//898
f 1028//898 220//862 1022//864
f 1028//898 1022//864 1023//899
f 1016//854 244//853 1050//900
f 1050//900 244//853 242//901
f 1050//900 242//901 1051//902
f 1051//902 242//901 240//903
f 1051//902 240//903 1052//903
f 1052//903 240//903 238//904
f 1052//903 238//904 1033//904
f 1033//904 238//904 236//905
f 1033//904 236//905 1027//905
f 1027//905 236//905 234//855
f 1027//905 234//855 1034//906
f 1034//906 234//855 1017//857
f 1034//906 1017//857 1018//907
f 942//908 943//908 1056//908
f 955//909 1057//909 943//909
f 943//910 1057//910 1058//910
f 943//910 1058//910 1056//911
f 954//912 1059//912 955//912
f 955//913 1059//914 1060//913
f 955//913 1060//913 1057//915
f 953//916 1061//916 954//916
f 954//917 1061//917 1062//918
f 954//917 1062//918 1059//919
f 952//920 1063//920 953//920
f 953//921 1063//922 1064//921
f 953//921 1064//921 1061//923
f 944//924 1065//924 952//924
f 952//925 1065//926 1066//925
f 952//925 1066//925 1063//925
f 951//927 1067//927 944//927
f 944//928 1067//929 1068//930
f 944//928 1068//930 1065//929
f 945//931 1069//931 949//931
f 949//932 1069//933 1070//934
f 949//932 1070//934 950//935
f 950//936 1070//937 1071//938
f 950//936 1071//938 951//939
f 951//940 1071//941 1072//942
f 951//940 1072//942 1067//943
f 946//944 1073//944 945//944
f 945//945 1073//945 1074//945
f 945//945 1074//945 1069//945
f 947//946 1075//946 946//946
f 946//947 1075//948 1076//947
f 946//947 1076//947 1073//949
f 948//950 1077//950 947//950
f 947//951 1077//952 1078//951
f 947//951 1078//951 1075//951
f 941//953 1079//953 948//953
f 948//954 1079//955 1080//956
f 948//954 1080//956 1077//957
f 940//958 1081//958 941//958
f 941//959 1081//960 1082//961
f 941//959 1082//961 1079//961
f 1056//962 1083//963 942//962
f 942//962 1083//963 1084//962
f 942//964 1084//964 940//964
f 940//965 1084//966 1085//966
f 940//965 1085//966 1081//967
f 1070//968 1086//968 1071//166
f 1071//166 1086//968 1087//166
f 1071//166 1087//166 1072//969
f 1072//969 1087//166 1088//970
f 1072//969 1088//970 1067//971
f 1067//971 1088//970 1089//972
f 1067//971 1089//972 1068//973
f 1068//973 1089//972 1090//973
f 1068//973 1090//973 1065//974
f 1065//974 1090//973 1091//975
f 1065//974 1091//975 1066//976
f 1066//976 1091//975 1092//977
f 1066//976 1092//977 1063//978
f 1063//978 1092//977 1093//978
f 1063//978 1093//978 1064//979
f 1064//979 1093//978 1094//979
f 1064//979 1094//979 1061//980
f 1061//980 1094//979 1095//981
f 1061//980 1095//981 1062//982
f 1062//982 1095//981 1096//983
f 1062//982 1096//983 1059//984
f 1059//984 1096//983 1097//985
f 1059//984 1097//985 1060//986
f 1060//986 1097//985 1098//986
f 1060//986 1098//986 1057//987
f 1057//987 1098//986 1099//988
f 1057//987 1099//988 1058//989
f 1058//989 1099//988 1100//989
f 1058//989 1100//989 1056//990
f 1056//990 1100//989 1101//991
f 1056//990 1101//991 1083//992
f 1083//992 1101//991 1102//992
f 1083//992 1102//992 1084//993
f 1084//993 1102//992 1103//994
f 1084//993 1103//994 1085//995
f 1085//995 1103//994 1104//996
f 1085//995 1104//996 1081//997
f 1081//997 1104//996 1105//998
f 1081//997 1105//998 1082//999
f 1082//999 1105//998 1106//999
f 1082//999 1106//999 1079//1000
f 1079//1000 1106//999 1107//1001
f 1079//1000 1107//1001 1080//1002
f 1080//1002 1107//1001 1108//1003
f 1080//1002 1108//1003 1077//1004
f 1077//1004 1108//1003 1109//1005
f 1077//1004 1109//1005 1078//1006
f 1078//1006 1109//1005 1110//1007
f 1078//1006 1110//1007 1075//1008
f 1075//1008 1110//1007 1111//1009
f 1075//1008 1111//1009 1076//1010
f 1076//1010 1111//1009 1112//1011
f 1076//1010 1112//1011 1073//1012
f 1073//1012 1112//1011 1113//1013
f 1073//1012 1113//1013 1074//1014
f 1074//1014 1113//1013 1114//1014
f 1074//1014 1114//1014 1069//1015
f 1069//1015 1114//1014 1115//1016
f 1069//1015 1115//1016 1070//968
f 1070//968 1115//1016 1086//968
f 1116//1017 1102//1018 1117//1019
f 1117//1019 1102//1018 1101//1020
f 1101//1021 1100//1022 1117//1023
f 1117//1023 1100//1022 1099//1024
f 1117//1023 1099//1024 1118//1025
f 1099//1024 1098//1026 1118//1025
f 1118//1025 1098//1026 1097//1027
f 1118//1025 1097//1027 1119//1028
f 1097//1027 1096//1029 1119//1028
f 1119//1028 1096//1029 1095//1030
f 1119//1028 1095//1030 1120//1031
f 1095//1030 1094//1032 1120//1031
f 1120//1031 1094//1032 1093//1033
f 1120//1031 1093//1033 1121//1034
f 1093//1033 1092//1035 1121//1034
f 1121//1034 1092//1035 1091//1036
f 1121//1034 1091//1036 1122//1037
f 1091//1036 1090//1038 1122//1037
f 1122//1037 1090//1038 1089//1039
f 1122//1037 1089//1039 1123//1040
f 1089//1039 1088//1041 1123//1040
f 1123//1040 1088//1041 1087//1042
f 1123//1040 1087//1042 1124//1043
f 1087//1042 1086//1044 1124//1043
f 1124//1043 1086//1044 1115//1045
f 1124//1043 1115//1045 1125//1046
f 1115//1045 1114//1047 1125//1046
f 1125//1046 1114//1047 1113//1048
f 1125//1046 1113//1048 1126//1049
f 1113//1048 1112//1050 1126//1049
f 1126//1049 1112//1050 1111//1051
f 1126//1049 1111//1051 1127//1052
f 1127//1052 1111//1051 1110//1053
f 1127//1052 1110//1053 1128//1054
f 1128//1054 1110//1053 1109//1055
f 1109//1056 1108//1057 1128//1058
f 1128//1058 1108//1057 1107//1059
f 1128//1058 1107//1059 1129//1060
f 1129//1060 1107//1059 1106//1061
f 1129//1060 1106//1061 1130//1062
f 1106//1061 1105//1063 1130//1062
f 1130//1064 1105//1065 1104//1066
f 1130//1064 1104//1066 1116//1067
f 1116//1067 1104//1066 1103//1068
f 1116//1017 1103//1069 1102//1018
f 1116//20 1131//1070 1130//1071
f 1130//1071 1131//1070 1132//1072
f 1130//1071 1132//1072 1129//1073
f 1129//1073 1132//1072 1133//1074
f 1129//1073 1133//1074 1128//1074
f 1128//1074 1133//1074 1134//1075
f 1128//1074 1134//1075 1127//1076
f 1127//1076 1134//1075 1135//1077
f 1127//1076 1135//1077 1126//1077
f 1126//1077 1135//1077 1136//1078
f 1126//1077 1136//1078 1125//1079
f 1125//1079 1136//1078 1137//1080
f 1125//1079 1137//1080 1124//1081
f 1124//1081 1137//1080 1138//1082
f 1124//1081 1138//1082 1123//1083
f 1123//1083 1138//1082 1139//1084
f 1123//1083 1139//1084 1122//1085
f 1122//1085 1139//1084 1140//1086
f 1122//1085 1140//1086 1121//1087
f 1121//1087 1140//1086 1141//1088
f 1121//1087 1141//1088 1120//1089
f 1120//1089 1141//1088 1142//1090
f 1120//1089 1142//1090 1119//1091
f 1119//1091 1142//1090 1143//1092
f 1119//1091 1143//1092 1118//1092
f 1118//1092 1143//1092 1144//1093
f 1118//1092 1144//1093 1117//1094
f 1117//1094 1144//1093 1145//20
f 1117//1094 1145//20 1116//20
f 1116//20 1145//20 1131//1070
f 1145//22 1146//1095 1131//1095
f 1131//1095 1146//1095 1147//1096
f 1131//1095 1147//1096 1132//1096
f 1132//1096 1147//1096 1148//1097
f 1132//1096 1148//1097 1133//1097
f 1133//1097 1148//1097 1149//1098
f 1133//1097 1149//1098 1134//1098
f 1134//1098 1149//1098 1150//696
f 1134//1098 1150//696 1135//696
f 1135//696 1150//696 1151//1099
f 1135//696 1151//1099 1136//1099
f 1136//1099 1151//1099 1152//1100
f 1136//1099 1152//1100 1137//1100
f 1137//1100 1152//1100 1153//1101
f 1137//1100 1153//1101 1138//1101
f 1138//1101 1153//1101 1154//1102
f 1138//1101 1154//1102 1139//1102
f 1139//1102 1154//1102 1155//733
f 1139//1102 1155//733 1140//733
f 1140//733 1155//733 1156//1103
f 1140//733 1156//1103 1141//1103
f 1141//1103 1156//1103 1157//1104
f 1141//1103 1157//1104 1142//1104
f 1142//1104 1157//1104 1158//1105
f 1142//1104 1158//1105 1143//1105
f 1143//1105 1158//1105 1159//1106
f 1143//1105 1159//1106 1144//1106
f 1144//1106 1159//1106 1160//22
f 1144//1106 1160//22 1145//22
f 1145//22 1160//22 1146//1095
f 1161//172 1162//172 1163//172
f 1164//172 1152//172 1165//172
f 1165//172 1152//172 1151//172
f 1165//172 1151//172 1166//172
f 1166//172 1151//172 1150//172
f 1166//172 1150//172 1163//172
f 1163//172 1150//172 1149//172
f 1163//172 1149//172 1161//172
f 1161//172 1149//172 1167//172
f 1167//172 1149//172 1168//172
f 1168//172 1149//172 1148//172
f 1168//172 1148//172 1169//172
f 1169//172 1148//172 1147//172
f 1169//172 1147//172 1170//172
f 1170//172 1147//172 1146//172
f 1170//172 1146//172 1171//172
f 1171//172 1146//172 1160//172
f 1171//172 1160//172 1172//172
f 1172//172 1160//172 1159//172
f 1172//172 1159//172 1173//172
f 1159//172 1158//172 1173//172
f 1173//172 1158//172 1157//172
f 1173//172 1157//172 1174//172
f 1174//172 1157//172 1156//172
f 1174//172 1156//172 1175//172
f 1175//172 1156//172 1155//172
f 1175//172 1155//172 1176//172
f 1176//172 1155//172 1154//172
f 1176//172 1154//172 1164//172
f 1164//172 1154//172 1153//172
f 1164//172 1153//172 1152//172
f 1163//1107 1162//1107 1177//1108
f 1163//1107 1177//1108 1178//1109
f 1178//1109 1177//1108 1179//1110
f 1178//1109 1179//1110 1180//1110
f 1180//1110 1179//1110 1181//1111
f 1180//1110 1181//1111 1182//1112
f 1182//1112 1181//1111 1167//1113
f 1182//1112 1167//1113 1168//1113
f 1182//1114 1168//1115 1169//1116
f 1182//1114 1183//1117 1180//1118
f 1180//1118 1183//1117 1184//1119
f 1180//1118 1184//1119 1178//1120
f 1178//1120 1184//1119 1185//1121
f 1182//1114 1169//1116 1183//1117
f 1183//1117 1169//1116 1170//699
f 1183//1117 1170//699 1186//699
f 1186//699 1170//699 1171//22
f 1186//699 1171//22 1187//22
f 1187//22 1171//22 1172//704
f 1187//22 1172//704 1188//704
f 1188//704 1172//704 1173//405
f 1188//704 1173//405 1189//705
f 1189//1122 1173//1122 1174//2
f 1189//1122 1174//2 1190//2
f 1190//2 1174//2 1175//1123
f 1190//2 1175//1123 1191//1123
f 1191//708 1175//1124 1176//1125
f 1191//708 1176//1125 1192//1125
f 1192//1125 1176//1125 1164//1126
f 1192//1125 1164//1126 1193//1127
f 1193//1128 1164//1129 1165//1130
f 1193//1128 1165//1130 1194//1130
f 1194//1130 1165//1130 1166//1131
f 1194//1130 1166//1131 1185//1121
f 1185//1121 1166//1131 1163//1132
f 1185//1121 1163//1132 1178//1120
f 1167//1133 1181//1134 1161//1135
f 1161//1135 1181//1134 1179//1136
f 1161//1135 1179//1136 1162//1137
f 1162//1137 1179//1136 1177//1138
f 1195//168 1196//168 1189//168
f 1189//168 1196//168 1197//168
f 1189//168 1197//168 1188//168
f 1188//168 1197//168 1198//168
f 1188//168 1198//168 1187//168
f 1187//168 1198//168 1199//168
f 1187//168 1199//168 1186//168
f 1186//168 1199//168 1200//168
f 1186//168 1200//168 1183//168
f 1183//168 1200//168 1201//168
f 1183//168 1201//168 1184//168
f 1184//168 1201//168 1202//168
f 1184//168 1202//168 1185//168
f 1185//168 1202//168 1203//168
f 1185//168 1203//168 1194//168
f 1194//168 1203//168 1204//168
f 1194//168 1204//168 1193//168
f 1193//168 1204//168 1205//168
f 1193//168 1205//168 1192//168
f 1192//168 1205//168 1206//168
f 1192//168 1206//168 1191//168
f 1191//168 1206//168 1207//168
f 1191//168 1207//168 1190//168
f 1190//168 1207//168 1195//168
f 1190//168 1195//168 1189//168
f 1208//11 1204//1139 1209//1139
f 1209//1139 1204//1139 1203//1140
f 1209//1139 1203//1140 1210//1140
f 1210//1140 1203//1140 1202//1141
f 1210//1140 1202//1141 1211//1141
f 1211//1141 1202//1141 1201//1142
f 1211//1141 1201//1142 1212//1142
f 1212//1142 1201//1142 1200//1143
f 1212//1142 1200//1143 1213//1143
f 1213//1143 1200//1143 1199//1144
f 1213//1143 1199//1144 1214//1144
f 1214//1144 1199//1144 1198//1145
f 1214//1144 1198//1145 1215//1145
f 1215//1145 1198//1145 1197//1146
f 1215//1145 1197//1146 1216//1146
f 1216//1146 1197//1146 1196//1147
f 1216//1146 1196//1147 1217//1147
f 1217//1147 1196//1147 1195//1148
f 1217//1147 1195//1148 1218//1149
f 1218//1149 1195//1148 1207//1150
f 1218//1149 1207//1150 1219//1150
f 1219//1150 1207//1150 1206//1151
f 1219//1150 1206//1151 1220//1151
f 1220//1151 1206//1151 1205//11
f 1220//1151 1205//11 1208//11
f 1208//11 1205//11 1204//1139
f 1208//172 1209//172 1221//172
f 1218//172 1219//172 1221//172
f 1221//172 1219//172 1220//172
f 1221//172 1220//172 1208//172
f 1215//172 1216//172 1221//172
f 1221//172 1216//172 1217//172
f 1221//172 1217//172 1218//172
f 1212//172 1213//172 1221//172
f 1221//172 1213//172 1214//172
f 1221//172 1214//172 1215//172
f 1209//172 1210//172 1221//172
f 1221//172 1210//172 1211//172
f 1221//172 1211//172 1212//172
