# Blender 4.3.2
# www.blender.org
mtllib link1.mtl
o link1.001
v -0.016341 0.064270 0.043534
v -0.017171 0.064882 0.043214
v -0.018931 0.062514 0.042472
v -0.015896 0.063650 0.043699
v -0.015718 0.062895 0.043763
v -0.015895 0.062141 0.043699
v -0.016341 0.061520 0.043534
v -0.017168 0.060909 0.043214
v -0.018099 0.065276 0.042833
v -0.020659 0.065645 0.041659
v -0.021365 0.065552 0.041278
v -0.026667 0.062895 0.038093
v -0.026576 0.062451 0.038157
v -0.025758 0.062895 0.038714
v -0.026220 0.061919 0.038403
v -0.026576 0.063338 0.038157
v -0.026357 0.063710 0.038309
v -0.025758 0.064270 0.038714
v -0.022429 0.063033 0.040733
v -0.023468 0.065276 0.040144
v -0.025758 0.061520 0.038714
v -0.023468 0.060513 0.040144
v -0.021365 0.060237 0.041278
v -0.020659 0.060145 0.041659
v -0.018099 0.060513 0.042833
v 0.046311 0.065277 -0.004193
v 0.046220 0.062515 -0.005095
v 0.045972 0.065645 -0.006988
v 0.045825 0.065553 -0.007774
v 0.046443 0.061520 -0.002304
v 0.046390 0.060908 -0.003191
v 0.046311 0.060514 -0.004193
v 0.046390 0.064884 -0.003194
v 0.046443 0.064270 -0.002304
v 0.046464 0.063651 -0.001830
v 0.046471 0.062895 -0.001641
v 0.046464 0.062140 -0.001830
v 0.044406 0.062895 -0.013797
v 0.044439 0.063339 -0.013691
v 0.044720 0.062895 -0.012742
v 0.044564 0.063870 -0.013277
v 0.044439 0.062453 -0.013691
v 0.044517 0.062079 -0.013435
v 0.044720 0.061520 -0.012742
v 0.045630 0.062757 -0.008954
v 0.045384 0.060514 -0.010125
v 0.045825 0.060238 -0.007774
v 0.045972 0.060145 -0.006988
v 0.045384 0.065277 -0.010125
v 0.044720 0.064270 -0.012742
v 0.038363 0.075295 -0.028009
v 0.031445 0.075295 -0.035601
v -0.000000 0.075295 0.000000
v 0.043488 0.075295 -0.019107
v 0.046183 0.075295 0.011107
v 0.047491 0.075295 0.000919
v 0.046578 0.075295 -0.009312
v 0.030045 0.075295 0.036791
v 0.037251 0.075295 0.029472
v 0.042716 0.075295 0.020775
v 0.001654 0.075295 0.047471
v 0.011820 0.075295 0.046006
v 0.021433 0.075295 0.042389
v -0.027412 0.075295 0.038792
v -0.018432 0.075295 0.043778
v -0.008590 0.075295 0.046717
v -0.045298 0.075295 0.014293
v -0.041167 0.075295 0.023697
v -0.035110 0.075295 0.031993
v -0.044712 0.075295 -0.016035
v -0.047113 0.075295 -0.006048
v -0.047312 0.075295 0.004221
v -0.025891 0.075295 -0.039824
v -0.033846 0.075295 -0.033327
v -0.040219 0.075295 -0.025272
v 0.003489 0.075295 -0.047372
v -0.006776 0.075295 -0.047014
v -0.016725 0.075295 -0.044458
v 0.023057 0.075295 -0.041529
v 0.013591 0.075295 -0.045514
v -0.016985 0.060513 0.044359
v -0.018425 0.060296 0.043762
v -0.015292 0.061520 0.044971
v -0.014859 0.062145 0.045116
v -0.014690 0.062895 0.045171
v -0.014859 0.063645 0.045116
v -0.015292 0.064270 0.044971
v -0.016985 0.065276 0.044359
v -0.018425 0.065494 0.043762
v -0.019428 0.065645 0.043345
v -0.022066 0.065276 0.042063
v -0.024168 0.064270 0.040892
v -0.024720 0.063691 0.040561
v -0.024910 0.063318 0.040444
v -0.024984 0.062895 0.040398
v -0.024910 0.062470 0.040444
v -0.024596 0.061934 0.040636
v -0.024168 0.061520 0.040892
v -0.022066 0.060513 0.042063
v -0.019428 0.060145 0.043345
v 0.046311 0.061520 -0.010563
v 0.046163 0.062098 -0.011190
v 0.046110 0.062472 -0.011407
v 0.046089 0.062895 -0.011492
v 0.046110 0.063321 -0.011407
v 0.046197 0.063857 -0.011050
v 0.046332 0.064232 -0.010436
v 0.046578 0.064921 -0.009312
v 0.046786 0.065277 -0.008205
v 0.047425 0.065277 -0.002666
v 0.047203 0.065645 -0.005302
v 0.047492 0.064270 -0.000867
v 0.047498 0.063646 -0.000411
v 0.047492 0.061520 -0.000867
v 0.047498 0.062145 -0.000411
v 0.047500 0.062895 -0.000232
v 0.047203 0.060145 -0.005302
v 0.047425 0.060514 -0.002666
v 0.046564 0.060985 -0.009309
v 0.046786 0.060514 -0.008205
v -0.018432 0.033495 0.043778
v -0.027412 0.033495 0.038792
v -0.008590 0.033495 0.046717
v 0.047491 0.033495 0.000919
v 0.046579 0.033495 -0.009312
v 0.043488 0.033495 -0.019107
v 0.046184 0.033495 0.011107
v 0.042716 0.033495 0.020775
v 0.037252 0.033495 0.029472
v 0.030045 0.033495 0.036791
v 0.021434 0.033495 0.042389
v 0.011820 0.033495 0.046006
v 0.001654 0.033495 0.047471
v -0.035110 0.033495 0.031993
v -0.041166 0.033495 0.023697
v -0.045298 0.033495 0.014293
v -0.047312 0.033495 0.004221
v -0.047113 0.033495 -0.006048
v -0.044711 0.033495 -0.016035
v -0.040219 0.033495 -0.025272
v -0.033846 0.033495 -0.033327
v -0.025891 0.033495 -0.039824
v -0.016724 0.033495 -0.044458
v -0.006776 0.033495 -0.047014
v 0.003489 0.033495 -0.047372
v 0.013591 0.033495 -0.045514
v 0.023057 0.033495 -0.041529
v 0.031446 0.033495 -0.035601
v 0.038364 0.033495 -0.028009
v 0.018958 0.033495 -0.044194
v -0.018724 0.033495 0.044293
v -0.014664 0.033495 0.045798
v 0.006471 0.033495 -0.047653
v 0.010735 0.033495 -0.046876
v 0.014907 0.033495 -0.045720
v 0.047894 0.033495 -0.004323
v 0.008223 0.033495 0.047380
v 0.016224 0.033495 0.045269
v 0.024114 0.033495 0.041606
v 0.031206 0.033495 0.036589
v -0.038800 0.033495 0.028409
v 0.033878 0.033495 -0.034130
v 0.030660 0.033495 -0.037047
v 0.027205 0.033495 -0.039654
v 0.023539 0.033495 -0.041934
v 0.036599 0.033495 0.031194
v 0.041578 0.033495 0.024163
v 0.045241 0.033495 0.016303
v 0.047432 0.033495 0.007924
v 0.048089 0.033495 -0.000000
v -0.010501 0.033495 0.046928
v -0.006274 0.033495 0.047678
v 0.000000 0.033495 0.048089
v 0.036799 0.033495 -0.030958
v 0.039123 0.033495 -0.027963
v 0.041211 0.033495 -0.024783
v 0.043285 0.033495 -0.020951
v -0.022600 0.033495 0.042447
v -0.026307 0.033495 0.040255
v -0.046336 0.033495 0.012864
v -0.047311 0.033495 0.008612
v -0.047893 0.033495 0.004328
v -0.048089 0.033495 0.000000
v -0.047896 0.033495 -0.004299
v 0.047312 0.033495 -0.008612
v 0.046338 0.033495 -0.012857
v 0.044992 0.033495 -0.016977
v -0.036095 0.033495 0.031775
v -0.033106 0.033495 0.034879
v -0.029826 0.033495 0.037722
v -0.044991 0.033495 0.016978
v -0.043282 0.033495 0.020957
v -0.041210 0.033495 0.024784
v -0.043347 0.033495 -0.020821
v -0.004467 0.033495 -0.047883
v -0.000154 0.033495 -0.048091
v 0.002154 0.033495 -0.048043
v -0.045032 0.033495 -0.016869
v -0.046365 0.033495 -0.012757
v -0.047320 0.033495 -0.008560
v -0.033320 0.033495 -0.034675
v -0.030072 0.033495 -0.037526
v -0.008743 0.033495 -0.047288
v -0.012748 0.033495 -0.046368
v -0.016660 0.033495 -0.045110
v -0.036290 0.033495 -0.031552
v -0.038989 0.033495 -0.028149
v -0.041334 0.033495 -0.024575
v -0.018958 0.033495 -0.044194
v -0.022852 0.033495 -0.042312
v -0.026562 0.033495 -0.040087
v 0.026589 -0.039123 -0.112000
v 0.026037 -0.039487 -0.112000
v -0.045782 -0.013782 -0.112000
v 0.008016 0.046758 -0.112000
v 0.008916 0.046578 -0.112000
v -0.021674 0.042444 -0.112000
v -0.018508 0.043843 -0.112000
v -0.017381 0.044341 -0.112000
v 0.043735 0.017689 -0.112000
v 0.044403 0.015923 -0.112000
v 0.045050 0.013772 -0.112000
v 0.045756 0.011428 -0.112000
v 0.025012 -0.040163 -0.112000
v -0.044216 -0.018170 -0.112000
v -0.044392 -0.017789 -0.112000
v 0.036612 0.029835 -0.112000
v 0.039131 0.026379 -0.112000
v 0.039376 0.026042 -0.112000
v 0.041525 0.022381 -0.112000
v 0.041754 0.021990 -0.112000
v 0.043514 0.018168 -0.112000
v 0.047142 0.000001 -0.112000
v 0.046940 -0.004477 -0.112000
v 0.046914 -0.004654 -0.112000
v 0.046267 -0.009125 -0.112000
v 0.046232 -0.009265 -0.112000
v -0.013230 -0.045720 -0.112000
v -0.014134 -0.045446 -0.112000
v -0.015043 -0.045170 -0.112000
v -0.033914 0.033563 -0.112000
v -0.031096 0.036205 -0.112000
v -0.014123 0.045411 -0.112000
v -0.012918 0.045807 -0.112000
v -0.009605 0.046540 -0.112000
v 0.009870 0.046388 -0.112000
v 0.013429 0.045417 -0.112000
v 0.014398 0.045153 -0.112000
v 0.046182 0.009256 -0.112000
v 0.046659 0.006819 -0.112000
v 0.046864 0.004651 -0.112000
v 0.045126 -0.013721 -0.112000
v 0.044543 -0.015524 -0.112000
v 0.043484 -0.018157 -0.112000
v 0.042792 -0.019877 -0.112000
v 0.041493 -0.022365 -0.112000
v 0.040618 -0.024042 -0.112000
v 0.022021 -0.041851 -0.112000
v 0.020924 -0.042470 -0.112000
v 0.017810 -0.043842 -0.112000
v -0.018512 -0.043849 -0.112000
v -0.019429 -0.043499 -0.112000
v -0.022722 -0.041856 -0.112000
v -0.033898 -0.033551 -0.112000
v -0.036023 -0.031362 -0.112000
v -0.026716 -0.039460 -0.112000
v -0.037025 -0.030101 -0.112000
v -0.038969 -0.027654 -0.112000
v -0.045944 -0.013315 -0.112000
v -0.039797 0.026359 -0.112000
v -0.038778 0.027918 -0.112000
v -0.037022 0.030098 -0.112000
v -0.046440 -0.011484 -0.112000
v -0.046879 -0.009256 -0.112000
v -0.041348 0.023986 -0.112000
v -0.042191 0.022366 -0.112000
v -0.035807 0.031606 -0.112000
v -0.034519 0.032995 -0.112000
v -0.030463 0.036692 -0.112000
v -0.027370 0.039065 -0.112000
v -0.026722 0.039467 -0.112000
v -0.023346 0.041562 -0.112000
v -0.022736 0.041883 -0.112000
v -0.005005 0.047269 -0.112000
v -0.000349 0.047500 -0.112000
v 0.026011 0.039451 -0.112000
v 0.028513 0.037726 -0.112000
v 0.029751 0.036678 -0.112000
v 0.032098 0.034691 -0.112000
v 0.033201 0.033551 -0.112000
v 0.035391 0.031287 -0.112000
v 0.036364 0.030130 -0.112000
v 0.047105 0.002103 -0.112000
v 0.047151 0.000210 -0.112000
v 0.039098 -0.026358 -0.112000
v 0.038020 -0.028001 -0.112000
v 0.036876 -0.029505 -0.112000
v 0.036345 -0.030112 -0.112000
v 0.033781 -0.033036 -0.112000
v 0.033217 -0.033564 -0.112000
v 0.030351 -0.036246 -0.112000
v 0.029767 -0.036693 -0.112000
v -0.004999 -0.047232 -0.112000
v -0.008627 -0.046773 -0.112000
v -0.009606 -0.046549 -0.112000
v -0.032751 -0.034733 -0.112000
v -0.030448 -0.036677 -0.112000
v -0.029164 -0.037761 -0.112000
v -0.027640 -0.038878 -0.112000
v -0.039838 -0.026387 -0.112000
v -0.040039 -0.026095 -0.112000
v -0.042225 -0.022383 -0.112000
v -0.023632 -0.041402 -0.112000
v -0.042420 -0.022052 -0.112000
v -0.008295 0.046831 -0.112000
v -0.005049 0.047267 -0.112000
v 0.003348 0.047356 -0.112000
v 0.004302 0.047234 -0.112000
v 0.017814 0.043847 -0.112000
v 0.018786 0.043475 -0.112000
v 0.022024 0.041853 -0.112000
v -0.047562 -0.004651 -0.112000
v -0.047798 -0.002205 -0.112000
v -0.047790 -0.000001 -0.112000
v -0.047609 0.004654 -0.112000
v -0.046976 0.009065 -0.112000
v 0.023020 0.041354 -0.112000
v 0.024649 0.040390 -0.112000
v -0.046927 0.009264 -0.112000
v -0.045852 0.013627 -0.112000
v -0.045796 0.013785 -0.112000
v 0.016624 -0.044364 -0.112000
v 0.013425 -0.045408 -0.112000
v 0.012122 -0.045834 -0.112000
v 0.009010 -0.046569 -0.112000
v 0.004365 -0.047266 -0.112000
v 0.004308 -0.047268 -0.112000
v -0.000348 -0.047500 -0.112000
v -0.003967 -0.047362 -0.112000
v -0.047781 0.002530 -0.112000
v -0.047643 0.004419 -0.112000
v -0.047348 -0.006881 -0.112000
v -0.044269 0.018090 -0.112000
v -0.043515 0.019822 -0.112000
v 0.038026 0.027258 -0.091000
v 0.039146 0.025694 -0.091000
v 0.039150 0.025901 -0.092762
v 0.044412 0.015530 -0.091000
v 0.045091 0.013340 -0.091000
v 0.045111 0.013738 -0.098901
v 0.018815 -0.043573 -0.091000
v 0.017861 -0.043964 -0.091000
v 0.017849 -0.043935 -0.093829
v 0.004378 -0.047353 -0.091000
v 0.004318 -0.047356 -0.091000
v 0.004314 -0.047323 -0.093503
v 0.047163 -0.000049 -0.097751
v 0.025706 0.038495 -0.091000
v 0.026012 0.038299 -0.091000
v 0.026028 0.038978 -0.094939
v 0.022456 0.040340 -0.091000
v 0.022986 0.040063 -0.091000
v 0.022031 0.041368 -0.095321
v 0.023249 0.039921 -0.091000
v 0.023512 0.039778 -0.091000
v 0.023578 0.039742 -0.091000
v 0.024710 0.039097 -0.091000
v 0.020314 0.041379 -0.091000
v 0.021390 0.040874 -0.091000
v 0.017800 0.042433 -0.091000
v 0.018125 0.042309 -0.091000
v 0.017818 0.043356 -0.095635
v 0.019228 0.041857 -0.091000
v 0.019772 0.041621 -0.091000
v 0.021925 0.040611 -0.091000
v 0.022013 0.040565 -0.091000
v 0.013432 0.044923 -0.095879
v 0.013414 0.043887 -0.091000
v 0.014758 0.043501 -0.091000
v 0.017013 0.042734 -0.091000
v 0.006609 0.045320 -0.091000
v 0.009016 0.044930 -0.091000
v 0.008913 0.046052 -0.096053
v 0.010115 0.044712 -0.091000
v 0.012456 0.044162 -0.091000
v -0.000348 0.047233 -0.098359
v -0.000346 0.046815 -0.096218
v 0.004306 0.046734 -0.096156
v -0.000346 0.046809 -0.096188
v 0.004304 0.045581 -0.091000
v 0.004192 0.045594 -0.091000
v -0.000341 0.045795 -0.091000
v 0.004307 0.047213 -0.101494
v 0.008917 0.046530 -0.101446
v 0.013439 0.045397 -0.101365
v 0.017827 0.043827 -0.101252
v 0.022041 0.041835 -0.101107
v 0.026039 0.039439 -0.100929
v 0.029783 0.036663 -0.100720
v 0.033238 0.033533 -0.100481
v 0.036369 0.030080 -0.100213
v 0.039146 0.026337 -0.099918
v 0.041544 0.022339 -0.099600
v 0.043539 0.018126 -0.099260
v 0.046245 0.009217 -0.098528
v 0.046932 0.004607 -0.098144
v 0.046937 -0.004704 -0.097355
v 0.046256 -0.009315 -0.096958
v 0.045126 -0.013836 -0.096566
v 0.043558 -0.018226 -0.096180
v 0.041567 -0.022439 -0.095806
v 0.039173 -0.026438 -0.095448
v 0.036397 -0.030182 -0.095109
v 0.033267 -0.033636 -0.094793
v 0.029813 -0.036767 -0.094503
v 0.026067 -0.039545 -0.094244
v 0.022067 -0.041942 -0.094018
v 0.013457 -0.045506 -0.093679
v 0.008930 -0.046639 -0.093569
v -0.000347 -0.047567 -0.093480
v -0.000348 -0.047503 -0.101522
v -0.000347 -0.047569 -0.093306
v -0.000347 -0.047587 -0.091000
v 0.009036 -0.046656 -0.091000
v 0.012124 -0.045930 -0.091000
v 0.016636 -0.044465 -0.091000
v 0.014405 -0.045251 -0.091000
v 0.013465 -0.045531 -0.091000
v 0.020945 -0.042576 -0.091000
v 0.026089 -0.039587 -0.091000
v 0.025043 -0.040274 -0.091000
v 0.023019 -0.041478 -0.091000
v 0.022082 -0.041974 -0.091000
v 0.030424 -0.036341 -0.091000
v 0.029836 -0.036814 -0.091000
v 0.028583 -0.037820 -0.091000
v 0.026658 -0.039213 -0.091000
v 0.032182 -0.034781 -0.091000
v 0.036428 -0.030246 -0.091000
v 0.035449 -0.031417 -0.091000
v 0.033859 -0.033138 -0.091000
v 0.033295 -0.033691 -0.091000
v 0.039490 -0.026112 -0.091000
v 0.039211 -0.026516 -0.091000
v 0.038142 -0.028059 -0.091000
v 0.036957 -0.029614 -0.091000
v 0.040732 -0.024112 -0.091000
v 0.041568 -0.022511 -0.091000
v 0.042899 -0.019963 -0.091000
v 0.043560 -0.018319 -0.091000
v 0.044643 -0.015625 -0.091000
v 0.045177 -0.013969 -0.091000
v 0.045243 -0.013767 -0.091000
v 0.047020 -0.004604 -0.091000
v 0.046979 -0.004890 -0.091000
v 0.046364 -0.009209 -0.091000
v 0.046300 -0.009470 -0.091000
v 0.047202 -0.000271 -0.091000
v 0.046694 0.006615 -0.091000
v 0.046923 0.004334 -0.091000
v 0.047159 0.001983 -0.091000
v 0.047215 0.000035 -0.091000
v 0.046232 0.008887 -0.091000
v 0.045776 0.011133 -0.091000
v 0.044326 0.015750 -0.091000
v 0.041557 0.021910 -0.092076
v 0.041734 0.021482 -0.091000
v 0.043564 0.017704 -0.091343
v 0.043549 0.017664 -0.091000
v 0.043719 0.017306 -0.091000
v 0.039356 0.025400 -0.091000
v 0.040594 0.023472 -0.091000
v 0.041554 0.021795 -0.091000
v 0.036598 0.029053 -0.091000
v 0.036366 0.029637 -0.093396
v 0.036360 0.029326 -0.091000
v 0.033230 0.033084 -0.093973
v 0.033215 0.032651 -0.091000
v 0.033849 0.032051 -0.091000
v 0.035454 0.030366 -0.091000
v 0.029507 0.035858 -0.091000
v 0.029761 0.035658 -0.091000
v 0.029774 0.036207 -0.094488
v 0.030413 0.035142 -0.091000
v 0.032169 0.033641 -0.091000
v 0.026683 0.037870 -0.091000
v 0.027643 0.037222 -0.091000
v 0.028584 0.036551 -0.091000
v -0.000349 0.047500 -0.107173
v -0.000348 0.047329 -0.101512
v -0.000348 0.047327 -0.101450
v -0.005208 0.045564 -0.091000
v -0.004985 0.045575 -0.091000
v -0.004998 0.046730 -0.096121
v -0.044508 -0.017844 -0.091000
v -0.045849 -0.013962 -0.091000
v -0.045823 -0.013839 -0.096416
v -0.027003 0.038112 -0.091000
v -0.026699 0.038305 -0.091000
v -0.026721 0.038971 -0.094878
v -0.026514 0.038422 -0.091000
v -0.026022 0.038726 -0.091000
v -0.023576 0.040116 -0.091000
v -0.022723 0.041362 -0.095266
v -0.025022 0.039318 -0.091000
v -0.025524 0.039025 -0.091000
v -0.030447 0.035661 -0.091000
v -0.029836 0.036134 -0.091000
v -0.030466 0.036200 -0.094423
v -0.028912 0.036814 -0.091000
v -0.027966 0.037474 -0.091000
v -0.033923 0.033077 -0.093903
v -0.033906 0.032658 -0.091000
v -0.032502 0.033959 -0.091000
v -0.030742 0.035432 -0.091000
v -0.037042 0.029323 -0.091000
v -0.036516 0.029951 -0.091000
v -0.037058 0.029630 -0.093322
v -0.035787 0.030757 -0.091000
v -0.034180 0.032404 -0.091000
v -0.039842 0.025894 -0.092684
v -0.039396 0.026334 -0.091000
v -0.038007 0.028174 -0.091000
v -0.042249 0.021903 -0.091993
v -0.041873 0.022474 -0.091000
v -0.039814 0.025682 -0.091000
v -0.044255 0.017697 -0.091257
v -0.043949 0.018379 -0.091000
v -0.042222 0.021786 -0.091000
v -0.044815 0.016217 -0.091000
v -0.044610 0.016815 -0.091000
v -0.044249 0.017670 -0.091000
v -0.046942 0.009214 -0.098405
v -0.047629 0.004603 -0.098015
v -0.047633 0.004335 -0.091000
v -0.046120 0.012414 -0.091000
v -0.045808 0.013735 -0.098783
v -0.046942 0.008890 -0.091000
v -0.047170 0.007911 -0.091000
v -0.047847 -0.002734 -0.091000
v -0.047850 -0.000273 -0.091000
v -0.047860 -0.000052 -0.097617
v -0.047852 0.001957 -0.091000
v -0.047765 0.003316 -0.091000
v -0.046953 -0.009318 -0.096814
v -0.047375 -0.007372 -0.091000
v -0.047634 -0.004707 -0.097216
v -0.047628 -0.004887 -0.091000
v -0.046049 -0.013383 -0.091000
v -0.046443 -0.011942 -0.091000
v -0.046949 -0.009462 -0.091000
v -0.044284 -0.018330 -0.091000
v -0.044255 -0.018228 -0.096026
v -0.042544 -0.022096 -0.091000
v -0.042264 -0.022442 -0.095648
v -0.042292 -0.022526 -0.091000
v -0.040169 -0.026135 -0.091000
v -0.039869 -0.026441 -0.095285
v -0.039907 -0.026519 -0.091000
v -0.036304 -0.031233 -0.091000
v -0.037121 -0.030246 -0.091000
v -0.037094 -0.030185 -0.094943
v -0.037810 -0.029414 -0.091000
v -0.039231 -0.027511 -0.091000
v -0.033964 -0.033639 -0.094623
v -0.033963 -0.033668 -0.091000
v -0.033049 -0.034620 -0.091000
v -0.030509 -0.036770 -0.094331
v -0.030507 -0.036788 -0.091000
v -0.029474 -0.037669 -0.091000
v -0.026764 -0.039547 -0.094070
v -0.028035 -0.038736 -0.091000
v -0.024040 -0.041293 -0.091000
v -0.026064 -0.040068 -0.091000
v -0.026780 -0.039584 -0.091000
v -0.022760 -0.041943 -0.091000
v -0.022763 -0.041944 -0.093842
v -0.019845 -0.043425 -0.091000
v -0.018546 -0.043938 -0.093652
v -0.018543 -0.043932 -0.091000
v -0.015462 -0.045132 -0.091000
v -0.014152 -0.045508 -0.093501
v -0.014161 -0.045538 -0.091000
v -0.009072 -0.046784 -0.091000
v -0.009630 -0.046666 -0.091000
v -0.009625 -0.046641 -0.093393
v -0.011383 -0.046295 -0.091000
v -0.013678 -0.045689 -0.091000
v -0.004405 -0.047415 -0.091000
v -0.005009 -0.047333 -0.091000
v -0.005009 -0.047325 -0.093327
v -0.044235 0.018123 -0.099147
v -0.042241 0.022336 -0.099492
v -0.039843 0.026334 -0.099816
v -0.037066 0.030077 -0.100115
v -0.033935 0.033530 -0.100388
v -0.030481 0.036660 -0.100632
v -0.026737 0.039436 -0.100846
v -0.022738 0.041832 -0.101028
v -0.018525 0.043825 -0.101178
v -0.014136 0.045395 -0.101294
v -0.009615 0.046527 -0.101378
v -0.005004 0.047211 -0.101429
v -0.009606 0.046047 -0.096013
v -0.009576 0.044909 -0.091000
v -0.008286 0.045175 -0.091000
v -0.006749 0.045393 -0.091000
v -0.012963 0.044210 -0.091000
v -0.014124 0.044917 -0.095834
v -0.014096 0.043890 -0.091000
v -0.018511 0.043351 -0.095585
v -0.018479 0.042427 -0.091000
v -0.017474 0.042818 -0.091000
v -0.015236 0.043568 -0.091000
v -0.022697 0.040570 -0.091000
v -0.022255 0.040790 -0.091000
v -0.021811 0.041004 -0.091000
v -0.020740 0.041499 -0.091000
v -0.019661 0.041966 -0.091000
v -0.045800 0.013345 -0.091000
v -0.000341 0.045824 -0.091000
v -0.004965 0.045605 -0.091000
v -0.005187 0.045594 -0.091000
v 0.021284 0.040931 -0.091000
v 0.021934 0.040609 -0.091000
v 0.020502 0.041301 -0.091000
v 0.008864 0.044978 -0.091000
v 0.009099 0.044939 -0.091000
v 0.011457 0.044433 -0.091000
v 0.013360 0.043928 -0.091000
v 0.000716 0.045813 -0.091000
v 0.003142 0.045705 -0.091000
v 0.004282 0.045599 -0.091000
v 0.005561 0.045481 -0.091000
v 0.006711 0.045333 -0.091000
v 0.019402 0.041792 -0.091000
v 0.018294 0.042253 -0.091000
v 0.017731 0.042472 -0.091000
v 0.017178 0.042686 -0.091000
v 0.016054 0.043091 -0.091000
v 0.013771 0.043818 -0.091000
v -0.007579 0.045309 -0.091000
v -0.009546 0.044978 -0.091000
v -0.009957 0.044909 -0.091000
v -0.013299 0.044144 -0.091000
v -0.014042 0.043928 -0.091000
v -0.015582 0.043479 -0.091000
v -0.017817 0.042708 -0.091000
v -0.018412 0.042470 -0.091000
v -0.019998 0.041835 -0.091000
v -0.021070 0.041359 -0.091000
v -0.022131 0.040857 -0.091000
v -0.022619 0.040613 -0.091000
v -0.022863 0.040492 -0.091000
v -0.023588 0.040113 -0.091000
v 0.023390 0.039845 -0.091000
v 0.023201 0.039948 -0.091000
v 0.022822 0.040151 -0.091000
v 0.022058 0.040548 -0.091000
v -0.041905 0.022325 -0.091000
v 0.042894 0.019037 -0.091000
v 0.043068 0.018673 -0.091000
v -0.036564 0.029851 -0.091000
v -0.046045 0.012464 -0.091000
v -0.043444 0.019253 -0.091000
v -0.042146 0.021844 -0.091000
v -0.039734 0.025741 -0.091000
v -0.039420 0.026233 -0.091000
v -0.038032 0.028087 -0.091000
v -0.036955 0.029381 -0.091000
v -0.046869 0.008935 -0.091000
v -0.047107 0.007916 -0.091000
v -0.047564 0.004377 -0.091000
v -0.047702 0.003312 -0.091000
v -0.045603 0.013911 -0.091000
v -0.044154 0.017716 -0.091000
v -0.043965 0.018215 -0.091000
v 0.034281 0.031575 -0.091000
v 0.035840 0.029887 -0.091000
v 0.046997 0.003460 -0.091000
v 0.047114 -0.000234 -0.091000
v -0.045757 0.013406 -0.091000
v -0.035014 0.031533 -0.091000
v -0.033814 0.032710 -0.091000
v -0.033377 0.033139 -0.091000
v -0.031659 0.034663 -0.091000
v 0.043447 0.017708 -0.091000
v 0.044751 0.014391 -0.091000
v 0.045031 0.013395 -0.091000
v 0.045998 0.009955 -0.091000
v 0.046176 0.008937 -0.091000
v 0.046800 0.005374 -0.091000
v 0.046902 0.004382 -0.091000
v -0.044238 -0.018302 -0.091000
v -0.030353 0.035707 -0.091000
v 0.045077 -0.013922 -0.091000
v 0.045586 -0.012326 -0.091000
v 0.046044 -0.010443 -0.091000
v -0.042435 -0.022193 -0.091000
v -0.042253 -0.022501 -0.091000
v -0.040051 -0.026226 -0.091000
v -0.044988 -0.016436 -0.091000
v -0.045768 -0.013922 -0.091000
v -0.046374 -0.011970 -0.091000
v -0.046893 -0.009428 -0.091000
v -0.047309 -0.007390 -0.091000
v -0.047568 -0.004850 -0.091000
v -0.047785 -0.002714 -0.091000
v -0.047835 -0.001334 -0.091000
v -0.047803 -0.000234 -0.091000
v -0.029855 0.036106 -0.091000
v -0.029392 0.036453 -0.091000
v -0.028923 0.036796 -0.091000
v 0.046215 -0.009432 -0.091000
v 0.046828 -0.005819 -0.091000
v 0.046894 -0.004853 -0.091000
v 0.047144 -0.001180 -0.091000
v -0.044421 -0.017907 -0.091000
v -0.026614 0.038354 -0.091000
v -0.027243 0.037950 -0.091000
v -0.027969 0.037464 -0.091000
v 0.036265 0.029377 -0.091000
v 0.037305 0.028129 -0.091000
v 0.038683 0.026296 -0.091000
v 0.039055 0.025746 -0.091000
v 0.039967 0.024394 -0.091000
v 0.041159 0.022420 -0.091000
v 0.041466 0.021848 -0.091000
v 0.042255 0.020375 -0.091000
v -0.026509 0.038421 -0.091000
v -0.026140 0.038651 -0.091000
v -0.025769 0.038877 -0.091000
v 0.033078 0.032767 -0.091000
v 0.031352 0.034333 -0.091000
v 0.030464 0.035079 -0.091000
v 0.029672 0.035711 -0.091000
v 0.029559 0.035800 -0.091000
v -0.039866 -0.026492 -0.091000
v -0.038714 -0.028148 -0.091000
v -0.037277 -0.030008 -0.091000
v -0.037092 -0.030228 -0.091000
v -0.036168 -0.031323 -0.091000
v -0.033927 -0.033641 -0.091000
v -0.032877 -0.034727 -0.091000
v -0.030475 -0.036762 -0.091000
v -0.029291 -0.037765 -0.091000
v -0.027395 -0.039144 -0.091000
v -0.026755 -0.039563 -0.091000
v -0.025425 -0.040433 -0.091000
v -0.023860 -0.041362 -0.091000
v -0.022740 -0.041925 -0.091000
v -0.019628 -0.043492 -0.091000
v -0.018527 -0.043916 -0.091000
v -0.015235 -0.045182 -0.091000
v -0.014146 -0.045511 -0.091000
v -0.012989 -0.045860 -0.091000
v -0.010702 -0.046429 -0.091000
v -0.009622 -0.046647 -0.091000
v -0.008861 -0.046801 -0.091000
v -0.005004 -0.047306 -0.091000
v -0.004189 -0.047413 -0.091000
v -0.000347 -0.047567 -0.091000
v 0.026735 0.037827 -0.091000
v 0.025926 0.038348 -0.091000
v 0.025761 0.038455 -0.091000
v 0.028634 0.036500 -0.091000
v 0.027693 0.037176 -0.091000
v 0.004313 -0.047336 -0.091000
v 0.004387 -0.047332 -0.091000
v 0.009037 -0.046634 -0.091000
v 0.011322 -0.046117 -0.091000
v 0.013455 -0.045522 -0.091000
v 0.013587 -0.045485 -0.091000
v 0.015413 -0.044886 -0.091000
v 0.017636 -0.044043 -0.091000
v 0.017847 -0.043951 -0.091000
v 0.019802 -0.043097 -0.091000
v 0.021907 -0.042051 -0.091000
v 0.022064 -0.041963 -0.091000
v 0.023955 -0.040903 -0.091000
v 0.025941 -0.039657 -0.091000
v 0.026065 -0.039570 -0.091000
v 0.027871 -0.038309 -0.091000
v 0.029397 -0.037138 -0.091000
v 0.029807 -0.036793 -0.091000
v 0.031214 -0.035609 -0.091000
v 0.032941 -0.034001 -0.091000
v 0.033263 -0.033670 -0.091000
v 0.034579 -0.032317 -0.091000
v 0.036130 -0.030556 -0.091000
v 0.036393 -0.030225 -0.091000
v 0.037588 -0.028725 -0.091000
v 0.038960 -0.026816 -0.091000
v 0.039172 -0.026492 -0.091000
v 0.040018 -0.025195 -0.091000
v 0.041525 -0.022484 -0.091000
v 0.042311 -0.021072 -0.091000
v 0.043513 -0.018289 -0.091000
v 0.044166 -0.016778 -0.091000
v -0.046098 0.003375 -0.016065
v -0.045793 -0.001205 -0.019485
v -0.047847 -0.006659 -0.011535
v -0.046304 0.021988 -0.012741
v -0.046100 0.022230 -0.013509
v -0.045662 0.016747 -0.015188
v -0.045768 0.022624 -0.014755
v -0.044578 0.023612 -0.017881
v -0.044045 0.018376 -0.019394
v -0.021831 0.031860 -0.071912
v -0.025700 0.029624 -0.070777
v -0.025338 0.025958 -0.065790
v -0.000292 -0.050786 -0.039297
v -0.000252 -0.052248 -0.029231
v -0.005325 -0.051987 -0.029392
v -0.035673 -0.029799 0.026913
v -0.039047 -0.027687 0.022952
v -0.039353 -0.031120 0.020588
v -0.008402 0.002999 0.047349
v -0.009428 0.003086 0.047072
v -0.010037 -0.006656 0.046908
v -0.029763 0.006069 0.037632
v -0.030812 0.006303 0.036894
v -0.032175 -0.002570 0.035636
v -0.024137 0.004818 0.041592
v -0.026925 0.005438 0.039630
v -0.028347 -0.003704 0.038738
v -0.031010 0.006347 0.036755
v -0.034160 0.007350 0.033579
v -0.035629 -0.001306 0.032200
v -0.037384 0.008430 0.030162
v -0.040043 0.009646 0.026313
v -0.041322 0.001551 0.024514
v -0.042455 0.010901 0.022343
v -0.044384 0.012237 0.018116
v -0.045310 0.004741 0.016047
v -0.044310 -0.018606 -0.081737
v -0.022866 -0.042327 -0.075372
v -0.000338 -0.048142 -0.073790
v -0.005031 -0.047716 -0.073846
v -0.009674 -0.047030 -0.074041
v -0.018635 -0.044323 -0.074810
v -0.014223 -0.045895 -0.074364
v -0.026874 -0.039927 -0.076042
v -0.030621 -0.037148 -0.076810
v -0.034073 -0.034015 -0.077665
v -0.037194 -0.030560 -0.078597
v -0.039957 -0.026816 -0.079594
v -0.042337 -0.022818 -0.080644
v -0.045858 -0.014221 -0.082859
v -0.046970 -0.009703 -0.084001
v -0.047633 -0.005097 -0.085150
v -0.047596 0.004201 -0.087427
v -0.047842 -0.000448 -0.086296
v -0.046897 0.008805 -0.088533
v -0.045753 0.013318 -0.089604
v -0.044173 0.017698 -0.090630
v -0.039621 0.024783 -0.084187
v -0.042027 0.020816 -0.082914
v -0.036842 0.028497 -0.085363
v -0.033718 0.031922 -0.086432
v -0.030277 0.035026 -0.087387
v -0.026552 0.037778 -0.088223
v -0.022576 0.040153 -0.088934
v -0.018389 0.042127 -0.089519
v -0.014031 0.043683 -0.089975
v -0.009540 0.044805 -0.090303
v -0.000340 0.045672 -0.090586
v -0.004963 0.045482 -0.090502
v -0.047064 0.015025 0.009291
v -0.047555 0.008136 0.007135
v -0.045917 0.013610 0.013769
v -0.046651 0.006420 0.011627
v -0.045342 0.012900 0.016017
v -0.044919 0.012607 0.016945
v -0.041135 0.010146 0.024733
v -0.041811 0.010455 0.023755
v -0.043533 0.003112 0.020356
v -0.036022 0.007943 0.031702
v -0.037003 0.008256 0.030713
v -0.038684 0.000073 0.028477
v -0.048066 0.011618 -0.001923
v -0.048004 0.004895 -0.004553
v -0.048025 0.009874 0.002607
v -0.048165 0.002818 -0.000122
v -0.047906 0.000742 0.004347
v -0.047218 -0.001314 0.008825
v -0.048221 -0.019920 -0.003474
v -0.047504 -0.022979 0.000831
v -0.047233 -0.017728 0.005652
v -0.045956 -0.020388 0.010071
v -0.045340 -0.013361 0.014244
v -0.043448 -0.015594 0.018614
v -0.042461 -0.007190 0.021952
v -0.039954 -0.008987 0.026084
v -0.036983 -0.010669 0.030012
v -0.041058 -0.017718 0.022871
v -0.044178 -0.022953 0.014465
v -0.022548 0.004583 0.042337
v -0.022914 0.004637 0.042165
v -0.024174 -0.004693 0.041458
v -0.016529 0.003691 0.045158
v -0.018576 0.003994 0.044199
v -0.019698 -0.005522 0.043753
v -0.014966 -0.006180 0.045581
v -0.014079 0.003483 0.045819
v -0.014630 0.003530 0.045670
v -0.006261 0.002940 0.047537
v -0.004971 -0.006943 0.047709
v -0.004657 0.002895 0.047679
v 0.000163 -0.007030 0.047898
v 0.000162 -0.005388 0.048015
v 0.000001 0.002765 0.048089
v 0.000155 0.002765 0.048089
v -0.038165 -0.019711 0.026958
v -0.034767 -0.021547 0.030809
v -0.033557 -0.012216 0.033679
v -0.029695 -0.013608 0.037024
v -0.031769 -0.031703 0.030580
v -0.031367 -0.027626 0.032609
v -0.030879 -0.023202 0.034353
v -0.005565 -0.027970 0.044988
v 0.000162 -0.028079 0.045309
v 0.000168 -0.018560 0.047084
v -0.005283 -0.017608 0.046899
v 0.000167 -0.017719 0.047143
v -0.048401 -0.021341 -0.018403
v -0.048132 -0.025025 -0.014531
v -0.048249 -0.023258 -0.008752
v -0.047411 -0.028643 -0.010571
v -0.046380 -0.028132 0.002476
v -0.047558 -0.026616 -0.004596
v -0.046385 -0.029885 -0.000385
v -0.047508 -0.027824 -0.007518
v -0.046328 -0.031222 -0.003397
v -0.044600 -0.028833 0.009523
v -0.044689 -0.031147 0.006771
v -0.044700 -0.033032 0.003840
v -0.044636 -0.034492 0.000741
v -0.042164 -0.028688 0.016404
v -0.042358 -0.031568 0.013815
v -0.042462 -0.034015 0.011019
v -0.042477 -0.036024 0.008025
v -0.042409 -0.037597 0.004843
v -0.042263 -0.038750 0.001481
v -0.044503 -0.035541 -0.002519
v -0.046211 -0.032160 -0.006553
v -0.047558 -0.025003 -0.001811
v -0.046307 -0.025960 0.005178
v -0.044429 -0.026095 0.012091
v -0.041880 -0.025395 0.018779
v -0.039564 -0.034132 0.017987
v -0.039678 -0.036704 0.015157
v -0.039698 -0.038827 0.012106
v -0.039628 -0.040504 0.008846
v -0.005789 -0.037196 0.041722
v -0.005874 -0.041208 0.039544
v 0.000131 -0.041315 0.039768
v 0.000096 -0.047933 0.034526
v 0.000114 -0.044819 0.037201
v -0.005983 -0.047830 0.034095
v -0.005939 -0.044761 0.037000
v 0.000126 -0.042731 0.038997
v -0.006013 -0.052488 0.027252
v 0.000048 -0.052579 0.027537
v -0.006008 -0.050405 0.030841
v -0.011704 -0.055305 0.013732
v -0.005971 -0.055241 0.019144
v -0.011818 -0.054593 0.018175
v -0.006001 -0.054092 0.023347
v -0.011902 -0.053459 0.022347
v -0.011952 -0.051872 0.026228
v -0.011965 -0.049809 0.029800
v -0.011938 -0.047257 0.033045
v -0.011870 -0.044213 0.035949
v -0.011760 -0.040688 0.038500
v -0.011609 -0.036706 0.040694
v -0.005686 -0.032765 0.043534
v -0.011418 -0.032306 0.042530
v -0.011190 -0.027545 0.044015
v -0.010647 -0.017252 0.046005
v 0.000017 -0.054524 0.022985
v 0.000022 -0.054241 0.023646
v 0.000058 -0.051979 0.028941
v 0.000072 -0.050441 0.031064
v -0.038951 -0.043046 -0.002093
v -0.039245 -0.042588 0.001736
v -0.039474 -0.041750 0.005385
v 0.000144 -0.037301 0.041955
v 0.000149 -0.036020 0.042652
v 0.000154 -0.032863 0.043709
v -0.047687 -0.013547 -0.031369
v -0.048244 -0.021462 -0.024409
v -0.048037 -0.020469 -0.030826
v -0.047896 -0.025375 -0.020767
v -0.047575 -0.024569 -0.027444
v -0.047098 -0.029211 -0.017045
v -0.046664 -0.028581 -0.023998
v -0.045826 -0.032934 -0.013274
v -0.045288 -0.032467 -0.020517
v -0.044056 -0.036505 -0.009491
v -0.043426 -0.036187 -0.017037
v -0.041768 -0.039888 -0.005745
v -0.041069 -0.039703 -0.013601
v -0.040251 -0.038536 -0.022074
v -0.042693 -0.034924 -0.025157
v -0.044662 -0.031094 -0.028295
v -0.046163 -0.027086 -0.031450
v -0.047206 -0.022939 -0.034588
v -0.047804 -0.018692 -0.037683
v -0.047970 -0.014387 -0.040713
v -0.038207 -0.042978 -0.010261
v -0.037336 -0.041894 -0.019090
v -0.035989 -0.033361 0.024569
v -0.036207 -0.036495 0.021966
v -0.036327 -0.039179 0.019109
v -0.036350 -0.041406 0.016009
v -0.036281 -0.043177 0.012676
v -0.036127 -0.044507 0.009122
v -0.035896 -0.045418 0.005359
v -0.035597 -0.045941 0.001399
v -0.034841 -0.045975 -0.007077
v -0.033954 -0.044959 -0.016259
v -0.025425 -0.014825 0.039986
v -0.026527 -0.024650 0.037516
v -0.026982 -0.029186 0.035847
v -0.027358 -0.033371 0.033873
v -0.032081 -0.035381 0.028265
v -0.027650 -0.037150 0.031591
v -0.032296 -0.038624 0.025667
v -0.027854 -0.040487 0.029002
v -0.032416 -0.041408 0.022791
v -0.027968 -0.043359 0.026114
v -0.032442 -0.043727 0.019648
v -0.027996 -0.045757 0.022935
v -0.032379 -0.045581 0.016249
v -0.027940 -0.047682 0.019478
v -0.032231 -0.046984 0.012608
v -0.027807 -0.049148 0.015759
v -0.032008 -0.047960 0.008738
v -0.027604 -0.050178 0.011792
v -0.031719 -0.048538 0.004654
v -0.027338 -0.050803 0.007593
v -0.030985 -0.048658 -0.004116
v -0.026664 -0.050993 -0.001448
v -0.030122 -0.047698 -0.013636
v -0.025868 -0.050077 -0.011280
v -0.020790 -0.015849 0.042506
v -0.021753 -0.025870 0.040225
v -0.022152 -0.030500 0.038628
v -0.022483 -0.034775 0.036708
v -0.022741 -0.038640 0.034459
v -0.022922 -0.042057 0.031883
v -0.023026 -0.045001 0.028986
v -0.023054 -0.047464 0.025778
v -0.023010 -0.049448 0.022273
v -0.022898 -0.050966 0.018487
v -0.022725 -0.052041 0.014435
v -0.022498 -0.052703 0.010136
v -0.021918 -0.052949 0.000856
v -0.021232 -0.052067 -0.009252
v -0.016807 -0.054500 0.002729
v -0.017260 -0.054211 0.012205
v -0.017435 -0.053520 0.016587
v -0.017568 -0.052411 0.020708
v -0.017651 -0.050853 0.024549
v -0.017681 -0.048823 0.028093
v -0.017653 -0.046308 0.031322
v -0.017565 -0.043306 0.034224
v -0.017416 -0.039827 0.036787
v -0.017206 -0.035894 0.039005
v -0.016937 -0.031547 0.040878
v -0.016616 -0.026841 0.042412
v -0.015841 -0.016662 0.044529
v -0.011049 -0.054782 -0.006399
v -0.005650 -0.055471 -0.005662
v -0.005804 -0.056302 0.004949
v -0.016270 -0.053642 -0.007608
v -0.011407 -0.055623 0.004108
v -0.005927 -0.055965 0.014663
v -0.000097 -0.056486 0.005225
v -0.000093 -0.056546 0.006017
v -0.000036 -0.056129 0.014962
v -0.047784 -0.009719 -0.055517
v -0.047713 -0.007640 -0.064093
v -0.047353 -0.014224 -0.053104
v -0.047174 -0.012200 -0.062045
v -0.046482 -0.018654 -0.050669
v -0.046193 -0.016678 -0.059989
v -0.045169 -0.022966 -0.048230
v -0.044771 -0.021031 -0.057945
v -0.043418 -0.027120 -0.045812
v -0.042918 -0.025219 -0.055933
v -0.041230 -0.031073 -0.043438
v -0.040642 -0.029199 -0.053972
v -0.038618 -0.034788 -0.041138
v -0.037960 -0.032934 -0.052087
v -0.035594 -0.038227 -0.038941
v -0.034891 -0.036387 -0.050300
v -0.032176 -0.041355 -0.036882
v -0.031458 -0.039522 -0.048638
v -0.028391 -0.044139 -0.034998
v -0.027690 -0.042309 -0.047127
v -0.024269 -0.046550 -0.033322
v -0.023621 -0.044718 -0.045793
v -0.019850 -0.048560 -0.031893
v -0.019289 -0.046725 -0.044661
v -0.015182 -0.050147 -0.030744
v -0.014740 -0.048308 -0.043755
v -0.010320 -0.051294 -0.029902
v -0.010023 -0.049451 -0.043094
v -0.005190 -0.050142 -0.042693
v -0.047663 -0.006063 -0.073834
v -0.047046 -0.010654 -0.072201
v -0.045983 -0.015158 -0.070572
v -0.044481 -0.019534 -0.068962
v -0.042553 -0.023740 -0.067386
v -0.040212 -0.027733 -0.065863
v -0.037479 -0.031475 -0.064408
v -0.034378 -0.034931 -0.063040
v -0.030933 -0.038066 -0.061777
v -0.027179 -0.040850 -0.060636
v -0.023148 -0.043254 -0.059635
v -0.018879 -0.045255 -0.058791
v -0.014416 -0.046833 -0.058118
v -0.009804 -0.047971 -0.057629
v -0.005091 -0.048659 -0.057334
v -0.000332 -0.048528 -0.062217
v -0.000324 -0.049017 -0.057251
v -0.000298 -0.050463 -0.042573
v -0.000160 -0.055662 -0.005739
v -0.000158 -0.055686 -0.005423
v -0.000228 0.025574 -0.061634
v -0.000232 0.026150 -0.062348
v -0.004530 0.025349 -0.061517
v -0.000275 0.033141 -0.069937
v -0.004681 0.032938 -0.069808
v -0.000277 0.033484 -0.070310
v -0.000296 0.036977 -0.074640
v -0.004767 0.036874 -0.074438
v -0.000310 0.039569 -0.077853
v -0.028942 0.023458 -0.064341
v -0.028267 0.016832 -0.055122
v -0.032299 0.020634 -0.062694
v -0.047694 -0.012156 -0.037317
v -0.045782 -0.003944 -0.043340
v -0.045606 -0.005751 -0.037803
v -0.042432 0.003874 -0.048810
v -0.042147 0.001654 -0.043634
v -0.037763 0.011021 -0.053652
v -0.037433 0.008413 -0.048798
v -0.034972 0.014263 -0.055813
v -0.031580 0.014289 -0.053219
v -0.031901 0.017244 -0.057787
v -0.029341 0.027030 -0.069450
v -0.032722 0.024101 -0.067939
v -0.035381 0.017511 -0.060860
v -0.035817 0.020864 -0.066253
v -0.038170 0.014118 -0.058848
v -0.038603 0.017349 -0.064402
v -0.041056 0.013589 -0.062396
v -0.042783 0.006646 -0.054336
v -0.043158 0.009617 -0.060249
v -0.044892 0.005472 -0.057970
v -0.046004 -0.001512 -0.049243
v -0.046243 0.001191 -0.055572
v -0.047197 -0.003187 -0.053068
v -0.047715 -0.010061 -0.043659
v -0.047743 -0.007621 -0.050471
v -0.004847 0.040444 -0.079381
v -0.000315 0.040565 -0.079540
v -0.000329 0.043354 -0.084260
v -0.004914 0.043374 -0.084693
v -0.000330 0.043551 -0.084797
v -0.009453 0.042704 -0.084447
v -0.009335 0.039788 -0.079094
v -0.013740 0.038703 -0.078622
v -0.013542 0.035181 -0.073586
v -0.017766 0.033718 -0.072850
v -0.017501 0.029900 -0.068061
v -0.021514 0.028112 -0.067033
v -0.020978 0.021015 -0.058254
v -0.024726 0.019080 -0.056804
v -0.024558 0.016576 -0.052870
v -0.047804 -0.003043 -0.066118
v -0.047775 -0.005180 -0.057888
v -0.047454 0.001549 -0.068102
v -0.047335 -0.000652 -0.060201
v -0.046666 0.006091 -0.070031
v -0.046471 0.003824 -0.062440
v -0.045450 0.010541 -0.071889
v -0.045194 0.008205 -0.064590
v -0.043817 0.014856 -0.073663
v -0.043515 0.012450 -0.066639
v -0.041782 0.018996 -0.075339
v -0.041449 0.016521 -0.068573
v -0.039363 0.022920 -0.076907
v -0.039015 0.020377 -0.070379
v -0.036583 0.026594 -0.078353
v -0.036232 0.023985 -0.072046
v -0.033466 0.029979 -0.079669
v -0.033125 0.027309 -0.073563
v -0.030040 0.033047 -0.080845
v -0.029719 0.030319 -0.074920
v -0.026336 0.035765 -0.081875
v -0.026044 0.032986 -0.076111
v -0.022388 0.038111 -0.082753
v -0.022132 0.035286 -0.077127
v -0.018232 0.040061 -0.083476
v -0.018018 0.037197 -0.077965
v -0.013907 0.041597 -0.084041
v -0.047827 -0.001430 -0.075456
v -0.047542 0.003200 -0.077052
v -0.046810 0.007783 -0.078609
v -0.045639 0.012275 -0.080113
v -0.044040 0.016633 -0.081552
v -0.004758 0.033084 -0.047855
v -0.000154 0.033159 -0.048091
v -0.000149 0.025636 -0.048501
v -0.004728 0.025528 -0.048232
v -0.004979 0.033074 -0.047822
v -0.008738 0.032894 -0.047252
v -0.009259 0.025225 -0.047570
v -0.009602 0.032852 -0.047121
v -0.000149 0.025267 -0.048521
v -0.004615 0.022431 -0.049024
v -0.000151 0.022578 -0.049330
v -0.000152 0.021931 -0.049524
v -0.017995 0.024041 -0.044997
v -0.016638 0.032198 -0.045052
v -0.013696 0.024727 -0.046486
v -0.014358 0.032465 -0.045895
v -0.009750 0.032840 -0.047083
v -0.022114 0.023173 -0.043121
v -0.020092 0.031768 -0.043690
v -0.018958 0.031927 -0.044194
v -0.030383 0.025292 -0.037338
v -0.031016 0.029550 -0.036672
v -0.028590 0.030181 -0.038667
v -0.026667 0.026339 -0.040077
v -0.026018 0.022131 -0.040881
v -0.029674 0.020925 -0.038304
v -0.034464 0.028531 -0.033448
v -0.033285 0.028908 -0.034641
v -0.033803 0.024117 -0.034271
v -0.032420 0.029185 -0.035517
v -0.027251 0.030461 -0.039554
v -0.026527 0.030612 -0.040034
v -0.024463 0.031045 -0.041401
v -0.023201 0.031253 -0.042062
v -0.009033 0.022086 -0.048406
v -0.013364 0.021521 -0.047395
v -0.017565 0.020740 -0.046004
v -0.021598 0.019749 -0.044253
v -0.025431 0.018558 -0.042161
v -0.029033 0.017177 -0.039752
v -0.000158 0.020601 -0.050602
v -0.004529 0.020445 -0.050376
v -0.008857 0.020058 -0.049802
v -0.013103 0.019421 -0.048863
v -0.017227 0.018540 -0.047571
v -0.021192 0.017421 -0.045943
v -0.024968 0.016074 -0.043997
v -0.000158 0.020491 -0.050692
v -0.000163 0.020126 -0.051487
v -0.004498 0.019944 -0.051276
v -0.000164 0.020012 -0.051735
v -0.000169 0.020012 -0.052513
v -0.004477 0.019786 -0.052327
v -0.000174 0.020013 -0.053230
v -0.000185 0.020805 -0.054967
v -0.000196 0.021593 -0.056694
v -0.004481 0.022414 -0.057953
v -0.000205 0.022678 -0.058041
v -0.004462 0.020482 -0.054868
v -0.008700 0.020008 -0.054377
v -0.012861 0.019227 -0.053572
v -0.008719 0.021899 -0.057499
v -0.008745 0.019355 -0.051796
v -0.012933 0.018645 -0.050926
v -0.017005 0.017662 -0.049729
v -0.008793 0.019535 -0.050724
v -0.013006 0.018862 -0.049820
v -0.017100 0.017929 -0.048576
v -0.021040 0.016746 -0.047007
v -0.024795 0.015320 -0.045132
v -0.008792 0.024796 -0.061098
v -0.012880 0.021050 -0.056755
v -0.016908 0.018144 -0.052463
v -0.020847 0.016425 -0.049572
v -0.020925 0.016414 -0.048218
v -0.024576 0.014844 -0.047831
v -0.024664 0.014910 -0.046411
v -0.024530 0.015112 -0.049385
v -0.020807 0.016769 -0.051063
v -0.020831 0.018378 -0.054429
v -0.016929 0.019873 -0.055728
v -0.017052 0.022621 -0.059458
v -0.012979 0.023885 -0.060409
v -0.013334 0.031309 -0.068870
v -0.009047 0.032324 -0.069454
v -0.009195 0.036236 -0.074116
v -0.028049 0.013186 -0.047445
v -0.031646 0.011792 -0.040539
v -0.028195 0.013163 -0.044326
v -0.031496 0.011186 -0.041980
v -0.031846 0.012742 -0.039235
v -0.035916 0.028067 -0.031978
v -0.036899 0.022825 -0.030910
v -0.037565 0.027416 -0.029920
v -0.038986 0.026856 -0.028147
v -0.039650 0.021428 -0.027288
v -0.039032 0.026838 -0.028089
v -0.042037 0.019941 -0.023438
v -0.041734 0.025511 -0.023891
v -0.040297 0.026217 -0.026124
v -0.043988 0.024101 -0.019430
v -0.043297 0.024533 -0.020796
v -0.042640 0.024944 -0.022098
v -0.033056 0.019566 -0.035416
v -0.036138 0.018068 -0.032249
v -0.038902 0.016443 -0.028829
v -0.037687 0.008657 -0.033460
v -0.038223 0.012023 -0.030873
v -0.032379 0.015618 -0.037051
v -0.041331 0.014707 -0.025186
v -0.047053 0.021097 -0.009923
v -0.048089 0.017961 0.000000
v -0.047865 0.019319 -0.004297
v -0.047680 0.013354 -0.006420
v -0.047857 0.019370 -0.004458
v -0.047829 0.019537 -0.004985
v -0.047242 0.015245 0.008595
v -0.047463 0.015518 0.007731
v -0.047705 0.016463 0.004741
v -0.048077 0.017915 0.000146
v -0.042369 0.003956 -0.026832
v -0.042830 0.007896 -0.023821
v -0.043411 0.012875 -0.021347
v -0.046475 0.008983 -0.013186
v -0.046877 0.015069 -0.010852
v -0.047195 0.020813 -0.009023
v -0.047437 0.006955 -0.008916
v -0.047926 -0.001392 -0.007762
v -0.048263 -0.003821 -0.003453
v -0.048191 -0.006254 0.000930
v -0.048388 -0.012230 -0.003100
v -0.047779 -0.010563 -0.015832
v -0.045587 -0.004444 -0.023416
v -0.042067 0.001345 -0.030362
v -0.037337 0.006613 -0.036586
v -0.034548 0.008996 -0.039395
v -0.034395 0.008593 -0.042846
v -0.031344 0.011007 -0.045260
v -0.031381 0.012112 -0.049025
v -0.044504 -0.005300 0.017667
v -0.046750 -0.011045 0.009812
v -0.048036 -0.015000 0.001249
v -0.048486 -0.016813 -0.007702
v -0.048487 -0.019844 -0.012821
v -0.047728 -0.012968 -0.020602
v -0.047698 -0.013907 -0.025794
v -0.045491 -0.006227 -0.027810
v -0.045502 -0.006603 -0.032620
v -0.041937 0.000155 -0.034372
v -0.041971 0.000321 -0.038811
v -0.037187 0.005964 -0.040217
v -0.037228 0.006631 -0.044306
v -0.046087 -0.003335 0.013277
v -0.047694 -0.008669 0.005362
v -0.000032 -0.056095 0.015681
v -0.000007 -0.055290 0.019422
v 0.046721 0.006525 0.011342
v 0.047598 0.008243 0.006846
v 0.047198 0.015112 0.009019
v 0.043659 0.003211 0.020085
v 0.045409 0.004843 0.015768
v 0.044560 0.012316 0.017866
v 0.014888 0.003512 0.045726
v 0.014408 0.003477 0.045836
v 0.015274 -0.006145 0.045479
v 0.005296 -0.006931 0.047674
v 0.047479 -0.014317 -0.040888
v 0.047217 -0.009992 -0.043830
v 0.047264 -0.012067 -0.037505
v 0.040482 0.013633 -0.062525
v 0.038026 0.017391 -0.064523
v 0.037644 0.014176 -0.058980
v 0.045337 -0.003858 -0.043515
v 0.045495 -0.001445 -0.049404
v 0.042266 0.006710 -0.054483
v 0.041974 0.003955 -0.048970
v 0.041752 0.001753 -0.043806
v 0.045227 -0.005647 -0.037992
v 0.012498 0.019268 -0.053634
v 0.016551 0.018199 -0.052545
v 0.016530 0.019923 -0.055804
v 0.031097 0.011026 -0.043708
v 0.031217 0.011287 -0.042137
v 0.037083 0.006731 -0.036771
v 0.045199 0.023150 -0.016418
v 0.046004 0.022319 -0.013787
v 0.045570 0.016852 -0.015461
v 0.046280 -0.009700 -0.084061
v 0.046943 -0.005094 -0.085211
v 0.017709 0.042131 -0.089556
v 0.030637 0.029660 -0.037018
v 0.030805 0.029618 -0.036887
v 0.029444 0.021005 -0.038477
v 0.036753 0.027732 -0.030918
v 0.037397 0.027494 -0.030165
v 0.036712 0.022910 -0.031133
v 0.038093 0.027237 -0.029351
v 0.034902 0.028416 -0.033082
v 0.033595 0.024196 -0.034476
v 0.034275 0.028605 -0.033680
v 0.031355 0.029484 -0.036461
v 0.023534 0.031210 -0.041925
v 0.027020 0.030523 -0.039750
v 0.025771 0.022202 -0.041034
v 0.027491 0.030430 -0.039456
v 0.018958 0.031927 -0.044194
v 0.022950 0.031308 -0.042235
v 0.021853 0.023234 -0.043251
v 0.023351 0.031246 -0.042039
v 0.017721 0.024091 -0.045104
v 0.018636 0.031965 -0.044313
v 0.013412 0.024765 -0.046568
v 0.014122 0.032486 -0.045962
v 0.014239 0.032477 -0.045932
v 0.008968 0.025250 -0.047625
v 0.009521 0.032858 -0.047138
v 0.010723 0.032761 -0.046831
v 0.004282 0.045484 -0.090512
v 0.008860 0.044807 -0.090322
v 0.013350 0.043686 -0.090004
v 0.021897 0.040157 -0.088980
v 0.025872 0.037783 -0.088276
v 0.029598 0.035032 -0.087448
v 0.033039 0.031929 -0.086499
v 0.036163 0.028504 -0.085435
v 0.038942 0.024790 -0.084264
v 0.041349 0.020824 -0.082994
v 0.043362 0.016641 -0.081635
v 0.043482 0.017701 -0.090689
v 0.045061 0.013321 -0.089664
v 0.046206 0.008807 -0.088594
v 0.046905 0.004204 -0.087488
v 0.047151 -0.000444 -0.086357
v 0.045169 -0.014217 -0.082917
v 0.043620 -0.018604 -0.081793
v 0.041648 -0.022816 -0.080698
v 0.039269 -0.026813 -0.079644
v 0.036506 -0.030557 -0.078644
v 0.033385 -0.034013 -0.077709
v 0.029935 -0.037146 -0.076849
v 0.026188 -0.039925 -0.076076
v 0.022181 -0.042325 -0.075402
v 0.017951 -0.044321 -0.074834
v 0.013539 -0.045895 -0.074382
v 0.008990 -0.047029 -0.074053
v 0.004347 -0.047715 -0.073852
v 0.046651 0.021651 -0.011673
v 0.046811 0.015175 -0.011133
v 0.046393 0.009103 -0.013456
v 0.047114 0.020903 -0.009306
v 0.047253 0.020680 -0.008600
v 0.047607 0.020108 -0.006790
v 0.047862 -0.001259 -0.008035
v 0.047379 0.007077 -0.009192
v 0.047971 0.005018 -0.004834
v 0.047641 0.013462 -0.006706
v 0.048053 0.011726 -0.002212
v 0.044466 0.023698 -0.018152
v 0.044967 0.023323 -0.016966
v 0.043928 0.018477 -0.019658
v 0.041187 0.025789 -0.024770
v 0.042511 0.025029 -0.022362
v 0.041896 0.020038 -0.023690
v 0.043272 0.024591 -0.020978
v 0.039485 0.021520 -0.027526
v 0.040894 0.025958 -0.025302
v 0.040149 0.026298 -0.026380
v 0.042679 0.008020 -0.024058
v 0.041179 0.014817 -0.025424
v 0.043281 0.012989 -0.021598
v 0.038033 0.012136 -0.031085
v 0.035945 0.018165 -0.032459
v 0.038729 0.016547 -0.029054
v 0.045989 0.003506 -0.016323
v 0.047742 -0.006519 -0.011797
v 0.045647 -0.001068 -0.019730
v 0.042187 0.004086 -0.027055
v 0.037470 0.008775 -0.033658
v 0.004433 0.025541 -0.048260
v 0.004675 0.033086 -0.047862
v 0.004709 0.033086 -0.047860
v 0.031599 0.012844 -0.039404
v 0.028792 0.017265 -0.039915
v 0.032154 0.015716 -0.037231
v 0.032843 0.019655 -0.035609
v 0.024508 0.015402 -0.045261
v 0.024694 0.016155 -0.044130
v 0.025175 0.018636 -0.042304
v 0.008548 0.020087 -0.049850
v 0.004315 0.022445 -0.049050
v 0.008738 0.022114 -0.048457
v 0.002151 0.033124 -0.047982
v 0.024361 0.014991 -0.046536
v 0.031384 0.011894 -0.040701
v 0.021330 0.019816 -0.044375
v 0.017285 0.020794 -0.046104
v 0.020907 0.017491 -0.046057
v 0.016931 0.018596 -0.047664
v 0.020742 0.016816 -0.047118
v 0.016793 0.017987 -0.048666
v 0.020612 0.016483 -0.048325
v 0.016683 0.017719 -0.049816
v 0.012691 0.018905 -0.049888
v 0.012799 0.019464 -0.048934
v 0.013075 0.021562 -0.047471
v 0.008333 0.020036 -0.054419
v 0.004093 0.020496 -0.054889
v 0.004140 0.019801 -0.052350
v 0.012605 0.018688 -0.050992
v 0.008411 0.019384 -0.051841
v 0.008472 0.019564 -0.050770
v 0.004174 0.019959 -0.051300
v 0.004215 0.020460 -0.050400
v 0.020518 0.016493 -0.049675
v 0.024255 0.014924 -0.047951
v 0.024189 0.015190 -0.049502
v 0.020458 0.016836 -0.051162
v 0.024172 0.016647 -0.052979
v 0.020439 0.018439 -0.054522
v 0.031156 0.014367 -0.053348
v 0.031011 0.012201 -0.049163
v 0.031023 0.011104 -0.045407
v 0.036961 0.006232 -0.038521
v 0.041842 0.001474 -0.030572
v 0.004072 0.022427 -0.057973
v 0.008311 0.021924 -0.057539
v 0.012477 0.021088 -0.056813
v 0.047328 -0.013440 -0.031574
v 0.046552 -0.005689 -0.046673
v 0.045677 0.001240 -0.055717
v 0.044323 0.005520 -0.058110
v 0.042587 0.009663 -0.060383
v 0.034853 0.017565 -0.060983
v 0.034224 0.011559 -0.051248
v 0.037294 0.011096 -0.053794
v 0.037023 0.008503 -0.048950
v 0.035238 0.020903 -0.066366
v 0.004132 0.032946 -0.069825
v 0.031766 0.020684 -0.062807
v 0.032141 0.024137 -0.068043
v 0.028406 0.023504 -0.064443
v 0.028757 0.027063 -0.069544
v 0.024799 0.025998 -0.065881
v 0.025114 0.029653 -0.070860
v 0.020972 0.028146 -0.067110
v 0.021243 0.031885 -0.071983
v 0.016957 0.029928 -0.068125
v 0.017177 0.033738 -0.072908
v 0.012787 0.031330 -0.068918
v 0.012951 0.035196 -0.073630
v 0.008499 0.032338 -0.069486
v 0.008603 0.036246 -0.074146
v 0.004174 0.036879 -0.074453
v 0.004075 0.025360 -0.061536
v 0.008339 0.024819 -0.061135
v 0.012529 0.023918 -0.060464
v 0.016606 0.022664 -0.059530
v 0.020537 0.021068 -0.058341
v 0.024290 0.019142 -0.056907
v 0.027838 0.016902 -0.055239
v 0.004216 0.040448 -0.079394
v 0.004253 0.043376 -0.084705
v 0.008793 0.042708 -0.084470
v 0.008705 0.039795 -0.079121
v 0.013248 0.041603 -0.084076
v 0.013110 0.038713 -0.078662
v 0.017573 0.040068 -0.083522
v 0.017390 0.037210 -0.078018
v 0.021730 0.038120 -0.082809
v 0.021505 0.035302 -0.077192
v 0.025678 0.035776 -0.081940
v 0.025418 0.033005 -0.076186
v 0.029383 0.033059 -0.080919
v 0.029094 0.030341 -0.075006
v 0.032810 0.029993 -0.079750
v 0.032501 0.027333 -0.073657
v 0.005332 -0.055463 -0.005691
v 0.005607 -0.056291 0.004916
v 0.004800 -0.051983 -0.029410
v 0.043797 -0.036408 -0.009720
v 0.041532 -0.039797 -0.005969
v 0.040738 -0.039627 -0.013802
v 0.046798 -0.029108 -0.017272
v 0.045545 -0.032834 -0.013502
v 0.044920 -0.032384 -0.020723
v 0.047911 -0.021354 -0.024628
v 0.047579 -0.025269 -0.020990
v 0.047178 -0.024481 -0.027647
v 0.004590 -0.050140 -0.042707
v 0.004438 -0.048658 -0.057343
v 0.005956 -0.055227 0.019103
v 0.005853 -0.055952 0.014625
v 0.011620 -0.055278 0.013657
v 0.011202 -0.055601 0.004042
v 0.010726 -0.054765 -0.006456
v 0.009793 -0.051286 -0.029939
v 0.009420 -0.049446 -0.043121
v 0.009150 -0.047969 -0.057649
v 0.035928 0.026608 -0.078442
v 0.035610 0.024011 -0.072148
v 0.038709 0.022936 -0.077001
v 0.038394 0.020405 -0.070488
v 0.041128 0.019013 -0.075439
v 0.040830 0.016550 -0.068688
v 0.043164 0.014873 -0.073766
v 0.042897 0.012480 -0.066759
v 0.044798 0.010559 -0.071995
v 0.044578 0.008236 -0.064715
v 0.046015 0.006109 -0.070139
v 0.045858 0.003855 -0.062567
v 0.046804 0.001568 -0.068212
v 0.046724 -0.000620 -0.060331
v 0.047156 -0.003024 -0.066229
v 0.047166 -0.005147 -0.058020
v 0.047066 -0.007621 -0.064205
v 0.047178 -0.009686 -0.055651
v 0.041883 -0.023731 -0.067466
v 0.039544 -0.027724 -0.065938
v 0.042281 -0.025201 -0.056037
v 0.040009 -0.029182 -0.054073
v 0.042830 -0.027089 -0.045942
v 0.040649 -0.031043 -0.043565
v 0.044211 -0.031029 -0.028477
v 0.042256 -0.034861 -0.025337
v 0.043077 -0.036106 -0.017242
v 0.039829 -0.038477 -0.022249
v 0.038044 -0.034760 -0.041259
v 0.037331 -0.032918 -0.052183
v 0.036813 -0.031468 -0.064480
v 0.046281 -0.028495 -0.024204
v 0.045700 -0.027019 -0.031632
v 0.044576 -0.022935 -0.048363
v 0.044132 -0.021013 -0.058053
v 0.043810 -0.019526 -0.069044
v 0.045310 -0.015150 -0.070657
v 0.045551 -0.016659 -0.060099
v 0.045884 -0.018621 -0.050803
v 0.046733 -0.022870 -0.034769
v 0.047627 -0.020380 -0.031026
v 0.047322 -0.018623 -0.037861
v 0.046750 -0.014191 -0.053239
v 0.046530 -0.012181 -0.062156
v 0.046372 -0.010644 -0.072288
v 0.044962 0.012283 -0.080199
v 0.046134 0.007791 -0.078696
v 0.046866 0.003209 -0.077140
v 0.047152 -0.001421 -0.075544
v 0.046988 -0.006054 -0.073922
v 0.005616 -0.017594 0.046860
v 0.004976 0.002873 0.047748
v 0.006599 0.002909 0.047634
v 0.008197 0.003025 0.047266
v 0.009711 0.003136 0.046918
v 0.010356 -0.006633 0.046839
v 0.016183 0.003687 0.045172
v 0.022751 0.004574 0.042366
v 0.018844 0.004046 0.044036
v 0.019991 -0.005477 0.043620
v 0.005888 -0.027954 0.044946
v 0.006077 -0.037179 0.041677
v 0.024449 -0.004637 0.041297
v 0.023201 0.004667 0.042070
v 0.029929 0.006067 0.037641
v 0.027178 0.005495 0.039452
v 0.028601 -0.003639 0.038551
v 0.024051 0.004844 0.041511
v 0.031125 0.006427 0.036503
v 0.030979 0.006383 0.036641
v 0.032407 -0.002497 0.035426
v 0.029943 -0.013532 0.036821
v 0.033778 -0.012131 0.033453
v 0.031104 -0.023117 0.034137
v 0.034962 -0.021452 0.030572
v 0.035824 -0.029699 0.026669
v 0.031573 -0.027538 0.032389
v 0.026780 -0.024577 0.037327
v 0.025698 -0.014760 0.039810
v 0.006166 -0.044744 0.036955
v 0.006108 -0.052472 0.027209
v 0.006042 -0.054077 0.023305
v 0.011932 -0.053429 0.022264
v 0.011792 -0.054564 0.018096
v 0.017396 -0.053479 0.016471
v 0.017163 -0.054173 0.012095
v 0.022382 -0.052653 0.009996
v 0.016592 -0.054468 0.002631
v 0.021687 -0.052907 0.000732
v 0.015938 -0.053617 -0.007691
v 0.020888 -0.052034 -0.009359
v 0.014651 -0.050136 -0.030798
v 0.019312 -0.048544 -0.031963
v 0.014136 -0.048302 -0.043795
v 0.018682 -0.046716 -0.044714
v 0.013761 -0.046830 -0.058147
v 0.018223 -0.045251 -0.058829
v 0.006172 -0.047813 0.034051
v 0.006152 -0.050388 0.030797
v 0.012098 -0.049777 0.029713
v 0.012035 -0.051841 0.026143
v 0.017720 -0.050807 0.024425
v 0.017584 -0.052367 0.020587
v 0.022893 -0.050909 0.018334
v 0.022665 -0.051987 0.014288
v 0.027521 -0.050113 0.011617
v 0.027201 -0.050742 0.007426
v 0.031557 -0.048468 0.004465
v 0.026414 -0.050942 -0.001596
v 0.030716 -0.048599 -0.004284
v 0.025509 -0.050037 -0.011407
v 0.029748 -0.047652 -0.013780
v 0.023724 -0.046531 -0.033406
v 0.027839 -0.044118 -0.035094
v 0.023010 -0.044707 -0.045857
v 0.027074 -0.042296 -0.047201
v 0.022489 -0.043249 -0.059681
v 0.026518 -0.040844 -0.060689
v 0.006135 -0.041191 0.039499
v 0.012087 -0.044179 0.035860
v 0.012115 -0.047223 0.032957
v 0.017815 -0.046259 0.031193
v 0.017798 -0.048775 0.027966
v 0.023148 -0.047402 0.025616
v 0.023056 -0.049388 0.022115
v 0.027961 -0.047609 0.019290
v 0.027777 -0.049078 0.015577
v 0.032174 -0.046904 0.012402
v 0.031899 -0.047884 0.008541
v 0.035761 -0.045334 0.005144
v 0.035411 -0.045863 0.001194
v 0.038738 -0.042960 -0.002309
v 0.034551 -0.045910 -0.007260
v 0.037896 -0.042907 -0.010454
v 0.033563 -0.044908 -0.016416
v 0.036929 -0.041838 -0.019258
v 0.031617 -0.041331 -0.036989
v 0.035027 -0.038201 -0.039056
v 0.030838 -0.039508 -0.048721
v 0.034266 -0.036372 -0.050390
v 0.030271 -0.038060 -0.061837
v 0.033713 -0.034924 -0.063106
v 0.005994 -0.032748 0.043490
v 0.011716 -0.032274 0.042444
v 0.011886 -0.036673 0.040606
v 0.017467 -0.035845 0.038877
v 0.017650 -0.039777 0.036657
v 0.022951 -0.038576 0.034294
v 0.023098 -0.041992 0.031717
v 0.028003 -0.040409 0.028805
v 0.028079 -0.043282 0.025918
v 0.032497 -0.041319 0.022570
v 0.032481 -0.043639 0.019430
v 0.036357 -0.041308 0.015772
v 0.036243 -0.043083 0.012445
v 0.039559 -0.040402 0.008602
v 0.039359 -0.041653 0.005150
v 0.042121 -0.038645 0.001237
v 0.036551 0.008116 0.031158
v 0.036118 0.007929 0.031750
v 0.035836 -0.001224 0.031970
v 0.034401 0.007412 0.033384
v 0.038865 0.000161 0.028230
v 0.037490 0.008522 0.029872
v 0.040254 0.009718 0.026089
v 0.042535 0.010993 0.022052
v 0.041526 0.010334 0.024137
v 0.041476 0.001645 0.024254
v 0.041225 0.010138 0.024760
v 0.045965 0.013704 0.013474
v 0.045186 0.012815 0.016286
v 0.045001 0.012604 0.016955
v 0.048089 0.017962 -0.000000
v 0.047689 0.016558 0.004443
v 0.048041 0.009982 0.002317
v 0.047376 0.015461 0.007914
v 0.047313 0.015243 0.008603
v 0.047791 0.019462 -0.004747
v 0.048055 0.018540 -0.001828
v 0.048087 0.018009 -0.000147
v 0.048158 0.002941 -0.000408
v 0.047926 0.000864 0.004060
v 0.047265 -0.001195 0.008538
v 0.046163 -0.003218 0.012993
v 0.044609 -0.005187 0.017389
v 0.042596 -0.007083 0.021681
v 0.043549 -0.015475 0.018337
v 0.045411 -0.013238 0.013962
v 0.046792 -0.010917 0.009527
v 0.047708 -0.008538 0.005077
v 0.048178 -0.006121 0.000647
v 0.048224 -0.003687 -0.003732
v 0.044232 -0.022828 0.014186
v 0.045979 -0.020258 0.009790
v 0.047227 -0.017594 0.005370
v 0.048002 -0.014863 0.000969
v 0.048329 -0.012091 -0.003376
v 0.010972 -0.017224 0.045928
v 0.011503 -0.027514 0.043931
v 0.017220 -0.031499 0.040752
v 0.022721 -0.034712 0.036544
v 0.027834 -0.037072 0.031394
v 0.032416 -0.038533 0.025443
v 0.036376 -0.039079 0.018868
v 0.039673 -0.038720 0.011856
v 0.042312 -0.037487 0.004591
v 0.044334 -0.035430 -0.002767
v 0.016153 -0.016621 0.044416
v 0.016914 -0.026795 0.042289
v 0.022413 -0.030438 0.038467
v 0.027570 -0.033293 0.033677
v 0.032234 -0.035291 0.028042
v 0.036294 -0.036394 0.021722
v 0.039694 -0.036595 0.014902
v 0.042423 -0.035910 0.007766
v 0.044511 -0.034375 0.000484
v 0.046017 -0.032045 -0.006801
v 0.021083 -0.015795 0.042360
v 0.022030 -0.025810 0.040068
v 0.027217 -0.029111 0.035654
v 0.031952 -0.031614 0.030358
v 0.036110 -0.033260 0.024325
v 0.039618 -0.034022 0.017729
v 0.042447 -0.033898 0.010755
v 0.044616 -0.032911 0.003576
v 0.046175 -0.031102 -0.003653
v 0.047195 -0.028525 -0.010817
v 0.039441 -0.031009 0.020328
v 0.042380 -0.031449 0.013546
v 0.044644 -0.031023 0.006501
v 0.046273 -0.029759 -0.000648
v 0.047332 -0.027700 -0.007773
v 0.047895 -0.024904 -0.014773
v 0.037176 -0.010575 0.029768
v 0.040118 -0.008886 0.025825
v 0.038329 -0.019607 0.026703
v 0.041191 -0.017606 0.022603
v 0.039165 -0.027577 0.022693
v 0.041966 -0.025277 0.018508
v 0.042220 -0.028569 0.016133
v 0.044454 -0.025969 0.011814
v 0.044591 -0.028707 0.009249
v 0.046268 -0.025829 0.004903
v 0.046305 -0.028004 0.002206
v 0.047457 -0.024870 -0.002080
v 0.047420 -0.026487 -0.004859
v 0.048088 -0.023126 -0.009011
v 0.036875 0.006734 -0.044468
v 0.036887 0.006077 -0.040391
v 0.041637 0.000435 -0.038995
v 0.041661 0.000279 -0.034568
v 0.045189 -0.006483 -0.032823
v 0.045241 -0.006096 -0.028028
v 0.047410 -0.013784 -0.026014
v 0.047509 -0.012834 -0.020838
v 0.048305 -0.019710 -0.013073
v 0.048371 -0.016673 -0.007967
v 0.048129 -0.019782 -0.003745
v 0.047438 -0.022844 0.000556
v 0.047621 -0.010423 -0.016082
v 0.045394 -0.004307 -0.023647
v 0.012010 -0.040654 0.038412
v 0.017766 -0.043257 0.034094
v 0.023164 -0.044938 0.028822
v 0.028064 -0.045681 0.022742
v 0.032371 -0.045496 0.016037
v 0.036042 -0.044417 0.008898
v 0.039082 -0.042495 0.001510
v 0.048145 -0.021218 -0.018639
vn -0.3694 -0.0171 0.9291
vn -0.3752 -0.0114 0.9269
vn -0.4071 0.0010 0.9134
vn -0.3689 -0.0083 0.9294
vn -0.3400 -0.0000 0.9404
vn -0.3708 0.0080 0.9287
vn -0.3726 0.0207 0.9278
vn -0.3763 0.0154 0.9264
vn -0.3981 -0.0000 0.9173
vn -0.4546 -0.0196 0.8905
vn -0.4639 -0.0048 0.8859
vn -0.5640 -0.0003 0.8258
vn -0.5639 0.0031 0.8258
vn -0.5421 0.0017 0.8403
vn -0.5611 0.0015 0.8278
vn -0.5674 -0.0015 0.8235
vn -0.5622 -0.0016 0.8270
vn -0.5333 -0.0044 0.8459
vn -0.4845 0.0004 0.8748
vn -0.5041 -0.0065 0.8636
vn -0.5393 -0.0000 0.8421
vn -0.5020 0.0021 0.8649
vn -0.4727 -0.0032 0.8812
vn -0.4477 -0.0004 0.8942
vn -0.3971 0.0006 0.9178
vn 0.9950 -0.0000 -0.0998
vn 0.9936 0.0003 -0.1126
vn 0.9866 -0.0196 -0.1618
vn 0.9851 -0.0063 -0.1719
vn 0.9972 0.0207 -0.0723
vn 0.9970 0.0154 -0.0763
vn 0.9951 0.0006 -0.0986
vn 0.9971 -0.0114 -0.0750
vn 0.9975 -0.0171 -0.0689
vn 0.9975 -0.0130 -0.0700
vn 0.9974 -0.0005 -0.0724
vn 0.9972 0.0137 -0.0729
vn 0.9583 0.0003 -0.2857
vn 0.9584 -0.0031 -0.2856
vn 0.9655 -0.0017 -0.2604
vn 0.9593 -0.0015 -0.2823
vn 0.9571 0.0016 -0.2896
vn 0.9589 0.0016 -0.2836
vn 0.9682 0.0044 -0.2503
vn 0.9808 -0.0004 -0.1950
vn 0.9761 0.0065 -0.2171
vn 0.9855 0.0070 -0.1698
vn 0.9861 0.0275 -0.1636
vn 0.9767 -0.0021 -0.2147
vn 0.9664 -0.0000 -0.2572
vn -0.0000 1.0000 -0.0000
vn -0.5517 0.7571 0.3498
vn -0.2673 0.9436 0.1952
vn -0.5156 0.7862 0.3407
vn -0.2090 0.9659 0.1526
vn -0.6546 0.6142 0.4408
vn -0.7078 0.4819 0.5165
vn -0.7721 0.2933 0.5638
vn -0.7852 0.2345 0.5732
vn -0.8075 -0.0001 0.5899
vn -0.8077 -0.0001 0.5897
vn -0.7851 -0.2347 0.5731
vn -0.7720 -0.2936 0.5638
vn -0.7143 -0.4792 0.5101
vn -0.6736 -0.5517 0.4918
vn -0.5322 -0.7610 0.3710
vn -0.4919 -0.8108 0.3172
vn -0.2673 -0.9437 0.1951
vn -0.2090 -0.9659 0.1526
vn 0.2091 -0.9659 -0.1526
vn 0.2090 -0.9659 -0.1526
vn 0.2796 -0.9382 -0.2041
vn 0.5262 -0.7586 -0.3842
vn 0.6202 -0.6406 -0.4528
vn 0.7203 -0.4330 -0.5419
vn 0.7712 -0.3381 -0.5394
vn 0.8105 -0.1868 -0.5551
vn 0.7683 -0.2577 -0.5859
vn 0.8314 0.0319 -0.5548
vn 0.7947 -0.1364 -0.5914
vn 0.7874 0.0332 -0.6156
vn 0.5656 -0.0021 -0.8247
vn 0.7561 0.2340 -0.6112
vn 0.7197 0.4003 -0.5673
vn 0.8398 0.1821 -0.5115
vn 0.7567 0.3720 -0.5375
vn 0.6149 0.6483 -0.4490
vn 0.5711 0.7071 -0.4170
vn 0.5711 0.7071 -0.4169
vn -0.1435 0.9841 0.1048
vn 0.1433 0.9841 -0.1046
vn 0.2090 0.9659 -0.1526
vn -0.6201 0.6407 0.4528
vn -0.7487 0.3383 0.5702
vn -0.7356 0.4330 0.5210
vn -0.7756 0.1869 0.6029
vn -0.7921 0.2577 0.5533
vn -0.7817 -0.0319 0.6228
vn -0.8054 0.1363 0.5768
vn -0.8261 -0.0332 0.5625
vn -0.9578 0.0021 0.2875
vn -0.8125 -0.2339 0.5340
vn -0.7627 -0.4008 0.5076
vn -0.7430 -0.1821 0.6440
vn -0.7255 -0.4459 0.5242
vn -0.6092 -0.6401 0.4681
vn -0.5255 -0.7462 0.4086
vn -0.5045 -0.7610 0.4078
vn -0.2568 -0.9481 0.1875
vn 0.5011 -0.7575 -0.4184
vn 0.2673 -0.9437 -0.1951
vn 0.4816 -0.7861 -0.3874
vn 0.6193 -0.6143 -0.4890
vn 0.7075 -0.4821 -0.5168
vn 0.7721 -0.2936 -0.5636
vn 0.7850 -0.2348 -0.5732
vn 0.8078 -0.0000 -0.5894
vn 0.7034 0.4792 -0.5250
vn 0.7721 0.2935 -0.5636
vn 0.7850 0.2347 -0.5733
vn 0.8076 -0.0000 -0.5897
vn 0.2673 0.9436 -0.1952
vn 0.4520 0.8108 -0.3719
vn 0.5155 0.7609 -0.3940
vn 0.6737 0.5516 -0.4918
vn -0.5711 0.7071 0.4169
vn -0.5711 0.7071 0.4170
vn -0.2091 0.9659 0.1526
vn -0.3884 -0.0045 0.9215
vn -0.4174 -0.0089 0.9087
vn -0.5782 -0.0026 0.8159
vn -0.4653 -0.0151 0.8850
vn -0.5064 -0.0060 0.8623
vn -0.5226 -0.0035 0.8526
vn -0.5322 -0.0023 0.8466
vn -0.5488 0.0002 0.8360
vn -0.5375 0.0040 0.8432
vn -0.5836 0.0103 0.8120
vn -0.5279 0.0070 0.8493
vn -0.5097 0.0139 0.8603
vn -0.4742 0.0171 0.8802
vn -0.3800 0.0095 0.9249
vn -0.4125 0.0017 0.9110
vn -0.3553 0.0253 0.9344
vn -0.1787 0.0050 0.9839
vn -0.3495 0.0731 0.9341
vn -0.3008 0.0319 0.9532
vn -0.2733 0.0149 0.9618
vn -0.2540 0.0012 0.9672
vn -0.2852 -0.0089 0.9584
vn -0.3113 -0.0153 0.9502
vn -0.1791 -0.0027 0.9838
vn -0.3462 -0.0103 0.9381
vn -0.3835 0.0007 0.9235
vn 0.9984 -0.0051 -0.0568
vn 0.9997 -0.0046 0.0225
vn 0.9939 -0.0056 -0.1106
vn 0.9802 -0.0067 -0.1978
vn 0.9848 -0.0005 -0.1735
vn 0.9998 -0.0013 -0.0198
vn 1.0000 -0.0005 -0.0062
vn 1.0000 0.0001 0.0054
vn 0.9996 0.0103 0.0271
vn 1.0000 0.0011 -0.0046
vn 0.9998 0.0031 -0.0188
vn 0.9981 0.0170 -0.0595
vn 0.9790 0.0103 -0.2037
vn 0.9944 0.0213 -0.1037
vn 0.9863 0.0022 -0.1650
vn 0.9715 0.0220 -0.2361
vn 0.9149 0.0030 -0.4036
vn 0.9676 0.0556 -0.2464
vn 0.9636 0.0423 -0.2640
vn 0.9552 0.0192 -0.2954
vn 0.9493 0.0016 -0.3144
vn 0.9591 -0.0116 -0.2828
vn 0.9656 -0.0185 -0.2595
vn 0.9150 -0.0020 -0.4035
vn 0.9714 -0.0128 -0.2372
vn 0.9803 0.0006 -0.1974
vn 0.9723 -0.0000 0.2338
vn 0.8993 -0.0000 0.4374
vn 0.7842 -0.0000 0.6205
vn 0.6325 -0.0000 0.7745
vn 0.4512 -0.0000 0.8924
vn 0.2488 -0.0000 0.9685
vn 0.0348 -0.0000 0.9994
vn -0.7392 -0.0000 0.6735
vn -0.8667 -0.0000 0.4989
vn -0.9537 -0.0000 0.3009
vn -0.9960 -0.0000 0.0889
vn -0.9919 -0.0000 -0.1273
vn -0.9413 -0.0000 -0.3376
vn -0.8467 -0.0000 -0.5320
vn -0.7126 -0.0000 -0.7016
vn -0.5451 -0.0000 -0.8384
vn -0.3521 -0.0000 -0.9360
vn -0.1427 -0.0000 -0.9898
vn 0.0734 -0.0000 -0.9973
vn 0.2861 -0.0000 -0.9582
vn 0.4854 -0.0000 -0.8743
vn 0.6620 -0.0000 -0.7495
vn 0.8077 -0.0000 -0.5897
vn -0.0000 -0.0000 -1.0000
vn -0.0001 -0.0000 -1.0000
vn 0.0002 -0.0000 -1.0000
vn 0.0003 -0.0000 -1.0000
vn 0.0001 -0.0000 -1.0000
vn -0.0005 -0.0000 -1.0000
vn 0.7900 0.6123 0.0323
vn 0.8111 0.5807 0.0701
vn 0.8246 0.5640 0.0427
vn 0.9421 0.3352 0.0073
vn 0.9579 0.2870 0.0057
vn 0.9569 0.2904 0.0075
vn 0.4073 -0.9130 -0.0231
vn 0.3787 -0.9255 -0.0108
vn 0.3819 -0.9241 -0.0154
vn 0.0991 -0.9950 -0.0139
vn 0.0504 -0.9987 -0.0123
vn 0.0983 -0.9951 -0.0095
vn 0.9956 -0.0941 -0.0017
vn 0.9990 -0.0450 -0.0017
vn 1.0000 -0.0009 -0.0053
vn 0.5225 0.8401 0.1457
vn 0.5330 0.8335 0.1458
vn 0.5428 0.8339 0.0999
vn 0.4533 0.8762 0.1637
vn 0.4634 0.8714 0.1608
vn 0.4583 0.8815 0.1137
vn 0.4704 0.8682 0.1581
vn 0.4748 0.8662 0.1560
vn 0.4876 0.8608 0.1460
vn 0.4990 0.8550 0.1410
vn 0.4094 0.8982 0.1603
vn 0.4271 0.8890 0.1650
vn 0.3506 0.9182 0.1842
vn 0.3630 0.9138 0.1824
vn 0.3703 0.9203 0.1264
vn 0.3907 0.9053 0.1668
vn 0.3960 0.9053 0.1539
vn 0.4416 0.8818 0.1654
vn 0.4470 0.8792 0.1651
vn 0.2798 0.9502 0.1370
vn 0.2701 0.9416 0.2009
vn 0.2998 0.9350 0.1893
vn 0.3325 0.9254 0.1820
vn 0.1275 0.9717 0.1989
vn 0.1740 0.9621 0.2101
vn 0.1866 0.9716 0.1454
vn 0.2121 0.9563 0.2013
vn 0.2453 0.9492 0.1971
vn 0.0001 0.9942 0.1077
vn 0.0002 0.9814 0.1918
vn 0.0872 0.9833 0.1595
vn 0.0034 0.9808 0.1951
vn 0.1166 0.9707 0.2100
vn 0.0698 0.9752 0.2102
vn 0.0061 0.9799 0.1994
vn 0.1271 0.9919 0.0019
vn 0.0805 0.9967 0.0062
vn 0.0943 0.9945 0.0454
vn -0.0023 1.0000 0.0037
vn 0.1622 0.9867 0.0041
vn 0.1938 0.9799 0.0477
vn 0.1956 0.9807 0.0045
vn 0.2287 0.9735 0.0039
vn 0.2884 0.9564 0.0455
vn 0.2631 0.9648 0.0016
vn 0.3105 0.9506 0.0024
vn 0.3804 0.9238 0.0430
vn 0.3571 0.9341 0.0013
vn 0.4030 0.9152 0.0020
vn 0.4689 0.8824 0.0400
vn 0.4480 0.8941 0.0008
vn 0.4814 0.8765 0.0055
vn 0.5529 0.8324 0.0367
vn 0.5359 0.8442 0.0052
vn 0.6319 0.7744 0.0329
vn 0.6075 0.7943 0.0005
vn 0.5676 0.8233 -0.0006
vn 0.7048 0.7088 0.0287
vn 0.6831 0.7303 0.0001
vn 0.6461 0.7632 -0.0008
vn 0.7712 0.6361 0.0242
vn 0.7432 0.6690 0.0016
vn 0.7187 0.6954 -0.0012
vn 0.8298 0.5577 0.0192
vn 0.7870 0.6169 0.0021
vn 0.7654 0.6435 0.0025
vn 0.8806 0.4736 0.0149
vn 0.8362 0.5484 0.0011
vn 0.8082 0.5889 0.0010
vn 0.9234 0.3837 0.0036
vn 0.9083 0.4182 -0.0003
vn 0.9225 0.3858 0.0094
vn 0.8864 0.4630 0.0004
vn 0.8624 0.5062 0.0004
vn 0.9458 0.3249 0.0031
vn 0.9896 0.1435 -0.0034
vn 0.9813 0.1923 -0.0041
vn 0.9800 0.1989 0.0032
vn 0.9706 0.2407 -0.0029
vn 0.9575 0.2883 -0.0036
vn 0.9956 0.0940 -0.0045
vn 0.9951 0.0990 -0.0024
vn 0.9983 0.0580 -0.0018
vn 1.0000 -0.0099 -0.0010
vn 0.9897 -0.1433 -0.0020
vn 0.9952 -0.0978 -0.0069
vn 0.9814 -0.1922 -0.0021
vn 0.9807 -0.1952 -0.0086
vn 0.9705 -0.2410 -0.0021
vn 0.9570 -0.2898 -0.0121
vn 0.9616 -0.2744 -0.0020
vn 0.9236 -0.3831 -0.0140
vn 0.9291 -0.3697 -0.0012
vn 0.9393 -0.3431 0.0020
vn 0.8815 -0.4719 -0.0145
vn 0.8314 -0.5555 -0.0157
vn 0.8381 -0.5455 -0.0016
vn 0.8605 -0.5094 -0.0000
vn 0.8881 -0.4597 -0.0014
vn 0.9067 -0.4218 0.0002
vn 0.7720 -0.6355 -0.0145
vn 0.7758 -0.6310 -0.0018
vn 0.8150 -0.5795 -0.0020
vn 0.6461 -0.7632 -0.0047
vn 0.6832 -0.7302 -0.0050
vn 0.7065 -0.7075 -0.0138
vn 0.7185 -0.6955 -0.0047
vn 0.7520 -0.6591 -0.0051
vn 0.6075 -0.7943 -0.0050
vn 0.6342 -0.7730 -0.0142
vn 0.5791 -0.8153 -0.0040
vn 0.5539 -0.8324 -0.0153
vn 0.5506 -0.8348 -0.0036
vn 0.4050 -0.9143 -0.0027
vn 0.4459 -0.8951 -0.0020
vn 0.4706 -0.8822 -0.0157
vn 0.4933 -0.8699 -0.0028
vn 0.5201 -0.8541 -0.0012
vn 0.3550 -0.9349 -0.0019
vn 0.3124 -0.9499 -0.0026
vn 0.2905 -0.9568 -0.0148
vn 0.2684 -0.9633 -0.0023
vn 0.1904 -0.9817 -0.0015
vn 0.0914 -0.9958 0.0112
vn 0.1925 -0.9812 -0.0107
vn 0.0565 -0.9984 0.0084
vn 0.0001 -1.0000 -0.0080
vn 0.0026 -1.0000 -0.0025
vn 0.0012 -1.0000 -0.0098
vn 0.0035 -1.0000 -0.0080
vn 0.1896 -0.9818 -0.0144
vn 0.0058 -1.0000 -0.0002
vn 0.2543 -0.9669 -0.0214
vn 0.3491 -0.9367 -0.0256
vn 0.3155 -0.9487 -0.0227
vn 0.2852 -0.9584 -0.0098
vn 0.4403 -0.8975 -0.0251
vn 0.5491 -0.8356 -0.0147
vn 0.5256 -0.8504 -0.0254
vn 0.4948 -0.8687 -0.0233
vn 0.4680 -0.8837 -0.0119
vn 0.6496 -0.7599 -0.0237
vn 0.6260 -0.7797 -0.0145
vn 0.6037 -0.7969 -0.0240
vn 0.5703 -0.8212 -0.0200
vn 0.6773 -0.7352 -0.0281
vn 0.7669 -0.6415 -0.0159
vn 0.7469 -0.6644 -0.0274
vn 0.7211 -0.6924 -0.0239
vn 0.6999 -0.7141 -0.0153
vn 0.8368 -0.5471 -0.0197
vn 0.8220 -0.5692 -0.0170
vn 0.8073 -0.5897 -0.0241
vn 0.7829 -0.6218 -0.0208
vn 0.8661 -0.4996 -0.0189
vn 0.8863 -0.4630 -0.0072
vn 0.9080 -0.4188 -0.0133
vn 0.9278 -0.3730 -0.0072
vn 0.9411 -0.3378 -0.0160
vn 0.9516 -0.3068 -0.0161
vn 0.9617 -0.2737 -0.0156
vn 0.9957 -0.0926 -0.0099
vn 0.9900 -0.1410 -0.0107
vn 0.9815 -0.1908 -0.0130
vn 0.9710 -0.2389 -0.0133
vn 0.9991 -0.0420 -0.0072
vn 0.9890 0.1481 0.0046
vn 0.9950 0.0999 0.0050
vn 0.9982 0.0605 -0.0042
vn 1.0000 -0.0063 -0.0076
vn 0.9799 0.1991 0.0105
vn 0.9667 0.2559 -0.0048
vn 0.9330 0.3598 0.0071
vn 0.8789 0.4760 0.0303
vn 0.8886 0.4572 0.0379
vn 0.9124 0.4069 0.0434
vn 0.8996 0.4277 0.0879
vn 0.9257 0.3778 0.0183
vn 0.8287 0.5564 0.0612
vn 0.8547 0.5183 0.0279
vn 0.8665 0.4961 0.0553
vn 0.7750 0.6280 0.0706
vn 0.7654 0.6409 0.0582
vn 0.7512 0.6544 0.0866
vn 0.6969 0.7135 0.0725
vn 0.6834 0.7219 0.1087
vn 0.7112 0.6973 0.0898
vn 0.7328 0.6765 0.0729
vn 0.6057 0.7858 0.1248
vn 0.6156 0.7781 0.1248
vn 0.6235 0.7771 0.0862
vn 0.6388 0.7614 0.1102
vn 0.6612 0.7439 0.0967
vn 0.5456 0.8260 0.1416
vn 0.5707 0.8115 0.1254
vn 0.5841 0.8028 0.1199
vn -0.0098 0.9998 0.0147
vn -0.0039 0.9997 0.0257
vn -0.0000 0.9995 0.0303
vn -0.0780 0.9728 0.2182
vn -0.0462 0.9744 0.2199
vn -0.0884 0.9839 0.1551
vn -0.9276 -0.3734 -0.0150
vn -0.9451 -0.3266 -0.0120
vn -0.9562 -0.2923 -0.0109
vn -0.5391 0.8297 0.1447
vn -0.5302 0.8351 0.1465
vn -0.5426 0.8338 0.1014
vn -0.5251 0.8383 0.1467
vn -0.5142 0.8452 0.1461
vn -0.4673 0.8694 0.1604
vn -0.4582 0.8814 0.1150
vn -0.4921 0.8581 0.1465
vn -0.5033 0.8521 0.1435
vn -0.6076 0.7840 0.1270
vn -0.5971 0.7923 0.1252
vn -0.6226 0.7776 0.0872
vn -0.5797 0.8053 0.1245
vn -0.5598 0.8174 0.1357
vn -0.6970 0.7134 0.0729
vn -0.6756 0.7292 0.1090
vn -0.6590 0.7446 0.1068
vn -0.6244 0.7714 0.1228
vn -0.7631 0.6400 0.0896
vn -0.7493 0.6569 0.0840
vn -0.7652 0.6411 0.0582
vn -0.7293 0.6794 0.0807
vn -0.6968 0.7099 0.1027
vn -0.8266 0.5605 0.0500
vn -0.8136 0.5779 0.0641
vn -0.7872 0.6134 0.0630
vn -0.8800 0.4732 0.0410
vn -0.8640 0.5012 0.0482
vn -0.8388 0.5382 0.0815
vn -0.9199 0.3911 0.0283
vn -0.9061 0.4223 -0.0255
vn -0.8892 0.4509 0.0773
vn -0.9408 0.3390 0.0053
vn -0.9301 0.3253 -0.1704
vn -0.9193 0.3887 0.0624
vn -0.9804 0.1970 0.0037
vn -0.9948 0.1018 -0.0003
vn -0.9913 0.1317 0.0006
vn -0.9626 0.2708 0.0074
vn -0.9565 0.2917 0.0059
vn -0.9731 0.2301 0.0068
vn -0.9850 0.1725 -0.0000
vn -0.9986 -0.0522 -0.0043
vn -1.0000 -0.0011 0.0015
vn -1.0000 0.0006 -0.0048
vn -0.9994 0.0343 -0.0052
vn -0.9957 0.0925 -0.0024
vn -0.9807 -0.1951 -0.0088
vn -0.9885 -0.1513 -0.0076
vn -0.9952 -0.0978 -0.0071
vn -0.9949 -0.1013 -0.0020
vn -0.9559 -0.2934 -0.0153
vn -0.9717 -0.2358 -0.0149
vn -0.9798 -0.1998 -0.0042
vn -0.9078 -0.4191 -0.0136
vn -0.9236 -0.3833 -0.0117
vn -0.8860 -0.4633 -0.0162
vn -0.8814 -0.4721 -0.0121
vn -0.8619 -0.5069 -0.0143
vn -0.8441 -0.5359 -0.0182
vn -0.8318 -0.5549 -0.0134
vn -0.8259 -0.5635 -0.0176
vn -0.7472 -0.6643 -0.0180
vn -0.7703 -0.6375 -0.0152
vn -0.7725 -0.6348 -0.0139
vn -0.7887 -0.6144 -0.0235
vn -0.8113 -0.5840 -0.0249
vn -0.7069 -0.7072 -0.0115
vn -0.7209 -0.6930 -0.0055
vn -0.6850 -0.7284 -0.0145
vn -0.6342 -0.7731 -0.0112
vn -0.6490 -0.7608 -0.0037
vn -0.6153 -0.7880 -0.0221
vn -0.5539 -0.8324 -0.0153
vn -0.5828 -0.8121 -0.0268
vn -0.4931 -0.8697 -0.0199
vn -0.5352 -0.8444 -0.0212
vn -0.5598 -0.8285 -0.0129
vn -0.4530 -0.8915 0.0007
vn -0.4696 -0.8828 -0.0122
vn -0.4107 -0.9117 -0.0134
vn -0.3807 -0.9246 -0.0115
vn -0.3630 -0.9318 0.0024
vn -0.3287 -0.9442 -0.0188
vn -0.2903 -0.9568 -0.0150
vn -0.2979 -0.9545 -0.0123
vn -0.1701 -0.9853 -0.0151
vn -0.2070 -0.9783 -0.0102
vn -0.1933 -0.9811 -0.0129
vn -0.2346 -0.9718 -0.0256
vn -0.2739 -0.9616 -0.0174
vn -0.0848 -0.9963 -0.0130
vn -0.1340 -0.9910 -0.0031
vn -0.0996 -0.9950 -0.0097
vn -0.1254 -0.9921 -0.0051
vn -0.0803 -0.9968 -0.0025
vn -0.1744 -0.9847 -0.0047
vn -0.3244 -0.9459 -0.0017
vn -0.2903 -0.9569 -0.0035
vn -0.2573 -0.9663 -0.0040
vn -0.2230 -0.9748 -0.0051
vn -0.3544 -0.9351 -0.0030
vn -0.5633 -0.8262 -0.0033
vn -0.5315 -0.8471 -0.0031
vn -0.4919 -0.8706 -0.0024
vn -0.4450 -0.8955 -0.0030
vn -0.4033 -0.9151 -0.0024
vn -0.6171 -0.7869 -0.0035
vn -0.6452 -0.7640 -0.0062
vn -0.6821 -0.7312 -0.0057
vn -0.7175 -0.6966 -0.0062
vn -0.7512 -0.6601 -0.0057
vn -0.8439 -0.5366 -0.0025
vn -0.8245 -0.5659 -0.0033
vn -0.8047 -0.5936 -0.0043
vn -0.7830 -0.6220 -0.0062
vn -0.8614 -0.5080 -0.0030
vn -0.9558 -0.2939 -0.0024
vn -0.9445 -0.3286 -0.0025
vn -0.9276 -0.3735 -0.0023
vn -0.9072 -0.4206 -0.0028
vn -0.8861 -0.4635 -0.0026
vn -0.9735 -0.2288 -0.0029
vn -0.9811 -0.1935 -0.0056
vn -0.9895 -0.1447 -0.0046
vn -0.9954 -0.0958 -0.0052
vn -0.9989 -0.0461 -0.0042
vn -0.9899 0.1421 -0.0009
vn -0.9942 0.1074 -0.0004
vn -0.9992 0.0399 -0.0018
vn -1.0000 0.0034 -0.0049
vn -0.9816 0.1911 -0.0004
vn -0.9710 0.2392 -0.0002
vn -0.9578 0.2873 0.0003
vn -0.9424 0.3346 0.0009
vn -0.9232 0.3842 0.0101
vn -0.9303 0.3669 0.0015
vn -0.9030 0.4296 0.0003
vn -0.8806 0.4736 0.0155
vn -0.8870 0.4617 -0.0024
vn -0.8631 0.5051 -0.0012
vn -0.8298 0.5577 0.0199
vn -0.8371 0.5470 -0.0021
vn -0.8089 0.5880 -0.0008
vn -0.7710 0.6364 0.0242
vn -0.7787 0.6274 -0.0018
vn -0.7549 0.6559 0.0026
vn -0.7046 0.7091 0.0283
vn -0.7101 0.7041 0.0032
vn -0.6319 0.7744 0.0320
vn -0.6472 0.7623 0.0017
vn -0.6842 0.7293 0.0008
vn -0.5530 0.8324 0.0359
vn -0.5686 0.8226 0.0022
vn -0.6089 0.7933 0.0013
vn -0.4691 0.8822 0.0400
vn -0.4966 0.8680 0.0036
vn -0.5271 0.8498 0.0017
vn -0.3805 0.9238 0.0431
vn -0.4365 0.8997 0.0035
vn -0.4666 0.8844 0.0041
vn -0.2884 0.9564 0.0458
vn -0.3585 0.9335 0.0021
vn -0.4043 0.9146 0.0009
vn -0.1938 0.9799 0.0479
vn -0.2644 0.9644 0.0022
vn -0.3120 0.9501 0.0011
vn -0.0498 0.9987 0.0068
vn -0.0916 0.9958 0.0057
vn -0.0909 0.9949 0.0429
vn -0.1733 0.9849 0.0042
vn -0.2162 0.9763 0.0010
vn -0.1876 0.9712 0.1466
vn -0.1973 0.9558 0.2181
vn -0.1636 0.9637 0.2110
vn -0.1257 0.9696 0.2100
vn -0.2363 0.9498 0.2051
vn -0.2797 0.9502 0.1377
vn -0.2662 0.9426 0.2019
vn -0.3702 0.9202 0.1275
vn -0.3567 0.9153 0.1869
vn -0.3346 0.9239 0.1856
vn -0.2933 0.9362 0.1938
vn -0.4458 0.8796 0.1660
vn -0.4338 0.8855 0.1664
vn -0.4209 0.8920 0.1648
vn -0.4055 0.8987 0.1669
vn -0.3775 0.9084 0.1796
vn -0.9458 0.3244 0.0171
vn -0.0000 0.0001 -1.0000
vn -0.0000 0.0006 -1.0000
vn -0.0006 -0.0012 -1.0000
vn -0.0000 -0.0001 -1.0000
vn -0.0007 -0.0000 -1.0000
vn -0.0000 -0.0005 -1.0000
vn -0.0009 -0.0008 -1.0000
vn -0.0000 0.0002 -1.0000
vn -0.0003 -0.0000 -1.0000
vn 0.0003 -0.0004 -1.0000
vn -0.0013 0.0003 -1.0000
vn -0.0018 0.0003 -1.0000
vn 0.0014 -0.0000 -1.0000
vn 0.0013 -0.0000 -1.0000
vn 0.0905 -0.0000 -0.9959
vn 0.0904 -0.0000 -0.9959
vn 0.0031 -0.0000 -1.0000
vn -0.0000 -0.0008 -1.0000
vn -0.0000 -0.0053 -1.0000
vn 0.0017 -0.0000 -1.0000
vn -0.0000 -0.0000 1.0000
vn -0.0003 -0.0000 1.0000
vn 0.0215 -0.0000 0.9998
vn -0.0024 -0.0000 1.0000
vn -0.0003 0.0002 1.0000
vn -0.0000 0.0002 1.0000
vn 0.0002 -0.0000 1.0000
vn 0.0001 -0.0000 1.0000
vn -0.0001 -0.0000 1.0000
vn -0.0002 -0.0000 1.0000
vn 0.0003 -0.0000 1.0000
vn 0.0004 -0.0000 1.0000
vn 0.0011 0.0001 1.0000
vn 0.0003 0.0001 1.0000
vn -0.0004 -0.0000 1.0000
vn -0.0006 -0.0000 1.0000
vn -0.0000 0.0003 1.0000
vn -0.0000 0.0001 1.0000
vn 0.0041 -0.0000 1.0000
vn -0.0011 -0.0000 1.0000
vn -0.0000 -0.0005 1.0000
vn -0.0007 -0.0000 1.0000
vn -0.0025 -0.0000 1.0000
vn -0.0000 -0.0001 1.0000
vn 0.0004 0.0001 1.0000
vn -0.0014 -0.0000 1.0000
vn 0.0017 0.0027 1.0000
vn -0.0000 0.0016 1.0000
vn -0.0027 -0.0000 1.0000
vn 0.0005 0.0004 1.0000
vn -0.0005 -0.0000 1.0000
vn -0.0001 -0.0001 1.0000
vn 0.0003 -0.0001 1.0000
vn -0.0000 -0.0002 1.0000
vn -0.0003 -0.0001 1.0000
vn -0.0010 -0.0000 1.0000
vn -0.0000 -0.0003 1.0000
vn -0.0001 0.0001 1.0000
vn 0.0001 -0.0001 1.0000
vn -0.9640 0.0909 -0.2500
vn -0.9609 0.1553 -0.2292
vn -0.9923 0.0691 -0.1028
vn -0.9670 0.0010 -0.2546
vn -0.9663 -0.0021 -0.2576
vn -0.9502 0.0136 -0.3115
vn -0.9515 0.0042 -0.3078
vn -0.9361 0.0043 -0.3516
vn -0.9189 0.0180 -0.3942
vn -0.2548 0.7813 0.5697
vn -0.3186 0.7736 0.5478
vn -0.2641 0.7634 0.5895
vn -0.0023 -0.9917 -0.1283
vn -0.0003 -0.9897 -0.1432
vn -0.0836 -0.9861 -0.1434
vn -0.7633 -0.2584 0.5921
vn -0.8281 -0.2210 0.5151
vn -0.8351 -0.2932 0.4655
vn -0.1703 -0.0105 0.9853
vn -0.2604 -0.0023 0.9655
vn -0.2115 -0.0387 0.9766
vn -0.5814 -0.0068 0.8136
vn -0.5778 -0.0152 0.8161
vn -0.6734 -0.0297 0.7387
vn -0.5006 -0.0012 0.8657
vn -0.5733 0.0049 0.8194
vn -0.5942 -0.0327 0.8036
vn -0.6428 -0.0048 0.7660
vn -0.7079 0.0037 0.7063
vn -0.7436 -0.0244 0.6682
vn -0.8223 0.0079 0.5690
vn -0.8213 0.0011 0.5705
vn -0.8598 -0.0156 0.5104
vn -0.9099 0.0093 0.4147
vn -0.9091 -0.0021 0.4166
vn -0.9408 -0.0098 0.3389
vn -0.9213 -0.3885 -0.0182
vn -0.9066 -0.4215 -0.0194
vn -0.9226 -0.3846 -0.0300
vn -0.4818 -0.8760 -0.0235
vn -0.4472 -0.8941 -0.0232
vn -0.4645 -0.8846 -0.0420
vn -0.0880 -0.9957 -0.0278
vn 0.0047 -0.9994 -0.0334
vn 0.0039 -0.9994 -0.0337
vn -0.1170 -0.9924 -0.0395
vn -0.1299 -0.9912 -0.0239
vn -0.2640 -0.9643 -0.0216
vn -0.2206 -0.9751 -0.0212
vn -0.1919 -0.9806 -0.0390
vn -0.1980 -0.9799 -0.0227
vn -0.1644 -0.9861 -0.0230
vn -0.3770 -0.9252 -0.0425
vn -0.4069 -0.9132 -0.0219
vn -0.3567 -0.9339 -0.0227
vn -0.2866 -0.9572 -0.0404
vn -0.3257 -0.9452 -0.0207
vn -0.2889 -0.9571 -0.0235
vn -0.5278 -0.8491 -0.0226
vn -0.5497 -0.8344 -0.0406
vn -0.5473 -0.8366 -0.0247
vn -0.6288 -0.7765 -0.0407
vn -0.6462 -0.7627 -0.0274
vn -0.6161 -0.7873 -0.0243
vn -0.5686 -0.8223 -0.0232
vn -0.6833 -0.7297 -0.0266
vn -0.7021 -0.7109 -0.0399
vn -0.7187 -0.6948 -0.0273
vn -0.7427 -0.6691 -0.0247
vn -0.7689 -0.6383 -0.0379
vn -0.7643 -0.6444 -0.0236
vn -0.8288 -0.5584 -0.0362
vn -0.8206 -0.5711 -0.0228
vn -0.8060 -0.5915 -0.0218
vn -0.7783 -0.6274 -0.0227
vn -0.8795 -0.4746 -0.0344
vn -0.8859 -0.4635 -0.0196
vn -0.8601 -0.5096 -0.0214
vn -0.8418 -0.5394 -0.0210
vn -0.9561 -0.2919 -0.0258
vn -0.9806 -0.1953 -0.0191
vn -0.9782 -0.2072 -0.0106
vn -0.9707 -0.2401 -0.0050
vn -0.9530 -0.3025 -0.0141
vn -0.9463 -0.3231 -0.0065
vn -1.0000 -0.0093 0.0021
vn -0.9982 -0.0607 0.0011
vn -0.9951 -0.0980 -0.0102
vn -0.9940 -0.1095 -0.0065
vn -0.9901 -0.1407 0.0015
vn -0.9942 0.1070 0.0134
vn -0.9969 0.0789 0.0016
vn -1.0000 0.0065 0.0032
vn -0.9996 0.0285 -0.0069
vn -0.9781 0.2070 0.0239
vn -0.9841 0.1773 0.0100
vn -0.9917 0.1282 -0.0024
vn -0.9518 0.3040 0.0415
vn -0.9646 0.2622 0.0297
vn -0.9738 0.2274 0.0010
vn -0.9226 0.3849 0.0273
vn -0.9439 0.3283 0.0355
vn -0.9561 0.2923 0.0212
vn -0.8934 0.4436 0.0713
vn -0.8985 0.4291 0.0927
vn -0.9342 0.3556 -0.0301
vn -0.8405 0.5344 0.0891
vn -0.8643 0.4965 0.0803
vn -0.8001 0.5841 0.1369
vn -0.8574 0.5022 0.1128
vn -0.8120 0.5741 0.1053
vn -0.7349 0.6585 0.1623
vn -0.7809 0.6130 0.1202
vn -0.6938 0.7071 0.1366
vn -0.7134 0.6858 0.1440
vn -0.6635 0.7245 0.1867
vn -0.7393 0.6608 0.1294
vn -0.7636 0.6353 0.1149
vn -0.6661 0.7302 0.1520
vn -0.5878 0.7808 0.2118
vn -0.6391 0.7504 0.1689
vn -0.5700 0.8019 0.1790
vn -0.5848 0.7932 0.1700
vn -0.5544 0.8108 0.1874
vn -0.5053 0.8300 0.2360
vn -0.5395 0.8214 0.1851
vn -0.6021 0.7816 0.1632
vn -0.6169 0.7710 0.1583
vn -0.5033 0.8426 0.1915
vn -0.5144 0.8370 0.1867
vn -0.4229 0.8691 0.2564
vn -0.4451 0.8718 0.2047
vn -0.4653 0.8597 0.2108
vn -0.4815 0.8517 0.2070
vn -0.5246 0.8311 0.1844
vn -0.5311 0.8273 0.1834
vn -0.4009 0.8878 0.2262
vn -0.4259 0.8805 0.2083
vn -0.4373 0.8758 0.2043
vn -0.3820 0.8940 0.2342
vn -0.3385 0.9007 0.2724
vn -0.3629 0.9066 0.2151
vn -0.2530 0.9244 0.2855
vn -0.2726 0.9351 0.2263
vn -0.2964 0.9199 0.2567
vn -0.3333 0.9144 0.2296
vn -0.1690 0.9402 0.2957
vn -0.1965 0.9458 0.2587
vn -0.2315 0.9383 0.2570
vn -0.0973 0.9594 0.2646
vn -0.1163 0.9310 0.3459
vn -0.1610 0.9575 0.2391
vn -0.0173 0.9388 0.3441
vn -0.0410 0.9695 0.2417
vn -0.0063 0.9385 0.3451
vn -0.0745 0.9524 0.2955
vn -0.9686 -0.0056 0.2486
vn -0.9876 -0.0010 0.1570
vn -0.9691 0.0104 0.2465
vn -0.9711 -0.0009 0.2385
vn -0.9416 0.0038 0.3366
vn -0.9105 -0.0040 0.4135
vn -0.8309 -0.0132 0.5563
vn -0.8653 -0.0136 0.5011
vn -0.9071 -0.0097 0.4208
vn -0.7176 -0.0099 0.6964
vn -0.7655 -0.0085 0.6434
vn -0.8080 -0.0200 0.5889
vn -0.9995 0.0086 -0.0302
vn -0.9976 0.0239 -0.0657
vn -0.9985 0.0085 0.0546
vn -0.9998 0.0107 0.0179
vn -0.9943 -0.0008 0.1066
vn -0.9806 -0.0124 0.1957
vn -0.9956 -0.0598 0.0727
vn -0.9832 -0.1147 0.1423
vn -0.9793 -0.0792 0.1863
vn -0.9581 -0.1120 0.2634
vn -0.9447 -0.0706 0.3203
vn -0.9091 -0.0944 0.4058
vn -0.8868 -0.0478 0.4597
vn -0.8368 -0.0596 0.5442
vn -0.7771 -0.0711 0.6254
vn -0.8634 -0.1181 0.4905
vn -0.9240 -0.1457 0.3535
vn -0.4276 -0.0039 0.9040
vn -0.4254 -0.0076 0.9050
vn -0.5060 -0.0368 0.8618
vn -0.3369 -0.0143 0.9414
vn -0.4222 0.0042 0.9065
vn -0.4122 -0.0359 0.9104
vn -0.3145 -0.0354 0.9486
vn -0.2605 -0.0022 0.9655
vn -0.2693 -0.0118 0.9630
vn -0.0935 -0.0072 0.9956
vn -0.0974 -0.0362 0.9946
vn -0.0844 -0.0020 0.9964
vn -0.0067 -0.0582 0.9983
vn -0.0566 -0.0463 0.9973
vn -0.0435 -0.0050 0.9990
vn 0.0367 -0.0036 0.9993
vn -0.8070 -0.1416 0.5734
vn -0.7425 -0.1582 0.6509
vn -0.7075 -0.0822 0.7019
vn -0.6283 -0.0926 0.7725
vn -0.6867 -0.3040 0.6604
vn -0.6840 -0.2416 0.6883
vn -0.6574 -0.1673 0.7347
vn -0.1183 -0.2364 0.9644
vn 0.0004 -0.2478 0.9688
vn 0.0820 -0.1110 0.9904
vn -0.1135 -0.1233 0.9859
vn 0.0208 -0.0902 0.9957
vn -0.9996 -0.0192 -0.0217
vn -0.9891 -0.1472 -0.0072
vn -0.9947 -0.0979 0.0328
vn -0.9671 -0.2542 0.0052
vn -0.9613 -0.2193 0.1668
vn -0.9806 -0.1797 0.0789
vn -0.9567 -0.2617 0.1275
vn -0.9764 -0.2118 0.0430
vn -0.9481 -0.3066 0.0845
vn -0.9318 -0.2403 0.2721
vn -0.9293 -0.2899 0.2289
vn -0.9219 -0.3430 0.1803
vn -0.9088 -0.3975 0.1268
vn -0.8886 -0.2446 0.3880
vn -0.8899 -0.2997 0.3439
vn -0.8858 -0.3597 0.2932
vn -0.8752 -0.4224 0.2357
vn -0.8576 -0.4847 0.1722
vn -0.8308 -0.5493 0.0894
vn -0.8838 -0.4646 0.0557
vn -0.9307 -0.3648 0.0268
vn -0.9830 -0.1493 0.1073
vn -0.9632 -0.1721 0.2062
vn -0.9307 -0.1962 0.3088
vn -0.8821 -0.1837 0.4337
vn -0.8358 -0.3581 0.4161
vn -0.8299 -0.4276 0.3583
vn -0.8162 -0.4986 0.2921
vn -0.7942 -0.5668 0.2189
vn -0.1177 -0.4239 0.8980
vn -0.1198 -0.5253 0.8424
vn 0.0169 -0.4887 0.8723
vn -0.0007 -0.7310 0.6823
vn -0.0062 -0.6519 0.7583
vn -0.1143 -0.7319 0.6717
vn -0.1123 -0.6309 0.7677
vn 0.0141 -0.5633 0.8261
vn -0.1027 -0.8911 0.4420
vn -0.0097 -0.9153 0.4026
vn -0.1074 -0.8195 0.5630
vn -0.1724 -0.9808 0.0909
vn -0.0851 -0.9729 0.2149
vn -0.1903 -0.9604 0.2037
vn -0.0967 -0.9425 0.3199
vn -0.2066 -0.9273 0.3121
vn -0.2230 -0.8755 0.4288
vn -0.2375 -0.8036 0.5457
vn -0.2485 -0.7145 0.6540
vn -0.2550 -0.6143 0.7467
vn -0.2570 -0.5111 0.8202
vn -0.2551 -0.4118 0.8748
vn -0.1155 -0.3284 0.9375
vn -0.2504 -0.3212 0.9133
vn -0.2429 -0.2258 0.9434
vn -0.2280 -0.1225 0.9659
vn 0.0283 -0.9480 0.3171
vn 0.0182 -0.9252 0.3791
vn -0.0030 -0.8718 0.4899
vn 0.0087 -0.8130 0.5823
vn -0.6971 -0.7168 -0.0144
vn -0.7359 -0.6746 0.0574
vn -0.7650 -0.6280 0.1427
vn -0.0092 -0.4674 0.8840
vn -0.0121 -0.4063 0.9136
vn 0.0080 -0.3208 0.9471
vn -0.9842 0.1759 0.0212
vn -0.9982 -0.0465 -0.0373
vn -0.9966 -0.0695 -0.0453
vn -0.9787 -0.1983 -0.0525
vn -0.9654 -0.2435 -0.0928
vn -0.9458 -0.3196 -0.0575
vn -0.9216 -0.3704 -0.1160
vn -0.8997 -0.4333 -0.0530
vn -0.8645 -0.4861 -0.1276
vn -0.8421 -0.5378 -0.0407
vn -0.7975 -0.5892 -0.1292
vn -0.7750 -0.6315 -0.0234
vn -0.7237 -0.6791 -0.1231
vn -0.6982 -0.6930 -0.1797
vn -0.7742 -0.6075 -0.1775
vn -0.8447 -0.5085 -0.1669
vn -0.9064 -0.3963 -0.1461
vn -0.9555 -0.2722 -0.1138
vn -0.9879 -0.1390 -0.0695
vn -0.9999 0.0101 -0.0014
vn -0.6452 -0.7559 -0.1114
vn -0.6191 -0.7655 -0.1755
vn -0.7690 -0.3402 0.5412
vn -0.7688 -0.4144 0.4870
vn -0.7611 -0.4923 0.4223
vn -0.7446 -0.5699 0.3476
vn -0.7194 -0.6420 0.2651
vn -0.6873 -0.7039 0.1793
vn -0.6514 -0.7527 0.0954
vn -0.6073 -0.7945 0.0029
vn -0.5640 -0.8201 -0.0962
vn -0.5387 -0.8258 -0.1670
vn -0.5398 -0.1022 0.8356
vn -0.5689 -0.1865 0.8010
vn -0.5836 -0.2660 0.7672
vn -0.5932 -0.3413 0.7291
vn -0.6899 -0.3846 0.6133
vn -0.5980 -0.4251 0.6795
vn -0.6889 -0.4670 0.5544
vn -0.5961 -0.5147 0.6162
vn -0.6796 -0.5521 0.4830
vn -0.5861 -0.6055 0.5384
vn -0.6613 -0.6346 0.4000
vn -0.5672 -0.6913 0.4476
vn -0.6343 -0.7087 0.3088
vn -0.5403 -0.7660 0.3483
vn -0.6010 -0.7699 0.2147
vn -0.5081 -0.8252 0.2468
vn -0.5650 -0.8157 0.1238
vn -0.4743 -0.8675 0.1499
vn -0.5222 -0.8524 0.0253
vn -0.4352 -0.8991 0.0463
vn -0.4817 -0.8727 -0.0797
vn -0.3993 -0.9146 -0.0633
vn -0.4584 -0.8750 -0.1561
vn -0.3788 -0.9141 -0.1443
vn -0.4427 -0.1105 0.8898
vn -0.4688 -0.2025 0.8598
vn -0.4819 -0.2886 0.8274
vn -0.4903 -0.3702 0.7890
vn -0.4941 -0.4605 0.7374
vn -0.4918 -0.5560 0.6701
vn -0.4818 -0.6511 0.5864
vn -0.4639 -0.7389 0.4886
vn -0.4392 -0.8131 0.3821
vn -0.4104 -0.8697 0.2743
vn -0.3808 -0.9084 0.1725
vn -0.3474 -0.9355 0.0648
vn -0.3175 -0.9470 -0.0484
vn -0.3006 -0.9444 -0.1331
vn -0.2368 -0.9709 -0.0360
vn -0.2597 -0.9624 0.0799
vn -0.2859 -0.9391 0.1906
vn -0.3095 -0.9036 0.2963
vn -0.3329 -0.8496 0.4092
vn -0.3534 -0.7765 0.5216
vn -0.3686 -0.6877 0.6254
vn -0.3774 -0.5895 0.7142
vn -0.3798 -0.4895 0.7850
vn -0.3769 -0.3940 0.8383
vn -0.3702 -0.3072 0.8767
vn -0.3595 -0.2158 0.9078
vn -0.3383 -0.1174 0.9337
vn -0.1484 -0.9821 -0.1162
vn -0.0742 -0.9911 -0.1109
vn -0.0754 -0.9969 -0.0209
vn -0.2238 -0.9668 -0.1235
vn -0.1570 -0.9872 -0.0268
vn -0.0828 -0.9917 0.0988
vn -0.0157 -0.9982 -0.0570
vn -0.0642 -0.9975 -0.0286
vn -0.0108 -0.9983 0.0567
vn -0.9984 -0.0527 -0.0186
vn -0.9968 -0.0769 -0.0216
vn -0.9812 -0.1799 -0.0700
vn -0.9811 -0.1869 -0.0509
vn -0.9494 -0.2956 -0.1064
vn -0.9529 -0.2936 -0.0760
vn -0.9047 -0.4043 -0.1347
vn -0.9134 -0.3953 -0.0966
vn -0.8495 -0.5043 -0.1552
vn -0.8639 -0.4909 -0.1126
vn -0.7861 -0.5947 -0.1684
vn -0.8057 -0.5792 -0.1240
vn -0.7166 -0.6751 -0.1752
vn -0.7404 -0.6592 -0.1313
vn -0.6427 -0.7455 -0.1768
vn -0.6690 -0.7309 -0.1349
vn -0.5655 -0.8061 -0.1744
vn -0.5929 -0.7938 -0.1356
vn -0.4864 -0.8572 -0.1693
vn -0.5132 -0.8477 -0.1341
vn -0.4059 -0.8993 -0.1628
vn -0.4307 -0.8929 -0.1313
vn -0.3248 -0.9328 -0.1560
vn -0.3462 -0.9294 -0.1278
vn -0.2436 -0.9582 -0.1498
vn -0.2606 -0.9574 -0.1244
vn -0.1624 -0.9760 -0.1450
vn -0.1742 -0.9772 -0.1216
vn -0.0932 -0.9889 -0.1157
vn -0.9960 -0.0881 -0.0145
vn -0.9811 -0.1912 -0.0314
vn -0.9554 -0.2916 -0.0462
vn -0.9196 -0.3884 -0.0586
vn -0.8743 -0.4805 -0.0686
vn -0.8203 -0.5668 -0.0762
vn -0.7586 -0.6464 -0.0814
vn -0.6900 -0.7189 -0.0845
vn -0.6155 -0.7835 -0.0859
vn -0.5360 -0.8399 -0.0858
vn -0.4523 -0.8878 -0.0848
vn -0.3654 -0.9271 -0.0833
vn -0.2761 -0.9577 -0.0817
vn -0.1851 -0.9794 -0.0803
vn -0.1018 -0.9913 -0.0830
vn 0.0128 -0.9983 -0.0568
vn 0.0006 -0.9951 -0.0987
vn 0.1486 -0.9843 -0.0950
vn 0.0114 -0.9958 -0.0905
vn -0.0009 0.7777 0.6286
vn 0.0011 0.7544 0.6565
vn -0.0239 0.7560 0.6542
vn 0.0010 0.7359 0.6771
vn -0.0336 0.7499 0.6607
vn 0.0006 0.7540 0.6569
vn 0.0006 0.7783 0.6278
vn -0.0385 0.7857 0.6174
vn 0.0005 0.8230 0.5681
vn -0.3313 0.7566 0.5637
vn -0.2827 0.7969 0.5339
vn -0.3934 0.7444 0.5396
vn -0.9843 0.1688 0.0520
vn -0.8886 0.4198 0.1849
vn -0.8880 0.4388 0.1373
vn -0.7233 0.6087 0.3261
vn -0.7257 0.6341 0.2669
vn -0.5490 0.7096 0.4416
vn -0.5297 0.7511 0.3941
vn -0.4293 0.7472 0.5073
vn -0.3830 0.7897 0.4792
vn -0.3487 0.7629 0.5444
vn -0.3882 0.7601 0.5211
vn -0.4632 0.7390 0.4891
vn -0.4791 0.7239 0.4964
vn -0.5428 0.7082 0.4515
vn -0.5833 0.6802 0.4439
vn -0.6258 0.6641 0.4091
vn -0.6988 0.6121 0.3700
vn -0.7459 0.5748 0.3364
vn -0.7891 0.5349 0.3021
vn -0.8538 0.4547 0.2534
vn -0.9001 0.3879 0.1983
vn -0.9235 0.3420 0.1735
vn -0.9647 0.2346 0.1196
vn -0.9867 0.1537 0.0522
vn -0.9962 0.0805 0.0339
vn -0.0575 0.8453 0.5312
vn 0.0004 0.8610 0.5087
vn 0.0003 0.9054 0.4245
vn -0.0731 0.9099 0.4083
vn 0.0006 0.9391 0.3437
vn -0.1485 0.9021 0.4051
vn -0.1196 0.8413 0.5272
vn -0.1823 0.8362 0.5173
vn -0.1425 0.7867 0.6007
vn -0.1963 0.7852 0.5873
vn -0.1549 0.7604 0.6307
vn -0.2059 0.7632 0.6124
vn -0.1560 0.7870 0.5970
vn -0.2127 0.7928 0.5712
vn -0.2639 0.8533 0.4498
vn -0.9993 0.0344 0.0113
vn -0.9978 0.0613 0.0241
vn -0.9884 0.1445 0.0467
vn -0.9807 0.1807 0.0751
vn -0.9642 0.2514 0.0838
vn -0.9472 0.2935 0.1290
vn -0.9276 0.3532 0.1216
vn -0.8992 0.3976 0.1829
vn -0.8799 0.4478 0.1592
vn -0.8392 0.4905 0.2348
vn -0.8226 0.5339 0.1958
vn -0.7704 0.5710 0.2836
vn -0.7576 0.6107 0.2306
vn -0.6957 0.6388 0.3285
vn -0.6869 0.6774 0.2632
vn -0.6182 0.6941 0.3689
vn -0.6122 0.7344 0.2932
vn -0.5399 0.7381 0.4047
vn -0.5350 0.7818 0.3203
vn -0.4627 0.7719 0.4359
vn -0.4568 0.8203 0.3442
vn -0.3878 0.7972 0.4627
vn -0.3786 0.8506 0.3648
vn -0.3161 0.8153 0.4851
vn -0.3010 0.8738 0.3819
vn -0.2477 0.8279 0.5032
vn -0.2243 0.8907 0.3954
vn -0.9999 0.0160 0.0044
vn -0.9925 0.1196 0.0247
vn -0.9741 0.2214 0.0461
vn -0.9449 0.3202 0.0683
vn -0.9055 0.4145 0.0906
vn -0.8919 0.4468 0.0699
vn -0.1125 0.0345 -0.9931
vn -0.0073 0.0222 -0.9997
vn -0.0027 0.0532 -0.9986
vn -0.1084 0.1471 -0.9832
vn -0.1465 0.0353 -0.9886
vn -0.1492 -0.0053 -0.9888
vn -0.2031 0.1438 -0.9685
vn -0.2195 0.0559 -0.9740
vn -0.0032 0.1774 -0.9841
vn -0.1126 0.4028 -0.9083
vn -0.0032 0.2796 -0.9601
vn -0.0033 0.4840 -0.8751
vn -0.3895 0.1313 -0.9116
vn -0.3453 -0.0004 -0.9385
vn -0.2983 0.1396 -0.9442
vn -0.3019 0.0279 -0.9529
vn -0.2419 0.0415 -0.9694
vn -0.4781 0.1230 -0.8696
vn -0.4341 0.0261 -0.9005
vn -0.3839 0.0201 -0.9231
vn -0.6380 0.0343 -0.7693
vn -0.6410 0.0122 -0.7675
vn -0.5907 0.0165 -0.8068
vn -0.6405 0.0309 -0.7674
vn -0.5671 0.1226 -0.8144
vn -0.6381 0.1239 -0.7599
vn -0.7149 0.0107 -0.6991
vn -0.7125 0.0064 -0.7017
vn -0.7089 0.0312 -0.7046
vn -0.6729 0.0103 -0.7396
vn -0.5611 0.0131 -0.8276
vn -0.5565 0.0082 -0.8308
vn -0.5035 0.0446 -0.8629
vn -0.4774 0.0249 -0.8783
vn -0.2097 0.3959 -0.8940
vn -0.3084 0.3802 -0.8720
vn -0.4024 0.3596 -0.8419
vn -0.4905 0.3352 -0.8044
vn -0.5719 0.3084 -0.7601
vn -0.6425 0.2659 -0.7187
vn -0.0032 0.6192 -0.7852
vn -0.1091 0.7326 -0.6718
vn -0.2057 0.7129 -0.6704
vn -0.3043 0.6814 -0.6657
vn -0.3994 0.6399 -0.6565
vn -0.4893 0.5911 -0.6413
vn -0.5880 0.5229 -0.6171
vn -0.0030 0.7944 -0.6073
vn -0.0027 0.9064 -0.4224
vn -0.0954 0.9427 -0.3198
vn -0.0023 0.9798 -0.2002
vn -0.0017 0.9999 -0.0109
vn -0.0707 0.9953 0.0660
vn -0.0011 0.9707 0.2403
vn -0.0005 0.9086 0.4177
vn -0.0001 0.8647 0.5022
vn -0.0301 0.8111 0.5841
vn -0.0012 0.7777 0.6287
vn -0.0553 0.9132 0.4037
vn -0.0756 0.9187 0.3876
vn -0.1241 0.9248 0.3595
vn -0.0493 0.8170 0.5745
vn -0.1264 0.9910 0.0447
vn -0.1980 0.9801 0.0120
vn -0.2963 0.9543 -0.0402
vn -0.1768 0.9253 -0.3356
vn -0.2674 0.8950 -0.3570
vn -0.3604 0.8515 -0.3808
vn -0.4532 0.7956 -0.4021
vn -0.5510 0.7280 -0.4079
vn -0.0457 0.7597 0.6487
vn -0.0825 0.8268 0.5564
vn -0.1882 0.9264 0.3260
vn -0.3213 0.9413 0.1033
vn -0.3918 0.9085 -0.1450
vn -0.4015 0.9153 0.0315
vn -0.4698 0.8640 -0.1809
vn -0.3113 0.9102 0.2732
vn -0.2360 0.9158 0.3249
vn -0.1789 0.8490 0.4972
vn -0.1249 0.8383 0.5307
vn -0.1112 0.7771 0.6195
vn -0.0750 0.7675 0.6366
vn -0.1101 0.7565 0.6447
vn -0.0701 0.7528 0.6545
vn -0.0924 0.7869 0.6101
vn -0.4399 0.8867 0.1423
vn -0.6919 0.5955 -0.4082
vn -0.5380 0.8332 -0.1281
vn -0.6477 0.7337 -0.2054
vn -0.7206 0.4166 -0.5543
vn -0.7474 0.0077 -0.6643
vn -0.7728 0.0280 -0.6340
vn -0.7821 0.0091 -0.6231
vn -0.7831 0.0029 -0.6219
vn -0.8292 0.0246 -0.5583
vn -0.8103 0.0019 -0.5860
vn -0.8780 0.0212 -0.4781
vn -0.8686 0.0037 -0.4956
vn -0.8415 0.0071 -0.5402
vn -0.9141 0.0082 -0.4055
vn -0.8958 0.0093 -0.4444
vn -0.8929 0.0030 -0.4502
vn -0.7072 0.1133 -0.6979
vn -0.7660 0.0962 -0.6357
vn -0.8255 0.0922 -0.5568
vn -0.8290 0.3453 -0.4399
vn -0.8253 0.1853 -0.5334
vn -0.7239 0.2404 -0.6466
vn -0.8690 0.0761 -0.4889
vn -0.9787 0.0025 -0.2052
vn -0.9999 -0.0063 0.0156
vn -0.9985 -0.0067 -0.0541
vn -0.9919 0.0092 -0.1264
vn -0.9985 -0.0067 -0.0540
vn -0.9946 -0.0016 -0.1037
vn -0.9695 -0.0072 0.2449
vn -0.9854 -0.0002 0.1701
vn -0.9973 0.0008 0.0741
vn -0.9971 -0.0152 0.0744
vn -0.9065 0.2441 -0.3444
vn -0.9089 0.1348 -0.3947
vn -0.9175 0.0640 -0.3926
vn -0.9667 0.0446 -0.2522
vn -0.9769 0.0142 -0.2132
vn -0.9878 -0.0010 -0.1555
vn -0.9864 0.0334 -0.1608
vn -0.9933 0.0469 -0.1053
vn -0.9996 0.0225 -0.0189
vn -0.9975 0.0008 0.0705
vn -0.9997 0.0015 0.0229
vn -0.9905 0.1069 -0.0864
vn -0.9566 0.2336 -0.1742
vn -0.8974 0.3729 -0.2359
vn -0.8198 0.5114 -0.2576
vn -0.7193 0.6549 -0.2319
vn -0.6491 0.7604 0.0196
vn -0.5350 0.8397 0.0935
vn -0.4356 0.8313 0.3452
vn -0.9272 -0.0360 0.3729
vn -0.9709 -0.0469 0.2350
vn -0.9931 -0.0397 0.1100
vn -1.0000 0.0089 0.0029
vn -1.0000 -0.0005 -0.0099
vn -0.9877 0.1454 -0.0576
vn -0.9840 0.1777 -0.0155
vn -0.9449 0.3163 -0.0843
vn -0.9227 0.3848 0.0250
vn -0.8622 0.5015 -0.0713
vn -0.8006 0.5891 0.1099
vn -0.7503 0.6609 -0.0148
vn -0.6357 0.7397 0.2206
vn -0.9583 -0.0242 0.2847
vn -0.9883 -0.0234 0.1504
vn -0.0174 -0.9927 0.1196
vn 0.0008 -0.9776 0.2107
vn 0.9705 0.0016 0.2412
vn 0.9896 0.0033 0.1441
vn 0.9660 -0.0048 0.2585
vn 0.9079 -0.0069 0.4190
vn 0.9444 -0.0047 0.3288
vn 0.9030 -0.0028 0.4296
vn 0.3078 -0.0054 0.9514
vn 0.2277 -0.0012 0.9737
vn 0.3211 -0.0375 0.9463
vn 0.1081 -0.0434 0.9932
vn 1.0000 -0.0077 -0.0050
vn 0.9854 0.1619 0.0537
vn 0.9883 0.1486 0.0349
vn 0.7104 0.5997 0.3683
vn 0.6286 0.6652 0.4029
vn 0.5973 0.6747 0.4336
vn 0.9007 0.4000 0.1695
vn 0.8920 0.4079 0.1949
vn 0.7599 0.5648 0.3218
vn 0.7301 0.6061 0.3157
vn 0.7326 0.6308 0.2555
vn 0.8935 0.4317 0.1235
vn 0.1257 0.9255 0.3573
vn 0.1876 0.9289 0.3193
vn 0.1270 0.8389 0.5292
vn 0.6044 0.7928 -0.0788
vn 0.6632 0.7014 -0.2612
vn 0.8042 0.5116 -0.3025
vn 0.9405 0.0038 -0.3399
vn 0.9583 0.0094 -0.2857
vn 0.9470 0.0087 -0.3212
vn 0.9788 -0.2043 -0.0114
vn 0.9866 -0.1626 -0.0104
vn 0.9814 -0.1916 -0.0157
vn 0.9926 -0.1217 -0.0045
vn 0.9980 -0.0627 -0.0058
vn 0.9954 -0.0949 -0.0098
vn 0.3659 0.9031 0.2249
vn 0.3528 0.9095 0.2201
vn 0.3386 0.8997 0.2756
vn 0.6143 0.0199 -0.7888
vn 0.6153 0.0185 -0.7880
vn 0.6367 0.1128 -0.7628
vn 0.7609 0.0058 -0.6489
vn 0.7649 0.0128 -0.6441
vn 0.7689 0.0326 -0.6386
vn 0.7915 0.0100 -0.6111
vn 0.7270 0.0050 -0.6866
vn 0.7051 0.0347 -0.7083
vn 0.6884 0.0070 -0.7253
vn 0.6613 0.0178 -0.7499
vn 0.5287 0.0166 -0.8486
vn 0.5322 0.0222 -0.8463
vn 0.5548 0.1176 -0.8236
vn 0.5770 0.0238 -0.8164
vn 0.3967 0.0250 -0.9176
vn 0.4441 0.0280 -0.8955
vn 0.4727 0.1257 -0.8722
vn 0.4899 0.0196 -0.8716
vn 0.3845 0.1326 -0.9136
vn 0.3497 0.0250 -0.9365
vn 0.2917 0.1388 -0.9464
vn 0.2558 0.0376 -0.9660
vn 0.2902 0.0330 -0.9564
vn 0.1962 0.1435 -0.9700
vn 0.1950 0.0398 -0.9800
vn 0.2456 -0.0079 -0.9693
vn 0.0367 0.9140 0.4041
vn 0.0405 0.9412 0.3355
vn 0.0818 0.9508 0.2989
vn 0.0898 0.9693 0.2290
vn 0.1845 0.9502 0.2510
vn 0.1577 0.9571 0.2429
vn 0.1685 0.9397 0.2977
vn 0.1278 0.9384 0.3211
vn 0.1176 0.9461 0.3018
vn 0.2165 0.9341 0.2838
vn 0.2537 0.9236 0.2875
vn 0.2499 0.9404 0.2307
vn 0.3379 0.9134 0.2271
vn 0.3054 0.9171 0.2562
vn 0.2771 0.9302 0.2408
vn 0.4241 0.8683 0.2572
vn 0.4240 0.8813 0.2088
vn 0.3968 0.8879 0.2326
vn 0.3897 0.8867 0.2486
vn 0.4871 0.8419 0.2321
vn 0.5050 0.8409 0.1944
vn 0.5041 0.8312 0.2345
vn 0.5325 0.8266 0.1821
vn 0.5440 0.8183 0.1856
vn 0.4700 0.8560 0.2152
vn 0.4657 0.8592 0.2117
vn 0.4577 0.8647 0.2071
vn 0.4425 0.8733 0.2040
vn 0.4345 0.8772 0.2041
vn 0.6154 0.7718 0.1602
vn 0.6045 0.7800 0.1621
vn 0.5847 0.7823 0.2147
vn 0.5744 0.7983 0.1813
vn 0.5650 0.8007 0.1991
vn 0.7144 0.6850 0.1432
vn 0.6802 0.7196 0.1399
vn 0.6632 0.7239 0.1898
vn 0.6446 0.7481 0.1576
vn 0.6260 0.7627 0.1627
vn 0.7339 0.6590 0.1643
vn 0.7630 0.6363 0.1137
vn 0.7387 0.6617 0.1283
vn 0.8399 0.5341 0.0964
vn 0.8252 0.5571 0.0928
vn 0.7989 0.5850 0.1397
vn 0.8045 0.5844 0.1063
vn 0.7801 0.6142 0.1187
vn 0.8618 0.4999 0.0853
vn 0.8561 0.5037 0.1159
vn 0.8791 0.4710 0.0730
vn 0.9057 0.4140 0.0913
vn 0.9009 0.4275 0.0749
vn 0.8903 0.4491 0.0755
vn 0.9259 0.3776 -0.0086
vn 0.9264 0.3641 -0.0958
vn 0.8984 0.4218 0.1220
vn 0.9431 0.3301 0.0404
vn 0.9536 0.2993 0.0315
vn 0.9627 0.2706 -0.0069
vn 0.9737 0.2272 0.0179
vn 0.9787 0.2041 0.0233
vn 0.9850 0.1725 -0.0030
vn 0.9904 0.1376 0.0103
vn 0.9942 0.1068 0.0161
vn 0.9948 0.1022 0.0043
vn 0.9976 0.0694 0.0041
vn 1.0000 0.0038 0.0013
vn 0.9995 0.0317 -0.0066
vn 0.9997 -0.0231 0.0020
vn 0.9366 -0.3499 -0.0210
vn 0.9525 -0.3038 -0.0219
vn 0.9568 -0.2901 -0.0213
vn 0.9639 -0.2659 -0.0134
vn 0.9229 -0.3840 -0.0274
vn 0.9177 -0.3966 -0.0242
vn 0.8555 -0.5172 -0.0233
vn 0.8736 -0.4859 -0.0261
vn 0.8799 -0.4740 -0.0324
vn 0.8971 -0.4412 -0.0235
vn 0.8247 -0.5651 -0.0223
vn 0.8374 -0.5461 -0.0226
vn 0.8284 -0.5590 -0.0359
vn 0.7662 -0.6422 -0.0234
vn 0.7820 -0.6229 -0.0239
vn 0.7689 -0.6382 -0.0386
vn 0.7975 -0.6029 -0.0224
vn 0.6988 -0.7149 -0.0240
vn 0.7166 -0.6970 -0.0246
vn 0.7021 -0.7109 -0.0405
vn 0.7340 -0.6787 -0.0233
vn 0.6261 -0.7794 -0.0242
vn 0.6439 -0.7647 -0.0249
vn 0.6287 -0.7765 -0.0414
vn 0.6631 -0.7482 -0.0237
vn 0.5519 -0.8336 -0.0241
vn 0.5723 -0.8197 -0.0242
vn 0.5496 -0.8344 -0.0416
vn 0.5908 -0.8065 -0.0235
vn 0.4669 -0.8840 -0.0238
vn 0.4888 -0.8721 -0.0239
vn 0.4655 -0.8841 -0.0413
vn 0.5102 -0.8598 -0.0236
vn 0.3772 -0.9259 -0.0233
vn 0.4002 -0.9161 -0.0235
vn 0.3773 -0.9252 -0.0407
vn 0.4227 -0.9060 -0.0232
vn 0.2428 -0.9699 -0.0195
vn 0.2686 -0.9630 -0.0230
vn 0.2853 -0.9576 -0.0404
vn 0.2904 -0.9566 -0.0228
vn 0.3330 -0.9427 -0.0225
vn 0.0908 -0.9958 -0.0069
vn 0.1866 -0.9822 -0.0200
vn 0.1917 -0.9806 -0.0405
vn 0.0613 -0.9980 -0.0158
vn 0.1136 -0.9929 -0.0356
vn 0.9698 0.0079 -0.2438
vn 0.9748 0.0160 -0.2226
vn 0.9639 0.0398 -0.2633
vn 0.9815 0.0019 -0.1917
vn 0.9901 0.0007 -0.1403
vn 0.9924 0.0402 -0.1165
vn 0.9846 0.0234 -0.1731
vn 0.9968 0.0204 -0.0773
vn 0.9913 0.0128 -0.1312
vn 0.9991 0.0071 -0.0419
vn 0.9218 0.0066 -0.3875
vn 0.9178 0.0163 -0.3966
vn 0.8718 -0.0039 -0.4898
vn 0.8777 0.0087 -0.4792
vn 0.8749 0.0268 -0.4835
vn 0.9007 0.0056 -0.4344
vn 0.8266 0.0301 -0.5620
vn 0.8535 -0.0050 -0.5210
vn 0.8249 0.0099 -0.5651
vn 0.9061 0.1333 -0.4016
vn 0.8622 0.0641 -0.5026
vn 0.9164 0.0592 -0.3958
vn 0.8227 0.1850 -0.5375
vn 0.7559 0.0822 -0.6496
vn 0.8222 0.0816 -0.5633
vn 0.9627 0.0890 -0.2557
vn 0.9919 0.0660 -0.1087
vn 0.9596 0.1516 -0.2370
vn 0.9046 0.2403 -0.3521
vn 0.8232 0.3412 -0.4537
vn 0.1005 0.1474 -0.9840
vn 0.0664 0.0813 -0.9945
vn 0.0786 0.1460 -0.9862
vn 0.7163 0.4151 -0.5609
vn 0.6265 0.2445 -0.7401
vn 0.7235 0.2373 -0.6482
vn 0.7044 0.1065 -0.7018
vn 0.5561 0.7178 -0.4191
vn 0.5872 0.5238 -0.6171
vn 0.5736 0.2933 -0.7648
vn 0.1998 0.7126 -0.6725
vn 0.1057 0.4021 -0.9095
vn 0.2031 0.3942 -0.8963
vn 0.0471 -0.0560 -0.9973
vn 0.4994 0.8445 -0.1935
vn 0.6986 0.5769 -0.4233
vn 0.4845 0.3318 -0.8094
vn 0.3961 0.3566 -0.8461
vn 0.4844 0.5893 -0.6466
vn 0.3941 0.6388 -0.6608
vn 0.4497 0.7946 -0.4079
vn 0.3564 0.8511 -0.3855
vn 0.3838 0.9115 -0.1475
vn 0.2913 0.9555 -0.0471
vn 0.2630 0.8949 -0.3605
vn 0.2987 0.6807 -0.6689
vn 0.3020 0.3778 -0.8753
vn 0.0772 0.9191 0.3864
vn 0.0581 0.9134 0.4028
vn 0.0703 0.9955 0.0631
vn 0.2002 0.9798 0.0020
vn 0.1266 0.9912 0.0379
vn 0.1721 0.9253 -0.3379
vn 0.0905 0.9427 -0.3210
vn 0.1031 0.7325 -0.6730
vn 0.3115 0.9449 0.1006
vn 0.4259 0.9041 0.0348
vn 0.3494 0.9032 0.2493
vn 0.2444 0.9192 0.3089
vn 0.2618 0.8510 0.4552
vn 0.1812 0.8498 0.4949
vn 0.3459 0.7993 0.4915
vn 0.4198 0.8369 0.3512
vn 0.5318 0.8379 0.1227
vn 0.7731 0.6153 -0.1542
vn 0.8968 0.3678 -0.2459
vn 0.0348 0.8105 0.5847
vn 0.0516 0.8173 0.5740
vn 0.0847 0.8272 0.5554
vn 0.9859 0.1674 0.0073
vn 0.9571 0.2589 0.1303
vn 0.9149 0.3617 0.1794
vn 0.8633 0.4387 0.2495
vn 0.7770 0.5495 0.3071
vn 0.4879 0.7256 0.4852
vn 0.4521 0.7650 0.4587
vn 0.5453 0.7099 0.4457
vn 0.5367 0.7504 0.3857
vn 0.5460 0.7083 0.4474
vn 0.0362 0.7495 0.6610
vn 0.4064 0.7465 0.5269
vn 0.4662 0.7394 0.4857
vn 0.3320 0.7582 0.5612
vn 0.3910 0.7607 0.5182
vn 0.2659 0.7627 0.5896
vn 0.3213 0.7741 0.5454
vn 0.2078 0.7625 0.6127
vn 0.2572 0.7819 0.5678
vn 0.1570 0.7598 0.6310
vn 0.1986 0.7857 0.5858
vn 0.1124 0.7560 0.6449
vn 0.1447 0.7871 0.5996
vn 0.0726 0.7525 0.6546
vn 0.0946 0.7872 0.6094
vn 0.0412 0.7859 0.6170
vn 0.0285 0.7576 0.6521
vn 0.0483 0.7604 0.6476
vn 0.0776 0.7686 0.6350
vn 0.1136 0.7786 0.6172
vn 0.1586 0.7888 0.5939
vn 0.2140 0.7971 0.5647
vn 0.2787 0.7879 0.5491
vn 0.0597 0.8454 0.5308
vn 0.0744 0.9101 0.4077
vn 0.1499 0.9021 0.4046
vn 0.1215 0.8414 0.5265
vn 0.2255 0.8907 0.3948
vn 0.1842 0.8364 0.5163
vn 0.3020 0.8738 0.3811
vn 0.2495 0.8282 0.5019
vn 0.3795 0.8506 0.3638
vn 0.3179 0.8156 0.4834
vn 0.4576 0.8203 0.3430
vn 0.3896 0.7975 0.4607
vn 0.5357 0.7818 0.3190
vn 0.4644 0.7722 0.4336
vn 0.6128 0.7344 0.2917
vn 0.5417 0.7382 0.4020
vn 0.0722 -0.9911 -0.1120
vn 0.0774 -0.9967 -0.0229
vn 0.0835 -0.9862 -0.1427
vn 0.8408 -0.5390 -0.0493
vn 0.7747 -0.6315 -0.0323
vn 0.7225 -0.6791 -0.1296
vn 0.9437 -0.3236 -0.0684
vn 0.8979 -0.4357 -0.0626
vn 0.8625 -0.4874 -0.1359
vn 0.9968 -0.0603 -0.0529
vn 0.9767 -0.2044 -0.0649
vn 0.9633 -0.2476 -0.1038
vn 0.0925 -0.9888 -0.1175
vn 0.1003 -0.9914 -0.0846
vn 0.0880 -0.9742 0.2079
vn 0.0825 -0.9916 0.0994
vn 0.1751 -0.9804 0.0905
vn 0.1579 -0.9870 -0.0284
vn 0.1484 -0.9819 -0.1175
vn 0.1618 -0.9758 -0.1469
vn 0.1738 -0.9771 -0.1228
vn 0.1848 -0.9794 -0.0811
vn 0.6874 0.6775 0.2616
vn 0.6199 0.6942 0.3659
vn 0.7580 0.6108 0.2289
vn 0.6973 0.6387 0.3252
vn 0.8229 0.5341 0.1940
vn 0.7719 0.5707 0.2802
vn 0.8801 0.4479 0.1574
vn 0.8405 0.4900 0.2311
vn 0.9278 0.3534 0.1198
vn 0.9001 0.3971 0.1791
vn 0.9643 0.2518 0.0820
vn 0.9478 0.2931 0.1252
vn 0.9884 0.1448 0.0448
vn 0.9810 0.1800 0.0720
vn 0.9994 0.0347 0.0093
vn 0.9978 0.0626 0.0215
vn 0.9968 -0.0766 -0.0236
vn 0.9978 -0.0595 -0.0290
vn 0.8743 -0.4803 -0.0701
vn 0.8202 -0.5667 -0.0778
vn 0.8636 -0.4908 -0.1154
vn 0.8053 -0.5791 -0.1270
vn 0.8483 -0.5047 -0.1602
vn 0.7848 -0.5950 -0.1736
vn 0.8429 -0.5093 -0.1738
vn 0.7726 -0.6078 -0.1836
vn 0.7960 -0.5897 -0.1366
vn 0.6968 -0.6930 -0.1850
vn 0.7152 -0.6752 -0.1804
vn 0.7399 -0.6592 -0.1343
vn 0.7585 -0.6464 -0.0832
vn 0.9193 -0.3729 -0.1255
vn 0.9046 -0.3976 -0.1539
vn 0.9038 -0.4047 -0.1393
vn 0.9132 -0.3952 -0.0993
vn 0.9196 -0.3882 -0.0599
vn 0.9555 -0.2913 -0.0473
vn 0.9528 -0.2934 -0.0785
vn 0.9488 -0.2960 -0.1104
vn 0.9539 -0.2741 -0.1225
vn 0.9946 -0.0818 -0.0644
vn 0.9914 -0.1137 -0.0654
vn 0.9809 -0.1802 -0.0734
vn 0.9810 -0.1867 -0.0531
vn 0.9811 -0.1908 -0.0323
vn 0.9448 0.3206 0.0678
vn 0.9740 0.2219 0.0456
vn 0.9925 0.1200 0.0241
vn 0.9999 0.0164 0.0037
vn 0.9960 -0.0877 -0.0152
vn 0.1152 -0.1256 0.9854
vn 0.0699 -0.0010 0.9976
vn 0.1503 -0.0082 0.9886
vn 0.2198 -0.0060 0.9755
vn 0.2254 0.0034 0.9743
vn 0.2166 -0.0379 0.9755
vn 0.3910 -0.0024 0.9204
vn 0.4778 0.0102 0.8784
vn 0.3927 0.0018 0.9197
vn 0.4171 -0.0343 0.9082
vn 0.1287 -0.2331 0.9639
vn 0.1276 -0.4235 0.8969
vn 0.5144 -0.0316 0.8570
vn 0.5426 0.0104 0.8400
vn 0.6246 0.0110 0.7809
vn 0.5500 -0.0004 0.8352
vn 0.5952 -0.0273 0.8031
vn 0.5500 -0.0001 0.8351
vn 0.6909 0.0013 0.7229
vn 0.6819 0.0138 0.7313
vn 0.6798 -0.0219 0.7331
vn 0.6334 -0.0936 0.7681
vn 0.7122 -0.0832 0.6970
vn 0.6633 -0.1728 0.7281
vn 0.7464 -0.1617 0.6456
vn 0.7681 -0.2641 0.5833
vn 0.6828 -0.2415 0.6895
vn 0.5752 -0.1913 0.7953
vn 0.5453 -0.1029 0.8319
vn 0.1239 -0.6324 0.7646
vn 0.1076 -0.8914 0.4403
vn 0.1005 -0.9414 0.3219
vn 0.2108 -0.9272 0.3097
vn 0.1937 -0.9601 0.2016
vn 0.2890 -0.9388 0.1874
vn 0.2626 -0.9616 0.0791
vn 0.3505 -0.9344 0.0637
vn 0.2375 -0.9706 -0.0383
vn 0.3181 -0.9467 -0.0515
vn 0.2237 -0.9665 -0.1254
vn 0.3003 -0.9441 -0.1356
vn 0.2429 -0.9580 -0.1525
vn 0.3240 -0.9325 -0.1595
vn 0.2602 -0.9573 -0.1261
vn 0.3458 -0.9293 -0.1300
vn 0.2758 -0.9576 -0.0829
vn 0.3651 -0.9271 -0.0848
vn 0.1261 -0.7287 0.6731
vn 0.1129 -0.8234 0.5561
vn 0.2434 -0.8037 0.5429
vn 0.2281 -0.8754 0.4261
vn 0.3376 -0.8496 0.4053
vn 0.3133 -0.9034 0.2927
vn 0.4137 -0.8696 0.2696
vn 0.3835 -0.9081 0.1682
vn 0.4763 -0.8673 0.1447
vn 0.4383 -0.8977 0.0446
vn 0.5252 -0.8507 0.0229
vn 0.3996 -0.9142 -0.0670
vn 0.4817 -0.8723 -0.0841
vn 0.3783 -0.9139 -0.1474
vn 0.4577 -0.8747 -0.1597
vn 0.4048 -0.8990 -0.1669
vn 0.4852 -0.8570 -0.1739
vn 0.4301 -0.8928 -0.1338
vn 0.5126 -0.8476 -0.1369
vn 0.4520 -0.8878 -0.0866
vn 0.5357 -0.8398 -0.0877
vn 0.1257 -0.5257 0.8414
vn 0.2621 -0.6146 0.7440
vn 0.2551 -0.7147 0.6512
vn 0.3747 -0.6881 0.6213
vn 0.3588 -0.7768 0.5176
vn 0.4687 -0.7394 0.4834
vn 0.4433 -0.8132 0.3770
vn 0.5436 -0.7665 0.3422
vn 0.5107 -0.8253 0.2411
vn 0.6028 -0.7703 0.2080
vn 0.5663 -0.8158 0.1176
vn 0.6519 -0.7532 0.0882
vn 0.6099 -0.7925 -0.0003
vn 0.6909 -0.7226 -0.0235
vn 0.5637 -0.8198 -0.1014
vn 0.6444 -0.7556 -0.1172
vn 0.5377 -0.8256 -0.1711
vn 0.6179 -0.7654 -0.1802
vn 0.5642 -0.8060 -0.1793
vn 0.6412 -0.7455 -0.1819
vn 0.5923 -0.7937 -0.1386
vn 0.6685 -0.7308 -0.1380
vn 0.6152 -0.7835 -0.0878
vn 0.6898 -0.7188 -0.0864
vn 0.1230 -0.3339 0.9346
vn 0.2580 -0.3215 0.9111
vn 0.2627 -0.4122 0.8724
vn 0.3841 -0.3946 0.8347
vn 0.3868 -0.4901 0.7812
vn 0.5005 -0.4613 0.7326
vn 0.4978 -0.5568 0.6650
vn 0.6014 -0.5158 0.6101
vn 0.5908 -0.6065 0.5321
vn 0.6835 -0.5535 0.4759
vn 0.6645 -0.6357 0.3928
vn 0.7470 -0.5715 0.3396
vn 0.7211 -0.6433 0.2572
vn 0.7951 -0.5688 0.2103
vn 0.7652 -0.6296 0.1343
vn 0.8316 -0.5491 0.0834
vn 0.8049 -0.0002 0.5934
vn 0.7533 -0.0055 0.6577
vn 0.7446 -0.0182 0.6673
vn 0.6901 -0.0041 0.7237
vn 0.8102 -0.0154 0.5859
vn 0.8064 0.0067 0.5913
vn 0.8101 -0.0011 0.5863
vn 0.8992 0.0080 0.4375
vn 0.8986 0.0027 0.4388
vn 0.8631 -0.0126 0.5048
vn 0.8568 -0.0032 0.5157
vn 0.9630 0.0088 0.2694
vn 0.9628 0.0052 0.2702
vn 0.9344 -0.0027 0.3562
vn 0.9994 0.0031 0.0336
vn 0.9957 0.0100 0.0925
vn 0.9983 0.0099 0.0580
vn 0.9956 0.0075 0.0931
vn 0.9827 -0.0030 0.1852
vn 0.9962 0.0028 -0.0867
vn 0.9985 0.0033 -0.0543
vn 0.9998 0.0004 -0.0189
vn 0.9999 0.0090 0.0106
vn 0.9950 -0.0025 0.0994
vn 0.9819 -0.0141 0.1887
vn 0.9603 -0.0258 0.2779
vn 0.9297 -0.0375 0.3664
vn 0.8899 -0.0492 0.4535
vn 0.9120 -0.0968 0.3986
vn 0.9470 -0.0732 0.3128
vn 0.9726 -0.0497 0.2272
vn 0.9895 -0.0263 0.1424
vn 0.9983 -0.0032 0.0590
vn 0.9994 0.0115 -0.0341
vn 0.9266 -0.1530 0.3434
vn 0.9595 -0.1192 0.2551
vn 0.9806 -0.0831 0.1774
vn 0.9939 -0.0440 0.1008
vn 0.9999 0.0014 0.0107
vn 0.2344 -0.1228 0.9644
vn 0.2502 -0.2278 0.9410
vn 0.3774 -0.3077 0.8734
vn 0.4969 -0.3710 0.7845
vn 0.6037 -0.4262 0.6737
vn 0.6933 -0.4685 0.5475
vn 0.7642 -0.4942 0.4145
vn 0.8177 -0.5009 0.2835
vn 0.8577 -0.4876 0.1630
vn 0.8838 -0.4655 0.0474
vn 0.3445 -0.1178 0.9313
vn 0.3666 -0.2188 0.9043
vn 0.4886 -0.2893 0.8232
vn 0.5992 -0.3423 0.7237
vn 0.6948 -0.3860 0.6068
vn 0.7725 -0.4163 0.4795
vn 0.8322 -0.4301 0.3500
vn 0.8761 -0.4254 0.2267
vn 0.9085 -0.4012 0.1171
vn 0.9298 -0.3675 0.0172
vn 0.4487 -0.1111 0.8868
vn 0.4755 -0.2065 0.8552
vn 0.5897 -0.2669 0.7622
vn 0.6897 -0.3097 0.6546
vn 0.7731 -0.3420 0.5342
vn 0.8387 -0.3605 0.4082
vn 0.8874 -0.3627 0.2845
vn 0.9223 -0.3468 0.1709
vn 0.9474 -0.3113 0.0744
vn 0.9642 -0.2651 -0.0073
vn 0.8385 -0.2953 0.4580
vn 0.8921 -0.3025 0.3356
vn 0.9304 -0.2934 0.2198
vn 0.9567 -0.2662 0.1178
vn 0.9751 -0.2188 0.0354
vn 0.9879 -0.1540 -0.0206
vn 0.7813 -0.0723 0.6200
vn 0.8405 -0.0609 0.5384
vn 0.8111 -0.1437 0.5670
vn 0.8669 -0.1204 0.4837
vn 0.8320 -0.2273 0.5061
vn 0.8853 -0.1905 0.4241
vn 0.8913 -0.2471 0.3802
vn 0.9327 -0.1990 0.3007
vn 0.9334 -0.2435 0.2636
vn 0.9638 -0.1788 0.1978
vn 0.9619 -0.2234 0.1575
vn 0.9832 -0.1540 0.0978
vn 0.9803 -0.1848 0.0690
vn 0.9944 -0.1030 0.0233
vn 0.6277 0.7475 0.2174
vn 0.7214 0.6925 0.0091
vn 0.8057 0.5842 0.0975
vn 0.8637 0.4971 -0.0832
vn 0.9260 0.3773 0.0117
vn 0.9461 0.3093 -0.0958
vn 0.9852 0.1693 -0.0284
vn 0.9880 0.1384 -0.0687
vn 0.9997 -0.0075 -0.0213
vn 1.0000 0.0056 -0.0082
vn 0.9958 -0.0675 0.0623
vn 0.9838 -0.1222 0.1314
vn 0.9902 0.1016 -0.0956
vn 0.9561 0.2282 -0.1836
vn 0.2644 -0.5114 0.8176
vn 0.3840 -0.5901 0.7102
vn 0.4873 -0.6518 0.5812
vn 0.5712 -0.6921 0.4413
vn 0.6368 -0.7096 0.3017
vn 0.6882 -0.7049 0.1717
vn 0.7325 -0.6786 0.0550
vn 0.9989 -0.0304 -0.0350
vn 0.9998 -0.0026 0.0177
vn 0.9860 0.0005 0.1669
vn 0.9407 0.0021 0.3391
vn 0.8647 0.0020 0.5022
vn 0.7644 0.0017 0.6448
vn 0.6434 -0.0011 0.7655
vn 0.5025 -0.0004 0.8646
vn 0.3384 -0.0003 0.9410
vn 0.1720 -0.0007 0.9851
vn 0.0090 -0.0013 1.0000
vn -0.6219 -0.0065 0.7830
vn -0.4710 -0.0055 0.8821
vn -0.1186 -0.0011 0.9929
vn -0.2204 -0.0016 0.9754
vn -0.3051 -0.0043 0.9523
vn -0.3890 -0.0045 0.9212
vn -0.5461 -0.0061 0.8377
vn -0.7527 -0.0077 0.6583
vn -0.8050 -0.0096 0.5933
vn -0.8591 -0.0086 0.5117
vn -0.6867 -0.0078 0.7269
vn -0.9375 -0.0098 0.3479
vn -0.8980 -0.0116 0.4399
vn -0.9619 -0.0145 0.2730
vn -0.9835 -0.0012 0.1811
vn -0.9960 -0.0007 0.0893
vn -1.0000 -0.0002 0.0003
vn -0.9958 -0.0023 -0.0913
vn -0.9373 -0.0080 -0.3485
vn -0.9028 -0.0026 -0.4301
vn -0.9637 -0.0059 -0.2668
vn -0.9841 -0.0051 -0.1775
vn -0.8106 -0.0020 -0.5856
vn -0.8585 0.0001 -0.5127
vn -0.6931 -0.0026 -0.7208
vn -0.7548 -0.0021 -0.6560
vn -0.5541 -0.0078 -0.8324
vn -0.6262 -0.0041 -0.7797
vn -0.3972 0.0070 -0.9177
vn -0.4802 -0.0139 -0.8770
vn -0.3424 -0.0280 -0.9391
vn -0.2541 -0.0377 -0.9664
vn -0.1628 -0.0367 -0.9860
vn -0.0783 -0.0135 -0.9968
vn -0.0137 -0.0000 -0.9999
vn 0.0458 -0.1426 -0.9887
vn 0.1410 -0.0872 -0.9862
vn 0.2352 -0.0367 -0.9712
vn 0.3968 -0.0000 -0.9179
vn 0.3203 -0.0090 -0.9473
vn 0.4886 -0.0004 -0.8725
vn 0.5658 -0.0037 -0.8245
vn 0.7654 -0.0004 -0.6436
vn 0.6994 -0.0044 -0.7147
vn 0.6372 -0.0064 -0.7707
vn 0.8584 -0.0013 -0.5130
vn 0.8136 -0.0020 -0.5814
vn 0.8999 -0.0005 -0.4361
vn 0.9353 0.0006 -0.3537
vn 0.9831 -0.0015 -0.1832
vn 0.9647 -0.0050 -0.2634
vn 0.9962 -0.0017 -0.0869
s 1
f 1//1 2//2 3//3
f 1//1 3//3 4//4
f 5//5 4//4 6//6
f 6//6 4//4 3//3
f 6//6 3//3 7//7
f 7//7 3//3 8//8
f 2//2 9//9 3//3
f 3//3 9//9 10//10
f 3//3 10//10 11//11
f 12//12 13//13 14//14
f 14//14 13//13 15//15
f 16//16 12//12 17//17
f 17//17 12//12 14//14
f 17//17 14//14 18//18
f 18//18 14//14 19//19
f 18//18 19//19 20//20
f 20//20 19//19 11//11
f 15//15 21//21 14//14
f 14//14 21//21 22//22
f 14//14 22//22 19//19
f 19//19 22//22 23//23
f 19//19 23//23 11//11
f 11//11 23//23 24//24
f 11//11 24//24 3//3
f 3//3 24//24 25//25
f 3//3 25//25 8//8
f 26//26 27//27 28//28
f 28//28 27//27 29//29
f 30//30 31//31 27//27
f 27//27 31//31 32//32
f 26//26 33//33 27//27
f 27//27 33//33 34//34
f 27//27 34//34 35//35
f 35//35 36//36 27//27
f 27//27 36//36 37//37
f 27//27 37//37 30//30
f 38//38 39//39 40//40
f 40//40 39//39 41//41
f 42//42 38//38 43//43
f 43//43 38//38 40//40
f 43//43 40//40 44//44
f 44//44 40//40 45//45
f 44//44 45//45 46//46
f 46//46 45//45 47//47
f 32//32 48//48 27//27
f 27//27 48//48 47//47
f 27//27 47//47 29//29
f 29//29 47//47 45//45
f 29//29 45//45 49//49
f 49//49 45//45 40//40
f 49//49 40//40 50//50
f 50//50 40//40 41//41
f 51//51 52//51 53//51
f 51//51 53//51 54//51
f 55//51 56//51 53//51
f 53//51 56//51 57//51
f 53//51 57//51 54//51
f 58//51 59//51 53//51
f 53//51 59//51 60//51
f 53//51 60//51 55//51
f 61//51 62//51 53//51
f 53//51 62//51 63//51
f 53//51 63//51 58//51
f 64//51 65//51 53//51
f 53//51 65//51 66//51
f 53//51 66//51 61//51
f 67//51 68//51 53//51
f 53//51 68//51 69//51
f 53//51 69//51 64//51
f 70//51 71//51 53//51
f 53//51 71//51 72//51
f 53//51 72//51 67//51
f 73//51 74//51 53//51
f 53//51 74//51 75//51
f 53//51 75//51 70//51
f 76//51 77//51 53//51
f 53//51 77//51 78//51
f 53//51 78//51 73//51
f 52//51 79//51 53//51
f 53//51 79//51 80//51
f 53//51 80//51 76//51
f 8//52 25//53 81//54
f 81//54 25//53 82//55
f 8//52 81//54 7//56
f 7//56 81//54 83//57
f 7//56 83//57 6//58
f 6//58 83//57 84//59
f 6//58 84//59 5//60
f 84//59 85//61 5//60
f 5//60 85//61 86//62
f 5//60 86//62 4//63
f 4//63 86//62 87//64
f 4//63 87//64 1//65
f 1//65 87//64 2//66
f 2//66 87//64 88//67
f 2//66 88//67 9//68
f 9//68 88//67 89//69
f 9//68 89//69 10//69
f 10//69 89//69 90//69
f 10//70 90//71 11//71
f 11//71 90//71 91//72
f 11//71 91//72 20//73
f 20//73 91//72 92//74
f 20//73 92//74 18//75
f 92//74 93//76 18//75
f 18//75 93//76 94//77
f 18//75 94//77 17//78
f 17//78 94//77 95//79
f 17//78 95//79 16//80
f 16//80 95//79 12//81
f 13//82 12//81 15//83
f 15//83 12//81 95//79
f 15//83 95//79 21//84
f 21//84 95//79 96//85
f 21//84 96//85 97//86
f 97//86 98//87 21//84
f 21//84 98//87 99//88
f 21//84 99//88 22//89
f 82//55 25//53 100//90
f 100//90 25//53 24//91
f 100//90 24//91 99//92
f 99//92 24//91 23//92
f 99//92 23//92 22//92
f 101//93 102//94 44//95
f 44//95 102//94 103//96
f 44//95 103//96 43//97
f 43//97 103//96 104//98
f 43//97 104//98 42//99
f 42//99 104//98 38//100
f 39//101 38//100 41//102
f 41//102 38//100 104//98
f 41//102 104//98 50//103
f 50//103 104//98 105//104
f 105//104 106//105 50//103
f 50//103 106//105 107//106
f 50//103 107//106 49//107
f 107//106 108//108 49//107
f 49//107 108//108 109//109
f 49//107 109//109 29//69
f 29//69 109//109 28//69
f 33//110 26//111 110//112
f 110//112 26//111 28//71
f 110//112 28//71 111//71
f 111//69 28//69 109//109
f 33//110 110//112 34//113
f 34//113 110//112 112//114
f 34//113 112//114 35//115
f 35//115 112//114 113//116
f 35//115 113//116 36//117
f 114//118 37//119 115//120
f 115//120 37//119 36//117
f 115//120 36//117 116//121
f 116//121 36//117 113//116
f 117//92 32//122 118//123
f 118//123 32//122 31//124
f 118//123 31//124 114//118
f 114//118 31//124 30//125
f 114//118 30//125 37//119
f 101//93 44//95 119//126
f 119//126 44//95 46//127
f 119//126 46//127 120//126
f 120//55 46//55 47//55
f 120//55 47//55 117//55
f 117//55 47//55 48//128
f 117//92 48//92 32//122
f 121//129 100//130 122//131
f 122//131 100//130 99//132
f 122//131 99//132 98//133
f 98//133 97//134 122//131
f 122//131 97//134 96//135
f 122//131 96//135 95//136
f 95//136 94//137 64//138
f 64//138 94//137 93//139
f 93//139 92//140 64//138
f 64//138 92//140 91//141
f 64//138 91//141 65//142
f 91//141 90//143 65//142
f 65//142 90//143 89//144
f 65//142 89//144 66//145
f 66//145 89//144 88//146
f 88//146 87//147 66//145
f 66//145 87//147 86//148
f 66//145 86//148 85//149
f 84//150 83//151 123//152
f 123//152 83//151 81//153
f 123//152 81//153 121//129
f 121//129 81//153 82//154
f 121//129 82//154 100//130
f 118//155 124//156 117//157
f 117//157 124//156 125//158
f 117//157 125//158 120//159
f 118//155 114//160 124//156
f 124//156 114//160 115//161
f 124//156 115//161 116//162
f 56//163 116//162 113//164
f 113//164 112//165 56//163
f 56//163 112//165 110//166
f 56//163 110//166 57//167
f 57//167 110//166 111//168
f 111//168 109//169 57//167
f 57//167 109//169 108//170
f 57//167 108//170 54//171
f 54//171 108//170 107//172
f 107//172 106//173 54//171
f 54//171 106//173 105//174
f 54//171 105//174 104//175
f 103//176 102//177 126//178
f 126//178 102//177 101//179
f 126//178 101//179 125//158
f 125//158 101//179 119//180
f 125//158 119//180 120//159
f 116//162 56//163 124//156
f 124//156 56//163 55//181
f 124//156 55//181 127//181
f 127//181 55//181 60//182
f 127//181 60//182 128//182
f 128//182 60//182 59//183
f 128//182 59//183 129//183
f 129//183 59//183 58//184
f 129//183 58//184 130//184
f 130//184 58//184 63//185
f 130//184 63//185 131//185
f 131//185 63//185 62//186
f 131//185 62//186 132//186
f 132//186 62//186 61//187
f 132//186 61//187 133//187
f 133//187 61//187 66//145
f 133//187 66//145 123//152
f 123//152 66//145 85//149
f 123//152 85//149 84//150
f 95//136 64//138 122//131
f 122//131 64//138 69//188
f 122//131 69//188 134//188
f 134//188 69//188 68//189
f 134//188 68//189 135//189
f 135//189 68//189 67//190
f 135//189 67//190 136//190
f 136//190 67//190 72//191
f 136//190 72//191 137//191
f 137//191 72//191 71//192
f 137//191 71//192 138//192
f 138//192 71//192 70//193
f 138//192 70//193 139//193
f 139//193 70//193 75//194
f 139//193 75//194 140//194
f 140//194 75//194 74//195
f 140//194 74//195 141//195
f 141//195 74//195 73//196
f 141//195 73//196 142//196
f 142//196 73//196 78//197
f 142//196 78//197 143//197
f 143//197 78//197 77//198
f 143//197 77//198 144//198
f 144//198 77//198 76//199
f 144//198 76//199 145//199
f 145//199 76//199 80//200
f 145//199 80//200 146//200
f 146//200 80//200 79//201
f 146//200 79//201 147//201
f 147//201 79//201 52//202
f 147//201 52//202 148//202
f 148//202 52//202 51//203
f 148//202 51//203 149//121
f 149//121 51//203 54//171
f 149//121 54//171 126//178
f 126//178 54//171 104//175
f 126//178 104//175 103//176
f 150//51 146//51 147//51
f 121//51 151//51 152//51
f 121//51 152//51 123//51
f 153//51 145//51 154//51
f 154//51 145//51 146//51
f 154//51 146//51 155//51
f 155//51 146//51 150//51
f 156//51 125//51 124//51
f 133//51 157//51 132//51
f 132//51 157//51 158//51
f 132//51 158//51 131//51
f 131//51 158//51 159//51
f 131//51 159//51 130//51
f 130//51 159//51 160//51
f 130//51 160//51 129//51
f 161//51 134//51 135//51
f 162//51 163//51 148//51
f 148//51 163//51 164//51
f 148//51 164//51 147//51
f 147//51 164//51 165//51
f 147//51 165//51 150//51
f 160//51 166//51 129//51
f 129//51 166//51 167//51
f 129//51 167//51 128//51
f 128//51 167//51 168//51
f 128//51 168//51 127//51
f 127//51 168//51 169//51
f 127//51 169//51 124//51
f 124//51 169//51 170//51
f 124//51 170//51 156//51
f 152//51 171//51 123//51
f 123//51 171//51 172//51
f 123//51 172//51 133//51
f 133//51 172//51 173//51
f 133//51 173//51 157//51
f 162//51 148//51 174//51
f 174//51 148//51 149//51
f 174//51 149//51 175//51
f 175//51 149//51 176//51
f 176//51 149//51 126//51
f 176//51 126//51 177//51
f 151//51 121//51 178//51
f 178//51 121//51 122//51
f 178//51 122//51 179//51
f 180//51 136//51 181//51
f 181//51 136//51 137//51
f 181//51 137//51 182//51
f 182//51 137//51 183//51
f 183//51 137//51 138//51
f 183//51 138//51 184//51
f 156//51 185//51 125//51
f 125//51 185//51 186//51
f 125//51 186//51 126//51
f 126//51 186//51 187//51
f 126//51 187//51 177//51
f 161//51 188//51 134//51
f 134//51 188//51 189//51
f 134//51 189//51 122//51
f 122//51 189//51 190//51
f 122//51 190//51 179//51
f 180//51 191//51 136//51
f 136//51 191//51 192//51
f 136//51 192//51 135//51
f 135//51 192//51 193//51
f 135//51 193//51 161//51
f 194//51 139//51 140//51
f 195//51 144//51 196//51
f 196//51 144//51 145//51
f 196//51 145//51 197//51
f 197//51 145//51 153//51
f 194//51 198//51 139//51
f 139//51 198//51 199//51
f 139//51 199//51 138//51
f 138//51 199//51 200//51
f 138//51 200//51 184//51
f 201//51 141//51 202//51
f 202//51 141//51 142//51
f 195//51 203//51 144//51
f 144//51 203//51 204//51
f 144//51 204//51 143//51
f 143//51 204//51 205//51
f 201//51 206//51 141//51
f 141//51 206//51 207//51
f 141//51 207//51 140//51
f 140//51 207//51 208//51
f 140//51 208//51 194//51
f 205//51 209//51 143//51
f 143//51 209//51 210//51
f 143//51 210//51 142//51
f 142//51 210//51 211//51
f 142//51 211//51 202//51
f 212//204 213//204 214//204
f 215//204 216//204 214//204
f 217//204 218//204 214//204
f 214//204 218//204 219//204
f 220//204 221//204 214//204
f 214//204 221//204 222//204
f 214//204 222//204 223//204
f 224//204 225//204 213//204
f 213//204 225//204 226//204
f 213//204 226//204 214//204
f 227//204 228//204 214//204
f 214//204 228//204 229//204
f 214//204 229//204 230//204
f 230//204 231//204 214//204
f 214//204 231//204 232//204
f 214//204 232//204 220//204
f 214//204 233//204 234//204
f 234//204 235//204 214//204
f 214//204 235//204 236//204
f 214//204 236//204 237//204
f 238//204 239//204 225//204
f 225//204 239//204 240//204
f 214//204 241//204 242//204
f 219//204 243//204 214//204
f 214//204 243//204 244//204
f 214//204 244//204 245//204
f 216//204 246//204 214//204
f 214//204 246//204 247//204
f 214//204 247//204 248//204
f 223//204 249//204 214//204
f 214//204 249//204 250//204
f 214//204 250//204 251//204
f 237//204 252//204 214//204
f 214//204 252//204 253//204
f 214//204 253//204 254//204
f 254//204 255//204 214//204
f 214//204 255//204 256//204
f 214//204 256//204 257//204
f 224//204 258//204 225//204
f 225//204 258//204 259//204
f 225//204 259//204 260//204
f 240//204 261//204 225//204
f 225//204 261//204 262//204
f 225//204 262//204 263//204
f 264//204 265//204 266//204
f 266//204 265//204 267//204
f 266//204 267//204 268//204
f 269//204 270//204 214//204
f 214//204 270//204 271//204
f 214//204 271//204 272//204
f 269//204 273//204 270//204
f 270//204 273//204 274//204
f 270//204 274//204 275//204
f 275//204 274//204 276//204
f 272//204 277//204 214//204
f 214//204 277//204 278//204
f 214//204 278//204 241//204
f 242//204 279//204 214//204
f 214//204 279//204 280//204
f 214//204 280//204 281//204
f 281//204 282//204 214//204
f 214//204 282//204 283//204
f 214//204 283//204 217//204
f 214//204 284//204 285//204
f 214//204 286//204 287//204
f 287//204 288//204 214//204
f 214//204 288//204 289//204
f 214//204 289//204 290//204
f 290//204 291//204 214//204
f 214//204 291//204 292//204
f 214//204 292//204 227//204
f 251//204 293//204 214//204
f 214//204 293//204 294//204
f 214//204 294//204 233//204
f 257//204 295//204 214//204
f 214//204 295//204 296//204
f 214//204 296//204 297//204
f 297//204 298//204 214//204
f 214//204 298//204 299//204
f 214//204 299//204 300//204
f 300//204 301//204 214//204
f 214//204 301//204 302//204
f 214//204 302//204 212//204
f 303//204 304//204 225//204
f 225//204 304//204 305//204
f 225//204 305//204 238//204
f 306//205 264//204 307//204
f 307//204 264//204 266//204
f 307//204 266//204 308//205
f 308//205 266//204 309//206
f 268//204 310//204 266//204
f 266//204 310//204 311//204
f 266//204 311//204 312//204
f 263//204 313//204 225//204
f 225//204 313//204 266//204
f 225//204 266//204 314//204
f 314//204 266//204 312//204
f 245//204 315//204 214//204
f 214//204 315//204 316//205
f 214//204 316//205 284//204
f 285//204 317//204 214//204
f 214//204 317//204 318//204
f 214//204 318//204 215//204
f 248//204 319//204 214//204
f 214//204 319//204 320//204
f 214//204 320//204 321//204
f 322//204 323//205 324//204
f 274//204 325//204 326//204
f 321//204 327//204 214//204
f 214//204 327//204 328//204
f 214//204 328//204 286//204
f 326//204 329//204 274//204
f 274//204 329//204 330//207
f 274//204 330//207 331//204
f 260//204 332//204 225//204
f 225//204 332//204 333//204
f 225//204 333//204 334//204
f 334//204 335//204 225//204
f 225//204 335//204 336//204
f 225//204 336//204 337//208
f 337//208 338//204 225//204
f 225//204 338//204 339//204
f 225//204 339//204 303//204
f 340//204 341//209 324//204
f 324//204 341//209 325//204
f 324//204 325//204 322//204
f 322//204 325//204 274//204
f 322//204 274//204 342//208
f 331//204 343//204 274//204
f 274//204 343//204 344//204
f 274//204 344//204 276//204
f 345//210 346//211 347//212
f 348//213 349//214 350//215
f 351//216 352//217 353//218
f 354//219 355//220 356//221
f 234//222 233//223 357//224
f 358//225 359//226 360//227
f 361//228 362//229 363//230
f 363//230 362//229 364//231
f 364//231 365//232 363//230
f 363//230 365//232 366//233
f 363//230 366//233 360//227
f 360//227 366//233 367//234
f 360//227 367//234 358//225
f 368//235 369//236 363//230
f 370//237 371//238 372//239
f 372//239 371//238 373//240
f 372//239 373//240 363//230
f 363//230 373//240 374//241
f 363//230 374//241 368//235
f 369//236 375//242 363//230
f 363//230 375//242 376//243
f 363//230 376//243 361//228
f 377//244 378//245 379//246
f 377//244 379//246 372//239
f 372//239 379//246 380//247
f 372//239 380//247 370//237
f 381//248 382//249 383//250
f 383//250 382//249 384//251
f 383//250 384//251 377//244
f 377//244 384//251 385//252
f 377//244 385//252 378//245
f 386//253 387//254 388//255
f 388//255 387//254 389//256
f 381//248 383//250 390//257
f 390//257 383//250 388//255
f 390//257 388//255 391//258
f 391//258 388//255 389//256
f 391//258 389//256 392//259
f 318//260 317//261 393//262
f 393//262 317//261 285//263
f 318//260 393//262 215//264
f 215//264 393//262 394//265
f 215//264 394//265 216//266
f 216//266 394//265 246//267
f 246//267 394//265 395//268
f 246//267 395//268 247//269
f 247//269 395//268 248//270
f 248//270 395//268 396//271
f 248//270 396//271 319//272
f 319//272 396//271 320//273
f 320//273 396//271 397//274
f 320//273 397//274 321//275
f 321//275 397//274 327//276
f 327//276 397//274 398//277
f 327//276 398//277 328//278
f 399//279 287//280 398//277
f 398//277 287//280 286//281
f 398//277 286//281 328//278
f 400//282 289//283 399//279
f 399//279 289//283 288//284
f 399//279 288//284 287//280
f 401//285 291//286 400//282
f 400//282 291//286 290//287
f 400//282 290//287 289//283
f 402//288 227//289 401//285
f 401//285 227//289 292//290
f 401//285 292//290 291//286
f 403//291 229//292 402//288
f 402//288 229//292 228//293
f 402//288 228//293 227//289
f 220//294 232//295 404//296
f 404//296 232//295 231//297
f 404//296 231//297 403//291
f 403//291 231//297 230//298
f 403//291 230//298 229//292
f 350//215 221//299 220//294
f 250//300 249//301 405//302
f 405//302 249//301 223//303
f 405//302 223//303 350//215
f 350//215 223//303 222//304
f 350//215 222//304 221//299
f 251//305 406//306 293//307
f 293//307 406//306 357//224
f 293//307 357//224 294//308
f 294//308 357//224 233//223
f 235//309 407//310 236//311
f 236//311 407//310 408//312
f 236//311 408//312 237//313
f 409//314 252//315 237//313
f 410//316 254//317 409//314
f 409//314 254//317 253//318
f 409//314 253//318 252//315
f 411//319 412//320 295//321
f 295//321 257//322 411//319
f 411//319 257//322 256//323
f 411//319 256//323 410//316
f 410//316 256//323 255//324
f 410//316 255//324 254//317
f 413//325 297//326 412//320
f 412//320 297//326 296//327
f 412//320 296//327 295//321
f 301//328 300//329 414//330
f 414//330 300//329 299//331
f 414//330 299//331 413//325
f 413//325 299//331 298//332
f 413//325 298//332 297//326
f 302//333 415//334 212//335
f 212//335 415//334 416//336
f 212//335 416//336 213//337
f 260//338 259//339 417//340
f 417//340 259//339 258//341
f 417//340 258//341 416//336
f 416//336 258//341 224//342
f 416//336 224//342 213//337
f 332//343 353//218 333//344
f 333//344 353//218 418//345
f 333//344 418//345 334//346
f 334//346 418//345 335//347
f 336//348 335//347 419//349
f 336//348 419//349 337//350
f 356//221 420//351 421//352
f 420//351 356//221 422//353
f 422//353 356//221 355//220
f 422//353 355//220 423//354
f 424//355 354//219 419//349
f 419//349 354//219 356//221
f 419//349 356//221 337//350
f 337//350 356//221 421//352
f 337//350 421//352 338//356
f 335//347 418//345 419//349
f 419//349 418//345 425//357
f 419//349 425//357 424//355
f 352//217 426//358 353//218
f 353//218 426//358 427//359
f 353//218 427//359 418//345
f 418//345 427//359 428//360
f 418//345 428//360 425//357
f 429//361 351//216 417//340
f 417//340 351//216 353//218
f 417//340 353//218 260//338
f 260//338 353//218 332//343
f 430//362 431//363 416//336
f 416//336 431//363 432//364
f 416//336 432//364 417//340
f 417//340 432//364 433//365
f 417//340 433//365 429//361
f 434//366 435//367 415//334
f 415//334 435//367 436//368
f 415//334 436//368 416//336
f 416//336 436//368 437//369
f 416//336 437//369 430//362
f 438//370 434//366 414//330
f 414//330 434//366 415//334
f 414//330 415//334 301//328
f 301//328 415//334 302//333
f 439//371 440//372 413//325
f 413//325 440//372 441//373
f 413//325 441//373 414//330
f 414//330 441//373 442//374
f 414//330 442//374 438//370
f 443//375 444//376 412//320
f 412//320 444//376 445//377
f 412//320 445//377 413//325
f 413//325 445//377 446//378
f 413//325 446//378 439//371
f 443//375 412//320 447//379
f 447//379 412//320 411//319
f 447//379 411//319 448//380
f 448//380 411//319 449//381
f 449//381 411//319 410//316
f 449//381 410//316 450//382
f 450//382 410//316 451//383
f 451//383 410//316 409//314
f 451//383 409//314 452//384
f 237//313 408//312 409//314
f 409//314 408//312 453//385
f 409//314 453//385 452//384
f 454//386 455//387 407//310
f 407//310 455//387 456//388
f 407//310 456//388 408//312
f 408//312 456//388 457//389
f 408//312 457//389 453//385
f 458//390 454//386 357//224
f 357//224 454//386 407//310
f 357//224 407//310 234//222
f 234//222 407//310 235//309
f 459//391 460//392 406//306
f 406//306 460//392 461//393
f 406//306 461//393 357//224
f 357//224 461//393 462//394
f 357//224 462//394 458//390
f 463//395 459//391 405//302
f 405//302 459//391 406//306
f 405//302 406//306 250//300
f 250//300 406//306 251//305
f 350//215 349//214 405//302
f 405//302 349//214 464//396
f 405//302 464//396 463//395
f 220//294 404//296 350//215
f 350//215 404//296 465//397
f 350//215 465//397 348//213
f 466//398 467//399 468//400
f 468//400 467//399 469//401
f 468//400 469//401 470//402
f 346//211 471//403 347//212
f 347//212 471//403 472//404
f 347//212 472//404 466//398
f 466//398 472//404 473//405
f 466//398 473//405 467//399
f 345//210 347//212 474//406
f 474//406 347//212 475//407
f 474//406 475//407 476//408
f 477//409 478//410 479//411
f 477//409 479//411 475//407
f 475//407 479//411 480//412
f 475//407 480//412 476//408
f 481//413 482//414 483//415
f 483//415 482//414 484//416
f 483//415 484//416 477//409
f 477//409 484//416 485//417
f 477//409 485//417 478//410
f 359//226 486//418 360//227
f 360//227 486//418 487//419
f 360//227 487//419 483//415
f 483//415 487//419 488//420
f 483//415 488//420 481//413
f 285//263 489//421 393//262
f 393//262 489//421 490//422
f 393//262 490//422 491//423
f 470//402 465//397 468//400
f 468//400 465//397 404//296
f 468//400 404//296 466//398
f 466//398 404//296 403//291
f 466//398 403//291 347//212
f 347//212 403//291 402//288
f 347//212 402//288 475//407
f 475//407 402//288 401//285
f 475//407 401//285 477//409
f 477//409 401//285 400//282
f 477//409 400//282 483//415
f 483//415 400//282 399//279
f 483//415 399//279 360//227
f 360//227 399//279 398//277
f 360//227 398//277 363//230
f 363//230 398//277 397//274
f 363//230 397//274 372//239
f 372//239 397//274 396//271
f 372//239 396//271 377//244
f 377//244 396//271 395//268
f 377//244 395//268 383//250
f 383//250 395//268 394//265
f 383//250 394//265 388//255
f 388//255 394//265 393//262
f 388//255 393//262 386//253
f 386//253 393//262 491//423
f 492//424 493//425 494//426
f 495//427 496//428 497//429
f 498//430 499//431 500//432
f 500//432 499//431 501//433
f 500//432 501//433 502//434
f 503//435 504//436 505//437
f 505//437 504//436 500//432
f 505//437 500//432 506//438
f 506//438 500//432 502//434
f 507//439 508//440 509//441
f 509//441 508//440 510//442
f 509//441 510//442 500//432
f 500//432 510//442 511//443
f 500//432 511//443 498//430
f 512//444 513//445 514//446
f 512//444 514//446 509//441
f 509//441 514//446 515//447
f 509//441 515//447 507//439
f 516//448 517//449 518//450
f 518//450 517//449 519//451
f 518//450 519//451 512//444
f 512//444 519//451 520//452
f 512//444 520//452 513//445
f 521//453 522//454 518//450
f 518//450 522//454 523//455
f 518//450 523//455 516//448
f 524//456 525//457 521//453
f 521//453 525//457 526//458
f 521//453 526//458 522//454
f 527//459 528//460 524//456
f 524//456 528//460 529//461
f 524//456 529//461 525//457
f 530//462 531//463 527//459
f 527//459 531//463 532//464
f 527//459 532//464 528//460
f 533//465 534//466 535//467
f 536//468 537//469 538//470
f 538//470 537//469 533//465
f 538//470 533//465 539//471
f 539//471 533//465 535//467
f 540//472 541//473 542//474
f 542//474 541//473 543//475
f 542//474 543//475 534//466
f 534//466 543//475 544//476
f 534//466 544//476 535//467
f 545//477 546//478 547//479
f 547//479 546//478 548//480
f 547//479 548//480 540//472
f 496//428 549//481 497//429
f 497//429 549//481 550//482
f 497//429 550//482 545//477
f 545//477 550//482 551//483
f 545//477 551//483 546//478
f 552//484 553//485 554//486
f 554//486 553//485 555//487
f 554//486 555//487 556//488
f 556//488 555//487 557//489
f 558//490 559//491 557//489
f 560//492 561//493 562//494
f 562//494 561//493 563//495
f 562//494 563//495 558//490
f 558//490 563//495 564//496
f 558//490 564//496 559//491
f 565//497 566//498 560//492
f 566//498 565//497 567//499
f 567//499 565//497 568//500
f 567//499 568//500 569//501
f 569//501 568//500 570//502
f 570//502 568//500 571//503
f 570//502 571//503 572//504
f 573//505 574//506 571//503
f 571//503 574//506 575//507
f 571//503 575//507 572//504
f 576//508 577//509 578//510
f 578//510 577//509 579//511
f 578//510 579//511 580//512
f 580//512 579//511 581//513
f 582//514 583//515 581//513
f 584//516 585//517 586//518
f 586//518 585//517 587//519
f 586//518 587//519 582//514
f 582//514 587//519 588//520
f 582//514 588//520 583//515
f 589//521 590//522 591//523
f 591//523 590//522 584//516
f 303//524 339//525 591//523
f 591//523 339//525 338//356
f 591//523 338//356 421//352
f 423//354 589//521 422//353
f 422//353 589//521 591//523
f 422//353 591//523 420//351
f 420//351 591//523 421//352
f 584//516 586//518 591//523
f 591//523 586//518 304//526
f 591//523 304//526 303//524
f 240//527 239//528 582//514
f 582//514 239//528 238//529
f 582//514 238//529 586//518
f 586//518 238//529 305//530
f 586//518 305//530 304//526
f 581//513 579//511 582//514
f 582//514 579//511 261//531
f 582//514 261//531 240//527
f 309//532 266//533 571//503
f 571//503 266//533 577//509
f 571//503 577//509 573//505
f 573//505 577//509 576//508
f 266//533 313//534 577//509
f 577//509 313//534 263//535
f 577//509 263//535 579//511
f 579//511 263//535 262//536
f 579//511 262//536 261//531
f 309//532 571//503 308//537
f 308//537 571//503 568//500
f 308//537 568//500 307//538
f 307//538 568//500 306//539
f 306//539 568//500 565//497
f 306//539 565//497 264//540
f 560//492 562//494 565//497
f 565//497 562//494 265//541
f 565//497 265//541 264//540
f 311//542 310//543 558//490
f 558//490 310//543 268//544
f 558//490 268//544 562//494
f 562//494 268//544 267//545
f 562//494 267//545 265//541
f 557//489 555//487 558//490
f 558//490 555//487 312//546
f 558//490 312//546 311//542
f 269//547 214//548 497//429
f 497//429 214//548 553//485
f 497//429 553//485 495//427
f 495//427 553//485 552//484
f 214//548 226//549 553//485
f 553//485 226//549 225//550
f 553//485 225//550 555//487
f 555//487 225//550 314//551
f 555//487 314//551 312//546
f 269//547 497//429 273//552
f 273//552 497//429 545//477
f 273//552 545//477 274//553
f 274//553 545//477 342//554
f 342//554 545//477 547//479
f 342//554 547//479 322//555
f 540//472 542//474 547//479
f 547//479 542//474 323//556
f 547//479 323//556 322//555
f 325//557 341//558 534//466
f 534//466 341//558 340//559
f 534//466 340//559 542//474
f 542//474 340//559 324//560
f 542//474 324//560 323//556
f 325//557 534//466 326//561
f 326//561 534//466 533//465
f 326//561 533//465 329//562
f 329//562 533//465 330//563
f 330//563 533//465 537//469
f 330//563 537//469 331//564
f 331//564 537//469 592//565
f 331//564 592//565 343//566
f 343//566 592//565 344//567
f 344//567 592//565 593//568
f 344//567 593//568 276//569
f 276//569 593//568 275//570
f 275//570 593//568 594//571
f 275//570 594//571 270//572
f 270//572 594//571 271//573
f 271//573 594//571 595//574
f 271//573 595//574 272//575
f 272//575 595//574 277//576
f 277//576 595//574 596//577
f 277//576 596//577 278//578
f 597//579 242//580 596//577
f 596//577 242//580 241//581
f 596//577 241//581 278//578
f 598//582 280//583 597//579
f 597//579 280//583 279//584
f 597//579 279//584 242//580
f 599//585 282//586 598//582
f 598//582 282//586 281//587
f 598//582 281//587 280//583
f 600//588 217//589 599//585
f 599//585 217//589 283//590
f 599//585 283//590 282//586
f 601//591 219//592 600//588
f 600//588 219//592 218//593
f 600//588 218//593 217//589
f 602//594 244//595 601//591
f 601//591 244//595 243//596
f 601//591 243//596 219//592
f 284//597 316//598 603//599
f 603//599 316//598 315//600
f 603//599 315//600 602//594
f 602//594 315//600 245//601
f 602//594 245//601 244//595
f 386//253 491//423 603//599
f 603//599 491//423 490//422
f 603//599 490//422 284//597
f 284//597 490//422 489//421
f 284//597 489//421 285//263
f 604//602 605//603 606//604
f 604//602 606//604 494//426
f 494//426 606//604 607//605
f 494//426 607//605 492//424
f 605//603 604//602 608//606
f 608//606 604//602 609//607
f 608//606 609//607 610//608
f 611//609 612//610 613//611
f 611//609 613//611 609//607
f 609//607 613//611 614//612
f 609//607 614//612 610//608
f 503//435 615//613 504//436
f 504//436 615//613 616//614
f 616//614 617//615 504//436
f 504//436 617//615 618//616
f 504//436 618//616 611//609
f 611//609 618//616 619//617
f 611//609 619//617 612//610
f 493//425 392//259 494//426
f 494//426 392//259 389//256
f 494//426 389//256 387//254
f 387//254 386//253 494//426
f 494//426 386//253 603//599
f 494//426 603//599 604//602
f 604//602 603//599 602//594
f 604//602 602//594 609//607
f 609//607 602//594 601//591
f 609//607 601//591 611//609
f 611//609 601//591 600//588
f 611//609 600//588 504//436
f 504//436 600//588 599//585
f 504//436 599//585 500//432
f 500//432 599//585 598//582
f 500//432 598//582 509//441
f 509//441 598//582 597//579
f 509//441 597//579 512//444
f 512//444 597//579 596//577
f 512//444 596//577 518//450
f 518//450 596//577 595//574
f 518//450 595//574 521//453
f 521//453 595//574 594//571
f 521//453 594//571 524//456
f 524//456 594//571 593//568
f 524//456 593//568 527//459
f 527//459 593//568 592//565
f 527//459 592//565 530//462
f 530//462 592//565 537//469
f 530//462 537//469 620//618
f 620//618 537//469 536//468
f 621//204 392//204 622//204
f 622//204 392//204 493//205
f 622//204 493//205 623//205
f 369//204 624//204 625//204
f 624//204 369//204 626//207
f 381//204 627//208 382//204
f 382//204 627//208 628//204
f 382//204 628//204 384//207
f 384//207 628//204 629//619
f 384//207 629//619 385//620
f 385//620 629//619 630//205
f 385//620 630//205 378//204
f 378//204 630//205 379//621
f 621//204 631//204 392//204
f 392//204 631//204 632//204
f 392//204 632//204 391//208
f 391//208 632//204 633//204
f 391//208 633//204 390//205
f 390//205 633//204 634//622
f 390//205 634//622 381//204
f 381//204 634//622 635//204
f 381//204 635//204 627//208
f 369//204 368//204 626//207
f 626//207 368//204 374//623
f 626//207 374//623 636//624
f 636//624 374//623 373//625
f 636//624 373//625 637//209
f 637//209 373//625 371//204
f 637//209 371//204 638//209
f 638//209 371//204 370//204
f 638//209 370//204 639//204
f 639//204 370//204 380//204
f 639//204 380//204 640//622
f 640//622 380//204 379//621
f 640//622 379//621 641//204
f 641//204 379//621 630//205
f 493//205 492//204 623//205
f 623//205 492//204 607//208
f 623//205 607//208 642//204
f 642//204 607//208 606//626
f 642//204 606//626 643//204
f 643//204 606//626 605//204
f 643//204 605//204 644//204
f 644//204 605//204 608//622
f 644//204 608//622 645//205
f 645//205 608//622 610//208
f 645//205 610//208 646//204
f 646//204 610//208 614//627
f 646//204 614//627 647//204
f 647//204 614//627 613//622
f 647//204 613//622 648//204
f 648//204 613//622 612//204
f 648//204 612//204 649//205
f 649//205 612//204 619//628
f 649//205 619//628 650//204
f 650//204 619//628 618//209
f 650//204 618//209 651//204
f 651//204 618//209 617//204
f 651//204 617//204 652//204
f 652//204 617//204 616//629
f 652//204 616//629 653//630
f 653//630 616//629 615//204
f 653//630 615//204 654//207
f 505//631 655//632 503//208
f 503//208 655//632 654//207
f 503//208 654//207 615//204
f 366//633 365//634 656//204
f 656//204 365//634 364//635
f 656//204 364//635 657//204
f 657//204 364//635 362//204
f 657//204 362//204 658//636
f 658//636 362//204 361//637
f 658//636 361//637 659//204
f 659//204 361//637 376//638
f 659//204 376//638 625//204
f 625//204 376//638 375//204
f 625//204 375//204 369//204
f 660//639 525//640 529//639
f 661//641 662//642 467//639
f 663//643 517//644 516//640
f 620//640 536//645 664//646
f 528//639 665//647 529//639
f 529//639 665//647 666//639
f 529//639 666//639 660//639
f 525//640 660//639 526//639
f 526//639 660//639 667//648
f 526//639 667//648 522//648
f 522//648 667//648 668//649
f 522//648 668//649 523//649
f 523//649 668//649 669//650
f 523//649 669//650 516//640
f 516//640 669//650 670//639
f 516//640 670//639 663//643
f 465//651 470//652 469//639
f 664//646 536//645 671//639
f 671//639 536//645 538//639
f 671//639 538//639 672//639
f 672//639 538//639 539//639
f 672//639 539//639 673//646
f 673//646 539//639 535//645
f 673//646 535//645 674//646
f 675//639 528//639 532//645
f 675//639 676//646 528//639
f 528//639 676//646 677//649
f 528//639 677//649 665//647
f 467//639 662//642 469//639
f 469//639 662//642 348//639
f 469//639 348//639 465//651
f 678//650 679//639 480//646
f 460//639 680//639 461//639
f 461//639 680//639 681//646
f 664//646 682//639 620//640
f 620//640 682//639 675//639
f 620//640 675//639 530//653
f 530//653 675//639 532//645
f 530//653 532//645 531//639
f 517//644 663//643 519//652
f 519//652 663//643 683//654
f 519//652 683//654 520//639
f 520//639 683//654 684//639
f 520//639 684//639 513//639
f 513//639 684//639 685//655
f 513//639 685//655 514//656
f 514//656 685//655 686//657
f 514//656 686//657 515//639
f 662//642 687//640 348//639
f 348//639 687//640 688//639
f 348//639 688//639 349//646
f 349//646 688//639 689//649
f 349//646 689//649 464//648
f 464//648 689//649 690//649
f 464//648 690//649 463//639
f 463//639 690//649 691//639
f 463//639 691//639 459//639
f 459//639 691//639 692//639
f 459//639 692//639 460//639
f 460//639 692//639 693//639
f 460//639 693//639 680//639
f 495//639 552//646 694//646
f 515//639 686//657 507//639
f 507//639 686//657 695//639
f 507//639 695//639 508//639
f 696//639 453//639 697//639
f 697//639 453//639 457//646
f 697//639 457//646 698//650
f 694//646 552//646 699//639
f 699//639 552//646 554//639
f 699//639 554//639 700//639
f 700//639 554//639 556//639
f 700//639 556//639 701//639
f 702//658 703//648 550//639
f 550//639 703//648 704//639
f 550//639 704//639 551//639
f 551//639 704//639 705//639
f 551//639 705//639 546//639
f 546//639 705//639 706//639
f 546//639 706//639 548//639
f 548//639 706//639 707//639
f 548//639 707//639 540//639
f 707//639 708//639 540//639
f 540//639 708//639 709//653
f 540//639 709//653 541//647
f 541//647 709//653 710//648
f 541//647 710//648 543//639
f 543//639 710//648 674//646
f 543//639 674//646 544//646
f 544//646 674//646 535//645
f 695//639 711//653 508//639
f 508//639 711//653 712//659
f 508//639 712//659 510//639
f 510//639 712//659 713//639
f 510//639 713//639 511//649
f 698//650 457//646 714//639
f 714//639 457//646 456//639
f 714//639 456//639 715//660
f 715//660 456//639 455//647
f 715//660 455//647 716//639
f 716//639 455//647 454//639
f 716//639 454//639 717//639
f 717//639 454//639 458//646
f 717//639 458//646 681//646
f 681//646 458//646 462//646
f 681//646 462//646 461//639
f 694//646 718//639 495//639
f 495//639 718//639 702//658
f 495//639 702//658 496//639
f 496//639 702//658 550//639
f 496//639 550//639 549//639
f 501//640 499//661 719//639
f 719//639 499//661 498//639
f 719//639 498//639 720//639
f 720//639 498//639 511//649
f 720//639 511//649 721//646
f 721//646 511//649 713//639
f 480//646 679//639 476//639
f 476//639 679//639 722//648
f 476//639 722//648 474//639
f 474//639 722//648 723//662
f 474//639 723//662 345//639
f 345//639 723//662 724//640
f 345//639 724//640 346//639
f 346//639 724//640 725//639
f 346//639 725//639 471//639
f 471//639 725//639 726//663
f 471//639 726//663 472//639
f 472//639 726//663 727//646
f 472//639 727//646 473//639
f 473//639 727//646 728//639
f 473//639 728//639 467//639
f 467//639 728//639 729//664
f 467//639 729//664 661//641
f 719//639 730//647 501//640
f 501//640 730//647 731//665
f 501//640 731//665 502//666
f 502//666 731//665 732//639
f 502//666 732//639 506//639
f 506//639 732//639 505//639
f 480//646 479//656 678//650
f 678//650 479//656 478//646
f 678//650 478//646 733//639
f 733//639 478//646 485//639
f 733//639 485//639 734//667
f 734//667 485//639 484//639
f 734//667 484//639 735//649
f 735//649 484//639 482//668
f 735//649 482//668 736//655
f 736//655 482//668 481//639
f 736//655 481//639 737//669
f 556//639 557//646 701//639
f 701//639 557//646 559//639
f 701//639 559//639 738//639
f 738//639 559//639 564//639
f 738//639 564//639 739//653
f 739//653 564//639 563//647
f 739//653 563//647 740//639
f 740//639 563//647 561//646
f 740//639 561//646 741//646
f 741//646 561//646 560//647
f 741//646 560//647 742//639
f 742//639 560//647 566//639
f 742//639 566//639 743//639
f 743//639 566//639 567//639
f 743//639 567//639 744//639
f 744//639 567//639 569//647
f 744//639 569//647 745//648
f 745//648 569//647 570//639
f 745//648 570//639 746//639
f 746//639 570//639 572//647
f 746//639 572//647 747//639
f 747//639 572//647 575//648
f 747//639 575//648 748//648
f 748//648 575//648 574//670
f 748//648 574//670 749//639
f 749//639 574//670 573//645
f 749//639 573//645 750//645
f 750//645 573//645 576//639
f 750//645 576//639 751//639
f 751//639 576//639 578//646
f 751//639 578//646 752//671
f 752//671 578//646 580//647
f 752//671 580//647 753//639
f 753//639 580//647 581//646
f 753//639 581//646 754//639
f 754//639 581//646 583//639
f 754//639 583//639 755//639
f 755//639 583//639 588//646
f 755//639 588//646 756//672
f 756//672 588//646 587//662
f 756//672 587//662 757//639
f 757//639 587//662 585//647
f 757//639 585//647 758//647
f 758//647 585//647 584//639
f 758//647 584//639 759//662
f 759//662 584//639 590//639
f 759//662 590//639 760//639
f 760//639 590//639 589//639
f 760//639 589//639 761//639
f 761//639 589//639 423//639
f 761//639 423//639 762//639
f 763//639 359//673 764//639
f 764//639 359//673 358//639
f 764//639 358//639 765//674
f 765//674 358//639 367//639
f 765//674 367//639 366//639
f 737//669 481//639 766//639
f 766//639 481//639 488//639
f 766//639 488//639 767//639
f 767//639 488//639 487//639
f 767//639 487//639 763//639
f 763//639 487//639 486//656
f 763//639 486//656 359//673
f 762//639 423//639 768//639
f 768//639 423//639 355//639
f 768//639 355//639 769//639
f 769//639 355//639 354//639
f 769//639 354//639 770//639
f 770//639 354//639 424//639
f 770//639 424//639 771//639
f 771//639 424//639 425//656
f 771//639 425//656 772//645
f 772//645 425//656 428//650
f 772//645 428//650 773//639
f 773//639 428//650 427//639
f 773//639 427//639 774//675
f 774//675 427//639 426//662
f 774//675 426//662 775//639
f 775//639 426//662 352//639
f 775//639 352//639 776//639
f 776//639 352//639 351//676
f 776//639 351//676 777//655
f 777//655 351//676 429//646
f 777//655 429//646 778//639
f 778//639 429//646 433//639
f 778//639 433//639 779//639
f 779//639 433//639 432//677
f 779//639 432//677 780//650
f 780//650 432//677 431//647
f 780//650 431//647 781//639
f 781//639 431//647 430//639
f 781//639 430//639 782//639
f 782//639 430//639 437//662
f 782//639 437//662 783//639
f 783//639 437//662 436//639
f 783//639 436//639 784//672
f 784//672 436//639 435//639
f 784//672 435//639 785//647
f 785//647 435//639 434//639
f 785//647 434//639 786//669
f 786//669 434//639 438//639
f 786//669 438//639 787//671
f 787//671 438//639 442//648
f 787//671 442//648 788//647
f 788//647 442//648 441//646
f 788//647 441//646 789//639
f 789//639 441//646 440//646
f 789//639 440//646 790//639
f 790//639 440//646 439//639
f 790//639 439//639 791//639
f 791//639 439//639 446//639
f 791//639 446//639 792//639
f 792//639 446//639 445//647
f 792//639 445//647 793//639
f 793//639 445//647 444//639
f 793//639 444//639 794//639
f 794//639 444//639 443//647
f 794//639 443//647 795//649
f 795//649 443//647 447//647
f 795//649 447//647 796//646
f 796//646 447//647 448//645
f 796//646 448//645 797//639
f 797//639 448//645 449//648
f 797//639 449//648 798//647
f 798//647 449//648 450//639
f 798//647 450//639 799//656
f 799//656 450//639 451//639
f 799//656 451//639 696//639
f 696//639 451//639 452//639
f 696//639 452//639 453//639
f 800//678 801//679 802//680
f 803//681 804//682 805//683
f 806//684 807//685 808//686
f 809//687 810//688 811//689
f 812//690 813//691 814//692
f 815//693 816//694 817//695
f 818//696 819//697 820//698
f 821//699 822//700 823//701
f 824//702 825//703 826//704
f 827//705 828//706 829//707
f 830//708 831//709 832//710
f 833//711 834//712 835//713
f 718//714 694//715 836//716
f 750//717 751//718 837//719
f 761//720 762//721 838//722
f 839//723 760//724 761//720
f 756//725 757//726 840//727
f 840//727 757//726 758//728
f 840//727 758//728 759//729
f 837//719 751//718 841//730
f 751//718 752//731 841//730
f 841//730 752//731 753//732
f 841//730 753//732 842//733
f 842//733 753//732 754//734
f 842//733 754//734 755//735
f 750//717 837//719 749//736
f 749//736 837//719 843//737
f 749//736 843//737 748//738
f 844//739 745//740 746//741
f 844//739 746//741 843//737
f 843//737 746//741 747//742
f 843//737 747//742 748//738
f 745//740 844//739 744//743
f 744//743 844//739 845//744
f 744//743 845//744 743//745
f 743//745 845//744 742//746
f 742//746 845//744 846//747
f 742//746 846//747 741//748
f 847//749 738//750 739//751
f 847//749 739//751 846//747
f 846//747 739//751 740//752
f 846//747 740//752 741//748
f 836//716 694//715 848//753
f 694//715 699//754 848//753
f 848//753 699//754 700//755
f 848//753 700//755 847//749
f 847//749 700//755 701//756
f 847//749 701//756 738//750
f 849//757 850//758 705//759
f 705//759 704//760 849//757
f 849//757 704//760 703//761
f 849//757 703//761 836//716
f 836//716 703//761 702//762
f 836//716 702//762 718//714
f 709//763 708//764 851//765
f 851//765 708//764 707//766
f 851//765 707//766 850//758
f 850//758 707//766 706//767
f 850//758 706//767 705//759
f 852//768 674//769 853//770
f 853//770 674//769 710//771
f 853//770 710//771 709//763
f 854//772 672//773 852//768
f 852//768 672//773 673//774
f 852//768 673//774 674//769
f 855//775 664//776 854//772
f 854//772 664//776 671//777
f 854//772 671//777 672//773
f 856//778 675//779 855//775
f 855//775 675//779 682//780
f 855//775 682//780 664//776
f 665//781 677//782 856//778
f 856//778 677//782 676//783
f 856//778 676//783 675//779
f 667//784 660//785 857//786
f 857//786 660//785 858//787
f 667//784 857//786 668//788
f 668//788 857//786 859//789
f 668//788 859//789 669//790
f 684//791 683//792 860//793
f 860//793 683//792 663//794
f 860//793 663//794 859//789
f 859//789 663//794 670//795
f 859//789 670//795 669//790
f 684//791 860//793 685//796
f 685//796 860//793 861//797
f 685//796 861//797 686//798
f 713//799 712//800 861//797
f 713//799 861//797 721//801
f 721//801 861//797 862//802
f 721//801 862//802 720//803
f 712//800 711//804 861//797
f 861//797 711//804 695//805
f 861//797 695//805 686//798
f 732//806 731//807 862//802
f 863//808 654//809 655//810
f 863//808 655//810 862//802
f 862//802 655//810 505//811
f 862//802 505//811 732//806
f 731//807 730//812 862//802
f 862//802 730//812 719//813
f 862//802 719//813 720//803
f 651//814 652//815 863//808
f 863//808 652//815 653//816
f 863//808 653//816 654//809
f 651//814 863//808 650//817
f 650//817 863//808 864//818
f 650//817 864//818 649//819
f 865//820 646//821 647//822
f 865//820 647//822 864//818
f 864//818 647//822 648//823
f 864//818 648//823 649//819
f 866//824 644//825 865//820
f 865//820 644//825 645//826
f 865//820 645//826 646//821
f 623//827 642//828 866//824
f 866//824 642//828 643//829
f 866//824 643//829 644//825
f 621//830 622//831 867//832
f 867//832 622//831 868//833
f 869//834 870//835 871//836
f 871//836 870//835 872//837
f 871//836 872//837 873//838
f 873//838 872//837 835//713
f 873//838 835//713 874//839
f 874//839 835//713 834//712
f 875//840 876//841 877//842
f 878//843 879//844 880//845
f 881//846 882//847 883//848
f 883//848 882//847 884//849
f 883//848 884//849 870//835
f 870//835 884//849 885//850
f 870//835 885//850 872//837
f 872//837 885//850 886//851
f 872//837 886//851 835//713
f 887//852 888//853 889//854
f 889//854 888//853 890//855
f 889//854 890//855 891//856
f 891//856 890//855 892//857
f 891//856 892//857 893//858
f 893//858 892//857 894//859
f 893//858 894//859 880//845
f 880//845 894//859 829//707
f 880//845 829//707 878//843
f 878//843 829//707 828//706
f 822//700 827//705 823//701
f 823//701 827//705 829//707
f 823//701 829//707 895//860
f 895//860 829//707 894//859
f 895//860 894//859 896//861
f 896//861 894//859 892//857
f 896//861 892//857 897//862
f 897//862 892//857 890//855
f 898//863 899//864 900//865
f 900//865 899//864 824//702
f 901//866 902//867 903//868
f 903//868 902//867 898//863
f 904//869 905//870 906//871
f 907//872 908//873 909//874
f 909//874 908//873 910//875
f 909//874 910//875 911//876
f 909//874 911//876 912//877
f 912//877 911//876 913//878
f 914//879 915//880 916//881
f 916//881 915//880 917//882
f 916//881 917//882 826//704
f 918//883 919//884 915//880
f 915//880 919//884 920//885
f 915//880 920//885 917//882
f 921//886 922//887 923//888
f 921//886 923//888 924//889
f 924//889 923//888 925//890
f 924//889 925//890 908//873
f 908//873 925//890 910//875
f 926//891 927//892 928//893
f 928//893 927//892 929//894
f 930//895 931//896 932//897
f 932//897 931//896 933//898
f 932//897 933//898 934//899
f 935//900 930//895 936//901
f 936//901 930//895 932//897
f 936//901 932//897 937//902
f 937//902 932//897 934//899
f 937//902 934//899 938//903
f 939//904 935//900 940//905
f 940//905 935//900 936//901
f 940//905 936//901 941//906
f 941//906 936//901 937//902
f 941//906 937//902 942//907
f 942//907 937//902 938//903
f 942//907 938//903 943//908
f 944//909 943//908 945//910
f 945//910 943//908 938//903
f 945//910 938//903 946//911
f 946//911 938//903 934//899
f 946//911 934//899 929//894
f 929//894 934//899 933//898
f 929//894 933//898 928//893
f 928//893 933//898 931//896
f 928//893 931//896 947//912
f 947//912 931//896 930//895
f 947//912 930//895 948//913
f 948//913 930//895 935//900
f 948//913 935//900 949//914
f 949//914 935//900 939//904
f 949//914 939//904 950//915
f 914//879 950//915 816//694
f 816//694 950//915 939//904
f 816//694 939//904 817//695
f 817//695 939//904 940//905
f 817//695 940//905 951//916
f 951//916 940//905 941//906
f 951//916 941//906 952//917
f 952//917 941//906 942//907
f 952//917 942//907 953//918
f 953//918 942//907 943//908
f 953//918 943//908 954//919
f 954//919 943//908 944//909
f 955//920 956//921 957//922
f 958//923 959//924 960//925
f 960//925 959//924 961//926
f 957//922 956//921 962//927
f 961//926 959//924 956//921
f 956//921 959//924 962//927
f 963//928 964//929 965//930
f 966//931 967//932 968//933
f 968//933 967//932 969//934
f 968//933 969//934 970//935
f 970//935 969//934 963//928
f 970//935 963//928 971//936
f 971//936 963//928 965//930
f 971//936 965//930 972//937
f 972//937 965//930 960//925
f 972//937 960//925 973//938
f 973//938 960//925 961//926
f 973//938 961//926 974//939
f 974//939 961//926 956//921
f 974//939 956//921 975//940
f 975//940 956//921 955//920
f 975//940 955//920 976//941
f 976//941 955//920 977//942
f 976//941 977//942 978//943
f 978//943 977//942 921//886
f 978//943 921//886 979//944
f 979//944 921//886 924//889
f 979//944 924//889 980//945
f 980//945 924//889 908//873
f 980//945 908//873 820//698
f 820//698 908//873 907//872
f 820//698 907//872 818//696
f 981//946 982//947 969//934
f 969//934 982//947 963//928
f 963//928 982//947 964//929
f 964//929 983//948 965//930
f 965//930 983//948 984//949
f 965//930 984//949 960//925
f 960//925 984//949 958//923
f 985//950 986//951 944//909
f 944//909 986//951 987//952
f 944//909 987//952 954//919
f 955//920 957//922 988//953
f 955//920 988//953 977//942
f 988//953 989//954 977//942
f 977//942 989//954 990//955
f 977//942 990//955 921//886
f 921//886 990//955 922//887
f 926//891 991//956 992//957
f 992//957 991//956 993//958
f 992//957 993//958 994//959
f 994//959 993//958 995//960
f 994//959 995//960 996//961
f 996//961 995//960 997//962
f 996//961 997//962 998//963
f 998//963 997//962 999//964
f 998//963 999//964 1000//965
f 1000//965 999//964 1001//966
f 1000//965 1001//966 1002//967
f 1002//967 1001//966 1003//968
f 1004//969 1003//968 1005//970
f 1005//970 1003//968 1001//966
f 1005//970 1001//966 1006//971
f 1006//971 1001//966 999//964
f 1006//971 999//964 1007//972
f 1007//972 999//964 997//962
f 1007//972 997//962 1008//973
f 1008//973 997//962 995//960
f 1008//973 995//960 1009//974
f 1009//974 995//960 993//958
f 1009//974 993//958 1010//975
f 926//891 992//957 927//892
f 927//892 992//957 994//959
f 927//892 994//959 929//894
f 929//894 994//959 996//961
f 929//894 996//961 946//911
f 946//911 996//961 998//963
f 946//911 998//963 945//910
f 945//910 998//963 1000//965
f 945//910 1000//965 944//909
f 944//909 1000//965 1002//967
f 944//909 1002//967 985//950
f 985//950 1002//967 1003//968
f 985//950 1003//968 1011//976
f 1011//976 1003//968 1004//969
f 1011//976 1004//969 1012//977
f 815//693 817//695 1013//978
f 1013//978 817//695 951//916
f 1013//978 951//916 1014//979
f 1014//979 951//916 952//917
f 1014//979 952//917 1015//980
f 1015//980 952//917 953//918
f 1015//980 953//918 1016//981
f 1016//981 953//918 954//919
f 1016//981 954//919 1017//982
f 1017//982 954//919 987//952
f 1017//982 987//952 1018//983
f 1018//983 987//952 986//951
f 1018//983 986//951 1019//984
f 1019//984 986//951 985//950
f 1019//984 985//950 1020//985
f 1020//985 985//950 1011//976
f 1020//985 1011//976 1021//986
f 1021//986 1011//976 1012//977
f 1021//986 1012//977 1022//987
f 824//702 826//704 900//865
f 900//865 826//704 917//882
f 900//865 917//882 1023//988
f 1023//988 917//882 920//885
f 1023//988 920//885 1024//989
f 1024//989 920//885 919//884
f 1024//989 919//884 1025//990
f 1025//990 919//884 918//883
f 1025//990 918//883 1026//991
f 1026//991 918//883 1027//992
f 1026//991 1027//992 1028//993
f 1028//993 1027//992 1029//994
f 1028//993 1029//994 1030//995
f 1030//995 1029//994 1031//996
f 1030//995 1031//996 1032//997
f 1032//997 1031//996 1033//998
f 1032//997 1033//998 1034//999
f 1034//999 1033//998 1035//1000
f 1034//999 1035//1000 1036//1001
f 1036//1001 1035//1000 1037//1002
f 1036//1001 1037//1002 1038//1003
f 1038//1003 1037//1002 1039//1004
f 1038//1003 1039//1004 1040//1005
f 1040//1005 1039//1004 1041//1006
f 1040//1005 1041//1006 1042//1007
f 1042//1007 1041//1006 1043//1008
f 1042//1007 1043//1008 1044//1009
f 1044//1009 1043//1008 1045//1010
f 1044//1009 1045//1010 1046//1011
f 914//879 816//694 915//880
f 915//880 816//694 815//693
f 915//880 815//693 918//883
f 918//883 815//693 1013//978
f 918//883 1013//978 1027//992
f 1027//992 1013//978 1014//979
f 1027//992 1014//979 1029//994
f 1029//994 1014//979 1015//980
f 1029//994 1015//980 1031//996
f 1031//996 1015//980 1016//981
f 1031//996 1016//981 1033//998
f 1033//998 1016//981 1017//982
f 1033//998 1017//982 1035//1000
f 1035//1000 1017//982 1018//983
f 1035//1000 1018//983 1037//1002
f 1037//1002 1018//983 1019//984
f 1037//1002 1019//984 1039//1004
f 1039//1004 1019//984 1020//985
f 1039//1004 1020//985 1041//1006
f 1041//1006 1020//985 1021//986
f 1041//1006 1021//986 1043//1008
f 1043//1008 1021//986 1022//987
f 1043//1008 1022//987 1045//1010
f 898//863 900//865 903//868
f 903//868 900//865 1023//988
f 903//868 1023//988 1047//1012
f 1047//1012 1023//988 1024//989
f 1047//1012 1024//989 1048//1013
f 1048//1013 1024//989 1025//990
f 1048//1013 1025//990 1049//1014
f 1049//1014 1025//990 1026//991
f 1049//1014 1026//991 1050//1015
f 1050//1015 1026//991 1028//993
f 1050//1015 1028//993 1051//1016
f 1051//1016 1028//993 1030//995
f 1051//1016 1030//995 1052//1017
f 1052//1017 1030//995 1032//997
f 1052//1017 1032//997 1053//1018
f 1053//1018 1032//997 1034//999
f 1053//1018 1034//999 1054//1019
f 1054//1019 1034//999 1036//1001
f 1054//1019 1036//1001 1055//1020
f 1055//1020 1036//1001 1038//1003
f 1055//1020 1038//1003 1056//1021
f 1056//1021 1038//1003 1040//1005
f 1056//1021 1040//1005 1057//1022
f 1057//1022 1040//1005 1042//1007
f 1057//1022 1042//1007 1058//1023
f 1058//1023 1042//1007 1044//1009
f 1058//1023 1044//1009 1059//1024
f 1059//1024 1044//1009 1046//1011
f 1059//1024 1046//1011 1060//1025
f 1060//1025 1061//1026 1059//1024
f 1059//1024 1061//1026 1062//1027
f 1059//1024 1062//1027 1058//1023
f 1058//1023 1062//1027 1063//1028
f 1058//1023 1063//1028 1057//1022
f 1057//1022 1063//1028 1064//1029
f 1057//1022 1064//1029 1056//1021
f 1056//1021 1064//1029 1065//1030
f 1056//1021 1065//1030 1055//1020
f 1055//1020 1065//1030 1066//1031
f 1055//1020 1066//1031 1054//1019
f 1054//1019 1066//1031 1067//1032
f 1054//1019 1067//1032 1053//1018
f 1053//1018 1067//1032 1068//1033
f 1053//1018 1068//1033 1052//1017
f 1052//1017 1068//1033 1069//1034
f 1052//1017 1069//1034 1051//1016
f 1051//1016 1069//1034 1070//1035
f 1051//1016 1070//1035 1050//1015
f 1050//1015 1070//1035 1071//1036
f 1050//1015 1071//1036 1049//1014
f 1049//1014 1071//1036 1072//1037
f 1049//1014 1072//1037 1048//1013
f 1048//1013 1072//1037 1073//1038
f 1048//1013 1073//1038 1047//1012
f 1047//1012 1073//1038 904//869
f 1047//1012 904//869 903//868
f 903//868 904//869 906//871
f 903//868 906//871 901//866
f 1061//1026 966//931 1062//1027
f 1062//1027 966//931 968//933
f 1062//1027 968//933 1063//1028
f 1063//1028 968//933 970//935
f 1063//1028 970//935 1064//1029
f 1064//1029 970//935 971//936
f 1064//1029 971//936 1065//1030
f 1065//1030 971//936 972//937
f 1065//1030 972//937 1066//1031
f 1066//1031 972//937 973//938
f 1066//1031 973//938 1067//1032
f 1067//1032 973//938 974//939
f 1067//1032 974//939 1068//1033
f 1068//1033 974//939 975//940
f 1068//1033 975//940 1069//1034
f 1069//1034 975//940 976//941
f 1069//1034 976//941 1070//1035
f 1070//1035 976//941 978//943
f 1070//1035 978//943 1071//1036
f 1071//1036 978//943 979//944
f 1071//1036 979//944 1072//1037
f 1072//1037 979//944 980//945
f 1072//1037 980//945 1073//1038
f 1073//1038 980//945 820//698
f 1073//1038 820//698 904//869
f 904//869 820//698 819//697
f 904//869 819//697 905//870
f 1074//1039 1075//1040 1076//1041
f 1077//1042 1074//1039 1078//1043
f 1078//1043 1074//1039 1076//1041
f 1078//1043 1076//1041 1079//1044
f 1079//1044 1076//1041 1080//1045
f 1079//1044 1080//1045 1081//1046
f 1079//1044 1081//1046 1082//1047
f 1083//1048 1084//1049 1085//1050
f 1085//1050 1084//1049 1086//1051
f 1085//1050 1086//1051 1087//1052
f 1087//1052 1086//1051 1088//1053
f 1087//1052 1088//1053 1089//1054
f 1089//1054 1088//1053 1090//1055
f 1089//1054 1090//1055 1091//1056
f 1091//1056 1090//1055 1092//1057
f 1091//1056 1092//1057 1093//1058
f 1093//1058 1092//1057 1094//1059
f 1093//1058 1094//1059 1095//1060
f 1095//1060 1094//1059 1096//1061
f 1095//1060 1096//1061 1097//1062
f 1097//1062 1096//1061 1098//1063
f 1097//1062 1098//1063 1099//1064
f 1099//1064 1098//1063 1100//1065
f 1099//1064 1100//1065 1101//1066
f 1101//1066 1100//1065 1102//1067
f 1101//1066 1102//1067 1103//1068
f 1103//1068 1102//1067 1104//1069
f 1103//1068 1104//1069 1105//1070
f 1105//1070 1104//1069 1106//1071
f 1105//1070 1106//1071 1107//1072
f 1107//1072 1106//1071 1108//1073
f 1107//1072 1108//1073 1109//1074
f 1109//1074 1108//1073 1110//1075
f 1109//1074 1110//1075 814//692
f 814//692 1110//1075 1111//1076
f 814//692 1111//1076 812//690
f 1084//1049 1112//1077 1086//1051
f 1086//1051 1112//1077 1113//1078
f 1086//1051 1113//1078 1088//1053
f 1088//1053 1113//1078 1114//1079
f 1088//1053 1114//1079 1090//1055
f 1090//1055 1114//1079 1115//1080
f 1090//1055 1115//1080 1092//1057
f 1092//1057 1115//1080 1116//1081
f 1092//1057 1116//1081 1094//1059
f 1094//1059 1116//1081 1117//1082
f 1094//1059 1117//1082 1096//1061
f 1096//1061 1117//1082 1118//1083
f 1096//1061 1118//1083 1098//1063
f 1098//1063 1118//1083 1119//1084
f 1098//1063 1119//1084 1100//1065
f 1100//1065 1119//1084 1120//1085
f 1100//1065 1120//1085 1102//1067
f 1102//1067 1120//1085 1121//1086
f 1102//1067 1121//1086 1104//1069
f 1104//1069 1121//1086 1122//1087
f 1104//1069 1122//1087 1106//1071
f 1106//1071 1122//1087 1123//1088
f 1106//1071 1123//1088 1108//1073
f 1108//1073 1123//1088 1124//1089
f 1108//1073 1124//1089 1110//1075
f 1110//1075 1124//1089 1125//1090
f 1110//1075 1125//1090 1111//1076
f 1112//1077 851//765 1113//1078
f 1113//1078 851//765 850//758
f 1113//1078 850//758 1114//1079
f 1114//1079 850//758 849//757
f 1114//1079 849//757 1115//1080
f 1115//1080 849//757 836//716
f 1115//1080 836//716 1116//1081
f 1116//1081 836//716 848//753
f 1116//1081 848//753 1117//1082
f 1117//1082 848//753 847//749
f 1117//1082 847//749 1118//1083
f 1118//1083 847//749 846//747
f 1118//1083 846//747 1119//1084
f 1119//1084 846//747 845//744
f 1119//1084 845//744 1120//1085
f 1120//1085 845//744 844//739
f 1120//1085 844//739 1121//1086
f 1121//1086 844//739 843//737
f 1121//1086 843//737 1122//1087
f 1122//1087 843//737 837//719
f 1122//1087 837//719 1123//1088
f 1123//1088 837//719 841//730
f 1123//1088 841//730 1124//1089
f 1124//1089 841//730 842//733
f 1124//1089 842//733 1125//1090
f 1126//1091 840//727 839//723
f 839//723 840//727 759//729
f 839//723 759//729 760//724
f 761//720 838//722 839//723
f 839//723 838//722 1126//1091
f 1126//1091 838//722 1127//1092
f 1126//1091 1127//1092 1128//1093
f 1128//1093 1129//1093 1111//1076
f 1111//1076 1129//1093 812//690
f 755//735 756//725 842//733
f 842//733 756//725 840//727
f 842//733 840//727 1125//1090
f 1125//1090 840//727 1126//1091
f 1125//1090 1126//1091 1111//1076
f 1111//1076 1126//1091 1128//1093
f 813//691 1130//1094 1075//1040
f 1075//1040 1130//1094 1131//1095
f 1075//1040 1131//1095 1076//1041
f 1076//1041 1131//1095 1080//1045
f 1132//1096 1133//1097 1134//1098
f 1134//1098 1133//1097 1135//1099
f 1136//1100 1135//1099 1137//1101
f 1137//1101 1138//1102 1139//1103
f 1139//1103 1138//1102 1140//1104
f 811//689 1141//1105 1142//1106
f 1142//1106 1141//1105 1143//1107
f 1010//975 993//958 1144//1108
f 1144//1108 993//958 991//956
f 1144//1108 991//956 1145//1109
f 1145//1109 991//956 1146//1110
f 1145//1109 1146//1110 1147//1111
f 1147//1111 1146//1110 1148//1112
f 1147//1111 1148//1112 1149//1113
f 1149//1113 1148//1112 1150//1114
f 1149//1113 1150//1114 1151//1115
f 1151//1115 1150//1114 1152//1116
f 1151//1115 1152//1116 1153//1117
f 811//689 810//688 1141//1105
f 1141//1105 810//688 1154//1118
f 1141//1105 1154//1118 1143//1107
f 1143//1107 1154//1118 1155//1119
f 1143//1107 1155//1119 1156//1120
f 1156//1120 1155//1119 1157//1121
f 1156//1120 1157//1121 1158//1122
f 1157//1121 1159//1123 1158//1122
f 1158//1122 1159//1123 1160//1124
f 1158//1122 1160//1124 1161//1125
f 1160//1124 1162//1126 1161//1125
f 1161//1125 1162//1126 1163//1127
f 1161//1125 1163//1127 1164//1128
f 1163//1127 1165//1129 1164//1128
f 1164//1128 1165//1129 1166//1130
f 1164//1128 1166//1130 1167//1131
f 1167//1131 1166//1130 1168//1132
f 1167//1131 1168//1132 1083//1048
f 1169//1133 1170//1134 1171//1135
f 1172//1136 1173//1137 867//832
f 867//832 868//833 1172//1136
f 1172//1136 868//833 1174//1138
f 1172//1136 1174//1138 1175//1139
f 1175//1139 1174//1138 1176//1140
f 1175//1139 1176//1140 1177//1141
f 1177//1141 1176//1140 1178//1142
f 1177//1141 1178//1142 1179//1143
f 1179//1143 1178//1142 1180//1144
f 1179//1143 1180//1144 1181//1145
f 1181//1145 1180//1144 1182//1146
f 1181//1145 1182//1146 1183//1147
f 1184//1148 1185//1149 1186//1150
f 1186//1150 1185//1149 1187//1151
f 1186//1150 1187//1151 1188//1152
f 1188//1152 1187//1151 1189//1153
f 1188//1152 1189//1153 1190//1154
f 1190//1154 1189//1153 1191//1155
f 1190//1154 1191//1155 1192//1156
f 1192//1156 1191//1155 1193//1157
f 1192//1156 1193//1157 1194//1158
f 1194//1158 1193//1157 1195//1159
f 1194//1158 1195//1159 1196//1160
f 1196//1160 1195//1159 1197//1161
f 1196//1160 1197//1161 1198//1162
f 1198//1162 1197//1161 1199//1163
f 1198//1162 1199//1163 1200//1164
f 1200//1164 1199//1163 1201//1165
f 1200//1164 1201//1165 1202//1166
f 1202//1166 1201//1165 1203//1167
f 1202//1166 1203//1167 1204//1168
f 1204//1168 1203//1167 1205//1169
f 1204//1168 1205//1169 1206//1170
f 1206//1170 1205//1169 1207//1171
f 1206//1170 1207//1171 1208//1172
f 1208//1172 1207//1171 1209//1173
f 1208//1172 1209//1173 1210//1174
f 853//770 1211//1175 852//768
f 852//768 1211//1175 1212//1176
f 852//768 1212//1176 854//772
f 854//772 1212//1176 1213//1177
f 854//772 1213//1177 855//775
f 855//775 1213//1177 1214//1178
f 855//775 1214//1178 856//778
f 856//778 1214//1178 1215//1179
f 856//778 1215//1179 665//781
f 665//781 1215//1179 858//787
f 665//781 858//787 666//1180
f 666//1180 858//787 660//785
f 1211//1175 1184//1148 1212//1176
f 1212//1176 1184//1148 1186//1150
f 1212//1176 1186//1150 1213//1177
f 1213//1177 1186//1150 1188//1152
f 1213//1177 1188//1152 1214//1178
f 1214//1178 1188//1152 1190//1154
f 1214//1178 1190//1154 1215//1179
f 1215//1179 1190//1154 1192//1156
f 1215//1179 1192//1156 858//787
f 858//787 1192//1156 1194//1158
f 858//787 1194//1158 857//786
f 857//786 1194//1158 1196//1160
f 857//786 1196//1160 859//789
f 859//789 1196//1160 1198//1162
f 859//789 1198//1162 860//793
f 860//793 1198//1162 1200//1164
f 860//793 1200//1164 861//797
f 861//797 1200//1164 1202//1166
f 861//797 1202//1166 862//802
f 862//802 1202//1166 1204//1168
f 862//802 1204//1168 863//808
f 863//808 1204//1168 1206//1170
f 863//808 1206//1170 864//818
f 864//818 1206//1170 1208//1172
f 864//818 1208//1172 865//820
f 865//820 1208//1172 1210//1174
f 865//820 1210//1174 866//824
f 709//763 851//765 853//770
f 853//770 851//765 1112//1077
f 853//770 1112//1077 1211//1175
f 1211//1175 1112//1077 1084//1049
f 1211//1175 1084//1049 1184//1148
f 1184//1148 1084//1049 1083//1048
f 1184//1148 1083//1048 1185//1149
f 1185//1149 1083//1048 1168//1132
f 1185//1149 1168//1132 1187//1151
f 1187//1151 1168//1132 1166//1130
f 1187//1151 1166//1130 1189//1153
f 1189//1153 1166//1130 1165//1129
f 1189//1153 1165//1129 1191//1155
f 1191//1155 1165//1129 1163//1127
f 1191//1155 1163//1127 1193//1157
f 1193//1157 1163//1127 1162//1126
f 1193//1157 1162//1126 1195//1159
f 1195//1159 1162//1126 1160//1124
f 1195//1159 1160//1124 1197//1161
f 1197//1161 1160//1124 1159//1123
f 1197//1161 1159//1123 1199//1163
f 1199//1163 1159//1123 1157//1121
f 1199//1163 1157//1121 1201//1165
f 1201//1165 1157//1121 1155//1119
f 1201//1165 1155//1119 1203//1167
f 1203//1167 1155//1119 1154//1118
f 1203//1167 1154//1118 1205//1169
f 1205//1169 1154//1118 810//688
f 1205//1169 810//688 1207//1171
f 1207//1171 810//688 809//687
f 1207//1171 809//687 1209//1173
f 1216//1181 1217//1182 1218//1183
f 1219//1184 1220//1185 1216//1181
f 1220//1185 1219//1184 1221//1186
f 1221//1186 1219//1184 1222//1187
f 1221//1186 1222//1187 1223//1188
f 1216//1181 1218//1183 1219//1184
f 1219//1184 1218//1183 1224//1189
f 1225//1190 1226//1191 1227//1192
f 1228//1193 1229//1194 1230//1195
f 1230//1195 1229//1194 1231//1196
f 1230//1195 1231//1196 1222//1187
f 1222//1187 1231//1196 1232//1197
f 1222//1187 1232//1197 1223//1188
f 1233//1198 1234//1199 1228//1193
f 1228//1193 1234//1199 1235//1200
f 1228//1193 1235//1200 1229//1194
f 1236//1201 1237//1202 1238//1203
f 1238//1203 1239//1204 1236//1201
f 1236//1201 1239//1204 1240//1205
f 1236//1201 1240//1205 1241//1206
f 1242//1207 1243//1208 1244//1209
f 1244//1209 1243//1208 1245//1210
f 1238//1203 1246//1211 1239//1204
f 1239//1204 1246//1211 1247//1212
f 1239//1204 1247//1212 1240//1205
f 1240//1205 1247//1212 1248//1213
f 1240//1205 1248//1213 1233//1198
f 1233//1198 1248//1213 1249//1214
f 1233//1198 1249//1214 1234//1199
f 1224//1189 1226//1191 1219//1184
f 1219//1184 1226//1191 1225//1190
f 1219//1184 1225//1190 1222//1187
f 1222//1187 1225//1190 1250//1215
f 1222//1187 1250//1215 1230//1195
f 1230//1195 1250//1215 1251//1216
f 1230//1195 1251//1216 1228//1193
f 1228//1193 1251//1216 1252//1217
f 1228//1193 1252//1217 1233//1198
f 1233//1198 1252//1217 1253//1218
f 1233//1198 1253//1218 1240//1205
f 1240//1205 1253//1218 1254//1219
f 1240//1205 1254//1219 1241//1206
f 1241//1206 1254//1219 1255//1220
f 1227//1192 1256//1221 1225//1190
f 1225//1190 1256//1221 1257//1222
f 1225//1190 1257//1222 1250//1215
f 1250//1215 1257//1222 1258//1223
f 1250//1215 1258//1223 1251//1216
f 1251//1216 1258//1223 1259//1224
f 1251//1216 1259//1224 1252//1217
f 1252//1217 1259//1224 1260//1225
f 1252//1217 1260//1225 1253//1218
f 1253//1218 1260//1225 1261//1226
f 1253//1218 1261//1226 1254//1219
f 1254//1219 1261//1226 1262//1227
f 1254//1219 1262//1227 1255//1220
f 1257//1222 1256//1221 1263//1228
f 1257//1222 1263//1228 1264//1229
f 1265//1230 1264//1229 1266//1231
f 1265//1230 1266//1231 1267//1232
f 1268//1233 1267//1232 1269//1234
f 1270//1235 1271//1236 1272//1237
f 1271//1236 1273//1238 1272//1237
f 1272//1237 1273//1238 1132//1096
f 1274//1239 1270//1235 1272//1237
f 1274//1239 1272//1237 1275//1240
f 1276//1241 1275//1240 1277//1242
f 1277//1242 1275//1240 1272//1237
f 1277//1242 1272//1237 1134//1098
f 1134//1098 1272//1237 1132//1096
f 1269//1234 1270//1235 1268//1233
f 1268//1233 1270//1235 1274//1239
f 1268//1233 1274//1239 1278//1243
f 1278//1243 1274//1239 1275//1240
f 1278//1243 1275//1240 1279//1244
f 1279//1244 1275//1240 1276//1241
f 1279//1244 1276//1241 1280//1245
f 1264//1229 1265//1230 1257//1222
f 1257//1222 1265//1230 1281//1246
f 1257//1222 1281//1246 1258//1223
f 1258//1223 1281//1246 1282//1247
f 1258//1223 1282//1247 1259//1224
f 1259//1224 1282//1247 1283//1248
f 1259//1224 1283//1248 1260//1225
f 1260//1225 1283//1248 1284//1249
f 1260//1225 1284//1249 1261//1226
f 1261//1226 1284//1249 1285//1250
f 1261//1226 1285//1250 1262//1227
f 1135//1099 1136//1100 1134//1098
f 1134//1098 1136//1100 1286//1251
f 1134//1098 1286//1251 1277//1242
f 1277//1242 1286//1251 1287//1252
f 1277//1242 1287//1252 1276//1241
f 1276//1241 1287//1252 1288//1253
f 1276//1241 1288//1253 1280//1245
f 1280//1245 1288//1253 1289//1254
f 1280//1245 1289//1254 1290//1255
f 1290//1255 1289//1254 1291//1256
f 1290//1255 1291//1256 1292//1257
f 1267//1232 1268//1233 1265//1230
f 1265//1230 1268//1233 1278//1243
f 1265//1230 1278//1243 1281//1246
f 1281//1246 1278//1243 1279//1244
f 1281//1246 1279//1244 1282//1247
f 1282//1247 1279//1244 1280//1245
f 1282//1247 1280//1245 1283//1248
f 1283//1248 1280//1245 1290//1255
f 1283//1248 1290//1255 1284//1249
f 1284//1249 1290//1255 1292//1257
f 1284//1249 1292//1257 1285//1250
f 1293//1258 1294//1259 1295//1260
f 1295//1260 1294//1259 1296//1261
f 1295//1260 1296//1261 1297//1262
f 1297//1262 1296//1261 1298//1263
f 1297//1262 1298//1263 1299//1264
f 1299//1264 1298//1263 1300//1265
f 1299//1264 1300//1265 1301//1266
f 1301//1266 1300//1265 1139//1103
f 1301//1266 1139//1103 1169//1133
f 1169//1133 1139//1103 1140//1104
f 1169//1133 1140//1104 1170//1134
f 1302//1267 1293//1258 1183//1147
f 1183//1147 1293//1258 1295//1260
f 1183//1147 1295//1260 1181//1145
f 1181//1145 1295//1260 1297//1262
f 1181//1145 1297//1262 1179//1143
f 1179//1143 1297//1262 1299//1264
f 1179//1143 1299//1264 1177//1141
f 1177//1141 1299//1264 1301//1266
f 1177//1141 1301//1266 1175//1139
f 1175//1139 1301//1266 1169//1133
f 1175//1139 1169//1133 1172//1136
f 1172//1136 1169//1133 1171//1135
f 1172//1136 1171//1135 1173//1137
f 1303//1268 1304//1269 1305//1270
f 1305//1270 1304//1269 1302//1267
f 1137//1101 1139//1103 1136//1100
f 1136//1100 1139//1103 1300//1265
f 1136//1100 1300//1265 1286//1251
f 1286//1251 1300//1265 1298//1263
f 1286//1251 1298//1263 1287//1252
f 1287//1252 1298//1263 1296//1261
f 1287//1252 1296//1261 1288//1253
f 1288//1253 1296//1261 1294//1259
f 1288//1253 1294//1259 1289//1254
f 1289//1254 1294//1259 1293//1258
f 1289//1254 1293//1258 1291//1256
f 1291//1256 1293//1258 1302//1267
f 1291//1256 1302//1267 1292//1257
f 1292//1257 1302//1267 1304//1269
f 1292//1257 1304//1269 1285//1250
f 1285//1250 1304//1269 1303//1268
f 1285//1250 1303//1268 1262//1227
f 1262//1227 1303//1268 1306//1271
f 1262//1227 1306//1271 1255//1220
f 1242//1207 1244//1209 1307//1272
f 1307//1272 1244//1209 1308//1273
f 1307//1272 1308//1273 1309//1274
f 1309//1274 1308//1273 1310//1275
f 1310//1275 1308//1273 1311//1276
f 1310//1275 1311//1276 1312//1277
f 1313//1278 1314//1279 1311//1276
f 1311//1276 1314//1279 1315//1280
f 1311//1276 1315//1280 1312//1277
f 1316//1281 1317//1282 1313//1278
f 1313//1278 1317//1282 1318//1283
f 1313//1278 1318//1283 1314//1279
f 1244//1209 1319//1284 1308//1273
f 1308//1273 1319//1284 1320//1285
f 1308//1273 1320//1285 1311//1276
f 1311//1276 1320//1285 1321//1286
f 1311//1276 1321//1286 1313//1278
f 1322//1287 1323//1288 1324//1289
f 1319//1284 1324//1289 1320//1285
f 1320//1285 1324//1289 1323//1288
f 1320//1285 1323//1288 1321//1286
f 1321//1286 1323//1288 1325//1290
f 1321//1286 1325//1290 1313//1278
f 1313//1278 1325//1290 808//686
f 1313//1278 808//686 1316//1281
f 1316//1281 808//686 807//685
f 803//681 805//683 1326//1291
f 1327//1292 1328//1293 1329//1294
f 1329//1294 1328//1293 1330//1295
f 1329//1294 1330//1295 1331//1296
f 869//834 1332//1297 870//835
f 870//835 1332//1297 1333//1298
f 870//835 1333//1298 883//848
f 883//848 1333//1298 1334//1299
f 883//848 1334//1299 881//846
f 881//846 1334//1299 1335//1300
f 881//846 1335//1300 1327//1292
f 1336//1301 801//679 1337//1302
f 1337//1302 801//679 800//678
f 1337//1302 800//678 1338//1303
f 1338//1303 800//678 1339//1304
f 1338//1303 1339//1304 805//683
f 805//683 1339//1304 1340//1305
f 805//683 1340//1305 1326//1291
f 1326//1291 1340//1305 1341//1306
f 1327//1292 1329//1294 881//846
f 881//846 1329//1294 1342//1307
f 881//846 1342//1307 882//847
f 882//847 1342//1307 1343//1308
f 882//847 1343//1308 884//849
f 884//849 1343//1308 1344//1309
f 884//849 1344//1309 885//850
f 885//850 1344//1309 1345//1310
f 885//850 1345//1310 886//851
f 1322//1287 1336//1301 1323//1288
f 1323//1288 1336//1301 1337//1302
f 1323//1288 1337//1302 1325//1290
f 1325//1290 1337//1302 1338//1303
f 1325//1290 1338//1303 808//686
f 808//686 1338//1303 805//683
f 808//686 805//683 806//684
f 806//684 805//683 804//682
f 1346//1311 802//680 1347//1312
f 1347//1312 802//680 801//679
f 1347//1312 801//679 1348//1313
f 1348//1313 801//679 1336//1301
f 1348//1313 1336//1301 1349//1314
f 1349//1314 1336//1301 1322//1287
f 1349//1314 1322//1287 1350//1315
f 1350//1315 1322//1287 1351//1316
f 1350//1315 1351//1316 1352//1317
f 1352//1317 1351//1316 1353//1318
f 1352//1317 1353//1318 1354//1319
f 879//844 830//708 880//845
f 880//845 830//708 832//710
f 880//845 832//710 893//858
f 893//858 832//710 1355//1320
f 893//858 1355//1320 891//856
f 891//856 1355//1320 1356//1321
f 891//856 1356//1321 889//854
f 889//854 1356//1321 1357//1322
f 889//854 1357//1322 887//852
f 887//852 1357//1322 1358//1323
f 887//852 1358//1323 1359//1324
f 1359//1324 1358//1323 1360//1325
f 1359//1324 1360//1325 1361//1326
f 1361//1326 1360//1325 1362//1327
f 1361//1326 1362//1327 1363//1328
f 1363//1328 1362//1327 1364//1329
f 1363//1328 1364//1329 1365//1330
f 1365//1330 1364//1329 1366//1331
f 1365//1330 1366//1331 1367//1332
f 831//709 875//840 832//710
f 832//710 875//840 877//842
f 832//710 877//842 1355//1320
f 1355//1320 877//842 1368//1333
f 1355//1320 1368//1333 1356//1321
f 1356//1321 1368//1333 1369//1334
f 1356//1321 1369//1334 1357//1322
f 1357//1322 1369//1334 1346//1311
f 1357//1322 1346//1311 1358//1323
f 1358//1323 1346//1311 1347//1312
f 1358//1323 1347//1312 1360//1325
f 1360//1325 1347//1312 1348//1313
f 1360//1325 1348//1313 1362//1327
f 1362//1327 1348//1313 1349//1314
f 1362//1327 1349//1314 1364//1329
f 1364//1329 1349//1314 1350//1315
f 1364//1329 1350//1315 1366//1331
f 1366//1331 1350//1315 1352//1317
f 1366//1331 1352//1317 1367//1332
f 1367//1332 1352//1317 1354//1319
f 876//841 833//711 877//842
f 877//842 833//711 835//713
f 877//842 835//713 1368//1333
f 1368//1333 835//713 886//851
f 1368//1333 886//851 1369//1334
f 1369//1334 886//851 1345//1310
f 1369//1334 1345//1310 1346//1311
f 1346//1311 1345//1310 1344//1309
f 1346//1311 1344//1309 802//680
f 802//680 1344//1309 1343//1308
f 802//680 1343//1308 800//678
f 800//678 1343//1308 1342//1307
f 800//678 1342//1307 1339//1304
f 1339//1304 1342//1307 1329//1294
f 1339//1304 1329//1294 1340//1305
f 1340//1305 1329//1294 1331//1296
f 1340//1305 1331//1296 1341//1306
f 622//831 623//827 868//833
f 868//833 623//827 866//824
f 868//833 866//824 1174//1138
f 1174//1138 866//824 1210//1174
f 1174//1138 1210//1174 1176//1140
f 1176//1140 1210//1174 1209//1173
f 1176//1140 1209//1173 1178//1142
f 1178//1142 1209//1173 809//687
f 1178//1142 809//687 1180//1144
f 1180//1144 809//687 811//689
f 1180//1144 811//689 1182//1146
f 1182//1146 811//689 1142//1106
f 1182//1146 1142//1106 1183//1147
f 1183//1147 1142//1106 1354//1319
f 1183//1147 1354//1319 1302//1267
f 1302//1267 1354//1319 1353//1318
f 1302//1267 1353//1318 1305//1270
f 1305//1270 1353//1318 1351//1316
f 1305//1270 1351//1316 1303//1268
f 1303//1268 1351//1316 1322//1287
f 1303//1268 1322//1287 1306//1271
f 1306//1271 1322//1287 1324//1289
f 1306//1271 1324//1289 1255//1220
f 1255//1220 1324//1289 1319//1284
f 1255//1220 1319//1284 1241//1206
f 1241//1206 1319//1284 1244//1209
f 1241//1206 1244//1209 1236//1201
f 1236//1201 1244//1209 1245//1210
f 1236//1201 1245//1210 1237//1202
f 1060//1025 1077//1042 1061//1026
f 1061//1026 1077//1042 1078//1043
f 1061//1026 1078//1043 966//931
f 966//931 1078//1043 1079//1044
f 966//931 1079//1044 967//932
f 967//932 1079//1044 1082//1047
f 1082//1047 1370//1335 967//932
f 967//932 1370//1335 1371//1336
f 967//932 1371//1336 969//934
f 969//934 1371//1336 981//946
f 825//703 821//699 826//704
f 826//704 821//699 823//701
f 826//704 823//701 916//881
f 916//881 823//701 895//860
f 916//881 895//860 914//879
f 914//879 895//860 896//861
f 914//879 896//861 950//915
f 950//915 896//861 897//862
f 950//915 897//862 949//914
f 949//914 897//862 890//855
f 949//914 890//855 948//913
f 948//913 890//855 888//853
f 948//913 888//853 947//912
f 947//912 888//853 887//852
f 947//912 887//852 928//893
f 928//893 887//852 1359//1324
f 928//893 1359//1324 926//891
f 926//891 1359//1324 1361//1326
f 926//891 1361//1326 991//956
f 991//956 1361//1326 1363//1328
f 991//956 1363//1328 1146//1110
f 1146//1110 1363//1328 1365//1330
f 1146//1110 1365//1330 1148//1112
f 1148//1112 1365//1330 1367//1332
f 1148//1112 1367//1332 1150//1114
f 1150//1114 1367//1332 1354//1319
f 1150//1114 1354//1319 1152//1116
f 1152//1116 1354//1319 1142//1106
f 1152//1116 1142//1106 1153//1117
f 1153//1117 1142//1106 1143//1107
f 1153//1117 1143//1107 1151//1115
f 1151//1115 1143//1107 1156//1120
f 1151//1115 1156//1120 1149//1113
f 1149//1113 1156//1120 1158//1122
f 1149//1113 1158//1122 1147//1111
f 1147//1111 1158//1122 1161//1125
f 1147//1111 1161//1125 1145//1109
f 1145//1109 1161//1125 1164//1128
f 1145//1109 1164//1128 1144//1108
f 1144//1108 1164//1128 1167//1131
f 1144//1108 1167//1131 1010//975
f 1010//975 1167//1131 1083//1048
f 1010//975 1083//1048 1009//974
f 1009//974 1083//1048 1085//1050
f 1009//974 1085//1050 1008//973
f 1008//973 1085//1050 1087//1052
f 1008//973 1087//1052 1007//972
f 1007//972 1087//1052 1089//1054
f 1007//972 1089//1054 1006//971
f 1006//971 1089//1054 1091//1056
f 1006//971 1091//1056 1005//970
f 1005//970 1091//1056 1093//1058
f 1005//970 1093//1058 1004//969
f 1004//969 1093//1058 1095//1060
f 1004//969 1095//1060 1012//977
f 1012//977 1095//1060 1097//1062
f 1012//977 1097//1062 1022//987
f 1022//987 1097//1062 1099//1064
f 1022//987 1099//1064 1045//1010
f 1045//1010 1099//1064 1101//1066
f 1045//1010 1101//1066 1046//1011
f 1046//1011 1101//1066 1103//1068
f 1046//1011 1103//1068 1060//1025
f 1060//1025 1103//1068 1105//1070
f 1060//1025 1105//1070 1077//1042
f 1077//1042 1105//1070 1107//1072
f 1077//1042 1107//1072 1074//1039
f 1074//1039 1107//1072 1109//1074
f 1074//1039 1109//1074 1075//1040
f 1075//1040 1109//1074 814//692
f 1075//1040 814//692 813//691
f 1372//1337 1373//1338 1374//1339
f 1375//1340 1376//1341 1377//1342
f 1378//1343 1379//1344 1380//1345
f 911//876 910//875 1381//1346
f 1382//1347 1383//1348 1384//1349
f 1385//1350 1386//1351 1387//1352
f 1388//1353 1389//1354 1390//1355
f 1391//1356 1392//1357 1393//1358
f 1394//1359 1395//1360 1396//1361
f 1397//1362 1398//1363 1399//1364
f 1400//1365 1401//1366 1402//1367
f 698//1368 714//1369 1403//1370
f 715//1371 716//1372 1404//1373
f 637//1374 638//1375 1405//1376
f 1406//1377 1407//1378 1408//1379
f 1409//1380 1410//1381 1411//1382
f 1411//1382 1410//1381 1412//1383
f 1413//1384 1414//1385 1415//1386
f 1415//1386 1414//1385 1408//1379
f 1415//1386 1408//1379 1416//1387
f 1416//1387 1408//1379 1407//1378
f 1417//1388 1418//1389 1419//1390
f 1419//1390 1418//1389 1420//1391
f 1421//1392 1422//1393 1423//1394
f 1423//1394 1422//1393 1424//1395
f 1423//1394 1424//1395 1417//1388
f 1425//1396 1426//1397 1421//1392
f 1427//1398 1428//1399 1429//1400
f 1430//1401 1431//1402 1432//1403
f 631//1404 621//830 867//832
f 631//1404 867//832 632//1405
f 632//1405 867//832 1433//1406
f 632//1405 1433//1406 633//1407
f 628//1408 627//1409 1434//1410
f 1434//1410 627//1409 635//1411
f 1434//1410 635//1411 1433//1406
f 1433//1406 635//1411 634//1412
f 1433//1406 634//1412 633//1407
f 628//1408 1434//1410 629//1413
f 629//1413 1434//1410 1435//1414
f 629//1413 1435//1414 630//1415
f 638//1375 639//1416 1405//1376
f 1405//1376 639//1416 640//1417
f 1405//1376 640//1417 1435//1414
f 1435//1414 640//1417 641//1418
f 1435//1414 641//1418 630//1415
f 1436//1419 624//1420 626//1421
f 1436//1419 626//1421 1405//1376
f 1405//1376 626//1421 636//1422
f 1405//1376 636//1422 637//1374
f 366//1423 1436//1419 765//1424
f 765//1424 1436//1419 1437//1425
f 765//1424 1437//1425 764//1426
f 764//1426 1437//1425 763//1427
f 366//1423 656//1428 1436//1419
f 1436//1419 656//1428 657//1429
f 1436//1419 657//1429 658//1430
f 658//1430 659//1431 1436//1419
f 1436//1419 659//1431 625//1432
f 1436//1419 625//1432 624//1420
f 736//1433 737//1434 1438//1435
f 1438//1435 737//1434 766//1436
f 1438//1435 766//1436 1437//1425
f 1437//1425 766//1436 767//1437
f 1437//1425 767//1437 763//1427
f 678//1438 733//1439 1439//1440
f 1439//1440 733//1439 734//1441
f 1439//1440 734//1441 1438//1435
f 1438//1435 734//1441 735//1442
f 1438//1435 735//1442 736//1433
f 1440//1443 722//1444 679//1445
f 726//1446 725//1447 1441//1448
f 1441//1448 725//1447 724//1449
f 1441//1448 724//1449 1440//1443
f 1440//1443 724//1449 723//1450
f 1440//1443 723//1450 722//1444
f 726//1446 1441//1448 727//1451
f 727//1451 1441//1448 1442//1452
f 727//1451 1442//1452 728//1453
f 1443//1454 661//1455 1442//1452
f 1442//1452 661//1455 729//1456
f 1442//1452 729//1456 728//1453
f 1444//1457 687//1458 662//1459
f 687//1458 1444//1457 688//1460
f 688//1460 1444//1457 1445//1461
f 688//1460 1445//1461 689//1462
f 689//1462 1445//1461 690//1463
f 690//1463 1445//1461 1446//1464
f 690//1463 1446//1464 691//1465
f 691//1465 1446//1464 692//1466
f 692//1466 1446//1464 1447//1467
f 692//1466 1447//1467 693//1468
f 693//1468 1447//1467 680//1469
f 680//1469 1447//1467 1448//1470
f 680//1469 1448//1470 681//1471
f 1404//1373 716//1372 1448//1470
f 1448//1470 716//1372 717//1472
f 1448//1470 717//1472 681//1471
f 799//1473 696//1474 1449//1475
f 1449//1475 696//1474 697//1476
f 1450//1477 798//1478 799//1473
f 795//1479 796//1480 1451//1481
f 1451//1481 796//1480 797//1482
f 793//1483 794//1484 1452//1485
f 1452//1485 794//1484 795//1479
f 790//1486 791//1487 1453//1488
f 1453//1488 791//1487 792//1489
f 787//1490 788//1491 1454//1492
f 1454//1492 788//1491 789//1493
f 784//1494 785//1495 1455//1496
f 1455//1496 785//1495 786//1497
f 781//1498 782//1499 1456//1500
f 1456//1500 782//1499 783//1501
f 778//1502 779//1503 1457//1504
f 1457//1504 779//1503 780//1505
f 775//1506 776//1507 1458//1508
f 1458//1508 776//1507 777//1509
f 771//1510 772//1511 1459//1512
f 1459//1512 772//1511 773//1513
f 1459//1512 773//1513 774//1514
f 769//1515 770//1516 1460//1517
f 762//721 768//1518 838//722
f 838//722 768//1518 1461//1519
f 1401//1366 1462//1520 1402//1367
f 1402//1367 1462//1520 1463//1521
f 1402//1367 1463//1521 1464//1522
f 1462//1520 1465//1523 1463//1521
f 1463//1521 1465//1523 1466//1523
f 1463//1521 1466//1523 1467//1524
f 1468//1525 1469//1526 1470//1527
f 1470//1527 1469//1526 1471//1528
f 1470//1527 1471//1528 1472//1529
f 1473//1530 1474//1530 1475//1531
f 1475//1531 1474//1530 1400//1365
f 1476//1532 1477//1533 1478//1534
f 1478//1534 1477//1533 1479//1535
f 1476//1532 1480//1536 1481//1537
f 1481//1537 1480//1536 1482//1538
f 1483//1539 1484//1540 1485//1541
f 1485//1541 1484//1540 1478//1534
f 1485//1541 1478//1534 1475//1531
f 1475//1531 1478//1534 1479//1535
f 1475//1531 1479//1535 1473//1530
f 1486//1542 1487//1543 1488//1544
f 1488//1544 1487//1543 1411//1382
f 1488//1544 1411//1382 1480//1536
f 1480//1536 1411//1382 1412//1383
f 1480//1536 1412//1383 1482//1538
f 1467//1524 1471//1528 1463//1521
f 1463//1521 1471//1528 1469//1526
f 1463//1521 1469//1526 1464//1522
f 1464//1522 1469//1526 1468//1525
f 1464//1522 1468//1525 1489//1545
f 1489//1545 1468//1525 1490//1546
f 1489//1545 1490//1546 1491//1547
f 1476//1532 1478//1534 1480//1536
f 1480//1536 1478//1534 1484//1540
f 1480//1536 1484//1540 1488//1544
f 1488//1544 1484//1540 1483//1539
f 1488//1544 1483//1539 1486//1542
f 1486//1542 1483//1539 1492//1548
f 1486//1542 1492//1548 1493//1549
f 1400//1365 1402//1367 1475//1531
f 1475//1531 1402//1367 1464//1522
f 1475//1531 1464//1522 1485//1541
f 1485//1541 1464//1522 1489//1545
f 1485//1541 1489//1545 1483//1539
f 1483//1539 1489//1545 1491//1547
f 1483//1539 1491//1547 1492//1548
f 1494//1550 1495//1551 1496//1552
f 1497//1553 1498//1554 1499//1555
f 1499//1555 1498//1554 1408//1379
f 1499//1555 1408//1379 1500//1556
f 1500//1556 1408//1379 1414//1385
f 1501//1557 1502//1558 1497//1553
f 1497//1553 1502//1558 1503//1559
f 1497//1553 1503//1559 1498//1554
f 1498//1554 1503//1559 1419//1390
f 1498//1554 1419//1390 1408//1379
f 1408//1379 1419//1390 1420//1391
f 1408//1379 1420//1391 1406//1377
f 1504//1560 1505//1561 1506//1562
f 1506//1562 1505//1561 1494//1550
f 1506//1562 1494//1550 1430//1401
f 1430//1401 1494//1550 1496//1552
f 1430//1401 1496//1552 1431//1402
f 1495//1551 1494//1550 1507//1563
f 1507//1563 1494//1550 1218//1183
f 1507//1563 1218//1183 1217//1182
f 1508//1564 1501//1557 1509//1565
f 1509//1565 1501//1557 1497//1553
f 1509//1565 1497//1553 1493//1549
f 1493//1549 1497//1553 1499//1555
f 1493//1549 1499//1555 1486//1542
f 1486//1542 1499//1555 1500//1556
f 1486//1542 1500//1556 1487//1543
f 1487//1543 1500//1556 1414//1385
f 1487//1543 1414//1385 1411//1382
f 1411//1382 1414//1385 1413//1384
f 1411//1382 1413//1384 1409//1380
f 1421//1392 1423//1394 1425//1396
f 1425//1396 1423//1394 1510//1566
f 1425//1396 1510//1566 1511//1567
f 1511//1567 1510//1566 1512//1568
f 1511//1567 1512//1568 1513//1569
f 1513//1569 1512//1568 1514//1570
f 1513//1569 1514//1570 1515//1571
f 1515//1571 1514//1570 1516//1572
f 1515//1571 1516//1572 1517//1573
f 1517//1573 1518//1574 1515//1571
f 1515//1571 1518//1574 1519//1575
f 1515//1571 1519//1575 1513//1569
f 1513//1569 1519//1575 1520//1576
f 1513//1569 1520//1576 1511//1567
f 1511//1567 1520//1576 1427//1398
f 1511//1567 1427//1398 1425//1396
f 1425//1396 1427//1398 1429//1400
f 1425//1396 1429//1400 1426//1397
f 1518//1574 1504//1560 1519//1575
f 1519//1575 1504//1560 1506//1562
f 1519//1575 1506//1562 1520//1576
f 1520//1576 1506//1562 1430//1401
f 1520//1576 1430//1401 1427//1398
f 1427//1398 1430//1401 1432//1403
f 1427//1398 1432//1403 1428//1399
f 1521//1577 1522//1578 1523//1579
f 1395//1360 1394//1359 1524//1580
f 1524//1580 1394//1359 1525//1581
f 1524//1580 1525//1581 1526//1582
f 1526//1582 1525//1581 1527//1583
f 1526//1582 1527//1583 1528//1584
f 1266//1231 1264//1229 1527//1583
f 1527//1583 1264//1229 1528//1584
f 1528//1584 1264//1229 1263//1228
f 1528//1584 1263//1228 1256//1221
f 1417//1388 1419//1390 1423//1394
f 1423//1394 1419//1390 1503//1559
f 1423//1394 1503//1559 1510//1566
f 1510//1566 1503//1559 1502//1558
f 1510//1566 1502//1558 1512//1568
f 1512//1568 1502//1558 1501//1557
f 1512//1568 1501//1557 1514//1570
f 1514//1570 1501//1557 1508//1564
f 1514//1570 1508//1564 1516//1572
f 1516//1572 1508//1564 1529//1585
f 1516//1572 1529//1585 1517//1573
f 1398//1363 1397//1362 1530//1586
f 1530//1586 1397//1362 1531//1587
f 1530//1586 1531//1587 1532//1588
f 1532//1588 1531//1587 1533//1589
f 1532//1588 1533//1589 1534//1590
f 1535//1591 1533//1589 1536//1592
f 1536//1592 1533//1589 1531//1587
f 1536//1592 1531//1587 1537//1593
f 1537//1593 1531//1587 1397//1362
f 1537//1593 1397//1362 1538//1594
f 1538//1594 1397//1362 1399//1364
f 1538//1594 1399//1364 1539//1595
f 1540//1596 1522//1578 1541//1597
f 1541//1597 1522//1578 1521//1577
f 1541//1597 1521//1577 1542//1598
f 1396//1361 1542//1598 1394//1359
f 1394//1359 1542//1598 1521//1577
f 1394//1359 1521//1577 1525//1581
f 1525//1581 1521//1577 1523//1579
f 1525//1581 1523//1579 1527//1583
f 1527//1583 1523//1579 1267//1232
f 1527//1583 1267//1232 1266//1231
f 1273//1238 1271//1236 1540//1596
f 1540//1596 1271//1236 1270//1235
f 1540//1596 1270//1235 1522//1578
f 1522//1578 1270//1235 1523//1579
f 1523//1579 1270//1235 1269//1234
f 1523//1579 1269//1234 1267//1232
f 1529//1585 1395//1360 1517//1573
f 1517//1573 1395//1360 1524//1580
f 1517//1573 1524//1580 1518//1574
f 1518//1574 1524//1580 1526//1582
f 1518//1574 1526//1582 1504//1560
f 1504//1560 1526//1582 1528//1584
f 1504//1560 1528//1584 1505//1561
f 1505//1561 1528//1584 1256//1221
f 1505//1561 1256//1221 1227//1192
f 1227//1192 1226//1191 1505//1561
f 1505//1561 1226//1191 1494//1550
f 1494//1550 1226//1191 1224//1189
f 1494//1550 1224//1189 1218//1183
f 1393//1358 1543//1599 1388//1353
f 1388//1353 1543//1599 1384//1349
f 1384//1349 1383//1348 1388//1353
f 1388//1353 1383//1348 1544//1600
f 1388//1353 1544//1600 1389//1354
f 1389//1354 1544//1600 1545//1601
f 1389//1354 1545//1601 1390//1355
f 1390//1355 1545//1601 1546//1602
f 1390//1355 1546//1602 1547//1603
f 1548//1604 1549//1605 1550//1606
f 1550//1606 1549//1605 1551//1607
f 1550//1606 1551//1607 1392//1357
f 1393//1358 1388//1353 1391//1356
f 1391//1356 1388//1353 1390//1355
f 1391//1356 1390//1355 1387//1352
f 1387//1352 1390//1355 1547//1603
f 1387//1352 1547//1603 1385//1350
f 1392//1357 1391//1356 1550//1606
f 1550//1606 1391//1356 1387//1352
f 1550//1606 1387//1352 1548//1604
f 1548//1604 1387//1352 1386//1351
f 1548//1604 1386//1351 1552//1608
f 1135//1099 1553//1609 1137//1101
f 1554//1610 1555//1611 1556//1612
f 1556//1612 1555//1611 1557//1613
f 1556//1612 1557//1613 1558//1614
f 1558//1614 1557//1613 1559//1615
f 1558//1614 1559//1615 1560//1616
f 1560//1616 1559//1615 1561//1617
f 1560//1616 1561//1617 1562//1618
f 1562//1618 1561//1617 1563//1619
f 1562//1618 1563//1619 1564//1620
f 1564//1620 1563//1619 1565//1621
f 1564//1620 1565//1621 1566//1622
f 1566//1622 1565//1621 1567//1623
f 1566//1622 1567//1623 1553//1609
f 1553//1609 1567//1623 1568//1624
f 1553//1609 1568//1624 1137//1101
f 1132//1096 1569//1625 1133//1097
f 1135//1099 1133//1097 1553//1609
f 1553//1609 1133//1097 1569//1625
f 1553//1609 1569//1625 1566//1622
f 1566//1622 1569//1625 1570//1626
f 1566//1622 1570//1626 1564//1620
f 1564//1620 1570//1626 1571//1627
f 1564//1620 1571//1627 1562//1618
f 1562//1618 1571//1627 1572//1628
f 1562//1618 1572//1628 1560//1616
f 1560//1616 1572//1628 1573//1629
f 1560//1616 1573//1629 1558//1614
f 1558//1614 1573//1629 1574//1630
f 1558//1614 1574//1630 1556//1612
f 1556//1612 1574//1630 1575//1631
f 1556//1612 1575//1631 1554//1610
f 1170//1134 1576//1632 1171//1135
f 1173//1137 1171//1135 1577//1633
f 1577//1633 1171//1135 1576//1632
f 1577//1633 1576//1632 1578//1634
f 1578//1634 1576//1632 1579//1635
f 1578//1634 1579//1635 1580//1636
f 1580//1636 1579//1635 1581//1637
f 1580//1636 1581//1637 1582//1638
f 1582//1638 1581//1637 1583//1639
f 1582//1638 1583//1639 1584//1640
f 1584//1640 1583//1639 1585//1641
f 1584//1640 1585//1641 1586//1642
f 1586//1642 1585//1641 1587//1643
f 1586//1642 1587//1643 1588//1644
f 1588//1644 1587//1643 1589//1645
f 1588//1644 1589//1645 1590//1646
f 1590//1646 1589//1645 1591//1647
f 867//832 1173//1137 1433//1406
f 1433//1406 1173//1137 1577//1633
f 1433//1406 1577//1633 1434//1410
f 1434//1410 1577//1633 1578//1634
f 1434//1410 1578//1634 1435//1414
f 1435//1414 1578//1634 1580//1636
f 1435//1414 1580//1636 1405//1376
f 1405//1376 1580//1636 1582//1638
f 1405//1376 1582//1638 1436//1419
f 1436//1419 1582//1638 1584//1640
f 1436//1419 1584//1640 1437//1425
f 1437//1425 1584//1640 1586//1642
f 1437//1425 1586//1642 1438//1435
f 1438//1435 1586//1642 1588//1644
f 1438//1435 1588//1644 1439//1440
f 1439//1440 1588//1644 1590//1646
f 1140//1104 1138//1102 1568//1624
f 1568//1624 1138//1102 1137//1101
f 1170//1134 1140//1104 1576//1632
f 1576//1632 1140//1104 1568//1624
f 1576//1632 1568//1624 1579//1635
f 1579//1635 1568//1624 1567//1623
f 1579//1635 1567//1623 1581//1637
f 1581//1637 1567//1623 1565//1621
f 1581//1637 1565//1621 1583//1639
f 1583//1639 1565//1621 1563//1619
f 1583//1639 1563//1619 1585//1641
f 1585//1641 1563//1619 1561//1617
f 1585//1641 1561//1617 1587//1643
f 1587//1643 1561//1617 1559//1615
f 1587//1643 1559//1615 1589//1645
f 1589//1645 1559//1615 1557//1613
f 1589//1645 1557//1613 1591//1647
f 1591//1647 1557//1613 1555//1611
f 1080//1045 1592//1648 1593//1649
f 1080//1045 1593//1649 1081//1046
f 1080//1045 1131//1095 1592//1648
f 1592//1648 1131//1095 1594//1650
f 1595//1651 1596//1652 1597//1653
f 1598//1654 1599//1655 1600//1656
f 1601//1657 1602//1658 1603//1659
f 1131//1095 1130//1094 1594//1650
f 1594//1650 1130//1094 813//691
f 1594//1650 813//691 1604//1660
f 1604//1660 813//691 812//690
f 812//690 1129//1093 1604//1660
f 1604//1660 1129//1093 1605//1661
f 1605//1661 1129//1093 1128//1093
f 1605//1661 1128//1093 1127//1092
f 1605//1661 1127//1092 1461//1519
f 1461//1519 1127//1092 838//722
f 1606//1662 1607//1663 1608//1664
f 1608//1664 1607//1663 1593//1649
f 1608//1664 1593//1649 1609//1665
f 1609//1665 1593//1649 1592//1648
f 1609//1665 1592//1648 1610//1666
f 1610//1666 1592//1648 1594//1650
f 1610//1666 1594//1650 1611//1667
f 1611//1667 1594//1650 1604//1660
f 1611//1667 1604//1660 1612//1668
f 1612//1668 1604//1660 1605//1661
f 1612//1668 1605//1661 1613//1669
f 1613//1669 1605//1661 1461//1519
f 1613//1669 1461//1519 1460//1517
f 1460//1517 1461//1519 768//1518
f 1460//1517 768//1518 769//1515
f 1614//1670 1615//1671 1616//1672
f 1616//1672 1615//1671 1617//1673
f 1616//1672 1617//1673 1618//1674
f 1618//1674 1617//1673 1619//1675
f 1618//1674 1619//1675 1620//1676
f 1620//1676 1619//1675 1621//1677
f 1620//1676 1621//1677 1622//1678
f 1622//1678 1621//1677 1623//1679
f 1622//1678 1623//1679 1624//1680
f 1624//1680 1623//1679 1625//1681
f 1624//1680 1625//1681 1626//1682
f 1626//1682 1625//1681 1627//1683
f 1626//1682 1627//1683 1628//1684
f 1628//1684 1627//1683 1629//1685
f 1628//1684 1629//1685 1630//1686
f 1630//1686 1629//1685 1631//1687
f 795//1479 1451//1481 1452//1485
f 1452//1485 1451//1481 1632//1688
f 1452//1485 1632//1688 1633//1689
f 1633//1689 1632//1688 1634//1690
f 1633//1689 1634//1690 1635//1691
f 1635//1691 1634//1690 1636//1692
f 1635//1691 1636//1692 1637//1693
f 1637//1693 1636//1692 1638//1694
f 1637//1693 1638//1694 1639//1695
f 1639//1695 1638//1694 1600//1656
f 1639//1695 1600//1656 1640//1696
f 1640//1696 1600//1656 1599//1655
f 1640//1696 1599//1655 1595//1651
f 1595//1651 1597//1653 1640//1696
f 1640//1696 1597//1653 1641//1697
f 1640//1696 1641//1697 1639//1695
f 1639//1695 1641//1697 1642//1698
f 1639//1695 1642//1698 1637//1693
f 1637//1693 1642//1698 1643//1699
f 1637//1693 1643//1699 1635//1691
f 1635//1691 1643//1699 1644//1700
f 1635//1691 1644//1700 1633//1689
f 1633//1689 1644//1700 1453//1488
f 1633//1689 1453//1488 1452//1485
f 1452//1485 1453//1488 792//1489
f 1452//1485 792//1489 793//1483
f 1598//1654 1600//1656 1645//1701
f 1645//1701 1600//1656 1638//1694
f 1645//1701 1638//1694 1646//1702
f 1646//1702 1638//1694 1636//1692
f 1646//1702 1636//1692 1647//1703
f 1647//1703 1636//1692 1634//1690
f 1647//1703 1634//1690 1648//1704
f 1648//1704 1634//1690 1632//1688
f 1648//1704 1632//1688 1649//1705
f 1649//1705 1632//1688 1451//1481
f 1649//1705 1451//1481 1450//1477
f 1450//1477 1451//1481 797//1482
f 1450//1477 797//1482 798//1478
f 799//1473 1449//1475 1450//1477
f 1450//1477 1449//1475 1650//1706
f 1450//1477 1650//1706 1649//1705
f 1649//1705 1650//1706 1651//1707
f 1649//1705 1651//1707 1648//1704
f 1648//1704 1651//1707 1652//1708
f 1648//1704 1652//1708 1647//1703
f 1647//1703 1652//1708 1653//1709
f 1647//1703 1653//1709 1646//1702
f 1646//1702 1653//1709 1603//1659
f 1646//1702 1603//1659 1645//1701
f 1645//1701 1603//1659 1602//1658
f 1645//1701 1602//1658 1598//1654
f 1601//1657 1603//1659 1654//1710
f 1654//1710 1603//1659 1653//1709
f 1654//1710 1653//1709 1655//1711
f 1655//1711 1653//1709 1652//1708
f 1655//1711 1652//1708 1656//1712
f 1656//1712 1652//1708 1651//1707
f 1656//1712 1651//1707 1657//1713
f 1657//1713 1651//1707 1650//1706
f 1657//1713 1650//1706 1658//1714
f 1658//1714 1650//1706 1449//1475
f 1658//1714 1449//1475 1403//1370
f 1403//1370 1449//1475 697//1476
f 1403//1370 697//1476 698//1368
f 662//1459 661//1455 1444//1457
f 1444//1457 661//1455 1443//1454
f 1444//1457 1443//1454 1445//1461
f 1445//1461 1443//1454 1659//1715
f 1445//1461 1659//1715 1446//1464
f 1446//1464 1659//1715 1660//1716
f 1446//1464 1660//1716 1447//1467
f 1447//1467 1660//1716 1661//1717
f 1447//1467 1661//1717 1448//1470
f 1448//1470 1661//1717 1662//1718
f 1448//1470 1662//1718 1404//1373
f 1404//1373 1662//1718 1663//1719
f 1440//1443 1614//1670 1441//1448
f 1441//1448 1614//1670 1616//1672
f 1441//1448 1616//1672 1442//1452
f 1442//1452 1616//1672 1618//1674
f 1442//1452 1618//1674 1443//1454
f 1443//1454 1618//1674 1620//1676
f 1443//1454 1620//1676 1659//1715
f 1659//1715 1620//1676 1622//1678
f 1659//1715 1622//1678 1660//1716
f 1660//1716 1622//1678 1624//1680
f 1660//1716 1624//1680 1661//1717
f 1661//1717 1624//1680 1626//1682
f 1661//1717 1626//1682 1662//1718
f 1662//1718 1626//1682 1628//1684
f 1662//1718 1628//1684 1663//1719
f 1663//1719 1628//1684 1630//1686
f 1615//1671 1552//1608 1617//1673
f 1617//1673 1552//1608 1386//1351
f 1617//1673 1386//1351 1619//1675
f 1619//1675 1386//1351 1385//1350
f 1619//1675 1385//1350 1621//1677
f 1621//1677 1385//1350 1547//1603
f 1621//1677 1547//1603 1623//1679
f 1623//1679 1547//1603 1546//1602
f 1623//1679 1546//1602 1625//1681
f 1625//1681 1546//1602 1545//1601
f 1625//1681 1545//1601 1627//1683
f 1627//1683 1545//1601 1544//1600
f 1627//1683 1544//1600 1629//1685
f 1629//1685 1544//1600 1383//1348
f 1629//1685 1383//1348 1631//1687
f 1631//1687 1383//1348 1382//1347
f 1381//1346 910//875 1664//1720
f 913//878 911//876 1665//1721
f 1665//1721 911//876 1381//1346
f 1665//1721 1381//1346 1666//1722
f 1666//1722 1381//1346 1667//1723
f 1379//1344 1668//1724 1669//1725
f 1669//1725 1668//1724 1667//1723
f 1378//1343 1380//1345 1670//1726
f 1671//1727 1672//1728 1673//1729
f 1673//1729 1672//1728 1670//1726
f 1664//1720 910//875 925//890
f 1664//1720 925//890 1674//1730
f 1674//1730 925//890 923//888
f 1675//1731 990//955 989//954
f 1676//1732 1677//1733 1671//1727
f 1678//1734 1679//1735 1680//1736
f 1680//1736 1679//1735 1681//1737
f 1682//1738 1683//1739 1684//1740
f 1684//1740 1683//1739 1678//1734
f 1678//1734 1680//1736 1684//1740
f 1684//1740 1680//1736 1685//1741
f 1684//1740 1685//1741 1686//1742
f 1686//1742 1685//1741 1687//1743
f 1686//1742 1687//1743 1688//1744
f 1689//1745 1688//1744 1690//1746
f 1690//1746 1688//1744 1687//1743
f 1690//1746 1687//1743 1691//1747
f 1691//1747 1687//1743 1685//1741
f 1691//1747 1685//1741 1692//1748
f 1692//1748 1685//1741 1680//1736
f 1692//1748 1680//1736 1676//1732
f 1676//1732 1680//1736 1681//1737
f 1676//1732 1681//1737 1677//1733
f 1693//1749 957//922 962//927
f 1694//1750 984//949 983//948
f 982//947 981//946 1606//1662
f 1606//1662 981//946 1371//1336
f 1606//1662 1371//1336 1607//1663
f 1371//1336 1370//1335 1607//1663
f 1607//1663 1370//1335 1082//1047
f 1607//1663 1082//1047 1593//1649
f 1593//1649 1082//1047 1081//1046
f 983//948 964//929 1694//1750
f 1694//1750 964//929 1695//1751
f 1694//1750 1695//1751 1696//1752
f 1696//1752 1695//1751 1697//1753
f 1696//1752 1697//1753 1698//1754
f 1698//1754 1697//1753 1699//1755
f 1698//1754 1699//1755 1700//1756
f 1700//1756 1699//1755 1701//1757
f 1700//1756 1701//1757 1702//1758
f 1702//1758 1701//1757 1703//1759
f 1702//1758 1703//1759 1704//1760
f 1704//1760 1703//1759 1705//1761
f 1704//1760 1705//1761 1706//1762
f 1706//1762 1705//1761 1707//1763
f 1706//1762 1707//1763 1708//1764
f 1708//1764 1707//1763 1709//1765
f 1708//1764 1709//1765 1710//1766
f 1710//1766 1709//1765 1459//1512
f 1710//1766 1459//1512 1458//1508
f 1458//1508 1459//1512 774//1514
f 1458//1508 774//1514 775//1506
f 964//929 982//947 1695//1751
f 1695//1751 982//947 1606//1662
f 1695//1751 1606//1662 1697//1753
f 1697//1753 1606//1662 1608//1664
f 1697//1753 1608//1664 1699//1755
f 1699//1755 1608//1664 1609//1665
f 1699//1755 1609//1665 1701//1757
f 1701//1757 1609//1665 1610//1666
f 1701//1757 1610//1666 1703//1759
f 1703//1759 1610//1666 1611//1667
f 1703//1759 1611//1667 1705//1761
f 1705//1761 1611//1667 1612//1668
f 1705//1761 1612//1668 1707//1763
f 1707//1763 1612//1668 1613//1669
f 1707//1763 1613//1669 1709//1765
f 1709//1765 1613//1669 1460//1517
f 1709//1765 1460//1517 1459//1512
f 1459//1512 1460//1517 770//1516
f 1459//1512 770//1516 771//1510
f 959//924 958//923 1711//1767
f 1711//1767 958//923 1712//1768
f 1711//1767 1712//1768 1713//1769
f 1713//1769 1712//1768 1714//1770
f 1713//1769 1714//1770 1715//1771
f 1715//1771 1714//1770 1716//1772
f 1715//1771 1716//1772 1717//1773
f 1717//1773 1716//1772 1718//1774
f 1717//1773 1718//1774 1719//1775
f 1719//1775 1718//1774 1720//1776
f 1719//1775 1720//1776 1721//1777
f 1721//1777 1720//1776 1722//1778
f 1721//1777 1722//1778 1723//1779
f 1723//1779 1722//1778 1724//1780
f 1723//1779 1724//1780 1725//1781
f 1725//1781 1724//1780 1726//1782
f 1725//1781 1726//1782 1727//1783
f 1727//1783 1726//1782 1728//1784
f 1727//1783 1728//1784 1729//1785
f 1729//1785 1728//1784 1730//1786
f 1729//1785 1730//1786 1731//1787
f 1731//1787 1730//1786 1457//1504
f 1731//1787 1457//1504 1456//1500
f 1456//1500 1457//1504 780//1505
f 1456//1500 780//1505 781//1498
f 988//953 957//922 1732//1788
f 1732//1788 957//922 1693//1749
f 1732//1788 1693//1749 1733//1789
f 1733//1789 1693//1749 1734//1790
f 1733//1789 1734//1790 1735//1791
f 1735//1791 1734//1790 1736//1792
f 1735//1791 1736//1792 1737//1793
f 1737//1793 1736//1792 1738//1794
f 1737//1793 1738//1794 1739//1795
f 1739//1795 1738//1794 1740//1796
f 1739//1795 1740//1796 1741//1797
f 1741//1797 1740//1796 1742//1798
f 1741//1797 1742//1798 1743//1799
f 1743//1799 1742//1798 1744//1800
f 1743//1799 1744//1800 1745//1801
f 1745//1801 1744//1800 1746//1802
f 1745//1801 1746//1802 1747//1803
f 1747//1803 1746//1802 1748//1804
f 1747//1803 1748//1804 1749//1805
f 1749//1805 1748//1804 1750//1806
f 1749//1805 1750//1806 1751//1807
f 1751//1807 1750//1806 1752//1808
f 1751//1807 1752//1808 1753//1809
f 1753//1809 1752//1808 1754//1810
f 1753//1809 1754//1810 1755//1811
f 1755//1811 1754//1810 1455//1496
f 1755//1811 1455//1496 1454//1492
f 1454//1492 1455//1496 786//1497
f 1454//1492 786//1497 787//1490
f 923//888 922//887 1674//1730
f 1674//1730 922//887 1756//1812
f 1674//1730 1756//1812 1757//1813
f 1757//1813 1756//1812 1758//1814
f 1757//1813 1758//1814 1759//1815
f 1759//1815 1758//1814 1760//1816
f 1759//1815 1760//1816 1761//1817
f 1761//1817 1760//1816 1762//1818
f 1761//1817 1762//1818 1763//1819
f 1763//1819 1762//1818 1764//1820
f 1763//1819 1764//1820 1765//1821
f 1765//1821 1764//1820 1766//1822
f 1765//1821 1766//1822 1767//1823
f 1767//1823 1766//1822 1768//1824
f 1767//1823 1768//1824 1769//1825
f 1769//1825 1768//1824 1770//1826
f 1769//1825 1770//1826 1771//1827
f 962//927 959//924 1693//1749
f 1693//1749 959//924 1711//1767
f 1693//1749 1711//1767 1734//1790
f 1734//1790 1711//1767 1713//1769
f 1734//1790 1713//1769 1736//1792
f 1736//1792 1713//1769 1715//1771
f 1736//1792 1715//1771 1738//1794
f 1738//1794 1715//1771 1717//1773
f 1738//1794 1717//1773 1740//1796
f 1740//1796 1717//1773 1719//1775
f 1740//1796 1719//1775 1742//1798
f 1742//1798 1719//1775 1721//1777
f 1742//1798 1721//1777 1744//1800
f 1744//1800 1721//1777 1723//1779
f 1744//1800 1723//1779 1746//1802
f 1746//1802 1723//1779 1725//1781
f 1746//1802 1725//1781 1748//1804
f 1748//1804 1725//1781 1727//1783
f 1748//1804 1727//1783 1750//1806
f 1750//1806 1727//1783 1729//1785
f 1750//1806 1729//1785 1752//1808
f 1752//1808 1729//1785 1731//1787
f 1752//1808 1731//1787 1754//1810
f 1754//1810 1731//1787 1456//1500
f 1754//1810 1456//1500 1455//1496
f 1455//1496 1456//1500 783//1501
f 1455//1496 783//1501 784//1494
f 958//923 984//949 1712//1768
f 1712//1768 984//949 1694//1750
f 1712//1768 1694//1750 1714//1770
f 1714//1770 1694//1750 1696//1752
f 1714//1770 1696//1752 1716//1772
f 1716//1772 1696//1752 1698//1754
f 1716//1772 1698//1754 1718//1774
f 1718//1774 1698//1754 1700//1756
f 1718//1774 1700//1756 1720//1776
f 1720//1776 1700//1756 1702//1758
f 1720//1776 1702//1758 1722//1778
f 1722//1778 1702//1758 1704//1760
f 1722//1778 1704//1760 1724//1780
f 1724//1780 1704//1760 1706//1762
f 1724//1780 1706//1762 1726//1782
f 1726//1782 1706//1762 1708//1764
f 1726//1782 1708//1764 1728//1784
f 1728//1784 1708//1764 1710//1766
f 1728//1784 1710//1766 1730//1786
f 1730//1786 1710//1766 1458//1508
f 1730//1786 1458//1508 1457//1504
f 1457//1504 1458//1508 777//1509
f 1457//1504 777//1509 778//1502
f 1772//1828 1773//1829 1774//1830
f 1774//1830 1773//1829 1775//1831
f 1774//1830 1775//1831 1682//1738
f 1776//1832 1777//1833 1772//1828
f 1777//1833 1776//1832 1778//1834
f 1377//1342 1779//1835 1375//1340
f 1375//1340 1779//1835 1780//1836
f 1375//1340 1780//1836 1781//1837
f 1781//1837 1780//1836 1782//1838
f 1781//1837 1782//1838 1778//1834
f 1374//1339 1783//1839 1372//1337
f 1372//1337 1783//1839 1784//1840
f 1372//1337 1784//1840 1376//1341
f 1376//1341 1784//1840 1785//1841
f 1376//1341 1785//1841 1377//1342
f 1786//1842 1787//1843 1788//1844
f 1788//1844 1787//1843 1789//1845
f 1788//1844 1789//1845 1373//1338
f 1373//1338 1789//1845 1790//1846
f 1373//1338 1790//1846 1374//1339
f 1467//1524 1791//1847 1471//1528
f 1471//1528 1791//1847 1792//1848
f 1471//1528 1792//1848 1472//1529
f 1472//1529 1792//1848 1793//1849
f 1472//1529 1793//1849 1786//1842
f 1794//1850 1788//1844 1795//1851
f 1795//1851 1788//1844 1373//1338
f 1795//1851 1373//1338 1796//1852
f 1796//1852 1373//1338 1372//1337
f 1796//1852 1372//1337 1797//1853
f 1797//1853 1372//1337 1376//1341
f 1797//1853 1376//1341 1798//1854
f 1798//1854 1376//1341 1375//1340
f 1798//1854 1375//1340 1799//1855
f 1799//1855 1375//1340 1781//1837
f 1799//1855 1800//1856 1798//1854
f 1798//1854 1800//1856 1801//1857
f 1798//1854 1801//1857 1797//1853
f 1797//1853 1801//1857 1802//1858
f 1797//1853 1802//1858 1796//1852
f 1796//1852 1802//1858 1803//1859
f 1796//1852 1803//1859 1795//1851
f 1795//1851 1803//1859 1804//1860
f 1795//1851 1804//1860 1794//1850
f 1794//1850 1804//1860 1805//1861
f 1800//1856 1806//1862 1801//1857
f 1801//1857 1806//1862 1807//1863
f 1801//1857 1807//1863 1802//1858
f 1802//1858 1807//1863 1808//1864
f 1802//1858 1808//1864 1803//1859
f 1803//1859 1808//1864 1809//1865
f 1803//1859 1809//1865 1804//1860
f 1804//1860 1809//1865 1810//1866
f 1804//1860 1810//1866 1805//1861
f 1667//1723 1381//1346 1669//1725
f 1669//1725 1381//1346 1664//1720
f 1669//1725 1664//1720 1811//1867
f 1811//1867 1664//1720 1674//1730
f 1811//1867 1674//1730 1812//1868
f 1812//1868 1674//1730 1757//1813
f 1812//1868 1757//1813 1813//1869
f 1813//1869 1757//1813 1759//1815
f 1813//1869 1759//1815 1814//1870
f 1814//1870 1759//1815 1761//1817
f 1814//1870 1761//1817 1815//1871
f 1815//1871 1761//1817 1763//1819
f 1815//1871 1763//1819 1816//1872
f 1816//1872 1763//1819 1765//1821
f 1816//1872 1765//1821 1817//1873
f 1817//1873 1765//1821 1767//1823
f 1817//1873 1767//1823 1818//1874
f 1818//1874 1767//1823 1769//1825
f 1818//1874 1769//1825 1819//1875
f 1819//1875 1769//1825 1771//1827
f 1819//1875 1771//1827 1820//1876
f 1379//1344 1669//1725 1380//1345
f 1380//1345 1669//1725 1811//1867
f 1380//1345 1811//1867 1821//1877
f 1821//1877 1811//1867 1812//1868
f 1821//1877 1812//1868 1822//1878
f 1822//1878 1812//1868 1813//1869
f 1822//1878 1813//1869 1823//1879
f 1823//1879 1813//1869 1814//1870
f 1823//1879 1814//1870 1824//1880
f 1824//1880 1814//1870 1815//1871
f 1824//1880 1815//1871 1825//1881
f 1825//1881 1815//1871 1816//1872
f 1825//1881 1816//1872 1826//1882
f 1826//1882 1816//1872 1817//1873
f 1826//1882 1817//1873 1827//1883
f 1827//1883 1817//1873 1818//1874
f 1827//1883 1818//1874 1828//1884
f 1828//1884 1818//1874 1819//1875
f 1828//1884 1819//1875 1829//1885
f 1829//1885 1819//1875 1820//1876
f 1829//1885 1820//1876 1830//1886
f 1670//1726 1380//1345 1673//1729
f 1673//1729 1380//1345 1821//1877
f 1673//1729 1821//1877 1831//1887
f 1831//1887 1821//1877 1822//1878
f 1831//1887 1822//1878 1832//1888
f 1832//1888 1822//1878 1823//1879
f 1832//1888 1823//1879 1833//1889
f 1833//1889 1823//1879 1824//1880
f 1833//1889 1824//1880 1834//1890
f 1834//1890 1824//1880 1825//1881
f 1834//1890 1825//1881 1835//1891
f 1835//1891 1825//1881 1826//1882
f 1835//1891 1826//1882 1836//1892
f 1836//1892 1826//1882 1827//1883
f 1836//1892 1827//1883 1837//1893
f 1837//1893 1827//1883 1828//1884
f 1837//1893 1828//1884 1838//1894
f 1838//1894 1828//1884 1829//1885
f 1838//1894 1829//1885 1839//1895
f 1839//1895 1829//1885 1830//1886
f 1839//1895 1830//1886 1840//1896
f 1671//1727 1673//1729 1676//1732
f 1676//1732 1673//1729 1831//1887
f 1676//1732 1831//1887 1692//1748
f 1692//1748 1831//1887 1832//1888
f 1692//1748 1832//1888 1691//1747
f 1691//1747 1832//1888 1833//1889
f 1691//1747 1833//1889 1690//1746
f 1690//1746 1833//1889 1834//1890
f 1690//1746 1834//1890 1689//1745
f 1689//1745 1834//1890 1835//1891
f 1689//1745 1835//1891 1841//1897
f 1841//1897 1835//1891 1836//1892
f 1841//1897 1836//1892 1842//1898
f 1842//1898 1836//1892 1837//1893
f 1842//1898 1837//1893 1843//1899
f 1843//1899 1837//1893 1838//1894
f 1843//1899 1838//1894 1844//1900
f 1844//1900 1838//1894 1839//1895
f 1844//1900 1839//1895 1845//1901
f 1845//1901 1839//1895 1840//1896
f 1845//1901 1840//1896 1846//1902
f 1772//1828 1774//1830 1776//1832
f 1776//1832 1774//1830 1847//1903
f 1776//1832 1847//1903 1848//1904
f 1848//1904 1847//1903 1849//1905
f 1848//1904 1849//1905 1850//1906
f 1850//1906 1849//1905 1851//1907
f 1850//1906 1851//1907 1852//1908
f 1852//1908 1851//1907 1853//1909
f 1852//1908 1853//1909 1854//1910
f 1854//1910 1853//1909 1855//1911
f 1854//1910 1855//1911 1856//1912
f 1856//1912 1855//1911 1857//1913
f 1856//1912 1857//1913 1858//1914
f 1858//1914 1857//1913 1859//1915
f 1858//1914 1859//1915 1860//1916
f 1861//1917 1862//1918 1863//1919
f 1863//1919 1862//1918 1864//1920
f 1863//1919 1864//1920 1865//1921
f 1865//1921 1864//1920 1866//1922
f 1865//1921 1866//1922 1867//1923
f 1867//1923 1866//1922 1868//1924
f 1867//1923 1868//1924 1869//1925
f 1869//1925 1868//1924 1870//1926
f 1869//1925 1870//1926 1860//1916
f 1860//1916 1870//1926 1871//1927
f 1860//1916 1871//1927 1858//1914
f 1858//1914 1871//1927 1872//1928
f 1858//1914 1872//1928 1856//1912
f 1778//1834 1776//1832 1781//1837
f 1781//1837 1776//1832 1848//1904
f 1781//1837 1848//1904 1799//1855
f 1799//1855 1848//1904 1850//1906
f 1799//1855 1850//1906 1800//1856
f 1800//1856 1850//1906 1852//1908
f 1800//1856 1852//1908 1806//1862
f 1806//1862 1852//1908 1854//1910
f 1806//1862 1854//1910 1807//1863
f 1807//1863 1854//1910 1856//1912
f 1807//1863 1856//1912 1808//1864
f 1808//1864 1856//1912 1872//1928
f 1808//1864 1872//1928 1809//1865
f 1809//1865 1872//1928 1871//1927
f 1809//1865 1871//1927 1810//1866
f 1810//1866 1871//1927 1870//1926
f 1810//1866 1870//1926 1873//1929
f 1873//1929 1870//1926 1868//1924
f 1873//1929 1868//1924 1874//1930
f 1874//1930 1868//1924 1866//1922
f 1874//1930 1866//1922 1539//1595
f 1539//1595 1866//1922 1864//1920
f 1539//1595 1864//1920 1538//1594
f 1538//1594 1864//1920 1862//1918
f 1538//1594 1862//1918 1537//1593
f 1537//1593 1862//1918 1861//1917
f 1537//1593 1861//1917 1536//1592
f 922//887 990//955 1756//1812
f 1756//1812 990//955 1675//1731
f 1756//1812 1675//1731 1758//1814
f 1758//1814 1675//1731 1875//1931
f 1758//1814 1875//1931 1760//1816
f 1760//1816 1875//1931 1876//1932
f 1760//1816 1876//1932 1762//1818
f 1762//1818 1876//1932 1877//1933
f 1762//1818 1877//1933 1764//1820
f 1764//1820 1877//1933 1878//1934
f 1764//1820 1878//1934 1766//1822
f 1766//1822 1878//1934 1879//1935
f 1766//1822 1879//1935 1768//1824
f 1768//1824 1879//1935 1880//1936
f 1768//1824 1880//1936 1770//1826
f 1770//1826 1880//1936 1881//1937
f 1770//1826 1881//1937 1771//1827
f 1771//1827 1881//1937 1596//1652
f 1771//1827 1596//1652 1820//1876
f 1820//1876 1596//1652 1595//1651
f 1820//1876 1595//1651 1830//1886
f 1830//1886 1595//1651 1599//1655
f 1830//1886 1599//1655 1840//1896
f 1840//1896 1599//1655 1598//1654
f 1840//1896 1598//1654 1846//1902
f 1846//1902 1598//1654 1602//1658
f 1846//1902 1602//1658 1882//1938
f 1882//1938 1602//1658 1601//1657
f 1882//1938 1601//1657 1543//1599
f 1543//1599 1601//1657 1654//1710
f 1543//1599 1654//1710 1384//1349
f 1384//1349 1654//1710 1655//1711
f 1384//1349 1655//1711 1382//1347
f 1382//1347 1655//1711 1656//1712
f 1382//1347 1656//1712 1631//1687
f 1631//1687 1656//1712 1657//1713
f 1631//1687 1657//1713 1630//1686
f 1630//1686 1657//1713 1658//1714
f 1630//1686 1658//1714 1663//1719
f 1663//1719 1658//1714 1403//1370
f 1663//1719 1403//1370 1404//1373
f 1404//1373 1403//1370 714//1369
f 1404//1373 714//1369 715//1371
f 1786//1842 1788//1844 1472//1529
f 1472//1529 1788//1844 1794//1850
f 1472//1529 1794//1850 1470//1527
f 1470//1527 1794//1850 1805//1861
f 1470//1527 1805//1861 1468//1525
f 1468//1525 1805//1861 1810//1866
f 1468//1525 1810//1866 1490//1546
f 1490//1546 1810//1866 1873//1929
f 1490//1546 1873//1929 1491//1547
f 1491//1547 1873//1929 1874//1930
f 1491//1547 1874//1930 1492//1548
f 1492//1548 1874//1930 1539//1595
f 1492//1548 1539//1595 1493//1549
f 1493//1549 1539//1595 1399//1364
f 1493//1549 1399//1364 1509//1565
f 1509//1565 1399//1364 1398//1363
f 1509//1565 1398//1363 1508//1564
f 1508//1564 1398//1363 1530//1586
f 1508//1564 1530//1586 1529//1585
f 1529//1585 1530//1586 1532//1588
f 1529//1585 1532//1588 1395//1360
f 1395//1360 1532//1588 1534//1590
f 1395//1360 1534//1590 1396//1361
f 989//954 988//953 1675//1731
f 1675//1731 988//953 1732//1788
f 1675//1731 1732//1788 1875//1931
f 1875//1931 1732//1788 1733//1789
f 1875//1931 1733//1789 1876//1932
f 1876//1932 1733//1789 1735//1791
f 1876//1932 1735//1791 1877//1933
f 1877//1933 1735//1791 1737//1793
f 1877//1933 1737//1793 1878//1934
f 1878//1934 1737//1793 1739//1795
f 1878//1934 1739//1795 1879//1935
f 1879//1935 1739//1795 1741//1797
f 1879//1935 1741//1797 1880//1936
f 1880//1936 1741//1797 1743//1799
f 1880//1936 1743//1799 1881//1937
f 1881//1937 1743//1799 1745//1801
f 1881//1937 1745//1801 1596//1652
f 1596//1652 1745//1801 1747//1803
f 1596//1652 1747//1803 1597//1653
f 1597//1653 1747//1803 1749//1805
f 1597//1653 1749//1805 1641//1697
f 1641//1697 1749//1805 1751//1807
f 1641//1697 1751//1807 1642//1698
f 1642//1698 1751//1807 1753//1809
f 1642//1698 1753//1809 1643//1699
f 1643//1699 1753//1809 1755//1811
f 1643//1699 1755//1811 1644//1700
f 1644//1700 1755//1811 1454//1492
f 1644//1700 1454//1492 1453//1488
f 1453//1488 1454//1492 789//1493
f 1453//1488 789//1493 790//1486
f 1132//1096 1273//1238 1569//1625
f 1569//1625 1273//1238 1540//1596
f 1569//1625 1540//1596 1570//1626
f 1570//1626 1540//1596 1541//1597
f 1570//1626 1541//1597 1571//1627
f 1571//1627 1541//1597 1542//1598
f 1571//1627 1542//1598 1572//1628
f 1572//1628 1542//1598 1396//1361
f 1572//1628 1396//1361 1573//1629
f 1573//1629 1396//1361 1534//1590
f 1573//1629 1534//1590 1574//1630
f 1574//1630 1534//1590 1533//1589
f 1574//1630 1533//1589 1575//1631
f 1575//1631 1533//1589 1535//1591
f 1575//1631 1535//1591 1554//1610
f 1682//1738 1684//1740 1774//1830
f 1774//1830 1684//1740 1686//1742
f 1774//1830 1686//1742 1847//1903
f 1847//1903 1686//1742 1688//1744
f 1847//1903 1688//1744 1849//1905
f 1849//1905 1688//1744 1689//1745
f 1849//1905 1689//1745 1851//1907
f 1851//1907 1689//1745 1841//1897
f 1851//1907 1841//1897 1853//1909
f 1853//1909 1841//1897 1842//1898
f 1853//1909 1842//1898 1855//1911
f 1855//1911 1842//1898 1843//1899
f 1855//1911 1843//1899 1857//1913
f 1857//1913 1843//1899 1844//1900
f 1857//1913 1844//1900 1859//1915
f 1859//1915 1844//1900 1845//1901
f 1859//1915 1845//1901 1860//1916
f 1860//1916 1845//1901 1846//1902
f 1860//1916 1846//1902 1869//1925
f 1869//1925 1846//1902 1882//1938
f 1869//1925 1882//1938 1867//1923
f 1867//1923 1882//1938 1543//1599
f 1867//1923 1543//1599 1865//1921
f 1865//1921 1543//1599 1393//1358
f 1865//1921 1393//1358 1863//1919
f 1863//1919 1393//1358 1392//1357
f 1863//1919 1392//1357 1861//1917
f 1861//1917 1392//1357 1551//1607
f 1861//1917 1551//1607 1536//1592
f 1536//1592 1551//1607 1549//1605
f 1536//1592 1549//1605 1535//1591
f 1535//1591 1549//1605 1548//1604
f 1535//1591 1548//1604 1554//1610
f 1554//1610 1548//1604 1552//1608
f 1554//1610 1552//1608 1555//1611
f 1555//1611 1552//1608 1615//1671
f 1555//1611 1615//1671 1591//1647
f 1591//1647 1615//1671 1614//1670
f 1591//1647 1614//1670 1590//1646
f 1590//1646 1614//1670 1440//1443
f 1590//1646 1440//1443 1439//1440
f 1439//1440 1440//1443 679//1445
f 1439//1440 679//1445 678//1438
f 1786//1842 170//1939 1787//1843
f 1787//1843 170//1939 169//1940
f 1783//1839 1374//1339 168//1941
f 168//1941 1374//1339 1790//1846
f 168//1941 1790//1846 169//1940
f 169//1940 1790//1846 1789//1845
f 169//1940 1789//1845 1787//1843
f 1779//1835 1377//1342 167//1942
f 167//1942 1377//1342 1785//1841
f 167//1942 1785//1841 168//1941
f 168//1941 1785//1841 1784//1840
f 168//1941 1784//1840 1783//1839
f 166//1943 1772//1828 1777//1833
f 1777//1833 1778//1834 166//1943
f 166//1943 1778//1834 1782//1838
f 166//1943 1782//1838 167//1942
f 167//1942 1782//1838 1780//1836
f 167//1942 1780//1836 1779//1835
f 1772//1828 166//1943 1773//1829
f 1773//1829 166//1943 160//1944
f 1773//1829 160//1944 1775//1831
f 1679//1735 1678//1734 159//1945
f 159//1945 1678//1734 1683//1739
f 159//1945 1683//1739 160//1944
f 160//1944 1683//1739 1682//1738
f 160//1944 1682//1738 1775//1831
f 1378//1343 1670//1726 158//1946
f 158//1946 1670//1726 1672//1728
f 1672//1728 1671//1727 158//1946
f 158//1946 1671//1727 1677//1733
f 158//1946 1677//1733 159//1945
f 159//1945 1677//1733 1681//1737
f 159//1945 1681//1737 1679//1735
f 1666//1722 1667//1723 157//1947
f 157//1947 1667//1723 1668//1724
f 157//1947 1668//1724 158//1946
f 158//1946 1668//1724 1379//1344
f 158//1946 1379//1344 1378//1343
f 173//1948 912//877 913//878
f 173//1948 913//878 157//1947
f 157//1947 913//878 1665//1721
f 157//1947 1665//1721 1666//1722
f 822//700 821//699 190//1949
f 899//864 898//863 178//1950
f 912//877 173//1948 909//874
f 909//874 173//1948 172//1951
f 909//874 172//1951 907//872
f 907//872 172//1951 818//696
f 818//696 172//1951 171//1952
f 818//696 171//1952 819//697
f 819//697 171//1952 905//870
f 905//870 171//1952 152//1953
f 905//870 152//1953 906//871
f 178//1950 898//863 151//1954
f 151//1954 898//863 902//867
f 151//1954 902//867 152//1953
f 152//1953 902//867 901//866
f 152//1953 901//866 906//871
f 190//1949 821//699 179//1955
f 179//1955 821//699 825//703
f 179//1955 825//703 178//1950
f 178//1950 825//703 824//702
f 178//1950 824//702 899//864
f 830//708 188//1956 831//709
f 831//709 188//1956 161//1957
f 831//709 161//1957 875//840
f 875//840 161//1957 193//1958
f 875//840 193//1958 876//841
f 830//708 879//844 188//1956
f 188//1956 879//844 878//843
f 188//1956 878//843 189//1959
f 189//1959 878//843 828//706
f 189//1959 828//706 190//1949
f 190//1949 828//706 827//705
f 190//1949 827//705 822//700
f 871//836 873//838 191//1960
f 191//1960 873//838 874//839
f 191//1960 874//839 192//1961
f 192//1961 874//839 834//712
f 192//1961 834//712 193//1958
f 193//1958 834//712 833//711
f 193//1958 833//711 876//841
f 871//836 191//1960 869//834
f 869//834 191//1960 180//1962
f 869//834 180//1962 1332//1297
f 1332//1297 180//1962 181//1963
f 1332//1297 181//1963 1333//1298
f 1333//1298 181//1963 182//1964
f 1333//1298 182//1964 1334//1299
f 1334//1299 182//1964 1335//1300
f 1335//1300 182//1964 183//1965
f 1335//1300 183//1965 1327//1292
f 1327//1292 183//1965 184//1966
f 1331//1296 1330//1295 184//1966
f 184//1966 1330//1295 1328//1293
f 184//1966 1328//1293 1327//1292
f 198//1967 194//1968 1317//1282
f 806//684 199//1969 807//685
f 807//685 199//1969 198//1967
f 807//685 198//1967 1316//1281
f 1316//1281 198//1967 1317//1282
f 806//684 804//682 199//1969
f 199//1969 804//682 803//681
f 199//1969 803//681 200//1970
f 200//1970 803//681 1326//1291
f 200//1970 1326//1291 184//1966
f 184//1966 1326//1291 1341//1306
f 184//1966 1341//1306 1331//1296
f 207//1971 1312//1277 1315//1280
f 207//1971 1315//1280 208//1972
f 208//1972 1315//1280 1314//1279
f 208//1972 1314//1279 194//1968
f 194//1968 1314//1279 1318//1283
f 194//1968 1318//1283 1317//1282
f 1243//1208 1242//1207 201//1973
f 201//1973 1242//1207 206//1974
f 1242//1207 1307//1272 206//1974
f 206//1974 1307//1272 1309//1274
f 206//1974 1309//1274 207//1971
f 207//1971 1309//1274 1310//1275
f 207//1971 1310//1275 1312//1277
f 211//1975 1247//1212 1246//1211
f 211//1975 1246//1211 202//1976
f 1246//1211 1238//1203 202//1976
f 202//1976 1238//1203 1237//1202
f 202//1976 1237//1202 201//1973
f 201//1973 1237//1202 1245//1210
f 201//1973 1245//1210 1243//1208
f 209//1977 1235//1200 1234//1199
f 209//1977 1234//1199 210//1978
f 210//1978 1234//1199 1249//1214
f 210//1978 1249//1214 211//1975
f 211//1975 1249//1214 1248//1213
f 211//1975 1248//1213 1247//1212
f 209//1977 205//1979 1235//1200
f 1235//1200 205//1979 1229//1194
f 1229//1194 205//1979 1231//1196
f 1231//1196 205//1979 204//1980
f 1231//1196 204//1980 1232//1197
f 1232//1197 204//1980 203//1981
f 1232//1197 203//1981 1223//1188
f 195//1982 196//1983 1217//1182
f 1217//1182 1216//1181 195//1982
f 195//1982 1216//1181 1220//1185
f 195//1982 1220//1185 203//1981
f 203//1981 1220//1185 1221//1186
f 203//1981 1221//1186 1223//1188
f 1217//1182 196//1983 197//1984
f 153//1985 154//1986 1431//1402
f 1431//1402 1496//1552 153//1985
f 153//1985 1496//1552 1495//1551
f 153//1985 1495//1551 197//1984
f 197//1984 1495//1551 1507//1563
f 197//1984 1507//1563 1217//1182
f 150//1987 1421//1392 1426//1397
f 150//1987 1426//1397 155//1988
f 1426//1397 1429//1400 155//1988
f 155//1988 1429//1400 1428//1399
f 155//1988 1428//1399 154//1986
f 154//1986 1428//1399 1432//1403
f 154//1986 1432//1403 1431//1402
f 1421//1392 150//1987 1422//1393
f 1422//1393 150//1987 165//1989
f 1422//1393 165//1989 1424//1395
f 164//1990 1418//1389 165//1989
f 165//1989 1418//1389 1417//1388
f 165//1989 1417//1388 1424//1395
f 174//1991 1413//1384 162//1992
f 162//1992 1413//1384 1415//1386
f 162//1992 1415//1386 163//1993
f 163//1993 1415//1386 1416//1387
f 1416//1387 1407//1378 163//1993
f 163//1993 1407//1378 1406//1377
f 163//1993 1406//1377 164//1990
f 164//1990 1406//1377 1420//1391
f 164//1990 1420//1391 1418//1389
f 1476//1532 1481//1537 176//1994
f 176//1994 1481//1537 1482//1538
f 176//1994 1482//1538 175//1995
f 1482//1538 1412//1383 175//1995
f 175//1995 1412//1383 1410//1381
f 175//1995 1410//1381 174//1991
f 174//1991 1410//1381 1409//1380
f 174//1991 1409//1380 1413//1384
f 1476//1532 176//1994 1477//1533
f 1477//1533 176//1994 177//1996
f 1477//1533 177//1996 1479//1535
f 1479//1535 177//1996 187//1997
f 1479//1535 187//1997 1473//1530
f 1465//1523 1462//1520 185//1998
f 185//1998 1462//1520 1401//1366
f 185//1998 1401//1366 186//1999
f 186//1999 1401//1366 1400//1365
f 186//1999 1400//1365 187//1997
f 187//1997 1400//1365 1474//1530
f 187//1997 1474//1530 1473//1530
f 170//1939 1786//1842 1793//1849
f 1793//1849 1792//1848 170//1939
f 170//1939 1792//1848 1791//1847
f 170//1939 1791//1847 156//2000
f 156//2000 1791//1847 1467//1524
f 156//2000 1467//1524 185//1998
f 185//1998 1467//1524 1466//1523
f 185//1998 1466//1523 1465//1523
