# Blender 4.3.2
# www.blender.org
mtllib link3.mtl
o link3
v 0.071022 0.155798 -0.038922
v 0.071021 0.155498 -0.038938
v 0.071021 0.155198 -0.038922
v 0.060799 0.155476 -0.035687
v 0.060836 0.158249 -0.035670
v 0.062881 0.158074 -0.036529
v 0.069934 0.154536 -0.038719
v 0.068750 0.155499 -0.038461
v 0.069937 0.156461 -0.038719
v 0.064598 0.157926 -0.037249
v 0.068750 0.156899 -0.038461
v 0.060297 0.158295 -0.035444
v 0.055463 0.155506 -0.032636
v 0.055638 0.156283 -0.032754
v 0.057864 0.157929 -0.034144
v 0.056068 0.156905 -0.033038
v 0.057862 0.153080 -0.034144
v 0.056066 0.154105 -0.033038
v 0.055637 0.154729 -0.032753
v 0.068749 0.154099 -0.038461
v 0.064596 0.153076 -0.037249
v 0.062874 0.152908 -0.036540
v 0.060776 0.152703 -0.035676
v 0.074546 0.155197 0.039767
v 0.074547 0.155497 0.039783
v 0.074546 0.155797 0.039767
v 0.072242 0.155498 0.039511
v 0.073448 0.156459 0.039662
v 0.066220 0.152907 0.038124
v 0.067997 0.153075 0.038675
v 0.067099 0.155416 0.038435
v 0.072241 0.154098 0.039511
v 0.073440 0.154533 0.039661
v 0.064067 0.155486 0.037456
v 0.064051 0.152702 0.037450
v 0.058488 0.155504 0.034897
v 0.058672 0.154727 0.034999
v 0.061012 0.153078 0.036185
v 0.059125 0.154104 0.035244
v 0.072243 0.156898 0.039511
v 0.067999 0.157925 0.038675
v 0.066207 0.158178 0.038174
v 0.064089 0.158271 0.037446
v 0.063558 0.158294 0.037264
v 0.061015 0.157928 0.036185
v 0.059126 0.156904 0.035244
v 0.058673 0.156282 0.034999
v 0.058342 0.169104 0.037653
v 0.068698 0.169099 0.041409
v 0.077785 0.169095 0.000199
v 0.079674 0.169094 0.042356
v 0.090520 0.169089 0.040431
v 0.037553 0.169114 0.012934
v 0.042220 0.169112 0.022913
v 0.049311 0.169109 0.031344
v 0.040331 0.169113 -0.019245
v 0.036575 0.169115 -0.008888
v 0.035628 0.169115 0.002087
v 0.065050 0.169101 -0.040034
v 0.055071 0.169106 -0.035367
v 0.046640 0.169110 -0.028276
v 0.097229 0.169086 -0.037255
v 0.086873 0.169091 -0.041011
v 0.075897 0.169096 -0.041959
v 0.118018 0.169076 -0.012536
v 0.113351 0.169078 -0.022515
v 0.106260 0.169082 -0.030947
v 0.115239 0.169078 0.019642
v 0.118995 0.169076 0.009286
v 0.119943 0.169075 -0.001690
v 0.100499 0.169084 0.035764
v 0.108931 0.169081 0.028674
v 0.060915 0.155503 -0.038485
v 0.060827 0.155065 -0.038447
v 0.060467 0.154520 -0.038287
v 0.059989 0.154104 -0.038068
v 0.057743 0.153080 -0.036942
v 0.055063 0.152706 -0.035367
v 0.055158 0.152719 -0.035422
v 0.052949 0.153082 -0.033924
v 0.051517 0.154107 -0.032834
v 0.051162 0.154745 -0.032549
v 0.051025 0.155508 -0.032437
v 0.051163 0.156270 -0.032549
v 0.051518 0.156907 -0.032834
v 0.052952 0.157932 -0.033924
v 0.055068 0.158291 -0.035364
v 0.055157 0.158306 -0.035425
v 0.057745 0.157929 -0.036942
v 0.059990 0.156904 -0.038068
v 0.060606 0.156323 -0.038349
v 0.060827 0.155943 -0.038447
v 0.064442 0.155501 0.040236
v 0.064351 0.155940 0.040205
v 0.063979 0.156484 0.040078
v 0.063483 0.156902 0.039903
v 0.061146 0.157928 0.038982
v 0.058432 0.158304 0.037702
v 0.058338 0.158289 0.037650
v 0.056102 0.157930 0.036405
v 0.054577 0.156906 0.035447
v 0.054197 0.156267 0.035195
v 0.054050 0.155506 0.035096
v 0.054196 0.154744 0.035195
v 0.054575 0.154106 0.035447
v 0.056100 0.153080 0.036405
v 0.058336 0.152719 0.037650
v 0.058430 0.152704 0.037702
v 0.061143 0.153078 0.038982
v 0.063481 0.154102 0.039903
v 0.064121 0.154683 0.040128
v 0.064350 0.155064 0.040205
v 0.065031 0.127901 -0.040034
v 0.046621 0.127910 -0.028276
v 0.050604 0.127908 -0.032098
v 0.055052 0.127906 -0.035367
v 0.059888 0.127904 -0.038027
v 0.068679 0.127899 0.041409
v 0.058322 0.127904 0.037653
v 0.053600 0.127907 0.034794
v 0.049291 0.127909 0.031344
v 0.045469 0.127910 0.027361
v 0.036556 0.127915 -0.008888
v 0.035608 0.127915 0.002087
v 0.037533 0.127914 0.012934
v 0.039540 0.127913 0.018076
v 0.042200 0.127912 0.022913
v 0.044825 0.127911 -0.026178
v 0.043170 0.127911 -0.023967
v 0.040312 0.127913 -0.019245
v 0.075878 0.127896 -0.041959
v 0.086853 0.127891 -0.041011
v 0.092154 0.127888 -0.039473
v 0.097209 0.127886 -0.037255
v 0.101932 0.127884 -0.034397
v 0.106241 0.127882 -0.030947
v 0.113331 0.127878 -0.022515
v 0.115992 0.127877 -0.017679
v 0.117079 0.127877 -0.015141
v 0.119839 0.127875 -0.003068
v 0.119710 0.127875 -0.004443
v 0.119316 0.127876 -0.007176
v 0.117998 0.127876 -0.012536
v 0.119924 0.127875 -0.001690
v 0.118976 0.127876 0.009286
v 0.115220 0.127878 0.019642
v 0.112361 0.127879 0.024365
v 0.108911 0.127881 0.028674
v 0.104928 0.127882 0.032495
v 0.100480 0.127884 0.035764
v 0.095644 0.127887 0.038425
v 0.090501 0.127889 0.040431
v 0.085141 0.127892 0.041749
v 0.079654 0.127894 0.042356
v 0.070576 0.127899 0.042039
v 0.070970 0.127898 0.042094
v 0.079871 0.127894 0.042704
v 0.075746 0.127896 0.042687
v 0.075262 0.127896 0.042685
v 0.035568 0.127915 -0.002383
v 0.035536 0.127915 0.002650
v 0.082351 0.127893 -0.041824
v 0.036071 0.127915 -0.006783
v 0.037030 0.127914 -0.011106
v 0.037676 0.127914 -0.013221
v 0.103073 0.127883 -0.033653
v 0.099637 0.127885 -0.035970
v 0.095582 0.127887 -0.038131
v 0.091318 0.127889 -0.039840
v 0.086889 0.127891 -0.041076
v 0.061369 0.127903 -0.038768
v 0.115082 0.127878 -0.019636
v 0.112707 0.127879 -0.023574
v 0.109920 0.127880 -0.027229
v 0.106267 0.127882 -0.031010
v 0.116038 0.127877 -0.017722
v 0.117015 0.127877 -0.015464
v 0.086314 0.127891 0.041728
v 0.091067 0.127889 0.040458
v 0.095641 0.127887 0.038646
v 0.075876 0.127896 -0.042033
v 0.067669 0.127900 -0.040853
v 0.063846 0.127902 -0.039720
v 0.100103 0.127885 0.036238
v 0.104246 0.127883 0.033313
v 0.108010 0.127881 0.029915
v 0.111341 0.127879 0.026092
v 0.114192 0.127878 0.021899
v 0.116522 0.127877 0.017395
v 0.119494 0.127876 0.007717
v 0.119981 0.127875 -0.001770
v 0.119802 0.127875 -0.004120
v 0.119495 0.127876 -0.006460
v 0.118483 0.127876 -0.011107
v 0.080567 0.127894 0.042642
v 0.081645 0.127893 0.042547
v 0.085411 0.127892 0.041886
v 0.036028 0.127915 0.007660
v 0.038362 0.127914 0.015854
v 0.040729 0.127913 0.020839
v 0.043724 0.127911 0.025475
v 0.047295 0.127909 0.029682
v 0.051382 0.127908 0.033390
v 0.055917 0.127905 0.036536
v 0.060821 0.127903 0.039066
v 0.068642 0.127899 0.041605
v 0.059852 0.127904 -0.038094
v 0.055802 0.127905 -0.035925
v 0.052012 0.127907 -0.033329
v 0.048524 0.127909 -0.030334
v 0.045382 0.127910 -0.026980
v 0.042927 0.127912 -0.023752
v 0.040793 0.127913 -0.020303
v 0.039072 0.127913 -0.016833
v -0.010317 0.040874 0.067693
v -0.008442 0.041374 0.067693
v -0.003621 0.042075 0.067693
v -0.038151 0.018228 0.067693
v -0.036491 0.021217 0.067693
v -0.001982 0.042122 0.067693
v 0.031004 -0.028620 0.067693
v 0.029646 -0.030133 0.067693
v 0.026531 -0.032918 0.067693
v -0.034410 -0.024601 0.067693
v -0.035761 -0.022685 0.067693
v 0.006480 0.041775 0.067693
v 0.006523 0.041772 0.067693
v 0.008889 0.041358 0.067693
v 0.024791 -0.034163 0.067693
v 0.022447 -0.035839 0.067693
v 0.018011 -0.038272 0.067693
v 0.017635 -0.038427 0.067693
v 0.014162 -0.039865 0.067693
v 0.009757 -0.041150 0.067693
v -0.022335 -0.035947 0.067693
v -0.018458 -0.038117 0.067693
v -0.014851 -0.039603 0.067693
v -0.028922 -0.030856 0.067693
v -0.030010 -0.029886 0.067693
v -0.033358 -0.026094 0.067693
v -0.035713 0.022618 0.067693
v -0.032746 0.026719 0.067693
v -0.031581 0.028006 0.067693
v 0.001434 0.042221 0.067693
v 0.006313 0.041790 0.067693
v 0.027046 0.032985 0.067693
v 0.028761 0.031383 0.067693
v 0.036061 -0.021989 0.067693
v 0.014695 0.039724 0.067693
v 0.018700 0.038156 0.067693
v 0.022261 0.036241 0.067693
v 0.033025 -0.026371 0.067693
v 0.035909 -0.022265 0.067693
v 0.009343 -0.041271 0.067693
v 0.004351 -0.042099 0.067693
v 0.001502 -0.042257 0.067693
v 0.000187 -0.042330 0.067693
v -0.004824 -0.042061 0.067693
v -0.006802 -0.041716 0.067693
v -0.009806 -0.041192 0.067693
v -0.013817 -0.040030 0.067693
v -0.022871 -0.035647 0.067693
v -0.026265 -0.033226 0.067693
v -0.038189 -0.018294 0.067693
v -0.038559 -0.017385 0.067693
v -0.040093 -0.013608 0.067693
v -0.041233 -0.009591 0.067693
v -0.042071 -0.004642 0.067693
v -0.042236 -0.001229 0.067693
v -0.042316 0.000410 0.067693
v -0.042062 0.004576 0.067693
v -0.041635 0.007069 0.067693
v -0.041214 0.009524 0.067693
v -0.039773 0.014373 0.067693
v -0.029908 0.029852 0.067693
v -0.026152 0.033182 0.067693
v -0.025417 0.033691 0.067693
v 0.013883 0.040042 0.067693
v 0.023189 0.035741 0.067693
v 0.041556 -0.007074 0.067693
v 0.042057 -0.003632 0.067693
v 0.042187 0.001410 0.067693
v 0.041329 -0.008638 0.067693
v 0.041109 -0.009636 0.067693
v 0.037928 -0.018598 0.067693
v 0.039682 -0.014458 0.067693
v -0.021993 0.036063 0.067693
v -0.018249 0.038073 0.067693
v -0.018004 0.038204 0.067693
v -0.013338 0.040067 0.067693
v 0.030516 0.029745 0.067693
v 0.033636 0.025982 0.067693
v 0.034150 0.025190 0.067693
v 0.041029 0.009748 0.067693
v 0.041331 0.008616 0.067693
v 0.042062 0.003534 0.067693
v 0.036311 0.021859 0.067693
v 0.038330 0.017832 0.067693
v 0.038561 0.017371 0.067693
v 0.040009 0.013570 0.067693
v 0.040723 0.010897 0.067693
v 0.085185 0.041864 0.059811
v 0.082693 0.041613 0.059754
v 0.082702 0.041531 0.055003
v 0.068974 0.042152 0.059873
v 0.066363 0.042834 0.060025
v 0.066343 0.042759 0.055003
v 0.040783 0.062780 0.064466
v 0.040783 0.062780 0.055003
v 0.043485 0.058407 0.063491
v 0.043946 0.057771 0.055003
v 0.043979 0.057798 0.063356
v 0.044292 0.057412 0.063270
v 0.049976 0.051268 0.055003
v 0.050002 0.051295 0.061908
v 0.049882 0.051409 0.061933
v 0.046738 0.054397 0.062599
v 0.057525 0.046232 0.060781
v 0.056646 0.046713 0.060888
v 0.057490 0.046168 0.055003
v 0.054635 0.047813 0.061133
v 0.050488 0.050834 0.061805
v 0.064224 0.043392 0.060149
v 0.063894 0.043478 0.060168
v 0.059107 0.045367 0.060588
v 0.072353 0.041687 0.059770
v 0.073357 0.041502 0.055003
v 0.073363 0.041547 0.059739
v 0.080653 0.041407 0.059708
v 0.079745 0.041315 0.059688
v 0.074295 0.041419 0.059710
v 0.088861 0.042690 0.059995
v 0.091654 0.043422 0.055004
v 0.090376 0.043031 0.060071
v 0.099839 0.047086 0.060976
v 0.096659 0.045469 0.060615
v 0.099848 0.047069 0.055004
v 0.095416 0.044837 0.060474
v 0.091633 0.043481 0.060172
v 0.107005 0.052364 0.062152
v 0.104408 0.050152 0.061659
v 0.107005 0.052364 0.055004
v 0.103748 0.049702 0.061559
v 0.100112 0.047224 0.061007
v 0.109771 0.055286 0.062804
v 0.111434 0.057222 0.055004
v 0.110509 0.056066 0.062978
v 0.114996 0.062745 0.064466
v 0.114522 0.061938 0.064286
v 0.114996 0.062745 0.055004
v 0.113335 0.059917 0.063836
v 0.111384 0.057259 0.063243
v 0.045474 0.029908 0.105188
v 0.045258 0.030102 0.105210
v 0.021084 0.003019 0.105744
v 0.049904 0.025906 0.103993
v 0.049718 0.026074 0.104043
v 0.026610 -0.000052 0.104571
v 0.025784 -0.033095 0.079871
v 0.025180 -0.033810 0.075652
v 0.031365 -0.028316 0.073895
v 0.036404 -0.022126 0.081049
v 0.034075 -0.025210 0.082848
v 0.032799 -0.026670 0.080429
v -0.021608 0.029303 0.097783
v -0.022095 0.028878 0.097635
v -0.021781 0.022641 0.100341
v -0.025537 0.025872 0.096587
v -0.026035 0.025437 0.096435
v -0.026206 0.018896 0.099255
v -0.014766 -0.039520 0.074337
v -0.006721 -0.041658 0.073939
v 0.058714 0.013893 0.077831
v 0.060715 0.016118 0.077822
v 0.064109 0.013057 0.081367
v 0.052996 0.007139 0.078104
v 0.052767 -0.000195 0.082053
v 0.051655 0.005306 0.078244
v 0.047524 -0.000427 0.078644
v 0.047697 -0.000154 0.078639
v 0.047954 0.000248 0.078632
v 0.051518 0.005119 0.078258
v 0.044486 -0.005255 0.078643
v 0.044867 -0.004599 0.078722
v 0.047530 -0.006597 0.082434
v 0.044303 -0.005570 0.078605
v 0.043217 -0.007443 0.078379
v 0.043049 -0.012360 0.082244
v 0.042102 -0.009495 0.077718
v 0.042016 -0.009652 0.077668
v 0.041111 -0.011416 0.076491
v 0.041201 -0.011234 0.076687
v 0.039607 -0.016990 0.080784
v 0.038334 -0.018756 0.079392
v 0.037368 -0.020120 0.077496
v 0.040494 -0.012679 0.074987
v 0.040580 -0.012495 0.075331
v 0.040584 -0.012488 0.075338
v 0.039821 -0.014136 0.070711
v 0.039848 -0.014075 0.071290
v 0.036292 -0.021673 0.072199
v 0.039848 -0.014075 0.071292
v 0.036697 -0.021082 0.075089
v 0.040073 -0.013577 0.073053
v 0.040141 -0.013426 0.073586
v 0.018007 -0.037950 0.077234
v 0.001588 -0.042179 0.073390
v -0.028839 -0.030780 0.074652
v -0.034321 -0.024517 0.074563
v -0.038470 -0.017300 0.074311
v -0.042180 -0.001151 0.073342
v -0.041598 0.007155 0.072645
v -0.039569 0.014520 0.071898
v -0.039324 0.014695 0.076920
v -0.041146 0.007459 0.078527
v -0.038150 0.015566 0.083116
v -0.038335 0.015429 0.082139
v -0.040195 0.008117 0.083823
v -0.039036 0.014909 0.078441
v -0.039254 0.014748 0.077292
v -0.035079 0.017937 0.089868
v -0.035669 0.017467 0.089168
v -0.036456 0.010823 0.092236
v -0.036587 0.016762 0.087054
v -0.038647 0.009217 0.088413
v -0.036916 0.016510 0.086295
v -0.038036 0.015650 0.083715
v -0.034638 0.018288 0.090390
v -0.033621 0.012968 0.095287
v -0.032613 0.019901 0.092789
v -0.032417 0.020057 0.093021
v -0.030183 0.015662 0.097603
v -0.032159 0.020271 0.093185
v -0.027951 0.023764 0.095852
v -0.029050 0.022852 0.095155
v -0.029532 0.022451 0.094850
v -0.006822 0.036452 0.101351
v -0.013005 0.037321 0.098689
v -0.017006 0.026854 0.100974
v -0.017414 0.033212 0.098224
v -0.017849 0.032807 0.098179
v 0.000794 0.051463 0.098772
v -0.001606 0.048851 0.098786
v 0.003613 0.047162 0.101248
v -0.008402 0.041978 0.098728
v -0.008709 0.041666 0.098725
v 0.010226 0.061728 0.098719
v 0.011988 0.060139 0.100016
v 0.013951 0.058367 0.101033
v 0.014330 0.058025 0.101230
v 0.035744 -0.023305 0.084695
v 0.037891 -0.020300 0.082649
v 0.041944 -0.009792 0.077581
v 0.041184 -0.014844 0.081713
v 0.039722 -0.018071 0.083750
v 0.041875 -0.015477 0.084417
v 0.037794 -0.020970 0.086006
v 0.040198 -0.018241 0.086848
v 0.035333 -0.023409 0.088350
v 0.037924 -0.020494 0.089384
v 0.032397 -0.025354 0.090573
v 0.035120 -0.022201 0.091775
v 0.031962 -0.023457 0.093902
v 0.033124 -0.025899 0.086812
v 0.031328 -0.027926 0.084705
v 0.029956 -0.029477 0.081991
v 0.026780 -0.031920 0.083497
v 0.028208 -0.030241 0.086484
v 0.030084 -0.028047 0.088831
v 0.031907 -0.027693 0.077432
v 0.018638 -0.037106 0.082038
v 0.019684 -0.035722 0.086181
v 0.021193 -0.033748 0.089610
v 0.023186 -0.031176 0.092321
v 0.025658 -0.028027 0.094352
v 0.009839 -0.041062 0.072700
v 0.010153 -0.040606 0.078601
v 0.010824 -0.039645 0.083889
v 0.011939 -0.038072 0.088441
v 0.013552 -0.035834 0.092197
v 0.015687 -0.032922 0.095155
v 0.018345 -0.029366 0.097360
v 0.021503 -0.025224 0.098890
v 0.028588 -0.024352 0.095774
v 0.001930 -0.041683 0.079746
v 0.002662 -0.040636 0.085429
v 0.003876 -0.038925 0.090302
v 0.005631 -0.036490 0.094305
v 0.007953 -0.033324 0.097436
v 0.010840 -0.029461 0.099746
v 0.014270 -0.024964 0.101325
v 0.007144 -0.023602 0.103175
v 0.003417 -0.028325 0.101577
v 0.000268 -0.032380 0.099202
v -0.002273 -0.035700 0.095950
v -0.004199 -0.038251 0.091765
v -0.005536 -0.040044 0.086645
v -0.006343 -0.041139 0.080655
v -0.014347 -0.038996 0.081312
v -0.013457 -0.037888 0.087523
v -0.011988 -0.036073 0.092818
v -0.009880 -0.033484 0.097131
v -0.007110 -0.030111 0.100464
v -0.003691 -0.025982 0.102880
v 0.000336 -0.021163 0.104484
v -0.025339 0.011689 0.101581
v -0.029682 0.008161 0.099910
v -0.033442 0.005217 0.097516
v -0.036543 0.002871 0.094317
v -0.038943 0.001112 0.090265
v -0.040640 -0.000095 0.085365
v -0.041683 -0.000816 0.079680
v 0.015852 0.006591 0.106455
v 0.040727 0.034194 0.105663
v 0.036465 0.038043 0.106090
v 0.004908 -0.015743 0.105415
v 0.009949 -0.009829 0.105829
v 0.004203 -0.006357 0.106588
v 0.010974 0.010640 0.106731
v 0.006495 0.015132 0.106585
v -0.005646 0.002699 0.106684
v 0.014848 0.033022 0.105655
v 0.002449 0.020025 0.106011
v -0.009597 0.008141 0.106027
v -0.011285 -0.002898 0.106270
v -0.006553 -0.007972 0.106477
v -0.011625 -0.013254 0.105554
v -0.005974 -0.017689 0.105274
v -0.016139 -0.017913 0.103937
v -0.010273 -0.022482 0.103665
v -0.020008 -0.021876 0.101482
v -0.013941 -0.026575 0.101224
v -0.023172 -0.025092 0.098077
v -0.016926 -0.029910 0.097841
v -0.025601 -0.027543 0.093659
v -0.019209 -0.032461 0.093452
v -0.027306 -0.029253 0.088221
v -0.020806 -0.034246 0.088051
v -0.028347 -0.030291 0.081833
v -0.021777 -0.035333 0.081707
v -0.022236 -0.035846 0.074576
v -0.001024 -0.002160 0.106870
v -0.001119 -0.012280 0.106195
v 0.036195 0.038287 0.106117
v 0.035597 0.038827 0.106177
v 0.031961 0.042110 0.105849
v 0.031663 0.042379 0.105822
v 0.027451 0.046181 0.105442
v 0.027127 0.046474 0.105412
v 0.025609 0.047844 0.105275
v 0.023000 0.050200 0.104525
v 0.022655 0.050511 0.104426
v 0.010832 0.037634 0.104703
v 0.018580 0.054189 0.103255
v 0.018210 0.054524 0.103148
v 0.017810 0.054885 0.103033
v 0.007072 0.042371 0.103268
v -0.033804 -0.024062 0.081688
v -0.037942 -0.016886 0.081275
v -0.032715 -0.023095 0.088032
v -0.036833 -0.016000 0.087486
v -0.030936 -0.021494 0.093438
v -0.035024 -0.014529 0.092792
v -0.028408 -0.019190 0.097838
v -0.032460 -0.012403 0.097126
v -0.025126 -0.016154 0.101237
v -0.029141 -0.009588 0.100491
v -0.021127 -0.012397 0.103697
v -0.025107 -0.006087 0.102946
v -0.016482 -0.007957 0.105327
v -0.020436 -0.001928 0.104594
v -0.015227 0.002838 0.105570
v -0.018317 0.009109 0.104368
v -0.012830 0.014065 0.104883
v -0.015309 0.020352 0.103219
v -0.001137 0.025263 0.104986
v -0.004238 0.030773 0.103462
v -0.020511 0.015769 0.102641
v -0.023406 0.004680 0.103350
v -0.027980 0.000834 0.101686
v -0.031937 -0.002387 0.099250
v -0.035199 -0.004963 0.095949
v -0.037723 -0.006902 0.091730
v -0.039507 -0.008236 0.086592
v -0.040602 -0.009037 0.080602
v -0.041123 -0.009410 0.073901
v 0.064231 0.012947 0.081602
v 0.064246 0.012934 0.081632
v 0.052894 -0.002568 0.084491
v 0.065522 0.011784 0.084093
v 0.052416 -0.004486 0.087309
v 0.066182 0.011191 0.086993
v 0.051134 -0.005712 0.090281
v 0.066425 0.010973 0.088761
v 0.066164 0.011210 0.089841
v 0.066143 0.011229 0.089927
v 0.065515 0.011799 0.092528
v 0.049124 -0.006232 0.093035
v 0.065418 0.011886 0.092678
v 0.065366 0.011934 0.092759
v 0.063942 0.013221 0.094969
v 0.065545 0.011763 0.084137
v 0.065878 0.011463 0.084780
v 0.066172 0.011200 0.086922
v 0.058342 0.018283 0.100268
v 0.038195 -0.004586 0.100553
v 0.058465 0.018172 0.100190
v 0.058748 0.017917 0.100013
v 0.057617 0.018939 0.100723
v 0.054227 0.022001 0.102274
v 0.032352 -0.002600 0.102876
v 0.054073 0.022140 0.102344
v 0.051283 0.024661 0.103621
v 0.063880 0.013277 0.095066
v 0.063095 0.013988 0.096284
v 0.043941 -0.005911 0.097399
v 0.062290 0.014715 0.096974
v 0.062199 0.014797 0.097053
v 0.038746 -0.015405 0.095207
v 0.046655 -0.006240 0.095400
v 0.046995 -0.009404 0.084788
v 0.045893 -0.011807 0.087470
v 0.044074 -0.013597 0.090286
v 0.041614 -0.014746 0.092915
v 0.035651 -0.015710 0.097179
v 0.016112 -0.012534 0.104573
v 0.022566 -0.014442 0.102778
v 0.029154 -0.015522 0.100366
v 0.025124 -0.020578 0.099852
v 0.018197 -0.019923 0.102291
v 0.011398 -0.018302 0.104125
v 0.031936 -0.020219 0.096681
v -0.021111 0.035285 0.094395
v -0.017447 0.038860 0.094963
v -0.016994 0.041747 0.092636
v 0.042091 -0.005322 0.073357
v 0.041079 0.009790 0.067824
v -0.024490 0.032063 0.093471
v 0.009777 0.062133 0.098345
v 0.007010 0.064628 0.095231
v -0.009548 0.046859 0.095381
v -0.027520 0.029239 0.092107
v -0.032314 0.024903 0.087793
v -0.034012 0.023412 0.084759
v -0.035235 0.022356 0.081132
v -0.036016 0.021692 0.076949
v -0.031200 0.028460 0.075067
v -0.025084 0.034073 0.073125
v -0.017937 0.038320 0.071401
v -0.010083 0.041073 0.069928
v -0.001838 0.042240 0.068687
v 0.015120 0.039924 0.068718
v 0.007285 0.042037 0.069874
v 0.022393 0.036370 0.067999
v 0.028829 0.031484 0.067788
v 0.034194 0.025435 0.068104
v 0.038311 0.018455 0.068873
v 0.041051 0.010812 0.070022
v 0.042200 0.001539 0.068815
v 0.041694 -0.006771 0.070017
v 0.042465 -0.004122 0.074510
v 0.042983 -0.002615 0.075325
v 0.044509 0.001182 0.076088
v 0.046740 0.005681 0.076050
v 0.049662 0.010429 0.075692
v 0.056955 0.019511 0.075501
v -0.026144 0.032538 0.090048
v -0.023402 0.035254 0.091292
v -0.024315 0.035517 0.087763
v -0.021831 0.038105 0.088848
v -0.021949 0.038035 0.085365
v -0.019665 0.040445 0.086266
v -0.019082 0.040032 0.083074
v -0.016939 0.042209 0.083807
v -0.013831 0.043489 0.081620
v -0.020936 0.038168 0.081968
v -0.022470 0.036639 0.080439
v -0.023917 0.035969 0.084058
v -0.025540 0.034275 0.082293
v -0.026454 0.033305 0.086238
v -0.028217 0.031493 0.084220
v -0.028510 0.030225 0.088327
v -0.030465 0.028339 0.086078
v -0.030143 0.026846 0.090233
v -0.017629 0.039941 0.080075
v -0.015508 0.040202 0.077214
v -0.014101 0.041338 0.078383
v -0.006636 0.043100 0.075506
v -0.029589 0.030092 0.081681
v -0.008886 0.041736 0.073338
v -0.017420 0.038709 0.073718
v -0.016616 0.039328 0.075661
v -0.024533 0.034609 0.076009
v -0.030574 0.029092 0.078620
v -0.023669 0.035455 0.078455
v -0.026805 0.032962 0.080039
v -0.000817 0.042647 0.071417
v 0.034625 0.028066 0.069957
v 0.034307 0.026528 0.069245
v 0.029799 0.033417 0.069669
v 0.029192 0.032271 0.068913
v 0.024130 0.037842 0.069955
v 0.023096 0.036946 0.069173
v 0.017763 0.041255 0.070806
v 0.016214 0.040419 0.070011
v 0.010903 0.043636 0.072184
v 0.008793 0.042625 0.071361
v 0.003760 0.044971 0.074082
v 0.001089 0.043525 0.073188
v -0.003455 0.045239 0.076548
v -0.010493 0.044386 0.079708
v 0.043054 0.006628 0.073578
v 0.043527 0.008336 0.073810
v 0.041285 0.013941 0.071808
v 0.041526 0.015328 0.072051
v 0.038394 0.020888 0.070495
v 0.038546 0.021969 0.070766
v 0.041141 0.012705 0.071404
v 0.042709 0.005109 0.073141
v 0.042473 0.003819 0.072462
v 0.038318 0.019926 0.070098
v 0.042324 0.002789 0.071517
v 0.021603 0.044032 0.071339
v 0.027384 0.046207 0.071008
v 0.029964 0.043877 0.070855
v 0.036235 0.031842 0.070458
v 0.031795 0.036423 0.070307
v 0.034588 0.039702 0.070580
v 0.034479 0.039800 0.070586
v 0.026899 0.040493 0.070598
v 0.030018 0.043829 0.070852
v 0.037615 0.036969 0.070400
v 0.039145 0.035587 0.070602
v 0.043481 0.031673 0.071175
v 0.040234 0.026850 0.071042
v 0.043697 0.031478 0.071203
v 0.043817 0.021556 0.072071
v 0.047243 0.028277 0.071672
v 0.046974 0.016053 0.073591
v 0.055131 0.021156 0.074375
v 0.056610 0.019822 0.075288
v 0.048217 0.027397 0.072006
v 0.052334 0.023681 0.073417
v 0.052650 0.023396 0.073525
v 0.044925 0.012118 0.073836
v 0.042381 0.018389 0.072183
v 0.039149 0.024362 0.071020
v 0.006721 0.064890 0.094905
v 0.006427 0.065155 0.094574
v -0.009754 0.049314 0.092991
v 0.004531 0.066860 0.087568
v -0.008257 0.052686 0.087212
v 0.004739 0.066674 0.089637
v -0.009398 0.051341 0.090207
v 0.004783 0.066635 0.090071
v -0.003948 0.053327 0.081947
v -0.006352 0.053287 0.084386
v 0.005450 0.066026 0.083960
v 0.004658 0.066744 0.087069
v 0.004754 0.066657 0.086692
v 0.005396 0.066074 0.084169
v 0.005634 0.065869 0.092837
v 0.005449 0.066035 0.092432
v 0.004899 0.066531 0.091227
v 0.011593 0.060472 0.076938
v 0.004422 0.051639 0.076659
v 0.008652 0.063130 0.079565
v -0.001275 0.052999 0.079889
v 0.008472 0.063293 0.079726
v 0.016696 0.055861 0.074179
v 0.017535 0.055103 0.073725
v 0.010250 0.049620 0.074286
v 0.016017 0.047072 0.072550
v 0.012354 0.059785 0.076526
v 0.012504 0.059648 0.076445
v 0.016596 0.055952 0.074233
v 0.006827 0.064780 0.081805
v 0.006986 0.064636 0.081556
v 0.007736 0.063958 0.080384
v -0.016008 0.044248 0.089968
v -0.014317 0.046142 0.087120
v -0.011952 0.047361 0.084422
v -0.009144 0.048045 0.082064
v -0.006090 0.048347 0.080043
v 0.000352 0.048125 0.076797
v 0.006920 0.047017 0.074345
v 0.013396 0.045120 0.072508
v 0.019618 0.042464 0.071202
v 0.021005 0.051968 0.072687
v 0.021059 0.051921 0.072671
v 0.025467 0.047938 0.071353
v 0.036611 0.059763 0.070423
v 0.038290 0.061595 0.069419
v 0.042546 0.055417 0.068057
v 0.099428 0.046430 0.072853
v 0.097383 0.044831 0.074672
v 0.090784 0.042140 0.071912
v 0.108937 0.054337 0.068364
v 0.113643 0.060640 0.070607
v 0.111588 0.094094 0.091456
v 0.110391 0.092967 0.092521
v 0.112959 0.085539 0.090600
v 0.114235 0.096988 0.087103
v 0.112951 0.095584 0.089215
v 0.115565 0.088021 0.087268
v 0.115538 0.099126 0.081826
v 0.114609 0.097603 0.085586
v 0.117274 0.089960 0.083609
v 0.115509 0.100162 0.077373
v 0.115537 0.099169 0.081643
v 0.118160 0.091433 0.079678
v 0.074477 0.019959 0.086759
v 0.080818 0.028077 0.083346
v 0.078523 0.028058 0.080984
v 0.085627 0.034811 0.079763
v 0.088249 0.035471 0.081969
v 0.090426 0.036617 0.084499
v 0.082608 0.028625 0.086083
v 0.035266 0.049380 0.070435
v 0.031145 0.054052 0.071111
v 0.033929 0.056965 0.070837
v 0.064894 0.039760 0.069075
v 0.071938 0.038564 0.070310
v 0.066942 0.036069 0.071828
v 0.039937 0.063632 0.067421
v 0.039953 0.063840 0.066668
v 0.044317 0.057068 0.065014
v 0.039202 0.062591 0.068874
v 0.039512 0.063030 0.068261
v 0.043825 0.056471 0.066645
v 0.088438 0.042497 0.063561
v 0.096075 0.045115 0.064770
v 0.072200 0.041586 0.062364
v 0.080383 0.041315 0.062759
v 0.064176 0.043318 0.062379
v 0.056631 0.046527 0.062820
v 0.049911 0.051174 0.063705
v 0.039991 0.064352 0.064816
v 0.040378 0.063562 0.064640
v 0.078961 0.038267 0.072085
v 0.073389 0.034900 0.073710
v 0.066819 0.022720 0.077748
v 0.061906 0.025392 0.075077
v 0.067533 0.030544 0.074672
v 0.073215 0.028942 0.077317
v 0.079707 0.034427 0.076275
v 0.085770 0.038886 0.074485
v 0.050381 0.038057 0.070509
v 0.056007 0.035154 0.071390
v 0.051791 0.031643 0.071780
v 0.061755 0.032641 0.072749
v 0.056859 0.028398 0.073146
v 0.060521 0.037881 0.070502
v 0.054258 0.040329 0.069667
v 0.048303 0.043442 0.069299
v 0.058012 0.041861 0.068340
v 0.051502 0.044903 0.068101
v 0.045603 0.048918 0.068377
v 0.037084 0.042592 0.070325
v 0.041842 0.038730 0.070408
v 0.039899 0.045133 0.070040
v 0.038010 0.051809 0.069968
v 0.035813 0.058936 0.070651
v 0.046766 0.035088 0.070885
v 0.044973 0.041367 0.070064
v 0.042833 0.047268 0.069398
v 0.040533 0.053852 0.069176
v 0.036417 0.059561 0.070479
v 0.097229 0.081097 0.099890
v 0.091391 0.075919 0.101588
v 0.094361 0.069742 0.100090
v 0.075854 0.061611 0.104179
v 0.075345 0.052540 0.103250
v 0.085120 0.070196 0.102824
v 0.088250 0.064426 0.101484
v 0.089189 0.073966 0.102229
v 0.097403 0.043469 0.081856
v 0.094944 0.041777 0.079636
v 0.092105 0.040505 0.077671
v 0.058402 0.043951 0.105072
v 0.062407 0.039489 0.103951
v 0.060194 0.045897 0.105056
v 0.071817 0.057560 0.104405
v 0.066178 0.034915 0.102306
v 0.100240 0.083767 0.099015
v 0.100034 0.074552 0.098313
v 0.096424 0.063326 0.098000
v 0.090656 0.058387 0.099515
v 0.092301 0.052269 0.097016
v 0.078458 0.047258 0.101490
v 0.081051 0.041887 0.099138
v 0.069630 0.030329 0.100041
v 0.071313 0.020637 0.081492
v 0.073169 0.020028 0.083925
v 0.074976 0.020635 0.089765
v 0.083644 0.029879 0.088983
v 0.091947 0.038382 0.087174
v 0.099330 0.045664 0.084199
v 0.072612 0.025886 0.096929
v 0.074672 0.022008 0.092551
v 0.104096 0.051492 0.084362
v 0.100703 0.048308 0.086442
v 0.092794 0.040703 0.089693
v 0.083916 0.031776 0.091685
v 0.073812 0.023826 0.094932
v 0.117467 0.095958 0.071866
v 0.116164 0.099338 0.072619
v 0.115770 0.100221 0.072815
v 0.115491 0.100805 0.074611
v 0.115355 0.101096 0.073010
v 0.119480 0.086944 0.069858
v 0.118600 0.090887 0.070736
v 0.118388 0.092553 0.075549
v 0.118031 0.093431 0.071303
v 0.119618 0.078641 0.068008
v 0.119568 0.081692 0.068688
v 0.119622 0.084537 0.073570
v 0.119505 0.085464 0.069528
v 0.119336 0.076481 0.071519
v 0.119394 0.077363 0.067723
v 0.118276 0.071000 0.066305
v 0.118563 0.072637 0.066670
v 0.117521 0.068659 0.069461
v 0.106915 0.089701 0.095554
v 0.102419 0.085704 0.097885
v 0.105111 0.078806 0.096139
v 0.101780 0.067778 0.096110
v 0.097599 0.056862 0.095424
v 0.093113 0.046251 0.093838
v 0.083002 0.036591 0.095994
v 0.107076 0.089844 0.095470
v 0.109455 0.082472 0.093565
v 0.110709 0.075081 0.091203
v 0.106583 0.071703 0.093841
v 0.106922 0.064629 0.091156
v 0.102513 0.060993 0.093468
v 0.102210 0.054396 0.090304
v 0.097839 0.050538 0.092244
v 0.101630 0.051259 0.088476
v 0.093132 0.043379 0.091911
v 0.083637 0.034077 0.094016
v 0.115691 0.064494 0.064856
v 0.117660 0.069449 0.065960
v 0.118866 0.075462 0.075259
v 0.116980 0.067772 0.072932
v 0.115996 0.066612 0.076315
v 0.112723 0.059641 0.073676
v 0.111342 0.058273 0.076628
v 0.106846 0.052369 0.073592
v 0.103002 0.049103 0.066379
v 0.108092 0.053532 0.071041
v 0.102215 0.048529 0.068678
v 0.101037 0.047654 0.070846
v 0.094262 0.044160 0.068621
v 0.119264 0.083437 0.077529
v 0.117870 0.074163 0.078881
v 0.114455 0.065086 0.079563
v 0.109447 0.056476 0.079420
v 0.116595 0.080212 0.084910
v 0.114064 0.077911 0.088215
v 0.113833 0.070364 0.085553
v 0.110721 0.067752 0.088508
v 0.109511 0.060704 0.085466
v 0.106129 0.057792 0.088037
v 0.107494 0.053482 0.077708
v 0.105152 0.050796 0.075980
v 0.118305 0.082030 0.081330
v 0.116213 0.072486 0.082329
v 0.112296 0.063130 0.082628
v 0.107026 0.054218 0.082011
v 0.105230 0.051328 0.080112
v 0.102999 0.048786 0.078172
v 0.100353 0.046633 0.076330
v 0.047863 0.050074 0.067025
v 0.049328 0.050790 0.065433
v 0.054151 0.045813 0.066542
v 0.055902 0.046301 0.064740
v 0.061150 0.042749 0.066598
v 0.063255 0.043167 0.064566
v 0.068564 0.040875 0.067162
v 0.071056 0.041409 0.064878
v 0.076129 0.040159 0.068220
v 0.079003 0.041002 0.065656
v 0.083613 0.040584 0.069789
v 0.086826 0.041927 0.066899
v 0.028909 0.051713 0.071331
v 0.038313 0.095348 0.055003
v 0.038585 0.096013 0.071869
v 0.038980 0.097779 0.055003
v 0.039635 0.099374 0.072618
v 0.039636 0.099374 0.055003
v 0.036626 0.089201 0.055003
v 0.036513 0.087270 0.055003
v 0.036576 0.087259 0.069919
v 0.036656 0.088156 0.070118
v 0.036865 0.090508 0.070642
v 0.038370 0.095324 0.071715
v 0.036268 0.078838 0.055003
v 0.036354 0.078845 0.068044
v 0.036087 0.079980 0.055003
v 0.036196 0.080073 0.068318
v 0.036042 0.081263 0.068583
v 0.037664 0.070648 0.055003
v 0.037747 0.070676 0.066224
v 0.037507 0.071043 0.055003
v 0.037268 0.072025 0.066525
v 0.037215 0.072176 0.066558
v 0.040783 0.062780 0.052063
v 0.043946 0.057771 0.052063
v 0.045763 0.055812 0.052063
v 0.049976 0.051268 0.052063
v 0.052226 0.049741 0.052063
v 0.057490 0.046168 0.052063
v 0.059830 0.045267 0.052063
v 0.066343 0.042759 0.052063
v 0.068262 0.042415 0.052063
v 0.073357 0.041502 0.052063
v 0.077723 0.041516 0.052063
v 0.082702 0.041531 0.052063
v 0.087217 0.042485 0.052063
v 0.091654 0.043422 0.052064
v 0.096170 0.045432 0.052064
v 0.099848 0.047069 0.052064
v 0.103991 0.050135 0.052064
v 0.107005 0.052364 0.052064
v 0.111434 0.057222 0.052064
v 0.114996 0.062745 0.052064
v 0.115845 0.064433 0.055004
v 0.118684 0.072616 0.055004
v 0.119756 0.081695 0.055004
v 0.118835 0.090940 0.055004
v 0.116165 0.099338 0.055004
v 0.114779 0.102010 0.055004
v 0.114861 0.102053 0.073223
v 0.114417 0.102911 0.073414
v 0.113394 0.104683 0.055004
v 0.113393 0.104683 0.073809
v 0.029375 0.083500 0.098551
v 0.098653 0.092279 0.099554
v 0.040360 0.101787 0.079669
v 0.039306 0.100692 0.081214
v 0.043525 0.107266 0.084291
v 0.048168 0.111997 0.075431
v 0.046558 0.110092 0.075007
v 0.045571 0.109313 0.080101
v 0.021714 0.069926 0.076656
v 0.019003 0.077864 0.081792
v 0.018671 0.080204 0.084127
v 0.025214 0.086876 0.084387
v 0.025960 0.089330 0.086915
v 0.058208 0.071018 0.105797
v 0.106617 0.100061 0.094376
v 0.107767 0.112011 0.075441
v 0.105428 0.113979 0.075879
v 0.106003 0.113628 0.080430
v 0.100686 0.117969 0.076767
v 0.098876 0.118917 0.076978
v 0.099334 0.118732 0.081499
v 0.092550 0.122229 0.077716
v 0.091454 0.122524 0.077781
v 0.091737 0.122446 0.082198
v 0.083743 0.124599 0.078243
v 0.083426 0.124641 0.078252
v 0.083507 0.124555 0.082483
v 0.066676 0.123377 0.081700
v 0.066972 0.123340 0.077960
v 0.065029 0.122906 0.077863
v 0.073123 0.124714 0.078267
v 0.075010 0.124877 0.082317
v 0.073544 0.124808 0.078288
v 0.082357 0.124784 0.078284
v 0.081982 0.124785 0.078284
v 0.075117 0.124803 0.078287
v 0.085676 0.124078 0.078127
v 0.094137 0.121398 0.077531
v 0.101946 0.116909 0.076531
v 0.108740 0.110743 0.075159
v 0.111500 0.107376 0.079042
v 0.110901 0.107928 0.074532
v 0.110773 0.104937 0.087417
v 0.111488 0.106399 0.083366
v 0.105373 0.111393 0.088816
v 0.106030 0.112788 0.084774
v 0.098702 0.116733 0.089791
v 0.099338 0.118040 0.085805
v 0.091004 0.120665 0.090288
v 0.091658 0.121882 0.086406
v 0.086865 0.122025 0.090342
v 0.083301 0.124079 0.086530
v 0.082594 0.122940 0.090259
v 0.074660 0.124433 0.086143
v 0.066209 0.122916 0.085246
v 0.058359 0.119722 0.083896
v 0.109177 0.102852 0.091106
v 0.101391 0.106396 0.095661
v 0.103856 0.109290 0.092465
v 0.094917 0.111697 0.096464
v 0.097257 0.114647 0.093364
v 0.087415 0.115671 0.096734
v 0.103088 0.096533 0.097195
v 0.093656 0.098187 0.100612
v 0.097973 0.102686 0.098377
v 0.087562 0.103195 0.101179
v 0.091670 0.107866 0.099068
v 0.080545 0.107059 0.101214
v 0.084379 0.111800 0.099220
v 0.072845 0.109577 0.100674
v 0.076374 0.114259 0.098789
v 0.064794 0.110585 0.099517
v 0.068022 0.115059 0.097733
v 0.056821 0.110080 0.097721
v 0.059799 0.114195 0.096043
v 0.049312 0.108249 0.095282
v 0.052114 0.111876 0.093740
v 0.045283 0.108317 0.090815
v 0.047508 0.110834 0.089148
v 0.035258 0.082143 0.101229
v 0.044945 0.094256 0.100594
v 0.065140 0.088751 0.104632
v 0.075986 0.101547 0.102746
v 0.058641 0.091527 0.103858
v 0.068654 0.104132 0.102113
v 0.051824 0.093363 0.102532
v 0.060972 0.105385 0.100879
v 0.053315 0.105303 0.099010
v 0.046037 0.104041 0.096471
v 0.047175 0.077698 0.104533
v 0.041259 0.080210 0.103174
v 0.063167 0.066944 0.105782
v 0.067688 0.062459 0.105358
v 0.081181 0.075734 0.104066
v 0.082779 0.087108 0.103733
v 0.077162 0.091696 0.104046
v 0.076518 0.080737 0.104708
v 0.071142 0.085119 0.104905
v 0.052856 0.074620 0.105390
v 0.054112 0.048329 0.105806
v 0.049633 0.052511 0.106117
v 0.087543 0.081798 0.102956
v 0.082684 0.097766 0.102824
v 0.088545 0.092962 0.102385
v 0.093423 0.087344 0.101465
v 0.018888 0.082139 0.086832
v 0.027403 0.091243 0.089602
v 0.019878 0.083435 0.089737
v 0.029541 0.092565 0.092149
v 0.030101 0.079418 0.077181
v 0.025122 0.081096 0.080222
v 0.019686 0.075307 0.079809
v 0.024987 0.084078 0.082160
v 0.033316 0.065863 0.072269
v 0.027499 0.059154 0.072528
v 0.024356 0.064481 0.074295
v 0.021645 0.084044 0.092481
v 0.023951 0.084150 0.094854
v 0.038282 0.094284 0.097947
v 0.032179 0.093431 0.094382
v 0.035979 0.097740 0.093888
v 0.036618 0.100102 0.091146
v 0.036730 0.070342 0.070417
v 0.037260 0.071445 0.068664
v 0.035990 0.079341 0.070839
v 0.036222 0.087330 0.073135
v 0.035415 0.068477 0.071614
v 0.031215 0.072549 0.074500
v 0.033205 0.083109 0.076754
v 0.033701 0.075714 0.074012
v 0.035247 0.085751 0.075435
v 0.035290 0.077985 0.072810
v 0.041053 0.102571 0.077829
v 0.041881 0.103423 0.073520
v 0.036579 0.093405 0.078242
v 0.037400 0.094418 0.077000
v 0.037922 0.095156 0.075484
v 0.046384 0.109888 0.074961
v 0.043736 0.106755 0.074263
v 0.043714 0.106730 0.074257
v 0.052426 0.115783 0.076275
v 0.050091 0.114049 0.075889
v 0.051401 0.115109 0.082160
v 0.049168 0.113179 0.075695
v 0.089617 0.118623 0.093750
v 0.085500 0.120013 0.093735
v 0.079181 0.118074 0.096425
v 0.081247 0.120966 0.093575
v 0.070615 0.118706 0.095497
v 0.072560 0.121469 0.092802
v 0.062215 0.117557 0.093950
v 0.064065 0.120116 0.091435
v 0.054411 0.114850 0.091824
v 0.056197 0.117133 0.089528
v 0.049253 0.112789 0.087136
v 0.050534 0.114196 0.084794
v 0.044750 0.108479 0.082341
v 0.064245 0.122543 0.077782
v 0.059315 0.120265 0.077274
v 0.058891 0.120219 0.080674
v 0.057055 0.119220 0.077041
v 0.056020 0.118451 0.076870
v 0.073884 0.123352 0.089667
v 0.065375 0.121879 0.088518
v 0.057493 0.118736 0.086871
v 0.039724 0.103543 0.087218
v 0.041852 0.105626 0.085920
v 0.037617 0.100642 0.085254
v 0.039635 0.102568 0.084168
v 0.035992 0.097430 0.083336
v 0.037852 0.099244 0.082436
v 0.033934 0.090443 0.079840
v 0.044496 0.108379 0.087599
v 0.042307 0.106092 0.089098
v 0.042340 0.099349 0.097344
v 0.039472 0.101711 0.093157
v 0.034211 0.098104 0.088896
v 0.032392 0.095636 0.086534
v 0.031165 0.092746 0.084276
v 0.030408 0.089582 0.082227
v 0.030013 0.086261 0.080381
v 0.042592 0.105260 0.092144
v 0.049168 0.113179 0.055003
v 0.048166 0.111997 0.055003
v 0.043738 0.106755 0.055003
v 0.043763 0.106799 0.055003
v 0.046381 0.109890 0.055003
v 0.039874 0.064599 0.052063
v 0.039636 0.099374 0.052063
v 0.039123 0.097735 0.052063
v 0.036867 0.090517 0.052063
v 0.036748 0.089190 0.052063
v 0.037600 0.071076 0.052063
v 0.036042 0.081268 0.052063
v 0.036206 0.079996 0.052063
v 0.037216 0.072172 0.052063
v 0.107005 0.052364 0.048894
v 0.104135 0.049941 0.048894
v 0.094820 0.044739 0.048894
v 0.096267 0.045215 0.048894
v 0.099108 0.046921 0.048894
v 0.103243 0.049405 0.048894
v 0.061683 0.044442 0.048893
v 0.066232 0.042960 0.048893
v 0.068243 0.042304 0.048893
v 0.070925 0.042014 0.048893
v 0.077724 0.041278 0.048893
v 0.080606 0.041573 0.048893
v 0.087266 0.042253 0.048893
v 0.090190 0.043215 0.048894
v 0.053338 0.048834 0.048893
v 0.057421 0.046439 0.048893
v 0.059755 0.045071 0.048893
v 0.046255 0.055064 0.048893
v 0.049709 0.051812 0.048893
v 0.052102 0.049558 0.048893
v 0.040783 0.062780 0.048893
v 0.043444 0.058861 0.048893
v 0.045611 0.055671 0.048893
v 0.114996 0.062745 0.048894
v 0.111465 0.057270 0.048894
v 0.111434 0.057222 0.048894
v 0.115691 0.064494 0.052064
v 0.118270 0.070977 0.052064
v 0.118553 0.072638 0.052064
v 0.119651 0.079071 0.052064
v 0.119573 0.081689 0.052064
v 0.119396 0.087640 0.052064
v 0.118653 0.090899 0.052064
v 0.117568 0.095656 0.052064
v 0.116165 0.099338 0.052064
v 0.114872 0.102058 0.052064
v 0.113394 0.104683 0.052064
v 0.094210 0.121538 0.055004
v 0.108853 0.110831 0.055004
v 0.102041 0.117022 0.055004
v 0.081982 0.124825 0.055003
v 0.085722 0.124248 0.055003
v 0.073114 0.124758 0.055003
v 0.064211 0.122618 0.055003
v 0.055953 0.118541 0.055003
v 0.043766 0.106796 0.052063
v 0.049168 0.113179 0.052063
v 0.043734 0.106758 0.052063
v 0.039636 0.099374 0.048893
v 0.040372 0.063603 0.048893
v 0.036501 0.077709 0.048893
v 0.037216 0.072172 0.048893
v 0.037830 0.070422 0.048893
v 0.039874 0.064599 0.048893
v 0.036184 0.085160 0.048893
v 0.036867 0.090517 0.048893
v 0.036104 0.084537 0.048893
v 0.036042 0.081268 0.048893
v 0.036066 0.081082 0.048893
v 0.037473 0.092458 0.048893
v 0.102612 0.048856 0.045476
v 0.099254 0.046759 0.044960
v 0.098665 0.046392 0.044870
v 0.054661 0.047923 0.045241
v 0.042664 0.059609 0.048114
v 0.043301 0.058765 0.047906
v 0.044184 0.057595 0.047618
v 0.045730 0.055547 0.047115
v 0.046238 0.055029 0.046987
v 0.048944 0.052268 0.046309
v 0.049317 0.051888 0.046215
v 0.049612 0.051656 0.046158
v 0.053377 0.048693 0.045430
v 0.057499 0.046219 0.044822
v 0.057742 0.046073 0.044786
v 0.061069 0.044602 0.044425
v 0.061892 0.044238 0.044335
v 0.062588 0.043930 0.044260
v 0.066486 0.042758 0.043972
v 0.067713 0.042390 0.043881
v 0.067951 0.042349 0.043871
v 0.080869 0.041391 0.043638
v 0.078399 0.041216 0.043594
v 0.071220 0.041788 0.043734
v 0.073020 0.041480 0.043658
v 0.075146 0.041376 0.043633
v 0.089548 0.042791 0.043983
v 0.082409 0.041500 0.043665
v 0.083743 0.041595 0.043688
v 0.088956 0.042601 0.043936
v 0.090374 0.043058 0.044049
v 0.093955 0.044210 0.044332
v 0.094924 0.044659 0.044443
v 0.096332 0.045311 0.044604
v 0.103303 0.049339 0.045595
v 0.107011 0.052368 0.046340
v 0.107011 0.052368 0.047638
v 0.103038 0.049122 0.045542
v 0.112619 0.058977 0.047967
v 0.107576 0.052903 0.046472
v 0.108130 0.053449 0.046606
v 0.111433 0.057297 0.047553
v 0.111911 0.057854 0.047690
v 0.119396 0.087640 0.048894
v 0.116165 0.099338 0.048894
v 0.117568 0.095656 0.048894
v 0.117747 0.094873 0.048894
v 0.119635 0.079951 0.048894
v 0.119592 0.082306 0.048894
v 0.119513 0.086650 0.048894
v 0.119426 0.087387 0.048894
v 0.116158 0.065666 0.048894
v 0.118270 0.070977 0.048894
v 0.118547 0.072600 0.048894
v 0.119651 0.079071 0.048894
v 0.113394 0.104683 0.048894
v 0.114872 0.102058 0.048894
v 0.108738 0.110742 0.052064
v 0.107750 0.112028 0.052064
v 0.101948 0.116911 0.052064
v 0.100707 0.117955 0.052064
v 0.094137 0.121399 0.052064
v 0.092564 0.122224 0.052064
v 0.085675 0.124073 0.052063
v 0.083679 0.124608 0.052063
v 0.081979 0.124796 0.052063
v 0.080632 0.124945 0.052063
v 0.073119 0.124623 0.052063
v 0.071725 0.124564 0.052063
v 0.064237 0.122521 0.052063
v 0.063217 0.122242 0.052063
v 0.055272 0.118098 0.052063
v 0.055989 0.118472 0.052063
v 0.039862 0.099781 0.048893
v 0.049168 0.113179 0.048893
v 0.043852 0.106898 0.048893
v 0.043734 0.106758 0.048893
v 0.081628 0.041375 0.039134
v 0.072384 0.041554 0.034677
v 0.073571 0.041435 0.034647
v 0.074356 0.041361 0.039129
v 0.094010 0.044232 0.035338
v 0.094909 0.044651 0.035441
v 0.095649 0.044922 0.040008
v 0.103216 0.049251 0.036573
v 0.107011 0.052368 0.037340
v 0.107222 0.052571 0.039780
v 0.101978 0.048398 0.040863
v 0.103008 0.049120 0.036541
v 0.107505 0.052846 0.041647
v 0.107556 0.052894 0.041978
v 0.098620 0.046381 0.035867
v 0.098799 0.046464 0.035887
v 0.101283 0.048031 0.036273
v 0.084872 0.041758 0.034728
v 0.088024 0.042409 0.034889
v 0.088795 0.042567 0.039428
v 0.088957 0.042601 0.034936
v 0.093910 0.044199 0.035330
v 0.068271 0.042262 0.034850
v 0.067184 0.042524 0.039415
v 0.066434 0.042763 0.034973
v 0.059338 0.045286 0.035593
v 0.059606 0.045180 0.035567
v 0.060319 0.044851 0.039986
v 0.062314 0.044114 0.035305
v 0.064199 0.043371 0.035122
v 0.037544 0.070924 0.046396
v 0.036244 0.077872 0.048104
v 0.040029 0.064289 0.044764
v 0.043664 0.058174 0.043261
v 0.108050 0.053372 0.045233
v 0.051497 0.050136 0.036785
v 0.053367 0.048789 0.036454
v 0.053974 0.048299 0.040833
v 0.054800 0.047757 0.036200
v 0.056676 0.046735 0.035949
v 0.080722 0.041302 0.034616
v 0.080841 0.041315 0.034619
v 0.074461 0.041346 0.034626
v 0.076546 0.041234 0.034598
v 0.078635 0.041219 0.034595
v 0.038007 0.070096 0.041692
v 0.038754 0.067231 0.040988
v 0.039878 0.065073 0.040457
v 0.040200 0.064454 0.040305
v 0.042925 0.059218 0.039017
v 0.043057 0.059053 0.038977
v 0.037412 0.092649 0.047239
v 0.037231 0.092101 0.047104
v 0.037158 0.091880 0.047050
v 0.036297 0.085682 0.045525
v 0.036074 0.084080 0.045131
v 0.036078 0.080024 0.044134
v 0.036212 0.078639 0.043793
v 0.036469 0.075987 0.043141
v 0.037582 0.071724 0.042092
v 0.043241 0.058824 0.038920
v 0.046896 0.054251 0.037796
v 0.048360 0.052785 0.041936
v 0.047842 0.053367 0.037579
v 0.050631 0.050761 0.036938
v 0.072270 0.041619 0.020251
v 0.070047 0.045350 -0.014839
v 0.075317 0.043654 -0.010802
v 0.070592 0.043894 -0.009288
v 0.075418 0.043404 -0.008856
v 0.070664 0.043777 -0.008351
v 0.071604 0.042257 0.003831
v 0.075986 0.041995 0.002111
v 0.071682 0.042182 0.005710
v 0.076077 0.041863 0.005400
v 0.072266 0.041621 0.019743
v 0.076471 0.041294 0.019556
v 0.076474 0.041292 0.020085
v 0.071948 0.083780 -0.041676
v 0.069167 0.077762 -0.040943
v 0.071559 0.083816 -0.041612
v 0.069709 0.083505 -0.041305
v 0.069759 0.083983 -0.041315
v 0.074159 0.083641 -0.041923
v 0.074084 0.082074 -0.041915
v 0.073893 0.077362 -0.041652
v 0.068601 0.071766 -0.040564
v 0.073648 0.071301 -0.041313
v 0.068600 0.071752 -0.040561
v 0.073624 0.070707 -0.041280
v 0.068281 0.066183 -0.039237
v 0.073540 0.065698 -0.040075
v 0.068174 0.064307 -0.038790
v 0.073500 0.063360 -0.039512
v 0.068155 0.061183 -0.037206
v 0.073543 0.060668 -0.038105
v 0.068136 0.057920 -0.035551
v 0.073599 0.057080 -0.036230
v 0.068209 0.056719 -0.034459
v 0.073651 0.056174 -0.035377
v 0.068440 0.052933 -0.031017
v 0.073878 0.052275 -0.031701
v 0.068458 0.052812 -0.030833
v 0.073883 0.052195 -0.031625
v 0.068907 0.049747 -0.026184
v 0.074215 0.049258 -0.026976
v 0.069041 0.048838 -0.024804
v 0.074335 0.048191 -0.025288
v 0.069447 0.047158 -0.020879
v 0.074599 0.046640 -0.021610
v 0.069587 0.046580 -0.019530
v 0.074645 0.046368 -0.020964
v 0.075009 0.044897 -0.015456
v 0.062113 0.044127 0.021377
v 0.051289 0.050207 0.023937
v 0.044210 0.081098 -0.025128
v 0.046296 0.079525 -0.027621
v 0.045454 0.074658 -0.025671
v 0.062603 0.085130 -0.039272
v 0.065472 0.084578 -0.040256
v 0.064583 0.078457 -0.039762
v 0.057658 0.050143 -0.016929
v 0.056832 0.052737 -0.021860
v 0.064019 0.049657 -0.023228
v 0.056214 0.055918 -0.026134
v 0.063281 0.053754 -0.029352
v 0.063831 0.050701 -0.024788
v 0.056293 0.068951 -0.034674
v 0.063232 0.067032 -0.037822
v 0.063142 0.066133 -0.037615
v 0.055901 0.064054 -0.032539
v 0.063011 0.062090 -0.035674
v 0.062926 0.059484 -0.034423
v 0.055884 0.059696 -0.029700
v 0.063034 0.057711 -0.032864
v 0.063271 0.053808 -0.029433
v 0.063784 0.072561 -0.039098
v 0.057051 0.074308 -0.036178
v 0.063909 0.073812 -0.039387
v 0.058116 0.080013 -0.037181
v 0.059832 0.085791 -0.038094
v 0.045899 0.059356 -0.013586
v 0.046738 0.056756 -0.009379
v 0.042733 0.061133 -0.005220
v 0.041285 0.070142 -0.015244
v 0.044960 0.066069 -0.020561
v 0.041531 0.066863 -0.012393
v 0.045278 0.062463 -0.017315
v 0.041546 0.066655 -0.012212
v 0.042085 0.063722 -0.008759
v 0.042048 0.063868 -0.008958
v 0.041630 0.065537 -0.011240
v 0.046881 0.091240 -0.028375
v 0.049063 0.090002 -0.030584
v 0.047481 0.084657 -0.029265
v 0.045007 0.070150 -0.023335
v 0.041368 0.074284 -0.018102
v 0.041676 0.078211 -0.020377
v 0.041703 0.078546 -0.020572
v 0.050982 0.088913 -0.032526
v 0.052151 0.088476 -0.033307
v 0.052394 0.082113 -0.033574
v 0.041268 0.070374 -0.015445
v 0.041167 0.071721 -0.016617
v 0.041344 0.073985 -0.017929
v 0.046737 0.054381 0.025631
v 0.044462 0.057304 0.003822
v 0.044436 0.057341 0.003646
v 0.048684 0.053018 0.000373
v 0.044409 0.057379 0.003463
v 0.047699 0.054652 -0.004715
v 0.045848 0.055307 0.013277
v 0.050370 0.050986 0.011629
v 0.045902 0.055250 0.014013
v 0.046736 0.054381 0.025560
v 0.046733 0.054384 0.025321
v 0.045911 0.055240 0.014145
v 0.051198 0.076674 -0.032239
v 0.050344 0.071541 -0.030499
v 0.049891 0.066819 -0.028251
v 0.049849 0.062580 -0.025431
v 0.050184 0.058870 -0.022013
v 0.050832 0.055709 -0.017998
v 0.051706 0.053097 -0.013415
v 0.052708 0.051012 -0.008313
v 0.053735 0.049417 -0.002755
v 0.055493 0.047481 0.009427
v 0.056454 0.046768 0.022506
v 0.068126 0.042334 0.020582
v 0.068122 0.042336 0.020200
v 0.061214 0.044762 0.007617
v 0.065947 0.044747 -0.008406
v 0.059565 0.046569 -0.005419
v 0.058601 0.048103 -0.011417
v 0.066046 0.044618 -0.007437
v 0.067257 0.043027 0.004440
v 0.067359 0.042946 0.006291
v 0.064499 0.048064 -0.019632
v 0.064663 0.047519 -0.018400
v 0.065261 0.046229 -0.013749
v 0.041748 0.079123 -0.020906
v 0.042480 0.082777 -0.022426
v 0.042560 0.083173 -0.022591
v 0.043510 0.087916 -0.024564
v 0.045515 0.092015 -0.026992
v 0.044704 0.092475 -0.026171
v 0.053945 0.087805 -0.034503
v 0.057818 0.086357 -0.037086
v 0.059382 0.085918 -0.037869
v 0.043603 0.059155 -0.000705
v 0.043568 0.059234 -0.000891
v 0.042765 0.061001 -0.005041
v 0.067598 0.084250 -0.040840
v 0.067649 0.084244 -0.040852
v 0.078610 0.083559 -0.042065
v 0.078666 0.078769 -0.042033
v 0.077232 0.083556 -0.042071
v 0.078783 0.071214 -0.041370
v 0.075855 0.083579 -0.042033
v 0.080693 0.041357 0.020088
v 0.080692 0.041360 0.019362
v 0.080515 0.041999 0.005373
v 0.080437 0.042282 -0.000820
v 0.080236 0.043481 -0.008928
v 0.080133 0.044095 -0.013080
v 0.080048 0.044851 -0.015573
v 0.079839 0.046717 -0.021722
v 0.079781 0.047233 -0.023425
v 0.079623 0.049250 -0.027130
v 0.079489 0.050976 -0.030301
v 0.079414 0.052324 -0.031778
v 0.079233 0.055578 -0.035340
v 0.079216 0.056027 -0.035618
v 0.079042 0.060530 -0.038405
v 0.079004 0.061522 -0.039019
v 0.078900 0.065613 -0.040252
v 0.078825 0.068544 -0.041136
v 0.074197 0.083639 -0.041925
v 0.089243 0.068380 -0.039363
v 0.089400 0.066576 -0.038704
v 0.084236 0.065846 -0.039977
v 0.084751 0.056342 -0.035173
v 0.084527 0.060781 -0.038025
v 0.089843 0.061517 -0.036854
v 0.085006 0.049459 -0.026758
v 0.085051 0.046992 -0.021325
v 0.084909 0.052567 -0.031403
v 0.090086 0.057223 -0.033849
v 0.090162 0.055878 -0.032907
v 0.090200 0.053554 -0.030109
v 0.083883 0.071454 -0.041115
v 0.083050 0.083740 -0.041739
v 0.085003 0.083936 -0.041387
v 0.088835 0.072081 -0.039920
v 0.088341 0.076579 -0.040598
v 0.087413 0.084178 -0.040952
v 0.089013 0.042660 0.020599
v 0.089699 0.044758 -0.007816
v 0.084949 0.042263 0.005616
v 0.085032 0.043756 -0.008603
v 0.090235 0.051430 -0.027552
v 0.090199 0.050458 -0.025589
v 0.090103 0.047849 -0.020325
v 0.085056 0.045114 -0.015226
v 0.089909 0.046146 -0.014289
v 0.089800 0.045187 -0.010890
v 0.089392 0.043458 0.001498
v 0.089297 0.043256 0.006152
v 0.089017 0.042663 0.019771
v 0.103140 0.049178 0.023252
v 0.107141 0.052453 0.024563
v 0.107120 0.052436 0.025070
v 0.107497 0.052751 0.016035
v 0.103772 0.049731 0.010251
v 0.107786 0.053078 0.012210
v 0.104887 0.051344 -0.001938
v 0.108865 0.054690 0.000777
v 0.108745 0.054435 0.001803
v 0.108077 0.053408 0.008353
v 0.105507 0.052729 -0.007527
v 0.109477 0.056059 -0.004436
v 0.109401 0.055829 -0.003803
v 0.106077 0.054587 -0.012675
v 0.110043 0.057890 -0.009231
v 0.109978 0.057586 -0.008630
v 0.106520 0.056964 -0.017313
v 0.110484 0.060222 -0.013562
v 0.110427 0.059711 -0.012820
v 0.106765 0.059895 -0.021389
v 0.110730 0.063071 -0.017400
v 0.110709 0.062237 -0.016493
v 0.106749 0.063391 -0.024869
v 0.110722 0.066442 -0.020734
v 0.110785 0.065231 -0.019749
v 0.110422 0.070314 -0.023585
v 0.106428 0.067443 -0.027746
v 0.110150 0.072617 -0.025000
v 0.105780 0.072008 -0.030046
v 0.109793 0.074667 -0.025959
v 0.104814 0.077017 -0.031829
v 0.109373 0.077085 -0.027089
v 0.110599 0.068812 -0.022663
v 0.099617 0.086962 -0.035970
v 0.102130 0.087910 -0.034275
v 0.103576 0.082361 -0.033198
v 0.103075 0.088267 -0.033638
v 0.103077 0.088267 -0.033636
v 0.106249 0.089737 -0.031010
v 0.108182 0.082420 -0.028984
v 0.108850 0.079427 -0.027921
v 0.096434 0.054995 -0.027980
v 0.096311 0.051948 -0.023527
v 0.096359 0.058674 -0.031661
v 0.096055 0.062979 -0.034539
v 0.095508 0.067872 -0.036634
v 0.094000 0.044250 0.021250
v 0.095231 0.046273 -0.006341
v 0.094450 0.044739 0.007169
v 0.093759 0.079064 -0.038854
v 0.098924 0.080534 -0.036318
v 0.094730 0.073274 -0.038024
v 0.100080 0.074948 -0.035224
v 0.100994 0.069726 -0.033639
v 0.101617 0.064981 -0.031439
v 0.101940 0.060790 -0.028554
v 0.101980 0.057191 -0.024962
v 0.101778 0.054193 -0.020683
v 0.096034 0.049512 -0.018369
v 0.101391 0.051780 -0.015766
v 0.095656 0.047641 -0.012602
v 0.100883 0.049911 -0.010288
v 0.100325 0.048531 -0.004341
v 0.099314 0.046955 0.008555
v 0.098737 0.046434 0.022141
v 0.092639 0.085113 -0.039278
v 0.093760 0.085314 -0.038919
v 0.093829 0.085333 -0.038884
v 0.097546 0.086379 -0.037013
v 0.098138 0.086546 -0.036715
v 0.112542 0.058655 0.025687
v 0.112528 0.058644 0.027006
v 0.109971 0.055382 0.025728
v 0.115536 0.069040 -0.011089
v 0.115507 0.068761 -0.010697
v 0.113363 0.065763 -0.014142
v 0.110551 0.055966 0.013904
v 0.111027 0.056615 0.008337
v 0.111637 0.081511 -0.024679
v 0.109118 0.091384 -0.028065
v 0.109682 0.091708 -0.027486
v 0.112518 0.076945 -0.022607
v 0.113097 0.072760 -0.020189
v 0.113371 0.069019 -0.017378
v 0.113118 0.063005 -0.010470
v 0.112695 0.060742 -0.006364
v 0.112160 0.058949 -0.001840
v 0.111582 0.057590 0.003073
v 0.115249 0.066220 -0.007129
v 0.115437 0.071990 -0.013669
v 0.115336 0.075006 -0.016307
v 0.115273 0.075443 -0.016558
v 0.114690 0.079492 -0.018883
v 0.114278 0.082347 -0.020522
v 0.113940 0.083791 -0.021107
v 0.111750 0.093154 -0.024902
v 0.109819 0.055337 0.038071
v 0.110514 0.056071 0.038252
v 0.111760 0.057697 0.038652
v 0.112409 0.058543 0.038860
v 0.113076 0.059316 0.015744
v 0.113956 0.060956 0.005537
v 0.113470 0.059990 0.010496
v 0.113222 0.059496 0.013035
v 0.115100 0.064754 -0.005072
v 0.114904 0.064036 -0.003302
v 0.114433 0.062309 0.000956
v 0.114191 0.061423 0.003139
v 0.117438 0.067983 0.010403
v 0.117427 0.067949 0.010556
v 0.115868 0.064205 0.007990
v 0.115934 0.086135 -0.017602
v 0.116703 0.067161 -0.000345
v 0.117910 0.085008 -0.011816
v 0.118138 0.083525 -0.011015
v 0.117033 0.078199 -0.012975
v 0.118261 0.081417 -0.009386
v 0.116610 0.093483 -0.016388
v 0.117299 0.088994 -0.013966
v 0.117351 0.088655 -0.013783
v 0.118275 0.081175 -0.009200
v 0.118467 0.077891 -0.006661
v 0.118516 0.077051 -0.006012
v 0.118433 0.075335 -0.003920
v 0.118426 0.075184 -0.003735
v 0.118304 0.072676 -0.000676
v 0.118272 0.072025 0.000117
v 0.115075 0.062895 0.039930
v 0.116484 0.065762 0.029778
v 0.115712 0.064223 0.040257
v 0.116399 0.065657 0.040610
v 0.118065 0.070883 0.002609
v 0.118051 0.070803 0.002784
v 0.117651 0.068597 0.007596
v 0.116975 0.066640 0.016533
v 0.116852 0.066418 0.019502
v 0.116847 0.066409 0.019619
v 0.116498 0.065779 0.028037
v 0.116485 0.065763 0.029714
v 0.115882 0.097006 -0.018020
v 0.113991 0.095035 -0.021541
v 0.111943 0.093317 -0.024612
v 0.116577 0.098354 0.048652
v 0.116027 0.064841 0.044594
v 0.112189 0.058248 0.042971
v 0.118544 0.072043 0.046366
v 0.119697 0.079813 0.048277
v 0.119246 0.086960 0.045850
v 0.119751 0.083112 0.044903
v 0.119617 0.081462 0.044498
v 0.119427 0.079141 0.043927
v 0.118912 0.089505 0.046476
v 0.118561 0.092174 0.047132
v 0.117755 0.094796 0.047777
v 0.116966 0.097360 0.048407
v 0.119023 0.074195 0.042710
v 0.118784 0.073419 0.042519
v 0.118174 0.071431 0.042030
v 0.116841 0.097495 0.037493
v 0.113242 0.104811 0.040962
v 0.115638 0.111093 0.019248
v 0.114062 0.113321 0.022105
v 0.113737 0.111832 0.022999
v 0.117232 0.108205 0.015674
v 0.116472 0.109580 0.017376
v 0.116784 0.105050 0.017932
v 0.113576 0.110908 0.023849
v 0.116771 0.104954 0.018001
v 0.113517 0.110572 0.024158
v 0.116699 0.104448 0.018363
v 0.113148 0.108462 0.026101
v 0.116527 0.102231 0.021004
v 0.113085 0.108097 0.026437
v 0.116499 0.101866 0.021439
v 0.113072 0.108028 0.026501
v 0.116400 0.100583 0.022967
v 0.113007 0.106858 0.028892
v 0.116427 0.100088 0.024252
v 0.112992 0.106599 0.029422
v 0.116452 0.099631 0.025437
v 0.112954 0.105922 0.030806
v 0.116508 0.098602 0.028104
v 0.112997 0.105716 0.032091
v 0.113021 0.105602 0.032801
v 0.116512 0.098533 0.028283
v 0.113222 0.104828 0.039920
v 0.116832 0.097504 0.036708
v 0.113173 0.104869 0.037365
v 0.116796 0.097621 0.035754
v 0.116585 0.098298 0.030209
v 0.092569 0.122222 0.048894
v 0.092564 0.122224 0.048894
v 0.063217 0.122242 0.048893
v 0.061480 0.121514 0.048893
v 0.061166 0.121341 0.048893
v 0.060767 0.121122 0.048893
v 0.056617 0.118838 0.048893
v 0.055272 0.118098 0.048893
v 0.065185 0.122779 0.048893
v 0.069767 0.124029 0.048893
v 0.071725 0.124564 0.048893
v 0.074398 0.124678 0.048893
v 0.079082 0.124879 0.048893
v 0.080632 0.124945 0.048893
v 0.083679 0.124608 0.048893
v 0.088133 0.123413 0.048893
v 0.100707 0.117955 0.048894
v 0.096701 0.120212 0.048894
v 0.094916 0.121218 0.048894
v 0.093270 0.121940 0.048894
v 0.092982 0.122056 0.048894
v 0.107784 0.111985 0.048894
v 0.107750 0.112028 0.048894
v 0.040047 0.100093 0.039186
v 0.044064 0.107114 0.042542
v 0.036241 0.102242 0.008827
v 0.036043 0.101100 0.007816
v 0.036072 0.100486 0.008256
v 0.038133 0.103697 0.016399
v 0.037807 0.107274 0.014203
v 0.037095 0.105572 0.012220
v 0.040665 0.112579 0.020676
v 0.038715 0.109448 0.016736
v 0.038394 0.108679 0.015839
v 0.045284 0.114424 0.028277
v 0.044833 0.117229 0.026800
v 0.043734 0.116236 0.025462
v 0.043491 0.116016 0.025166
v 0.040915 0.112981 0.021182
v 0.041151 0.109264 0.022564
v 0.050642 0.118060 0.033995
v 0.050514 0.119031 0.033454
v 0.050506 0.119084 0.033425
v 0.050349 0.120273 0.032764
v 0.046588 0.118816 0.028938
v 0.050132 0.121313 0.032360
v 0.050634 0.117117 0.034873
v 0.045454 0.111900 0.030184
v 0.050633 0.117008 0.034976
v 0.045281 0.109922 0.032567
v 0.050484 0.115593 0.036775
v 0.050627 0.116320 0.035616
v 0.050101 0.114372 0.039465
v 0.050155 0.114493 0.039115
v 0.044887 0.108502 0.035449
v 0.050356 0.114941 0.037815
v 0.050458 0.115461 0.036986
v 0.049931 0.113993 0.040565
v 0.044432 0.107596 0.038799
v 0.049486 0.113427 0.043981
v 0.049430 0.113383 0.044855
v 0.049387 0.113350 0.045518
v 0.036372 0.087600 0.021133
v 0.037991 0.094818 0.026141
v 0.036403 0.088253 0.019717
v 0.038254 0.097048 0.022392
v 0.036429 0.088815 0.018497
v 0.036425 0.090188 0.016907
v 0.036188 0.097994 0.010044
v 0.036299 0.095597 0.011763
v 0.038330 0.100028 0.019190
v 0.036391 0.093613 0.013186
v 0.036417 0.093059 0.013583
v 0.036422 0.091453 0.015443
v 0.041347 0.106193 0.024898
v 0.041204 0.103736 0.027676
v 0.040837 0.101930 0.030975
v 0.040403 0.100744 0.034822
v 0.036140 0.084480 0.032483
v 0.036113 0.084315 0.037710
v 0.037386 0.092490 0.035559
v 0.037662 0.093326 0.030525
v 0.036172 0.084787 0.030850
v 0.036154 0.084613 0.031775
v 0.036293 0.085931 0.024756
v 0.036292 0.085925 0.024789
v 0.036268 0.085692 0.026029
v 0.035580 0.100915 0.002645
v 0.035482 0.100915 0.001515
v 0.035509 0.094973 0.001279
v 0.036015 0.100915 0.007660
v 0.035556 0.100915 -0.002383
v 0.035492 0.098809 -0.001188
v 0.035496 0.098012 -0.000676
v 0.035983 0.080858 0.014268
v 0.035523 0.091599 0.003450
v 0.035533 0.089178 0.005007
v 0.035534 0.088938 0.005161
v 0.035666 0.086091 0.007801
v 0.035742 0.084452 0.009320
v 0.035786 0.083503 0.010201
v 0.035912 0.081814 0.012798
v 0.036448 0.076135 0.034669
v 0.036447 0.076145 0.034084
v 0.036443 0.076174 0.032461
v 0.036361 0.076849 0.026857
v 0.036345 0.076974 0.025814
v 0.036308 0.077278 0.023294
v 0.036202 0.078341 0.020043
v 0.036159 0.078777 0.018709
v 0.036077 0.079596 0.016208
v 0.039906 0.064480 0.029570
v 0.042922 0.059173 0.027478
v 0.037743 0.070166 0.031787
v 0.035879 0.080929 0.002771
v 0.035698 0.087007 -0.001966
v 0.036678 0.082574 -0.007358
v 0.038462 0.074571 -0.010226
v 0.038689 0.071238 -0.007373
v 0.036864 0.075993 -0.002255
v 0.038818 0.082321 -0.015177
v 0.038495 0.078281 -0.012813
v 0.037196 0.073240 0.000630
v 0.039131 0.068315 -0.004220
v 0.039432 0.086628 -0.017359
v 0.041288 0.095281 -0.021162
v 0.042947 0.093863 -0.023693
v 0.038261 0.088446 -0.014617
v 0.040379 0.096261 -0.019413
v 0.041106 0.095437 -0.020885
v 0.037304 0.090305 -0.011849
v 0.038746 0.098114 -0.016105
v 0.039929 0.096772 -0.018501
v 0.036001 0.094112 -0.006277
v 0.037017 0.100914 -0.011106
v 0.038644 0.098278 -0.015812
v 0.036111 0.100915 -0.006776
v 0.036238 0.100915 -0.007780
v 0.036743 0.100914 -0.009935
v 0.040823 0.084858 -0.020061
v 0.036381 0.076176 0.008272
v 0.043804 0.093130 -0.025002
v 0.037480 0.070954 0.022712
v 0.039455 0.065310 0.019683
v 0.038617 0.067346 0.011056
v 0.036984 0.072871 0.014856
v 0.037632 0.070878 0.003789
v 0.042279 0.060020 0.016762
v 0.041097 0.062124 0.007295
v 0.040403 0.063760 0.003098
v 0.039725 0.065821 -0.000737
v 0.040317 0.100913 -0.019445
v 0.037828 0.100914 -0.013155
v 0.045443 0.100910 -0.027067
v 0.045380 0.100910 -0.026973
v 0.040859 0.100913 -0.020250
v 0.052008 0.100907 -0.033319
v 0.052094 0.100907 -0.033401
v 0.059839 0.100904 -0.038094
v 0.067656 0.100900 -0.040853
v 0.071566 0.100898 -0.041620
v 0.074205 0.100897 -0.041926
v 0.075863 0.100896 -0.042033
v 0.063901 0.100902 -0.039528
v 0.061399 0.100903 -0.038645
v 0.093839 0.100888 -0.038890
v 0.091247 0.100889 -0.039640
v 0.098188 0.100886 -0.036801
v 0.099624 0.100885 -0.035970
v 0.082325 0.100893 -0.041617
v 0.085021 0.100892 -0.041443
v 0.103061 0.100883 -0.033653
v 0.103080 0.100883 -0.033637
v 0.106254 0.100882 -0.031010
v 0.111960 0.100879 -0.024620
v 0.114869 0.100878 -0.019522
v 0.116512 0.100877 -0.016642
v 0.116449 0.097791 -0.016617
v 0.118471 0.100876 -0.011107
v 0.117844 0.099727 -0.013160
v 0.117362 0.099059 -0.014353
v 0.109753 0.100880 -0.027091
v 0.118956 0.099213 0.011453
v 0.119101 0.102789 0.009591
v 0.118611 0.104618 0.011536
v 0.119831 0.100876 0.004704
v 0.119481 0.100876 0.007717
v 0.119184 0.102370 0.009181
v 0.119985 0.100875 -0.000330
v 0.119881 0.100876 0.003061
v 0.120032 0.099141 0.000688
v 0.120008 0.093235 0.004703
v 0.119893 0.096549 -0.003007
v 0.120002 0.100875 -0.000904
v 0.119926 0.100875 -0.001766
v 0.118607 0.100876 -0.010462
v 0.119419 0.093971 -0.006720
v 0.119554 0.100876 -0.005990
v 0.119600 0.100876 -0.005468
v 0.118600 0.091425 -0.010433
v 0.118744 0.095202 0.015398
v 0.118730 0.092392 0.020020
v 0.119888 0.081767 0.002682
v 0.119666 0.077804 0.008540
v 0.119848 0.087221 -0.002312
v 0.119688 0.090457 -0.004571
v 0.118892 0.073465 0.032705
v 0.119338 0.075279 0.015474
v 0.119049 0.073953 0.023567
v 0.119922 0.088507 0.009186
v 0.119839 0.085115 0.014397
v 0.119786 0.082989 0.020540
v 0.119764 0.081896 0.027704
v 0.119759 0.081505 0.035799
v 0.118996 0.089848 0.031796
v 0.118847 0.090687 0.025471
v 0.108980 0.118387 0.028803
v 0.110910 0.116771 0.026635
v 0.111335 0.116363 0.026092
v 0.111400 0.116301 0.026009
v 0.104240 0.121720 0.033309
v 0.104399 0.121631 0.033188
v 0.107850 0.119334 0.030073
v 0.095619 0.125595 0.038604
v 0.098621 0.124506 0.037114
v 0.098655 0.124490 0.037093
v 0.102438 0.122724 0.034680
v 0.086820 0.127811 0.041621
v 0.090065 0.127151 0.040726
v 0.091218 0.126916 0.040408
v 0.094543 0.125985 0.039138
v 0.107759 0.113189 0.034157
v 0.080196 0.126297 0.043726
v 0.084872 0.125818 0.043198
v 0.085211 0.126892 0.042299
v 0.061694 0.122445 0.042477
v 0.057652 0.120507 0.040855
v 0.057326 0.119705 0.042855
v 0.060747 0.121179 0.048801
v 0.107729 0.111979 0.043596
v 0.100744 0.117914 0.046677
v 0.096783 0.120292 0.047939
v 0.092998 0.122339 0.044318
v 0.088647 0.123789 0.045466
v 0.084115 0.124752 0.046260
v 0.074792 0.125116 0.046677
v 0.079470 0.125200 0.046670
v 0.065668 0.123373 0.045486
v 0.070165 0.124501 0.046277
v 0.056666 0.118981 0.047694
v 0.051385 0.122052 0.033384
v 0.051701 0.122239 0.033643
v 0.053688 0.123271 0.035077
v 0.054006 0.121293 0.035902
v 0.054219 0.123547 0.035461
v 0.057811 0.123244 0.038135
v 0.057590 0.124969 0.037453
v 0.062519 0.126608 0.039763
v 0.061802 0.126379 0.039440
v 0.061935 0.124867 0.040006
v 0.060846 0.126074 0.039009
v 0.058225 0.125237 0.037828
v 0.064232 0.127045 0.040381
v 0.066334 0.126120 0.041459
v 0.066291 0.127444 0.040953
v 0.070947 0.126969 0.042445
v 0.075692 0.127386 0.042922
v 0.080479 0.127360 0.042873
v 0.089797 0.126000 0.041224
v 0.094161 0.124714 0.039690
v 0.102008 0.121103 0.035453
v 0.098244 0.123069 0.037748
v 0.108486 0.116369 0.030014
v 0.054086 0.119531 0.037183
v 0.057840 0.121681 0.039266
v 0.061906 0.123472 0.041016
v 0.066242 0.124863 0.042381
v 0.061370 0.121762 0.044333
v 0.065998 0.123956 0.043744
v 0.070509 0.125002 0.044609
v 0.075153 0.125553 0.045038
v 0.070790 0.125814 0.043309
v 0.075471 0.126297 0.043764
v 0.079843 0.125593 0.045015
v 0.084491 0.125122 0.044542
v 0.089013 0.124159 0.043641
v 0.093337 0.122734 0.042349
v 0.097408 0.120883 0.040709
v 0.097114 0.120439 0.042855
v 0.101185 0.118648 0.038768
v 0.100949 0.118127 0.041114
v 0.107662 0.112433 0.036947
v 0.089408 0.124877 0.042203
v 0.093733 0.123504 0.040783
v 0.097788 0.121737 0.038986
v 0.101536 0.119616 0.036863
v 0.108022 0.114477 0.031837
vn -0.9990 0.0005 0.0448
vn -0.4284 0.0014 -0.9036
vn -0.3862 0.0108 -0.9224
vn -0.3630 -0.0103 -0.9317
vn -0.2019 0.0141 -0.9793
vn -0.2487 0.0007 -0.9686
vn -0.1936 0.0018 -0.9811
vn -0.2030 -0.0082 -0.9791
vn -0.1837 0.0003 -0.9830
vn -0.3837 -0.2071 -0.8999
vn -0.2529 -0.0000 -0.9675
vn -0.4335 0.0005 -0.9012
vn -0.2429 -0.0004 -0.9700
vn -0.2521 -0.1872 -0.9494
vn -0.4921 -0.0411 -0.8696
vn -0.5049 -0.0454 -0.8620
vn -0.4911 0.0416 -0.8701
vn -0.4994 0.0531 -0.8648
vn -0.2514 0.1869 -0.9496
vn -0.2531 0.0002 -0.9674
vn -0.3331 0.0176 -0.9427
vn -0.3801 0.0016 -0.9249
vn -0.4234 -0.0001 -0.9059
vn -0.1096 0.0069 0.9940
vn -0.1096 -0.0067 0.9940
vn -0.1593 -0.0016 0.9872
vn -0.1134 -0.0137 0.9934
vn -0.3003 -0.0073 0.9538
vn -0.2402 0.0074 0.9707
vn -0.2623 -0.0054 0.9650
vn -0.1714 0.0039 0.9852
vn -0.1134 0.0136 0.9935
vn -0.3445 0.0016 0.9388
vn -0.3407 -0.0001 0.9402
vn -0.1553 0.0001 0.9879
vn -0.1660 0.1876 0.9681
vn -0.4111 0.0402 0.9107
vn -0.4257 0.0458 0.9037
vn -0.1655 0.0001 0.9862
vn -0.2321 -0.0075 0.9727
vn -0.3031 -0.0047 0.9530
vn -0.3202 0.0002 0.9473
vn -0.3603 -0.0015 0.9328
vn -0.4127 -0.0422 0.9099
vn -0.4204 -0.0519 0.9058
vn -0.1659 -0.1873 0.9682
vn 0.0005 1.0000 -0.0000
vn 0.0004 1.0000 -0.0000
vn 0.1522 0.0530 0.9869
vn 0.0739 0.0280 0.9969
vn 0.0540 0.2004 0.9782
vn 0.0258 0.0086 0.9996
vn 0.0590 0.4056 0.9122
vn 0.0245 0.1865 0.9821
vn 0.0386 0.3770 0.9254
vn 0.0344 0.6502 0.7590
vn 0.0174 0.9399 0.3410
vn 0.0302 0.7462 0.6650
vn -0.0500 0.9814 -0.1852
vn -0.0151 0.9360 -0.3517
vn -0.0926 0.9957 0.0039
vn 0.0097 0.9819 0.1893
vn 0.0121 0.9660 0.2584
vn -0.0281 0.7728 -0.6340
vn -0.0386 0.4830 -0.8748
vn -0.0347 0.6262 -0.7789
vn -0.0433 0.2349 -0.9710
vn -0.0448 -0.0000 -0.9990
vn -0.0435 -0.2351 -0.9710
vn -0.0392 -0.4830 -0.8747
vn -0.0353 -0.6259 -0.7791
vn -0.0320 -0.7068 -0.7067
vn -0.0321 -0.7069 -0.7066
vn -0.0050 -0.9618 -0.2739
vn -0.0122 -0.9659 -0.2587
vn -0.0092 -0.9660 -0.2583
vn -0.0016 -0.9920 0.1259
vn -0.0016 -0.9865 -0.1640
vn -0.0012 -0.9803 0.1976
vn 0.0084 -0.9748 0.2228
vn 0.0070 -0.9680 0.2507
vn 0.0095 -0.9750 0.2221
vn 0.0313 -0.7072 0.7064
vn 0.0313 -0.7072 0.7063
vn 0.0340 -0.6432 0.7650
vn 0.0479 -0.4353 0.8990
vn 0.0374 -0.3458 0.9376
vn 0.0322 -0.1745 0.9841
vn 0.0487 -0.2446 0.9684
vn 0.0459 -0.0993 0.9940
vn 0.0634 -0.0529 -0.9966
vn -0.0156 -0.0282 -0.9995
vn -0.0339 -0.2005 -0.9791
vn -0.0635 -0.0081 -0.9979
vn -0.0233 -0.4053 -0.9139
vn -0.0636 -0.1870 -0.9803
vn -0.0446 -0.3764 -0.9254
vn -0.0343 -0.6500 -0.7592
vn -0.0162 -0.9420 -0.3352
vn -0.0307 -0.7350 -0.6774
vn 0.0081 -0.9841 0.1773
vn 0.0107 -0.9833 -0.1815
vn -0.0124 -0.9308 -0.3654
vn 0.0112 -0.9660 0.2585
vn 0.0197 -0.9621 0.2720
vn -0.0052 -0.9992 -0.0387
vn 0.0313 -0.7071 0.7065
vn 0.0313 -0.7073 0.7062
vn 0.0393 -0.4830 0.8747
vn 0.0345 -0.6260 0.7790
vn 0.0436 -0.2346 0.9711
vn 0.0448 -0.0001 0.9990
vn 0.0437 0.2348 0.9711
vn 0.0396 0.4828 0.8748
vn 0.0351 0.6259 0.7791
vn 0.0286 0.7735 0.6332
vn 0.0163 0.9347 0.3552
vn 0.0120 0.9660 0.2583
vn -0.0080 0.9819 -0.1891
vn 0.0084 0.9841 0.1777
vn -0.0112 0.9660 -0.2585
vn -0.0112 0.9659 -0.2586
vn -0.0112 0.9659 -0.2585
vn -0.0313 0.7071 -0.7064
vn -0.0313 0.7070 -0.7065
vn -0.0340 0.6430 -0.7651
vn -0.0322 0.4348 -0.9000
vn -0.0464 0.3449 -0.9375
vn -0.0559 0.1734 -0.9833
vn -0.0379 0.2454 -0.9687
vn -0.0432 0.0994 -0.9941
vn -0.4004 -0.0085 -0.9163
vn -0.3835 -0.0054 -0.9235
vn -0.2730 0.0031 -0.9620
vn -0.3567 0.0006 -0.9342
vn -0.3750 0.0086 -0.9270
vn -0.2940 0.0109 -0.9558
vn -0.3916 0.0149 -0.9200
vn -0.4166 0.0263 -0.9087
vn -0.4568 0.0211 -0.8893
vn -0.5451 0.0110 -0.8383
vn -0.5344 0.0003 -0.8452
vn -0.5868 0.0264 -0.8093
vn -0.7382 0.0111 -0.6745
vn -0.5929 0.0706 -0.8022
vn -0.6392 0.0315 -0.7684
vn -0.6551 -0.0094 -0.7555
vn -0.7245 0.0044 -0.6893
vn -0.6810 0.0014 -0.7323
vn -0.6634 0.0153 -0.7481
vn -0.6322 -0.0167 -0.7747
vn -0.5983 -0.0136 -0.8012
vn -0.6465 0.0064 -0.7629
vn -0.5379 -0.0031 -0.8430
vn -0.5383 0.0002 -0.8428
vn -0.5048 -0.0027 -0.8632
vn -0.4210 0.0047 -0.9070
vn -0.4666 -0.0107 -0.8844
vn -0.4224 -0.0133 -0.9063
vn -0.4547 0.0107 0.8906
vn -0.4343 0.0228 0.9005
vn -0.2118 0.0079 0.9773
vn -0.3911 0.0650 0.9180
vn -0.3346 0.0267 0.9420
vn -0.3100 0.0157 0.9506
vn -0.2917 0.0089 0.9565
vn -0.2724 0.0006 0.9622
vn -0.2117 -0.0053 0.9773
vn -0.2990 -0.0053 0.9543
vn -0.3139 -0.0080 0.9494
vn -0.3382 -0.0130 0.9410
vn -0.3837 -0.0100 0.9234
vn -0.4349 -0.0051 0.9005
vn -0.4568 0.0002 0.8896
vn -0.4885 -0.0034 0.8725
vn -0.5757 0.0064 0.8176
vn -0.5236 -0.0137 0.8518
vn -0.6721 0.0044 0.7404
vn -0.5604 -0.0167 0.8281
vn -0.5850 -0.0095 0.8110
vn -0.6780 0.0136 0.7350
vn -0.6128 0.0013 0.7902
vn -0.5942 0.0151 0.8041
vn -0.5676 0.0316 0.8227
vn -0.5350 0.0230 0.8445
vn -0.4863 -0.0001 0.8738
vn -0.7653 0.0011 0.6437
vn -0.8427 0.0085 0.5382
vn -0.8888 0.0045 -0.4583
vn -0.9765 0.0005 -0.2153
vn -0.9990 0.0005 0.0447
vn -0.9627 0.0005 0.2705
vn -0.9542 0.0045 0.2991
vn -0.9058 0.0012 0.4236
vn -0.8428 0.0004 0.5382
vn -0.7814 0.0026 -0.6240
vn -0.8283 0.0031 -0.5603
vn -0.9021 0.0004 -0.4314
vn -0.0447 -0.0000 -0.9990
vn 0.2126 0.0039 -0.9771
vn 0.1832 -0.0001 -0.9831
vn 0.3410 0.0006 -0.9401
vn 0.4607 0.0079 -0.8875
vn 0.4607 -0.0002 -0.8875
vn 0.5726 0.0005 -0.8198
vn 0.6768 0.0037 -0.7362
vn 0.6986 -0.0003 -0.7156
vn 0.8413 0.0037 -0.5406
vn 0.8247 -0.0004 -0.5655
vn 0.8994 0.0023 -0.4372
vn 0.9534 0.0077 -0.3018
vn 0.9311 0.0018 -0.3647
vn 0.9970 0.0001 -0.0778
vn 0.9929 0.0023 -0.1191
vn 0.9991 0.0037 -0.0420
vn 0.9819 0.0023 -0.1896
vn 0.9582 -0.0005 -0.2861
vn 0.9999 -0.0005 0.0123
vn 0.9765 -0.0005 0.2154
vn 0.9765 -0.0005 0.2153
vn 0.8888 0.0036 0.4583
vn 0.9021 -0.0004 0.4315
vn 0.8198 0.0004 0.5726
vn 0.7380 0.0077 0.6747
vn 0.7380 -0.0004 0.6748
vn 0.6436 0.0004 0.7654
vn 0.5382 0.0078 0.8428
vn 0.5383 -0.0002 0.8428
vn 0.4236 0.0005 0.9058
vn 0.3018 0.0080 0.9533
vn 0.3017 -0.0001 0.9534
vn 0.1747 0.0007 0.9846
vn 0.0420 0.0040 0.9991
vn 0.0120 -0.0000 0.9999
vn 0.0004 1.0000 0.0004
vn 0.0005 1.0000 0.0001
vn 0.0003 1.0000 -0.0001
vn 0.0004 1.0000 -0.0003
vn 0.0005 1.0000 -0.0002
vn 0.0001 1.0000 -0.0000
vn 0.0003 1.0000 -0.0000
vn -0.0001 1.0000 0.0021
vn 0.0004 1.0000 0.0002
vn 0.0005 1.0000 -0.0001
vn 0.0011 1.0000 0.0002
vn 0.0006 1.0000 -0.0000
vn 0.0013 1.0000 0.0004
vn 0.0004 1.0000 0.0001
vn 0.0003 1.0000 0.0001
vn -0.0001 1.0000 0.0031
vn 0.0005 1.0000 0.0002
vn 0.0006 1.0000 -0.0005
vn 0.0012 1.0000 -0.0010
vn 0.0002 1.0000 0.0001
vn 0.0003 1.0000 -0.0004
vn 0.0006 1.0000 -0.0001
vn 0.0009 1.0000 0.0006
vn 0.0009 1.0000 0.0002
vn 0.0002 1.0000 -0.0000
vn -0.0000 1.0000 -0.0001
vn -0.0000 1.0000 -0.0000
vn 0.0006 1.0000 -0.0003
vn -0.0005 1.0000 -0.0000
vn 0.0011 1.0000 -0.0001
vn 0.0007 1.0000 -0.0001
vn 0.0010 1.0000 -0.0001
vn 0.0006 1.0000 -0.0004
vn 0.0004 1.0000 -0.0002
vn 0.0007 1.0000 -0.0000
vn 0.0003 1.0000 -0.0002
vn -0.0000 -0.0000 -1.0000
vn -0.0000 0.0002 -1.0000
vn 0.1556 -0.9877 0.0143
vn 0.1115 -0.9936 0.0162
vn 0.1069 -0.9942 -0.0103
vn -0.2008 -0.9794 0.0204
vn -0.2391 -0.9709 0.0116
vn -0.2647 -0.9643 -0.0078
vn -0.8668 -0.4972 -0.0377
vn -0.8887 -0.4584 0.0027
vn -0.8265 -0.5627 -0.0153
vn -0.7930 -0.6091 -0.0043
vn -0.7813 -0.6220 -0.0523
vn -0.7812 -0.6221 -0.0525
vn -0.6561 -0.7547 -0.0048
vn -0.6928 -0.7201 -0.0389
vn -0.7000 -0.7125 -0.0482
vn -0.7276 -0.6859 -0.0145
vn -0.4830 -0.8748 -0.0374
vn -0.4831 -0.8747 -0.0375
vn -0.4634 -0.8861 -0.0120
vn -0.5528 -0.8333 0.0088
vn -0.6295 -0.7767 -0.0194
vn -0.2529 -0.9674 -0.0110
vn -0.3203 -0.9470 -0.0235
vn -0.4112 -0.9116 0.0019
vn -0.1447 -0.9891 -0.0265
vn -0.0926 -0.9957 -0.0053
vn -0.1371 -0.9904 -0.0184
vn 0.1007 -0.9949 -0.0018
vn 0.0316 -0.9994 -0.0125
vn -0.0661 -0.9978 0.0022
vn 0.2175 -0.9757 -0.0277
vn 0.3069 -0.9517 -0.0103
vn 0.2831 -0.9591 0.0057
vn 0.4493 -0.8926 0.0378
vn 0.4607 -0.8875 0.0046
vn 0.5047 -0.8633 -0.0104
vn 0.3943 -0.9190 -0.0071
vn 0.3321 -0.9431 0.0196
vn 0.6817 -0.7315 0.0133
vn 0.6079 -0.7939 -0.0094
vn 0.6724 -0.7401 -0.0075
vn 0.5709 -0.8207 -0.0231
vn 0.4980 -0.8669 0.0235
vn 0.7287 -0.6848 -0.0086
vn 0.7919 -0.6106 -0.0046
vn 0.7697 -0.6384 0.0085
vn 0.8985 -0.4382 0.0277
vn 0.8615 -0.5077 0.0076
vn 0.8731 -0.4874 -0.0120
vn 0.8323 -0.5542 0.0126
vn 0.8033 -0.5950 0.0248
vn 0.1070 -0.0835 0.9907
vn 0.0640 -0.0421 0.9971
vn 0.1177 -0.0902 0.9889
vn 0.1512 -0.1249 0.9806
vn 0.1507 -0.1241 0.9808
vn 0.1773 -0.1424 0.9738
vn 0.5828 -0.8093 0.0731
vn 0.5871 -0.8084 0.0435
vn 0.7352 -0.6777 0.0138
vn 0.8029 -0.5900 -0.0850
vn 0.7516 -0.6596 0.0061
vn 0.7462 -0.6657 -0.0057
vn -0.5035 0.3877 0.7721
vn -0.5573 0.3792 0.7387
vn -0.4178 0.2888 0.8614
vn -0.5561 0.3894 0.7342
vn -0.5798 0.4040 0.7075
vn -0.5047 0.2817 0.8161
vn -0.4526 -0.8894 0.0637
vn -0.3813 -0.9243 0.0164
vn -0.3497 -0.9348 0.0630
vn -0.2407 -0.9695 0.0466
vn -0.1718 -0.9851 0.0114
vn -0.1585 -0.9854 0.0615
vn 0.5263 -0.8499 0.0260
vn 0.5817 -0.8133 0.0076
vn 0.3870 -0.3506 -0.8528
vn 0.3795 -0.3525 -0.8554
vn 0.5319 -0.4913 -0.6897
vn 0.4006 -0.3717 -0.8375
vn 0.5558 -0.4960 -0.6671
vn 0.4304 -0.3704 -0.8232
vn 0.5201 -0.3708 -0.7694
vn 0.5089 -0.3271 -0.7963
vn 0.4694 -0.3435 -0.8134
vn 0.4335 -0.3791 -0.8175
vn 0.7029 -0.3128 -0.6388
vn 0.6317 -0.3321 -0.7005
vn 0.6304 -0.4999 -0.5939
vn 0.7030 -0.3665 -0.6095
vn 0.8015 -0.3422 -0.4903
vn 0.7467 -0.5030 -0.4353
vn 0.8509 -0.3203 -0.4163
vn 0.8784 -0.3206 -0.3545
vn 0.9400 -0.3040 -0.1549
vn 0.9322 -0.3060 -0.1933
vn 0.8478 -0.4834 -0.2183
vn 0.8681 -0.4801 -0.1265
vn 0.8634 -0.4991 -0.0734
vn 0.9422 -0.3279 -0.0686
vn 0.9438 -0.3190 -0.0868
vn 0.9388 -0.3170 -0.1351
vn 0.9414 -0.3372 0.0028
vn 0.9418 -0.3362 -0.0070
vn 0.8561 -0.5168 -0.0000
vn 0.9403 -0.3398 -0.0175
vn 0.8592 -0.5110 -0.0267
vn 0.9439 -0.3288 -0.0318
vn 0.9421 -0.3326 -0.0424
vn 0.9399 -0.3414 -0.0069
vn 0.9020 -0.4312 0.0210
vn 0.8759 -0.4823 -0.0111
vn 0.8455 -0.5339 -0.0017
vn 0.6304 -0.7760 0.0200
vn 0.6976 -0.7163 0.0153
vn 0.7440 -0.6681 -0.0106
vn 0.7867 -0.6173 0.0100
vn 0.3353 -0.9414 0.0354
vn 0.3817 -0.9238 0.0313
vn 0.4189 -0.9049 0.0750
vn 0.4319 -0.9014 0.0306
vn -0.1037 -0.9941 0.0307
vn -0.0074 -0.9996 0.0283
vn 0.0396 -0.9976 0.0565
vn 0.0554 -0.9984 0.0128
vn 0.1250 -0.9911 0.0467
vn -0.3177 -0.9476 0.0346
vn -0.6655 -0.7462 0.0161
vn -0.6105 -0.7903 0.0520
vn -0.6821 -0.7282 0.0672
vn -0.5463 -0.8368 0.0359
vn -0.8126 -0.5789 0.0676
vn -0.7786 -0.6266 0.0347
vn -0.7150 -0.6984 0.0320
vn -0.8972 -0.4404 0.0326
vn -0.8527 -0.5209 0.0398
vn -0.8172 -0.5760 0.0176
vn -0.9498 -0.3066 0.0619
vn -0.9262 -0.3766 0.0173
vn -0.9108 -0.4077 0.0646
vn -0.9979 -0.0239 0.0596
vn -0.9988 -0.0485 0.0106
vn -0.9932 -0.1116 0.0319
vn -0.9708 0.2377 0.0330
vn -0.9856 0.1689 0.0044
vn -0.9845 0.1679 0.0507
vn -0.9943 0.0982 0.0420
vn -0.9992 0.0203 0.0339
vn -0.9416 0.3350 0.0340
vn -0.9355 0.3509 0.0406
vn -0.9353 0.3451 0.0785
vn -0.9791 0.1705 0.1111
vn -0.9287 0.3481 0.1275
vn -0.9286 0.3489 0.1261
vn -0.9596 0.1836 0.2132
vn -0.9283 0.3496 0.1264
vn -0.9285 0.3490 0.1270
vn -0.8209 0.3897 0.4174
vn -0.8600 0.3662 0.3554
vn -0.8401 0.2248 0.4937
vn -0.8928 0.3537 0.2788
vn -0.9162 0.2044 0.3448
vn -0.8961 0.3562 0.2647
vn -0.9164 0.3429 0.2063
vn -0.8150 0.3746 0.4421
vn -0.7338 0.2463 0.6331
vn -0.8175 0.3685 0.4426
vn -0.7630 0.3782 0.5243
vn -0.6109 0.2665 0.7455
vn -0.7030 0.3944 0.5918
vn -0.6379 0.3769 0.6716
vn -0.6849 0.3702 0.6276
vn -0.7051 0.3882 0.5935
vn -0.2869 0.2812 0.9158
vn -0.4133 0.3817 0.8267
vn -0.3392 0.2910 0.8946
vn -0.4466 0.3891 0.8057
vn -0.4577 0.3930 0.7976
vn -0.2600 0.2411 0.9350
vn -0.2580 0.2452 0.9345
vn -0.2771 0.2679 0.9227
vn -0.3901 0.3779 0.8396
vn -0.3917 0.3802 0.8379
vn -0.3701 0.3396 0.8647
vn -0.3112 0.2857 0.9064
vn -0.2635 0.2446 0.9331
vn -0.2639 0.2415 0.9338
vn 0.7568 -0.6536 -0.0048
vn 0.8085 -0.5755 -0.1229
vn 0.9094 -0.3077 -0.2797
vn 0.8035 -0.4949 -0.3307
vn 0.7922 -0.5784 -0.1947
vn 0.7600 -0.5881 -0.2767
vn 0.7591 -0.6505 -0.0251
vn 0.7573 -0.6511 -0.0505
vn 0.6999 -0.6943 0.1673
vn 0.7122 -0.6731 0.1993
vn 0.6051 -0.7100 0.3602
vn 0.6334 -0.6529 0.4154
vn 0.5466 -0.6232 0.5593
vn 0.6889 -0.7122 0.1349
vn 0.6791 -0.7273 0.0991
vn 0.6709 -0.7414 0.0187
vn 0.5711 -0.8081 0.1444
vn 0.5787 -0.7852 0.2202
vn 0.5896 -0.7484 0.3036
vn 0.7365 -0.6764 0.0105
vn 0.4242 -0.8937 0.1459
vn 0.4329 -0.8679 0.2435
vn 0.4449 -0.8200 0.3600
vn 0.4577 -0.7485 0.4798
vn 0.4632 -0.6655 0.5852
vn 0.2096 -0.9774 0.0282
vn 0.2803 -0.9598 0.0123
vn 0.2278 -0.9726 0.0465
vn 0.2369 -0.9660 0.1037
vn 0.2477 -0.9475 0.2020
vn 0.2646 -0.9053 0.3323
vn 0.2861 -0.8294 0.4799
vn 0.3075 -0.7219 0.6199
vn 0.3241 -0.6009 0.7307
vn 0.3348 -0.4917 0.8038
vn 0.4499 -0.5671 0.6900
vn 0.0452 -0.9911 0.1251
vn 0.0612 -0.9676 0.2448
vn 0.0882 -0.9123 0.3999
vn 0.1245 -0.8135 0.5681
vn 0.1628 -0.6787 0.7162
vn 0.1956 -0.5352 0.8218
vn 0.2192 -0.4116 0.8846
vn 0.1200 -0.3397 0.9328
vn 0.0786 -0.4677 0.8804
vn 0.0237 -0.6224 0.7823
vn -0.0375 -0.7742 0.6318
vn -0.0918 -0.8884 0.4497
vn -0.1294 -0.9524 0.2762
vn -0.1499 -0.9786 0.1408
vn -0.3405 -0.9279 0.1516
vn -0.3172 -0.9004 0.2979
vn -0.2699 -0.8322 0.4844
vn -0.1963 -0.7108 0.6755
vn -0.1094 -0.5530 0.8259
vn -0.0294 -0.3974 0.9172
vn 0.0319 -0.2723 0.9617
vn -0.4195 0.1758 0.8906
vn -0.5397 0.1487 0.8286
vn -0.6803 0.1111 0.7245
vn -0.8130 0.0680 0.5783
vn -0.9114 0.0282 0.4106
vn -0.9673 -0.0011 0.2537
vn -0.9913 -0.0185 0.1307
vn 0.0649 -0.0426 0.9970
vn 0.0626 -0.0445 0.9970
vn 0.0581 -0.0432 0.9974
vn 0.0741 -0.1834 0.9802
vn 0.1037 -0.1222 0.9871
vn 0.0455 -0.0706 0.9965
vn 0.0155 0.0027 0.9999
vn -0.0324 0.0477 0.9983
vn -0.0630 0.0293 0.9976
vn -0.0764 0.0950 0.9925
vn -0.0832 0.0946 0.9920
vn -0.1187 0.0820 0.9895
vn -0.1180 -0.0114 0.9930
vn -0.0562 -0.0693 0.9960
vn -0.1245 -0.1400 0.9823
vn -0.0488 -0.2066 0.9772
vn -0.2222 -0.2422 0.9445
vn -0.1294 -0.3227 0.9376
vn -0.3477 -0.3746 0.8595
vn -0.2336 -0.4706 0.8509
vn -0.4803 -0.5146 0.7103
vn -0.3451 -0.6241 0.7010
vn -0.5866 -0.6268 0.5128
vn -0.4367 -0.7445 0.5050
vn -0.6487 -0.6923 0.3159
vn -0.4924 -0.8130 0.3109
vn -0.6751 -0.7201 0.1606
vn -0.5177 -0.8409 0.1580
vn -0.5242 -0.8495 0.0606
vn -0.4747 -0.8795 0.0341
vn -0.0093 -0.0208 0.9997
vn 0.0071 -0.1260 0.9920
vn 0.0598 -0.0444 0.9972
vn 0.0074 0.0053 1.0000
vn -0.0409 0.0515 0.9978
vn -0.0440 0.0529 0.9976
vn -0.0453 0.0508 0.9977
vn -0.0447 0.0503 0.9977
vn -0.1023 0.0955 0.9902
vn -0.1505 0.1402 0.9786
vn -0.1499 0.1455 0.9779
vn -0.1304 0.1413 0.9813
vn -0.1523 0.1448 0.9777
vn -0.1528 0.1429 0.9779
vn -0.2103 0.1917 0.9587
vn -0.1976 0.1997 0.9597
vn -0.8055 -0.5707 0.1595
vn -0.9038 -0.3990 0.1545
vn -0.7787 -0.5437 0.3132
vn -0.8769 -0.3735 0.3026
vn -0.7127 -0.4839 0.5078
vn -0.8101 -0.3221 0.4899
vn -0.5970 -0.3857 0.7034
vn -0.6920 -0.2422 0.6800
vn -0.4500 -0.2664 0.8524
vn -0.5394 -0.1480 0.8289
vn -0.3084 -0.1552 0.9385
vn -0.3891 -0.0615 0.9192
vn -0.1971 -0.0702 0.9779
vn -0.2686 0.0042 0.9632
vn -0.1806 0.0500 0.9823
vn -0.2470 0.1172 0.9619
vn -0.1793 0.1402 0.9737
vn -0.2493 0.2078 0.9459
vn -0.1398 0.1460 0.9794
vn -0.2073 0.2063 0.9563
vn -0.3215 0.1939 0.9269
vn -0.3416 0.0854 0.9360
vn -0.4655 0.0395 0.8842
vn -0.6159 -0.0217 0.7875
vn -0.7639 -0.0893 0.6391
vn -0.8764 -0.1489 0.4580
vn -0.9401 -0.1900 0.2832
vn -0.9664 -0.2123 0.1452
vn -0.9725 -0.2249 0.0607
vn -0.9715 -0.2341 0.0368
vn 0.6035 -0.5553 -0.5722
vn 0.6024 -0.5558 -0.5728
vn 0.6624 -0.6006 -0.4479
vn 0.6016 -0.5572 -0.5723
vn 0.7394 -0.6603 -0.1315
vn 0.7292 -0.6631 -0.1689
vn 0.7300 -0.6463 0.2222
vn 0.7418 -0.6684 0.0550
vn 0.7053 -0.6374 0.3102
vn 0.7032 -0.6389 0.3119
vn 0.6460 -0.5821 0.4938
vn 0.6470 -0.5692 0.5075
vn 0.5645 -0.5014 0.6557
vn 0.5637 -0.5039 0.6544
vn 0.5624 -0.5047 0.6550
vn 0.6868 -0.6184 -0.3819
vn 0.7296 -0.6576 -0.1878
vn 0.3194 -0.2761 0.9065
vn 0.3403 -0.2883 0.8950
vn 0.3608 -0.3162 0.8774
vn 0.2809 -0.2455 0.9278
vn 0.2429 -0.2131 0.9464
vn 0.2485 -0.2048 0.9467
vn 0.2405 -0.2108 0.9475
vn 0.1967 -0.1697 0.9657
vn 0.5594 -0.5048 0.6575
vn 0.4863 -0.4365 0.7569
vn 0.4478 -0.3872 0.8060
vn 0.4029 -0.3548 0.8437
vn 0.4017 -0.3552 0.8441
vn 0.5479 -0.5248 0.6514
vn 0.5482 -0.4783 0.6861
vn 0.7047 -0.5960 -0.3848
vn 0.7482 -0.6560 -0.0997
vn 0.7235 -0.6547 0.2189
vn 0.6425 -0.5981 0.4791
vn 0.4556 -0.4426 0.7724
vn 0.1691 -0.1792 0.9692
vn 0.2463 -0.2463 0.9374
vn 0.3440 -0.3315 0.8785
vn 0.3397 -0.3988 0.8518
vn 0.2347 -0.3148 0.9197
vn 0.1486 -0.2451 0.9580
vn 0.4776 -0.4936 0.7269
vn -0.6080 0.5011 0.6158
vn -0.5589 0.4951 0.6652
vn -0.6631 0.5967 0.4520
vn 0.9839 -0.1442 -0.1059
vn 0.9530 0.2709 -0.1359
vn 0.9511 0.2167 -0.2203
vn 0.8820 0.2353 -0.4082
vn -0.6655 0.4957 0.5580
vn -0.4302 0.3962 0.8111
vn -0.4715 0.4347 0.7673
vn -0.5272 0.4876 0.6959
vn -0.7246 0.4948 0.4798
vn -0.8258 0.4962 0.2679
vn -0.8423 0.5061 0.1854
vn -0.8575 0.5029 0.1085
vn -0.8827 0.4579 0.1061
vn -0.8842 0.4652 0.0408
vn -0.8643 0.4997 0.0564
vn -0.8414 0.5397 0.0263
vn -0.7500 0.6612 0.0175
vn -0.7835 0.6212 0.0176
vn -0.7412 0.6713 -0.0030
vn -0.5035 0.8635 0.0298
vn -0.5692 0.8219 -0.0229
vn -0.6030 0.7976 -0.0133
vn -0.6286 0.7778 0.0005
vn -0.6969 0.7170 0.0132
vn -0.4380 0.8984 -0.0313
vn -0.2662 0.9619 -0.0632
vn -0.2905 0.9565 -0.0280
vn -0.2803 0.9545 0.1020
vn -0.4230 0.9059 -0.0206
vn -0.4862 0.8738 -0.0034
vn -0.0545 0.9942 -0.0924
vn -0.1151 0.9927 0.0347
vn -0.1778 0.9841 0.0020
vn 0.0630 0.9898 -0.1277
vn 0.0746 0.9712 0.2264
vn -0.0286 0.9931 -0.1138
vn 0.2761 0.8775 -0.3921
vn 0.2621 0.9442 -0.1996
vn 0.0990 0.9517 -0.2905
vn 0.2292 0.9644 -0.1317
vn 0.1201 0.9796 -0.1611
vn 0.4289 0.7811 -0.4537
vn 0.4314 0.9000 -0.0626
vn 0.3460 0.8835 -0.3158
vn 0.4963 0.6279 0.5995
vn 0.5743 0.8034 -0.1570
vn 0.5605 0.8046 -0.1958
vn 0.4102 0.7625 -0.5004
vn 0.7748 0.5026 -0.3835
vn 0.7615 0.6081 -0.2246
vn 0.7613 0.4903 -0.4242
vn 0.7555 0.6264 -0.1920
vn 0.6379 0.5915 0.4932
vn 0.4231 0.4531 -0.7846
vn 0.4233 0.4534 -0.7844
vn 0.4233 0.4533 -0.7844
vn 0.8632 0.5042 -0.0263
vn 0.8883 0.3675 -0.2754
vn 0.8727 0.4374 -0.2169
vn 0.9610 0.1967 -0.1944
vn 0.9461 0.3191 -0.0549
vn 0.9138 0.3763 -0.1527
vn 0.9861 0.1280 0.1063
vn 0.9367 0.1641 0.3092
vn 0.9997 0.0208 -0.0148
vn 0.9808 -0.1950 0.0025
vn 0.9888 -0.1437 -0.0400
vn 0.9871 -0.1583 -0.0237
vn 0.9962 -0.0656 0.0582
vn 0.9998 0.0134 -0.0131
vn 0.9693 -0.2436 0.0341
vn 0.9594 -0.1458 -0.2413
vn 0.8617 -0.1760 -0.4759
vn 0.6391 -0.2226 -0.7362
vn 0.3842 -0.2553 -0.8873
vn 0.2975 -0.2667 -0.9167
vn 0.3054 -0.2894 -0.9072
vn -0.7486 0.5876 0.3069
vn -0.7139 0.5948 0.3696
vn -0.7425 0.6588 0.1212
vn -0.7312 0.6647 0.1538
vn -0.6979 0.7115 -0.0811
vn -0.7055 0.7013 -0.1024
vn -0.6232 0.7383 -0.2582
vn -0.6345 0.6947 -0.3389
vn -0.5470 0.6900 -0.4740
vn -0.6068 0.7654 -0.2144
vn -0.5888 0.7934 -0.1547
vn -0.6924 0.7189 -0.0606
vn -0.6879 0.7246 -0.0427
vn -0.7494 0.6557 0.0921
vn -0.7534 0.6544 0.0639
vn -0.7765 0.5831 0.2388
vn -0.8279 0.5467 0.1249
vn -0.7806 0.4920 0.3855
vn -0.5691 0.7439 -0.3503
vn -0.4350 0.8629 -0.2573
vn -0.4312 0.7972 -0.4225
vn -0.2875 0.8383 -0.4633
vn -0.7679 0.6388 0.0469
vn -0.2690 0.9443 -0.1898
vn -0.4347 0.8973 -0.0770
vn -0.4376 0.8878 -0.1423
vn -0.5981 0.7993 -0.0585
vn -0.7579 0.6520 0.0188
vn -0.5822 0.8071 -0.0979
vn -0.6897 0.7223 -0.0502
vn 0.0869 0.9848 -0.1502
vn -0.0759 0.9663 -0.2459
vn 0.3154 0.1684 -0.9339
vn 0.6072 0.3846 -0.6953
vn 0.2336 0.2524 -0.9390
vn 0.4602 0.4895 -0.7407
vn 0.1307 0.3412 -0.9309
vn 0.3152 0.6009 -0.7346
vn 0.0495 0.4439 -0.8947
vn 0.1778 0.7074 -0.6841
vn -0.0598 0.5102 -0.8580
vn 0.0348 0.7876 -0.6152
vn -0.1781 0.5673 -0.8040
vn -0.1191 0.8315 -0.5427
vn -0.3114 0.6200 -0.7202
vn -0.4471 0.6586 -0.6053
vn 0.7511 -0.0466 -0.6585
vn 0.5605 -0.1200 -0.8194
vn 0.6919 0.0744 -0.7181
vn 0.4939 -0.0151 -0.8694
vn 0.6019 0.1831 -0.7773
vn 0.4342 0.0775 -0.8975
vn 0.8628 0.1597 -0.4796
vn 0.8784 -0.0084 -0.4779
vn 0.9687 0.0086 -0.2483
vn 0.7726 0.2918 -0.5639
vn 0.5609 0.5826 -0.5882
vn 0.3884 0.7139 -0.5826
vn 0.9931 0.0243 -0.1150
vn 0.8820 0.2353 -0.4083
vn -0.0872 0.1455 -0.9855
vn -0.0688 0.0442 -0.9967
vn -0.0469 0.0410 -0.9981
vn 0.1073 0.0229 -0.9940
vn 0.0709 0.0901 -0.9934
vn -0.0197 0.0133 -0.9997
vn -0.0354 0.0302 -0.9989
vn 0.0018 0.1439 -0.9896
vn -0.0317 0.0305 -0.9990
vn 0.0010 -0.0081 -1.0000
vn 0.0702 -0.0678 -0.9952
vn 0.0628 -0.0722 -0.9954
vn 0.1576 -0.0573 -0.9858
vn 0.0752 -0.0861 -0.9935
vn 0.1659 -0.1243 -0.9783
vn 0.1116 -0.1174 -0.9868
vn 0.2186 -0.1896 -0.9572
vn 0.2422 -0.2174 -0.9456
vn 0.3004 -0.2891 -0.9089
vn 0.1771 -0.1718 -0.9691
vn 0.1710 -0.1754 -0.9695
vn 0.1844 -0.1768 -0.9668
vn 0.3257 -0.1713 -0.9298
vn 0.2670 -0.0935 -0.9591
vn 0.2347 -0.0321 -0.9715
vn -0.4716 0.4348 0.7672
vn -0.5570 0.5118 0.6541
vn -0.6417 0.5893 0.4910
vn -0.7367 0.6690 -0.0986
vn -0.7248 0.6719 -0.1523
vn -0.7339 0.6665 0.1313
vn -0.7193 0.6645 0.2027
vn -0.7310 0.6691 0.1339
vn -0.5510 0.5159 -0.6559
vn -0.6518 0.6054 -0.4568
vn -0.6355 0.5902 -0.4978
vn -0.6974 0.6385 -0.3254
vn -0.6977 0.6383 -0.3253
vn -0.6955 0.6396 -0.3274
vn -0.6281 0.5760 0.5232
vn -0.6333 0.5731 0.5201
vn -0.6978 0.6311 0.3388
vn -0.3425 0.3172 -0.8843
vn -0.3342 0.3302 -0.8828
vn -0.4048 0.3738 -0.8345
vn -0.4481 0.4277 -0.7850
vn -0.4045 0.3766 -0.8334
vn -0.2695 0.2571 -0.9281
vn -0.2177 0.2069 -0.9538
vn -0.2370 0.2500 -0.9388
vn -0.1512 0.1910 -0.9699
vn -0.2705 0.2549 -0.9284
vn -0.2706 0.2576 -0.9276
vn -0.2689 0.2580 -0.9280
vn -0.5548 0.5169 -0.6519
vn -0.5570 0.5099 -0.6556
vn -0.4891 0.4472 -0.7488
vn -0.7219 0.6661 0.1874
vn -0.7156 0.6860 -0.1311
vn -0.6445 0.6451 -0.4105
vn -0.5504 0.5794 -0.6012
vn -0.4507 0.5039 -0.7369
vn -0.3288 0.4222 -0.8447
vn -0.2189 0.3489 -0.9112
vn -0.1271 0.2936 -0.9474
vn -0.0421 0.2469 -0.9681
vn -0.1553 0.1513 -0.9762
vn -0.1535 0.1480 -0.9770
vn -0.1269 0.1193 -0.9847
vn -0.3960 -0.0012 -0.9183
vn -0.4710 -0.0353 -0.8814
vn -0.4866 -0.2211 -0.8452
vn 0.5478 -0.8297 -0.1072
vn 0.5187 -0.8262 -0.2199
vn 0.3803 -0.8846 -0.2700
vn 0.7362 -0.6762 0.0269
vn 0.8534 -0.5181 0.0574
vn 0.7111 0.1288 0.6912
vn 0.6254 0.0700 0.7771
vn 0.7317 -0.0247 0.6812
vn 0.8359 0.2554 0.4859
vn 0.7817 0.1955 0.5922
vn 0.8441 0.0367 0.5349
vn 0.9091 0.3556 0.2171
vn 0.8898 0.3067 0.3380
vn 0.9267 0.1116 0.3589
vn 0.9136 0.3963 0.0911
vn 0.9178 0.3880 0.0842
vn 0.9649 0.1841 0.1873
vn 0.7151 -0.6834 -0.1472
vn 0.6198 -0.6642 -0.4180
vn 0.4972 -0.5894 -0.6367
vn 0.4920 -0.6926 -0.5276
vn 0.6058 -0.7237 -0.3305
vn 0.6896 -0.7199 -0.0787
vn 0.7051 -0.6981 -0.1245
vn -0.1232 0.0028 -0.9924
vn -0.1709 0.0783 -0.9822
vn -0.1840 0.0850 -0.9793
vn -0.0590 -0.6685 -0.7414
vn 0.0643 -0.7359 -0.6740
vn 0.0928 -0.5162 -0.8514
vn -0.8632 -0.3567 -0.3572
vn -0.9000 -0.4153 -0.1326
vn -0.7937 -0.5610 -0.2351
vn -0.6507 -0.1647 -0.7412
vn -0.7642 -0.2568 -0.5916
vn -0.6896 -0.4058 -0.5999
vn 0.2425 -0.9699 -0.0245
vn 0.4281 -0.9036 -0.0126
vn -0.1147 -0.9915 -0.0617
vn 0.0674 -0.9970 -0.0387
vn -0.2914 -0.9517 -0.0970
vn -0.4789 -0.8645 -0.1524
vn -0.6504 -0.7311 -0.2060
vn -0.9258 -0.3731 -0.0604
vn -0.8966 -0.4380 -0.0655
vn 0.2020 -0.7742 -0.5999
vn 0.2050 -0.5757 -0.7915
vn 0.3689 -0.3986 -0.8396
vn 0.2504 -0.3080 -0.9179
vn 0.2247 -0.4049 -0.8863
vn 0.3501 -0.4925 -0.7968
vn 0.3428 -0.6381 -0.6894
vn 0.3544 -0.7918 -0.4974
vn -0.0077 -0.2157 -0.9764
vn 0.0555 -0.2775 -0.9591
vn 0.0995 -0.1813 -0.9784
vn 0.1311 -0.3376 -0.9321
vn 0.1619 -0.2422 -0.9566
vn -0.0019 -0.4491 -0.8935
vn -0.0812 -0.3653 -0.9273
vn -0.1434 -0.2608 -0.9547
vn -0.1645 -0.5620 -0.8106
vn -0.2457 -0.4158 -0.8756
vn -0.2978 -0.2502 -0.9213
vn -0.0644 -0.0355 -0.9973
vn -0.0051 -0.0826 -0.9966
vn -0.1000 -0.0678 -0.9927
vn -0.2013 -0.0303 -0.9791
vn -0.2629 0.0723 -0.9621
vn 0.0349 -0.1398 -0.9896
vn -0.0600 -0.1460 -0.9875
vn -0.1854 -0.1430 -0.9722
vn -0.3252 -0.1009 -0.9402
vn -0.3227 0.0499 -0.9452
vn 0.3298 -0.0608 0.9421
vn 0.3164 -0.0506 0.9473
vn 0.3616 -0.1229 0.9242
vn 0.1863 -0.0845 0.9789
vn 0.2239 -0.1376 0.9649
vn 0.2206 -0.0823 0.9719
vn 0.2887 -0.1363 0.9477
vn 0.2644 -0.0643 0.9623
vn 0.6832 -0.7299 -0.0220
vn 0.6037 -0.7699 -0.2068
vn 0.5031 -0.7864 -0.3584
vn 0.1121 -0.1002 0.9886
vn 0.1813 -0.1435 0.9729
vn 0.1279 -0.0919 0.9875
vn 0.1497 -0.0943 0.9842
vn 0.2542 -0.2037 0.9455
vn 0.4010 -0.0322 0.9155
vn 0.4252 -0.1157 0.8977
vn 0.4423 -0.2058 0.8730
vn 0.3693 -0.2097 0.9053
vn 0.4598 -0.2974 0.8368
vn 0.3017 -0.1997 0.9323
vn 0.3944 -0.2833 0.8742
vn 0.3470 -0.2856 0.8933
vn 0.5151 -0.5174 -0.6834
vn 0.6362 -0.6220 -0.4566
vn 0.7209 -0.6606 0.2093
vn 0.7195 -0.6619 0.2102
vn 0.7207 -0.6632 0.2019
vn 0.7274 -0.6613 0.1832
vn 0.4516 -0.3832 0.8058
vn 0.6460 -0.5741 0.5031
vn 0.7582 -0.5576 0.3380
vn 0.7271 -0.5765 0.3728
vn 0.6951 -0.5718 0.4358
vn 0.6640 -0.5716 0.4820
vn 0.5509 -0.4791 0.6833
vn 0.9545 0.2981 0.0119
vn 0.9262 0.3757 0.0325
vn 0.9126 0.4085 0.0177
vn 0.9195 0.3890 0.0569
vn 0.8958 0.4445 -0.0008
vn 0.9935 0.1137 -0.0022
vn 0.9754 0.2201 -0.0099
vn 0.9697 0.2347 0.0679
vn 0.9730 0.2297 -0.0215
vn 0.9968 -0.0805 0.0005
vn 0.9998 0.0176 -0.0050
vn 0.9973 0.0426 0.0605
vn 0.9994 0.0289 -0.0187
vn 0.9881 -0.1448 0.0513
vn 0.9864 -0.1631 -0.0182
vn 0.9653 -0.2606 0.0198
vn 0.9811 -0.1921 0.0225
vn 0.9431 -0.3312 0.0311
vn 0.4740 -0.0104 0.8805
vn 0.4629 -0.0037 0.8864
vn 0.5195 -0.0993 0.8487
vn 0.5128 -0.2048 0.8337
vn 0.5309 -0.2986 0.7931
vn 0.5553 -0.3950 0.7318
vn 0.4953 -0.3802 0.7811
vn 0.5491 0.0289 0.8352
vn 0.6214 -0.0707 0.7803
vn 0.6870 -0.1821 0.7035
vn 0.5947 -0.1982 0.7791
vn 0.6655 -0.3056 0.6810
vn 0.5950 -0.3039 0.7441
vn 0.6835 -0.4173 0.5989
vn 0.6242 -0.4080 0.6663
vn 0.7283 -0.4742 0.4947
vn 0.6394 -0.4851 0.5966
vn 0.5844 -0.4754 0.6576
vn 0.9218 -0.3868 0.0245
vn 0.9328 -0.3595 -0.0249
vn 0.9747 -0.1777 0.1358
vn 0.9301 -0.3536 0.0991
vn 0.9049 -0.3821 0.1874
vn 0.8342 -0.5411 0.1060
vn 0.8152 -0.5568 0.1593
vn 0.7088 -0.7051 0.0216
vn 0.5892 -0.8079 0.0084
vn 0.7221 -0.6911 0.0307
vn 0.5772 -0.8166 -0.0071
vn 0.5644 -0.8246 -0.0391
vn 0.4060 -0.9103 -0.0813
vn 0.9862 0.0011 0.1658
vn 0.9411 -0.2197 0.2570
vn 0.8688 -0.4063 0.2830
vn 0.8028 -0.5559 0.2156
vn 0.8771 -0.1090 0.4679
vn 0.7848 -0.1528 0.6006
vn 0.8165 -0.2849 0.5022
vn 0.7405 -0.3003 0.6012
vn 0.7764 -0.4306 0.4603
vn 0.7250 -0.4339 0.5349
vn 0.7847 -0.6133 0.0900
vn 0.6835 -0.7299 0.0039
vn 0.9477 -0.0544 0.3144
vn 0.8863 -0.2574 0.3849
vn 0.8247 -0.4227 0.3757
vn 0.7798 -0.5559 0.2878
vn 0.7450 -0.6504 0.1484
vn 0.6887 -0.7251 -0.0010
vn 0.6422 -0.7568 -0.1219
vn -0.4411 -0.4090 -0.7988
vn -0.5842 -0.6037 -0.5424
vn -0.3587 -0.6070 -0.7091
vn -0.4462 -0.7819 -0.4353
vn -0.2412 -0.7673 -0.5942
vn -0.2834 -0.9042 -0.3195
vn -0.1010 -0.8658 -0.4902
vn -0.1142 -0.9664 -0.2302
vn 0.0507 -0.9108 -0.4096
vn 0.0552 -0.9837 -0.1711
vn 0.2098 -0.9157 -0.3428
vn 0.2260 -0.9652 -0.1314
vn -0.1898 0.1201 -0.9745
vn -0.9635 0.2664 -0.0254
vn -0.9508 0.3063 -0.0459
vn -0.9464 0.3222 -0.0239
vn -0.9153 0.4025 -0.0153
vn -0.9042 0.4271 -0.0084
vn -0.9882 0.1532 -0.0091
vn -0.9981 0.0582 -0.0192
vn -0.9953 0.0857 -0.0442
vn -0.9937 0.0999 -0.0517
vn -0.9751 0.2205 0.0244
vn -0.9566 0.2891 -0.0363
vn -0.9890 -0.1477 -0.0117
vn -0.9911 -0.1248 -0.0458
vn -0.9983 -0.0573 -0.0040
vn -0.9928 -0.0974 -0.0700
vn -0.9996 -0.0038 -0.0273
vn -0.9306 -0.3658 -0.0165
vn -0.9448 -0.3251 -0.0415
vn -0.9607 -0.2774 -0.0029
vn -0.9506 -0.3039 -0.0638
vn -0.9723 -0.2268 -0.0561
vn -0.8711 -0.4911 -0.0000
vn -0.7834 -0.6201 -0.0431
vn -0.7456 -0.6664 0.0086
vn -0.6396 -0.7681 -0.0314
vn -0.5746 -0.8184 0.0091
vn -0.4528 -0.8913 -0.0244
vn -0.3719 -0.9282 0.0086
vn -0.2600 -0.9654 -0.0190
vn -0.1891 -0.9820 0.0034
vn -0.0643 -0.9962 -0.0590
vn -0.0170 -0.9996 0.0208
vn 0.1303 -0.9902 -0.0495
vn 0.1879 -0.9820 0.0214
vn 0.3117 -0.9501 -0.0129
vn 0.3999 -0.9161 0.0288
vn 0.5213 -0.8529 -0.0296
vn 0.5886 -0.8083 0.0153
vn 0.6700 -0.7424 -0.0000
vn 0.7924 -0.6100 -0.0000
vn 0.8891 -0.4578 -0.0000
vn 0.9173 -0.3977 -0.0208
vn 0.9774 -0.2111 -0.0099
vn 0.9998 0.0041 -0.0188
vn 0.9763 0.2155 -0.0180
vn 0.9240 0.3824 0.0093
vn 0.8858 0.4639 0.0113
vn 0.8884 0.4590 0.0016
vn 0.8765 0.4807 0.0262
vn 0.8461 0.5330 -0.0032
vn 0.8396 0.5429 0.0195
vn -0.4055 0.3718 0.8351
vn 0.3633 0.0627 0.9296
vn -0.8463 0.5108 -0.1513
vn -0.8104 0.5200 -0.2697
vn -0.7429 0.6638 -0.0858
vn -0.7608 0.6486 -0.0235
vn -0.7609 0.6486 -0.0179
vn -0.3122 0.3202 -0.8944
vn -0.5117 0.5076 -0.6932
vn -0.6122 0.5955 -0.5202
vn -0.5966 0.5978 -0.5355
vn -0.6851 0.6751 -0.2736
vn -0.0055 0.0452 0.9990
vn 0.5753 0.2183 0.7883
vn 0.7366 0.6756 0.0308
vn 0.6377 0.7702 0.0003
vn 0.6812 0.7290 0.0664
vn 0.5685 0.8224 0.0212
vn 0.4599 0.8880 0.0027
vn 0.5269 0.8471 0.0690
vn 0.3687 0.9295 0.0113
vn 0.2576 0.9662 -0.0031
vn 0.3466 0.9353 0.0709
vn 0.1966 0.9804 0.0124
vn 0.1322 0.9912 0.0086
vn 0.1497 0.9858 0.0758
vn -0.2755 0.9600 0.0494
vn -0.2183 0.9758 -0.0141
vn -0.3345 0.9422 0.0187
vn -0.2093 0.9776 0.0205
vn -0.0664 0.9958 0.0634
vn -0.1206 0.9926 0.0163
vn 0.0626 0.9978 0.0198
vn 0.0103 0.9998 0.0190
vn 0.0023 1.0000 -0.0094
vn 0.2632 0.9647 0.0127
vn 0.4659 0.8845 0.0245
vn 0.6473 0.7615 0.0351
vn 0.7854 0.6188 0.0178
vn 0.8174 0.5718 0.0701
vn 0.7924 0.6099 -0.0129
vn 0.7928 0.4320 0.4299
vn 0.8262 0.5164 0.2254
vn 0.6663 0.5915 0.4541
vn 0.6962 0.6781 0.2354
vn 0.5139 0.7223 0.4627
vn 0.5387 0.8079 0.2387
vn 0.3574 0.8138 0.4583
vn 0.3599 0.9046 0.2282
vn 0.2358 0.8700 0.4330
vn 0.1371 0.9676 0.2120
vn 0.1011 0.8991 0.4259
vn -0.0767 0.9780 0.1939
vn -0.2885 0.9450 0.1544
vn -0.4750 0.8738 0.1041
vn 0.7041 0.3278 0.6300
vn 0.4726 0.3287 0.8177
vn 0.5843 0.4640 0.6658
vn 0.3492 0.4303 0.8324
vn 0.4441 0.5842 0.6793
vn 0.2128 0.5107 0.8330
vn 0.4575 0.1265 0.8802
vn 0.2740 0.1357 0.9521
vn 0.3640 0.2165 0.9059
vn 0.1824 0.2041 0.9618
vn 0.2577 0.2997 0.9186
vn 0.0835 0.2698 0.9593
vn 0.1401 0.3770 0.9156
vn -0.0274 0.3372 0.9410
vn 0.0075 0.4516 0.8922
vn -0.1549 0.4109 0.8984
vn -0.1428 0.5256 0.8386
vn -0.2999 0.4942 0.8160
vn -0.3066 0.5984 0.7403
vn -0.4681 0.5933 0.6549
vn -0.4823 0.6689 0.5657
vn -0.6070 0.7121 0.3528
vn -0.6131 0.7463 0.2590
vn -0.2843 0.2653 0.9213
vn -0.2852 0.3141 0.9055
vn -0.0229 0.1201 0.9925
vn 0.0316 0.1917 0.9809
vn -0.0951 0.1717 0.9806
vn -0.0592 0.2440 0.9680
vn -0.1816 0.2328 0.9554
vn -0.1671 0.3135 0.9348
vn -0.2953 0.3982 0.8685
vn -0.4477 0.5106 0.7341
vn -0.1234 0.1339 0.9833
vn -0.1948 0.1892 0.9624
vn 0.0522 0.0042 0.9986
vn 0.1038 -0.0408 0.9938
vn 0.1686 -0.0335 0.9851
vn 0.1477 0.0455 0.9880
vn 0.0626 0.1013 0.9929
vn 0.0984 0.0154 0.9950
vn 0.0362 0.0670 0.9971
vn -0.0604 0.0849 0.9946
vn 0.0671 -0.0524 0.9964
vn 0.0079 0.0014 1.0000
vn 0.2235 -0.0122 0.9746
vn 0.1250 0.1418 0.9820
vn 0.2056 0.0838 0.9750
vn 0.2824 0.0150 0.9592
vn -0.7016 0.6721 -0.2365
vn -0.7143 0.6971 0.0625
vn -0.7222 0.6806 0.1234
vn -0.6632 0.6495 0.3718
vn -0.4089 0.3291 -0.8512
vn -0.4152 0.4298 -0.8018
vn -0.4067 0.4194 -0.8116
vn -0.5011 0.5120 -0.6977
vn -0.3549 0.1556 -0.9219
vn -0.2035 0.1609 -0.9658
vn -0.2421 0.2362 -0.9411
vn -0.6584 0.6111 0.4394
vn -0.5448 0.5007 0.6726
vn -0.4225 0.4203 0.8030
vn -0.5609 0.5596 0.6101
vn -0.5888 0.5865 0.5563
vn -0.6759 0.6868 0.2674
vn -0.8273 -0.0542 -0.5592
vn -0.9600 -0.1774 -0.2166
vn -0.9813 -0.0050 -0.1924
vn -0.9709 0.1724 -0.1661
vn -0.5708 0.0835 -0.8168
vn -0.3622 0.2392 -0.9009
vn -0.6256 0.2981 -0.7210
vn -0.5928 0.1866 -0.7834
vn -0.8638 0.2405 -0.4428
vn -0.8564 0.0913 -0.5082
vn -0.8640 0.4991 -0.0661
vn -0.8708 0.4905 -0.0345
vn -0.8302 0.3848 -0.4033
vn -0.9096 0.3525 -0.2199
vn -0.9386 0.3261 -0.1123
vn -0.7608 0.6486 -0.0234
vn -0.7609 0.6484 -0.0234
vn -0.8199 0.5724 -0.0111
vn -0.5958 0.8031 -0.0032
vn -0.6472 0.7623 0.0053
vn -0.6272 0.7778 0.0407
vn -0.7197 0.6943 0.0043
vn 0.3024 0.6719 0.6761
vn 0.1857 0.7196 0.6691
vn 0.0433 0.5975 0.8007
vn 0.0689 0.7686 0.6360
vn -0.1275 0.6655 0.7354
vn -0.1087 0.8089 0.5779
vn -0.3105 0.7147 0.6267
vn -0.3082 0.8239 0.4757
vn -0.4909 0.7430 0.4548
vn -0.4915 0.8058 0.3304
vn -0.6314 0.7608 0.1501
vn -0.6358 0.7668 0.0888
vn -0.7555 0.6537 -0.0437
vn -0.4100 0.9119 0.0191
vn -0.4180 0.9083 -0.0180
vn -0.4529 0.8910 0.0299
vn -0.5236 0.8518 0.0146
vn -0.5903 0.8070 0.0174
vn -0.0898 0.9200 0.3815
vn -0.2995 0.9035 0.3066
vn -0.4850 0.8495 0.2075
vn -0.7208 0.6879 -0.0845
vn -0.7329 0.6743 -0.0903
vn -0.7190 0.6305 -0.2925
vn -0.7403 0.6191 -0.2621
vn -0.6951 0.5498 -0.4633
vn -0.7606 0.5288 -0.3767
vn -0.6538 0.4143 -0.6332
vn -0.6859 0.7263 0.0447
vn -0.6917 0.7076 0.1443
vn -0.4187 0.4653 0.7799
vn -0.5857 0.6387 0.4990
vn -0.7124 0.7016 -0.0176
vn -0.6898 0.6583 -0.3013
vn -0.6252 0.5800 -0.5223
vn -0.5540 0.5030 -0.6634
vn -0.4839 0.4197 -0.7680
vn -0.6130 0.6691 0.4201
vn -0.6968 0.7173 0.0002
vn -0.7629 0.6465 -0.0000
vn -0.8738 0.4862 -0.0000
vn -0.8224 0.5689 -0.0008
vn -0.7631 0.6463 -0.0003
vn -0.9251 -0.3786 0.0299
vn -0.9191 0.3940 -0.0000
vn -0.9543 0.2988 -0.0117
vn -0.9779 0.2091 0.0100
vn -0.9964 0.0829 -0.0162
vn -0.9409 -0.3384 -0.0107
vn -0.9998 -0.0117 0.0174
vn -0.9914 -0.1296 -0.0182
vn -0.9743 -0.2254 0.0008
vn 0.6870 -0.7266 0.0090
vn 0.5863 -0.8092 0.0382
vn 0.3356 -0.9416 0.0269
vn 0.3965 -0.9175 0.0326
vn 0.5263 -0.8503 -0.0030
vn 0.5174 -0.8539 0.0558
vn -0.3276 -0.9444 0.0271
vn -0.2950 -0.9555 0.0014
vn -0.2179 -0.9759 0.0109
vn -0.1081 -0.9940 -0.0194
vn -0.0147 -0.9992 0.0376
vn 0.1062 -0.9942 -0.0157
vn 0.1934 -0.9804 0.0382
vn 0.3113 -0.9501 -0.0190
vn -0.5186 -0.8545 0.0312
vn -0.4920 -0.8706 0.0032
vn -0.4063 -0.9130 0.0380
vn -0.7117 -0.7023 0.0126
vn -0.6754 -0.7373 0.0128
vn -0.5970 -0.8012 0.0405
vn -0.8709 -0.4914 -0.0028
vn -0.8106 -0.5807 0.0758
vn -0.7324 -0.6741 -0.0957
vn 0.8871 -0.4616 0.0028
vn 0.8340 -0.5518 -0.0026
vn 0.7924 -0.6097 -0.0161
vn 0.9261 -0.3768 -0.0191
vn 0.9613 -0.2754 0.0023
vn 0.9873 -0.1579 -0.0146
vn 0.9951 -0.0928 0.0343
vn 0.9990 0.0410 -0.0150
vn 0.9928 0.1049 0.0584
vn 0.9710 0.2385 -0.0189
vn 0.9601 0.2697 0.0733
vn 0.9195 0.3930 -0.0000
vn 0.8857 0.4641 0.0134
vn 0.8367 0.5477 0.0044
vn 0.4091 0.9125 -0.0032
vn 0.7527 0.6583 -0.0085
vn 0.5950 0.8037 -0.0047
vn 0.0837 0.9965 0.0042
vn 0.2219 0.9748 -0.0221
vn -0.1143 0.9934 -0.0018
vn -0.3355 0.9420 -0.0004
vn -0.5312 0.8472 -0.0011
vn -0.7638 0.6454 0.0001
vn -0.6985 0.7156 -0.0001
vn -0.8228 0.5683 0.0007
vn -0.9180 0.3965 0.0006
vn -0.8945 -0.4470 -0.0000
vn -0.9815 -0.1267 0.1437
vn -0.9734 -0.2291 0.0007
vn -0.9434 -0.3311 0.0207
vn -0.9200 -0.3920 0.0005
vn -0.9905 0.1292 0.0468
vn -0.9821 0.1881 -0.0062
vn -0.9951 0.0899 0.0400
vn -0.9987 -0.0512 0.0052
vn -0.9930 -0.1167 0.0191
vn -0.9539 0.2981 0.0349
vn 0.5266 -0.8497 0.0257
vn 0.5242 -0.8510 0.0315
vn 0.4831 -0.8755 0.0110
vn -0.5118 -0.8589 0.0197
vn -0.8231 -0.5555 0.1178
vn -0.7965 -0.5992 0.0806
vn -0.7952 -0.6063 0.0026
vn -0.7531 -0.6579 -0.0022
vn -0.7121 -0.7016 -0.0256
vn -0.7154 -0.6975 0.0410
vn -0.6602 -0.7504 0.0328
vn -0.6283 -0.7779 0.0071
vn -0.5642 -0.8257 0.0005
vn -0.5124 -0.8585 0.0219
vn -0.4695 -0.8829 0.0028
vn -0.3970 -0.9177 0.0101
vn -0.4027 -0.9151 0.0196
vn -0.3365 -0.9417 0.0012
vn -0.2933 -0.9560 0.0082
vn -0.2299 -0.9732 0.0048
vn -0.1647 -0.9863 0.0011
vn 0.0701 -0.9972 0.0267
vn 0.0148 -0.9999 0.0068
vn -0.1666 -0.9860 0.0081
vn -0.1175 -0.9930 0.0123
vn -0.0489 -0.9988 0.0086
vn 0.3062 -0.9518 0.0179
vn 0.0704 -0.9972 0.0267
vn 0.1334 -0.9910 0.0053
vn 0.2505 -0.9681 0.0055
vn 0.3096 -0.9508 0.0142
vn 0.3532 -0.9355 0.0112
vn 0.4136 -0.9103 0.0129
vn 0.4203 -0.9074 0.0003
vn 0.6279 -0.7783 -0.0048
vn 0.6595 -0.7517 -0.0039
vn 0.6841 -0.7294 0.0076
vn 0.5841 -0.8116 0.0114
vn 0.8425 -0.5380 0.0267
vn 0.6957 -0.7184 0.0031
vn 0.7349 -0.6770 0.0402
vn 0.7568 -0.6534 -0.0175
vn 0.8096 -0.5869 0.0079
vn 0.9871 0.1574 -0.0283
vn 0.9150 0.4035 -0.0043
vn 0.9568 0.2898 -0.0234
vn 0.9723 0.2338 0.0056
vn 0.9986 0.0196 0.0500
vn 0.9997 0.0162 0.0189
vn 0.9966 0.0808 -0.0145
vn 0.9924 0.1174 -0.0375
vn 0.9290 -0.3695 0.0214
vn 0.9621 -0.2728 0.0032
vn 0.9856 -0.1682 0.0180
vn 0.9961 -0.0876 -0.0140
vn 0.8346 0.5509 -0.0035
vn 0.8896 0.4565 -0.0130
vn 0.7950 0.6062 -0.0217
vn 0.7178 0.6963 0.0020
vn 0.6436 0.7649 -0.0246
vn 0.5519 0.8339 0.0015
vn 0.4629 0.8864 -0.0073
vn 0.3547 0.9350 0.0068
vn 0.2438 0.9697 -0.0161
vn 0.1973 0.9800 0.0244
vn 0.1099 0.9939 -0.0050
vn 0.0323 0.9995 0.0070
vn -0.0425 0.9988 -0.0229
vn -0.1615 0.9869 0.0019
vn -0.2635 0.9645 -0.0172
vn -0.3649 0.9310 0.0084
vn -0.5542 0.8324 0.0024
vn -0.4650 0.8853 -0.0057
vn -0.8743 0.4854 -0.0005
vn -0.6972 0.7168 -0.0075
vn -0.7628 0.6466 -0.0025
vn -0.8228 0.5683 -0.0029
vn 0.0856 -0.9963 0.0039
vn -0.1390 -0.9903 0.0084
vn -0.1000 -0.9950 -0.0013
vn -0.0815 -0.9967 0.0036
vn 0.3583 -0.9336 0.0075
vn 0.4230 -0.9061 -0.0078
vn 0.4003 -0.9164 -0.0002
vn 0.5887 -0.8083 0.0037
vn 0.6797 -0.7335 0.0026
vn 0.6771 -0.7358 0.0054
vn 0.5583 -0.8296 0.0004
vn 0.5340 -0.8455 -0.0060
vn 0.6882 -0.7254 0.0090
vn 0.7002 -0.7139 -0.0104
vn 0.4230 -0.9061 -0.0074
vn 0.4797 -0.8774 0.0036
vn 0.5341 -0.8454 -0.0064
vn 0.1529 -0.9882 -0.0034
vn 0.2020 -0.9794 -0.0017
vn 0.2469 -0.9690 0.0039
vn 0.2577 -0.9662 0.0024
vn 0.3058 -0.9520 0.0163
vn -0.2110 -0.9775 0.0041
vn -0.2436 -0.9699 0.0040
vn -0.2649 -0.9643 -0.0073
vn -0.4230 -0.9061 -0.0024
vn -0.3720 -0.9282 -0.0099
vn -0.3974 -0.9176 -0.0011
vn -0.3560 -0.9344 0.0114
vn -0.3210 -0.9469 0.0188
vn -0.9618 -0.2737 -0.0016
vn -0.9850 -0.1174 0.1265
vn -0.9012 -0.4333 -0.0118
vn -0.8077 -0.5896 -0.0008
vn 0.7320 -0.6813 -0.0076
vn -0.5848 -0.8112 -0.0023
vn -0.5847 -0.8112 -0.0023
vn -0.5569 -0.8306 -0.0009
vn -0.5236 -0.8519 -0.0057
vn -0.4836 -0.8753 0.0046
vn 0.0726 -0.9974 -0.0009
vn 0.1131 -0.9935 -0.0095
vn -0.0754 -0.9972 -0.0030
vn -0.0263 -0.9996 0.0075
vn 0.0119 -0.9999 0.0125
vn -0.9684 -0.2490 -0.0147
vn -0.9312 -0.3642 -0.0141
vn -0.8945 -0.4461 -0.0280
vn -0.8884 -0.4588 -0.0139
vn -0.8356 -0.5493 0.0007
vn -0.7819 -0.6234 -0.0070
vn -0.9514 0.3061 0.0337
vn -0.9514 0.3060 0.0337
vn -0.9712 0.2379 0.0113
vn -0.9901 0.1401 -0.0113
vn -0.9975 0.0710 -0.0058
vn -0.9982 -0.0582 -0.0140
vn -0.9967 -0.0800 -0.0125
vn -0.9856 -0.1689 -0.0023
vn -0.9696 -0.2438 -0.0205
vn -0.7819 -0.6233 -0.0068
vn -0.7350 -0.6781 0.0023
vn -0.6893 -0.7245 -0.0006
vn -0.6731 -0.7396 0.0003
vn -0.6434 -0.7647 0.0359
vn -0.1241 -0.9923 -0.0033
vn -0.1714 -0.9562 -0.2371
vn -0.0495 -0.9811 -0.1873
vn -0.1569 -0.9727 -0.1709
vn -0.0367 -0.9913 -0.1263
vn -0.1440 -0.9832 -0.1124
vn -0.1338 -0.9885 -0.0709
vn -0.0363 -0.9961 -0.0808
vn -0.1266 -0.9914 -0.0345
vn -0.0218 -0.9990 -0.0400
vn -0.1250 -0.9920 -0.0201
vn -0.0308 -0.9993 -0.0225
vn -0.0317 -0.9995 -0.0045
vn -0.1423 -0.0192 -0.9896
vn -0.2154 -0.0474 -0.9754
vn -0.1629 -0.0208 -0.9864
vn -0.1907 -0.0257 -0.9813
vn -0.1879 -0.0004 -0.9822
vn -0.0875 -0.0003 -0.9962
vn -0.1386 -0.0346 -0.9897
vn -0.0879 -0.0514 -0.9948
vn -0.2332 -0.1280 -0.9640
vn -0.0820 -0.0524 -0.9953
vn -0.2417 -0.2059 -0.9483
vn -0.1006 -0.1369 -0.9855
vn -0.2354 -0.2129 -0.9483
vn -0.1099 -0.2351 -0.9657
vn -0.2521 -0.3278 -0.9105
vn -0.1148 -0.3459 -0.9312
vn -0.2570 -0.4350 -0.8629
vn -0.1263 -0.4619 -0.8779
vn -0.2593 -0.5549 -0.7904
vn -0.1135 -0.5803 -0.8065
vn -0.2634 -0.6581 -0.7053
vn -0.1213 -0.6807 -0.7225
vn -0.2447 -0.7446 -0.6211
vn -0.0994 -0.6930 -0.7141
vn -0.2314 -0.8223 -0.5199
vn -0.0994 -0.7638 -0.6377
vn -0.2262 -0.8243 -0.5190
vn -0.0917 -0.8476 -0.5227
vn -0.2137 -0.8672 -0.4498
vn -0.0819 -0.8846 -0.4592
vn -0.2003 -0.9079 -0.3681
vn -0.0772 -0.9228 -0.3775
vn -0.1840 -0.9357 -0.3009
vn -0.0573 -0.9454 -0.3207
vn -0.0623 -0.9640 -0.2585
vn -0.3553 -0.9347 -0.0123
vn -0.6148 -0.7887 0.0003
vn -0.8277 -0.0545 -0.5586
vn -0.7461 -0.0825 -0.6607
vn -0.7966 -0.1656 -0.5814
vn -0.3640 -0.0175 -0.9312
vn -0.2971 -0.0141 -0.9547
vn -0.3212 -0.0333 -0.9464
vn -0.4747 -0.8307 -0.2909
vn -0.5120 -0.7591 -0.4021
vn -0.3448 -0.8403 -0.4183
vn -0.5437 -0.6552 -0.5245
vn -0.3672 -0.7911 -0.4892
vn -0.3578 -0.7955 -0.4890
vn -0.5434 -0.2247 -0.8088
vn -0.3727 -0.1754 -0.9112
vn -0.3890 -0.2761 -0.8789
vn -0.5669 -0.3701 -0.7360
vn -0.3959 -0.3893 -0.8317
vn -0.4018 -0.5053 -0.7637
vn -0.5626 -0.5295 -0.6349
vn -0.3997 -0.6234 -0.6721
vn -0.3884 -0.7108 -0.5864
vn -0.3716 -0.1426 -0.9174
vn -0.5107 -0.1169 -0.8518
vn -0.4042 -0.0966 -0.9095
vn -0.4718 -0.0383 -0.8809
vn -0.4149 -0.0112 -0.9098
vn -0.7835 -0.5624 -0.2642
vn -0.7446 -0.6408 -0.1869
vn -0.8590 -0.4774 -0.1849
vn -0.8981 -0.3244 -0.2969
vn -0.8225 -0.3713 -0.4308
vn -0.8958 -0.3287 -0.2991
vn -0.8109 -0.4717 -0.3462
vn -0.8951 -0.3289 -0.3009
vn -0.8671 -0.4643 -0.1806
vn -0.8656 -0.4647 -0.1863
vn -0.8793 -0.4086 -0.2446
vn -0.7175 -0.0212 -0.6962
vn -0.7155 0.0139 -0.6985
vn -0.7519 0.0194 -0.6590
vn -0.8185 -0.2541 -0.5152
vn -0.8897 -0.1706 -0.4235
vn -0.8858 -0.1784 -0.4284
vn -0.8857 -0.1785 -0.4285
vn -0.6349 0.0043 -0.7726
vn -0.5545 0.0025 -0.8322
vn -0.6020 -0.0333 -0.7978
vn -0.8984 -0.3243 -0.2961
vn -0.8986 -0.2523 -0.3589
vn -0.8921 -0.1714 -0.4180
vn -0.7310 -0.6824 0.0019
vn -0.7757 -0.6308 -0.0193
vn -0.7758 -0.6306 -0.0195
vn -0.6714 -0.7379 -0.0688
vn -0.7892 -0.6119 -0.0523
vn -0.7128 -0.6900 -0.1255
vn -0.7520 -0.6590 -0.0125
vn -0.6329 -0.7740 -0.0211
vn -0.7445 -0.6676 0.0036
vn -0.7308 -0.6825 0.0023
vn -0.7319 -0.6814 0.0016
vn -0.6480 -0.0956 -0.7556
vn -0.6849 -0.1948 -0.7021
vn -0.7084 -0.3180 -0.6301
vn -0.7115 -0.4495 -0.5401
vn -0.6935 -0.5715 -0.4387
vn -0.6598 -0.6718 -0.3366
vn -0.6194 -0.7462 -0.2439
vn -0.5803 -0.7973 -0.1661
vn -0.5435 -0.8339 -0.0960
vn -0.5059 -0.8618 -0.0356
vn -0.4914 -0.8709 -0.0049
vn -0.2281 -0.9736 -0.0033
vn -0.2294 -0.9732 -0.0164
vn -0.3690 -0.9282 -0.0480
vn -0.2693 -0.9493 -0.1621
vn -0.4013 -0.9079 -0.1213
vn -0.4317 -0.8791 -0.2022
vn -0.2570 -0.9610 -0.1020
vn -0.2448 -0.9672 -0.0683
vn -0.2336 -0.9719 -0.0293
vn -0.3246 -0.8804 -0.3458
vn -0.3090 -0.9061 -0.2890
vn -0.2809 -0.9337 -0.2220
vn -0.8693 -0.1224 -0.4790
vn -0.8439 -0.0626 -0.5328
vn -0.8337 -0.0298 -0.5513
vn -0.8071 -0.0694 -0.5863
vn -0.7200 -0.0320 -0.6933
vn -0.7542 -0.0174 -0.6564
vn -0.5467 0.0053 -0.8373
vn -0.5060 -0.0015 -0.8625
vn -0.4483 -0.0038 -0.8939
vn -0.8141 -0.5742 -0.0872
vn -0.8140 -0.5741 -0.0882
vn -0.8384 -0.5256 -0.1442
vn -0.2407 -0.0290 -0.9702
vn -0.2243 -0.0265 -0.9742
vn 0.3291 -0.2433 -0.9124
vn 0.0399 0.0003 -0.9992
vn -0.0537 -0.0748 -0.9958
vn -0.0196 -0.0195 -0.9996
vn 0.0224 -0.0719 -0.9972
vn -0.0438 -0.0258 -0.9987
vn 0.0858 -0.9963 -0.0050
vn 0.0805 -0.9966 -0.0196
vn 0.0453 -0.9980 -0.0451
vn 0.0515 -0.9930 -0.1067
vn 0.0374 -0.9889 -0.1436
vn 0.0309 -0.9731 -0.2284
vn 0.0236 -0.9576 -0.2872
vn 0.0400 -0.9564 -0.2894
vn 0.0435 -0.9211 -0.3868
vn 0.0307 -0.8756 -0.4821
vn 0.0338 -0.8143 -0.5794
vn 0.0382 -0.7368 -0.6750
vn 0.0279 -0.6315 -0.7749
vn 0.0311 -0.5328 -0.8457
vn 0.0198 -0.5193 -0.8544
vn 0.0219 -0.4189 -0.9078
vn 0.0176 -0.2845 -0.9585
vn 0.0198 -0.1940 -0.9808
vn -0.0650 -0.0106 -0.9978
vn 0.8449 -0.0639 -0.5311
vn 0.2872 -0.2021 -0.9363
vn 0.3129 -0.3048 -0.8996
vn 0.1748 -0.2703 -0.9468
vn 0.1825 -0.6060 -0.7743
vn 0.1795 -0.4390 -0.8804
vn 0.3259 -0.4187 -0.8476
vn 0.1796 -0.8584 -0.4805
vn 0.1619 -0.9231 -0.3490
vn 0.1880 -0.7587 -0.6238
vn 0.3390 -0.5244 -0.7810
vn 0.3313 -0.6310 -0.7015
vn 0.3151 -0.7363 -0.5988
vn 0.1514 -0.1163 -0.9816
vn 0.1297 -0.0126 -0.9915
vn 0.1738 -0.0133 -0.9847
vn 0.2813 -0.1176 -0.9524
vn 0.2576 -0.0603 -0.9644
vn 0.2413 -0.0071 -0.9704
vn 0.2306 -0.9730 -0.0040
vn 0.2558 -0.9593 -0.1195
vn 0.1471 -0.9875 -0.0560
vn 0.1566 -0.9760 -0.1510
vn 0.2949 -0.7930 -0.5330
vn 0.2998 -0.8587 -0.4156
vn 0.2891 -0.8948 -0.3403
vn 0.1618 -0.9551 -0.2482
vn 0.2740 -0.9296 -0.2464
vn 0.2483 -0.9470 -0.2039
vn 0.2386 -0.9664 -0.0953
vn 0.2550 -0.9662 -0.0368
vn 0.2331 -0.9724 -0.0139
vn 0.5815 -0.8135 -0.0022
vn 0.6768 -0.7361 0.0026
vn 0.6765 -0.7364 0.0029
vn 0.6801 -0.7331 -0.0027
vn 0.5886 -0.8079 -0.0286
vn 0.6877 -0.7259 -0.0126
vn 0.6132 -0.7851 -0.0874
vn 0.7191 -0.6894 -0.0873
vn 0.7050 -0.7066 -0.0611
vn 0.6875 -0.7256 -0.0292
vn 0.6405 -0.7516 -0.1573
vn 0.7452 -0.6504 -0.1473
vn 0.7327 -0.6705 -0.1169
vn 0.6695 -0.7042 -0.2365
vn 0.7736 -0.5947 -0.2188
vn 0.7599 -0.6239 -0.1823
vn 0.6992 -0.6336 -0.3312
vn 0.7991 -0.5222 -0.2979
vn 0.7870 -0.5604 -0.2582
vn 0.7226 -0.5375 -0.4346
vn 0.8163 -0.4346 -0.3806
vn 0.8084 -0.4810 -0.3393
vn 0.7320 -0.4208 -0.5358
vn 0.8203 -0.3347 -0.4638
vn 0.8194 -0.3872 -0.4228
vn 0.8089 -0.2354 -0.5387
vn 0.7227 -0.2967 -0.6242
vn 0.7976 -0.1919 -0.5719
vn 0.6969 -0.1815 -0.6938
vn 0.7835 -0.1461 -0.6039
vn 0.6602 -0.0875 -0.7460
vn 0.7667 -0.1075 -0.6330
vn 0.8157 -0.2866 -0.5024
vn 0.5086 -0.0048 -0.8610
vn 0.5609 -0.0071 -0.8279
vn 0.6750 -0.0092 -0.7377
vn 0.5662 -0.0144 -0.8242
vn 0.5998 -0.0168 -0.8000
vn 0.6773 -0.0073 -0.7357
vn 0.7284 -0.0367 -0.6842
vn 0.7468 -0.0682 -0.6615
vn 0.4728 -0.6786 -0.5621
vn 0.4477 -0.7844 -0.4294
vn 0.4797 -0.5385 -0.6927
vn 0.4723 -0.3909 -0.7900
vn 0.4504 -0.2395 -0.8601
vn 0.3633 -0.9316 -0.0106
vn 0.3784 -0.9164 -0.1300
vn 0.3626 -0.9306 -0.0493
vn 0.3801 -0.0378 -0.9242
vn 0.5047 -0.0312 -0.8627
vn 0.4122 -0.1131 -0.9040
vn 0.5476 -0.1042 -0.8302
vn 0.5853 -0.2111 -0.7829
vn 0.6120 -0.3441 -0.7121
vn 0.6207 -0.4850 -0.6161
vn 0.6097 -0.6131 -0.5023
vn 0.5847 -0.7141 -0.3850
vn 0.4192 -0.8532 -0.3105
vn 0.5543 -0.7845 -0.2779
vn 0.3949 -0.8914 -0.2224
vn 0.5261 -0.8292 -0.1888
vn 0.5009 -0.8586 -0.1093
vn 0.4818 -0.8753 -0.0416
vn 0.4752 -0.8799 -0.0069
vn 0.3057 -0.0020 -0.9521
vn 0.3786 -0.0038 -0.9256
vn 0.4493 -0.0036 -0.8934
vn 0.4491 -0.0020 -0.8935
vn 0.4512 -0.0023 -0.8924
vn 0.8326 -0.5538 0.0044
vn 0.8320 -0.5547 0.0004
vn 0.7530 -0.6580 0.0038
vn 0.9263 -0.2912 -0.2390
vn 0.9253 -0.3364 -0.1752
vn 0.8788 -0.3737 -0.2968
vn 0.7632 -0.6462 -0.0045
vn 0.7776 -0.6284 -0.0196
vn 0.8157 -0.0442 -0.5769
vn 0.7254 -0.0141 -0.6882
vn 0.7578 -0.0166 -0.6522
vn 0.8524 -0.1244 -0.5078
vn 0.8712 -0.1986 -0.4490
vn 0.8850 -0.2895 -0.3647
vn 0.8646 -0.4538 -0.2155
vn 0.8412 -0.5192 -0.1511
vn 0.8192 -0.5659 -0.0929
vn 0.7945 -0.6050 -0.0518
vn 0.9196 -0.3519 -0.1748
vn 0.9298 -0.2320 -0.2856
vn 0.9168 -0.1702 -0.3614
vn 0.9047 -0.1065 -0.4125
vn 0.9045 -0.1092 -0.4122
vn 0.8807 -0.0622 -0.4697
vn 0.8533 -0.0049 -0.5214
vn 0.8053 -0.0158 -0.5927
vn 0.7306 -0.6827 0.0155
vn 0.7524 -0.6582 0.0258
vn 0.7935 -0.6086 0.0008
vn 0.8261 -0.5635 0.0066
vn 0.8406 -0.5416 0.0107
vn 0.8453 -0.5339 -0.0192
vn 0.8388 -0.5441 -0.0177
vn 0.8361 -0.5485 -0.0076
vn 0.8996 -0.4064 -0.1601
vn 0.8803 -0.4659 -0.0899
vn 0.8718 -0.4821 -0.0875
vn 0.8571 -0.5099 -0.0731
vn 0.9474 -0.3200 0.0011
vn 0.9474 -0.3201 0.0015
vn 0.9009 -0.4335 -0.0231
vn 0.9111 -0.0400 -0.4102
vn 0.9307 -0.3525 -0.0974
vn 0.9540 -0.0339 -0.2979
vn 0.9624 -0.0558 -0.2657
vn 0.9455 -0.1402 -0.2939
vn 0.9764 -0.0935 -0.1949
vn 0.9392 0.0019 -0.3435
vn 0.9446 -0.0260 -0.3271
vn 0.9443 -0.0319 -0.3275
vn 0.9780 -0.0940 -0.1864
vn 0.9759 -0.1031 -0.1923
vn 0.9738 -0.1477 -0.1729
vn 0.9726 -0.1972 -0.1231
vn 0.9713 -0.2029 -0.1239
vn 0.9691 -0.2093 -0.1302
vn 0.9672 -0.2337 -0.0992
vn 0.8730 -0.4874 0.0163
vn 0.9204 -0.3911 -0.0005
vn 0.9018 -0.4322 -0.0006
vn 0.9307 -0.3657 0.0011
vn 0.9656 -0.2571 -0.0377
vn 0.9624 -0.2694 -0.0337
vn 0.9498 -0.3103 -0.0398
vn 0.9292 -0.3695 0.0075
vn 0.9244 -0.3813 0.0100
vn 0.9229 -0.3848 0.0122
vn 0.9186 -0.3951 0.0044
vn 0.9186 -0.3952 0.0033
vn 0.8969 0.0078 -0.4421
vn 0.8607 -0.0075 -0.5090
vn 0.8392 -0.0168 -0.5436
vn 0.9281 0.3667 0.0644
vn 0.9103 -0.4138 0.0101
vn 0.8143 -0.5804 0.0011
vn 0.9711 -0.2385 0.0004
vn 0.9994 -0.0297 0.0148
vn 0.9901 0.1366 -0.0335
vn 0.9998 0.0152 0.0085
vn 0.9976 -0.0696 0.0003
vn 0.9966 -0.0794 -0.0217
vn 0.9896 0.1390 -0.0366
vn 0.9743 0.2233 0.0285
vn 0.9566 0.2909 -0.0173
vn 0.9403 0.3399 0.0185
vn 0.9835 -0.1806 -0.0052
vn 0.9568 -0.2902 -0.0164
vn 0.9567 -0.2904 -0.0174
vn 0.9292 0.3694 -0.0088
vn 0.8461 0.5329 -0.0110
vn 0.9041 0.0399 0.4255
vn 0.8702 0.0546 0.4897
vn 0.8841 0.1405 0.4457
vn 0.9461 0.0542 0.3194
vn 0.9333 0.0645 0.3532
vn 0.9435 0.0879 0.3194
vn 0.8893 0.2154 0.4034
vn 0.9429 0.0952 0.3192
vn 0.8887 0.2148 0.4050
vn 0.9489 0.1480 0.2787
vn 0.8832 0.2318 0.4077
vn 0.9470 0.2115 0.2417
vn 0.8769 0.2346 0.4195
vn 0.9443 0.2250 0.2403
vn 0.8920 0.3111 0.3280
vn 0.9466 0.2664 0.1814
vn 0.8851 0.4088 0.2225
vn 0.9440 0.3138 0.1019
vn 0.8826 0.4130 0.2247
vn 0.9427 0.3169 0.1046
vn 0.8783 0.4565 0.1422
vn 0.9414 0.3225 0.0984
vn 0.8586 0.5098 0.0536
vn 0.8567 0.5133 0.0512
vn 0.9414 0.3323 0.0575
vn 0.8476 0.5306 -0.0076
vn 0.9327 0.3607 -0.0016
vn 0.8544 0.5190 0.0252
vn 0.9337 0.3579 0.0097
vn 0.9340 0.3572 0.0101
vn 0.3735 0.9272 0.0293
vn 0.3157 0.9485 0.0267
vn -0.3343 0.9417 0.0382
vn -0.4422 0.8955 0.0508
vn -0.4560 0.8862 0.0820
vn -0.4810 0.8298 0.2828
vn -0.4809 0.8756 0.0443
vn -0.5775 0.8147 -0.0534
vn -0.2627 0.9627 0.0650
vn -0.2631 0.9625 0.0661
vn -0.1571 0.9861 0.0547
vn -0.0425 0.9947 0.0937
vn -0.0376 0.9966 0.0728
vn 0.0436 0.9980 0.0449
vn 0.1813 0.9826 0.0416
vn 0.2646 0.9627 0.0570
vn 0.5693 0.8221 0.0059
vn 0.4888 0.8675 0.0925
vn 0.4341 0.9009 -0.0060
vn 0.3868 0.9173 -0.0950
vn 0.3865 0.9221 0.0185
vn 0.7927 0.6096 -0.0040
vn 0.7227 0.6911 -0.0044
vn -0.9088 0.4172 -0.0081
vn -0.8159 0.5781 -0.0063
vn -0.9778 0.0126 0.2090
vn -0.9874 0.0240 0.1561
vn -0.9894 0.0341 0.1413
vn -0.9582 0.1052 0.2659
vn -0.9554 0.0336 0.2934
vn -0.9241 -0.0906 0.3713
vn -0.9095 0.0427 0.4136
vn -0.9288 0.0356 0.3688
vn -0.9510 0.0396 0.3068
vn -0.8247 0.2228 0.5198
vn -0.7847 0.0771 0.6151
vn -0.7985 0.0794 0.5967
vn -0.8321 0.0575 0.5517
vn -0.8885 0.0536 0.4558
vn -0.9064 0.1531 0.3937
vn -0.7410 0.3668 0.5625
vn -0.7256 0.2586 0.6376
vn -0.7305 0.2393 0.6396
vn -0.7453 0.1831 0.6411
vn -0.7009 -0.1278 0.7017
vn -0.6878 0.0625 0.7232
vn -0.7460 0.4529 0.4882
vn -0.8483 0.3670 0.3817
vn -0.7518 0.4531 0.4791
vn -0.8433 0.4866 0.2283
vn -0.7372 0.6011 0.3085
vn -0.7562 0.5379 0.3727
vn -0.7088 0.6934 0.1299
vn -0.7087 0.6934 0.1299
vn -0.8260 0.5553 0.0972
vn -0.7255 0.6551 0.2111
vn -0.7311 0.6151 0.2953
vn -0.7050 0.7051 0.0757
vn -0.8163 0.5773 0.0200
vn -0.6953 0.7186 0.0115
vn -0.6877 0.7259 -0.0080
vn -0.6894 0.7244 -0.0068
vn -0.9927 0.1165 0.0320
vn -0.9670 0.2499 0.0493
vn -0.9923 0.1195 0.0320
vn -0.9662 0.2253 0.1252
vn -0.9927 0.1047 0.0594
vn -0.9905 0.1021 0.0916
vn -0.9880 0.0590 0.1425
vn -0.9872 0.0616 0.1470
vn -0.9621 0.1740 0.2101
vn -0.9868 0.0616 0.1499
vn -0.9895 0.0834 0.1178
vn -0.9900 0.1041 0.0949
vn -0.9169 0.2687 0.2950
vn -0.9174 0.3575 0.1746
vn -0.9106 0.4071 0.0717
vn -0.9065 0.4220 0.0105
vn -0.9986 0.0530 -0.0064
vn -0.9981 0.0610 -0.0064
vn -0.9706 0.2404 -0.0069
vn -0.9679 0.2514 0.0041
vn -0.9971 0.0763 -0.0082
vn -0.9980 0.0623 -0.0045
vn -0.9947 0.1014 0.0145
vn -0.9947 0.1027 -0.0012
vn -0.9962 0.0870 0.0014
vn -0.9962 -0.0048 0.0864
vn -0.9993 -0.0003 0.0363
vn -1.0000 -0.0028 0.0049
vn -0.9943 0.0063 0.1068
vn -0.9973 0.0019 -0.0734
vn -0.9991 -0.0114 -0.0415
vn -0.9993 -0.0239 -0.0301
vn -0.9988 -0.0455 0.0202
vn -0.9996 0.0107 0.0259
vn -0.9995 0.0133 0.0295
vn -0.9995 -0.0016 0.0328
vn -0.9992 -0.0050 0.0393
vn -0.9992 -0.0087 0.0387
vn -0.9991 -0.0262 0.0335
vn -0.9991 -0.0288 0.0296
vn -0.9910 -0.1339 0.0016
vn -0.9921 -0.1254 -0.0009
vn -0.9920 -0.1263 -0.0007
vn -0.9936 -0.1127 0.0048
vn -0.9950 -0.0994 -0.0001
vn -0.9948 -0.1018 0.0005
vn -0.9965 -0.0826 0.0118
vn -0.9975 -0.0693 0.0097
vn -0.9971 -0.0761 0.0030
vn -0.9039 -0.4276 0.0114
vn -0.8261 -0.5635 0.0045
vn -0.9585 -0.2851 0.0083
vn -0.9949 -0.0942 -0.0352
vn -0.9954 -0.0455 -0.0843
vn -0.9800 -0.0871 -0.1790
vn -0.9497 -0.2111 -0.2313
vn -0.9436 -0.2741 -0.1859
vn -0.9797 -0.1704 -0.1055
vn -0.9354 -0.0921 -0.3414
vn -0.9447 -0.1405 -0.2964
vn -0.9718 -0.2253 -0.0692
vn -0.9293 -0.3451 -0.1319
vn -0.9085 -0.0308 -0.4168
vn -0.8394 -0.0116 -0.5433
vn -0.8395 -0.0017 -0.5434
vn -0.9412 -0.0346 -0.3361
vn -0.9009 -0.0133 -0.4339
vn -0.8623 -0.0057 -0.5064
vn -0.9651 -0.0345 -0.2597
vn -0.9244 0.0184 -0.3809
vn -0.9006 -0.0182 -0.4343
vn -0.9884 -0.0243 -0.1500
vn -0.9575 0.0010 -0.2883
vn -0.9370 0.0395 -0.3470
vn -0.9921 0.0027 -0.1254
vn -0.9834 -0.0030 -0.1813
vn -0.9737 -0.0075 -0.2277
vn -0.8752 -0.0405 -0.4821
vn -0.9885 -0.1511 -0.0070
vn -0.8195 -0.0003 -0.5731
vn -0.9668 -0.2554 0.0035
vn -0.9142 -0.4052 0.0042
vn -0.9359 -0.3520 -0.0130
vn -0.9782 -0.2079 0.0013
vn -0.9580 -0.2839 -0.0401
vn -0.8386 -0.5448 -0.0014
vn -0.8659 -0.4997 -0.0234
vn -0.8914 -0.4500 -0.0538
vn -0.9132 -0.3978 -0.0887
vn -0.8824 0.0089 -0.4703
vn -0.9292 0.0381 -0.3676
vn -0.7625 0.0019 -0.6470
vn -0.8292 0.0114 -0.5588
vn -0.8301 0.0108 -0.5575
vn -0.6897 -0.0006 -0.7241
vn -0.6080 -0.0012 -0.7940
vn -0.4273 -0.0023 -0.9041
vn -0.2622 0.0030 -0.9650
vn -0.1531 0.0019 -0.9882
vn -0.0902 0.0010 -0.9959
vn -0.0032 0.0011 -1.0000
vn -0.3313 0.0036 -0.9435
vn -0.3351 0.0001 -0.9422
vn 0.3584 -0.0036 -0.9336
vn 0.2795 -0.0007 -0.9601
vn 0.4677 -0.0039 -0.8839
vn 0.5293 -0.0018 -0.8484
vn 0.0667 -0.0013 -0.9978
vn 0.1696 -0.0014 -0.9855
vn 0.5991 -0.0003 -0.8007
vn 0.6376 -0.0003 -0.7704
vn 0.6904 0.0020 -0.7234
vn 0.8090 0.0043 -0.5878
vn 0.8686 0.0154 -0.4953
vn 0.9106 0.0020 -0.4134
vn 0.9332 -0.0148 -0.3590
vn 0.9646 0.0046 -0.2638
vn 0.9436 0.0182 -0.3306
vn 0.9322 -0.0275 -0.3609
vn 0.7478 0.0037 -0.6639
vn 0.9830 0.0709 0.1692
vn 0.9806 0.0260 0.1944
vn 0.9660 0.0318 0.2566
vn 0.9971 0.0109 0.0755
vn 0.9908 -0.0157 0.1347
vn 0.9838 0.0207 0.1782
vn 0.9993 0.0236 0.0304
vn 0.9993 0.0170 0.0342
vn 0.9999 0.0114 0.0068
vn 0.9991 0.0171 0.0386
vn 0.9973 -0.0045 -0.0735
vn 0.9995 0.0069 -0.0315
vn 0.9961 0.0075 -0.0876
vn 0.9784 0.0011 -0.2068
vn 0.9850 -0.0112 -0.1720
vn 0.9888 0.0024 -0.1493
vn 0.9961 0.0082 -0.0883
vn 0.9650 -0.0308 -0.2603
vn 0.9837 0.1265 0.1276
vn 0.9835 0.1667 0.0709
vn 0.9961 -0.0741 -0.0469
vn 0.9930 -0.1179 -0.0112
vn 0.9946 -0.0497 -0.0908
vn 0.9895 -0.0319 -0.1409
vn 0.9788 -0.2049 0.0045
vn 0.9873 -0.1590 0.0040
vn 0.9819 -0.1891 0.0072
vn 0.9985 0.0287 0.0467
vn 0.9991 0.0282 0.0316
vn 0.9998 0.0164 0.0138
vn 1.0000 0.0002 0.0027
vn 0.9999 -0.0156 -0.0007
vn 0.9833 0.1818 -0.0015
vn 0.9824 0.1853 0.0220
vn 0.9216 -0.0111 0.3881
vn 0.9845 0.0043 0.1756
vn 0.7739 0.0813 0.6281
vn 0.7904 0.0402 0.6113
vn 0.7834 -0.0081 0.6215
vn 0.8029 0.0360 0.5950
vn 0.8663 -0.0322 0.4984
vn 0.8195 0.0310 0.5723
vn 0.6221 -0.0001 0.7829
vn 0.6438 0.0979 0.7589
vn 0.7288 -0.0648 0.6817
vn 0.6694 0.0494 0.7413
vn 0.7221 0.0819 0.6869
vn 0.5373 -0.0220 0.8431
vn 0.4338 -0.0062 0.9010
vn 0.4789 0.1046 0.8716
vn 0.5207 0.1107 0.8465
vn 0.5701 0.0944 0.8161
vn 0.6043 0.1036 0.7900
vn 0.3113 0.0015 0.9503
vn 0.2227 0.2893 0.9310
vn 0.2655 0.2480 0.9317
vn 0.2843 0.1523 0.9466
vn 0.3544 0.1109 0.9285
vn 0.4243 0.1204 0.8975
vn 0.7937 0.5421 0.2760
vn 0.0783 0.7531 0.6533
vn 0.2214 0.7261 0.6510
vn 0.2116 0.4542 0.8654
vn -0.4607 0.8146 0.3524
vn -0.5898 0.7376 0.3287
vn -0.5661 0.8132 0.1352
vn -0.4607 0.8322 0.3084
vn 0.7302 0.6831 0.0136
vn 0.5886 0.8082 0.0221
vn 0.4797 0.8748 0.0683
vn 0.3964 0.9045 0.1574
vn 0.2972 0.9345 0.1960
vn 0.1794 0.9696 0.1667
vn -0.0704 0.9782 0.1956
vn 0.0306 0.9844 0.1730
vn -0.3190 0.9324 0.1700
vn -0.2195 0.9594 0.1769
vn -0.5353 0.8436 0.0427
vn -0.6702 0.1022 0.7351
vn -0.6371 0.0983 0.7645
vn -0.6185 0.1030 0.7790
vn -0.6439 0.3111 0.6991
vn -0.5833 0.1071 0.8052
vn -0.5543 0.3577 0.7516
vn -0.5401 0.1122 0.8341
vn -0.3915 0.1416 0.9092
vn -0.4398 0.1216 0.8898
vn -0.4548 0.3953 0.7981
vn -0.4429 0.1136 0.8894
vn -0.4861 0.1181 0.8659
vn -0.3331 0.2250 0.9156
vn -0.3268 0.4381 0.8374
vn -0.3065 0.2785 0.9102
vn -0.1915 0.4716 0.8608
vn -0.2024 0.3083 0.9295
vn -0.2357 0.2228 0.9459
vn -0.0477 0.5061 0.8612
vn -0.0895 0.3593 0.9289
vn -0.1277 0.3531 0.9268
vn 0.0856 0.4828 0.8715
vn 0.0280 0.3356 0.9416
vn -0.0037 0.4200 0.9075
vn 0.1564 0.3458 0.9252
vn 0.1566 0.2429 0.9573
vn 0.0816 0.3843 0.9196
vn 0.3412 0.4200 0.8409
vn 0.4634 0.3692 0.8055
vn 0.6642 0.2725 0.6961
vn 0.5637 0.3294 0.7575
vn 0.7891 0.2191 0.5738
vn -0.6519 0.4737 0.5922
vn -0.5861 0.5798 0.5660
vn -0.4702 0.6495 0.5976
vn -0.3500 0.7025 0.6197
vn -0.4411 0.8858 0.1443
vn -0.3453 0.8669 0.3595
vn -0.2105 0.9070 0.3648
vn -0.0712 0.9271 0.3679
vn -0.2119 0.7419 0.6362
vn -0.0662 0.7587 0.6481
vn 0.0616 0.9273 0.3693
vn 0.1974 0.9068 0.3726
vn 0.3273 0.8681 0.3731
vn 0.4477 0.8150 0.3680
vn 0.5553 0.7524 0.3544
vn 0.5095 0.8476 0.1483
vn 0.6699 0.6653 0.3295
vn 0.6262 0.7670 0.1399
vn 0.7609 0.6384 0.1164
vn 0.3552 0.6819 0.6394
vn 0.4756 0.6272 0.6168
vn 0.5807 0.5678 0.5835
vn 0.6902 0.4895 0.5329
vn 0.8049 0.3932 0.4444
vn -0.4025 0.0113 0.9153
vn -0.6236 0.0110 0.7817
vn -0.5169 0.0090 0.8560
vn -0.7195 0.0057 0.6945
vn -0.8035 0.0032 0.5953
vn -0.9352 0.0017 0.3542
vn -0.8741 0.0004 0.4858
vn -0.9827 0.0027 0.1854
vn -0.9982 0.0004 -0.0601
vn -0.9990 0.0004 0.0458
vn -0.9863 0.0006 -0.1651
vn -0.9670 0.0007 -0.2547
vn -0.4394 0.0002 -0.8983
vn -0.5193 -0.0006 -0.8546
vn -0.6094 0.0001 -0.7929
vn -0.6915 -0.0008 -0.7224
vn -0.7640 0.0002 -0.6452
vn -0.8247 -0.0023 -0.5656
vn -0.8733 -0.0008 -0.4871
vn -0.9163 -0.0026 -0.4006
vn -0.9445 -0.0030 -0.3285
vn -0.0529 0.0035 -0.9986
vn -0.2184 0.0001 -0.9759
vn -0.3209 -0.0061 -0.9471
vn -0.3811 -0.0023 -0.9245
vn 0.0969 0.0002 -0.9953
vn 0.5160 0.0008 -0.8566
vn 0.4218 0.0017 -0.9067
vn 0.3179 -0.0032 -0.9481
vn 0.2191 -0.0029 -0.9757
vn 0.5990 -0.0003 -0.8007
vn 0.6794 -0.0003 -0.7338
vn 0.7581 -0.0003 -0.6522
vn 0.9639 -0.0005 -0.2664
vn 0.9336 -0.0003 -0.3583
vn 0.9062 -0.0010 -0.4228
vn 0.8751 -0.0058 -0.4839
vn 0.8288 -0.0036 -0.5595
vn 0.9999 0.0015 -0.0147
vn 0.9947 -0.0015 -0.1027
vn 0.9852 -0.0008 -0.1715
s 1
f 1//1 2//1 3//1
f 4//2 5//3 6//4
f 7//5 8//6 3//7
f 3//7 8//6 9//8
f 3//7 9//8 1//9
f 6//4 10//10 8//6
f 8//6 10//10 11//11
f 8//6 11//11 9//8
f 5//3 4//2 12//12
f 4//2 13//13 14//14
f 12//12 4//2 15//15
f 15//15 4//2 14//14
f 15//15 14//14 16//16
f 17//17 18//18 4//2
f 4//2 18//18 19//19
f 4//2 19//19 13//13
f 7//5 20//20 8//6
f 8//6 20//20 21//21
f 8//6 21//21 6//4
f 6//4 21//21 22//22
f 6//4 22//22 4//2
f 4//2 22//22 23//23
f 4//2 23//23 17//17
f 24//1 25//1 26//1
f 24//24 26//25 27//26
f 27//26 26//25 28//27
f 29//28 30//29 31//30
f 31//30 30//29 32//31
f 31//30 32//31 27//26
f 27//26 32//31 33//32
f 27//26 33//32 24//24
f 34//33 35//34 29//28
f 34//33 36//35 37//36
f 35//34 34//33 38//37
f 38//37 34//33 37//36
f 38//37 37//36 39//38
f 28//27 40//39 27//26
f 27//26 40//39 41//40
f 27//26 41//40 31//30
f 31//30 41//40 42//41
f 31//30 42//41 29//28
f 29//28 42//41 43//42
f 29//28 43//42 34//33
f 34//33 43//42 44//43
f 34//33 44//43 45//44
f 45//44 46//45 34//33
f 34//33 46//45 47//46
f 34//33 47//46 36//35
f 48//47 49//47 50//47
f 50//47 49//47 51//47
f 50//47 51//47 52//47
f 53//47 54//47 50//47
f 50//47 54//47 55//47
f 50//47 55//47 48//47
f 56//47 57//47 50//47
f 50//47 57//47 58//47
f 50//47 58//47 53//47
f 59//47 60//47 50//47
f 50//47 60//47 61//47
f 50//47 61//47 56//47
f 62//47 63//47 50//47
f 50//47 63//47 64//47
f 50//47 64//47 59//47
f 65//47 66//47 50//47
f 50//47 66//47 67//47
f 50//47 67//47 62//47
f 68//47 69//47 50//47
f 50//47 69//47 70//47
f 50//47 70//47 65//47
f 52//47 71//48 50//47
f 50//47 71//48 72//48
f 50//47 72//48 68//47
f 3//49 2//50 7//51
f 7//51 2//50 73//52
f 7//51 73//52 20//53
f 20//53 73//52 74//54
f 20//53 74//54 75//55
f 75//55 76//56 20//53
f 20//53 76//56 77//57
f 20//53 77//57 21//58
f 78//59 17//60 79//61
f 79//61 17//60 23//62
f 79//61 23//62 77//57
f 77//57 23//62 22//63
f 77//57 22//63 21//58
f 78//59 80//64 17//60
f 17//60 80//64 81//65
f 17//60 81//65 18//66
f 18//66 81//65 19//19
f 19//19 81//65 82//67
f 19//19 82//67 13//13
f 82//67 83//68 13//13
f 13//13 83//68 84//69
f 13//13 84//69 14//14
f 14//14 84//69 85//70
f 14//14 85//70 16//71
f 16//71 85//70 86//72
f 16//71 86//72 15//73
f 15//74 86//75 87//76
f 15//74 87//76 12//77
f 12//77 87//76 88//78
f 12//77 88//78 5//79
f 5//79 88//78 6//80
f 6//80 88//78 89//81
f 6//80 89//81 10//82
f 10//83 89//84 90//85
f 10//83 90//85 11//86
f 90//85 91//87 11//86
f 11//86 91//87 92//88
f 11//86 92//88 9//89
f 9//89 92//88 73//52
f 9//89 73//52 1//90
f 1//90 73//52 2//50
f 26//91 25//92 28//93
f 28//93 25//92 93//94
f 28//93 93//94 40//95
f 40//95 93//94 94//96
f 40//95 94//96 95//97
f 95//97 96//98 40//95
f 40//95 96//98 97//99
f 40//95 97//99 41//100
f 98//101 43//102 97//99
f 97//99 43//102 42//103
f 97//99 42//103 41//100
f 99//104 45//105 98//101
f 98//101 45//105 44//106
f 98//101 44//106 43//102
f 99//104 100//104 45//105
f 45//107 100//108 101//109
f 45//107 101//109 46//110
f 46//110 101//109 47//46
f 47//46 101//109 102//111
f 47//46 102//111 36//35
f 102//111 103//112 36//35
f 36//35 103//112 104//113
f 36//35 104//113 37//36
f 37//36 104//113 105//114
f 37//36 105//114 39//115
f 39//115 105//114 106//116
f 39//115 106//116 38//117
f 38//117 106//116 107//118
f 38//117 107//118 35//119
f 35//119 107//118 108//120
f 35//119 108//120 29//121
f 29//121 108//120 109//122
f 29//121 109//122 30//123
f 30//124 109//125 110//126
f 30//124 110//126 32//127
f 110//126 111//128 32//127
f 32//127 111//128 112//129
f 32//127 112//129 33//130
f 33//130 112//129 93//94
f 33//130 93//94 24//131
f 24//131 93//94 25//92
f 75//132 74//133 113//134
f 113//134 74//133 73//135
f 73//135 92//136 59//137
f 59//137 92//136 91//138
f 91//138 90//139 59//137
f 59//137 90//139 89//140
f 59//137 89//140 60//141
f 89//140 88//142 60//141
f 60//141 88//142 87//143
f 60//141 87//143 61//144
f 61//144 87//143 86//145
f 61//144 86//145 85//146
f 82//147 114//148 83//149
f 83//149 114//148 61//144
f 83//149 61//144 84//150
f 84//150 61//144 85//146
f 82//147 81//151 114//148
f 114//148 81//151 80//152
f 114//148 80//152 115//153
f 115//153 80//152 78//154
f 115//153 78//154 116//155
f 116//155 78//154 79//156
f 116//155 79//156 117//157
f 117//157 79//156 77//158
f 117//157 77//158 113//134
f 113//134 77//158 76//159
f 113//134 76//159 75//132
f 48//160 98//161 49//162
f 49//162 98//161 97//163
f 49//162 97//163 96//164
f 96//164 95//165 49//162
f 49//162 95//165 94//166
f 49//162 94//166 93//167
f 118//168 112//169 111//170
f 111//170 110//171 118//168
f 118//168 110//171 109//172
f 118//168 109//172 119//173
f 109//172 108//174 119//173
f 119//173 108//174 107//175
f 119//173 107//175 120//176
f 120//176 107//175 106//177
f 120//176 106//177 121//178
f 121//178 106//177 105//179
f 121//178 105//179 104//180
f 55//181 103//182 102//183
f 102//183 101//184 55//181
f 55//181 101//184 100//185
f 55//181 100//185 48//160
f 48//160 100//185 99//186
f 48//160 99//186 98//161
f 104//180 103//182 121//178
f 121//178 103//182 55//181
f 121//178 55//181 122//187
f 122//187 55//181 54//188
f 56//189 123//190 57//190
f 57//190 123//190 124//191
f 57//190 124//191 58//1
f 58//1 124//191 125//192
f 58//1 125//192 53//193
f 53//193 125//192 126//194
f 53//193 126//194 54//188
f 54//188 126//194 127//195
f 54//188 127//195 122//187
f 114//148 128//196 61//144
f 61//144 128//196 129//197
f 61//144 129//197 56//189
f 56//189 129//197 130//198
f 56//189 130//198 123//190
f 73//135 59//137 113//134
f 113//134 59//137 64//199
f 113//134 64//199 131//199
f 131//199 64//199 63//200
f 131//199 63//200 132//201
f 132//201 63//200 133//202
f 133//202 63//200 62//203
f 133//202 62//203 134//204
f 134//204 62//203 135//205
f 135//205 62//203 67//206
f 135//205 67//206 136//207
f 136//207 67//206 66//208
f 136//207 66//208 137//209
f 137//209 66//208 138//210
f 138//210 66//208 65//211
f 138//210 65//211 139//212
f 140//213 141//214 70//215
f 70//215 141//214 142//216
f 70//215 142//216 65//211
f 65//211 142//216 143//217
f 65//211 143//217 139//212
f 140//213 70//215 144//218
f 144//218 70//215 69//219
f 144//218 69//219 145//220
f 145//220 69//219 68//221
f 145//220 68//221 146//222
f 146//222 68//221 147//223
f 147//223 68//221 72//224
f 147//223 72//224 148//225
f 148//225 72//224 149//226
f 149//226 72//224 71//227
f 149//226 71//227 150//228
f 150//228 71//227 151//229
f 151//229 71//227 52//230
f 151//229 52//230 152//231
f 152//231 52//230 153//232
f 153//232 52//230 51//233
f 153//232 51//233 154//234
f 154//234 51//233 49//162
f 154//234 49//162 118//168
f 118//168 49//162 93//167
f 118//168 93//167 112//169
f 155//235 156//236 118//237
f 157//47 154//238 158//239
f 158//239 154//238 118//237
f 158//239 118//237 159//47
f 159//47 118//237 156//236
f 160//240 161//241 124//47
f 124//47 161//241 125//242
f 131//47 132//243 162//244
f 160//240 124//47 163//47
f 163//47 124//47 123//245
f 163//47 123//245 164//246
f 164//246 123//245 130//240
f 164//246 130//240 165//247
f 136//248 166//48 135//48
f 135//48 166//48 167//249
f 135//48 167//249 134//250
f 134//250 167//249 168//47
f 134//250 168//47 133//47
f 133//47 168//47 169//251
f 133//47 169//251 132//243
f 132//243 169//251 170//252
f 132//243 170//252 162//244
f 171//238 117//238 113//47
f 172//47 173//236 137//253
f 137//253 173//236 174//243
f 137//253 174//243 136//248
f 136//248 174//243 175//254
f 136//248 175//254 166//48
f 172//47 137//253 176//47
f 176//47 137//253 138//47
f 176//47 138//47 177//48
f 153//255 178//236 152//47
f 152//47 178//236 179//236
f 152//47 179//236 151//246
f 151//246 179//236 180//47
f 151//246 180//47 150//47
f 162//244 181//47 131//47
f 131//47 181//47 182//236
f 131//47 182//236 113//47
f 113//47 182//236 183//251
f 113//47 183//251 171//238
f 180//47 184//236 150//47
f 150//47 184//236 185//47
f 150//47 185//47 149//256
f 149//256 185//47 186//257
f 149//256 186//257 148//47
f 148//47 186//257 187//47
f 148//47 187//47 147//47
f 147//47 187//47 188//48
f 147//47 188//48 146//47
f 146//47 188//48 189//258
f 146//47 189//258 145//240
f 145//240 189//258 190//259
f 145//240 190//259 144//260
f 144//260 190//259 191//261
f 144//260 191//261 140//261
f 140//261 191//261 192//261
f 140//261 192//261 141//254
f 141//254 192//261 193//244
f 141//254 193//244 142//262
f 142//262 193//244 194//236
f 142//262 194//236 143//263
f 143//263 194//236 177//48
f 143//263 177//48 139//262
f 139//262 177//48 138//47
f 157//47 195//236 154//238
f 154//238 195//236 196//47
f 154//238 196//47 153//255
f 153//255 196//47 197//251
f 153//255 197//251 178//236
f 161//241 198//264 125//242
f 125//242 198//264 199//47
f 125//242 199//47 126//246
f 126//246 199//47 200//265
f 126//246 200//265 127//266
f 127//266 200//265 201//236
f 127//266 201//236 122//265
f 122//265 201//236 202//47
f 122//265 202//47 121//47
f 121//47 202//47 203//248
f 121//47 203//248 120//239
f 120//239 203//248 204//47
f 120//239 204//47 119//244
f 119//244 204//47 205//267
f 119//244 205//267 118//237
f 118//237 205//267 206//259
f 118//237 206//259 155//235
f 171//238 207//268 117//238
f 117//238 207//268 208//236
f 117//238 208//236 116//48
f 116//48 208//236 209//47
f 116//48 209//47 115//269
f 115//269 209//47 210//270
f 115//269 210//270 114//47
f 114//47 210//270 211//268
f 114//47 211//268 128//238
f 128//238 211//268 212//47
f 128//238 212//47 129//47
f 129//47 212//47 213//47
f 129//47 213//47 130//240
f 130//240 213//47 214//47
f 130//240 214//47 165//247
f 215//271 216//271 217//271
f 218//271 219//271 217//271
f 220//271 221//271 217//271
f 217//271 221//271 222//271
f 217//271 222//271 223//271
f 217//271 224//271 225//271
f 226//271 227//271 228//271
f 223//271 229//271 217//271
f 217//271 229//271 230//271
f 217//271 230//271 231//271
f 231//271 232//271 217//271
f 217//271 232//271 233//271
f 217//271 233//271 234//271
f 235//271 217//271 236//271
f 236//271 217//271 237//271
f 238//271 239//271 217//271
f 217//271 239//271 240//271
f 217//271 240//271 224//271
f 219//271 241//271 217//271
f 217//271 241//271 242//271
f 217//271 242//271 243//271
f 220//271 244//271 221//271
f 221//271 244//271 245//271
f 221//271 245//271 226//271
f 246//271 247//271 248//271
f 249//271 250//271 221//271
f 221//271 250//271 251//271
f 221//271 251//271 252//271
f 252//271 251//271 253//271
f 234//271 254//271 217//271
f 217//271 254//271 255//271
f 217//271 255//271 256//271
f 256//271 257//271 217//271
f 217//271 257//271 258//271
f 217//271 258//271 259//271
f 259//271 260//271 217//271
f 217//271 260//271 261//271
f 217//271 261//271 237//271
f 235//271 262//271 217//271
f 217//271 262//271 263//271
f 217//271 263//271 238//271
f 225//271 264//271 217//271
f 217//271 264//271 265//271
f 217//271 265//271 266//271
f 266//271 267//271 217//271
f 217//271 267//271 268//271
f 217//271 268//271 269//271
f 269//271 270//271 217//271
f 217//271 270//271 271//271
f 217//271 271//271 272//271
f 272//271 273//271 217//271
f 217//271 273//271 274//271
f 217//271 274//271 218//271
f 243//271 275//271 217//271
f 217//271 275//271 276//271
f 217//271 276//271 277//271
f 226//271 228//271 221//271
f 221//271 228//271 278//271
f 221//271 278//271 249//271
f 253//271 251//271 248//271
f 248//271 251//271 279//271
f 248//271 279//271 246//271
f 280//271 248//271 281//271
f 281//271 248//271 282//271
f 280//271 283//271 248//271
f 248//271 283//271 284//271
f 248//271 284//271 285//271
f 285//271 284//271 286//271
f 277//271 287//271 217//271
f 217//271 287//271 288//271
f 217//271 288//271 215//271
f 215//271 288//271 289//272
f 215//271 289//272 290//271
f 247//271 291//271 248//271
f 248//271 291//271 292//271
f 248//271 292//271 293//271
f 294//271 295//271 248//271
f 248//271 295//271 296//271
f 248//271 296//271 282//271
f 293//271 297//271 248//271
f 248//271 297//271 298//271
f 248//271 298//271 299//271
f 299//271 300//271 248//271
f 248//271 300//271 301//271
f 248//271 301//271 294//271
f 302//273 303//274 304//275
f 305//276 306//277 307//278
f 308//279 309//280 310//281
f 310//281 309//280 311//282
f 310//281 311//282 312//283
f 312//283 311//282 313//284
f 314//285 315//286 316//287
f 314//285 316//287 311//282
f 311//282 316//287 317//288
f 311//282 317//288 313//284
f 318//289 319//290 320//291
f 320//291 319//290 321//292
f 320//291 321//292 314//285
f 314//285 321//292 322//293
f 314//285 322//293 315//286
f 306//277 323//294 307//278
f 307//278 323//294 324//295
f 307//278 324//295 320//291
f 320//291 324//295 325//296
f 320//291 325//296 318//289
f 305//276 307//278 326//297
f 326//297 307//278 327//298
f 326//297 327//298 328//299
f 303//274 329//300 304//275
f 304//275 329//300 330//301
f 304//275 330//301 327//298
f 327//298 330//301 331//302
f 327//298 331//302 328//299
f 302//273 304//275 332//303
f 332//303 304//275 333//304
f 332//303 333//304 334//305
f 335//306 336//307 337//308
f 337//308 336//307 338//309
f 337//308 338//309 333//304
f 333//304 338//309 339//310
f 333//304 339//310 334//305
f 340//311 341//312 342//313
f 342//313 341//312 343//314
f 342//313 343//314 337//308
f 337//308 343//314 344//315
f 337//308 344//315 335//306
f 340//311 342//313 345//316
f 345//316 342//313 346//317
f 345//316 346//317 347//318
f 348//319 349//320 350//321
f 350//321 349//320 351//322
f 350//321 351//322 346//317
f 346//317 351//322 352//323
f 346//317 352//323 347//318
f 353//324 354//325 355//326
f 356//327 357//328 358//329
f 359//330 360//331 361//332
f 362//333 363//334 364//335
f 365//336 366//337 367//338
f 368//339 369//340 370//341
f 236//342 237//343 371//344
f 260//345 259//346 372//347
f 230//348 229//349 360//331
f 373//350 374//351 375//352
f 373//350 375//352 376//353
f 376//353 375//352 377//354
f 376//353 377//354 378//355
f 379//356 380//357 377//354
f 380//357 381//358 377//354
f 377//354 381//358 382//359
f 377//354 382//359 378//355
f 383//360 384//361 385//362
f 383//360 385//362 386//363
f 387//364 388//365 389//366
f 389//366 388//365 390//367
f 391//368 392//369 393//370
f 394//371 395//372 396//373
f 396//373 397//374 394//371
f 394//371 397//374 398//375
f 394//371 398//375 391//368
f 399//376 400//377 401//378
f 401//378 400//377 402//379
f 401//378 402//379 403//380
f 403//380 402//379 404//381
f 403//380 404//381 395//372
f 395//372 404//381 405//382
f 395//372 405//382 396//373
f 286//383 399//376 285//384
f 285//384 399//376 401//378
f 285//384 401//378 248//385
f 248//385 401//378 253//386
f 229//349 223//387 360//331
f 360//331 223//387 222//388
f 360//331 222//388 361//332
f 361//332 222//388 221//389
f 361//332 221//389 252//390
f 233//391 232//392 406//393
f 406//393 232//392 231//394
f 258//395 257//396 407//397
f 407//397 257//396 256//398
f 407//397 256//398 255//399
f 260//345 372//347 261//400
f 238//401 263//402 408//403
f 408//403 263//402 262//404
f 409//405 240//406 239//407
f 264//408 225//409 409//405
f 409//405 225//409 224//410
f 409//405 224//410 240//406
f 266//411 265//412 410//413
f 410//413 265//412 264//408
f 411//414 269//415 268//416
f 273//417 272//418 412//419
f 412//419 272//418 271//420
f 412//419 271//420 270//421
f 274//422 273//417 413//423
f 413//423 273//417 412//419
f 413//423 412//419 414//424
f 414//424 412//419 415//425
f 416//426 417//427 418//428
f 418//428 417//427 419//429
f 418//428 419//429 415//425
f 415//425 419//429 420//430
f 415//425 420//430 414//424
f 421//431 422//432 423//433
f 423//433 422//432 424//434
f 423//433 424//434 425//435
f 425//435 424//434 426//436
f 425//435 426//436 418//428
f 418//428 426//436 427//437
f 418//428 427//437 416//426
f 421//431 423//433 428//438
f 428//438 423//433 429//439
f 428//438 429//439 430//440
f 430//440 429//439 431//441
f 431//441 429//439 432//442
f 431//441 432//442 433//443
f 369//340 434//444 370//341
f 370//341 434//444 435//445
f 370//341 435//445 432//442
f 432//442 435//445 436//446
f 432//442 436//446 433//443
f 437//447 438//448 439//449
f 439//449 438//448 440//450
f 439//449 440//450 441//451
f 442//452 443//453 444//454
f 444//454 443//453 445//455
f 444//454 445//455 437//447
f 437//447 445//455 446//456
f 437//447 446//456 438//448
f 447//457 442//452 448//458
f 448//458 442//452 444//454
f 448//458 444//454 449//459
f 449//459 444//454 450//460
f 451//461 363//334 452//462
f 452//462 363//334 362//333
f 452//462 362//333 393//370
f 453//463 390//367 454//464
f 454//464 390//367 388//365
f 454//464 388//365 455//465
f 455//465 388//365 456//466
f 455//465 456//466 457//467
f 457//467 456//466 458//468
f 457//467 458//468 459//469
f 459//469 458//468 460//470
f 459//469 460//470 461//471
f 461//471 460//470 462//472
f 461//471 462//472 463//473
f 451//461 464//474 465//475
f 359//330 466//476 467//477
f 467//477 466//476 465//475
f 467//477 465//475 468//478
f 468//478 465//475 464//474
f 468//478 464//474 469//479
f 391//368 393//370 394//371
f 394//371 393//370 362//333
f 394//371 362//333 395//372
f 395//372 362//333 364//335
f 395//372 364//335 403//380
f 403//380 364//335 470//480
f 403//380 470//480 401//378
f 451//461 465//475 363//334
f 363//334 465//475 466//476
f 363//334 466//476 364//335
f 364//335 466//476 359//330
f 364//335 359//330 470//480
f 470//480 359//330 361//332
f 470//480 361//332 401//378
f 401//378 361//332 252//390
f 401//378 252//390 253//386
f 231//394 230//348 406//393
f 406//393 230//348 360//331
f 406//393 360//331 471//481
f 471//481 360//331 359//330
f 471//481 359//330 472//482
f 472//482 359//330 467//477
f 472//482 467//477 473//483
f 473//483 467//477 468//478
f 473//483 468//478 474//484
f 474//484 468//478 469//479
f 474//484 469//479 475//485
f 254//486 234//487 476//488
f 476//488 234//487 233//391
f 476//488 233//391 477//489
f 477//489 233//391 406//393
f 477//489 406//393 478//490
f 478//490 406//393 471//481
f 478//490 471//481 479//491
f 479//491 471//481 472//482
f 479//491 472//482 480//492
f 480//492 472//482 473//483
f 480//492 473//483 481//493
f 481//493 473//483 474//484
f 481//493 474//484 482//494
f 482//494 474//484 475//485
f 482//494 475//485 483//495
f 483//495 475//485 484//496
f 255//399 254//486 407//397
f 407//397 254//486 476//488
f 407//397 476//488 485//497
f 485//497 476//488 477//489
f 485//497 477//489 486//498
f 486//498 477//489 478//490
f 486//498 478//490 487//499
f 487//499 478//490 479//491
f 487//499 479//491 488//500
f 488//500 479//491 480//492
f 488//500 480//492 489//501
f 489//501 480//492 481//493
f 489//501 481//493 490//502
f 490//502 481//493 482//494
f 490//502 482//494 491//503
f 491//503 482//494 483//495
f 491//503 492//504 490//502
f 490//502 492//504 493//505
f 490//502 493//505 489//501
f 489//501 493//505 494//506
f 489//501 494//506 488//500
f 488//500 494//506 495//507
f 488//500 495//507 487//499
f 487//499 495//507 496//508
f 487//499 496//508 486//498
f 486//498 496//508 497//509
f 486//498 497//509 485//497
f 485//497 497//509 498//510
f 485//497 498//510 407//397
f 407//397 498//510 372//347
f 407//397 372//347 258//395
f 258//395 372//347 259//346
f 237//343 261//400 371//344
f 371//344 261//400 372//347
f 371//344 372//347 499//511
f 499//511 372//347 498//510
f 499//511 498//510 500//512
f 500//512 498//510 497//509
f 500//512 497//509 501//513
f 501//513 497//509 496//508
f 501//513 496//508 502//514
f 502//514 496//508 495//507
f 502//514 495//507 503//515
f 503//515 495//507 494//506
f 503//515 494//506 504//516
f 504//516 494//506 493//505
f 504//516 493//505 505//517
f 505//517 493//505 492//504
f 366//337 368//339 367//338
f 367//338 368//339 370//341
f 367//338 370//341 506//518
f 506//518 370//341 432//442
f 506//518 432//442 507//519
f 507//519 432//442 429//439
f 507//519 429//439 508//520
f 508//520 429//439 423//433
f 508//520 423//433 509//521
f 509//521 423//433 425//435
f 509//521 425//435 510//522
f 510//522 425//435 418//428
f 510//522 418//428 511//523
f 511//523 418//428 415//425
f 511//523 415//425 512//524
f 512//524 415//425 412//419
f 512//524 412//419 411//414
f 411//414 412//419 270//421
f 411//414 270//421 269//415
f 513//525 514//526 515//527
f 516//528 517//529 518//530
f 518//530 517//529 355//326
f 518//530 355//326 513//525
f 513//525 355//326 354//325
f 513//525 354//325 514//526
f 519//531 520//532 521//533
f 522//534 523//535 520//532
f 520//532 523//535 524//536
f 520//532 524//536 521//533
f 521//533 524//536 525//537
f 521//533 525//537 526//538
f 526//538 525//537 527//539
f 526//538 527//539 528//540
f 528//540 527//539 529//541
f 528//540 529//541 530//542
f 530//542 529//541 531//543
f 530//542 531//543 532//544
f 532//544 531//543 533//545
f 532//544 533//545 534//546
f 534//546 533//545 535//547
f 534//546 535//547 536//548
f 536//548 535//547 537//549
f 536//548 537//549 538//550
f 538//550 537//549 539//551
f 538//550 539//551 540//552
f 540//552 539//551 408//403
f 540//552 408//403 541//553
f 541//553 408//403 262//404
f 541//553 262//404 235//554
f 519//531 521//533 542//555
f 542//555 521//533 526//538
f 542//555 526//538 543//556
f 543//556 526//538 528//540
f 543//556 528//540 505//517
f 505//517 528//540 530//542
f 505//517 530//542 504//516
f 504//516 530//542 532//544
f 504//516 532//544 503//515
f 503//515 532//544 534//546
f 503//515 534//546 502//514
f 502//514 534//546 536//548
f 502//514 536//548 501//513
f 501//513 536//548 538//550
f 501//513 538//550 500//512
f 500//512 538//550 540//552
f 500//512 540//552 499//511
f 499//511 540//552 541//553
f 499//511 541//553 371//344
f 371//344 541//553 235//554
f 371//344 235//554 236//342
f 544//557 545//558 519//531
f 519//531 545//558 546//559
f 519//531 546//559 520//532
f 520//532 546//559 547//560
f 520//532 547//560 522//534
f 522//534 547//560 548//561
f 548//561 549//562 522//534
f 522//534 549//562 550//563
f 522//534 550//563 551//564
f 551//564 552//565 553//566
f 553//566 552//565 554//567
f 555//568 556//569 557//570
f 557//570 556//569 450//460
f 264//408 409//405 410//413
f 410//413 409//405 558//571
f 410//413 558//571 559//572
f 559//572 558//571 560//573
f 559//572 560//573 561//574
f 561//574 560//573 562//575
f 561//574 562//575 563//576
f 563//576 562//575 564//577
f 563//576 564//577 565//578
f 565//578 564//577 566//579
f 565//578 566//579 567//580
f 567//580 566//579 568//581
f 567//580 568//581 569//582
f 569//582 568//581 570//583
f 569//582 570//583 571//584
f 571//584 570//583 572//585
f 571//584 572//585 573//586
f 573//586 572//585 574//587
f 573//586 574//587 575//588
f 575//588 574//587 576//589
f 575//588 576//589 577//590
f 577//590 576//589 553//566
f 577//590 553//566 557//570
f 557//570 553//566 554//567
f 557//570 554//567 555//568
f 441//451 365//336 439//449
f 439//449 365//336 367//338
f 439//449 367//338 578//591
f 578//591 367//338 506//518
f 578//591 506//518 579//592
f 579//592 506//518 507//519
f 579//592 507//519 580//593
f 580//593 507//519 508//520
f 580//593 508//520 581//594
f 581//594 508//520 509//521
f 581//594 509//521 582//595
f 582//595 509//521 510//522
f 582//595 510//522 583//596
f 583//596 510//522 511//523
f 583//596 511//523 584//597
f 584//597 511//523 512//524
f 584//597 512//524 585//598
f 585//598 512//524 411//414
f 585//598 411//414 586//599
f 586//599 411//414 268//416
f 586//599 268//416 267//600
f 450//460 444//454 557//570
f 557//570 444//454 437//447
f 557//570 437//447 577//590
f 577//590 437//447 439//449
f 577//590 439//449 575//588
f 575//588 439//449 578//591
f 575//588 578//591 573//586
f 573//586 578//591 579//592
f 573//586 579//592 571//584
f 571//584 579//592 580//593
f 571//584 580//593 569//582
f 569//582 580//593 581//594
f 569//582 581//594 567//580
f 567//580 581//594 582//595
f 567//580 582//595 565//578
f 565//578 582//595 583//596
f 565//578 583//596 563//576
f 563//576 583//596 584//597
f 563//576 584//597 561//574
f 561//574 584//597 585//598
f 561//574 585//598 559//572
f 559//572 585//598 586//599
f 559//572 586//599 410//413
f 410//413 586//599 267//600
f 410//413 267//600 266//411
f 551//564 553//566 522//534
f 522//534 553//566 576//589
f 522//534 576//589 523//535
f 523//535 576//589 574//587
f 523//535 574//587 524//536
f 524//536 574//587 572//585
f 524//536 572//585 525//537
f 525//537 572//585 570//583
f 525//537 570//583 527//539
f 527//539 570//583 568//581
f 527//539 568//581 529//541
f 529//541 568//581 566//579
f 529//541 566//579 531//543
f 531//543 566//579 564//577
f 531//543 564//577 533//545
f 533//545 564//577 562//575
f 533//545 562//575 535//547
f 535//547 562//575 560//573
f 535//547 560//573 537//549
f 537//549 560//573 558//571
f 537//549 558//571 539//551
f 539//551 558//571 409//405
f 539//551 409//405 408//403
f 408//403 409//405 239//407
f 408//403 239//407 238//401
f 375//352 587//601 377//354
f 377//354 587//601 588//602
f 377//354 588//602 589//603
f 589//603 588//602 590//604
f 591//605 592//606 593//607
f 593//607 592//606 594//608
f 593//607 594//608 595//609
f 596//610 597//611 598//612
f 597//611 599//613 598//612
f 598//612 599//613 600//614
f 598//612 600//614 601//615
f 590//604 602//604 589//603
f 589//603 602//604 603//616
f 589//603 603//616 591//605
f 591//605 603//616 604//617
f 591//605 604//617 592//606
f 605//618 606//619 607//618
f 607//618 606//619 608//620
f 605//618 609//621 606//619
f 606//619 609//621 610//622
f 606//619 610//622 611//623
f 611//623 610//622 612//624
f 611//623 612//624 358//329
f 358//329 612//624 613//625
f 358//329 613//625 356//327
f 614//626 615//627 616//628
f 616//628 615//627 617//629
f 616//628 617//629 618//630
f 619//631 598//612 620//632
f 620//632 598//612 601//615
f 620//632 601//615 614//626
f 384//361 379//356 385//362
f 385//362 379//356 377//354
f 385//362 377//354 621//633
f 621//633 377//354 589//603
f 621//633 589//603 622//634
f 622//634 589//603 591//605
f 622//634 591//605 623//635
f 623//635 591//605 593//607
f 623//635 593//607 624//636
f 387//364 386//363 388//365
f 388//365 386//363 385//362
f 388//365 385//362 456//466
f 456//466 385//362 621//633
f 456//466 621//633 458//468
f 458//468 621//633 622//634
f 458//468 622//634 460//470
f 460//470 622//634 623//635
f 460//470 623//635 462//472
f 462//472 623//635 624//636
f 462//472 624//636 463//473
f 614//626 616//628 620//632
f 620//632 616//628 625//637
f 620//632 625//637 619//631
f 358//329 626//638 611//623
f 611//623 626//638 627//639
f 611//623 627//639 606//619
f 606//619 627//639 628//640
f 629//641 625//637 628//640
f 628//640 625//637 616//628
f 628//640 616//628 606//619
f 606//619 616//628 618//630
f 606//619 618//630 608//620
f 629//641 628//640 630//642
f 630//642 628//640 627//639
f 630//642 627//639 631//643
f 631//643 627//639 626//638
f 631//643 626//638 516//528
f 629//641 632//644 625//637
f 625//637 632//644 463//473
f 625//637 463//473 619//631
f 619//631 463//473 624//636
f 619//631 624//636 598//612
f 598//612 624//636 593//607
f 598//612 593//607 596//610
f 596//610 593//607 595//609
f 516//528 626//638 517//529
f 517//529 626//638 358//329
f 517//529 358//329 355//326
f 355//326 358//329 357//328
f 355//326 357//328 353//324
f 392//369 453//463 393//370
f 393//370 453//463 454//464
f 393//370 454//464 452//462
f 452//462 454//464 455//465
f 452//462 455//465 451//461
f 451//461 455//465 457//467
f 451//461 457//467 464//474
f 464//474 457//467 459//469
f 464//474 459//469 469//479
f 469//479 459//469 461//471
f 469//479 461//471 475//485
f 475//485 461//471 463//473
f 475//485 463//473 484//496
f 484//496 463//473 632//644
f 484//496 632//644 483//495
f 483//495 632//644 629//641
f 483//495 629//641 491//503
f 491//503 629//641 630//642
f 491//503 630//642 492//504
f 492//504 630//642 631//643
f 492//504 631//643 505//517
f 505//517 631//643 516//528
f 505//517 516//528 543//556
f 543//556 516//528 518//530
f 543//556 518//530 542//555
f 542//555 518//530 513//525
f 542//555 513//525 519//531
f 519//531 513//525 515//527
f 519//531 515//527 544//557
f 633//645 634//646 635//647
f 391//368 398//375 636//648
f 301//649 637//650 294//651
f 369//340 368//339 638//652
f 639//653 640//654 641//655
f 442//452 447//457 445//455
f 442//452 445//455 443//453
f 447//457 639//653 445//455
f 445//455 639//653 641//655
f 445//455 641//655 446//456
f 446//456 641//655 438//448
f 440//450 634//646 441//451
f 441//451 634//646 633//645
f 441//451 633//645 365//336
f 365//336 633//645 366//337
f 436//446 435//445 642//656
f 642//656 435//445 434//444
f 421//431 428//438 643//657
f 643//657 428//438 430//440
f 643//657 430//440 431//441
f 426//436 424//434 644//658
f 644//658 424//434 422//432
f 645//659 416//426 427//437
f 274//422 413//423 218//660
f 218//660 413//423 219//661
f 414//424 420//430 646//662
f 646//662 420//430 419//429
f 646//662 419//429 417//427
f 413//423 414//424 219//661
f 219//661 414//424 646//662
f 219//661 646//662 241//663
f 241//663 646//662 647//664
f 241//663 647//664 242//665
f 242//665 647//664 243//666
f 287//667 277//668 648//669
f 648//669 277//668 276//670
f 648//669 276//670 647//664
f 647//664 276//670 275//671
f 647//664 275//671 243//666
f 649//672 650//673 215//674
f 215//674 290//675 649//672
f 649//672 290//675 289//676
f 649//672 289//676 288//677
f 651//678 217//679 650//673
f 650//673 217//679 216//680
f 650//673 216//680 215//674
f 245//681 244//682 651//678
f 651//678 244//682 220//683
f 651//678 220//683 217//679
f 652//684 278//685 653//686
f 653//686 278//685 228//687
f 653//686 228//687 227//688
f 654//689 250//690 652//684
f 652//684 250//690 249//691
f 652//684 249//691 278//685
f 246//692 654//692 655//692
f 246//693 279//694 654//689
f 654//689 279//694 251//695
f 654//689 251//695 250//690
f 293//696 292//697 656//698
f 656//698 292//697 291//699
f 656//700 291//700 655//700
f 655//701 291//702 247//701
f 655//701 247//701 246//703
f 293//696 656//698 297//704
f 297//704 656//698 657//705
f 297//704 657//705 298//706
f 637//650 301//649 658//707
f 658//707 301//649 300//708
f 658//707 300//708 657//705
f 657//705 300//708 299//709
f 657//705 299//709 298//706
f 296//710 295//711 659//712
f 283//713 280//714 660//715
f 660//715 280//714 281//716
f 660//715 281//716 659//712
f 659//712 281//716 282//717
f 659//712 282//717 296//710
f 283//713 660//715 284//718
f 284//718 660//715 399//376
f 284//718 399//376 286//383
f 397//374 396//373 660//715
f 660//715 396//373 405//382
f 660//715 405//382 404//381
f 404//381 402//379 660//715
f 660//715 402//379 400//377
f 660//715 400//377 399//376
f 389//366 390//367 661//719
f 661//719 390//367 453//463
f 661//719 453//463 392//369
f 662//720 386//363 387//364
f 380//357 379//356 663//721
f 663//721 379//356 384//361
f 663//721 384//361 383//360
f 382//359 381//358 664//722
f 382//359 664//722 378//355
f 376//353 665//723 373//350
f 373//350 665//723 666//724
f 373//350 666//724 374//351
f 434//444 369//340 642//656
f 642//656 369//340 638//652
f 642//656 638//652 667//725
f 667//725 638//652 668//726
f 667//725 668//726 669//727
f 669//727 668//726 670//728
f 669//727 670//728 671//729
f 671//729 670//728 672//730
f 671//729 672//730 673//731
f 673//731 672//730 674//732
f 673//731 674//732 675//733
f 676//734 677//735 678//736
f 678//736 677//735 679//737
f 678//736 679//737 680//738
f 680//738 679//737 681//739
f 680//738 681//739 682//740
f 682//740 681//739 683//741
f 682//740 683//741 684//742
f 676//734 685//743 686//744
f 686//744 685//743 687//745
f 686//744 687//745 688//746
f 422//432 421//431 644//658
f 644//658 421//431 643//657
f 644//658 643//657 689//747
f 690//748 691//749 692//750
f 692//750 691//749 693//751
f 691//749 648//669 693//751
f 693//751 648//669 647//664
f 693//751 647//664 694//752
f 694//752 647//664 646//662
f 694//752 646//662 645//659
f 645//659 646//662 417//427
f 645//659 417//427 416//426
f 676//734 686//744 677//735
f 677//735 686//744 695//753
f 677//735 695//753 679//737
f 679//737 695//753 696//754
f 679//737 696//754 681//739
f 681//739 696//754 689//747
f 681//739 689//747 683//741
f 683//741 689//747 643//657
f 683//741 643//657 684//742
f 684//742 643//657 431//441
f 684//742 431//441 433//443
f 227//688 226//755 653//686
f 653//686 226//755 245//681
f 653//686 245//681 697//756
f 697//756 245//681 651//678
f 697//756 651//678 690//748
f 690//748 651//678 650//673
f 690//748 650//673 691//749
f 691//749 650//673 649//672
f 691//749 649//672 648//669
f 648//669 649//672 288//677
f 648//669 288//677 287//667
f 698//757 699//758 700//759
f 700//759 699//758 701//760
f 700//759 701//760 702//761
f 702//761 701//760 703//762
f 702//761 703//762 704//763
f 704//763 703//762 705//764
f 704//763 705//764 706//765
f 706//765 705//764 707//766
f 706//765 707//766 708//767
f 708//767 707//766 709//768
f 708//767 709//768 710//769
f 710//769 709//768 688//746
f 710//769 688//746 711//770
f 711//770 688//746 687//745
f 711//770 687//745 675//733
f 675//733 687//745 685//743
f 675//733 685//743 673//731
f 673//731 685//743 676//734
f 673//731 676//734 671//729
f 671//729 676//734 678//736
f 671//729 678//736 669//727
f 669//727 678//736 680//738
f 669//727 680//738 667//725
f 667//725 680//738 682//740
f 667//725 682//740 642//656
f 642//656 682//740 684//742
f 642//656 684//742 436//446
f 436//446 684//742 433//443
f 663//721 712//771 713//772
f 713//772 712//771 714//773
f 713//772 714//773 715//774
f 715//774 714//773 716//775
f 715//774 716//775 717//776
f 658//707 718//777 719//778
f 387//364 389//366 662//720
f 662//720 389//366 661//719
f 662//720 661//719 719//778
f 719//778 661//719 720//779
f 719//778 720//779 658//707
f 718//777 658//707 721//780
f 721//780 658//707 657//705
f 721//780 657//705 699//758
f 699//758 657//705 656//698
f 699//758 656//698 701//760
f 701//760 656//698 655//781
f 701//760 655//781 703//762
f 703//762 655//781 654//782
f 703//762 654//782 705//764
f 705//764 654//782 652//684
f 705//764 652//684 707//766
f 707//766 652//684 653//686
f 707//766 653//686 709//768
f 709//768 653//686 697//756
f 709//768 697//756 688//746
f 688//746 697//756 690//748
f 688//746 690//748 686//744
f 686//744 690//748 692//750
f 686//744 692//750 695//753
f 695//753 692//750 693//751
f 695//753 693//751 696//754
f 696//754 693//751 694//752
f 696//754 694//752 689//747
f 689//747 694//752 645//659
f 689//747 645//659 644//658
f 644//658 645//659 427//437
f 644//658 427//437 426//436
f 659//712 722//783 660//715
f 660//715 722//783 636//648
f 660//715 636//648 397//374
f 397//374 636//648 398//375
f 392//369 391//368 661//719
f 661//719 391//368 636//648
f 661//719 636//648 720//779
f 720//779 636//648 722//783
f 720//779 722//783 658//707
f 658//707 722//783 659//712
f 658//707 659//712 637//650
f 637//650 659//712 295//711
f 637//650 295//784 294//651
f 723//785 724//786 725//787
f 726//788 727//789 728//790
f 728//790 727//789 729//791
f 729//791 727//789 730//792
f 729//791 730//792 731//793
f 728//790 732//794 726//788
f 726//788 732//794 733//795
f 726//788 733//795 734//796
f 735//797 736//798 737//799
f 737//799 736//798 738//800
f 739//801 740//802 665//723
f 665//723 740//802 741//803
f 665//723 741//803 666//724
f 738//800 742//804 737//799
f 737//799 742//804 743//805
f 737//799 743//805 739//801
f 739//801 743//805 744//806
f 739//801 744//806 740//802
f 381//358 380//357 664//722
f 664//722 380//357 663//721
f 664//722 663//721 745//807
f 745//807 663//721 713//772
f 745//807 713//772 746//808
f 746//808 713//772 715//774
f 746//808 715//774 747//809
f 747//809 715//774 717//776
f 376//353 378//355 665//723
f 665//723 378//355 664//722
f 665//723 664//722 739//801
f 739//801 664//722 745//807
f 739//801 745//807 737//799
f 737//799 745//807 746//808
f 737//799 746//808 735//797
f 735//797 746//808 747//809
f 735//797 747//809 698//757
f 698//757 747//809 717//776
f 698//757 717//776 699//758
f 699//758 717//776 716//775
f 699//758 716//775 721//780
f 721//780 716//775 714//773
f 721//780 714//773 718//777
f 718//777 714//773 712//771
f 718//777 712//771 719//778
f 719//778 712//771 663//721
f 719//778 663//721 662//720
f 662//720 663//721 383//360
f 662//720 383//360 386//363
f 640//654 748//810 641//655
f 641//655 748//810 749//811
f 641//655 749//811 750//812
f 751//813 752//814 753//815
f 753//815 752//814 754//816
f 753//815 754//816 755//817
f 756//818 757//819 758//820
f 751//813 759//821 752//814
f 752//814 759//821 760//822
f 752//814 760//822 757//819
f 757//819 760//822 761//823
f 757//819 761//823 758//820
f 749//811 762//824 750//812
f 750//812 762//824 763//825
f 750//812 763//825 754//816
f 754//816 763//825 764//826
f 754//816 764//826 755//817
f 765//827 766//828 767//829
f 767//829 766//828 768//830
f 767//829 768//830 769//831
f 770//832 771//833 772//834
f 772//834 771//833 773//835
f 765//827 774//836 766//828
f 766//828 774//836 775//837
f 766//828 775//837 772//834
f 772//834 775//837 776//838
f 772//834 776//838 770//832
f 758//820 777//839 756//818
f 756//818 777//839 778//840
f 756//818 778//840 768//830
f 768//830 778//840 779//841
f 768//830 779//841 769//831
f 440//450 438//448 634//646
f 634//646 438//448 641//655
f 634//646 641//655 635//647
f 635//647 641//655 750//812
f 635//647 750//812 780//842
f 780//842 750//812 754//816
f 780//842 754//816 781//843
f 781//843 754//816 752//814
f 781//843 752//814 782//844
f 782//844 752//814 757//819
f 782//844 757//819 783//845
f 783//845 757//819 756//818
f 783//845 756//818 784//846
f 784//846 756//818 768//830
f 784//846 768//830 785//847
f 785//847 768//830 766//828
f 785//847 766//828 786//848
f 786//848 766//828 772//834
f 786//848 772//834 787//849
f 787//849 772//834 773//835
f 787//849 773//835 788//850
f 788//850 773//835 723//785
f 788//850 723//785 730//792
f 730//792 723//785 725//787
f 730//792 725//787 731//793
f 771//833 789//851 773//835
f 773//835 789//851 790//852
f 773//835 790//852 723//785
f 723//785 790//852 791//853
f 723//785 791//853 724//786
f 368//339 366//337 638//652
f 638//652 366//337 633//645
f 638//652 633//645 668//726
f 668//726 633//645 635//647
f 668//726 635//647 670//728
f 670//728 635//647 780//842
f 670//728 780//842 672//730
f 672//730 780//842 781//843
f 672//730 781//843 674//732
f 674//732 781//843 782//844
f 674//732 782//844 675//733
f 675//733 782//844 783//845
f 675//733 783//845 711//770
f 711//770 783//845 784//846
f 711//770 784//846 710//769
f 710//769 784//846 785//847
f 710//769 785//847 708//767
f 708//767 785//847 786//848
f 708//767 786//848 706//765
f 706//765 786//848 787//849
f 706//765 787//849 704//763
f 704//763 787//849 788//850
f 704//763 788//850 702//761
f 702//761 788//850 730//792
f 702//761 730//792 700//759
f 700//759 730//792 727//789
f 700//759 727//789 698//757
f 698//757 727//789 726//788
f 698//757 726//788 735//797
f 735//797 726//788 734//796
f 735//797 734//796 736//798
f 792//854 793//855 794//856
f 795//857 796//858 797//859
f 340//311 345//316 798//860
f 351//322 349//320 799//861
f 800//862 801//863 802//864
f 803//865 804//866 805//867
f 806//868 807//869 808//870
f 809//871 810//872 811//873
f 592//606 604//617 812//874
f 813//875 814//876 815//877
f 816//878 817//879 818//880
f 819//881 820//882 821//883
f 822//884 823//885 824//886
f 825//887 826//888 827//889
f 828//890 829//891 830//892
f 332//303 334//305 831//893
f 831//893 334//305 339//310
f 831//893 339//310 832//894
f 326//297 328//299 833//895
f 833//895 328//299 331//302
f 833//895 331//302 834//896
f 834//896 331//302 330//301
f 330//301 329//300 834//896
f 834//896 329//300 303//274
f 834//896 303//274 831//893
f 831//893 303//274 302//273
f 831//893 302//273 332//303
f 835//897 323//294 306//277
f 835//897 306//277 833//895
f 833//895 306//277 305//276
f 833//895 305//276 326//297
f 319//290 318//289 836//898
f 836//898 318//289 325//296
f 836//898 325//296 835//897
f 835//897 325//296 324//295
f 835//897 324//295 323//294
f 316//287 837//899 317//288
f 317//288 837//899 827//889
f 317//288 827//889 313//284
f 313//284 827//889 312//283
f 316//287 315//286 837//899
f 837//899 315//286 322//293
f 837//899 322//293 836//898
f 836//898 322//293 321//292
f 836//898 321//292 319//290
f 838//900 839//901 826//888
f 826//888 839//901 308//279
f 826//888 308//279 827//889
f 827//889 308//279 310//281
f 827//889 310//281 312//283
f 823//885 840//902 841//903
f 842//904 374//351 666//724
f 666//724 843//905 842//904
f 842//904 843//905 844//906
f 842//904 844//906 845//907
f 845//907 844//906 841//903
f 845//907 841//903 846//908
f 846//908 841//903 840//902
f 846//908 840//902 847//909
f 848//910 849//911 850//912
f 666//724 741//803 843//905
f 843//905 741//803 740//802
f 843//905 740//802 744//806
f 823//885 841//903 824//886
f 824//886 841//903 844//906
f 824//886 844//906 851//913
f 851//913 844//906 843//905
f 851//913 843//905 852//914
f 852//914 843//905 744//806
f 852//914 744//806 743//805
f 853//915 849//911 854//916
f 854//916 849//911 848//910
f 854//916 848//910 855//917
f 822//884 853//915 856//918
f 856//918 853//915 854//916
f 856//918 854//916 857//919
f 857//919 854//916 855//917
f 857//919 855//917 858//920
f 819//881 859//921 729//791
f 729//791 859//921 728//790
f 860//922 733//795 732//794
f 733//795 860//922 734//796
f 732//794 728//790 860//922
f 860//922 728//790 859//921
f 860//922 859//921 861//923
f 861//923 859//921 819//881
f 861//923 819//881 862//924
f 862//924 819//881 821//883
f 862//924 821//883 863//925
f 736//798 734//796 864//926
f 864//926 734//796 860//922
f 864//926 860//922 865//927
f 865//927 860//922 861//923
f 865//927 861//923 866//928
f 866//928 861//923 862//924
f 866//928 862//924 867//929
f 867//929 862//924 863//925
f 867//929 863//925 868//930
f 850//912 742//804 738//800
f 738//800 736//798 850//912
f 850//912 736//798 864//926
f 850//912 864//926 848//910
f 848//910 864//926 865//927
f 848//910 865//927 855//917
f 855//917 865//927 866//928
f 855//917 866//928 858//920
f 858//920 866//928 867//929
f 822//884 824//886 853//915
f 853//915 824//886 851//913
f 853//915 851//913 849//911
f 849//911 851//913 852//914
f 849//911 852//914 850//912
f 850//912 852//914 743//805
f 850//912 743//805 742//804
f 869//931 870//932 871//933
f 872//934 873//935 874//936
f 874//936 873//935 875//937
f 874//936 875//937 876//938
f 877//939 817//879 878//940
f 878//940 817//879 816//878
f 878//940 816//878 879//941
f 880//942 881//943 882//944
f 882//944 881//943 873//935
f 882//944 873//935 883//945
f 883//945 873//935 872//934
f 880//942 353//324 357//328
f 612//624 610//622 884//946
f 884//946 610//622 609//621
f 885//947 869//931 886//948
f 886//948 869//931 871//933
f 886//948 871//933 887//949
f 887//949 871//933 888//950
f 887//949 888//950 889//951
f 889//951 888//950 890//952
f 889//951 890//952 891//953
f 891//953 890//952 884//946
f 891//953 884//946 892//954
f 892//954 884//946 609//621
f 880//942 357//328 881//943
f 881//943 357//328 356//327
f 881//943 356//327 613//625
f 870//932 876//938 871//933
f 871//933 876//938 875//937
f 871//933 875//937 888//950
f 888//950 875//937 873//935
f 888//950 873//935 890//952
f 890//952 873//935 881//943
f 890//952 881//943 884//946
f 884//946 881//943 613//625
f 884//946 613//625 612//624
f 893//955 814//876 894//956
f 894//956 814//876 813//875
f 894//956 813//875 812//874
f 895//957 818//880 896//958
f 896//958 818//880 817//879
f 896//958 817//879 897//959
f 897//959 817//879 877//939
f 897//959 877//939 898//960
f 618//630 617//629 899//961
f 899//961 617//629 615//627
f 900//962 599//613 597//611
f 901//963 902//964 898//960
f 898//960 902//964 903//965
f 898//960 903//965 897//959
f 897//959 903//965 904//966
f 897//959 904//966 896//958
f 896//958 904//966 900//962
f 896//958 900//962 895//957
f 895//957 900//962 597//611
f 614//626 601//615 905//967
f 905//967 601//615 600//614
f 812//874 604//617 894//956
f 894//956 604//617 603//616
f 894//956 603//616 602//604
f 597//611 596//610 895//957
f 895//957 596//610 595//609
f 895//957 595//609 594//608
f 594//608 592//606 895//957
f 895//957 592//606 812//874
f 895//957 812//874 818//880
f 818//880 812//874 813//875
f 818//880 813//875 816//878
f 816//878 813//875 815//877
f 816//878 815//877 879//941
f 879//941 815//877 847//909
f 609//621 605//618 892//954
f 892//954 605//618 607//618
f 892//954 607//618 608//620
f 906//968 907//969 809//871
f 809//871 907//969 908//970
f 809//871 908//970 909//971
f 909//971 908//970 910//972
f 911//973 912//974 913//975
f 913//975 912//974 914//976
f 913//975 914//976 906//968
f 915//977 916//978 917//979
f 917//979 916//978 918//980
f 917//979 918//980 911//973
f 919//981 920//982 915//977
f 921//983 922//984 923//985
f 924//986 925//987 926//988
f 925//987 885//947 926//988
f 926//988 885//947 886//948
f 926//988 886//948 927//989
f 927//989 886//948 887//949
f 927//989 887//949 928//990
f 928//990 887//949 889//951
f 928//990 889//951 929//991
f 929//991 889//951 891//953
f 929//991 891//953 930//992
f 930//992 891//953 892//954
f 930//992 892//954 899//961
f 899//961 892//954 608//620
f 899//961 608//620 618//630
f 801//863 931//993 802//864
f 802//864 931//993 932//994
f 802//864 932//994 933//995
f 933//995 932//994 934//996
f 933//995 934//996 935//997
f 935//997 934//996 936//998
f 935//997 936//998 937//999
f 937//999 936//998 938//1000
f 937//999 938//1000 939//1001
f 939//1001 938//1000 940//1002
f 931//993 924//986 932//994
f 932//994 924//986 926//988
f 932//994 926//988 934//996
f 934//996 926//988 927//989
f 934//996 927//989 936//998
f 936//998 927//989 928//990
f 936//998 928//990 938//1000
f 938//1000 928//990 929//991
f 938//1000 929//991 940//1002
f 940//1002 929//991 930//992
f 940//1002 930//992 941//1003
f 941//1003 930//992 899//961
f 941//1003 899//961 905//967
f 905//967 899//961 615//627
f 905//967 615//627 614//626
f 349//320 348//319 799//861
f 799//861 348//319 942//1004
f 799//861 942//1004 923//985
f 923//985 942//1004 943//1005
f 923//985 943//1005 921//983
f 915//977 917//979 919//981
f 919//981 917//979 944//1006
f 919//981 944//1006 945//1007
f 945//1007 944//1006 946//1008
f 945//1007 946//1008 947//1009
f 947//1009 946//1008 948//1010
f 947//1009 948//1010 949//1011
f 345//316 347//318 798//860
f 798//860 347//318 352//323
f 798//860 352//323 351//322
f 344//315 343//314 950//1012
f 950//1012 343//314 341//312
f 351//322 799//861 798//860
f 798//860 799//861 951//1013
f 798//860 951//1013 952//1014
f 952//1014 951//1013 953//1015
f 952//1014 953//1015 954//1016
f 339//310 338//309 832//894
f 832//894 338//309 336//307
f 832//894 336//307 950//1012
f 950//1012 336//307 335//306
f 950//1012 335//306 344//315
f 911//973 913//975 917//979
f 917//979 913//975 955//1017
f 917//979 955//1017 944//1006
f 944//1006 955//1017 956//1018
f 944//1006 956//1018 946//1008
f 946//1008 956//1018 957//1019
f 946//1008 957//1019 948//1010
f 948//1010 957//1019 958//1020
f 948//1010 958//1020 949//1011
f 807//869 803//865 808//870
f 808//870 803//865 805//867
f 808//870 805//867 959//1021
f 959//1021 805//867 960//1022
f 959//1021 960//1022 961//1023
f 961//1023 960//1022 962//1024
f 961//1023 962//1024 963//1025
f 963//1025 962//1024 964//1026
f 963//1025 964//1026 901//963
f 958//1020 965//1027 949//1011
f 949//1011 965//1027 966//1028
f 949//1011 966//1028 795//857
f 906//968 809//871 913//975
f 913//975 809//871 811//873
f 913//975 811//873 955//1017
f 955//1017 811//873 967//1029
f 955//1017 967//1029 956//1018
f 956//1018 967//1029 968//1030
f 956//1018 968//1030 957//1019
f 957//1019 968//1030 969//1031
f 957//1019 969//1031 958//1020
f 958//1020 969//1031 970//1032
f 958//1020 970//1032 965//1027
f 965//1027 970//1032 971//1033
f 965//1027 971//1033 966//1028
f 966//1028 971//1033 972//1034
f 966//1028 972//1034 795//857
f 795//857 972//1034 973//1035
f 795//857 973//1035 796//858
f 793//855 828//890 794//856
f 794//856 828//890 830//892
f 794//856 830//892 974//1036
f 974//1036 830//892 975//1037
f 974//1036 975//1037 976//1038
f 976//1038 975//1037 977//1039
f 976//1038 977//1039 978//1040
f 978//1040 977//1039 979//1041
f 978//1040 979//1041 980//1042
f 980//1042 979//1041 981//1043
f 980//1042 981//1043 982//1044
f 982//1044 981//1043 983//1045
f 982//1044 983//1045 984//1046
f 984//1046 983//1045 985//1047
f 984//1046 985//1047 797//859
f 797//859 985//1047 954//1016
f 797//859 954//1016 795//857
f 795//857 954//1016 953//1015
f 795//857 953//1015 949//1011
f 949//1011 953//1015 951//1013
f 949//1011 951//1013 947//1009
f 947//1009 951//1013 799//861
f 947//1009 799//861 945//1007
f 945//1007 799//861 923//985
f 945//1007 923//985 919//981
f 919//981 923//985 922//984
f 919//981 922//984 920//982
f 829//891 825//887 830//892
f 830//892 825//887 827//889
f 830//892 827//889 975//1037
f 975//1037 827//889 837//899
f 975//1037 837//899 977//1039
f 977//1039 837//899 836//898
f 977//1039 836//898 979//1041
f 979//1041 836//898 835//897
f 979//1041 835//897 981//1043
f 981//1043 835//897 833//895
f 981//1043 833//895 983//1045
f 983//1045 833//895 834//896
f 983//1045 834//896 985//1047
f 985//1047 834//896 831//893
f 985//1047 831//893 954//1016
f 954//1016 831//893 832//894
f 954//1016 832//894 952//1014
f 952//1014 832//894 950//1012
f 952//1014 950//1012 798//860
f 798//860 950//1012 341//312
f 798//860 341//312 340//311
f 804//866 800//862 805//867
f 805//867 800//862 802//864
f 805//867 802//864 960//1022
f 960//1022 802//864 933//995
f 960//1022 933//995 962//1024
f 962//1024 933//995 935//997
f 962//1024 935//997 964//1026
f 964//1026 935//997 937//999
f 964//1026 937//999 901//963
f 901//963 937//999 939//1001
f 901//963 939//1001 902//964
f 902//964 939//1001 940//1002
f 902//964 940//1002 903//965
f 903//965 940//1002 941//1003
f 903//965 941//1003 904//966
f 904//966 941//1003 905//967
f 904//966 905//967 900//962
f 900//962 905//967 600//614
f 900//962 600//614 599//613
f 729//791 731//793 819//881
f 819//881 731//793 725//787
f 819//881 725//787 820//882
f 820//882 725//787 724//786
f 820//882 724//786 986//1048
f 986//1048 724//786 791//853
f 602//604 590//604 894//956
f 894//956 590//604 588//602
f 894//956 588//602 893//955
f 893//955 588//602 587//601
f 893//955 587//601 375//352
f 847//909 815//877 846//908
f 846//908 815//877 814//876
f 846//908 814//876 845//907
f 845//907 814//876 893//955
f 845//907 893//955 842//904
f 842//904 893//955 375//352
f 842//904 375//352 374//351
f 868//930 792//854 867//929
f 867//929 792//854 794//856
f 867//929 794//856 858//920
f 858//920 794//856 974//1036
f 858//920 974//1036 857//919
f 857//919 974//1036 976//1038
f 857//919 976//1038 856//918
f 856//918 976//1038 978//1040
f 856//918 978//1040 822//884
f 822//884 978//1040 980//1042
f 822//884 980//1042 823//885
f 823//885 980//1042 982//1044
f 823//885 982//1044 840//902
f 840//902 982//1044 984//1046
f 840//902 984//1046 847//909
f 847//909 984//1046 797//859
f 847//909 797//859 879//941
f 879//941 797//859 796//858
f 879//941 796//858 878//940
f 878//940 796//858 973//1035
f 878//940 973//1035 877//939
f 877//939 973//1035 972//1034
f 877//939 972//1034 898//960
f 898//960 972//1034 971//1033
f 898//960 971//1033 901//963
f 901//963 971//1033 970//1032
f 901//963 970//1032 963//1025
f 963//1025 970//1032 969//1031
f 963//1025 969//1031 961//1023
f 961//1023 969//1031 968//1030
f 961//1023 968//1030 959//1021
f 959//1021 968//1030 967//1029
f 959//1021 967//1029 808//870
f 808//870 967//1029 811//873
f 808//870 811//873 806//868
f 806//868 811//873 810//872
f 987//1049 988//1050 989//1051
f 989//1051 988//1050 990//1052
f 989//1051 990//1052 991//1053
f 992//1054 993//1055 994//1056
f 994//1056 995//1057 992//1054
f 992//1054 995//1057 996//1058
f 992//1054 996//1058 987//1049
f 987//1049 996//1058 997//1059
f 987//1049 997//1059 988//1050
f 998//1060 999//1061 1000//1062
f 1000//1062 999//1061 1001//1063
f 1000//1062 1001//1063 993//1055
f 993//1055 1001//1063 1002//1064
f 993//1055 1002//1064 994//1056
f 308//279 839//901 309//280
f 309//280 839//901 838//900
f 309//280 838//900 1003//1065
f 1003//1065 838//900 1004//1066
f 1003//1065 1004//1066 1005//1067
f 1005//1067 1004//1066 1006//1068
f 1005//1067 1006//1068 998//1060
f 998//1060 1006//1068 1007//1069
f 998//1060 1007//1069 999//1061
f 309//280 1008//1070 1009//1071
f 309//280 1009//1071 311//282
f 311//282 1009//1071 1010//1072
f 311//282 1010//1072 314//285
f 1010//1072 1011//1073 314//285
f 314//285 1011//1073 1012//1074
f 314//285 1012//1074 320//291
f 1012//1074 1013//1075 320//291
f 320//291 1013//1075 1014//1076
f 320//291 1014//1076 307//278
f 1014//1076 1015//1077 307//278
f 307//278 1015//1077 1016//1078
f 307//278 1016//1078 327//298
f 1016//1078 1017//1079 327//298
f 327//298 1017//1079 1018//1080
f 327//298 1018//1080 304//275
f 304//275 1018//1080 1019//1081
f 304//275 1019//1081 333//304
f 1019//1081 1020//1082 333//304
f 333//304 1020//1082 1021//1083
f 333//304 1021//1083 337//308
f 1021//1083 1022//1084 337//308
f 337//308 1022//1084 1023//1085
f 337//308 1023//1085 342//313
f 342//313 1023//1085 1024//1086
f 342//313 1024//1086 1025//1087
f 342//313 1025//1087 1026//1088
f 342//313 1026//1088 346//317
f 346//317 1026//1088 1027//1089
f 346//317 1027//1089 350//321
f 350//321 1028//1090 348//319
f 348//319 1028//1090 942//1004
f 942//1004 1028//1090 943//1005
f 943//1005 1028//1090 1029//1091
f 943//1005 1029//1091 921//983
f 916//978 915//977 1030//1092
f 1030//1092 915//977 920//982
f 1030//1092 920//982 1029//1091
f 1029//1091 920//982 922//984
f 1029//1091 922//984 921//983
f 916//978 1030//1092 918//980
f 918//980 1030//1092 1031//1093
f 918//980 1031//1093 911//973
f 907//969 906//968 1032//1094
f 1032//1094 906//968 914//976
f 1032//1094 914//976 1031//1093
f 1031//1093 914//976 912//974
f 1031//1093 912//974 911//973
f 907//969 1032//1094 908//970
f 908//970 1032//1094 1033//1095
f 908//970 1033//1095 910//972
f 910//972 1033//1095 1034//1096
f 1034//1096 1033//1095 1035//1097
f 1035//1097 1033//1095 1036//1098
f 1035//1097 1036//1098 1037//1099
f 639//653 447//457 1038//1100
f 885//947 925//987 1039//1101
f 1040//1102 1041//1103 1042//1104
f 1043//1105 1044//1105 1045//1106
f 776//838 775//837 1046//1107
f 986//1048 791//853 790//852
f 1047//1108 1048//1109 1049//1110
f 1049//1110 1048//1109 1050//1111
f 547//560 546//559 1051//1112
f 931//993 801//863 1052//1113
f 1053//1114 1054//1115 1055//1116
f 1056//1117 1057//1118 1058//1119
f 1059//1120 1060//1121 1061//1122
f 1062//1123 1063//1124 1064//1125
f 1065//1126 1066//1127 1067//1128
f 1066//1127 1065//1126 1068//1129
f 1068//1129 1065//1126 1069//1130
f 1068//1129 1069//1130 1070//1131
f 1063//1124 1071//1132 1064//1125
f 1064//1125 1071//1132 1072//1133
f 1064//1125 1072//1133 1069//1130
f 1069//1130 1072//1133 1073//1134
f 1069//1130 1073//1134 1070//1131
f 1061//1122 1060//1121 1064//1125
f 1064//1125 1060//1121 1074//1135
f 1064//1125 1074//1135 1062//1123
f 1058//1119 1057//1118 1061//1122
f 1061//1122 1057//1118 1075//1136
f 1061//1122 1075//1136 1059//1120
f 1055//1116 1054//1115 1058//1119
f 1058//1119 1054//1115 1076//1137
f 1058//1119 1076//1137 1056//1117
f 1053//1114 1055//1116 1077//1138
f 1077//1138 1055//1116 1078//1139
f 1077//1138 1078//1139 1079//1140
f 1078//1139 809//871 909//971
f 910//972 1034//1096 909//971
f 909//971 1034//1096 1035//1097
f 909//971 1035//1097 1078//1139
f 1078//1139 1035//1097 1037//1099
f 1078//1139 1037//1099 1079//1140
f 1080//1141 1081//1142 1082//1143
f 1082//1143 1081//1142 1083//1144
f 1082//1143 1083//1144 1084//1145
f 1084//1145 1083//1144 1085//1146
f 1084//1145 1085//1146 1086//1147
f 1086//1147 1085//1146 1087//1148
f 1086//1147 1087//1148 1088//1149
f 1088//1149 1087//1148 1089//1150
f 1088//1149 1089//1150 1090//1151
f 810//872 809//871 1081//1142
f 1081//1142 809//871 1078//1139
f 1081//1142 1078//1139 1083//1144
f 1083//1144 1078//1139 1055//1116
f 1083//1144 1055//1116 1085//1146
f 1085//1146 1055//1116 1058//1119
f 1085//1146 1058//1119 1087//1148
f 1087//1148 1058//1119 1061//1122
f 1087//1148 1061//1122 1089//1150
f 1089//1150 1061//1122 1064//1125
f 1089//1150 1064//1125 1091//1152
f 1091//1152 1064//1125 1069//1130
f 1091//1152 1069//1130 1092//1153
f 1092//1153 1069//1130 1065//1126
f 1092//1153 1065//1126 1093//1154
f 801//863 800//862 1052//1113
f 1052//1113 800//862 1094//1155
f 1052//1113 1094//1155 1095//1156
f 1095//1156 1094//1155 1096//1157
f 1095//1156 1096//1157 1097//1158
f 1097//1158 1096//1157 1098//1159
f 1097//1158 1098//1159 1099//1160
f 925//987 924//986 1039//1101
f 1039//1101 924//986 1100//1161
f 1039//1101 1100//1161 1101//1162
f 1101//1162 1100//1161 1102//1163
f 1101//1162 1102//1163 1103//1164
f 1103//1164 1102//1163 1104//1165
f 1103//1164 1104//1165 1105//1166
f 1105//1166 1104//1165 1106//1167
f 1105//1166 1106//1167 1107//1168
f 1107//1168 1106//1167 1108//1169
f 1107//1168 1108//1169 1109//1170
f 1109//1170 1108//1169 1110//1171
f 1109//1170 1110//1171 1111//1172
f 1111//1172 1110//1171 1112//1173
f 1111//1172 1112//1173 1113//1174
f 1113//1174 1112//1173 1114//1175
f 1113//1174 1114//1175 1115//1176
f 1115//1176 1114//1175 1116//1177
f 804//866 803//865 1080//1141
f 1080//1141 803//865 807//869
f 1080//1141 807//869 1081//1142
f 1081//1142 807//869 806//868
f 1081//1142 806//868 810//872
f 1038//1100 1117//1178 1118//1179
f 1119//1180 1120//1181 1121//1182
f 1121//1182 1120//1181 1122//1183
f 1121//1182 1122//1183 1123//1184
f 1123//1184 1122//1183 1124//1185
f 1123//1184 1124//1185 1118//1179
f 1118//1179 1124//1185 1125//1186
f 1118//1179 1125//1186 1126//1187
f 449//459 1117//1178 448//458
f 448//458 1117//1178 1038//1100
f 448//458 1038//1100 447//457
f 551//564 1127//1188 552//565
f 552//565 1127//1188 1128//1189
f 552//565 1128//1189 554//567
f 449//459 450//460 1117//1178
f 1117//1178 450//460 556//569
f 1117//1178 556//569 1128//1189
f 1128//1189 556//569 555//568
f 1128//1189 555//568 554//567
f 1118//1179 1117//1178 1123//1184
f 1123//1184 1117//1178 1128//1189
f 1123//1184 1128//1189 1121//1182
f 1121//1182 1128//1189 1127//1188
f 1121//1182 1127//1188 1119//1180
f 1129//1190 1130//1191 1131//1192
f 1132//1193 1133//1194 1134//1195
f 1134//1195 1133//1194 1135//1196
f 1134//1195 1135//1196 1051//1112
f 1051//1112 1135//1196 1136//1197
f 1051//1112 1136//1197 547//560
f 880//942 882//944 1137//1198
f 1137//1198 882//944 1130//1191
f 1137//1198 1130//1191 1138//1199
f 1138//1199 1130//1191 1129//1190
f 1139//1200 1132//1193 1131//1192
f 1131//1192 1132//1193 1134//1195
f 1131//1192 1134//1195 1129//1190
f 1129//1190 1134//1195 1051//1112
f 1129//1190 1051//1112 1138//1199
f 1138//1199 1051//1112 546//559
f 1138//1199 546//559 545//558
f 882//944 883//945 1130//1191
f 1130//1191 883//945 872//934
f 1130//1191 872//934 1131//1192
f 1131//1192 872//934 874//936
f 1131//1192 874//936 1139//1200
f 1139//1200 874//936 876//938
f 1139//1200 876//938 870//932
f 550//563 549//562 1136//1197
f 1136//1197 549//562 548//561
f 1136//1197 548//561 547//560
f 551//564 550//563 1127//1188
f 1127//1188 550//563 1136//1197
f 1127//1188 1136//1197 1119//1180
f 1119//1180 1136//1197 1135//1196
f 1119//1180 1135//1196 1120//1181
f 1120//1181 1135//1196 1133//1194
f 1120//1181 1133//1194 1140//1201
f 1140//1201 1133//1194 1132//1193
f 1140//1201 1132//1193 1141//1202
f 1141//1202 1132//1193 1139//1200
f 1141//1202 1139//1200 1142//1203
f 1142//1203 1139//1200 870//932
f 1142//1203 870//932 869//931
f 1050//1111 1143//1204 1144//1205
f 1144//1205 1143//1204 1145//1206
f 1144//1205 1145//1206 1146//1207
f 1147//1208 1046//1107 1148//1209
f 1148//1209 1046//1107 1149//1210
f 1148//1209 1149//1210 1150//1211
f 868//930 863//925 1151//1212
f 1151//1212 863//925 821//883
f 1151//1212 821//883 1152//1213
f 1152//1213 821//883 820//882
f 1152//1213 820//882 986//1048
f 1153//1214 770//832 776//838
f 986//1048 790//852 1152//1213
f 1152//1213 790//852 789//851
f 1152//1213 789//851 771//833
f 769//831 779//841 1149//1210
f 1149//1210 779//841 1047//1108
f 1149//1210 1047//1108 1150//1211
f 1150//1211 1047//1108 1049//1110
f 1050//1111 1048//1109 1143//1204
f 1143//1204 1048//1109 761//823
f 1143//1204 761//823 760//822
f 779//841 778//840 1047//1108
f 1047//1108 778//840 777//839
f 1047//1108 777//839 1048//1109
f 1048//1109 777//839 758//820
f 1048//1109 758//820 761//823
f 1145//1206 755//817 764//826
f 1146//1207 1145//1206 1154//1215
f 1154//1215 1145//1206 764//826
f 1154//1215 764//826 763//825
f 760//822 759//821 1143//1204
f 1143//1204 759//821 751//813
f 1143//1204 751//813 1145//1206
f 1145//1206 751//813 753//815
f 1145//1206 753//815 755//817
f 775//837 774//836 1046//1107
f 1046//1107 774//836 765//827
f 1046//1107 765//827 1149//1210
f 1149//1210 765//827 767//829
f 1149//1210 767//829 769//831
f 1155//1216 1156//1217 1157//1218
f 1157//1218 1156//1217 1158//1219
f 1157//1218 1158//1219 1159//1220
f 1160//1221 1161//1222 826//888
f 826//888 1161//1222 1004//1066
f 826//888 1004//1066 838//900
f 999//1061 1007//1069 1161//1222
f 1161//1222 1007//1069 1006//1068
f 1161//1222 1006//1068 1004//1066
f 1002//1064 1001//1063 1162//1223
f 1162//1223 1001//1063 999//1061
f 997//1059 996//1058 1163//1224
f 1163//1224 996//1058 995//1057
f 1163//1224 995//1057 994//1056
f 826//888 825//887 1160//1221
f 1160//1221 825//887 829//891
f 1160//1221 829//891 1164//1225
f 829//891 828//890 1164//1225
f 1164//1225 828//890 793//855
f 1164//1225 793//855 1151//1212
f 1151//1212 793//855 792//854
f 1151//1212 792//854 868//930
f 776//838 1046//1107 1153//1214
f 1153//1214 1046//1107 1147//1208
f 1153//1214 1147//1208 1165//1226
f 1165//1226 1147//1208 1166//1227
f 1165//1226 1166//1227 1167//1228
f 1167//1228 1166//1227 1168//1229
f 1167//1228 1168//1229 1169//1230
f 1169//1230 1168//1229 1163//1224
f 1169//1230 1163//1224 1162//1223
f 1162//1223 1163//1224 994//1056
f 1162//1223 994//1056 1002//1064
f 999//1061 1161//1222 1162//1223
f 1162//1223 1161//1222 1160//1221
f 1162//1223 1160//1221 1169//1230
f 1169//1230 1160//1221 1164//1225
f 1169//1230 1164//1225 1167//1228
f 1167//1228 1164//1225 1151//1212
f 1167//1228 1151//1212 1165//1226
f 1165//1226 1151//1212 1152//1213
f 1165//1226 1152//1213 1153//1214
f 1153//1214 1152//1213 771//833
f 1153//1214 771//833 770//832
f 1170//1231 1171//1232 990//1052
f 1172//1233 1041//1103 1173//1234
f 1173//1234 1041//1103 1040//1102
f 1173//1234 1040//1102 1174//1235
f 1044//1105 1175//1236 1045//1106
f 1045//1106 1175//1236 1176//1237
f 1045//1106 1176//1237 1177//1238
f 1178//1239 1179//1240 1180//1241
f 1180//1241 1179//1240 1181//1242
f 1098//1159 1182//1243 1099//1160
f 1099//1160 1182//1243 1183//1244
f 1099//1160 1183//1244 1184//1245
f 1184//1245 1183//1244 1185//1246
f 1184//1245 1185//1246 1186//1247
f 1186//1247 1185//1246 1187//1248
f 1186//1247 1187//1248 1188//1249
f 1188//1249 1187//1248 1189//1250
f 1188//1249 1189//1250 1190//1251
f 1190//1251 1189//1250 1191//1252
f 1190//1251 1191//1252 1192//1253
f 1192//1253 1191//1252 1193//1254
f 1192//1253 1193//1254 1194//1255
f 1194//1255 1193//1254 1045//1106
f 1194//1255 1045//1106 1170//1231
f 1170//1231 1045//1106 1177//1238
f 1170//1231 1177//1238 1171//1232
f 1195//1256 1196//1257 1197//1258
f 1197//1258 1196//1257 1198//1259
f 1067//1128 1195//1256 1065//1126
f 1065//1126 1195//1256 1197//1258
f 1065//1126 1197//1258 1093//1154
f 1093//1154 1197//1258 1198//1259
f 1093//1154 1198//1259 1199//1260
f 1090//1151 1089//1150 1200//1261
f 1200//1261 1089//1150 1091//1152
f 1200//1261 1091//1152 1201//1262
f 1201//1262 1091//1152 1092//1153
f 1201//1262 1092//1153 1202//1263
f 1202//1263 1092//1153 1093//1154
f 1202//1263 1093//1154 1180//1241
f 1180//1241 1093//1154 1199//1260
f 1180//1241 1199//1260 1178//1239
f 1203//1264 1204//1265 1205//1266
f 1205//1266 1204//1265 1206//1267
f 1205//1266 1206//1267 1207//1268
f 1207//1268 1206//1267 1208//1269
f 1209//1270 1207//1268 1172//1233
f 1172//1233 1207//1268 1208//1269
f 1172//1233 1208//1269 1041//1103
f 1041//1103 1208//1269 1206//1267
f 1041//1103 1206//1267 1042//1104
f 1042//1104 1206//1267 1204//1265
f 1042//1104 1204//1265 1210//1271
f 1210//1271 1204//1265 1203//1264
f 1210//1271 1203//1264 1211//1272
f 1192//1253 1116//1177 1190//1251
f 1190//1251 1116//1177 1114//1175
f 1190//1251 1114//1175 1188//1249
f 1188//1249 1114//1175 1112//1173
f 1188//1249 1112//1173 1186//1247
f 1186//1247 1112//1173 1110//1171
f 1186//1247 1110//1171 1184//1245
f 1184//1245 1110//1171 1108//1169
f 1184//1245 1108//1169 1099//1160
f 1099//1160 1108//1169 1106//1167
f 1099//1160 1106//1167 1097//1158
f 1097//1158 1106//1167 1104//1165
f 1097//1158 1104//1165 1095//1156
f 1095//1156 1104//1165 1102//1163
f 1095//1156 1102//1163 1052//1113
f 1052//1113 1102//1163 1100//1161
f 1052//1113 1100//1161 931//993
f 931//993 1100//1161 924//986
f 1156//1217 1212//1273 1158//1219
f 1158//1219 1212//1273 1213//1274
f 1158//1219 1213//1274 1159//1220
f 1159//1220 1213//1274 1211//1272
f 1159//1220 1211//1272 1214//1275
f 1214//1275 1211//1272 1203//1264
f 1214//1275 1203//1264 1215//1276
f 1215//1276 1203//1264 1205//1266
f 1215//1276 1205//1266 1216//1277
f 1216//1277 1205//1266 1207//1268
f 1216//1277 1207//1268 1217//1278
f 1217//1278 1207//1268 1209//1270
f 1217//1278 1209//1270 1218//1279
f 800//862 804//866 1094//1155
f 1094//1155 804//866 1080//1141
f 1094//1155 1080//1141 1096//1157
f 1096//1157 1080//1141 1082//1143
f 1096//1157 1082//1143 1098//1159
f 1098//1159 1082//1143 1084//1145
f 1098//1159 1084//1145 1182//1243
f 1182//1243 1084//1145 1086//1147
f 1182//1243 1086//1147 1183//1244
f 1183//1244 1086//1147 1088//1149
f 1183//1244 1088//1149 1185//1246
f 1185//1246 1088//1149 1090//1151
f 1185//1246 1090//1151 1187//1248
f 1187//1248 1090//1151 1200//1261
f 1187//1248 1200//1261 1189//1250
f 1189//1250 1200//1261 1201//1262
f 1189//1250 1201//1262 1191//1252
f 1191//1252 1201//1262 1202//1263
f 1191//1252 1202//1263 1193//1254
f 1193//1254 1202//1263 1180//1241
f 1193//1254 1180//1241 1045//1106
f 1045//1106 1180//1241 1181//1242
f 1045//1106 1181//1242 1043//1105
f 988//1050 997//1059 1174//1235
f 1174//1235 997//1059 1163//1224
f 1174//1235 1163//1224 1173//1234
f 1173//1234 1163//1224 1168//1229
f 1173//1234 1168//1229 1172//1233
f 1172//1233 1168//1229 1166//1227
f 1172//1233 1166//1227 1209//1270
f 1209//1270 1166//1227 1147//1208
f 1209//1270 1147//1208 1218//1279
f 1218//1279 1147//1208 1148//1209
f 1218//1279 1148//1209 1217//1278
f 1217//1278 1148//1209 1150//1211
f 1217//1278 1150//1211 1216//1277
f 1216//1277 1150//1211 1049//1110
f 1216//1277 1049//1110 1215//1276
f 1215//1276 1049//1110 1050//1111
f 1215//1276 1050//1111 1214//1275
f 1214//1275 1050//1111 1144//1205
f 1214//1275 1144//1205 1159//1220
f 1159//1220 1144//1205 1146//1207
f 1159//1220 1146//1207 1157//1218
f 1157//1218 1146//1207 1154//1215
f 1157//1218 1154//1215 1155//1216
f 545//558 544//557 1138//1199
f 1138//1199 544//557 515//527
f 1138//1199 515//527 1137//1198
f 1137//1198 515//527 514//526
f 1137//1198 514//526 880//942
f 880//942 514//526 354//325
f 880//942 354//325 353//324
f 763//825 762//824 1154//1215
f 1154//1215 762//824 749//811
f 1154//1215 749//811 1155//1216
f 1155//1216 749//811 748//810
f 1155//1216 748//810 640//654
f 640//654 639//653 1155//1216
f 1155//1216 639//653 1038//1100
f 1155//1216 1038//1100 1156//1217
f 1156//1217 1038//1100 1118//1179
f 1156//1217 1118//1179 1212//1273
f 1212//1273 1118//1179 1126//1187
f 1212//1273 1126//1187 1213//1274
f 1213//1274 1126//1187 1219//1280
f 1213//1274 1219//1280 1211//1272
f 869//931 885//947 1142//1203
f 1142//1203 885//947 1039//1101
f 1142//1203 1039//1101 1141//1202
f 1141//1202 1039//1101 1101//1162
f 1141//1202 1101//1162 1140//1201
f 1140//1201 1101//1162 1103//1164
f 1140//1201 1103//1164 1120//1181
f 1120//1181 1103//1164 1105//1166
f 1120//1181 1105//1166 1122//1183
f 1122//1183 1105//1166 1107//1168
f 1122//1183 1107//1168 1124//1185
f 1124//1185 1107//1168 1109//1170
f 1124//1185 1109//1170 1125//1186
f 1125//1186 1109//1170 1111//1172
f 1125//1186 1111//1172 1126//1187
f 1126//1187 1111//1172 1113//1174
f 1126//1187 1113//1174 1219//1280
f 1219//1280 1113//1174 1115//1176
f 1219//1280 1115//1176 1211//1272
f 1211//1272 1115//1176 1116//1177
f 1211//1272 1116//1177 1210//1271
f 1210//1271 1116//1177 1192//1253
f 1210//1271 1192//1253 1042//1104
f 1042//1104 1192//1253 1194//1255
f 1042//1104 1194//1255 1040//1102
f 1040//1102 1194//1255 1170//1231
f 1040//1102 1170//1231 1174//1235
f 1174//1235 1170//1231 990//1052
f 1174//1235 990//1052 988//1050
f 1181//1242 1220//1281 1221//1282
f 991//1053 990//1052 1222//1283
f 1222//1283 990//1052 1171//1232
f 1171//1232 1177//1238 1222//1283
f 1222//1283 1177//1238 1176//1237
f 1222//1283 1176//1237 1223//1284
f 1223//1284 1176//1237 1175//1236
f 1223//1284 1175//1236 1224//1285
f 1224//1285 1175//1236 1044//1105
f 1224//1285 1044//1105 1221//1282
f 1221//1282 1044//1105 1043//1105
f 1221//1282 1043//1105 1181//1242
f 1225//1286 1008//1070 309//280
f 991//1053 1226//1287 1227//1288
f 992//1054 987//1049 1227//1288
f 1227//1288 987//1049 989//1051
f 1227//1288 989//1051 991//1053
f 1227//1288 1228//1289 992//1054
f 992//1054 1228//1289 1229//1290
f 992//1054 1229//1290 993//1055
f 993//1055 1229//1290 1000//1062
f 1225//1286 309//280 1230//1291
f 1229//1290 1231//1292 1000//1062
f 1000//1062 1231//1292 1232//1293
f 1000//1062 1232//1293 998//1060
f 998//1060 1232//1293 1233//1294
f 998//1060 1233//1294 1005//1067
f 1005//1067 1233//1294 1230//1291
f 1005//1067 1230//1291 1003//1065
f 1003//1065 1230//1291 309//280
f 1025//1087 1024//1086 1234//1295
f 1234//1295 1024//1086 1235//1296
f 1021//1083 1236//1297 1022//1084
f 1022//1084 1236//1297 1237//1298
f 1022//1084 1237//1298 1023//1085
f 1023//1085 1237//1298 1238//1299
f 1023//1085 1238//1299 1024//1086
f 1024//1086 1238//1299 1239//1300
f 1024//1086 1239//1300 1235//1296
f 1014//1076 1240//1301 1015//1077
f 1015//1077 1240//1301 1241//1302
f 1015//1077 1241//1302 1016//1078
f 1016//1078 1241//1302 1242//1303
f 1016//1078 1242//1303 1017//1079
f 1017//1079 1242//1303 1243//1304
f 1017//1079 1243//1304 1018//1080
f 1018//1080 1243//1304 1244//1305
f 1018//1080 1244//1305 1019//1081
f 1019//1081 1244//1305 1245//1306
f 1019//1081 1245//1306 1020//1082
f 1020//1082 1245//1306 1246//1307
f 1020//1082 1246//1307 1021//1083
f 1021//1083 1246//1307 1247//1308
f 1021//1083 1247//1308 1236//1297
f 1012//1074 1248//1309 1013//1075
f 1013//1075 1248//1309 1249//1310
f 1013//1075 1249//1310 1014//1076
f 1014//1076 1249//1310 1250//1311
f 1014//1076 1250//1311 1240//1301
f 1010//1072 1251//1312 1011//1073
f 1011//1073 1251//1312 1252//1313
f 1011//1073 1252//1313 1012//1074
f 1012//1074 1252//1313 1253//1314
f 1012//1074 1253//1314 1248//1309
f 1008//1070 1254//1315 1009//1071
f 1009//1071 1254//1315 1255//1316
f 1009//1071 1255//1316 1010//1072
f 1010//1072 1255//1316 1256//1317
f 1010//1072 1256//1317 1251//1312
f 1257//1318 1027//1089 1258//1319
f 1258//1319 1027//1089 1026//1088
f 1258//1319 1026//1088 1259//1320
f 1259//1320 1026//1088 1025//1087
f 1259//1320 1025//1087 1234//1295
f 350//321 1027//1089 1260//1321
f 350//321 1260//1321 1028//1090
f 1028//1090 1260//1321 1261//1322
f 1028//1090 1261//1322 1029//1091
f 1029//1091 1261//1322 1262//1323
f 1029//1091 1262//1323 1030//1092
f 1262//1323 1263//1324 1030//1092
f 1030//1092 1263//1324 1264//1325
f 1030//1092 1264//1325 1031//1093
f 1264//1325 1265//1326 1031//1093
f 1031//1093 1265//1326 1266//1327
f 1031//1093 1266//1327 1032//1094
f 1032//1094 1266//1327 1267//1328
f 1032//1094 1267//1328 1268//1329
f 1032//1094 1268//1329 1269//1330
f 1032//1094 1269//1330 1033//1095
f 1033//1095 1269//1330 1270//1331
f 1033//1095 1270//1331 1036//1098
f 1059//1120 1075//1136 1271//1332
f 1037//1099 1036//1098 1079//1140
f 1079//1140 1036//1098 1272//1333
f 1079//1140 1272//1333 1077//1138
f 1077//1138 1272//1333 1053//1114
f 1053//1114 1272//1333 1273//1334
f 1053//1114 1273//1334 1054//1115
f 1075//1136 1057//1118 1271//1332
f 1271//1332 1057//1118 1056//1117
f 1271//1332 1056//1117 1273//1334
f 1273//1334 1056//1117 1076//1137
f 1273//1334 1076//1137 1054//1115
f 1274//1335 1072//1133 1071//1132
f 1071//1132 1063//1124 1274//1335
f 1274//1335 1063//1124 1062//1123
f 1274//1335 1062//1123 1275//1336
f 1275//1336 1062//1123 1074//1135
f 1275//1336 1074//1135 1271//1332
f 1271//1332 1074//1135 1060//1121
f 1271//1332 1060//1121 1059//1120
f 1072//1133 1274//1335 1073//1134
f 1073//1134 1274//1335 1276//1337
f 1073//1134 1276//1337 1070//1131
f 1195//1256 1067//1128 1277//1338
f 1277//1338 1067//1128 1066//1127
f 1277//1338 1066//1127 1276//1337
f 1276//1337 1066//1127 1068//1129
f 1276//1337 1068//1129 1070//1131
f 1178//1239 1199//1260 1278//1339
f 1278//1339 1199//1260 1198//1259
f 1278//1339 1198//1259 1277//1338
f 1277//1338 1198//1259 1196//1257
f 1277//1338 1196//1257 1195//1256
f 1178//1239 1278//1339 1179//1240
f 1179//1240 1278//1339 1220//1281
f 1179//1240 1220//1281 1181//1242
f 1279//1340 1224//1285 1280//1341
f 1280//1341 1224//1285 1221//1282
f 1280//1341 1221//1282 1220//1281
f 1226//1287 991//1053 1281//1342
f 1281//1342 991//1053 1222//1283
f 1281//1342 1222//1283 1279//1340
f 1279//1340 1222//1283 1223//1284
f 1279//1340 1223//1284 1224//1285
f 1227//1288 1226//1287 1282//1343
f 1254//1315 1008//1070 1283//1344
f 1283//1344 1008//1070 1225//1286
f 1232//1293 1284//1345 1233//1294
f 1233//1294 1284//1345 1285//1346
f 1233//1294 1285//1346 1230//1291
f 1230//1291 1285//1346 1286//1347
f 1230//1291 1286//1347 1225//1286
f 1225//1286 1286//1347 1287//1348
f 1225//1286 1287//1348 1283//1344
f 1288//1349 1231//1292 1289//1350
f 1289//1350 1231//1292 1229//1290
f 1289//1350 1229//1290 1228//1289
f 1288//1349 1290//1351 1231//1292
f 1231//1292 1290//1351 1291//1352
f 1231//1292 1291//1352 1232//1293
f 1232//1293 1291//1352 1292//1353
f 1232//1293 1292//1353 1284//1345
f 1227//1288 1282//1343 1228//1289
f 1228//1289 1282//1343 1293//1354
f 1228//1289 1293//1354 1289//1350
f 1294//1355 1239//1300 1295//1356
f 1295//1356 1239//1300 1238//1299
f 1295//1356 1238//1299 1296//1357
f 1296//1357 1238//1299 1237//1298
f 1249//1310 1248//1309 1297//1358
f 1254//1315 1298//1359 1255//1316
f 1255//1316 1298//1359 1299//1360
f 1255//1316 1299//1360 1256//1317
f 1256//1317 1299//1360 1300//1361
f 1256//1317 1300//1361 1251//1312
f 1300//1361 1301//1362 1251//1312
f 1251//1312 1301//1362 1302//1363
f 1251//1312 1302//1363 1252//1313
f 1252//1313 1302//1363 1303//1364
f 1303//1364 1304//1365 1252//1313
f 1252//1313 1304//1365 1305//1366
f 1252//1313 1305//1366 1253//1314
f 1253//1314 1305//1366 1306//1367
f 1253//1314 1306//1367 1248//1309
f 1248//1309 1306//1367 1297//1358
f 1297//1358 1307//1368 1249//1310
f 1249//1310 1307//1368 1308//1369
f 1249//1310 1308//1369 1250//1311
f 1250//1311 1308//1369 1309//1370
f 1250//1311 1309//1370 1240//1301
f 1309//1370 1310//1371 1240//1301
f 1240//1301 1310//1371 1311//1372
f 1240//1301 1311//1372 1241//1302
f 1311//1372 1312//1373 1241//1302
f 1241//1302 1312//1373 1313//1374
f 1241//1302 1313//1374 1242//1303
f 1242//1303 1313//1374 1314//1375
f 1242//1303 1314//1375 1243//1304
f 1315//1376 1245//1306 1316//1377
f 1316//1377 1245//1306 1244//1305
f 1314//1375 1317//1378 1243//1304
f 1243//1304 1317//1378 1318//1379
f 1243//1304 1318//1379 1244//1305
f 1244//1305 1318//1379 1319//1380
f 1244//1305 1319//1380 1316//1377
f 1320//1381 1247//1308 1246//1307
f 1315//1376 1321//1382 1245//1306
f 1245//1306 1321//1382 1322//1383
f 1245//1306 1322//1383 1246//1307
f 1246//1307 1322//1383 1323//1384
f 1246//1307 1323//1384 1320//1381
f 1320//1381 1324//1385 1247//1308
f 1247//1308 1324//1385 1325//1386
f 1247//1308 1325//1386 1236//1297
f 1236//1297 1325//1386 1326//1387
f 1236//1297 1326//1387 1237//1298
f 1237//1298 1326//1387 1327//1388
f 1237//1298 1327//1388 1296//1357
f 1328//1389 1329//1390 1330//1391
f 1294//1355 1331//1392 1239//1300
f 1239//1300 1331//1392 1328//1389
f 1239//1300 1328//1389 1235//1296
f 1235//1296 1328//1389 1330//1391
f 1235//1296 1330//1391 1234//1295
f 1332//1393 1257//1318 1258//1319
f 1329//1390 1333//1394 1330//1391
f 1330//1391 1333//1394 1334//1395
f 1330//1391 1334//1395 1335//1396
f 1234//1295 1330//1391 1259//1320
f 1259//1320 1330//1391 1335//1396
f 1259//1320 1335//1396 1258//1319
f 1258//1319 1335//1396 1336//1397
f 1258//1319 1336//1397 1332//1393
f 1266//1327 1265//1326 1337//1398
f 1268//1329 1267//1328 1338//1399
f 1338//1399 1267//1328 1339//1400
f 1266//1327 1337//1398 1267//1328
f 1267//1328 1337//1398 1340//1401
f 1267//1328 1340//1401 1339//1400
f 1264//1325 1263//1324 1341//1402
f 1341//1402 1342//1403 1264//1325
f 1264//1325 1342//1403 1343//1404
f 1264//1325 1343//1404 1265//1326
f 1265//1326 1343//1404 1344//1405
f 1265//1326 1344//1405 1337//1398
f 1027//1089 1257//1318 1260//1321
f 1260//1321 1257//1318 1345//1406
f 1260//1321 1345//1406 1261//1322
f 1261//1322 1345//1406 1346//1407
f 1261//1322 1346//1407 1262//1323
f 1262//1323 1346//1407 1347//1408
f 1262//1323 1347//1408 1263//1324
f 1263//1324 1347//1408 1348//1409
f 1263//1324 1348//1409 1341//1402
f 1349//1410 1270//1331 1269//1330
f 1349//1410 1269//1330 1350//1411
f 1350//1411 1269//1330 1268//1329
f 1350//1411 1268//1329 1338//1399
f 1036//1098 1270//1331 1351//1412
f 1036//1098 1351//1412 1272//1333
f 1272//1333 1351//1412 1352//1413
f 1272//1333 1352//1413 1273//1334
f 1352//1413 1353//1414 1273//1334
f 1273//1334 1353//1414 1354//1415
f 1273//1334 1354//1415 1271//1332
f 1354//1415 1355//1416 1271//1332
f 1271//1332 1355//1416 1356//1417
f 1271//1332 1356//1417 1275//1336
f 1275//1336 1356//1417 1357//1418
f 1275//1336 1357//1418 1274//1335
f 1274//1335 1357//1418 1358//1419
f 1358//1419 1359//1420 1274//1335
f 1274//1335 1359//1420 1360//1421
f 1274//1335 1360//1421 1276//1337
f 1360//1421 1361//1422 1276//1337
f 1276//1337 1361//1422 1362//1423
f 1276//1337 1362//1423 1277//1338
f 1362//1423 1363//1424 1277//1338
f 1277//1338 1363//1424 1364//1425
f 1277//1338 1364//1425 1278//1339
f 1280//1341 1220//1281 1365//1426
f 1365//1426 1220//1281 1278//1339
f 1365//1426 1278//1339 1366//1427
f 1366//1427 1278//1339 1364//1425
f 1282//1343 1226//1287 1367//1428
f 1367//1428 1226//1287 1281//1342
f 1280//1341 1368//1429 1279//1340
f 1279//1340 1368//1429 1369//1430
f 1279//1340 1369//1430 1281//1342
f 1281//1342 1369//1430 1370//1431
f 1281//1342 1370//1431 1367//1428
f 1322//1383 1321//1382 1371//1432
f 1372//1433 1373//1434 1374//1435
f 1375//1436 1376//1437 1377//1438
f 1378//1439 1379//1440 1380//1441
f 1381//1442 1382//1443 1378//1439
f 1378//1439 1380//1441 1381//1442
f 1381//1442 1380//1441 1383//1444
f 1381//1442 1383//1444 1384//1445
f 1376//1437 1385//1446 1377//1438
f 1377//1438 1385//1446 1386//1447
f 1377//1438 1386//1447 1381//1442
f 1381//1442 1386//1447 1387//1448
f 1381//1442 1387//1448 1382//1443
f 1388//1449 1389//1450 1390//1451
f 1390//1451 1389//1450 1391//1452
f 1390//1451 1391//1452 1377//1438
f 1377//1438 1391//1452 1392//1453
f 1377//1438 1392//1453 1375//1436
f 1372//1433 1374//1435 1393//1454
f 1394//1455 1395//1456 1393//1454
f 1396//1457 1397//1458 1398//1459
f 1398//1459 1397//1458 1399//1460
f 1398//1459 1399//1460 1394//1455
f 1394//1455 1399//1460 1400//1461
f 1394//1455 1400//1461 1395//1456
f 1401//1462 1285//1346 1402//1463
f 1402//1463 1285//1346 1284//1345
f 1402//1463 1284//1345 1292//1353
f 1403//1464 1287//1348 1401//1462
f 1401//1462 1287//1348 1286//1347
f 1401//1462 1286//1347 1285//1346
f 1301//1362 1300//1361 1404//1465
f 1404//1465 1300//1361 1299//1360
f 1298//1359 1254//1315 1403//1464
f 1403//1464 1254//1315 1283//1344
f 1403//1464 1283//1344 1287//1348
f 1334//1395 1333//1394 1405//1466
f 1405//1466 1333//1394 1384//1445
f 1333//1394 1329//1390 1384//1445
f 1384//1445 1329//1390 1328//1389
f 1384//1445 1328//1389 1381//1442
f 1381//1442 1328//1389 1331//1392
f 1381//1442 1331//1392 1294//1355
f 1406//1467 1407//1468 1408//1469
f 1408//1469 1407//1468 1409//1470
f 1408//1469 1409//1470 1398//1459
f 1398//1459 1409//1470 1410//1471
f 1398//1459 1410//1471 1396//1457
f 1411//1472 1412//1473 1371//1432
f 1371//1432 1412//1473 1388//1449
f 1373//1434 1413//1474 1374//1435
f 1374//1435 1413//1474 1414//1475
f 1374//1435 1414//1475 1371//1432
f 1371//1432 1414//1475 1415//1476
f 1371//1432 1415//1476 1411//1472
f 1310//1371 1309//1370 1398//1459
f 1398//1459 1309//1370 1308//1369
f 1398//1459 1308//1369 1408//1469
f 1408//1469 1308//1369 1307//1368
f 1374//1435 1318//1379 1317//1378
f 1393//1454 1374//1435 1394//1455
f 1394//1455 1374//1435 1317//1378
f 1394//1455 1317//1378 1314//1375
f 1314//1375 1313//1374 1394//1455
f 1394//1455 1313//1374 1312//1373
f 1394//1455 1312//1373 1398//1459
f 1398//1459 1312//1373 1311//1372
f 1398//1459 1311//1372 1310//1371
f 1388//1449 1390//1451 1371//1432
f 1371//1432 1390//1451 1323//1384
f 1371//1432 1323//1384 1322//1383
f 1294//1355 1295//1356 1381//1442
f 1381//1442 1295//1356 1296//1357
f 1381//1442 1296//1357 1377//1438
f 1377//1438 1296//1357 1327//1388
f 1377//1438 1327//1388 1326//1387
f 1326//1387 1325//1386 1377//1438
f 1377//1438 1325//1386 1324//1385
f 1377//1438 1324//1385 1390//1451
f 1390//1451 1324//1385 1320//1381
f 1390//1451 1320//1381 1323//1384
f 1321//1382 1315//1376 1371//1432
f 1371//1432 1315//1376 1316//1377
f 1371//1432 1316//1377 1374//1435
f 1374//1435 1316//1377 1319//1380
f 1374//1435 1319//1380 1318//1379
f 1401//1462 1416//1477 1417//1478
f 1401//1462 1417//1478 1403//1464
f 1403//1464 1417//1478 1418//1479
f 1403//1464 1418//1479 1419//1480
f 1420//1481 1421//1482 1404//1465
f 1419//1480 1420//1481 1403//1464
f 1403//1464 1420//1481 1404//1465
f 1403//1464 1404//1465 1298//1359
f 1298//1359 1404//1465 1299//1360
f 1282//1343 1422//1483 1293//1354
f 1293//1354 1422//1483 1423//1484
f 1293//1354 1423//1484 1289//1350
f 1289//1350 1423//1484 1424//1485
f 1289//1350 1424//1485 1288//1349
f 1288//1349 1424//1485 1425//1486
f 1288//1349 1425//1486 1290//1351
f 1290//1351 1425//1486 1426//1487
f 1290//1351 1426//1487 1291//1352
f 1291//1352 1426//1487 1427//1488
f 1291//1352 1427//1488 1292//1353
f 1292//1353 1427//1488 1428//1489
f 1292//1353 1428//1489 1402//1463
f 1402//1463 1428//1489 1429//1490
f 1402//1463 1429//1490 1401//1462
f 1401//1462 1429//1490 1430//1491
f 1401//1462 1430//1491 1416//1477
f 1421//1482 1431//1492 1404//1465
f 1404//1465 1431//1492 1432//1493
f 1404//1465 1432//1493 1433//1494
f 1433//1494 1432//1493 1434//1495
f 1433//1494 1434//1495 1408//1469
f 1408//1469 1434//1495 1435//1496
f 1408//1469 1435//1496 1406//1467
f 1305//1366 1304//1365 1433//1494
f 1433//1494 1304//1365 1303//1364
f 1433//1494 1303//1364 1404//1465
f 1404//1465 1303//1364 1302//1363
f 1404//1465 1302//1363 1301//1362
f 1307//1368 1297//1358 1408//1469
f 1408//1469 1297//1358 1306//1367
f 1408//1469 1306//1367 1433//1494
f 1433//1494 1306//1367 1305//1366
f 1414//1475 1413//1474 1436//1497
f 1436//1497 1413//1474 1373//1434
f 1436//1497 1373//1434 1372//1433
f 1437//1498 1438//1499 1439//1500
f 1439//1500 1438//1499 1440//1501
f 1439//1500 1440//1501 1441//1502
f 1441//1502 1440//1501 1442//1503
f 1442//1503 1440//1501 1443//1504
f 1442//1503 1443//1504 1444//1505
f 1444//1505 1443//1504 1445//1506
f 1444//1505 1445//1506 1446//1507
f 1446//1507 1445//1506 1447//1508
f 1446//1507 1447//1508 1436//1497
f 1436//1497 1447//1508 1448//1509
f 1436//1497 1448//1509 1414//1475
f 1449//1510 1450//1511 1451//1512
f 1451//1512 1450//1511 1452//1513
f 1451//1512 1452//1513 1453//1514
f 1449//1510 1454//1515 1455//1516
f 1449//1510 1455//1516 1450//1511
f 1450//1511 1455//1516 1456//1517
f 1450//1511 1456//1517 1457//1518
f 1457//1518 1456//1517 1458//1519
f 1457//1518 1458//1519 1459//1520
f 1459//1520 1458//1519 1460//1521
f 1459//1520 1460//1521 1461//1522
f 1461//1522 1460//1521 1462//1523
f 1461//1522 1462//1523 1463//1524
f 1463//1524 1462//1523 1464//1525
f 1463//1524 1464//1525 1465//1526
f 1465//1526 1464//1525 1466//1527
f 1465//1526 1466//1527 1467//1528
f 1467//1528 1466//1527 1468//1529
f 1467//1528 1468//1529 1469//1530
f 1469//1530 1468//1529 1470//1531
f 1469//1530 1470//1531 1471//1532
f 1471//1532 1470//1531 1472//1533
f 1471//1532 1472//1533 1473//1534
f 1473//1534 1472//1533 1474//1535
f 1473//1534 1474//1535 1475//1536
f 1475//1536 1474//1535 1476//1537
f 1475//1536 1476//1537 1477//1538
f 1477//1538 1476//1537 1478//1539
f 1477//1538 1478//1539 1479//1540
f 1479//1540 1478//1539 1480//1541
f 1479//1540 1480//1541 1481//1542
f 1481//1542 1480//1541 1482//1543
f 1481//1542 1482//1543 1437//1498
f 1437//1498 1482//1543 1483//1544
f 1437//1498 1483//1544 1438//1499
f 1400//1461 1399//1460 1484//1545
f 1407//1468 1406//1467 1485//1546
f 1486//1547 1487//1548 1488//1549
f 1489//1550 1490//1551 1491//1552
f 1492//1553 1493//1554 1494//1555
f 1495//1556 1496//1557 1493//1554
f 1493//1554 1496//1557 1497//1558
f 1493//1554 1497//1558 1494//1555
f 1498//1559 1499//1560 1500//1561
f 1498//1559 1500//1561 1501//1562
f 1500//1561 1502//1563 1501//1562
f 1501//1562 1502//1563 1503//1564
f 1501//1562 1503//1564 1504//1565
f 1504//1565 1503//1564 1505//1566
f 1504//1565 1505//1566 1495//1556
f 1495//1556 1505//1566 1506//1567
f 1495//1556 1506//1567 1496//1557
f 1499//1560 1498//1559 1507//1568
f 1507//1568 1498//1559 1508//1569
f 1507//1568 1508//1569 1509//1570
f 1509//1570 1508//1569 1510//1571
f 1509//1570 1510//1571 1491//1552
f 1491//1552 1510//1571 1511//1572
f 1491//1552 1511//1572 1489//1550
f 1512//1573 1513//1574 1514//1575
f 1515//1576 1516//1577 1517//1578
f 1517//1578 1516//1577 1518//1579
f 1517//1578 1518//1579 1519//1580
f 1514//1575 1520//1581 1512//1573
f 1512//1573 1520//1581 1521//1582
f 1512//1573 1521//1582 1518//1579
f 1518//1579 1521//1582 1522//1583
f 1518//1579 1522//1583 1519//1580
f 1523//1584 1524//1585 1486//1547
f 1486//1547 1524//1585 1525//1586
f 1486//1547 1525//1586 1487//1548
f 1526//1587 1527//1588 1488//1549
f 1488//1549 1527//1588 1528//1589
f 1488//1549 1528//1589 1529//1590
f 1530//1591 1531//1592 1532//1593
f 1515//1576 1533//1594 1516//1577
f 1516//1577 1533//1594 1534//1595
f 1516//1577 1534//1595 1526//1587
f 1526//1587 1534//1595 1535//1596
f 1526//1587 1535//1596 1527//1588
f 1432//1493 1536//1597 1434//1495
f 1434//1495 1536//1597 1485//1546
f 1434//1495 1485//1546 1435//1496
f 1435//1496 1485//1546 1406//1467
f 1537//1598 1538//1599 1539//1600
f 1539//1600 1538//1599 1540//1601
f 1539//1600 1540//1601 1541//1602
f 1537//1598 1539//1600 1542//1603
f 1542//1603 1539//1600 1543//1604
f 1542//1603 1543//1604 1544//1605
f 1536//1597 1545//1606 1485//1546
f 1485//1546 1545//1606 1546//1607
f 1485//1546 1546//1607 1543//1604
f 1543//1604 1546//1607 1547//1605
f 1543//1604 1547//1605 1544//1605
f 1524//1585 1530//1591 1525//1586
f 1525//1586 1530//1591 1532//1593
f 1525//1586 1532//1593 1487//1548
f 1487//1548 1532//1593 1548//1608
f 1487//1548 1548//1608 1488//1549
f 1488//1549 1548//1608 1549//1609
f 1488//1549 1549//1609 1526//1587
f 1526//1587 1549//1609 1550//1610
f 1526//1587 1550//1610 1516//1577
f 1516//1577 1550//1610 1551//1611
f 1516//1577 1551//1611 1518//1579
f 1518//1579 1551//1611 1552//1612
f 1518//1579 1552//1612 1512//1573
f 1512//1573 1552//1612 1553//1613
f 1512//1573 1553//1613 1513//1574
f 1513//1574 1553//1613 1554//1614
f 1513//1574 1554//1614 1541//1602
f 1541//1602 1554//1614 1555//1615
f 1541//1602 1555//1615 1539//1600
f 1539//1600 1555//1615 1556//1616
f 1539//1600 1556//1616 1543//1604
f 1543//1604 1556//1616 1557//1617
f 1543//1604 1557//1617 1485//1546
f 1485//1546 1557//1617 1558//1618
f 1400//1461 1484//1545 1395//1456
f 1397//1458 1396//1457 1558//1618
f 1558//1618 1396//1457 1410//1471
f 1558//1618 1410//1471 1485//1546
f 1485//1546 1410//1471 1409//1470
f 1485//1546 1409//1470 1407//1468
f 1393//1454 1395//1456 1559//1619
f 1559//1619 1395//1456 1484//1545
f 1559//1619 1484//1545 1560//1620
f 1560//1620 1484//1545 1561//1621
f 1562//1622 1563//1623 1564//1624
f 1562//1622 1565//1625 1563//1623
f 1563//1623 1565//1625 1566//1626
f 1563//1623 1566//1626 1561//1621
f 1561//1621 1566//1626 1567//1627
f 1561//1621 1567//1627 1560//1620
f 1494//1555 1568//1628 1492//1553
f 1492//1553 1568//1628 1569//1629
f 1492//1553 1569//1629 1564//1624
f 1564//1624 1569//1629 1570//1630
f 1564//1624 1570//1630 1562//1622
f 1529//1590 1571//1631 1488//1549
f 1488//1549 1571//1631 1572//1632
f 1488//1549 1572//1632 1486//1547
f 1486//1547 1572//1632 1573//1633
f 1486//1547 1573//1633 1523//1584
f 1523//1584 1573//1633 1574//1634
f 1523//1584 1574//1634 1575//1635
f 1575//1635 1574//1634 1576//1636
f 1577//1637 1578//1638 1510//1571
f 1510//1571 1578//1638 1579//1639
f 1510//1571 1579//1639 1511//1572
f 1540//1601 1580//1640 1541//1602
f 1541//1602 1580//1640 1581//1641
f 1541//1602 1581//1641 1513//1574
f 1513//1574 1581//1641 1582//1642
f 1513//1574 1582//1642 1514//1575
f 1531//1592 1577//1637 1532//1593
f 1532//1593 1577//1637 1510//1571
f 1532//1593 1510//1571 1548//1608
f 1548//1608 1510//1571 1508//1569
f 1548//1608 1508//1569 1549//1609
f 1549//1609 1508//1569 1498//1559
f 1549//1609 1498//1559 1550//1610
f 1550//1610 1498//1559 1501//1562
f 1550//1610 1501//1562 1551//1611
f 1551//1611 1501//1562 1504//1565
f 1551//1611 1504//1565 1552//1612
f 1552//1612 1504//1565 1495//1556
f 1552//1612 1495//1556 1553//1613
f 1553//1613 1495//1556 1493//1554
f 1553//1613 1493//1554 1554//1614
f 1554//1614 1493//1554 1492//1553
f 1554//1614 1492//1553 1555//1615
f 1555//1615 1492//1553 1564//1624
f 1555//1615 1564//1624 1556//1616
f 1556//1616 1564//1624 1563//1623
f 1556//1616 1563//1623 1557//1617
f 1557//1617 1563//1623 1561//1621
f 1557//1617 1561//1621 1558//1618
f 1558//1618 1561//1621 1484//1545
f 1558//1618 1484//1545 1397//1458
f 1397//1458 1484//1545 1399//1460
f 1436//1497 1372//1433 1393//1454
f 1505//1566 1471//1532 1506//1567
f 1506//1567 1471//1532 1473//1534
f 1506//1567 1473//1534 1496//1557
f 1393//1454 1559//1619 1436//1497
f 1436//1497 1559//1619 1560//1620
f 1436//1497 1560//1620 1446//1507
f 1446//1507 1560//1620 1567//1627
f 1491//1552 1490//1551 1583//1643
f 1584//1644 1453//1514 1452//1513
f 1452//1513 1450//1511 1584//1644
f 1584//1644 1450//1511 1507//1568
f 1584//1644 1507//1568 1583//1643
f 1583//1645 1507//1645 1509//1645
f 1583//1643 1509//1570 1491//1552
f 1450//1511 1457//1518 1507//1568
f 1507//1568 1457//1518 1459//1520
f 1507//1568 1459//1520 1499//1560
f 1499//1560 1459//1520 1461//1522
f 1499//1560 1461//1522 1500//1561
f 1500//1561 1461//1522 1463//1524
f 1500//1561 1463//1524 1502//1563
f 1502//1563 1463//1524 1465//1526
f 1502//1563 1465//1526 1503//1564
f 1503//1564 1465//1526 1467//1528
f 1503//1564 1467//1528 1505//1566
f 1505//1566 1467//1528 1469//1530
f 1505//1566 1469//1530 1471//1532
f 1496//1557 1473//1534 1497//1558
f 1497//1558 1473//1534 1475//1536
f 1497//1558 1475//1536 1494//1555
f 1494//1555 1475//1536 1477//1538
f 1494//1555 1477//1538 1568//1628
f 1568//1628 1477//1538 1479//1540
f 1568//1628 1479//1540 1569//1629
f 1569//1629 1479//1540 1481//1542
f 1569//1629 1481//1542 1570//1630
f 1570//1630 1481//1542 1437//1498
f 1570//1630 1437//1498 1562//1622
f 1562//1622 1437//1498 1439//1500
f 1562//1622 1439//1500 1565//1625
f 1565//1625 1439//1500 1441//1502
f 1565//1625 1441//1502 1566//1626
f 1566//1626 1441//1502 1442//1503
f 1566//1626 1442//1503 1567//1627
f 1567//1627 1442//1503 1444//1505
f 1567//1627 1444//1505 1446//1507
f 1415//1476 1414//1475 1448//1509
f 1585//1646 1586//1647 1587//1648
f 1587//1648 1586//1647 1588//1649
f 1587//1648 1588//1649 1589//1650
f 1411//1472 1415//1476 1590//1651
f 1590//1651 1415//1476 1448//1509
f 1590//1651 1448//1509 1591//1652
f 1591//1652 1448//1509 1447//1508
f 1591//1652 1447//1508 1592//1653
f 1592//1653 1447//1508 1445//1506
f 1592//1653 1445//1506 1593//1654
f 1593//1654 1445//1506 1443//1504
f 1593//1654 1443//1504 1594//1655
f 1594//1655 1443//1504 1440//1501
f 1594//1655 1440//1501 1595//1656
f 1595//1656 1440//1501 1438//1499
f 1595//1656 1438//1499 1596//1657
f 1596//1657 1438//1499 1483//1544
f 1596//1657 1483//1544 1597//1658
f 1483//1544 1482//1543 1597//1658
f 1597//1658 1482//1543 1480//1541
f 1597//1658 1480//1541 1598//1659
f 1598//1659 1480//1541 1478//1539
f 1598//1659 1478//1539 1599//1660
f 1599//1660 1478//1539 1476//1537
f 1599//1660 1476//1537 1600//1661
f 1600//1661 1476//1537 1474//1535
f 1600//1661 1474//1535 1601//1662
f 1601//1662 1474//1535 1472//1533
f 1601//1662 1472//1533 1602//1663
f 1602//1663 1472//1533 1470//1531
f 1602//1663 1470//1531 1603//1664
f 1603//1664 1470//1531 1468//1529
f 1603//1664 1468//1529 1604//1665
f 1604//1665 1468//1529 1466//1527
f 1604//1665 1466//1527 1605//1666
f 1605//1666 1466//1527 1464//1525
f 1605//1666 1464//1525 1606//1667
f 1606//1667 1464//1525 1462//1523
f 1606//1667 1462//1523 1607//1668
f 1607//1668 1462//1523 1460//1521
f 1607//1668 1460//1521 1588//1649
f 1588//1649 1460//1521 1458//1519
f 1588//1649 1458//1519 1589//1650
f 1589//1650 1458//1519 1456//1517
f 1589//1650 1456//1517 1608//1669
f 1608//1670 1456//1670 1455//1670
f 1608//1669 1455//1516 1454//1515
f 1412//1473 1411//1472 1590//1651
f 1609//1671 1610//1672 1611//1673
f 1612//1674 1613//1675 1614//1676
f 1615//1677 1616//1678 1598//1659
f 1598//1659 1599//1660 1615//1677
f 1615//1677 1599//1660 1600//1661
f 1615//1677 1600//1661 1617//1679
f 1614//1676 1618//1680 1612//1674
f 1612//1674 1618//1680 1619//1681
f 1612//1674 1619//1681 1617//1679
f 1617//1679 1619//1681 1620//1682
f 1617//1679 1620//1682 1615//1677
f 1605//1666 1611//1673 1613//1675
f 1613//1675 1611//1673 1610//1672
f 1613//1675 1610//1672 1614//1676
f 1621//1683 1622//1684 1623//1685
f 1609//1671 1611//1673 1624//1686
f 1624//1686 1611//1673 1621//1683
f 1624//1686 1621//1683 1625//1687
f 1625//1687 1621//1683 1623//1685
f 1625//1687 1623//1685 1626//1688
f 1600//1661 1601//1662 1617//1679
f 1617//1679 1601//1662 1602//1663
f 1617//1679 1602//1663 1612//1674
f 1612//1674 1602//1663 1603//1664
f 1612//1674 1603//1664 1613//1675
f 1613//1675 1603//1664 1604//1665
f 1613//1675 1604//1665 1605//1666
f 1388//1449 1627//1689 1389//1450
f 1389//1450 1627//1689 1391//1452
f 1628//1690 1629//1691 1630//1692
f 1630//1692 1629//1691 1593//1654
f 1620//1682 1631//1693 1615//1677
f 1615//1677 1631//1693 1632//1694
f 1615//1677 1632//1694 1616//1678
f 1616//1678 1632//1694 1633//1695
f 1616//1678 1633//1695 1634//1696
f 1634//1696 1633//1695 1635//1697
f 1634//1696 1635//1697 1630//1692
f 1630//1692 1635//1697 1636//1698
f 1630//1692 1636//1698 1628//1690
f 1628//1690 1637//1699 1629//1691
f 1629//1691 1637//1699 1638//1700
f 1629//1691 1638//1700 1639//1701
f 1388//1449 1412//1473 1627//1689
f 1627//1689 1412//1473 1590//1651
f 1627//1689 1590//1651 1639//1701
f 1639//1701 1590//1651 1591//1652
f 1639//1701 1591//1652 1629//1691
f 1629//1691 1591//1652 1592//1653
f 1629//1691 1592//1653 1593//1654
f 1605//1666 1606//1667 1611//1673
f 1611//1673 1606//1667 1607//1668
f 1611//1673 1607//1668 1621//1683
f 1621//1683 1607//1668 1588//1649
f 1621//1683 1588//1649 1622//1684
f 1622//1684 1588//1649 1586//1647
f 1622//1684 1586//1647 1585//1646
f 1593//1654 1594//1655 1630//1692
f 1630//1692 1594//1655 1595//1656
f 1630//1692 1595//1656 1634//1696
f 1634//1696 1595//1656 1596//1657
f 1634//1696 1596//1657 1616//1678
f 1616//1678 1596//1657 1597//1658
f 1616//1678 1597//1658 1598//1659
f 1640//1702 1641//1703 1642//1704
f 1642//1704 1379//1440 1640//1702
f 1640//1702 1379//1440 1378//1439
f 1640//1702 1378//1439 1382//1443
f 1641//1703 1640//1702 1643//1705
f 1643//1705 1640//1702 1644//1706
f 1643//1705 1644//1706 1645//1707
f 1646//1708 1647//1709 1648//1710
f 1646//1708 1648//1710 1644//1706
f 1644//1706 1648//1710 1649//1711
f 1644//1706 1649//1711 1645//1707
f 1650//1712 1651//1713 1652//1714
f 1650//1712 1652//1714 1646//1708
f 1646//1708 1652//1714 1647//1709
f 1653//1715 1654//1716 1655//1717
f 1653//1715 1655//1717 1650//1712
f 1650//1712 1655//1717 1651//1713
f 1656//1718 1657//1719 1658//1720
f 1656//1718 1658//1720 1653//1715
f 1653//1715 1658//1720 1654//1716
f 1659//1721 1660//1722 1661//1723
f 1659//1721 1661//1723 1656//1718
f 1656//1718 1661//1723 1657//1719
f 1662//1724 1663//1725 1664//1726
f 1662//1724 1664//1726 1659//1721
f 1659//1721 1664//1726 1660//1722
f 1665//1727 1666//1728 1667//1729
f 1667//1729 1666//1728 1668//1730
f 1667//1729 1668//1730 1669//1731
f 1670//1732 1671//1733 1668//1730
f 1668//1730 1671//1733 1669//1731
f 1666//1728 1665//1727 1672//1734
f 1666//1728 1672//1734 1662//1724
f 1662//1724 1672//1734 1663//1725
f 1673//1735 1674//1736 1675//1737
f 1675//1737 1674//1736 1676//1738
f 1675//1737 1676//1738 1670//1732
f 1676//1738 1677//1739 1670//1732
f 1670//1732 1677//1739 1678//1740
f 1670//1732 1678//1740 1679//1741
f 1679//1741 1680//1742 1670//1732
f 1670//1732 1680//1742 1671//1733
f 1631//1693 1681//1743 1682//1744
f 1631//1693 1620//1682 1681//1743
f 1681//1743 1620//1682 1619//1681
f 1681//1743 1619//1681 1683//1745
f 1683//1745 1619//1681 1618//1680
f 1683//1745 1618//1680 1684//1746
f 1684//1746 1618//1680 1614//1676
f 1684//1746 1614//1676 1685//1747
f 1376//1437 1375//1436 1686//1748
f 1686//1748 1375//1436 1392//1453
f 1686//1748 1392//1453 1391//1452
f 1687//1749 1688//1750 1637//1699
f 1391//1452 1627//1689 1686//1748
f 1686//1748 1627//1689 1639//1701
f 1686//1748 1639//1701 1688//1750
f 1688//1750 1639//1701 1638//1700
f 1688//1750 1638//1700 1637//1699
f 1689//1751 1690//1752 1691//1753
f 1691//1753 1690//1752 1692//1754
f 1691//1753 1692//1754 1685//1747
f 1685//1747 1692//1754 1693//1755
f 1685//1747 1693//1755 1684//1746
f 1684//1746 1693//1755 1694//1756
f 1684//1746 1694//1756 1683//1745
f 1683//1745 1694//1756 1695//1757
f 1683//1745 1695//1757 1681//1743
f 1681//1743 1695//1757 1696//1758
f 1681//1743 1696//1758 1682//1744
f 1682//1744 1696//1758 1697//1759
f 1682//1744 1697//1759 1698//1760
f 1698//1760 1697//1759 1699//1761
f 1698//1760 1699//1761 1700//1762
f 1700//1762 1699//1761 1701//1763
f 1700//1762 1701//1763 1687//1749
f 1687//1749 1701//1763 1702//1764
f 1687//1749 1702//1764 1688//1750
f 1688//1750 1702//1764 1703//1765
f 1688//1750 1703//1765 1686//1748
f 1686//1748 1703//1765 1704//1766
f 1686//1748 1704//1766 1376//1437
f 1387//1448 1386//1447 1704//1766
f 1704//1766 1386//1447 1385//1446
f 1704//1766 1385//1446 1376//1437
f 1614//1676 1610//1672 1685//1747
f 1685//1747 1610//1672 1609//1671
f 1685//1747 1609//1671 1691//1753
f 1691//1753 1609//1671 1624//1686
f 1691//1753 1624//1686 1689//1751
f 1689//1751 1624//1686 1625//1687
f 1689//1751 1625//1687 1705//1767
f 1705//1767 1625//1687 1626//1688
f 1705//1767 1706//1768 1689//1751
f 1689//1751 1706//1768 1707//1769
f 1689//1751 1707//1769 1690//1752
f 1690//1752 1707//1769 1708//1770
f 1690//1752 1708//1770 1709//1771
f 1637//1699 1628//1690 1687//1749
f 1687//1749 1628//1690 1636//1698
f 1687//1749 1636//1698 1700//1762
f 1700//1762 1636//1698 1635//1697
f 1700//1762 1635//1697 1698//1760
f 1698//1760 1635//1697 1633//1695
f 1698//1760 1633//1695 1682//1744
f 1682//1744 1633//1695 1632//1694
f 1682//1744 1632//1694 1631//1693
f 1709//1771 1673//1735 1690//1752
f 1690//1752 1673//1735 1675//1737
f 1690//1752 1675//1737 1692//1754
f 1692//1754 1675//1737 1670//1732
f 1692//1754 1670//1732 1693//1755
f 1693//1755 1670//1732 1668//1730
f 1693//1755 1668//1730 1694//1756
f 1694//1756 1668//1730 1666//1728
f 1694//1756 1666//1728 1695//1757
f 1695//1757 1666//1728 1662//1724
f 1695//1757 1662//1724 1696//1758
f 1696//1758 1662//1724 1659//1721
f 1696//1758 1659//1721 1697//1759
f 1697//1759 1659//1721 1656//1718
f 1697//1759 1656//1718 1699//1761
f 1699//1761 1656//1718 1653//1715
f 1699//1761 1653//1715 1701//1763
f 1701//1763 1653//1715 1650//1712
f 1701//1763 1650//1712 1702//1764
f 1702//1764 1650//1712 1646//1708
f 1702//1764 1646//1708 1703//1765
f 1703//1765 1646//1708 1644//1706
f 1703//1765 1644//1706 1704//1766
f 1704//1766 1644//1706 1640//1702
f 1704//1766 1640//1702 1387//1448
f 1387//1448 1640//1702 1382//1443
f 1710//1772 1711//1773 1712//1774
f 1713//1775 1714//1776 1715//1777
f 1643//1705 1645//1707 1716//1778
f 1716//1778 1645//1707 1717//1779
f 1718//1780 1719//1781 1720//1782
f 1678//1740 1719//1781 1679//1741
f 1679//1741 1719//1781 1718//1780
f 1679//1741 1718//1780 1680//1742
f 1721//1783 1669//1731 1671//1733
f 1721//1783 1671//1733 1718//1780
f 1718//1780 1671//1733 1680//1742
f 1669//1731 1721//1783 1667//1729
f 1667//1729 1721//1783 1722//1784
f 1667//1729 1722//1784 1665//1727
f 1723//1785 1663//1725 1672//1734
f 1723//1785 1672//1734 1722//1784
f 1722//1784 1672//1734 1665//1727
f 1663//1725 1723//1785 1664//1726
f 1664//1726 1723//1785 1715//1777
f 1664//1726 1715//1777 1660//1722
f 1724//1786 1657//1719 1661//1723
f 1724//1786 1661//1723 1715//1777
f 1715//1777 1661//1723 1660//1722
f 1657//1719 1724//1786 1658//1720
f 1658//1720 1724//1786 1725//1787
f 1658//1720 1725//1787 1654//1716
f 1726//1788 1651//1713 1655//1717
f 1726//1788 1655//1717 1725//1787
f 1725//1787 1655//1717 1654//1716
f 1651//1713 1726//1788 1652//1714
f 1652//1714 1726//1788 1727//1789
f 1652//1714 1727//1789 1647//1709
f 1645//1707 1649//1711 1717//1779
f 1717//1779 1649//1711 1648//1710
f 1717//1779 1648//1710 1727//1789
f 1727//1789 1648//1710 1647//1709
f 1642//1704 1641//1703 1712//1774
f 1712//1774 1641//1703 1643//1705
f 1715//1777 1714//1776 1724//1786
f 1724//1786 1714//1776 1728//1790
f 1724//1786 1728//1790 1725//1787
f 1713//1775 1715//1777 1729//1791
f 1729//1791 1715//1777 1723//1785
f 1729//1791 1723//1785 1730//1792
f 1730//1792 1723//1785 1722//1784
f 1730//1792 1722//1784 1731//1793
f 1731//1793 1722//1784 1732//1794
f 1732//1794 1722//1784 1721//1783
f 1732//1794 1721//1783 1733//1795
f 1733//1795 1721//1783 1718//1780
f 1733//1795 1718//1780 1734//1796
f 1734//1796 1718//1780 1720//1782
f 1734//1796 1720//1782 1735//1797
f 1379//1440 1642//1704 1736//1798
f 1736//1798 1642//1704 1712//1774
f 1736//1798 1712//1774 1737//1799
f 1737//1799 1712//1774 1711//1773
f 1737//1799 1711//1773 1738//1800
f 1738//1800 1711//1773 1739//1801
f 1643//1705 1716//1778 1712//1774
f 1712//1774 1716//1778 1740//1802
f 1712//1774 1740//1802 1710//1772
f 1727//1789 1741//1803 1717//1779
f 1717//1779 1741//1803 1742//1804
f 1717//1779 1742//1804 1716//1778
f 1716//1778 1742//1804 1743//1805
f 1716//1778 1743//1805 1740//1802
f 1728//1790 1744//1806 1725//1787
f 1725//1787 1744//1806 1745//1807
f 1725//1787 1745//1807 1726//1788
f 1726//1788 1745//1807 1746//1808
f 1726//1788 1746//1808 1727//1789
f 1727//1789 1746//1808 1747//1809
f 1727//1789 1747//1809 1741//1803
f 1748//1810 1749//1811 1750//1812
f 1733//1795 1734//1796 1751//1813
f 1752//1814 1745//1807 1744//1806
f 1753//1815 1754//1816 1755//1817
f 1755//1817 1754//1816 1756//1818
f 1757//1819 1758//1820 1751//1813
f 1751//1813 1758//1820 1759//1821
f 1751//1813 1759//1821 1753//1815
f 1753//1815 1755//1817 1751//1813
f 1751//1813 1755//1817 1732//1794
f 1751//1813 1732//1794 1733//1795
f 1729//1791 1730//1792 1755//1817
f 1755//1817 1730//1792 1731//1793
f 1755//1817 1731//1793 1732//1794
f 1756//1818 1760//1822 1755//1817
f 1755//1817 1760//1822 1761//1823
f 1755//1817 1761//1823 1729//1791
f 1729//1791 1761//1823 1762//1824
f 1729//1791 1762//1824 1713//1775
f 1713//1775 1762//1824 1763//1825
f 1713//1775 1763//1825 1714//1776
f 1714//1776 1763//1825 1764//1826
f 1714//1776 1764//1826 1728//1790
f 1728//1790 1764//1826 1765//1827
f 1728//1790 1765//1827 1744//1806
f 1744//1806 1765//1827 1766//1828
f 1744//1806 1766//1828 1752//1814
f 1739//1801 1711//1773 1767//1829
f 1767//1829 1711//1773 1768//1830
f 1767//1829 1768//1830 1769//1831
f 1769//1831 1768//1830 1770//1832
f 1766//1828 1771//1833 1752//1814
f 1752//1814 1771//1833 1772//1834
f 1752//1814 1772//1834 1750//1812
f 1750//1812 1772//1834 1773//1835
f 1750//1812 1773//1835 1748//1810
f 1743//1805 1742//1804 1750//1812
f 1749//1811 1774//1836 1750//1812
f 1750//1812 1774//1836 1740//1802
f 1750//1812 1740//1802 1743//1805
f 1774//1836 1775//1837 1740//1802
f 1740//1802 1775//1837 1776//1838
f 1740//1802 1776//1838 1710//1772
f 1710//1772 1776//1838 1777//1839
f 1710//1772 1777//1839 1711//1773
f 1711//1773 1777//1839 1778//1840
f 1711//1773 1778//1840 1768//1830
f 1779//1841 1757//1819 1780//1842
f 1780//1842 1757//1819 1751//1813
f 1780//1842 1751//1813 1781//1843
f 1781//1843 1751//1813 1734//1796
f 1781//1843 1734//1796 1735//1797
f 1742//1804 1741//1803 1750//1812
f 1750//1812 1741//1803 1747//1809
f 1750//1812 1747//1809 1752//1814
f 1752//1814 1747//1809 1746//1808
f 1752//1814 1746//1808 1745//1807
f 1782//1844 1338//1399 1339//1400
f 1739//1801 1767//1829 1783//1845
f 1736//1798 1737//1799 1784//1846
f 1784//1846 1737//1799 1738//1800
f 1784//1846 1738//1800 1739//1801
f 1334//1395 1405//1466 1335//1396
f 1335//1396 1405//1466 1784//1846
f 1335//1396 1784//1846 1336//1397
f 1336//1397 1784//1846 1332//1393
f 1405//1466 1384//1445 1784//1846
f 1784//1846 1384//1445 1383//1444
f 1784//1846 1383//1444 1736//1798
f 1736//1798 1383//1444 1380//1441
f 1736//1798 1380//1441 1379//1440
f 1739//1801 1783//1845 1784//1846
f 1784//1846 1783//1845 1257//1318
f 1784//1846 1257//1318 1332//1393
f 1785//1847 1346//1407 1783//1845
f 1783//1845 1346//1407 1345//1406
f 1783//1845 1345//1406 1257//1318
f 1342//1403 1341//1402 1786//1848
f 1786//1848 1341//1402 1348//1409
f 1786//1848 1348//1409 1785//1847
f 1785//1847 1348//1409 1347//1408
f 1785//1847 1347//1408 1346//1407
f 1337//1398 1344//1405 1787//1849
f 1787//1849 1344//1405 1343//1404
f 1787//1849 1343//1404 1788//1850
f 1788//1850 1343//1404 1342//1403
f 1788//1850 1342//1403 1789//1851
f 1789//1851 1342//1403 1786//1848
f 1789//1851 1786//1848 1790//1852
f 1787//1849 1791//1853 1337//1398
f 1337//1398 1791//1853 1792//1854
f 1337//1398 1792//1854 1340//1401
f 1340//1401 1792//1854 1793//1855
f 1340//1401 1793//1855 1339//1400
f 1339//1400 1793//1855 1794//1856
f 1339//1400 1794//1856 1782//1844
f 1790//1852 1786//1848 1795//1857
f 1795//1857 1786//1848 1785//1847
f 1795//1857 1785//1847 1796//1858
f 1767//1829 1769//1831 1783//1845
f 1783//1845 1769//1831 1770//1832
f 1783//1845 1770//1832 1785//1847
f 1785//1847 1770//1832 1797//1859
f 1785//1847 1797//1859 1796//1858
f 1782//1844 1794//1856 1798//1860
f 1799//1861 1349//1410 1350//1411
f 1782//1844 1798//1860 1338//1399
f 1800//1862 1801//1863 1802//1864
f 1803//1865 1804//1866 1805//1867
f 1805//1867 1804//1866 1800//1862
f 1800//1862 1802//1864 1805//1867
f 1805//1867 1802//1864 1806//1868
f 1805//1867 1806//1868 1807//1869
f 1807//1869 1806//1868 1808//1870
f 1807//1869 1808//1870 1809//1871
f 1809//1871 1808//1870 1810//1872
f 1809//1871 1810//1872 1811//1873
f 1811//1873 1810//1872 1812//1874
f 1811//1873 1812//1874 1813//1875
f 1813//1875 1812//1874 1814//1876
f 1813//1875 1814//1876 1815//1877
f 1815//1877 1814//1876 1816//1878
f 1815//1877 1816//1878 1817//1879
f 1817//1879 1816//1878 1818//1880
f 1817//1879 1818//1880 1819//1881
f 1819//1881 1818//1880 1820//1882
f 1819//1881 1820//1882 1821//1883
f 1820//1882 1822//1884 1821//1883
f 1821//1883 1822//1884 1823//1885
f 1821//1883 1823//1885 1824//1886
f 1350//1411 1338//1399 1799//1861
f 1799//1861 1338//1399 1798//1860
f 1799//1861 1798//1860 1825//1887
f 1825//1887 1798//1860 1826//1888
f 1825//1887 1826//1888 1827//1889
f 1827//1889 1826//1888 1828//1890
f 1827//1889 1828//1890 1823//1885
f 1823//1885 1828//1890 1829//1891
f 1823//1885 1829//1891 1824//1886
f 1830//1892 1831//1893 1356//1417
f 1368//1429 1280//1341 1365//1426
f 1364//1425 1832//1894 1833//1895
f 1833//1895 1834//1896 1364//1425
f 1364//1425 1834//1896 1835//1897
f 1364//1425 1835//1897 1366//1427
f 1366//1427 1835//1897 1836//1898
f 1366//1427 1836//1898 1365//1426
f 1365//1426 1836//1898 1837//1899
f 1365//1426 1837//1899 1368//1429
f 1832//1894 1364//1425 1838//1900
f 1838//1900 1364//1425 1363//1424
f 1838//1900 1363//1424 1839//1901
f 1839//1901 1363//1424 1362//1423
f 1839//1901 1362//1423 1840//1902
f 1840//1902 1362//1423 1841//1903
f 1841//1903 1362//1423 1361//1422
f 1841//1903 1361//1422 1842//1904
f 1842//1904 1361//1422 1360//1421
f 1842//1904 1360//1421 1843//1905
f 1843//1905 1360//1421 1359//1420
f 1843//1905 1359//1420 1844//1906
f 1844//1906 1359//1420 1358//1419
f 1844//1906 1358//1419 1357//1418
f 1356//1417 1831//1893 1357//1418
f 1357//1418 1831//1893 1845//1907
f 1357//1418 1845//1907 1844//1906
f 1846//1908 1847//1909 1355//1416
f 1847//1909 1848//1910 1355//1416
f 1355//1416 1848//1910 1849//1911
f 1355//1416 1849//1911 1356//1417
f 1356//1417 1849//1911 1850//1912
f 1356//1417 1850//1912 1830//1892
f 1270//1331 1349//1410 1351//1412
f 1351//1412 1349//1410 1851//1913
f 1351//1412 1851//1913 1352//1413
f 1352//1413 1851//1913 1852//1914
f 1352//1413 1852//1914 1353//1414
f 1353//1414 1852//1914 1846//1908
f 1353//1414 1846//1908 1354//1415
f 1354//1415 1846//1908 1355//1416
f 1282//1343 1367//1428 1853//1915
f 1370//1431 1369//1430 1854//1916
f 1855//1917 1856//1918 1857//1919
f 1858//1920 1859//1921 1857//1919
f 1857//1919 1859//1921 1860//1922
f 1857//1919 1860//1922 1855//1917
f 1861//1923 1862//1924 1858//1920
f 1858//1920 1862//1924 1863//1925
f 1858//1920 1863//1925 1859//1921
f 1864//1926 1865//1927 1866//1928
f 1867//1929 1868//1930 1869//1931
f 1870//1932 1871//1933 1864//1926
f 1864//1926 1871//1933 1872//1934
f 1864//1926 1872//1934 1865//1927
f 1865//1927 1872//1934 1873//1935
f 1865//1927 1873//1935 1874//1936
f 1874//1936 1873//1935 1875//1937
f 1870//1932 1864//1926 1876//1938
f 1876//1938 1864//1926 1877//1939
f 1876//1938 1877//1939 1878//1940
f 1879//1941 1880//1942 1877//1939
f 1877//1939 1880//1942 1881//1943
f 1877//1939 1881//1943 1878//1940
f 1882//1944 1883//1945 1884//1946
f 1884//1946 1883//1945 1885//1947
f 1884//1946 1885//1947 1879//1941
f 1879//1941 1885//1947 1886//1948
f 1879//1941 1886//1948 1880//1942
f 1882//1944 1884//1946 1887//1949
f 1887//1949 1884//1946 1888//1950
f 1887//1949 1888//1950 1889//1951
f 1889//1951 1888//1950 1854//1916
f 1889//1951 1854//1916 1890//1952
f 1890//1952 1854//1916 1891//1953
f 1891//1953 1854//1916 1369//1430
f 1891//1953 1369//1430 1368//1429
f 1892//1954 1893//1955 1894//1956
f 1894//1956 1893//1955 1895//1957
f 1894//1956 1895//1957 1896//1958
f 1896//1958 1895//1957 1897//1959
f 1857//1919 1898//1960 1858//1920
f 1858//1920 1898//1960 1899//1961
f 1858//1920 1899//1961 1900//1962
f 1899//1961 1901//1963 1900//1962
f 1900//1962 1901//1963 1902//1964
f 1900//1962 1902//1964 1895//1957
f 1895//1957 1902//1964 1903//1965
f 1895//1957 1903//1965 1897//1959
f 1866//1928 1867//1929 1864//1926
f 1864//1926 1867//1929 1869//1931
f 1864//1926 1869//1931 1877//1939
f 1877//1939 1869//1931 1904//1966
f 1877//1939 1904//1966 1879//1941
f 1879//1941 1904//1966 1905//1967
f 1879//1941 1905//1967 1884//1946
f 1884//1946 1905//1967 1906//1968
f 1884//1946 1906//1968 1888//1950
f 1888//1950 1906//1968 1907//1969
f 1888//1950 1907//1969 1854//1916
f 1854//1916 1907//1969 1853//1915
f 1854//1916 1853//1915 1370//1431
f 1370//1431 1853//1915 1367//1428
f 1908//1970 1909//1971 1910//1972
f 1910//1972 1909//1971 1426//1487
f 1910//1972 1426//1487 1425//1486
f 1425//1486 1424//1485 1910//1972
f 1910//1972 1424//1485 1423//1484
f 1910//1972 1423//1484 1422//1483
f 1911//1973 1912//1974 1910//1972
f 1910//1972 1912//1974 1913//1975
f 1910//1972 1913//1975 1908//1970
f 1892//1954 1914//1976 1893//1955
f 1893//1955 1914//1976 1915//1977
f 1893//1955 1915//1977 1911//1973
f 1911//1973 1915//1977 1916//1978
f 1911//1973 1916//1978 1912//1974
f 1868//1930 1861//1923 1869//1931
f 1869//1931 1861//1923 1858//1920
f 1869//1931 1858//1920 1904//1966
f 1904//1966 1858//1920 1900//1962
f 1904//1966 1900//1962 1905//1967
f 1905//1967 1900//1962 1895//1957
f 1905//1967 1895//1957 1906//1968
f 1906//1968 1895//1957 1893//1955
f 1906//1968 1893//1955 1907//1969
f 1907//1969 1893//1955 1911//1973
f 1907//1969 1911//1973 1853//1915
f 1853//1915 1911//1973 1910//1972
f 1853//1915 1910//1972 1282//1343
f 1282//1343 1910//1972 1422//1483
f 1427//1488 1426//1487 1909//1971
f 1917//1979 1918//1980 1919//1981
f 1917//1979 1919//1981 1920//1982
f 1921//1983 1922//1984 1918//1980
f 1918//1980 1922//1984 1923//1985
f 1918//1980 1923//1985 1919//1981
f 1924//1986 1894//1956 1896//1958
f 1856//1918 1920//1982 1857//1919
f 1857//1919 1920//1982 1919//1981
f 1857//1919 1919//1981 1898//1960
f 1898//1960 1919//1981 1925//1987
f 1898//1960 1925//1987 1899//1961
f 1899//1961 1925//1987 1926//1988
f 1899//1961 1926//1988 1901//1963
f 1901//1963 1926//1988 1927//1989
f 1901//1963 1927//1989 1902//1964
f 1902//1964 1927//1989 1928//1990
f 1902//1964 1928//1990 1903//1965
f 1903//1965 1928//1990 1929//1991
f 1903//1965 1929//1991 1897//1959
f 1897//1959 1929//1991 1930//1992
f 1897//1959 1930//1992 1896//1958
f 1896//1958 1930//1992 1931//1993
f 1896//1958 1931//1993 1924//1986
f 1427//1488 1909//1971 1428//1489
f 1429//1490 1428//1489 1932//1994
f 1932//1994 1428//1489 1909//1971
f 1932//1994 1909//1971 1933//1995
f 1933//1995 1909//1971 1908//1970
f 1933//1995 1908//1970 1934//1996
f 1934//1996 1908//1970 1913//1975
f 1934//1996 1913//1975 1935//1997
f 1935//1997 1913//1975 1912//1974
f 1935//1997 1912//1974 1936//1998
f 1936//1998 1912//1974 1916//1978
f 1936//1998 1916//1978 1937//1999
f 1937//1999 1916//1978 1938//2000
f 1938//2000 1916//1978 1915//1977
f 1938//2000 1915//1977 1939//2001
f 1939//2001 1915//1977 1914//1976
f 1939//2001 1914//1976 1940//2002
f 1940//2002 1914//1976 1924//1986
f 1924//1986 1914//1976 1892//1954
f 1924//1986 1892//1954 1894//1956
f 1420//1481 1419//1480 1941//2003
f 1431//1492 1421//1482 1942//2004
f 1932//1994 1933//1995 1943//2005
f 1944//2006 1945//2007 1946//2008
f 1947//2009 1948//2010 1949//2011
f 1950//2012 1951//2013 1946//2008
f 1949//2011 1948//2010 1952//2014
f 1522//1583 1521//1582 1953//2015
f 1954//2016 1955//2017 1956//2018
f 1957//2019 1958//2020 1954//2016
f 1954//2016 1958//2020 1959//2021
f 1954//2016 1959//2021 1955//2017
f 1960//2022 1961//2023 1957//2019
f 1957//2019 1961//2023 1962//2024
f 1957//2019 1962//2024 1958//2020
f 1963//2025 1964//2026 1960//2022
f 1960//2022 1964//2026 1965//2027
f 1960//2022 1965//2027 1961//2023
f 1923//1985 1922//1984 1963//2025
f 1963//2025 1922//1984 1921//1983
f 1963//2025 1921//1983 1966//2028
f 1966//2028 1967//2029 1963//2025
f 1963//2025 1967//2029 1968//2030
f 1963//2025 1968//2030 1964//2026
f 1534//1595 1533//1594 1947//2009
f 1947//2009 1533//1594 1515//1576
f 1947//2009 1515//1576 1948//2010
f 1948//2010 1515//1576 1517//1578
f 1948//2010 1517//1578 1519//1580
f 1573//1633 1572//1632 1969//2031
f 1969//2031 1572//1632 1571//1631
f 1969//2031 1571//1631 1950//2012
f 1571//1631 1529//1590 1950//2012
f 1950//2012 1529//1590 1528//1589
f 1950//2012 1528//1589 1951//2013
f 1951//2013 1528//1589 1527//1588
f 1951//2013 1527//1588 1535//1596
f 1924//1986 1931//1993 1970//2032
f 1970//2032 1931//1993 1930//1992
f 1970//2032 1930//1992 1944//2006
f 1535//1596 1534//1595 1951//2013
f 1951//2013 1534//1595 1947//2009
f 1951//2013 1947//2009 1946//2008
f 1946//2008 1947//2009 1949//2011
f 1946//2008 1949//2011 1944//2006
f 1944//2006 1949//2011 1952//2014
f 1944//2006 1952//2014 1970//2032
f 1926//1988 1925//1987 1945//2007
f 1945//2007 1925//1987 1919//1981
f 1576//1636 1574//1634 1971//2033
f 1971//2033 1574//1634 1573//1633
f 1971//2033 1573//1633 1956//2018
f 1956//2018 1573//1633 1969//2031
f 1956//2018 1969//2031 1954//2016
f 1954//2016 1969//2031 1950//2012
f 1954//2016 1950//2012 1957//2019
f 1957//2019 1950//2012 1946//2008
f 1957//2019 1946//2008 1960//2022
f 1960//2022 1946//2008 1945//2007
f 1960//2022 1945//2007 1963//2025
f 1963//2025 1945//2007 1919//1981
f 1963//2025 1919//1981 1923//1985
f 1930//1992 1929//1991 1944//2006
f 1944//2006 1929//1991 1928//1990
f 1944//2006 1928//1990 1945//2007
f 1945//2007 1928//1990 1927//1989
f 1945//2007 1927//1989 1926//1988
f 1418//1479 1417//1478 1943//2005
f 1429//1490 1932//1994 1430//1491
f 1430//1491 1932//1994 1943//2005
f 1430//1491 1943//2005 1416//1477
f 1416//1477 1943//2005 1417//1478
f 1936//1998 1972//2034 1935//1997
f 1935//1997 1972//2034 1943//2005
f 1935//1997 1943//2005 1934//1996
f 1934//1996 1943//2005 1933//1995
f 1419//1480 1418//1479 1941//2003
f 1941//2003 1418//1479 1943//2005
f 1941//2003 1943//2005 1973//2035
f 1973//2035 1943//2005 1972//2034
f 1973//2035 1972//2034 1974//2036
f 1974//2036 1972//2034 1975//2037
f 1974//2036 1975//2037 1976//2038
f 1432//1493 1431//1492 1536//1597
f 1536//1597 1431//1492 1942//2004
f 1536//1597 1942//2004 1545//1606
f 1545//1606 1942//2004 1546//1607
f 1546//1607 1942//2004 1977//2039
f 1546//1607 1977//2039 1547//1605
f 1538//1599 1978//2040 1540//1601
f 1540//1601 1978//2040 1979//2041
f 1540//1601 1979//2041 1580//1640
f 1538//1599 1537//1598 1978//2040
f 1978//2040 1537//1598 1542//1603
f 1978//2040 1542//1603 1977//2039
f 1977//2039 1542//1603 1544//1605
f 1977//2039 1544//1605 1547//1605
f 1520//1581 1514//1575 1980//2042
f 1980//2042 1514//1575 1582//1642
f 1980//2042 1582//1642 1979//2041
f 1979//2041 1582//1642 1581//1641
f 1979//2041 1581//1641 1580//1640
f 1936//1998 1937//1999 1972//2034
f 1972//2034 1937//1999 1938//2000
f 1972//2034 1938//2000 1975//2037
f 1975//2037 1938//2000 1939//2001
f 1975//2037 1939//2001 1940//2002
f 1940//2002 1924//1986 1975//2037
f 1975//2037 1924//1986 1970//2032
f 1975//2037 1970//2032 1976//2038
f 1976//2038 1970//2032 1952//2014
f 1976//2038 1952//2014 1953//2015
f 1953//2015 1952//2014 1948//2010
f 1953//2015 1948//2010 1522//1583
f 1522//1583 1948//2010 1519//1580
f 1421//1482 1420//1481 1942//2004
f 1942//2004 1420//1481 1941//2003
f 1942//2004 1941//2003 1977//2039
f 1977//2039 1941//2003 1973//2035
f 1977//2039 1973//2035 1978//2040
f 1978//2040 1973//2035 1974//2036
f 1978//2040 1974//2036 1979//2041
f 1979//2041 1974//2036 1976//2038
f 1979//2041 1976//2038 1980//2042
f 1980//2042 1976//2038 1953//2015
f 1980//2042 1953//2015 1520//1581
f 1520//1581 1953//2015 1521//1582
f 1962//2024 1961//2023 1981//2043
f 1981//2043 1961//2023 1965//2027
f 1981//2043 1965//2027 1982//2044
f 1982//2044 1965//2027 1964//2026
f 1575//1635 1576//1636 1983//2045
f 1983//2045 1576//1636 1971//2033
f 1983//2045 1971//2033 1984//2046
f 1971//2033 1956//2018 1984//2046
f 1984//2046 1956//2018 1955//2017
f 1984//2046 1955//2017 1985//2047
f 1985//2047 1955//2017 1959//2021
f 1985//2047 1959//2021 1981//2043
f 1981//2043 1959//2021 1958//2020
f 1981//2043 1958//2020 1962//2024
f 1575//1635 1983//2045 1523//1584
f 1523//1584 1983//2045 1986//2048
f 1523//1584 1986//2048 1524//1585
f 1524//1585 1986//2048 1987//2049
f 1524//1585 1987//2049 1530//1591
f 1988//2050 1511//1572 1579//1639
f 1579//1639 1578//1638 1988//2050
f 1988//2050 1578//1638 1577//1637
f 1988//2050 1577//1637 1987//2049
f 1987//2049 1577//1637 1531//1592
f 1987//2049 1531//1592 1530//1591
f 1584//1644 1989//2051 1453//1514
f 1453//1514 1989//2051 1990//2052
f 1453//1514 1990//2052 1451//1512
f 1451//1512 1990//2052 1449//1510
f 1449//1510 1990//2052 1991//2053
f 1449//1510 1991//2053 1454//1515
f 1454//1515 1991//2053 1608//1669
f 1608//1669 1991//2053 1992//2054
f 1608//1669 1992//2054 1589//1650
f 1584//1644 1583//1643 1989//2051
f 1989//2051 1583//1643 1490//1551
f 1989//2051 1490//1551 1993//2055
f 1993//2055 1490//1551 1489//1550
f 1993//2055 1489//1550 1994//2056
f 1994//2056 1489//1550 1511//1572
f 1994//2056 1511//1572 1988//2050
f 1707//1769 1706//1768 1995//2057
f 1995//2057 1706//1768 1996//2058
f 1707//1769 1995//2057 1708//1770
f 1708//1770 1995//2057 1997//2059
f 1708//1770 1997//2059 1709//1771
f 1709//1771 1997//2059 1998//2060
f 1709//1771 1998//2060 1673//1735
f 1999//2061 1585//1646 1992//2054
f 1992//2054 1585//1646 1587//1648
f 1992//2054 1587//1648 1589//1650
f 1706//1768 1705//1767 1996//2058
f 1996//2058 1705//1767 1626//1688
f 1996//2058 1626//1688 2000//2062
f 2000//2062 1626//1688 1623//1685
f 2000//2062 1623//1685 1999//2061
f 1999//2061 1623//1685 1622//1684
f 1999//2061 1622//1684 1585//1646
f 1673//1735 1998//2060 1674//1736
f 1674//1736 1998//2060 2001//2063
f 1674//1736 2001//2063 1676//1738
f 1676//1738 2001//2063 2002//2064
f 1676//1738 2002//2064 1677//1739
f 1677//1739 2002//2064 2003//2065
f 1677//1739 2003//2065 1678//1740
f 2004//2066 2005//2067 1780//1842
f 1780//1842 2005//2067 1779//1841
f 1779//1841 2005//2067 2006//2068
f 1779//1841 2006//2068 2007//2069
f 2008//2070 2009//2071 2006//2068
f 2006//2068 2009//2071 2010//2072
f 2006//2068 2010//2072 2007//2069
f 1780//1842 1781//1843 2004//2066
f 2004//2066 1781//1843 1735//1797
f 2004//2066 1735//1797 2011//2073
f 2011//2073 1735//1797 1720//1782
f 2011//2073 1720//1782 2003//2065
f 2003//2065 1720//1782 1719//1781
f 2003//2065 1719//1781 1678//1740
f 2012//2074 2013//2075 2014//2076
f 2015//2077 2016//2078 2012//2074
f 2012//2074 2016//2078 2017//2079
f 2012//2074 2017//2079 2013//2075
f 2018//2080 2019//2081 2020//2082
f 2020//2082 2019//2081 2021//2083
f 2020//2082 2021//2083 2022//2084
f 2018//2080 2020//2082 2023//2085
f 2023//2085 2020//2082 2022//2084
f 2023//2085 2022//2084 2024//2086
f 2008//2070 2025//2087 2026//2088
f 2026//2088 2025//2087 2027//2089
f 2026//2088 2027//2089 2022//2084
f 2022//2084 2027//2089 2028//2090
f 2022//2084 2028//2090 2024//2086
f 2029//2091 2010//2072 2009//2071
f 1757//1819 1779//1841 2007//2069
f 2010//2072 2029//2091 2007//2069
f 2007//2069 2029//2091 1758//1820
f 2007//2069 1758//1820 1757//1819
f 1807//1869 2012//2074 1805//1867
f 1805//1867 2012//2074 2014//2076
f 1805//1867 2014//2076 1803//1865
f 1807//1869 1809//1871 2012//2074
f 2012//2074 1809//1871 1811//1873
f 2012//2074 1811//1873 2030//2092
f 2030//2092 1811//1873 1813//1875
f 2030//2092 1813//1875 2031//2093
f 2031//2093 1813//1875 1815//1877
f 2031//2093 1815//1877 1817//1879
f 1765//1827 2032//2094 1766//1828
f 1766//1828 2032//2094 2033//2095
f 1766//1828 2033//2095 1771//1833
f 2034//2096 1754//1816 2035//2097
f 2035//2097 1754//1816 1753//1815
f 2035//2097 1753//1815 2029//2091
f 2029//2091 1753//1815 1759//1821
f 2029//2091 1759//1821 1758//1820
f 1765//1827 1764//1826 2032//2094
f 2032//2094 1764//1826 1763//1825
f 2032//2094 1763//1825 1762//1824
f 1762//1824 1761//1823 2032//2094
f 2032//2094 1761//1823 1760//1822
f 2032//2094 1760//1822 2034//2096
f 2034//2096 1760//1822 1756//1818
f 2034//2096 1756//1818 1754//1816
f 1790//1852 1795//1857 2036//2098
f 1770//1832 1768//1830 1797//1859
f 1797//1859 1768//1830 2036//2098
f 1797//1859 2036//2098 1796//1858
f 1796//1858 2036//2098 1795//1857
f 1749//1811 2037//2099 1774//1836
f 1774//1836 2037//2099 2038//2100
f 1774//1836 2038//2100 1775//1837
f 1768//1830 1778//1840 2036//2098
f 2036//2098 1778//1840 1777//1839
f 2036//2098 1777//1839 2038//2100
f 2038//2100 1777//1839 1776//1838
f 2038//2100 1776//1838 1775//1837
f 2009//2071 2008//2070 2029//2091
f 2029//2091 2008//2070 2026//2088
f 2029//2091 2026//2088 2035//2097
f 2035//2097 2026//2088 2022//2084
f 2035//2097 2022//2084 2034//2096
f 2034//2096 2022//2084 2021//2083
f 2034//2096 2021//2083 2032//2094
f 2032//2094 2021//2083 2039//2101
f 2032//2094 2039//2101 2033//2095
f 2033//2095 2039//2101 2040//2102
f 2033//2095 2040//2102 2037//2099
f 2037//2099 2040//2102 2041//2103
f 2037//2099 2041//2103 2038//2100
f 2038//2100 2041//2103 2042//2104
f 2038//2100 2042//2104 2036//2098
f 2036//2098 2042//2104 2043//2105
f 2036//2098 2043//2105 1790//1852
f 1790//1852 2043//2105 1789//1851
f 1798//1860 1794//1856 1793//1855
f 1798//1860 1793//1855 1826//1888
f 1826//1888 1793//1855 1792//1854
f 1826//1888 1792//1854 2044//2106
f 2045//2107 1829//1891 2044//2106
f 2044//2106 1829//1891 1828//1890
f 2044//2106 1828//1890 1826//1888
f 1817//1879 1819//1881 2031//2093
f 2031//2093 1819//1881 1821//1883
f 2031//2093 1821//1883 2045//2107
f 2045//2107 1821//1883 1824//1886
f 2045//2107 1824//1886 1829//1891
f 1792//1854 1791//1853 2044//2106
f 2044//2106 1791//1853 1787//1849
f 2044//2106 1787//1849 1788//1850
f 1749//1811 1748//1810 2037//2099
f 2037//2099 1748//1810 1773//1835
f 2037//2099 1773//1835 2033//2095
f 2033//2095 1773//1835 1772//1834
f 2033//2095 1772//1834 1771//1833
f 2019//2081 2015//2077 2021//2083
f 2021//2083 2015//2077 2012//2074
f 2021//2083 2012//2074 2039//2101
f 2039//2101 2012//2074 2030//2092
f 2039//2101 2030//2092 2040//2102
f 2040//2102 2030//2092 2031//2093
f 2040//2102 2031//2093 2041//2103
f 2041//2103 2031//2093 2045//2107
f 2041//2103 2045//2107 2042//2104
f 2042//2104 2045//2107 2044//2106
f 2042//2104 2044//2106 2043//2105
f 2043//2105 2044//2106 1788//1850
f 2043//2105 1788//1850 1789//1851
f 1800//1862 1804//1866 189//2108
f 189//2108 1804//1866 190//2109
f 190//2109 1804//1866 1803//1865
f 190//2109 1803//1865 2014//2076
f 2014//2076 2013//2075 190//2109
f 190//2109 2013//2075 2017//2079
f 190//2109 2017//2079 2016//2078
f 2046//2110 2047//2111 187//2112
f 187//2112 2047//2111 2048//2113
f 187//2112 2048//2113 188//2114
f 188//2114 2048//2113 2049//2115
f 188//2114 2049//2115 189//2108
f 189//2108 2049//2115 1801//1863
f 189//2108 1801//1863 1800//1862
f 185//2116 2050//2117 186//2118
f 186//2118 2050//2117 2051//2119
f 186//2118 2051//2119 187//2112
f 187//2112 2051//2119 2052//2120
f 187//2112 2052//2120 2046//2110
f 184//2121 180//2122 2053//2123
f 2053//2123 2054//2124 184//2121
f 184//2121 2054//2124 2055//2125
f 184//2121 2055//2125 185//2116
f 185//2116 2055//2125 2056//2126
f 185//2116 2056//2126 2050//2117
f 179//2127 178//2128 2057//2129
f 2057//2129 2058//2130 179//2127
f 179//2127 2058//2130 2059//2131
f 179//2127 2059//2131 180//2122
f 180//2122 2059//2131 2060//2132
f 180//2122 2060//2132 2053//2123
f 1818//1880 1816//1878 2061//2133
f 2062//2134 2063//2135 2064//2136
f 2065//2137 2066//2138 2067//2139
f 1834//1896 2068//2140 1835//1897
f 1799//1861 1825//1887 2069//2141
f 1349//1410 1799//1861 1851//1913
f 1851//1913 1799//1861 2069//2141
f 1851//1913 2069//2141 1852//1914
f 1852//1914 2069//2141 2070//2142
f 1852//1914 2070//2142 1846//1908
f 1846//1908 2070//2142 2071//2143
f 2071//2143 1850//1912 1849//1911
f 1849//1911 1848//1910 2071//2143
f 2071//2143 1848//1910 1847//1909
f 2071//2143 1847//1909 1846//1908
f 1831//1893 2072//2144 1845//1907
f 1845//1907 2072//2144 2073//2145
f 1845//1907 2073//2145 2074//2146
f 2075//2147 1842//1904 2076//2148
f 2076//2148 1842//1904 1843//1905
f 2076//2148 1843//1905 2074//2146
f 2074//2146 1843//1905 1844//1906
f 2074//2146 1844//1906 1845//1907
f 1832//1894 1838//1900 2077//2149
f 2077//2149 1838//1900 1839//1901
f 2077//2149 1839//1901 2078//2150
f 2078//2150 1839//1901 1840//1902
f 2078//2150 1840//1902 2075//2147
f 2075//2147 1840//1902 1841//1903
f 2075//2147 1841//1903 1842//1904
f 1889//1951 1890//1952 2079//2151
f 2079//2151 1890//1952 1891//1953
f 1891//1953 1368//1429 2079//2151
f 2079//2151 1368//1429 1837//1899
f 2079//2151 1837//1899 1836//1898
f 1875//1937 1873//1935 2080//2152
f 2080//2152 1873//1935 1872//1934
f 2080//2152 1872//1934 2081//2153
f 2082//2154 2083//2155 2084//2156
f 2084//2156 2083//2155 2085//2157
f 2084//2156 2085//2157 2086//2158
f 2087//2159 2088//2160 2089//2161
f 2089//2161 2088//2160 2090//2162
f 2089//2161 2090//2162 2085//2157
f 2085//2157 2090//2162 2091//2163
f 2085//2157 2091//2163 2086//2158
f 2087//2159 2089//2161 2092//2164
f 2092//2164 2089//2161 2093//2165
f 2092//2164 2093//2165 2094//2166
f 2095//2167 155//2168 2093//2165
f 2093//2165 155//2168 206//2169
f 2093//2165 206//2169 2094//2166
f 2096//2170 159//2171 2095//2167
f 2095//2167 159//2171 156//2172
f 2095//2167 156//2172 155//2168
f 2097//2173 157//2174 2096//2170
f 2096//2170 157//2174 158//2175
f 2096//2170 158//2175 159//2171
f 197//2176 196//2177 2097//2173
f 2097//2173 196//2177 195//2178
f 2097//2173 195//2178 157//2174
f 2098//2179 2099//2180 2060//2132
f 2060//2132 2059//2131 2098//2179
f 2098//2179 2059//2131 2058//2130
f 2098//2179 2058//2130 2064//2136
f 2064//2136 2058//2130 2057//2129
f 2064//2136 2057//2129 178//2128
f 2050//2117 2056//2126 2100//2181
f 2100//2181 2056//2126 2055//2125
f 2100//2181 2055//2125 2101//2182
f 2101//2182 2055//2125 2054//2124
f 2101//2182 2054//2124 2099//2180
f 2099//2180 2054//2124 2053//2123
f 2099//2180 2053//2123 2060//2132
f 2047//2111 2046//2110 2102//2183
f 2102//2183 2046//2110 2052//2120
f 2102//2183 2052//2120 2100//2181
f 2100//2181 2052//2120 2051//2119
f 2100//2181 2051//2119 2050//2117
f 1802//1864 1801//1863 2049//2115
f 1808//1870 1806//1868 2102//2183
f 2102//2183 1806//1868 1802//1864
f 1802//1864 2049//2115 2102//2183
f 2102//2183 2049//2115 2048//2113
f 2102//2183 2048//2113 2047//2111
f 1880//1942 1886//1948 2066//2138
f 2066//2138 1886//1948 1885//1947
f 2066//2138 1885//1947 2067//2139
f 1870//1932 1876//1938 2103//2184
f 2103//2184 1876//1938 1878//1940
f 1871//1933 2083//2155 1872//1934
f 1872//1934 2083//2155 2082//2154
f 1872//1934 2082//2154 2081//2153
f 1878//1940 1881//1943 2103//2184
f 2103//2184 1881//1943 1880//1942
f 2103//2184 1880//1942 2104//2185
f 2104//2185 1880//1942 2066//2138
f 2104//2185 2066//2138 2105//2186
f 2105//2186 2066//2138 2065//2137
f 2105//2186 2065//2137 2106//2187
f 1833//1895 1832//1894 2107//2188
f 2107//2188 1832//1894 2077//2149
f 2107//2188 2077//2149 2108//2189
f 2108//2189 2077//2149 2078//2150
f 2108//2189 2078//2150 2109//2190
f 2109//2190 2078//2150 2075//2147
f 2109//2190 2075//2147 2110//2191
f 1871//1933 1870//1932 2083//2155
f 2083//2155 1870//1932 2103//2184
f 2083//2155 2103//2184 2085//2157
f 2085//2157 2103//2184 2104//2185
f 2085//2157 2104//2185 2089//2161
f 2089//2161 2104//2185 2105//2186
f 2089//2161 2105//2186 2093//2165
f 2093//2165 2105//2186 2106//2187
f 2093//2165 2106//2187 2095//2167
f 2095//2167 2106//2187 2111//2192
f 2095//2167 2111//2192 2096//2170
f 2096//2170 2111//2192 2112//2193
f 2096//2170 2112//2193 2097//2173
f 1818//1880 2061//2133 1820//1882
f 2110//2191 2075//2147 2113//2194
f 2113//2194 2075//2147 2076//2148
f 2113//2194 2076//2148 2114//2195
f 2114//2195 2076//2148 2074//2146
f 2114//2195 2074//2146 2115//2196
f 2115//2196 2074//2146 2073//2145
f 2115//2196 2073//2145 2116//2197
f 2116//2197 2073//2145 2072//2144
f 2116//2197 2072//2144 2117//2198
f 2117//2198 2072//2144 2118//2199
f 2117//2198 2118//2199 2119//2200
f 2119//2200 2118//2199 2120//2201
f 2119//2200 2120//2201 2061//2133
f 2061//2133 2120//2201 2121//2202
f 2061//2133 2121//2202 1820//1882
f 2064//2136 2063//2135 2098//2179
f 2098//2179 2063//2135 2122//2203
f 2098//2179 2122//2203 2099//2180
f 2099//2180 2122//2203 2123//2204
f 2099//2180 2123//2204 2101//2182
f 2101//2182 2123//2204 2124//2205
f 2101//2182 2124//2205 2100//2181
f 2100//2181 2124//2205 2125//2206
f 2100//2181 2125//2206 2102//2183
f 2102//2183 2125//2206 2126//2207
f 2102//2183 2126//2207 1808//1870
f 1814//1876 1812//1874 2126//2207
f 2126//2207 1812//1874 1810//1872
f 2126//2207 1810//1872 1808//1870
f 1816//1878 1814//1876 2061//2133
f 2061//2133 1814//1876 2126//2207
f 2061//2133 2126//2207 2119//2200
f 2119//2200 2126//2207 2125//2206
f 2119//2200 2125//2206 2117//2198
f 2117//2198 2125//2206 2124//2205
f 2117//2198 2124//2205 2116//2197
f 2116//2197 2124//2205 2123//2204
f 2116//2197 2123//2204 2115//2196
f 2115//2196 2123//2204 2122//2203
f 2115//2196 2122//2203 2114//2195
f 2114//2195 2122//2203 2063//2135
f 2114//2195 2063//2135 2113//2194
f 2113//2194 2063//2135 2062//2134
f 2113//2194 2062//2134 2110//2191
f 1836//1898 1835//1897 2079//2151
f 2079//2151 1835//1897 2068//2140
f 2079//2151 2068//2140 2107//2188
f 2107//2188 2068//2140 1834//1896
f 2107//2188 1834//1896 1833//1895
f 1885//1947 1883//1945 2067//2139
f 2067//2139 1883//1945 1882//1944
f 2067//2139 1882//1944 1887//1949
f 178//2128 197//2176 2064//2136
f 2064//2136 197//2176 2097//2173
f 2064//2136 2097//2173 2062//2134
f 2062//2134 2097//2173 2112//2193
f 2062//2134 2112//2193 2110//2191
f 2110//2191 2112//2193 2111//2192
f 2110//2191 2111//2192 2109//2190
f 2109//2190 2111//2192 2106//2187
f 2109//2190 2106//2187 2108//2189
f 2108//2189 2106//2187 2065//2137
f 2108//2189 2065//2137 2107//2188
f 2107//2188 2065//2137 2067//2139
f 2107//2188 2067//2139 2079//2151
f 2079//2151 2067//2139 1887//1949
f 2079//2151 1887//1949 1889//1951
f 1827//1889 1823//1885 2121//2202
f 2121//2202 1823//1885 1822//1884
f 2121//2202 1822//1884 1820//1882
f 1825//1887 1827//1889 2069//2141
f 2069//2141 1827//1889 2121//2202
f 2069//2141 2121//2202 2070//2142
f 2070//2142 2121//2202 2120//2201
f 2070//2142 2120//2201 2071//2143
f 2071//2143 2120//2201 2118//2199
f 2071//2143 2118//2199 1850//1912
f 1850//1912 2118//2199 2072//2144
f 1850//1912 2072//2144 1830//1892
f 1830//1892 2072//2144 1831//1893
f 2088//2160 2087//2159 205//2208
f 2087//2159 2092//2164 205//2208
f 205//2208 2092//2164 2094//2166
f 205//2208 2094//2166 206//2169
f 203//2209 2080//2152 2081//2153
f 2081//2153 2082//2154 203//2209
f 203//2209 2082//2154 2084//2156
f 203//2209 2084//2156 204//2210
f 2084//2156 2086//2158 204//2210
f 204//2210 2086//2158 2091//2163
f 204//2210 2091//2163 205//2208
f 205//2208 2091//2163 2090//2162
f 205//2208 2090//2162 2088//2160
f 2080//2152 203//2209 1875//1937
f 1875//1937 203//2209 202//2211
f 1875//1937 202//2211 1874//1936
f 1874//1936 202//2211 201//2212
f 1874//1936 201//2212 1865//1927
f 1862//1924 1861//1923 199//2213
f 199//2213 1861//1923 1868//1930
f 199//2213 1868//1930 200//2214
f 200//2214 1868//1930 1867//1929
f 200//2214 1867//1929 201//2212
f 201//2212 1867//1929 1866//1928
f 201//2212 1866//1928 1865//1927
f 1855//1917 198//2215 1856//1918
f 1856//1918 198//2215 1920//1982
f 1855//1917 1860//1922 198//2215
f 198//2215 1860//1922 1859//1921
f 198//2215 1859//1921 199//2213
f 199//2213 1859//1921 1863//1925
f 199//2213 1863//1925 1862//1924
f 160//2216 1921//1983 161//2217
f 161//2217 1921//1983 1918//1980
f 1918//1980 1917//1979 161//2217
f 161//2217 1917//1979 1920//1982
f 161//2217 1920//1982 198//2215
f 1967//2029 163//2218 1968//2030
f 1968//2030 163//2218 164//2219
f 1968//2030 164//2219 1964//2026
f 1967//2029 1966//2028 163//2218
f 163//2218 1966//2028 1921//1983
f 163//2218 1921//1983 160//2216
f 207//2220 1988//2050 208//2221
f 208//2221 1988//2050 1987//2049
f 208//2221 1987//2049 209//2222
f 209//2222 1987//2049 1986//2048
f 209//2222 1986//2048 210//2223
f 210//2223 1986//2048 1983//2045
f 210//2223 1983//2045 211//2224
f 211//2224 1983//2045 1984//2046
f 211//2224 1984//2046 212//2225
f 212//2225 1984//2046 1985//2047
f 212//2225 1985//2047 213//2226
f 213//2226 1985//2047 1981//2043
f 213//2226 1981//2043 214//2227
f 214//2227 1981//2043 1982//2044
f 214//2227 1982//2044 165//2228
f 165//2228 1982//2044 1964//2026
f 165//2228 1964//2026 164//2219
f 1992//2054 1991//2053 181//2229
f 181//2229 1991//2053 1990//2052
f 181//2229 1990//2052 182//2230
f 1990//2052 1989//2051 182//2230
f 182//2230 1989//2051 1993//2055
f 182//2230 1993//2055 183//2231
f 183//2231 1993//2055 1994//2056
f 183//2231 1994//2056 171//2232
f 171//2232 1994//2056 1988//2050
f 171//2232 1988//2050 207//2220
f 1992//2054 181//2229 162//2233
f 167//2234 1998//2060 1997//2059
f 167//2234 1997//2059 168//2235
f 168//2235 1997//2059 1995//2057
f 168//2235 1995//2057 169//2236
f 169//2236 1995//2057 1996//2058
f 169//2236 1996//2058 170//2237
f 170//2237 1996//2058 2000//2062
f 170//2237 2000//2062 162//2233
f 162//2233 2000//2062 1999//2061
f 162//2233 1999//2061 1992//2054
f 1998//2060 167//2234 166//2238
f 175//2239 2003//2065 2002//2064
f 175//2239 2002//2064 166//2238
f 166//2238 2002//2064 2001//2063
f 166//2238 2001//2063 1998//2060
f 2003//2065 175//2239 174//2240
f 194//2241 2008//2070 177//2242
f 177//2242 2008//2070 2006//2068
f 177//2242 2006//2068 176//2243
f 176//2243 2006//2068 172//2244
f 172//2244 2006//2068 2005//2067
f 172//2244 2005//2067 173//2245
f 173//2245 2005//2067 2004//2066
f 173//2245 2004//2066 174//2240
f 174//2240 2004//2066 2011//2073
f 174//2240 2011//2073 2003//2065
f 2016//2078 2015//2077 190//2109
f 190//2109 2015//2077 2019//2081
f 190//2109 2019//2081 191//2246
f 191//2246 2019//2081 2018//2080
f 2018//2080 2023//2085 191//2246
f 191//2246 2023//2085 2024//2086
f 191//2246 2024//2086 192//2247
f 192//2247 2024//2086 2028//2090
f 192//2247 2028//2090 193//2248
f 2008//2070 194//2241 2025//2087
f 2025//2087 194//2241 193//2248
f 2025//2087 193//2248 2027//2089
f 2027//2089 193//2248 2028//2090
