# Blender 4.3.2
# www.blender.org
mtllib link5.mtl
o link5.001
v 0.004103 0.004368 0.056724
v 0.003410 0.004368 0.056828
v 0.003034 0.004021 0.056918
v 0.002091 0.004368 0.057026
v 0.000705 0.000525 0.057341
v 0.007039 -0.003694 0.056196
v 0.008663 -0.003694 0.055833
v 0.007046 -0.001719 0.056243
v 0.008669 -0.002121 0.055872
v 0.007049 -0.000679 0.056268
v 0.008675 -0.000266 0.055919
v 0.008666 0.003168 0.055856
v 0.007044 0.002835 0.056231
v 0.008673 0.000740 0.055900
v 0.007049 0.000594 0.056267
v 0.007051 -0.000164 0.056280
v 0.008406 0.003916 0.055882
v 0.006871 0.002835 0.056265
v 0.008568 0.003619 0.055859
v 0.008589 0.003582 0.055856
v 0.008598 0.003564 0.055854
v 0.002320 0.002835 0.057076
v 0.003968 0.002835 0.056801
v 0.004021 0.003162 0.056793
v 0.004068 0.002835 0.056785
v 0.005648 0.004368 0.056423
v 0.008307 0.004005 0.055900
v 0.008112 0.004184 0.055936
v 0.007886 0.004279 0.055982
v 0.004688 0.002835 0.056681
v 0.005180 0.002835 0.056600
v 0.007484 0.004368 0.056066
v 0.007748 0.004338 0.056009
v 0.000706 0.000216 0.057347
v 0.000706 0.000211 0.057347
v 0.002323 0.001884 0.057093
v 0.000706 0.000107 0.057347
v 0.002325 0.000921 0.057111
v 0.002327 0.000385 0.057121
v 0.000706 0.000090 0.057347
v 0.002327 0.000168 0.057121
v 0.000706 0.000038 0.057346
v 0.002327 -0.000432 0.057121
v 0.000706 -0.000153 0.057345
v 0.002327 -0.000475 0.057120
v 0.000705 -0.000451 0.057342
v 0.002323 -0.001443 0.057097
v 0.000705 -0.000797 0.057339
v 0.002319 -0.002596 0.057069
v 0.000704 -0.001136 0.057336
v 0.002316 -0.003694 0.057043
v 0.002271 -0.003694 0.057049
v 0.000704 -0.001550 0.057333
v 0.000695 -0.003694 0.057268
v 0.000699 0.002062 0.057299
v 0.001502 0.004368 0.057114
v 0.000690 0.004368 0.057236
v 0.000706 0.000342 0.057346
v 0.008659 -0.003694 0.055807
v 0.007034 -0.003694 0.056172
v 0.008660 0.003168 0.055809
v 0.008664 0.002389 0.055837
v 0.008656 -0.003694 0.055785
v 0.007873 0.004260 0.055944
v 0.007621 0.004359 0.056002
v 0.007480 0.004368 0.056037
v 0.008559 0.003577 0.055810
v 0.008548 0.003623 0.055810
v 0.008524 0.003721 0.055810
v 0.008287 0.003996 0.055854
v 0.008158 0.004148 0.055878
v 0.007917 0.004243 0.055934
v 0.000697 0.000341 0.057284
v 0.000694 -0.003694 0.057260
v 0.000702 -0.002008 0.057316
v 0.000689 0.004368 0.057228
v 0.001491 0.004368 0.057101
v 0.000686 0.004368 0.057209
v 0.002315 -0.003694 0.057038
v 0.002320 0.002687 0.057076
v 0.002320 0.002835 0.057071
v 0.002313 -0.003694 0.057019
v 0.000691 -0.003694 0.057245
v -0.002658 0.004099 0.057608
v -0.002659 0.004379 0.057599
v -0.002663 0.004379 0.057571
v -0.002646 0.001291 0.057693
v -0.002645 0.001291 0.057702
v -0.002651 0.002562 0.057660
v -0.002648 0.001292 0.057674
v -0.007716 0.001291 0.057979
v -0.007714 0.001291 0.057988
v -0.005176 0.001291 0.057887
v -0.003469 0.001291 0.057762
v -0.004538 0.001291 0.057840
v -0.007713 0.000222 0.057996
v -0.007713 -0.000160 0.057999
v -0.007713 -0.000160 0.057996
v -0.007721 -0.000163 0.057938
v -0.007723 0.001294 0.057927
v -0.002644 -0.000160 0.057709
v -0.002643 -0.000160 0.057712
v -0.004717 -0.000160 0.057863
v -0.005177 -0.000160 0.057897
v -0.002645 -0.000954 0.057700
v -0.002647 -0.000160 0.057684
v -0.002648 -0.001238 0.057675
v -0.002647 -0.002138 0.057683
v -0.002652 -0.002316 0.057653
v -0.002648 -0.002317 0.057680
v -0.007921 -0.002894 0.057886
v -0.007912 -0.002894 0.057950
v -0.007918 -0.002312 0.057906
v -0.007910 -0.002435 0.057965
v -0.007909 -0.002317 0.057969
v -0.007115 -0.003694 0.057872
v -0.007111 -0.003694 0.057897
v -0.007292 -0.003675 0.057866
v -0.007295 -0.003673 0.057903
v -0.007388 -0.003629 0.057865
v -0.007385 -0.003635 0.057907
v -0.007417 -0.003616 0.057865
v -0.007615 -0.003523 0.057862
v -0.007542 -0.003569 0.057914
v -0.007676 -0.003450 0.057864
v -0.007672 -0.003452 0.057922
v -0.007740 -0.003391 0.057926
v -0.007833 -0.003262 0.057868
v -0.007862 -0.003170 0.057938
v -0.007868 -0.003157 0.057939
v -0.007856 -0.003167 0.057873
v -0.007848 -0.003197 0.057871
v -0.002629 0.004379 0.057596
v -0.002535 0.004254 0.057594
v -0.002244 0.004379 0.057558
v -0.004717 0.000141 0.057869
v -0.000958 -0.000458 0.057541
v -0.000958 0.000048 0.057539
v -0.000958 0.000343 0.057538
v -0.000958 0.000602 0.057537
v -0.000958 0.001152 0.057535
v -0.000959 0.001305 0.057535
v -0.000964 0.002438 0.057497
v -0.000973 0.004379 0.057433
v -0.000961 -0.002036 0.057516
v -0.000959 -0.001055 0.057535
v -0.000958 -0.000695 0.057542
v -0.002699 -0.003694 0.057621
v -0.000968 -0.003694 0.057465
v -0.000963 -0.002695 0.057503
v -0.002865 -0.003694 0.057636
v -0.003839 -0.002906 0.057759
v -0.004038 -0.003694 0.057742
v -0.005267 -0.003694 0.057804
v -0.005774 -0.002317 0.057896
v -0.007590 -0.002317 0.057958
v -0.003137 -0.002317 0.057714
v -0.004067 -0.002317 0.057778
v -0.005527 -0.002317 0.057879
v -0.001068 -0.003694 0.057453
v -0.000971 -0.003694 0.057442
v -0.000975 0.004379 0.057405
v 0.002326 0.002798 0.056898
v 0.002331 0.002791 0.056887
v 0.004656 0.002791 0.056502
v 0.007009 0.002815 0.056142
v 0.006980 0.002799 0.056071
v 0.006966 0.002788 0.056056
v 0.006913 0.002746 0.056000
v 0.004628 0.002678 0.056346
v 0.006848 0.002693 0.055932
v 0.004610 0.002513 0.056244
v 0.006650 0.002513 0.055853
v 0.002938 0.002322 0.056486
v 0.004600 0.002321 0.056190
v 0.005368 0.002321 0.056053
v 0.006457 0.002321 0.055858
v 0.006631 0.002494 0.055852
v 0.006646 0.002509 0.055851
v 0.002551 0.002520 0.056586
v 0.002557 0.002514 0.056584
v 0.002565 0.002505 0.056581
v 0.002741 0.002322 0.056522
v 0.002332 0.002789 0.056883
v 0.002404 0.002689 0.056722
v 0.002416 0.002675 0.056710
v 0.006803 -0.000676 0.055941
v 0.006927 -0.000677 0.056038
v 0.007022 -0.000678 0.056186
v 0.006907 -0.003763 0.055960
v 0.006956 -0.003728 0.056007
v 0.006960 -0.003725 0.056011
v 0.007004 -0.003706 0.056107
v 0.006636 -0.000675 0.055885
v 0.006619 -0.004006 0.055811
v 0.006626 -0.004000 0.055813
v 0.006801 -0.003841 0.055860
v 0.006811 -0.003833 0.055869
v 0.006446 -0.004168 0.055785
v 0.006503 -0.004112 0.055779
v 0.006448 -0.003655 0.055801
v 0.006455 -0.002223 0.055847
v 0.006461 -0.001073 0.055884
v 0.006458 0.001326 0.055866
v 0.006460 -0.000418 0.055879
v 0.006460 -0.000675 0.055881
v 0.008875 -0.003997 0.055305
v 0.009029 -0.004166 0.055205
v 0.008979 -0.004114 0.055223
v 0.008879 -0.004001 0.055302
v 0.008756 -0.003863 0.055399
v 0.008742 -0.003844 0.055430
v 0.008737 -0.003837 0.055440
v 0.008663 -0.003734 0.055607
v 0.008662 -0.003730 0.055624
v 0.009036 0.001908 0.055255
v 0.009036 0.003148 0.055253
v 0.008880 0.003150 0.055335
v 0.009037 -0.002926 0.055262
v 0.009036 -0.003101 0.055254
v 0.009037 -0.000616 0.055258
v 0.008821 0.003151 0.055366
v 0.008753 0.003155 0.055467
v 0.008678 0.003161 0.055634
v 0.008685 0.003158 0.055567
v 0.008532 0.004293 0.055316
v 0.008516 0.004308 0.055319
v 0.008434 0.004222 0.055377
v 0.008347 0.004114 0.055504
v 0.008638 0.003674 0.055458
v 0.007908 0.004309 0.055755
v 0.008304 0.004042 0.055673
v 0.007914 0.004405 0.055590
v 0.008571 0.003638 0.055630
v 0.007373 0.004837 0.055549
v 0.007385 0.004666 0.055604
v 0.008140 0.004645 0.055388
v 0.007951 0.004549 0.055471
v 0.009008 0.003446 0.055247
v 0.008734 0.004112 0.055279
v 0.007443 0.004413 0.055866
v 0.007428 0.004430 0.055801
v 0.007409 0.004515 0.055713
v 0.007389 0.004601 0.055624
v 0.000621 0.004402 0.057038
v 0.000624 0.004399 0.057042
v 0.000628 0.004397 0.057052
v 0.000487 0.004507 0.056890
v 0.000307 0.004672 0.056818
v 0.000345 0.004636 0.056832
v 0.000476 0.004516 0.056878
v 0.000382 0.004839 0.056740
v 0.000129 0.004839 0.056776
v 0.000171 0.004798 0.056775
v 0.005858 0.004838 0.055837
v 0.005309 0.004838 0.055941
v 0.003306 0.004839 0.056321
v 0.003247 0.004839 0.056332
v 0.001801 0.004839 0.056538
v 0.000186 0.004783 0.056775
v 0.000190 0.000339 0.056909
v 0.000141 -0.002611 0.056861
v 0.000134 -0.004169 0.056811
v 0.000175 -0.004131 0.056822
v 0.000490 -0.003838 0.056928
v 0.000507 -0.003825 0.056946
v 0.000528 0.000340 0.057023
v 0.000645 0.000341 0.057163
v 0.000626 -0.003729 0.057074
v 0.000634 -0.003723 0.057084
v 0.000351 -0.003965 0.056869
v 0.000463 -0.003860 0.056899
v 0.000368 0.000340 0.056934
v 0.000147 0.000972 0.056901
v 0.000149 0.000339 0.056911
v 0.000149 0.000308 0.056911
v 0.000149 0.000221 0.056913
v 0.000149 0.000173 0.056913
v 0.000149 0.000084 0.056912
v 0.000149 -0.000030 0.056912
v 0.000149 -0.000159 0.056912
v 0.000149 -0.000293 0.056912
v 0.000149 -0.000422 0.056912
v 0.000149 -0.000509 0.056911
v 0.000148 -0.000678 0.056910
v 0.000147 -0.001296 0.056903
v 0.000314 -0.004000 0.056859
v 0.000143 0.002522 0.056876
v 0.000145 0.001910 0.056886
v 0.002328 -0.003728 0.056837
v 0.002325 -0.003725 0.056842
v 0.002325 -0.003723 0.056851
v 0.002411 -0.003829 0.056665
v 0.002415 -0.003834 0.056657
v 0.002421 -0.003840 0.056646
v 0.002567 -0.003996 0.056542
v 0.002570 -0.004000 0.056539
v 0.000991 -0.004169 0.056692
v 0.002730 -0.004169 0.056451
v 0.002673 -0.004110 0.056466
v 0.002250 -0.004169 0.056517
v 0.002734 -0.003248 0.056477
v 0.002739 -0.001929 0.056515
v 0.002744 -0.000870 0.056545
v 0.002745 -0.000671 0.056550
v 0.002744 -0.000174 0.056546
v 0.002743 0.000585 0.056538
v 0.002742 0.001416 0.056530
v 0.002741 0.002250 0.056522
v -0.003148 0.004795 0.057118
v -0.003203 0.004849 0.057116
v -0.003196 0.003555 0.057167
v -0.002701 0.001327 0.057516
v -0.002719 0.004410 0.057402
v -0.002707 0.001332 0.057503
v -0.002704 0.001329 0.057506
v -0.002721 0.004413 0.057398
v -0.002828 0.001438 0.057361
v -0.002834 0.001443 0.057354
v -0.002850 0.004518 0.057245
v -0.002845 0.001452 0.057342
v -0.003007 0.001607 0.057282
v -0.003011 0.001611 0.057281
v -0.002860 0.004527 0.057232
v -0.003027 0.004682 0.057166
v -0.003186 0.001781 0.057237
v -0.003129 0.001725 0.057237
v -0.003186 0.001880 0.057234
v -0.008226 0.001780 0.057488
v -0.008207 0.001761 0.057488
v -0.008221 0.001780 0.057488
v -0.006487 0.001780 0.057401
v -0.008060 0.001615 0.057540
v -0.008049 0.001605 0.057544
v -0.007899 0.001458 0.057620
v -0.007928 0.001486 0.057587
v -0.002704 0.001328 0.057509
v -0.007882 0.001442 0.057639
v -0.007780 0.001345 0.057755
v -0.007778 0.001343 0.057762
v -0.007765 0.001332 0.057800
v -0.008224 -0.000605 0.057505
v -0.008058 -0.000490 0.057556
v -0.008209 -0.000640 0.057505
v -0.008224 -0.000655 0.057505
v -0.007897 -0.000332 0.057633
v -0.007926 -0.000360 0.057600
v -0.008045 -0.000478 0.057560
v -0.007779 -0.000216 0.057766
v -0.007878 -0.000313 0.057654
v -0.007776 -0.000214 0.057773
v -0.007762 -0.000201 0.057816
v -0.002827 -0.000312 0.057377
v -0.006752 -0.000656 0.057432
v -0.002835 -0.000319 0.057368
v -0.003003 -0.000480 0.057302
v -0.003008 -0.000485 0.057301
v -0.003184 -0.000656 0.057254
v -0.002862 -0.000343 0.057340
v -0.002712 -0.000208 0.057500
v -0.002707 -0.000204 0.057513
v -0.002700 -0.000199 0.057531
v -0.002651 -0.000162 0.057659
v -0.002847 -0.002140 0.057327
v -0.002837 -0.002150 0.057339
v -0.003186 -0.001807 0.057237
v -0.003129 -0.001864 0.057234
v -0.003185 -0.001304 0.057244
v -0.003017 -0.001973 0.057271
v -0.003012 -0.001978 0.057273
v -0.002855 -0.002132 0.057324
v -0.002710 -0.002268 0.057483
v -0.002673 -0.002299 0.057588
v -0.002707 -0.002271 0.057486
v -0.005541 -0.002238 0.057626
v -0.002783 -0.002211 0.057395
v -0.005547 -0.002133 0.057509
v -0.005551 -0.001979 0.057424
v -0.003287 -0.001807 0.057245
v -0.005532 -0.002306 0.057789
v -0.007928 -0.002301 0.057875
v -0.007973 -0.002255 0.057743
v -0.007975 -0.002252 0.057736
v -0.006479 -0.001806 0.057397
v -0.008417 -0.001806 0.057490
v -0.008398 -0.001825 0.057489
v -0.005534 -0.001806 0.057352
v -0.005555 -0.001806 0.057353
v -0.008252 -0.001972 0.057535
v -0.008250 -0.001974 0.057535
v -0.008122 -0.002103 0.057575
v -0.008098 -0.002127 0.057601
v -0.008093 -0.002133 0.057607
v -0.008190 -0.002878 0.057511
v -0.008253 -0.002878 0.057496
v -0.008421 -0.002875 0.057457
v -0.008099 -0.002882 0.057589
v -0.008009 -0.002885 0.057666
v -0.007985 -0.002888 0.057726
v -0.007808 -0.003562 0.057546
v -0.008019 -0.003251 0.057561
v -0.007923 -0.003670 0.057447
v -0.007447 -0.003668 0.057691
v -0.007494 -0.003765 0.057534
v -0.007726 -0.003488 0.057695
v -0.007912 -0.003213 0.057706
v -0.007129 -0.004167 0.057373
v -0.007128 -0.003994 0.057428
v -0.007733 -0.004018 0.057395
v -0.007558 -0.003910 0.057429
v -0.008021 -0.003763 0.057413
v -0.008401 -0.003107 0.057448
v -0.008387 -0.003141 0.057446
v -0.008194 -0.003610 0.057423
v -0.007127 -0.003929 0.057449
v -0.007124 -0.003843 0.057539
v -0.007122 -0.003756 0.057630
v -0.007120 -0.003739 0.057697
v -0.000953 -0.003722 0.057278
v -0.000953 -0.003723 0.057271
v -0.000947 -0.003729 0.057261
v -0.000849 -0.003838 0.057087
v -0.000830 -0.003860 0.057052
v -0.000734 -0.003959 0.057000
v -0.005783 -0.004168 0.057302
v -0.005305 -0.004168 0.057276
v -0.003649 -0.004169 0.057188
v -0.000694 -0.004000 0.056979
v -0.003109 -0.004169 0.057137
v -0.001518 -0.004169 0.056985
v -0.000574 -0.004126 0.056913
v -0.000532 -0.004169 0.056890
v -0.000943 0.000342 0.057358
v -0.000956 0.004407 0.057246
v -0.000954 0.004410 0.057228
v -0.000864 0.000342 0.057193
v -0.000952 0.004413 0.057224
v -0.000849 0.004527 0.057035
v -0.000857 0.004518 0.057049
v -0.000873 0.004500 0.057079
v -0.000563 0.000341 0.056999
v -0.000583 0.004804 0.056865
v -0.000731 0.000341 0.057068
v -0.000590 0.004796 0.056866
v -0.000699 0.004683 0.056937
v -0.000738 0.004642 0.056963
v -0.000518 0.000554 0.056988
v -0.000519 0.001024 0.056983
v -0.000520 0.001577 0.056977
v -0.000520 0.001648 0.056976
v -0.000532 0.003959 0.056888
v -0.000537 0.004850 0.056854
v -0.000523 -0.002297 0.056958
v -0.000521 -0.001944 0.056970
v -0.000520 -0.001496 0.056975
v -0.000519 -0.000970 0.056980
v -0.000518 -0.000485 0.056985
v -0.000518 -0.000083 0.056989
v -0.000517 0.000197 0.056992
v -0.000517 0.000210 0.056992
v -0.000517 0.000341 0.056991
v -0.001004 0.004850 0.056900
v -0.002641 0.004850 0.057061
v -0.002473 -0.006622 0.056927
v -0.000250 0.012930 0.055855
v -0.002822 0.011423 0.056323
v -0.001575 0.006947 0.056814
v -0.008483 0.008127 0.057025
v -0.004872 0.004918 0.057230
v -0.003362 0.006161 0.057039
v -0.005994 0.003311 0.057371
v 0.011968 0.002533 0.054426
v 0.011981 0.000001 0.054513
v 0.011705 -0.006624 0.054274
v 0.011728 -0.006559 0.054274
v 0.011937 -0.005955 0.054269
v 0.011944 -0.005822 0.054278
v 0.011955 -0.004250 0.054348
v 0.011979 -0.000792 0.054501
v 0.011983 -0.000293 0.054523
v 0.006224 -0.004151 0.055831
v 0.010714 -0.007401 0.054485
v 0.011209 -0.007107 0.054373
v 0.004934 -0.010783 0.055376
v 0.006025 -0.010153 0.055291
v 0.003231 -0.006613 0.056208
v 0.006248 -0.010021 0.055253
v 0.004896 -0.005589 0.055998
v 0.007756 -0.009137 0.054996
v 0.010598 -0.007469 0.054512
v 0.001222 -0.012927 0.055664
v 0.001934 -0.012515 0.055609
v 0.001355 -0.007146 0.056445
v -0.000250 -0.012927 0.055855
v 0.000408 -0.013124 0.055735
v 0.000479 -0.013110 0.055728
v -0.000595 -0.007149 0.056691
v -0.001333 -0.012291 0.056071
v -0.000811 -0.012597 0.055982
v 0.001099 -0.012990 0.055669
v -0.007000 -0.008984 0.056894
v -0.005410 -0.009905 0.056770
v -0.005216 -0.010019 0.056736
v -0.004224 -0.010599 0.056566
v -0.010239 -0.007108 0.057149
v -0.009962 -0.007268 0.057127
v -0.010816 -0.006501 0.057189
v -0.010769 -0.006556 0.057185
v -0.010355 -0.007034 0.057153
v -0.010963 -0.004120 0.057334
v -0.010967 -0.005156 0.057298
v -0.010974 -0.005824 0.057244
v -0.010955 0.002402 0.057393
v -0.010943 0.000252 0.057486
v -0.010948 -0.000808 0.057449
v -0.010944 0.000002 0.057478
v -0.010974 0.005827 0.057244
v -0.010973 0.005852 0.057242
v -0.010239 0.007110 0.057149
v -0.010745 0.006628 0.057180
v -0.010767 0.006563 0.057185
v -0.009607 0.007475 0.057126
v -0.010969 0.005963 0.057232
v -0.004939 0.010182 0.056708
v -0.005215 0.010022 0.056733
v -0.005629 0.009782 0.056770
v 0.000357 0.007217 0.056571
v 0.000247 0.013067 0.055766
v -0.000132 0.012992 0.055828
v 0.001849 0.012569 0.055642
v 0.001222 0.012929 0.055664
v 0.000486 0.013113 0.055727
v 0.000550 0.013126 0.055716
v 0.003437 0.011651 0.055501
v 0.002289 0.006953 0.056327
v 0.006249 0.010024 0.055252
v 0.004078 0.006173 0.056101
v 0.006304 0.009992 0.055247
v 0.009200 0.008291 0.054739
v 0.006510 0.009873 0.055229
v 0.011954 0.005078 0.054339
v 0.011944 0.005825 0.054278
v 0.011878 0.006092 0.054273
v 0.011775 0.006506 0.054265
v 0.011209 0.007110 0.054373
v 0.011318 0.007038 0.054348
v 0.011731 0.006557 0.054273
v -0.004141 -0.005604 0.057138
v 0.005113 -0.011374 0.055787
v 0.006585 -0.010518 0.055617
v 0.006577 -0.010511 0.055591
v 0.007321 -0.010090 0.055533
v 0.007791 -0.009815 0.055448
v 0.011578 -0.007590 0.054731
v 0.011561 -0.007576 0.054695
v 0.010733 -0.008089 0.054922
v 0.010612 -0.008160 0.054944
v 0.001530 -0.013444 0.056031
v 0.002232 -0.013039 0.055991
v 0.001519 -0.013427 0.055993
v 0.004437 -0.011767 0.055865
v 0.011490 -0.007517 0.054540
v 0.006518 -0.010444 0.055433
v 0.011506 -0.007530 0.054574
v 0.001482 -0.013370 0.055871
v 0.001463 -0.013339 0.055805
v 0.001408 -0.013247 0.055739
v 0.006437 -0.010331 0.055316
v 0.001350 -0.013150 0.055671
v 0.011476 -0.007505 0.054510
v 0.011410 -0.007419 0.054446
v 0.011341 -0.007329 0.054379
v 0.006344 -0.010184 0.055256
v 0.011305 -0.007268 0.054377
v 0.001315 -0.013089 0.055669
v 0.011903 -0.006658 0.054247
v 0.012453 -0.006515 0.054576
v 0.012478 -0.006372 0.054582
v 0.012412 -0.006350 0.054416
v 0.012471 -0.005844 0.054450
v 0.012546 -0.005855 0.054567
v 0.012569 -0.005858 0.054603
v 0.012273 -0.006845 0.054597
v 0.012215 -0.006824 0.054429
v 0.012135 -0.007099 0.054614
v 0.011907 -0.007231 0.054481
v 0.011966 -0.007254 0.054649
v 0.012074 -0.006752 0.054301
v 0.011785 -0.007135 0.054350
v 0.012132 -0.005824 0.054271
v 0.012202 -0.005825 0.054268
v 0.012259 -0.006307 0.054289
v 0.012318 -0.005831 0.054328
v 0.012431 -0.005838 0.054387
v 0.011653 -0.007543 0.054714
v 0.012589 -0.002128 0.054740
v 0.012600 0.000003 0.054819
v 0.012591 0.000002 0.054815
v 0.012581 0.004864 0.054684
v 0.012569 0.005861 0.054603
v 0.012546 0.005858 0.054567
v 0.012604 0.000866 0.054851
v 0.012603 0.001073 0.054842
v 0.012584 0.004363 0.054705
v 0.012571 -0.005499 0.054616
v 0.012449 0.005843 0.054416
v 0.012494 0.000002 0.054662
v 0.012471 0.005846 0.054450
v 0.012431 0.005840 0.054387
v 0.012318 0.005834 0.054328
v 0.012347 0.000002 0.054553
v 0.012202 0.005827 0.054268
v 0.012132 0.005827 0.054271
v 0.012170 0.000002 0.054504
v 0.012468 0.006372 0.054585
v 0.011578 0.007593 0.054731
v 0.011506 0.007533 0.054574
v 0.011583 0.007588 0.054730
v 0.011907 0.007233 0.054481
v 0.012274 0.006847 0.054597
v 0.012080 0.007169 0.054624
v 0.011971 0.007261 0.054647
v 0.012411 0.006352 0.054416
v 0.012422 0.006600 0.054577
v 0.011903 0.006661 0.054247
v 0.012074 0.006755 0.054301
v 0.012259 0.006309 0.054289
v 0.012215 0.006827 0.054429
v 0.011476 0.007508 0.054510
v 0.011785 0.007138 0.054350
v 0.011410 0.007421 0.054446
v 0.011341 0.007331 0.054379
v 0.011305 0.007271 0.054377
v 0.011233 0.007150 0.054374
v 0.006273 0.010066 0.055254
v 0.006582 0.010520 0.055584
v 0.005937 0.010894 0.055641
v 0.006534 0.010466 0.055466
v 0.003106 0.012534 0.055891
v 0.001482 0.013373 0.055871
v 0.001530 0.013447 0.056031
v 0.009580 0.008770 0.055156
v 0.008641 0.009320 0.055315
v 0.007569 0.009949 0.055496
v 0.001245 0.012970 0.055665
v 0.006365 0.010221 0.055264
v 0.001315 0.013092 0.055669
v 0.001350 0.013153 0.055671
v 0.006456 0.010361 0.055337
v 0.001463 0.013342 0.055805
v 0.001416 0.013264 0.055749
v 0.001408 0.013249 0.055739
v 0.000000 0.013620 0.056197
v -0.000455 0.013447 0.056288
v -0.000454 0.013430 0.056249
v -0.000450 0.013373 0.056121
v 0.000007 0.013579 0.056020
v 0.000025 0.013629 0.056192
v 0.001016 0.013579 0.055890
v 0.001442 0.013495 0.056033
v 0.001041 0.013623 0.056062
v 0.000814 0.013695 0.056078
v 0.000511 0.013646 0.055943
v 0.000534 0.013688 0.056116
v 0.000156 0.013679 0.056166
v -0.000448 0.013342 0.056052
v 0.000018 0.013441 0.055872
v 0.000492 0.013504 0.055799
v 0.000967 0.013441 0.055749
v 0.000482 0.013316 0.055723
v -0.000340 0.013092 0.055883
v -0.000373 0.013153 0.055894
v -0.000412 0.013249 0.055974
v -0.009637 0.008091 0.057559
v -0.010503 0.007593 0.057590
v -0.010496 0.007579 0.057551
v -0.008348 0.008837 0.057454
v -0.005447 0.010511 0.057146
v -0.006182 0.010090 0.057279
v -0.005642 0.010405 0.057202
v -0.002985 0.011958 0.056801
v -0.003308 0.011768 0.056867
v -0.005448 0.010518 0.057174
v -0.010467 0.007520 0.057382
v -0.005430 0.010445 0.056979
v -0.010474 0.007533 0.057420
v -0.005382 0.010331 0.056844
v -0.010331 0.007271 0.057178
v -0.005307 0.010185 0.056762
v -0.010365 0.007332 0.057188
v -0.010414 0.007422 0.057271
v -0.010462 0.007508 0.057350
v -0.010943 0.006662 0.057204
v -0.011149 0.006962 0.057630
v -0.011211 0.006849 0.057639
v -0.011198 0.006827 0.057461
v -0.011391 0.006515 0.057664
v -0.011413 0.006375 0.057675
v -0.011391 0.006353 0.057498
v -0.011494 0.005861 0.057719
v -0.011439 0.005847 0.057545
v -0.010886 0.007234 0.057433
v -0.010900 0.007258 0.057610
v -0.011076 0.007097 0.057620
v -0.010587 0.007542 0.057593
v -0.010801 0.007139 0.057274
v -0.011094 0.006756 0.057301
v -0.011416 0.005841 0.057474
v -0.011276 0.006310 0.057336
v -0.011323 0.005835 0.057389
v -0.011226 0.005828 0.057300
v -0.011020 0.005827 0.057254
v -0.011157 0.005828 0.057285
v -0.011494 -0.005858 0.057719
v -0.011439 -0.005844 0.057545
v -0.011479 -0.002672 0.057828
v -0.011419 0.000002 0.057789
v -0.011460 0.001137 0.057959
v -0.011463 0.000477 0.057936
v -0.011466 0.000004 0.057920
v -0.011472 0.003566 0.057877
v -0.011471 0.003500 0.057881
v -0.010992 0.000002 0.057488
v -0.011020 -0.005824 0.057254
v -0.011167 0.000002 0.057532
v -0.011157 -0.005825 0.057285
v -0.011226 -0.005826 0.057300
v -0.011316 0.000002 0.057637
v -0.011416 -0.005838 0.057474
v -0.011338 -0.005833 0.057402
v -0.011323 -0.005832 0.057389
v -0.011391 -0.006350 0.057498
v -0.011018 -0.007166 0.057615
v -0.010905 -0.007259 0.057610
v -0.010886 -0.007231 0.057433
v -0.010503 -0.007590 0.057590
v -0.010474 -0.007530 0.057420
v -0.011210 -0.006846 0.057639
v -0.011197 -0.006826 0.057461
v -0.011361 -0.006596 0.057657
v -0.011407 -0.006370 0.057676
v -0.011493 -0.005954 0.057710
v -0.011493 -0.005949 0.057711
v -0.010942 -0.006660 0.057204
v -0.010462 -0.007506 0.057350
v -0.010414 -0.007419 0.057271
v -0.010802 -0.007136 0.057274
v -0.010365 -0.007329 0.057188
v -0.011094 -0.006754 0.057301
v -0.010351 -0.007304 0.057184
v -0.010331 -0.007269 0.057178
v -0.010262 -0.007148 0.057156
v -0.011276 -0.006308 0.057336
v -0.006430 -0.009943 0.057307
v -0.005454 -0.010515 0.057140
v -0.005437 -0.010461 0.057014
v -0.003788 -0.011492 0.056856
v -0.000450 -0.013370 0.056121
v -0.000958 -0.013150 0.056373
v -0.000455 -0.013444 0.056288
v -0.009219 -0.008330 0.057527
v -0.008462 -0.008766 0.057490
v -0.006457 -0.009928 0.057309
v -0.005239 -0.010061 0.056743
v -0.000273 -0.012968 0.055862
v -0.005325 -0.010216 0.056775
v -0.000340 -0.013089 0.055883
v -0.000373 -0.013150 0.055894
v -0.005395 -0.010356 0.056869
v -0.000448 -0.013340 0.056052
v -0.000417 -0.013261 0.055987
v -0.000412 -0.013247 0.055974
v 0.001017 -0.013576 0.055890
v 0.001042 -0.013626 0.056061
v 0.000007 -0.013577 0.056020
v -0.000375 -0.013489 0.056269
v 0.000027 -0.013621 0.056193
v 0.000244 -0.013692 0.056152
v 0.000510 -0.013644 0.055943
v 0.000532 -0.013685 0.056116
v 0.000905 -0.013677 0.056069
v 0.000968 -0.013438 0.055749
v 0.000492 -0.013501 0.055799
v 0.000018 -0.013439 0.055872
v 0.000482 -0.013313 0.055723
v -0.009476 -0.010869 0.057157
v -0.007837 -0.011822 0.056974
v -0.010592 -0.009516 0.057332
v 0.010722 -0.010719 0.054520
v 0.012525 -0.009650 0.054061
v 0.011606 -0.008990 0.054533
v 0.014646 0.001253 0.054149
v 0.013886 0.004812 0.054245
v 0.013469 -0.005872 0.054298
v 0.014504 -0.002384 0.054167
v 0.009032 -0.011544 0.054857
v 0.002432 -0.014360 0.055689
v -0.001178 -0.014446 0.056145
v 0.005909 -0.013372 0.055251
v 0.012272 0.008069 0.054449
v 0.009905 0.010818 0.054747
v 0.003546 0.014149 0.055549
v 0.006934 0.012888 0.055122
v -0.000047 0.014520 0.056002
v -0.006850 0.012397 0.056875
v -0.006136 0.012814 0.056767
v -0.003619 0.013979 0.056452
v -0.012052 0.007493 0.057516
v -0.009816 0.010351 0.057234
v -0.007687 0.011908 0.057001
v -0.008541 0.011414 0.057074
v -0.013513 0.004163 0.057700
v -0.013815 0.002359 0.057736
v -0.013807 0.001499 0.057790
v -0.013809 0.000566 0.057777
v -0.013815 -0.002224 0.057738
v -0.013795 -0.003054 0.057735
v -0.012598 -0.006489 0.057585
v -0.004697 -0.013623 0.056588
v 0.014613 -0.008376 0.053526
v 0.014635 -0.008355 0.053520
v 0.014709 -0.008214 0.053512
v 0.014521 -0.008465 0.053550
v 0.014492 -0.008484 0.053559
v 0.014711 -0.008211 0.053512
v 0.014739 -0.008051 0.053527
v 0.009119 -0.011659 0.054803
v 0.008688 -0.011912 0.054879
v 0.005937 -0.013510 0.055174
v 0.004676 -0.014242 0.055310
v -0.001330 -0.015636 0.055847
v 0.000179 -0.016534 0.055418
v 0.000361 -0.016597 0.055375
v 0.000519 -0.016592 0.055356
v 0.000331 -0.016588 0.055382
v 0.000211 -0.016552 0.055409
v 0.000523 -0.016592 0.055356
v 0.000675 -0.016534 0.055354
v 0.002469 -0.015507 0.055334
v -0.007019 -0.012298 0.056882
v -0.005440 -0.013215 0.056705
v -0.005119 -0.013404 0.056640
v -0.004694 -0.013654 0.056554
v -0.001619 -0.015464 0.055929
v -0.013872 -0.007172 0.057338
v -0.013884 -0.008051 0.057251
v -0.013848 -0.008244 0.057227
v -0.013764 -0.008379 0.057218
v -0.013855 -0.008213 0.057231
v -0.013883 -0.008089 0.057246
v -0.013762 -0.008382 0.057218
v -0.013636 -0.008484 0.057219
v -0.011170 -0.009898 0.057182
v -0.013816 -0.003065 0.057726
v -0.013817 -0.003240 0.057724
v -0.013669 0.008466 0.057218
v -0.013689 0.008448 0.057218
v -0.013762 0.008379 0.057219
v -0.013786 0.008356 0.057219
v -0.013859 0.008216 0.057230
v -0.013861 0.008213 0.057231
v -0.013884 0.008054 0.057251
v -0.013848 0.006048 0.057506
v -0.013832 0.004306 0.057615
v -0.009646 0.010774 0.057168
v -0.010046 0.010544 0.057173
v -0.013636 0.008487 0.057219
v 0.000179 0.016537 0.055418
v -0.000120 0.016360 0.055494
v -0.003698 0.014240 0.056395
v -0.003724 0.014224 0.056402
v 0.000518 0.016591 0.055357
v 0.000487 0.016600 0.055359
v 0.000330 0.016594 0.055381
v 0.002517 0.015486 0.055388
v 0.000675 0.016537 0.055354
v 0.000640 0.016555 0.055353
v 0.000326 0.016594 0.055381
v 0.003639 0.014839 0.055324
v 0.006446 0.013220 0.055164
v 0.006947 0.012928 0.055090
v 0.010132 0.011067 0.054619
v 0.014780 0.005215 0.053815
v 0.014739 0.008054 0.053527
v 0.014737 0.008091 0.053522
v 0.014706 0.008216 0.053514
v 0.014613 0.008385 0.053525
v 0.014615 0.008382 0.053525
v 0.014698 0.008247 0.053512
v 0.014492 0.008487 0.053559
v 0.013671 0.008973 0.053765
v 0.010485 0.010861 0.054567
v 0.014818 -0.001360 0.054082
v 0.014812 0.001285 0.054040
v 0.014808 0.003310 0.054008
v 0.014768 -0.006490 0.053727
v 0.014780 -0.005840 0.053810
v 0.014809 -0.002459 0.054016
v 0.000655 -0.016534 0.055213
v 0.004160 -0.014528 0.055194
v 0.004635 -0.014256 0.055191
v 0.007642 -0.012510 0.054869
v 0.008717 -0.011885 0.054754
v 0.011079 -0.010494 0.054269
v 0.014471 -0.008484 0.053416
v 0.012725 -0.009525 0.053930
v 0.014720 -0.008051 0.053387
v 0.014704 -0.008158 0.053360
v 0.014564 -0.008396 0.053379
v 0.014588 -0.008374 0.053369
v 0.014621 -0.008342 0.053356
v 0.014680 -0.008211 0.053359
v 0.014694 -0.008179 0.053360
v 0.014781 -0.004033 0.053823
v 0.014789 -0.003558 0.053875
v 0.014799 0.000007 0.053949
v 0.014720 0.008054 0.053387
v 0.014761 0.005856 0.053682
v 0.014777 0.004037 0.053794
v 0.014803 0.001112 0.053972
v 0.014471 0.008487 0.053416
v 0.014550 0.008427 0.053379
v 0.014688 0.008182 0.053365
v 0.014680 0.008215 0.053359
v 0.014668 0.008264 0.053350
v 0.014586 0.008377 0.053370
v 0.014566 0.008404 0.053375
v 0.002128 0.015698 0.055259
v 0.000655 0.016537 0.055213
v 0.011082 0.010498 0.054300
v 0.010696 0.010727 0.054401
v 0.007633 0.012518 0.054874
v 0.006718 0.013053 0.055016
v 0.004154 0.014530 0.055152
v 0.000158 0.016537 0.055272
v 0.000251 0.016580 0.055233
v 0.000528 0.016577 0.055202
v 0.000495 0.016587 0.055199
v 0.000447 0.016602 0.055195
v 0.000308 0.016587 0.055222
v 0.000275 0.016583 0.055228
v -0.003231 0.014527 0.056149
v -0.003653 0.014276 0.056259
v -0.006680 0.012507 0.056723
v -0.013657 0.008487 0.057075
v -0.012287 0.009267 0.057116
v -0.010158 0.010494 0.057005
v -0.007671 0.011928 0.056875
v -0.013905 0.008054 0.057104
v -0.013897 0.008162 0.057075
v -0.013888 0.008182 0.057073
v -0.013875 0.008213 0.057069
v -0.013818 0.008344 0.057052
v -0.013782 0.008376 0.057057
v -0.013756 0.008399 0.057061
v -0.013845 0.004027 0.057525
v -0.013837 0.003468 0.057584
v -0.013828 -0.000009 0.057647
v -0.013824 -0.001288 0.057670
v -0.013849 -0.004032 0.057497
v -0.013867 -0.006073 0.057367
v -0.013905 -0.008051 0.057104
v -0.013657 -0.008484 0.057075
v -0.013749 -0.008419 0.057057
v -0.013881 -0.008179 0.057076
v -0.013875 -0.008213 0.057068
v -0.013867 -0.008257 0.057058
v -0.013781 -0.008375 0.057058
v -0.013761 -0.008403 0.057057
v -0.006668 -0.012512 0.056718
v -0.005519 -0.013179 0.056592
v -0.001498 -0.015547 0.055759
v 0.000158 -0.016534 0.055272
v -0.010146 -0.010495 0.057046
v -0.009634 -0.010788 0.057041
v -0.003236 -0.014524 0.056119
v 0.000551 -0.016579 0.055197
v 0.000279 -0.016575 0.055231
v 0.000310 -0.016585 0.055221
v 0.000351 -0.016599 0.055207
v 0.000496 -0.016584 0.055199
v 0.000531 -0.016581 0.055198
v 0.014169 -0.009041 0.053022
v 0.014519 -0.008831 0.052931
v 0.014472 -0.008707 0.053013
v 0.007638 -0.012532 0.054747
v 0.004191 -0.014608 0.054903
v 0.004245 -0.014711 0.054781
v 0.007706 -0.012709 0.054470
v 0.000769 -0.016693 0.054794
v 0.000837 -0.016805 0.054710
v 0.002094 -0.016098 0.054745
v 0.002326 -0.015968 0.054751
v 0.004285 -0.014844 0.054644
v 0.000744 -0.016652 0.054824
v 0.000712 -0.016604 0.054914
v 0.011122 -0.010704 0.053890
v 0.010672 -0.011134 0.053914
v 0.007765 -0.012836 0.054367
v 0.011071 -0.010520 0.054162
v 0.014447 -0.008524 0.053269
v 0.007658 -0.012601 0.054592
v 0.011082 -0.010593 0.054011
v 0.000679 -0.016556 0.055003
v 0.004162 -0.014545 0.055057
v 0.000673 -0.016550 0.055059
v 0.010855 -0.011027 0.053885
v 0.011178 -0.010833 0.053801
v 0.012645 -0.009954 0.053419
v 0.004307 -0.014831 0.054643
v 0.006902 -0.013343 0.054501
v 0.007524 -0.012978 0.054404
v 0.014454 -0.008662 0.053042
v 0.014446 -0.008600 0.053128
v 0.014438 -0.008539 0.053214
v 0.014686 -0.008346 0.053052
v 0.014766 -0.008401 0.052927
v 0.014556 -0.008429 0.053223
v 0.014702 -0.008174 0.053205
v 0.014646 -0.008312 0.053201
v 0.014862 -0.008460 0.052846
v 0.014896 -0.008420 0.052839
v 0.014787 -0.008004 0.053085
v 0.014838 -0.007990 0.052993
v 0.014884 -0.007985 0.052959
v 0.015010 -0.007973 0.052867
v 0.014603 -0.008774 0.052905
v 0.014736 -0.008017 0.053178
v 0.014731 -0.008027 0.053234
v 0.014807 0.000006 0.053821
v 0.014846 -0.004014 0.053525
v 0.014976 0.000006 0.053530
v 0.014954 -0.004005 0.053394
v 0.015054 -0.006149 0.053109
v 0.015061 -0.005862 0.053147
v 0.015069 -0.005160 0.053190
v 0.015096 0.003523 0.053342
v 0.014954 0.004010 0.053394
v 0.015100 0.002353 0.053366
v 0.015109 0.000006 0.053414
v 0.014788 0.004029 0.053683
v 0.014731 0.008029 0.053234
v 0.014867 0.000006 0.053661
v 0.014846 0.004018 0.053524
v 0.014788 -0.004024 0.053683
v 0.015087 0.004003 0.053291
v 0.015054 0.005717 0.053108
v 0.015041 0.006338 0.053042
v 0.015082 -0.003998 0.053261
v 0.015111 -0.001322 0.053425
v 0.015113 -0.001130 0.053437
v 0.014884 0.007988 0.052959
v 0.014838 0.007992 0.052993
v 0.014787 0.008006 0.053085
v 0.014736 0.008020 0.053178
v 0.015010 0.007976 0.052867
v 0.014687 0.008348 0.053052
v 0.014766 0.008403 0.052927
v 0.014702 0.008176 0.053205
v 0.014556 0.008432 0.053223
v 0.014646 0.008314 0.053201
v 0.014860 0.008465 0.052847
v 0.014842 0.008516 0.052846
v 0.014446 0.008603 0.053128
v 0.014454 0.008664 0.053042
v 0.014472 0.008710 0.053013
v 0.014519 0.008833 0.052931
v 0.015001 0.008080 0.052853
v 0.014438 0.008542 0.053214
v 0.014447 0.008527 0.053269
v 0.007630 0.012539 0.054748
v 0.011080 0.010597 0.054011
v 0.011120 0.010708 0.053890
v 0.007698 0.012717 0.054471
v 0.013138 0.009667 0.053336
v 0.013041 0.009725 0.053364
v 0.012811 0.009864 0.053431
v 0.004740 0.014593 0.054684
v 0.004243 0.014715 0.054781
v 0.006656 0.013482 0.054480
v 0.007758 0.012842 0.054363
v 0.004160 0.014549 0.055057
v 0.000673 0.016553 0.055059
v 0.007650 0.012608 0.054593
v 0.004189 0.014612 0.054903
v 0.011069 0.010523 0.054163
v 0.004310 0.014837 0.054687
v 0.003364 0.015374 0.054693
v 0.002373 0.015936 0.054699
v 0.011169 0.010836 0.053767
v 0.009805 0.011643 0.054047
v 0.008808 0.012233 0.054251
v 0.000769 0.016696 0.054794
v 0.000744 0.016655 0.054824
v 0.000712 0.016607 0.054914
v 0.000679 0.016559 0.055003
v 0.000837 0.016808 0.054710
v 0.000364 0.016696 0.054912
v 0.000350 0.016806 0.054801
v 0.000530 0.016605 0.055045
v 0.000237 0.016606 0.055081
v 0.000382 0.016627 0.055052
v 0.000339 0.016927 0.054735
v 0.000283 0.016937 0.054739
v 0.000027 0.016608 0.055000
v -0.000027 0.016656 0.054923
v -0.000059 0.016697 0.054900
v -0.000146 0.016808 0.054838
v 0.000740 0.016856 0.054706
v 0.000081 0.016560 0.055077
v 0.000102 0.016554 0.055130
v -0.013667 0.008931 0.056621
v -0.013831 0.008836 0.056623
v -0.013764 0.008712 0.056688
v -0.006708 0.012530 0.056603
v -0.001784 0.015844 0.055315
v -0.003512 0.014832 0.055671
v -0.003419 0.014711 0.055775
v -0.003336 0.014608 0.055878
v -0.006844 0.012708 0.056356
v -0.000387 0.016666 0.054908
v -0.001297 0.016130 0.055173
v -0.010296 0.010705 0.056668
v -0.009913 0.011100 0.056589
v -0.006992 0.012798 0.056273
v -0.010177 0.010520 0.056915
v -0.013672 0.008528 0.056926
v -0.006767 0.012600 0.056460
v -0.010227 0.010594 0.056773
v -0.003269 0.014545 0.056018
v -0.010122 0.010979 0.056591
v -0.010373 0.010834 0.056593
v -0.012692 0.009494 0.056613
v -0.003844 0.014637 0.055739
v -0.005809 0.013486 0.056145
v -0.006928 0.012835 0.056266
v -0.013740 0.008667 0.056711
v -0.013709 0.008605 0.056792
v -0.013678 0.008543 0.056872
v -0.013962 0.008352 0.056779
v -0.014072 0.008407 0.056681
v -0.013791 0.008433 0.056909
v -0.013938 0.008178 0.056927
v -0.013884 0.008316 0.056910
v -0.014185 0.008466 0.056630
v -0.014222 0.008423 0.056631
v -0.014051 0.008008 0.056835
v -0.014125 0.007995 0.056761
v -0.014178 0.007990 0.056741
v -0.014322 0.007978 0.056687
v -0.013923 0.008777 0.056619
v -0.013978 0.008021 0.056909
v -0.013958 0.008030 0.056962
v -0.014309 -0.006786 0.056810
v -0.014322 -0.007976 0.056687
v -0.014178 -0.007988 0.056741
v -0.013870 -0.000008 0.057531
v -0.013987 0.004009 0.057262
v -0.014108 -0.000008 0.057300
v -0.014124 0.004001 0.057167
v -0.014309 0.007042 0.056811
v -0.014296 0.006072 0.056939
v -0.014289 0.005035 0.057005
v -0.014124 -0.004006 0.057166
v -0.014270 -0.002287 0.057179
v -0.014265 -0.000007 0.057220
v -0.013889 -0.004025 0.057397
v -0.013958 -0.008028 0.056962
v -0.013969 -0.000008 0.057395
v -0.013987 -0.004014 0.057262
v -0.013889 0.004019 0.057397
v -0.014272 -0.003433 0.057159
v -0.014278 -0.004000 0.057100
v -0.014302 -0.006173 0.056874
v -0.014281 0.003993 0.057072
v -0.014263 0.001305 0.057243
v -0.014263 0.001285 0.057243
v -0.014125 -0.007992 0.056761
v -0.014051 -0.008005 0.056835
v -0.013978 -0.008019 0.056909
v -0.013963 -0.008348 0.056779
v -0.014072 -0.008404 0.056681
v -0.013938 -0.008175 0.056927
v -0.013791 -0.008430 0.056909
v -0.013884 -0.008313 0.056910
v -0.014184 -0.008466 0.056630
v -0.014166 -0.008517 0.056624
v -0.013709 -0.008602 0.056792
v -0.013740 -0.008664 0.056711
v -0.013764 -0.008710 0.056688
v -0.013831 -0.008834 0.056623
v -0.014318 -0.008083 0.056670
v -0.013678 -0.008541 0.056872
v -0.013672 -0.008525 0.056926
v -0.010169 -0.010522 0.056915
v -0.012489 -0.009607 0.056661
v -0.010368 -0.010836 0.056548
v -0.010288 -0.010707 0.056668
v -0.010219 -0.010596 0.056773
v -0.006833 -0.012712 0.056355
v -0.012993 -0.009317 0.056646
v -0.012611 -0.009537 0.056657
v -0.003877 -0.014614 0.055799
v -0.003419 -0.014709 0.055775
v -0.006144 -0.013290 0.056149
v 0.000102 -0.016551 0.055130
v -0.003269 -0.014542 0.056018
v -0.006756 -0.012604 0.056459
v -0.003336 -0.014606 0.055878
v -0.006697 -0.012534 0.056601
v -0.003507 -0.014831 0.055704
v -0.002954 -0.015156 0.055561
v -0.001504 -0.016007 0.055188
v -0.009271 -0.011471 0.056490
v -0.007868 -0.012284 0.056416
v -0.006918 -0.012839 0.056269
v -0.000059 -0.016694 0.054900
v -0.000027 -0.016653 0.054923
v 0.000027 -0.016605 0.055000
v 0.000081 -0.016557 0.055077
v -0.000146 -0.016805 0.054838
v 0.000697 -0.016846 0.054714
v 0.000363 -0.016694 0.054913
v 0.000349 -0.016804 0.054801
v 0.000236 -0.016603 0.055081
v 0.000530 -0.016603 0.055045
v 0.000382 -0.016624 0.055052
v 0.000342 -0.016925 0.054735
v 0.000394 -0.016935 0.054725
v -0.000054 -0.016853 0.054810
v 0.003476 0.015888 0.054543
v 0.003468 0.015846 0.054554
v 0.003820 0.015691 0.054523
v -0.012206 0.010376 0.056550
v -0.012225 0.010365 0.056550
v -0.014152 0.009250 0.056496
v 0.015328 0.008659 0.052586
v 0.015494 0.008001 0.052634
v 0.015409 -0.005249 0.053065
v 0.015530 0.006497 0.052845
v 0.015547 0.005791 0.052944
v 0.015565 0.004046 0.053046
v 0.015565 0.004017 0.053047
v 0.015581 0.002443 0.053140
v 0.015600 0.000619 0.053246
v 0.015597 0.000002 0.053229
v 0.015590 -0.001377 0.053189
v 0.015578 -0.003827 0.053119
v 0.015494 -0.007998 0.052634
v 0.015548 -0.005349 0.052942
v 0.015565 -0.004482 0.053043
v 0.015574 -0.004017 0.053097
v 0.015246 -0.008799 0.052597
v 0.014770 -0.009264 0.052728
v 0.014602 -0.009365 0.052779
v 0.013020 -0.010320 0.053258
v 0.011508 -0.011213 0.053564
v 0.011415 -0.011268 0.053583
v 0.011046 -0.011485 0.053657
v 0.008612 -0.012924 0.054150
v 0.007997 -0.013280 0.054210
v 0.007755 -0.013420 0.054233
v 0.004706 -0.015186 0.054529
v 0.004530 -0.015285 0.054528
v 0.004454 -0.015329 0.054528
v 0.003884 -0.015652 0.054526
v 0.001046 -0.017263 0.054514
v 0.000890 -0.017339 0.054508
v 0.000690 -0.017374 0.054521
v 0.000308 -0.017440 0.054547
v 0.000225 -0.017455 0.054553
v -0.000404 -0.017263 0.054703
v -0.002385 -0.016093 0.055288
v -0.002636 -0.015946 0.055339
v -0.003089 -0.015681 0.055430
v -0.003772 -0.015280 0.055568
v -0.007197 -0.013276 0.056175
v -0.006388 -0.013747 0.056092
v -0.006362 -0.013762 0.056089
v -0.012776 -0.009658 0.056619
v -0.009596 -0.011882 0.056421
v -0.010315 -0.011465 0.056495
v -0.010660 -0.011266 0.056495
v -0.011779 -0.010621 0.056495
v -0.013137 -0.009839 0.056496
v -0.014132 -0.009266 0.056496
v -0.014277 -0.009172 0.056489
v -0.014655 -0.008721 0.056503
v -0.014711 -0.008655 0.056505
v -0.014856 -0.008001 0.056591
v -0.014829 -0.006316 0.056827
v -0.014693 -0.006255 0.056861
v -0.014825 -0.006094 0.056859
v -0.014823 -0.005802 0.056877
v -0.014810 -0.004014 0.056989
v -0.014798 -0.002376 0.057091
v -0.014787 -0.000851 0.057187
v -0.014790 0.000000 0.057166
v -0.014794 0.001345 0.057132
v -0.014801 0.003710 0.057073
v -0.014805 0.004019 0.057039
v -0.014820 0.005217 0.056904
v -0.014824 0.005503 0.056872
v -0.014856 0.008003 0.056591
v -0.014850 0.008172 0.056564
v -0.014654 0.008729 0.056502
v -0.014627 0.008804 0.056494
v -0.014132 0.009269 0.056496
v -0.010664 0.011269 0.056454
v -0.010544 0.011338 0.056446
v -0.007197 0.013278 0.056185
v -0.007258 0.013243 0.056195
v -0.007710 0.012979 0.056269
v -0.002941 0.015770 0.055387
v -0.004038 0.015125 0.055666
v -0.003885 0.015214 0.055641
v -0.003765 0.015285 0.055609
v -0.000439 0.017246 0.054712
v -0.000404 0.017266 0.054703
v -0.000259 0.017341 0.054658
v 0.000315 0.017444 0.054546
v 0.000392 0.017458 0.054531
v 0.001046 0.017265 0.054514
v 0.002987 0.016170 0.054573
v 0.007996 0.013283 0.054212
v 0.007440 0.013609 0.054302
v 0.006868 0.013938 0.054337
v 0.004525 0.015285 0.054480
v 0.011868 0.011004 0.053513
v 0.010112 0.012042 0.053868
v 0.011227 0.011388 0.053686
v 0.011424 0.011270 0.053633
v 0.015277 0.008721 0.052598
v 0.014903 0.009175 0.052684
v 0.014770 0.009266 0.052728
v 0.013599 0.009968 0.053045
v 0.015274 -0.008723 0.052598
v 0.015481 -0.008164 0.052609
v 0.017254 -0.011040 0.050189
v 0.017478 -0.010708 0.050193
v 0.016567 -0.012102 0.050308
v 0.014437 -0.014585 0.050177
v 0.015170 -0.013735 0.050177
v 0.014012 -0.014950 0.050630
v 0.016402 -0.012304 0.050176
v 0.009700 -0.018216 0.051173
v 0.011440 -0.017084 0.050254
v 0.013475 -0.015549 0.050698
v 0.013784 -0.015214 0.050186
v 0.014009 -0.014997 0.050183
v 0.008846 -0.018606 0.050393
v 0.009327 -0.018323 0.050367
v 0.009439 -0.018324 0.051206
v 0.009888 -0.017994 0.050337
v 0.010408 -0.017690 0.050310
v 0.001244 -0.020691 0.051156
v 0.000882 -0.020722 0.052285
v -0.001702 -0.020699 0.051579
v -0.001571 -0.020569 0.052595
v 0.001918 -0.020623 0.051069
v 0.002263 -0.020589 0.051025
v 0.004081 -0.020193 0.051882
v 0.003956 -0.020249 0.050835
v 0.005431 -0.019970 0.051712
v 0.005182 -0.020004 0.050698
v 0.007979 -0.019009 0.050454
v -0.003719 -0.020435 0.052865
v -0.005607 -0.020037 0.052234
v -0.004630 -0.020278 0.052060
v -0.001707 -0.020699 0.051579
v -0.007225 -0.019466 0.052539
v -0.007121 -0.019427 0.053294
v -0.007789 -0.019267 0.052646
v -0.008142 -0.019124 0.053423
v -0.008384 -0.019057 0.052758
v -0.011005 -0.017671 0.053292
v -0.012164 -0.016853 0.053930
v -0.011829 -0.017126 0.053467
v -0.016147 -0.013066 0.054432
v -0.016043 -0.013179 0.054409
v -0.015584 -0.013737 0.054361
v -0.014128 -0.015262 0.053971
v -0.012179 -0.016839 0.053932
v -0.012210 -0.016818 0.053550
v -0.011996 -0.016991 0.053504
v 0.009900 0.018010 0.050333
v 0.009318 0.018309 0.050370
v 0.009387 0.018248 0.051213
v 0.007831 0.019126 0.051409
v -0.005572 0.020033 0.052230
v -0.005811 0.019983 0.052271
v -0.005742 0.019973 0.053121
v -0.016046 0.013184 0.054409
v -0.016147 0.013068 0.054432
v -0.013786 0.015552 0.054135
v -0.007105 0.019413 0.053292
v -0.007230 0.019485 0.052539
v -0.007795 0.019249 0.052649
v -0.012009 0.017000 0.053506
v -0.012226 0.016839 0.053553
v -0.012107 0.016738 0.053923
v -0.012686 0.016498 0.053653
v -0.014889 0.014510 0.054144
v -0.010011 0.018219 0.053659
v -0.009418 0.018571 0.052965
v -0.011948 0.017046 0.053493
v -0.006679 0.019715 0.052431
v -0.002926 0.020579 0.051773
v -0.001574 0.020662 0.052595
v -0.001705 0.020649 0.051587
v -0.001193 0.020725 0.052547
v 0.000035 0.020749 0.051322
v 0.001032 0.020708 0.051184
v 0.003408 0.020438 0.051967
v 0.001894 0.020590 0.051079
v 0.007787 0.019095 0.050468
v 0.006822 0.019478 0.050546
v 0.004077 0.020240 0.051882
v 0.003963 0.020304 0.050826
v 0.003958 0.020305 0.050826
v 0.011853 0.016856 0.050902
v 0.013984 0.014914 0.050633
v 0.013645 0.015343 0.050188
v 0.012887 0.015998 0.050205
v 0.010535 0.017666 0.050295
v 0.010436 0.017735 0.050299
v 0.015273 0.013740 0.050471
v 0.017476 0.010714 0.050193
v 0.017255 0.011023 0.050190
v 0.015721 0.013174 0.050172
v 0.015186 0.013733 0.050176
v 0.013988 0.014985 0.050185
v -0.000500 -0.017423 0.054705
v 0.000306 -0.017641 0.054507
v 0.000838 -0.017935 0.054623
v 0.000863 -0.018016 0.054781
v 0.001054 -0.017945 0.054782
v 0.001353 -0.017833 0.054785
v 0.001305 -0.017733 0.054642
v -0.000159 -0.018009 0.054917
v 0.000092 -0.018085 0.054855
v 0.000326 -0.018003 0.054664
v 0.000346 -0.018076 0.054825
v 0.000738 -0.018062 0.054779
v -0.000623 -0.017733 0.054894
v -0.000177 -0.017936 0.054755
v -0.000619 -0.017692 0.054831
v -0.000160 -0.017776 0.054634
v -0.000579 -0.017590 0.054770
v -0.000632 -0.017833 0.055045
v -0.000495 -0.017908 0.054999
v 0.001139 -0.017423 0.054492
v 0.000311 -0.017838 0.054549
v 0.001174 -0.017483 0.054483
v 0.000791 -0.017775 0.054510
v 0.001231 -0.017589 0.054534
v 0.001286 -0.017691 0.054582
v -0.000536 -0.017483 0.054706
v 0.008287 -0.013741 0.054381
v 0.010976 -0.012273 0.054109
v 0.011726 -0.011723 0.053782
v 0.011787 -0.011791 0.053891
v 0.014411 -0.010232 0.053186
v 0.007550 -0.014275 0.054634
v 0.007863 -0.014092 0.054586
v 0.008345 -0.013811 0.054512
v 0.004674 -0.015937 0.054836
v 0.004857 -0.015831 0.054823
v 0.004807 -0.015754 0.054680
v 0.004468 -0.016056 0.054851
v 0.004723 -0.015617 0.054558
v 0.014859 -0.009426 0.052704
v 0.011517 -0.011430 0.053615
v 0.008195 -0.013610 0.054258
v 0.011624 -0.011595 0.053662
v 0.008091 -0.013443 0.054208
v 0.004623 -0.015447 0.054509
v 0.015076 -0.009708 0.052846
v 0.015038 -0.009677 0.052789
v 0.014966 -0.009584 0.052743
v 0.014892 -0.009487 0.052696
v 0.015168 -0.009783 0.052983
v 0.015442 -0.008819 0.052535
v 0.015738 -0.009265 0.052812
v 0.015858 -0.009039 0.052799
v 0.015774 -0.009001 0.052647
v 0.016039 -0.008025 0.052720
v 0.015973 -0.008524 0.052647
v 0.016066 -0.008561 0.052796
v 0.016159 -0.008051 0.052854
v 0.016042 -0.008692 0.052781
v 0.015297 -0.009698 0.052938
v 0.015549 -0.009451 0.052866
v 0.015466 -0.009410 0.052713
v 0.015617 -0.008918 0.052552
v 0.015677 -0.007996 0.052598
v 0.015746 -0.007995 0.052585
v 0.015803 -0.008471 0.052552
v 0.015870 -0.008005 0.052626
v 0.015989 -0.008014 0.052665
v 0.015329 -0.009302 0.052614
v 0.015759 -0.004017 0.053065
v 0.015746 0.007997 0.052585
v 0.015677 0.007998 0.052598
v 0.015759 0.004019 0.053065
v 0.016226 -0.004487 0.053325
v 0.016229 -0.004043 0.053347
v 0.016128 -0.004032 0.053211
v 0.016159 0.008054 0.052854
v 0.016039 0.008028 0.052720
v 0.016215 0.004605 0.053251
v 0.016128 0.004034 0.053211
v 0.016224 0.004041 0.053316
v 0.016151 0.000001 0.053362
v 0.016247 0.000822 0.053472
v 0.016240 0.003084 0.053426
v 0.016238 -0.002853 0.053408
v 0.016251 -0.000918 0.053506
v 0.016249 0.000001 0.053488
v 0.016182 -0.006831 0.053015
v 0.015870 0.008007 0.052626
v 0.015989 0.008017 0.052665
v 0.015959 0.004024 0.053100
v 0.015784 0.000001 0.053211
v 0.015983 0.000001 0.053249
v 0.015959 -0.004022 0.053100
v 0.015441 0.008823 0.052535
v 0.015992 0.008825 0.052778
v 0.015858 0.009041 0.052799
v 0.015773 0.009005 0.052647
v 0.015555 0.009458 0.052862
v 0.015168 0.009786 0.052983
v 0.015466 0.009413 0.052713
v 0.015076 0.009710 0.052846
v 0.015652 0.009375 0.052832
v 0.015973 0.008527 0.052647
v 0.016060 0.008561 0.052799
v 0.016017 0.008726 0.052786
v 0.016148 0.008218 0.052826
v 0.015616 0.008922 0.052552
v 0.014859 0.009429 0.052704
v 0.014892 0.009490 0.052696
v 0.015329 0.009304 0.052614
v 0.014966 0.009586 0.052743
v 0.015038 0.009679 0.052789
v 0.015803 0.008475 0.052552
v 0.011517 0.011432 0.053615
v 0.001353 0.017836 0.054785
v 0.001305 0.017736 0.054642
v 0.003067 0.016855 0.054789
v 0.004807 0.015757 0.054680
v 0.006449 0.014914 0.054714
v 0.008287 0.013744 0.054381
v 0.005696 0.015352 0.054794
v 0.004857 0.015831 0.054793
v 0.009573 0.013097 0.054346
v 0.009143 0.013350 0.054428
v 0.008345 0.013813 0.054512
v 0.012809 0.011191 0.053667
v 0.011726 0.011725 0.053782
v 0.012177 0.011567 0.053850
v 0.011795 0.011791 0.053923
v 0.001286 0.017694 0.054582
v 0.004723 0.015619 0.054558
v 0.001231 0.017592 0.054534
v 0.004623 0.015450 0.054509
v 0.008091 0.013445 0.054208
v 0.008195 0.013612 0.054258
v 0.001174 0.017485 0.054483
v 0.001139 0.017425 0.054492
v 0.011624 0.011598 0.053662
v 0.000307 0.017644 0.054507
v -0.000160 0.017778 0.054634
v 0.000312 0.017841 0.054548
v 0.000328 0.018006 0.054663
v -0.000046 0.018064 0.054882
v -0.000161 0.018019 0.054914
v -0.000177 0.017938 0.054755
v -0.000632 0.017836 0.055045
v -0.000623 0.017736 0.054894
v 0.000350 0.018079 0.054825
v 0.000864 0.018011 0.054783
v 0.000594 0.018088 0.054789
v 0.000839 0.017938 0.054623
v 0.001198 0.017915 0.054776
v 0.000792 0.017777 0.054510
v -0.000619 0.017694 0.054831
v -0.000500 0.017426 0.054705
v -0.000536 0.017486 0.054706
v -0.000579 0.017592 0.054770
v -0.007289 0.013441 0.056204
v -0.010912 0.011723 0.056726
v -0.010943 0.011790 0.056850
v -0.013872 0.010114 0.056853
v -0.007434 0.013739 0.056424
v -0.010104 0.012270 0.056850
v -0.010392 0.012105 0.056850
v -0.006657 0.014272 0.056481
v -0.007278 0.013912 0.056547
v -0.007455 0.013808 0.056566
v -0.004006 0.015830 0.055977
v -0.004161 0.015739 0.056007
v -0.003994 0.015753 0.055826
v -0.000718 0.017785 0.055069
v -0.003623 0.016054 0.055905
v -0.003944 0.015616 0.055685
v -0.010753 0.011430 0.056509
v -0.014224 0.009431 0.056499
v -0.007376 0.013608 0.056280
v -0.010845 0.011596 0.056583
v -0.003859 0.015447 0.055612
v -0.014394 0.009712 0.056696
v -0.014373 0.009681 0.056631
v -0.014317 0.009589 0.056567
v -0.014258 0.009492 0.056500
v -0.014446 0.009786 0.056853
v -0.014806 0.009415 0.056671
v -0.015314 0.008529 0.056738
v -0.015121 0.009007 0.056688
v -0.015161 0.009044 0.056858
v -0.015437 0.008054 0.056983
v -0.015357 0.008029 0.056822
v -0.015363 0.008565 0.056906
v -0.015345 0.008692 0.056887
v -0.014589 0.009697 0.056844
v -0.014845 0.009454 0.056841
v -0.015046 0.009263 0.056839
v -0.014996 0.008925 0.056553
v -0.014832 0.008826 0.056487
v -0.014701 0.009307 0.056537
v -0.015042 0.008001 0.056606
v -0.015112 0.008000 0.056612
v -0.015176 0.008478 0.056599
v -0.015220 0.008009 0.056685
v -0.015325 0.008018 0.056755
v -0.015174 0.004023 0.057148
v -0.015289 0.000001 0.057447
v -0.015157 0.000001 0.057293
v -0.015381 -0.004485 0.057379
v -0.015437 -0.008051 0.056983
v -0.015357 -0.008026 0.056822
v -0.015359 -0.003079 0.057535
v -0.015374 -0.004037 0.057429
v -0.015308 -0.004031 0.057300
v -0.015348 0.000923 0.057613
v -0.015350 0.000002 0.057595
v -0.015352 -0.000799 0.057579
v -0.015373 0.004491 0.057437
v -0.015370 0.004044 0.057459
v -0.015308 0.004033 0.057300
v -0.015361 0.002783 0.057521
v -0.015412 0.006666 0.057160
v -0.015174 -0.004021 0.057148
v -0.014974 0.000001 0.057204
v -0.015042 -0.007998 0.056606
v -0.014991 -0.004017 0.057061
v -0.014991 0.004019 0.057061
v -0.015325 -0.008016 0.056755
v -0.015220 -0.008007 0.056685
v -0.015112 -0.007997 0.056612
v -0.014831 -0.008825 0.056487
v -0.015351 -0.008528 0.056915
v -0.015345 -0.008560 0.056910
v -0.015314 -0.008527 0.056738
v -0.015298 -0.008820 0.056872
v -0.015161 -0.009040 0.056858
v -0.015120 -0.009006 0.056687
v -0.014851 -0.009456 0.056839
v -0.014446 -0.009783 0.056853
v -0.014806 -0.009413 0.056672
v -0.014394 -0.009709 0.056696
v -0.014955 -0.009372 0.056836
v -0.014995 -0.008924 0.056552
v -0.014224 -0.009429 0.056499
v -0.014258 -0.009490 0.056500
v -0.014701 -0.009305 0.056537
v -0.014317 -0.009586 0.056567
v -0.014373 -0.009679 0.056631
v -0.015176 -0.008476 0.056599
v -0.005893 -0.014719 0.056327
v -0.003994 -0.015750 0.055826
v -0.007434 -0.013736 0.056424
v -0.004825 -0.015343 0.056163
v -0.004014 -0.015825 0.055947
v -0.002638 -0.016642 0.055580
v -0.008974 -0.012923 0.056740
v -0.008251 -0.013341 0.056688
v -0.007456 -0.013805 0.056566
v -0.012240 -0.011042 0.056892
v -0.010912 -0.011720 0.056726
v -0.011332 -0.011560 0.056909
v -0.010942 -0.011785 0.056881
v -0.003859 -0.015444 0.055612
v -0.003944 -0.015613 0.055685
v -0.007289 -0.013439 0.056204
v -0.007376 -0.013605 0.056280
v -0.010753 -0.011428 0.056509
v -0.010845 -0.011593 0.056583
v -0.010849 -0.015368 0.055833
v 0.007384 0.017441 0.053534
v 0.018601 -0.008571 0.050227
v 0.018796 -0.008029 0.050236
v 0.018769 -0.007997 0.050598
v 0.017875 0.009872 0.050711
v 0.017894 0.009918 0.050206
v 0.015245 0.013652 0.051042
v 0.019603 0.005596 0.050493
v 0.019308 0.006586 0.050263
v 0.018599 0.008578 0.050228
v 0.020142 0.003118 0.050312
v 0.020225 0.002697 0.050318
v 0.020345 0.001040 0.050399
v 0.019655 0.005609 0.050280
v 0.019652 0.005617 0.050280
v 0.020062 -0.003568 0.050435
v 0.020149 -0.003114 0.050311
v 0.020210 -0.002816 0.050315
v 0.020304 -0.001958 0.050322
v 0.020391 0.000001 0.050328
v 0.020327 0.001039 0.050324
v 0.019318 -0.006581 0.050262
v 0.019611 -0.005770 0.050276
v 0.020057 -0.003569 0.050305
v 0.016531 -0.012025 0.050880
v -0.018675 -0.008885 0.055045
v -0.018137 -0.009897 0.054912
v -0.018044 -0.009869 0.055240
v -0.017362 -0.011353 0.054720
v -0.015415 -0.013650 0.054908
v -0.020087 -0.004280 0.055412
v -0.019829 -0.005635 0.055343
v -0.019773 -0.005594 0.055458
v -0.018875 -0.008444 0.055095
v -0.018725 -0.008792 0.055057
v -0.020391 -0.002687 0.055493
v -0.020515 -0.001038 0.055551
v -0.020490 -0.001036 0.055520
v -0.020552 0.000001 0.055537
v -0.020232 0.003570 0.055515
v -0.020478 0.001827 0.055517
v -0.018939 0.008000 0.055352
v -0.019017 0.008023 0.055132
v -0.019821 0.005668 0.055341
v -0.020022 0.004842 0.055394
v -0.020106 0.004287 0.055417
v -0.020215 0.003567 0.055446
v -0.016836 0.012082 0.054596
v -0.017516 0.011106 0.054757
v -0.016700 0.012028 0.055070
v -0.018655 0.008882 0.055041
v -0.018861 0.008481 0.055092
v 0.001047 -0.018897 0.054333
v -0.003148 -0.018635 0.054862
v 0.005196 -0.018211 0.053810
v 0.009089 -0.016611 0.053319
v 0.012531 -0.014179 0.052885
v 0.015350 -0.011036 0.052530
v 0.017404 -0.007339 0.052271
v 0.018591 -0.003274 0.052121
v 0.018851 0.000955 0.052088
v 0.018170 0.005136 0.052174
v 0.016583 0.009060 0.052374
v 0.014170 0.012529 0.052678
v 0.011052 0.015371 0.053071
v -0.000845 0.018899 0.054571
v 0.003351 0.018637 0.054042
v -0.004993 0.018213 0.055094
v -0.008886 0.016614 0.055585
v -0.012328 0.014182 0.056019
v -0.015147 0.011038 0.056375
v -0.017202 0.007342 0.056634
v -0.018388 0.003277 0.056783
v -0.018648 -0.000952 0.056816
v -0.017967 -0.005134 0.056730
v -0.016381 -0.009057 0.056530
v -0.013968 -0.012527 0.056226
v -0.007181 -0.017439 0.055370
v -0.005636 0.019845 0.053675
v -0.001116 0.020593 0.053105
v 0.003456 0.020308 0.052529
v 0.011847 0.016748 0.051471
v 0.007851 0.019004 0.051975
v 0.013459 -0.015450 0.051268
v 0.009708 -0.018100 0.051740
v 0.005466 -0.019843 0.052275
v -0.003626 -0.020305 0.053422
v 0.000946 -0.020590 0.052845
v -0.008020 -0.019002 0.053976
v -0.012017 -0.016746 0.054480
v -0.009878 0.018103 0.054210
v -0.013629 0.015453 0.054683
v -0.005496 0.019550 0.054121
v -0.001043 0.020286 0.053559
v 0.003461 0.020005 0.052992
v 0.007790 0.018721 0.052446
v 0.011727 0.016499 0.051949
v 0.015074 0.013449 0.051527
v 0.017665 0.009725 0.051201
v 0.019368 0.005513 0.050986
v 0.020098 0.001025 0.050894
v 0.019820 -0.003515 0.050929
v 0.018546 -0.007878 0.051090
v 0.016341 -0.011846 0.051368
v 0.013315 -0.015220 0.051749
v 0.009620 -0.017831 0.052215
v 0.005441 -0.019547 0.052742
v 0.000988 -0.020284 0.053303
v -0.003516 -0.020003 0.053871
v -0.007845 -0.018719 0.054417
v -0.011782 -0.016496 0.054913
v -0.015129 -0.013446 0.055335
v -0.017719 -0.009722 0.055662
v -0.019422 -0.005510 0.055877
v -0.020153 -0.001022 0.055969
v -0.019874 0.003517 0.055934
v -0.018601 0.007880 0.055773
v -0.016395 0.011848 0.055495
v -0.013369 0.015222 0.055114
v -0.009674 0.017833 0.054648
v 0.112411 0.057611 -0.001512
v 0.112376 0.057475 -0.002737
v 0.112180 0.060663 -0.004655
v 0.112050 0.057850 -0.005577
v 0.111715 0.061675 -0.007427
v 0.111883 0.062298 -0.006564
v 0.112050 0.062700 -0.005577
v 0.111884 0.058250 -0.006561
v 0.111715 0.058875 -0.007427
v 0.111617 0.059506 -0.007884
v 0.111576 0.060275 -0.008066
v 0.111616 0.061040 -0.007886
v 0.112476 0.060395 -0.000432
v 0.112188 0.061132 0.004597
v 0.112384 0.059491 0.002626
v 0.112142 0.060756 0.004945
v 0.112126 0.060528 0.005062
v 0.112120 0.060275 0.005107
v 0.112126 0.060022 0.005062
v 0.112411 0.062939 -0.001512
v 0.112473 0.062700 0.000649
v 0.112286 0.061675 0.003740
v 0.112376 0.063075 -0.002737
v 0.112473 0.057850 0.000649
v 0.112286 0.058875 0.003740
v 0.112158 0.059640 0.004827
v 0.056254 0.058875 -0.030712
v 0.055520 0.058252 -0.030228
v 0.053951 0.060663 -0.029104
v 0.056651 0.059509 -0.030963
v 0.056807 0.060275 -0.031060
v 0.056651 0.061039 -0.030963
v 0.056254 0.061675 -0.030712
v 0.055522 0.062297 -0.030229
v 0.054699 0.057850 -0.029656
v 0.052444 0.057475 -0.027899
v 0.051546 0.057611 -0.027067
v 0.047883 0.061675 -0.023300
v 0.049959 0.062700 -0.025597
v 0.050729 0.060395 -0.026357
v 0.051546 0.062939 -0.027067
v 0.052444 0.063075 -0.027899
v 0.054699 0.062700 -0.029656
v 0.049959 0.057850 -0.025597
v 0.047883 0.060275 -0.023300
v 0.047051 0.060528 -0.022259
v 0.047197 0.060909 -0.022447
v 0.047883 0.058875 -0.023300
v 0.047338 0.059420 -0.022627
v 0.047123 0.059794 -0.022352
v 0.047051 0.060022 -0.022259
v 0.047024 0.060275 -0.022224
v 0.100362 0.068525 0.028490
v 0.106275 0.068525 0.022099
v 0.075979 0.068525 0.000000
v 0.110555 0.068525 0.014517
v 0.112971 0.068525 0.006152
v 0.076344 0.068525 0.037498
v 0.084982 0.068525 0.036403
v 0.093134 0.068525 0.033346
v 0.052155 0.068525 0.028960
v 0.059476 0.068525 0.033674
v 0.067686 0.068525 0.036572
v 0.039113 0.068525 0.006871
v 0.041692 0.068525 0.015188
v 0.046119 0.068525 0.022686
v 0.043321 0.068525 -0.018433
v 0.039951 0.068525 -0.010404
v 0.038522 0.068525 -0.001815
v 0.062810 0.068525 -0.035112
v 0.055068 0.068525 -0.031128
v 0.048452 0.068525 -0.025467
v 0.088460 0.068525 -0.035362
v 0.079969 0.068525 -0.037287
v 0.071262 0.068525 -0.037202
v 0.108270 0.068525 -0.019066
v 0.103003 0.068525 -0.025999
v 0.096279 0.068525 -0.031530
v 0.113392 0.068525 -0.002545
v 0.111797 0.068525 -0.011105
v 0.113425 0.060275 0.001996
v 0.113431 0.060720 0.001891
v 0.113450 0.059288 0.001474
v 0.113431 0.059830 0.001891
v 0.113467 0.058875 0.000928
v 0.113442 0.057850 -0.001659
v 0.113367 0.057740 -0.002543
v 0.113187 0.057475 -0.004669
v 0.112765 0.057850 -0.007280
v 0.112570 0.058254 -0.008205
v 0.112380 0.058875 -0.009011
v 0.112269 0.059516 -0.009446
v 0.112226 0.060275 -0.009612
v 0.112270 0.061035 -0.009445
v 0.112380 0.061675 -0.009011
v 0.112569 0.062294 -0.008209
v 0.112765 0.062700 -0.007280
v 0.113187 0.063075 -0.004669
v 0.113367 0.062810 -0.002543
v 0.113442 0.062700 -0.001659
v 0.113467 0.061675 0.000928
v 0.113443 0.061100 0.001633
v 0.055075 0.062759 -0.031118
v 0.055415 0.062700 -0.031359
v 0.056216 0.062293 -0.031870
v 0.056919 0.061675 -0.032295
v 0.057307 0.061034 -0.032521
v 0.057457 0.060275 -0.032607
v 0.057307 0.059515 -0.032521
v 0.056919 0.058875 -0.032295
v 0.056213 0.058255 -0.031868
v 0.055385 0.057876 -0.031334
v 0.055068 0.057731 -0.031128
v 0.053255 0.057475 -0.029831
v 0.050928 0.057850 -0.027906
v 0.049063 0.058875 -0.026112
v 0.048452 0.059691 -0.025467
v 0.048363 0.059971 -0.025370
v 0.048330 0.060275 -0.025334
v 0.048363 0.060579 -0.025370
v 0.048452 0.060859 -0.025467
v 0.049063 0.061675 -0.026112
v 0.050928 0.062700 -0.027906
v 0.053255 0.063075 -0.029831
v 0.112219 0.035025 0.009638
v 0.112799 0.035025 0.006123
v 0.041402 0.035025 -0.014517
v 0.039951 0.035025 -0.010404
v 0.045700 0.035025 -0.021693
v 0.043321 0.035025 -0.018433
v 0.111716 0.035025 -0.011086
v 0.111950 0.035025 -0.010080
v 0.113166 0.035025 -0.004835
v 0.113202 0.035025 -0.003653
v 0.113237 0.035025 -0.002540
v 0.113394 0.035025 0.002523
v 0.113312 0.035025 0.003016
v 0.062810 0.035025 -0.035112
v 0.061753 0.035025 -0.034568
v 0.056037 0.035025 -0.031627
v 0.055068 0.035025 -0.031128
v 0.048452 0.035025 -0.025467
v 0.051109 0.035025 -0.027741
v 0.046868 0.035025 -0.023295
v 0.105847 0.035025 0.021723
v 0.106343 0.035025 0.022006
v 0.109830 0.035025 0.016123
v 0.109531 0.035025 0.016747
v 0.108442 0.035025 0.018772
v 0.101055 0.035025 0.027882
v 0.105301 0.035025 0.023377
v 0.059476 0.035025 0.033674
v 0.067686 0.035025 0.036572
v 0.076344 0.035025 0.037498
v 0.084982 0.035025 0.036403
v 0.093134 0.035025 0.033346
v 0.098760 0.035025 0.029786
v 0.100101 0.035025 0.028261
v 0.046446 0.035025 0.023111
v 0.052155 0.035025 0.028960
v 0.041692 0.035025 0.015188
v 0.041906 0.035025 0.015663
v 0.041960 0.035025 0.015764
v 0.044019 0.035025 0.019618
v 0.045126 0.035025 0.021316
v 0.046140 0.035025 0.022671
v 0.040117 0.035025 0.010964
v 0.039791 0.035025 0.009633
v 0.038860 0.035025 0.003150
v 0.039113 0.035025 0.006871
v 0.039912 0.035025 -0.010174
v 0.038802 0.035025 -0.003495
v 0.038522 0.035025 -0.001815
v 0.042397 0.035025 -0.016546
v 0.068002 0.035025 -0.036396
v 0.071262 0.035025 -0.037202
v 0.074475 0.035025 -0.037234
v 0.079969 0.035025 -0.037287
v 0.081149 0.035025 -0.037019
v 0.087767 0.035025 -0.035519
v 0.093354 0.035025 -0.032964
v 0.088460 0.035025 -0.035362
v 0.102904 0.035025 -0.025894
v 0.102402 0.035024 -0.026371
v 0.099012 0.035024 -0.029593
v 0.096279 0.035025 -0.031530
v 0.108359 0.035025 -0.018914
v 0.108257 0.035025 -0.019057
v 0.106436 0.035025 -0.021606
v 0.104360 0.035025 -0.024510
v 0.111499 0.035025 -0.012024
v 0.109631 0.035025 -0.016122
v 0.110059 0.035025 0.015645
v 0.110555 0.035025 0.014517
v 0.112201 0.035025 0.009689
v 0.034272 0.028962 0.005636
v 0.034653 0.029153 0.005562
v 0.034720 0.029015 0.004459
v 0.037670 0.031541 0.002661
v 0.036799 0.030403 0.002967
v 0.036739 0.030424 0.004026
v 0.029891 0.028733 0.004941
v 0.032327 0.028432 0.004777
v 0.031913 0.028199 0.003717
v 0.030208 0.028386 0.003758
v 0.030110 0.028423 0.003755
v 0.030039 0.028450 0.003752
v 0.034839 0.028947 0.003400
v 0.033647 0.028447 0.003574
v 0.033627 0.028444 0.003576
v 0.032474 0.028279 0.003671
v 0.036638 0.030192 0.003023
v 0.036625 0.030176 0.003028
v 0.035254 0.029121 0.003339
v 0.038316 0.033127 0.002263
v 0.038047 0.032468 0.002429
v 0.038089 0.032452 0.003542
v 0.038624 0.034829 0.003069
v 0.038525 0.034825 0.001862
v 0.038323 0.033188 0.002249
v 0.037043 0.030826 0.005034
v 0.037178 0.030948 0.005000
v 0.038122 0.032432 0.004678
v 0.038722 0.034832 0.004273
v 0.038632 0.034829 0.003165
v 0.038638 0.034097 0.004385
v 0.038132 0.032463 0.004672
v 0.038130 0.032458 0.004673
v 0.035333 0.029494 0.005430
v 0.035865 0.029761 0.005327
v 0.036690 0.030507 0.005122
v 0.033010 0.028713 0.005828
v 0.032508 0.028613 0.005904
v 0.029872 0.029042 0.006175
v 0.030645 0.028766 0.006116
v 0.030698 0.028747 0.006112
v 0.032272 0.028631 0.005931
v 0.028525 0.029020 0.003696
v 0.028737 0.029194 0.004957
v 0.028953 0.029371 0.006244
v 0.030358 0.026669 -0.000215
v 0.031959 0.026516 -0.000130
v 0.032498 0.025135 -0.001686
v 0.034050 0.025416 -0.001962
v 0.038817 0.030972 -0.005023
v 0.038853 0.030682 -0.005258
v 0.038582 0.029439 -0.004614
v 0.039061 0.029030 -0.006579
v 0.039310 0.026667 -0.007853
v 0.038467 0.025211 -0.006321
v 0.038491 0.033782 -0.000983
v 0.038586 0.032807 -0.002704
v 0.038360 0.031391 -0.002218
v 0.038608 0.032575 -0.003115
v 0.038652 0.032234 -0.003521
v 0.038494 0.033916 -0.000630
v 0.038284 0.032405 -0.000191
v 0.038506 0.034706 0.001445
v 0.037654 0.030855 0.000297
v 0.036595 0.029475 0.000762
v 0.035168 0.028395 0.001163
v 0.033491 0.027723 0.001459
v 0.031716 0.027508 0.001612
v 0.029996 0.027740 0.001595
v 0.029095 0.027048 -0.000443
v 0.028837 0.027596 0.000329
v 0.028527 0.028725 0.002759
v 0.028530 0.028303 0.001416
v 0.028531 0.028251 0.001249
v 0.029848 0.025513 -0.001920
v 0.029404 0.026387 -0.001373
v 0.031041 0.025206 -0.001702
v 0.031460 0.024312 -0.002321
v 0.030826 0.024457 -0.002428
v 0.030790 0.023658 -0.003081
v 0.030730 0.023778 -0.003006
v 0.031312 0.023463 -0.002955
v 0.030356 0.024513 -0.002545
v 0.030316 0.024592 -0.002496
v 0.035982 0.023706 -0.004217
v 0.035951 0.023695 -0.004198
v 0.035741 0.025042 -0.003345
v 0.035919 0.023683 -0.004179
v 0.031921 0.023330 -0.002926
v 0.031912 0.023331 -0.002925
v 0.031558 0.023371 -0.002896
v 0.031317 0.023461 -0.002954
v 0.033222 0.023184 -0.003032
v 0.035858 0.023661 -0.004142
v 0.034555 0.023418 -0.003585
v 0.033272 0.023179 -0.003036
v 0.033239 0.023182 -0.003034
v 0.039056 0.029070 -0.006558
v 0.037917 0.028159 -0.003861
v 0.038049 0.026823 -0.004956
v 0.036887 0.026995 -0.003121
v 0.035560 0.026051 -0.002464
v 0.037729 0.029908 -0.001652
v 0.036684 0.028559 -0.001102
v 0.035284 0.027478 -0.000626
v 0.033654 0.026780 -0.000283
v 0.038144 0.025015 -0.006048
v 0.038107 0.024992 -0.006016
v 0.041256 -0.027779 0.008538
v 0.040916 -0.027676 0.008735
v 0.038453 -0.026193 0.005330
v 0.032887 -0.026514 0.004283
v 0.032207 -0.026116 0.002410
v 0.034418 -0.025186 0.002276
v 0.032715 -0.024008 -0.001009
v 0.033161 -0.023861 -0.001077
v 0.033274 -0.023998 -0.000735
v 0.034205 -0.023515 -0.001234
v 0.035449 -0.023366 -0.001567
v 0.035673 -0.023696 -0.000987
v 0.040930 -0.026596 -0.003540
v 0.040050 -0.024809 -0.004435
v 0.040754 -0.025951 -0.004849
v 0.040679 -0.025573 -0.005448
v 0.037886 -0.023654 -0.002641
v 0.038843 -0.023984 -0.003246
v 0.039795 -0.025253 -0.002586
v 0.039059 -0.024131 -0.003459
v 0.039375 -0.024348 -0.003770
v 0.035751 -0.023330 -0.001647
v 0.036556 -0.023407 -0.001983
v 0.037915 -0.024135 -0.001628
v 0.037411 -0.023490 -0.002340
v 0.037595 -0.023553 -0.002457
v 0.033691 -0.023685 -0.001156
v 0.031071 -0.025005 -0.000953
v 0.032051 -0.026025 0.001980
v 0.031735 -0.025696 0.001036
v 0.033957 -0.024755 0.001001
v 0.031122 -0.025058 -0.000801
v 0.031082 -0.025016 -0.000921
v 0.032075 -0.026039 0.002047
v 0.034000 -0.026911 0.006618
v 0.033923 -0.026888 0.006468
v 0.036127 -0.026125 0.006034
v 0.033684 -0.026817 0.006008
v 0.033116 -0.026648 0.004914
v 0.034496 -0.027058 0.007573
v 0.037533 -0.026706 0.008084
v 0.035294 -0.027333 0.008783
v 0.038428 -0.027343 0.010038
v 0.038264 -0.027341 0.010118
v 0.035319 -0.027342 0.008820
v 0.036608 -0.027786 0.010774
v 0.040350 -0.027504 0.009062
v 0.039897 -0.027366 0.009323
v 0.038798 -0.027349 0.009858
v 0.042048 -0.028300 0.007992
v 0.040501 -0.027055 0.004497
v 0.042540 -0.028624 0.007653
v 0.042228 -0.028753 0.003786
v 0.042289 -0.028815 0.004075
v 0.042655 -0.028754 0.007556
v 0.043317 -0.029502 0.007001
v 0.042181 -0.028707 0.003569
v 0.042087 -0.028608 0.003617
v 0.042033 -0.028557 0.002871
v 0.041367 -0.027795 0.002055
v 0.040379 -0.026377 -0.000911
v 0.041444 -0.027869 -0.000061
v 0.040779 -0.027024 0.000359
v 0.041535 -0.028056 0.000533
v 0.041807 -0.028330 0.001812
v 0.040961 -0.026711 -0.003307
v 0.041041 -0.027006 -0.002708
v 0.041064 -0.027089 -0.002539
v 0.041222 -0.027413 -0.001511
v 0.036350 -0.024542 0.000629
v 0.036804 -0.025031 0.001841
v 0.038558 -0.025107 -0.000032
v 0.038992 -0.025671 0.001180
v 0.039644 -0.026344 0.002846
v 0.034352 0.015322 -0.004339
v 0.034348 0.015321 -0.004339
v 0.033825 0.016838 -0.004274
v 0.034331 0.015322 -0.004339
v 0.034296 0.015344 -0.004339
v 0.034360 0.015326 -0.004339
v 0.034373 0.015344 -0.004339
v 0.034391 0.015429 -0.004339
v 0.034343 0.016108 -0.004339
v 0.033483 0.018061 -0.004151
v 0.033876 0.017208 -0.004254
v 0.034010 0.016893 -0.004279
v 0.033730 0.016357 -0.004339
v 0.033586 0.016769 -0.004315
v 0.033132 0.018074 -0.004236
v 0.032176 0.020892 -0.003801
v 0.032207 0.020829 -0.003817
v 0.032601 0.019836 -0.003992
v 0.032661 0.019845 -0.003936
v 0.032914 0.019295 -0.004002
v 0.031382 0.022477 -0.003388
v 0.031939 0.021186 -0.003797
v 0.032014 0.021215 -0.003717
v 0.032131 0.020686 -0.003868
v 0.032473 0.019794 -0.003994
v 0.033261 0.018541 -0.004093
v 0.032956 -0.019503 -0.003810
v 0.032901 -0.019630 -0.003787
v 0.032796 -0.019630 -0.003904
v 0.032410 -0.019932 -0.003950
v 0.032529 -0.019576 -0.003999
v 0.032648 -0.019600 -0.003958
v 0.032678 -0.019129 -0.004061
v 0.032236 -0.020836 -0.003652
v 0.032117 -0.020810 -0.003674
v 0.032125 -0.020786 -0.003682
v 0.031905 -0.021444 -0.003475
v 0.032252 -0.021133 -0.003514
v 0.032373 -0.020851 -0.003565
v 0.032454 -0.020666 -0.003599
v 0.031786 -0.021800 -0.003363
v 0.031967 -0.021800 -0.003242
v 0.031658 -0.022183 -0.003242
v 0.031799 -0.022196 -0.003080
v 0.031472 -0.022741 -0.002939
v 0.031033 -0.024580 -0.001560
v 0.031048 -0.024551 -0.001580
v 0.031059 -0.024388 -0.001746
v 0.031569 -0.022736 -0.002860
v 0.031314 -0.023334 -0.002617
v 0.031156 -0.023689 -0.002424
v 0.031277 -0.023504 -0.002472
v 0.031123 -0.023930 -0.002190
v 0.031190 -0.023901 -0.002133
v 0.031079 -0.024409 -0.001701
v 0.034202 -0.016190 -0.004339
v 0.034217 -0.016585 -0.004339
v 0.033909 -0.017300 -0.004210
v 0.034180 -0.015932 -0.004339
v 0.034193 -0.015955 -0.004339
v 0.033175 -0.018362 -0.004132
v 0.033328 -0.018402 -0.004106
v 0.033347 -0.017121 -0.004339
v 0.033492 -0.016842 -0.004339
v 0.033026 -0.018328 -0.004184
v 0.033800 -0.016356 -0.004339
v 0.033971 -0.016130 -0.004332
v 0.034061 -0.015944 -0.004339
v 0.034108 -0.015912 -0.004339
v 0.034131 -0.015906 -0.004339
v 0.034147 -0.015907 -0.004339
v 0.034162 -0.015913 -0.004339
v 0.033184 -0.018976 -0.003905
v 0.033431 -0.018405 -0.004009
v 0.032952 -0.018305 -0.004175
v 0.039911 -0.020526 -0.008593
v 0.039954 -0.020908 -0.008442
v 0.038716 -0.020122 -0.006515
v 0.040169 -0.022783 -0.007703
v 0.040317 -0.023645 -0.007150
v 0.038886 -0.022491 -0.005158
v 0.032135 -0.023700 -0.001731
v 0.032573 -0.020607 -0.003642
v 0.034824 -0.014332 -0.004371
v 0.034346 -0.015679 -0.004339
v 0.034428 -0.015098 -0.004339
v 0.034522 -0.014607 -0.004339
v 0.034574 -0.014479 -0.004340
v 0.034638 -0.014325 -0.004340
v 0.034087 -0.017268 -0.004301
v 0.035070 -0.014329 -0.004480
v 0.034885 -0.014334 -0.004382
v 0.035067 -0.014329 -0.004478
v 0.033548 -0.018857 -0.004058
v 0.033029 -0.020370 -0.003678
v 0.032578 -0.021718 -0.003150
v 0.032256 -0.022844 -0.002490
v 0.033499 -0.023100 -0.001888
v 0.036385 -0.021861 -0.003552
v 0.037733 -0.022065 -0.004276
v 0.036437 -0.022718 -0.002750
v 0.040460 -0.024470 -0.006620
v 0.040342 -0.023790 -0.007056
v 0.039908 -0.020500 -0.008603
v 0.038696 -0.017205 -0.007357
v 0.039761 -0.017591 -0.009190
v 0.039765 -0.017852 -0.009170
v 0.039698 -0.013970 -0.009429
v 0.039703 -0.014428 -0.009425
v 0.039132 -0.014043 -0.008167
v 0.038766 -0.014079 -0.007708
v 0.038741 -0.014081 -0.007676
v 0.035716 -0.014309 -0.004823
v 0.036002 -0.014301 -0.004975
v 0.036865 -0.017003 -0.005729
v 0.037249 -0.014211 -0.006034
v 0.037270 -0.014210 -0.006052
v 0.037820 -0.014170 -0.006519
v 0.036516 -0.019687 -0.004894
v 0.036416 -0.020847 -0.004277
v 0.033750 -0.021217 -0.003334
v 0.033538 -0.022269 -0.002653
v 0.035707 -0.014310 -0.004818
v 0.034914 -0.017112 -0.004604
v 0.034082 -0.019977 -0.003896
v 0.038187 0.013582 -0.006855
v 0.038767 0.013557 -0.007709
v 0.039138 0.006792 -0.007830
v 0.035903 -0.010772 -0.004339
v 0.036713 -0.007475 -0.004339
v 0.036871 -0.007483 -0.004369
v 0.036979 0.006925 -0.004369
v 0.036446 0.008763 -0.004339
v 0.035102 0.013612 -0.004389
v 0.035294 0.012628 -0.004339
v 0.034930 0.013602 -0.004339
v 0.037315 -0.003561 -0.004339
v 0.037460 -0.000179 -0.004339
v 0.037611 -0.000181 -0.004370
v 0.037483 0.000356 -0.004339
v 0.037462 0.003381 -0.004370
v 0.037205 0.004560 -0.004339
v 0.036781 0.006908 -0.004339
v 0.036008 -0.010955 -0.004367
v 0.037046 -0.007482 -0.004468
v 0.036690 -0.011016 -0.004826
v 0.037856 -0.010914 -0.006092
v 0.039694 -0.012545 -0.009429
v 0.039120 -0.007276 -0.007822
v 0.039683 -0.008426 -0.009429
v 0.039683 0.013516 -0.009430
v 0.039683 0.001023 -0.009430
v 0.039244 -0.000214 -0.007868
v 0.039349 0.013532 -0.008565
v 0.036662 0.013628 -0.005337
v 0.037528 0.006919 -0.004851
v 0.035930 0.013629 -0.004839
v 0.035350 0.013627 -0.004461
v 0.035391 0.013629 -0.004473
v 0.037150 0.006927 -0.004469
v 0.038679 -0.000200 -0.006193
v 0.038359 0.006866 -0.006159
v 0.037384 0.013606 -0.006055
v 0.038062 -0.000188 -0.004863
v 0.037758 -0.000183 -0.004472
v 0.038305 -0.007384 -0.006152
v 0.037417 -0.003854 -0.004370
v 0.036806 -0.007099 -0.004339
v 0.037438 -0.007464 -0.004848
v 0.039683 -0.000227 -0.009430
v 0.039683 -0.004432 -0.009429
v 0.039683 -0.007181 -0.009429
v 0.039609 0.021906 -0.009137
v 0.039653 0.019801 -0.009309
v 0.038593 0.019047 -0.007515
v 0.031797 0.022339 -0.003352
v 0.032365 0.022190 -0.003318
v 0.032836 0.020977 -0.003685
v 0.038412 0.022068 -0.007019
v 0.039539 0.023284 -0.008848
v 0.039465 0.024722 -0.008546
v 0.036352 0.021201 -0.005208
v 0.033975 0.020870 -0.003934
v 0.032316 0.021113 -0.003691
v 0.033328 0.018545 -0.004124
v 0.033745 0.018445 -0.004168
v 0.034584 0.015914 -0.004399
v 0.034795 0.013947 -0.004339
v 0.034492 0.015398 -0.004339
v 0.034377 0.015947 -0.004339
v 0.034687 0.018354 -0.004477
v 0.036740 0.018529 -0.005760
v 0.039682 0.018392 -0.009425
v 0.027554 0.029825 0.004949
v 0.026397 0.030179 0.003762
v 0.026155 0.030253 0.003514
v 0.024064 0.030816 0.001077
v 0.028279 0.027805 -0.000239
v 0.024051 0.028719 -0.004339
v 0.023543 0.029177 -0.004339
v 0.023475 0.030975 0.000390
v 0.022929 0.031099 -0.000327
v 0.020289 0.031529 -0.004339
v 0.019873 0.031793 -0.004339
v 0.026541 0.026478 -0.004339
v 0.029968 0.024656 -0.002902
v 0.027886 0.025047 -0.004339
v 0.028047 0.024876 -0.004339
v 0.030554 0.021721 -0.004339
v 0.031138 0.020845 -0.004339
v 0.031778 0.019887 -0.004339
v 0.035466 0.029562 0.007393
v 0.033164 0.029123 0.010218
v 0.033411 0.029127 0.010159
v 0.033120 0.028864 0.007883
v 0.037451 0.030962 0.008993
v 0.037462 0.030973 0.008989
v 0.037203 0.030865 0.006955
v 0.039326 0.034557 0.008145
v 0.039365 0.034839 0.008104
v 0.039114 0.034837 0.006873
v 0.038331 0.032479 0.006596
v 0.038821 0.032870 0.008454
v 0.039026 0.033555 0.008328
v 0.038058 0.031585 0.008779
v 0.038420 0.032194 0.008625
v 0.038620 0.032530 0.008540
v 0.035741 0.029708 0.009540
v 0.036180 0.029979 0.009405
v 0.036965 0.030463 0.009164
v 0.033942 0.029134 0.010032
v 0.034702 0.029361 0.009826
v 0.035627 0.029638 0.009575
v 0.032165 0.029109 0.010457
v 0.030765 0.029049 0.008289
v 0.031690 0.029236 0.010556
v 0.029581 0.029494 0.008456
v 0.029731 0.029509 0.008882
v 0.031102 0.029394 0.010678
v 0.030412 0.029578 0.010822
v 0.029071 0.029401 0.006708
v 0.029337 0.029469 0.007761
v 0.039019 0.034836 0.006245
v 0.036062 0.030130 0.016077
v 0.034582 0.030099 0.016737
v 0.035308 0.030968 0.019383
v 0.036733 0.030830 0.018623
v 0.038130 0.031074 0.017742
v 0.037496 0.030549 0.015331
v 0.040250 0.034847 0.011391
v 0.040142 0.034846 0.010990
v 0.039799 0.033579 0.011300
v 0.039777 0.034843 0.009635
v 0.039589 0.034841 0.008935
v 0.039261 0.033547 0.009174
v 0.032435 0.029911 0.014935
v 0.032675 0.029977 0.015357
v 0.032423 0.029740 0.014395
v 0.036149 0.031350 0.020502
v 0.036984 0.031656 0.021452
v 0.037486 0.031612 0.021134
v 0.041997 0.034870 0.015747
v 0.041430 0.034862 0.014583
v 0.041039 0.033743 0.015133
v 0.043197 0.034885 0.018210
v 0.042057 0.033090 0.020333
v 0.042414 0.033351 0.019983
v 0.040358 0.032621 0.015922
v 0.042487 0.033405 0.019912
v 0.042899 0.033976 0.019437
v 0.043353 0.034605 0.018914
v 0.043492 0.034888 0.018731
v 0.041351 0.032573 0.021025
v 0.039372 0.031694 0.016814
v 0.040978 0.032462 0.021347
v 0.040757 0.032395 0.021539
v 0.038894 0.032229 0.023047
v 0.038851 0.031649 0.020173
v 0.039728 0.032189 0.022402
v 0.040023 0.032175 0.022174
v 0.038590 0.032244 0.023282
v 0.038201 0.032101 0.022839
v 0.037295 0.031770 0.021807
v 0.035372 0.031037 0.019515
v 0.035713 0.031190 0.020005
v 0.035282 0.030996 0.019385
v 0.034725 0.030745 0.018584
v 0.034189 0.030504 0.017813
v 0.033867 0.029520 0.013938
v 0.032956 0.030053 0.015849
v 0.033554 0.030218 0.016900
v 0.033681 0.030275 0.017083
v 0.031637 0.029739 0.013414
v 0.031969 0.029783 0.014115
v 0.032168 0.029837 0.014465
v 0.030896 0.029642 0.011845
v 0.031853 0.029328 0.011634
v 0.033330 0.029178 0.011260
v 0.034877 0.029392 0.010825
v 0.036361 0.030001 0.010360
v 0.037644 0.030968 0.009906
v 0.038625 0.032193 0.009502
v 0.041408 0.034862 0.014523
v 0.039140 0.032264 0.011726
v 0.035390 0.029659 0.013400
v 0.036861 0.030194 0.012818
v 0.038146 0.031093 0.012243
v 0.071235 -0.035340 0.008615
v 0.075979 -0.035368 0.000000
v 0.072881 -0.035340 0.009335
v 0.076414 -0.035340 0.009825
v 0.078123 -0.035340 0.009598
v 0.074633 -0.035340 0.009743
v 0.079754 -0.035340 0.009081
v 0.081241 -0.035340 0.008309
v 0.082555 -0.035340 0.007313
v 0.083669 -0.035340 0.006131
v 0.083942 -0.035340 0.005771
v 0.084858 -0.035340 0.004229
v 0.085479 -0.035340 0.002542
v 0.085781 -0.035340 0.000793
v 0.085767 -0.035340 -0.000959
v 0.085449 -0.035340 -0.002652
v 0.084849 -0.035340 -0.004248
v 0.104400 -0.023793 0.022659
v 0.104971 -0.020527 0.023114
v 0.100773 -0.020527 0.027569
v 0.108193 -0.012545 0.019189
v 0.108281 -0.012545 -0.019039
v 0.109796 -0.012545 -0.016197
v 0.109419 -0.020527 -0.016017
v 0.099328 -0.029976 -0.023309
v 0.100784 -0.027007 -0.024763
v 0.104566 -0.027007 -0.020280
v 0.088978 -0.034863 -0.016702
v 0.091836 -0.033974 -0.020373
v 0.094259 -0.034044 -0.018249
v 0.092353 -0.033813 -0.021038
v 0.094356 -0.032294 -0.023611
v 0.097193 -0.032411 -0.021177
v 0.065242 -0.023726 0.034624
v 0.065196 -0.023792 0.034594
v 0.071007 -0.023793 0.035913
v 0.063440 -0.026461 0.032958
v 0.063082 -0.026996 0.032486
v 0.064941 -0.027007 0.033202
v 0.080072 0.003280 0.037209
v 0.080326 0.002857 0.037188
v 0.084134 0.035025 0.036429
v 0.080434 0.002578 0.037175
v 0.081055 0.000981 0.037101
v 0.081059 0.000942 0.037101
v 0.081161 0.000001 0.037087
v 0.084156 -0.012545 0.036560
v 0.081158 -0.000021 0.037088
v 0.080955 -0.001266 0.037114
v 0.080926 -0.001448 0.037118
v 0.080312 -0.002811 0.037187
v 0.079993 -0.003518 0.037223
v 0.079413 -0.004428 0.037264
v 0.078310 -0.006161 0.037342
v 0.077793 -0.006971 0.037379
v 0.080917 -0.012545 0.037115
v 0.074487 0.011541 0.037368
v 0.077641 0.035025 0.037294
v 0.070867 0.016226 0.037009
v 0.071464 0.035025 0.037107
v 0.070861 0.035025 0.036973
v 0.074507 0.011513 0.037368
v 0.077669 0.007118 0.037358
v 0.078741 0.035025 0.037328
v 0.078265 0.006289 0.037356
v 0.078752 0.005479 0.037317
v 0.064438 0.035025 0.035550
v 0.064210 0.024258 0.035429
v 0.064180 0.035025 0.035440
v 0.062856 0.025830 0.035006
v 0.065756 0.022463 0.035912
v 0.066583 0.021504 0.036170
v 0.069638 0.017757 0.036796
v 0.070346 0.016889 0.036941
v 0.070505 0.016693 0.036973
v 0.057892 0.035025 0.032767
v 0.057919 0.031087 0.032745
v 0.058662 0.030331 0.033135
v 0.059746 0.029228 0.033705
v 0.060852 0.028019 0.034168
v 0.061370 0.027453 0.034384
v 0.052942 0.034838 0.029563
v 0.053453 0.034831 0.029941
v 0.052945 0.035025 0.029565
v 0.053974 0.034825 0.030327
v 0.057879 0.035025 0.032762
v 0.056458 0.032540 0.031934
v 0.056809 0.032217 0.032161
v 0.102516 -0.012545 -0.026491
v 0.106561 -0.012545 -0.021695
v 0.099007 -0.012545 -0.029587
v 0.099010 -0.012470 -0.029590
v 0.069938 -0.035307 0.007761
v 0.075272 -0.035368 0.000908
v 0.067063 -0.035274 0.011454
v 0.065963 -0.034906 0.018191
v 0.063338 -0.034925 0.016242
v 0.063225 -0.034897 0.016386
v 0.063520 -0.034044 0.022627
v 0.060121 -0.034007 0.020376
v 0.060639 -0.034248 0.019711
v 0.057567 -0.032405 0.023651
v 0.058987 -0.033482 0.021832
v 0.060185 -0.030778 0.027982
v 0.059703 -0.031259 0.027129
v 0.061521 -0.032411 0.026256
v 0.059199 -0.031572 0.026293
v 0.057529 -0.032376 0.023701
v 0.058348 -0.032085 0.024891
v 0.058404 -0.032065 0.024973
v 0.066539 -0.032411 0.028443
v 0.060857 -0.030107 0.029171
v 0.060389 -0.030574 0.028343
v 0.063053 -0.027040 0.032447
v 0.062051 -0.028536 0.031125
v 0.065589 -0.029976 0.031281
v 0.061084 -0.029808 0.029542
v 0.060960 -0.029971 0.029340
v 0.071185 -0.027007 0.034654
v 0.065016 -0.024050 0.034478
v 0.064644 -0.024620 0.034118
v 0.070907 -0.020527 0.036618
v 0.067559 -0.020506 0.035953
v 0.066876 -0.021377 0.035681
v 0.067527 -0.020518 0.035944
v 0.070851 -0.016231 0.036945
v 0.069498 -0.017952 0.036622
v 0.068776 -0.018871 0.036450
v 0.067952 -0.019958 0.036116
v 0.067546 -0.020494 0.035952
v 0.073725 -0.012522 0.037295
v 0.071132 -0.015873 0.037012
v 0.074243 -0.020527 0.036944
v 0.077638 -0.012545 0.037381
v 0.077625 -0.007203 0.037378
v 0.075643 -0.009931 0.037366
v 0.074307 -0.011769 0.037358
v 0.074103 -0.012034 0.037336
v 0.074224 -0.012545 0.037352
v 0.098214 -0.023753 -0.028567
v 0.098750 -0.020553 -0.029257
v 0.102220 -0.020527 -0.026196
v 0.098751 -0.020526 -0.029258
v 0.094911 -0.031873 -0.024324
v 0.096188 -0.029882 -0.025964
v 0.096698 -0.029086 -0.026620
v 0.097445 -0.026949 -0.027580
v 0.097892 -0.025671 -0.028154
v 0.101703 -0.023793 -0.025680
v 0.106220 -0.020527 -0.021453
v 0.105625 -0.023793 -0.021031
v 0.102887 -0.029976 -0.019089
v 0.107590 -0.027007 -0.015141
v 0.108761 -0.023793 -0.015701
v 0.107921 -0.020527 -0.018827
v 0.110676 -0.020527 -0.013073
v 0.111068 -0.012545 -0.013220
v 0.111683 -0.020527 -0.009999
v 0.112086 -0.012545 -0.010111
v 0.110980 -0.023793 -0.009802
v 0.112421 -0.020527 -0.006837
v 0.112832 -0.012545 -0.006914
v 0.100427 -0.032411 -0.017344
v 0.105734 -0.029976 -0.014252
v 0.109730 -0.027007 -0.009452
v 0.112154 -0.023793 -0.003544
v 0.112881 -0.020527 -0.003615
v 0.113297 -0.012545 -0.003656
v 0.113474 -0.012545 -0.000309
v 0.112209 -0.023793 0.002931
v 0.113056 -0.020527 -0.000305
v 0.112936 -0.020527 0.002990
v 0.113353 -0.012545 0.003023
v 0.088733 -0.034888 -0.016386
v 0.090675 -0.034906 -0.014671
v 0.097046 -0.034044 -0.014945
v 0.103013 -0.032411 -0.012948
v 0.107748 -0.029976 -0.008897
v 0.110862 -0.027007 -0.003417
v 0.112924 -0.012545 0.006405
v 0.111092 -0.023793 0.009393
v 0.112512 -0.020527 0.006334
v 0.111798 -0.020527 0.009582
v 0.112201 -0.012545 0.009690
v 0.082939 -0.035340 -0.006948
v 0.092915 -0.034906 -0.012015
v 0.099274 -0.034044 -0.011158
v 0.104843 -0.032411 -0.008083
v 0.108814 -0.029976 -0.003217
v 0.110915 -0.027007 0.002826
v 0.108795 -0.023793 0.015630
v 0.110759 -0.020527 0.012852
v 0.109454 -0.020527 0.015944
v 0.111151 -0.012545 0.012997
v 0.109831 -0.012545 0.016123
v 0.105410 -0.023793 0.021330
v 0.107834 -0.020527 0.018976
v 0.106001 -0.020527 0.021759
v 0.106340 -0.012545 0.022004
v 0.105923 0.035025 0.021637
v 0.106275 0.035025 0.022099
v 0.104789 0.035025 0.022927
v 0.105298 -0.012545 0.023374
v 0.093293 -0.012545 0.033255
v 0.095996 -0.016921 0.031601
v 0.096043 -0.012545 0.031675
v 0.100994 -0.016921 0.027814
v 0.101053 -0.012545 0.027879
v 0.100705 0.035025 0.027574
v 0.100285 -0.023793 0.027026
v 0.095819 -0.020527 0.031322
v 0.095429 -0.023793 0.030706
v 0.093100 -0.020527 0.032885
v 0.089933 -0.023793 0.033555
v 0.090214 -0.020527 0.034228
v 0.087194 -0.020527 0.035324
v 0.083905 -0.023793 0.035447
v 0.100362 0.035025 0.028490
v 0.095961 0.035025 0.031544
v 0.092944 0.035025 0.033438
v 0.090374 -0.012545 0.034614
v 0.090311 0.035025 0.034449
v 0.087320 -0.012545 0.035721
v 0.085935 0.035025 0.036129
v 0.084064 -0.020527 0.036155
v 0.080861 -0.020527 0.036706
v 0.077587 -0.023793 0.036252
v 0.077620 -0.020527 0.036970
v 0.107623 -0.027007 0.015071
v 0.104359 -0.027007 0.020569
v 0.103385 -0.027007 0.021850
v 0.099417 -0.027007 0.026061
v 0.094734 -0.027007 0.029609
v 0.089435 -0.027007 0.032359
v 0.083622 -0.027007 0.034187
v 0.077530 -0.027007 0.034972
v 0.107850 -0.029976 0.008526
v 0.105765 -0.029976 0.014186
v 0.102692 -0.029976 0.019361
v 0.101776 -0.029976 0.020567
v 0.098041 -0.029976 0.024530
v 0.093633 -0.029976 0.027871
v 0.088645 -0.029976 0.030461
v 0.083173 -0.029976 0.032187
v 0.077439 -0.029976 0.032935
v 0.071466 -0.029976 0.032646
v 0.105856 -0.032411 0.002417
v 0.104936 -0.032411 0.007746
v 0.103041 -0.032411 0.012889
v 0.100250 -0.032411 0.017590
v 0.099417 -0.032411 0.018686
v 0.096023 -0.032411 0.022287
v 0.092018 -0.032411 0.025323
v 0.087487 -0.032411 0.027677
v 0.082515 -0.032411 0.029250
v 0.077305 -0.032411 0.029938
v 0.071879 -0.032411 0.029683
v 0.101686 -0.034044 -0.002518
v 0.101724 -0.034044 0.002083
v 0.100931 -0.034044 0.006675
v 0.099299 -0.034044 0.011107
v 0.096893 -0.034044 0.015158
v 0.096176 -0.034044 0.016102
v 0.093251 -0.034044 0.019205
v 0.089800 -0.034044 0.021821
v 0.085895 -0.034044 0.023851
v 0.081611 -0.034044 0.025208
v 0.077122 -0.034044 0.025804
v 0.072446 -0.034044 0.025587
v 0.067845 -0.034044 0.024516
v 0.095975 -0.034906 -0.005600
v 0.096646 -0.034906 -0.002025
v 0.096677 -0.034906 0.001674
v 0.096039 -0.034906 0.005366
v 0.094727 -0.034906 0.008929
v 0.092793 -0.034906 0.012186
v 0.092216 -0.034906 0.012945
v 0.089865 -0.034906 0.015440
v 0.087090 -0.034906 0.017543
v 0.083951 -0.034906 0.019174
v 0.080507 -0.034906 0.020266
v 0.076898 -0.034906 0.020746
v 0.073138 -0.034906 0.020571
v 0.069439 -0.034906 0.019709
v 0.080469 -0.035356 -0.005769
v 0.082019 -0.035327 -0.007761
v 0.084889 -0.035274 -0.011449
v 0.109838 -0.027007 0.009058
v 0.108863 -0.029976 0.002660
v 0.105811 -0.032411 -0.002923
v 0.100852 -0.034044 -0.006965
v 0.094707 -0.034906 -0.008970
v 0.084000 -0.035340 -0.005690
v 0.080563 -0.035340 -0.008701
v 0.079075 -0.035340 -0.009335
v 0.069414 -0.035340 -0.007324
v 0.068298 -0.035340 -0.006143
v 0.091357 -0.029976 -0.029189
v 0.089951 -0.032411 -0.026520
v 0.085415 -0.032411 -0.028451
v 0.084110 -0.034044 -0.024517
v 0.093457 -0.012545 -0.033174
v 0.084446 -0.020527 -0.036099
v 0.087652 -0.020527 -0.035193
v 0.087422 -0.023793 -0.034500
v 0.062208 -0.034044 -0.021853
v 0.064908 -0.034906 -0.017569
v 0.062119 -0.034906 -0.015464
v 0.045499 -0.012545 -0.021840
v 0.043132 -0.029976 -0.003098
v 0.041083 -0.027007 -0.003291
v 0.042244 -0.027007 -0.009513
v 0.052543 -0.034044 0.010861
v 0.048782 -0.032411 0.012604
v 0.047012 -0.032411 0.007710
v 0.057317 -0.032410 0.023439
v 0.055736 -0.032664 0.021488
v 0.054856 -0.032657 0.020580
v 0.057477 -0.034044 0.018026
v 0.044005 -0.029849 0.008506
v 0.044097 -0.029976 0.008486
v 0.044279 -0.029975 0.009064
v 0.096357 -0.012545 -0.031476
v 0.049599 0.034875 0.026627
v 0.049806 0.034873 0.026851
v 0.049216 0.035025 0.026266
v 0.051329 0.034856 0.028168
v 0.052193 0.035025 0.028966
v 0.045175 0.035025 0.021282
v 0.045159 0.034895 0.021294
v 0.045689 0.034897 0.022109
v 0.046119 0.035025 0.022686
v 0.046093 0.034897 0.022629
v 0.047033 0.034894 0.023841
v 0.047690 0.034889 0.024555
v 0.049124 0.035025 0.026162
v 0.049149 0.034878 0.026139
v 0.049329 0.034877 0.026334
v 0.044726 0.034893 0.020628
v 0.039890 -0.012545 -0.010177
v 0.040292 -0.020527 -0.010064
v 0.040995 -0.023793 -0.009866
v 0.043104 -0.029976 0.002786
v 0.043681 -0.029699 0.007847
v 0.046219 -0.030838 0.012110
v 0.045909 -0.030702 0.011662
v 0.045522 -0.030531 0.011100
v 0.044679 -0.030161 0.009878
v 0.051247 -0.032347 0.017081
v 0.050674 -0.032209 0.016551
v 0.048888 -0.031776 0.014902
v 0.048476 -0.031676 0.014521
v 0.047304 -0.031241 0.013269
v 0.054621 -0.032655 0.020337
v 0.053446 -0.032646 0.019124
v 0.054727 -0.034044 0.014683
v 0.053042 -0.032596 0.018749
v 0.051545 -0.032411 0.017356
v 0.051317 -0.032411 0.017039
v 0.051475 -0.032403 0.017291
v 0.057036 -0.032455 0.023092
v 0.056125 -0.032602 0.021967
v 0.061105 -0.034906 0.014491
v 0.068934 -0.035340 0.006863
v 0.058894 -0.034906 0.011804
v 0.067887 -0.035340 0.005591
v 0.057138 -0.034906 0.008731
v 0.051018 -0.034044 0.006644
v 0.046110 -0.032411 0.002531
v 0.055304 -0.034906 -0.001950
v 0.066187 -0.035340 -0.000923
v 0.066179 -0.035340 0.000830
v 0.040984 -0.012545 -0.013468
v 0.041374 -0.020527 -0.013318
v 0.043373 -0.023793 -0.016065
v 0.042343 -0.012545 -0.016572
v 0.042718 -0.020527 -0.016388
v 0.055988 -0.012545 -0.031723
v 0.051012 -0.016921 -0.027857
v 0.050953 -0.012545 -0.027923
v 0.047023 -0.020527 -0.023160
v 0.045839 -0.020527 -0.021597
v 0.046696 -0.012545 -0.023421
v 0.067055 -0.035340 0.004135
v 0.055912 -0.034906 0.005341
v 0.050241 -0.034044 0.002181
v 0.046136 -0.032411 -0.002814
v 0.044225 -0.029976 -0.008955
v 0.044537 -0.027007 -0.015491
v 0.046432 -0.023793 -0.021171
v 0.070735 -0.035340 -0.008321
v 0.072233 -0.035340 -0.009094
v 0.055992 -0.034906 -0.005636
v 0.051118 -0.034044 -0.007011
v 0.052808 -0.034044 -0.011416
v 0.049090 -0.032411 -0.013248
v 0.051613 -0.032411 -0.017459
v 0.049161 -0.029976 -0.019216
v 0.050214 -0.029976 -0.020607
v 0.048606 -0.027007 -0.021893
v 0.052585 -0.027007 -0.026102
v 0.051719 -0.023793 -0.027068
v 0.056600 -0.023793 -0.030752
v 0.056211 -0.020527 -0.031370
v 0.058951 -0.020527 -0.032937
v 0.068071 -0.034906 -0.019201
v 0.066142 -0.034044 -0.023884
v 0.064564 -0.032411 -0.027717
v 0.073871 -0.035340 -0.009607
v 0.062137 -0.023793 -0.033610
v 0.057292 -0.027007 -0.029654
v 0.053959 -0.029976 -0.024569
v 0.052570 -0.032411 -0.018723
v 0.054982 -0.034044 -0.015045
v 0.057351 -0.034906 -0.009178
v 0.066513 -0.035340 -0.002669
v 0.071529 -0.034906 -0.020284
v 0.070444 -0.034044 -0.025230
v 0.069556 -0.032411 -0.029279
v 0.068910 -0.029976 -0.032226
v 0.075584 -0.035340 -0.009827
v 0.067156 -0.035340 -0.004347
v 0.059099 -0.034906 -0.012095
v 0.055807 -0.034044 -0.016134
v 0.055973 -0.032411 -0.022322
v 0.058389 -0.029976 -0.027912
v 0.062631 -0.027007 -0.032410
v 0.068191 -0.023793 -0.035504
v 0.061859 -0.020527 -0.034285
v 0.064892 -0.020527 -0.035382
v 0.068034 -0.020527 -0.036218
v 0.071244 -0.020527 -0.036775
v 0.066474 -0.035340 0.002530
v 0.055287 -0.034906 0.001754
v 0.050263 -0.034044 -0.002425
v 0.047128 -0.032411 -0.008136
v 0.046384 -0.029976 -0.014582
v 0.047487 -0.027007 -0.020415
v 0.047593 -0.023793 -0.022704
v 0.051232 -0.020527 -0.027612
v 0.056035 -0.016921 -0.031648
v 0.058759 -0.012545 -0.033309
v 0.061700 -0.012545 -0.034671
v 0.064767 -0.012545 -0.035781
v 0.067945 -0.012545 -0.036626
v 0.071190 -0.012545 -0.037190
v 0.075145 -0.034906 -0.020749
v 0.074942 -0.034044 -0.025809
v 0.074775 -0.032411 -0.029951
v 0.074654 -0.029976 -0.032965
v 0.074571 -0.027007 -0.035022
v 0.077342 -0.035340 -0.009740
v 0.074473 -0.012545 -0.037466
v 0.074490 -0.020527 -0.037048
v 0.074519 -0.023793 -0.036319
v 0.068469 -0.027007 -0.034237
v 0.063415 -0.029976 -0.030506
v 0.059998 -0.032411 -0.025360
v 0.058739 -0.034044 -0.019235
v 0.059762 -0.034906 -0.012971
v 0.067984 -0.035340 -0.005728
v 0.077845 -0.012545 -0.037450
v 0.078857 -0.034906 -0.020565
v 0.079559 -0.034044 -0.025581
v 0.080133 -0.032411 -0.029686
v 0.080552 -0.029976 -0.032674
v 0.080837 -0.027007 -0.034712
v 0.081017 -0.023793 -0.035998
v 0.077824 -0.020527 -0.037033
v 0.081118 -0.020527 -0.036721
v 0.087783 -0.012545 -0.035590
v 0.084541 -0.012545 -0.036506
v 0.081176 -0.012545 -0.037135
v 0.085658 -0.034906 -0.018372
v 0.082516 -0.034906 -0.019710
v 0.088019 -0.034044 -0.022852
v 0.093262 -0.020527 -0.032804
v 0.092922 -0.023793 -0.032158
v 0.087013 -0.027007 -0.033268
v 0.092316 -0.027007 -0.031010
v 0.086365 -0.029976 -0.031314
v 0.096130 -0.020527 -0.031125
v 0.049386 -0.031458 0.018503
v 0.049550 -0.031573 0.019997
v 0.048806 -0.031683 0.020923
v 0.050511 -0.031752 0.018711
v 0.050220 -0.031698 0.019100
v 0.050136 -0.031682 0.019213
v 0.047670 -0.030929 0.016867
v 0.044565 -0.029559 0.013430
v 0.044101 -0.029321 0.012790
v 0.042335 -0.028605 0.008868
v 0.042038 -0.028364 0.009093
v 0.042988 -0.028748 0.010946
v 0.041596 -0.028005 0.009428
v 0.040688 -0.027867 0.009934
v 0.040028 -0.027767 0.010302
v 0.041015 -0.028184 0.012346
v 0.038908 -0.027597 0.010926
v 0.038901 -0.028485 0.013555
v 0.038811 -0.027621 0.010969
v 0.037873 -0.027851 0.011379
v 0.038846 -0.028536 0.013566
v 0.037265 -0.028000 0.011644
v 0.039650 -0.028808 0.014542
v 0.042303 -0.028920 0.014456
v 0.039502 -0.028758 0.014363
v 0.039162 -0.028642 0.013949
v 0.038888 -0.028550 0.013616
v 0.042837 -0.029225 0.015182
v 0.040727 -0.029269 0.015661
v 0.040704 -0.029259 0.015637
v 0.046156 -0.030904 0.018835
v 0.045709 -0.031030 0.019344
v 0.044849 -0.030799 0.018867
v 0.044059 -0.030586 0.018429
v 0.041807 -0.029722 0.016726
v 0.041610 -0.029646 0.016577
v 0.041398 -0.029555 0.016357
v 0.047872 -0.031519 0.020472
v 0.046882 -0.031346 0.019995
v 0.046785 -0.031320 0.019941
v 0.047893 -0.031523 0.020483
v 0.023609 -0.031398 0.003258
v 0.022928 -0.031570 0.002347
v 0.026155 -0.028900 -0.000551
v 0.026120 -0.030704 0.006172
v 0.025413 -0.030900 0.005354
v 0.029771 -0.027967 0.003192
v 0.023706 -0.031373 0.003381
v 0.023619 -0.031395 0.003271
v 0.022737 -0.031618 0.002081
v 0.021712 -0.031860 0.000529
v 0.022884 -0.029694 -0.004339
v 0.021031 -0.032021 -0.000503
v 0.019577 -0.031973 -0.004339
v 0.019625 -0.032352 -0.002631
v 0.018545 -0.032583 -0.004339
v 0.029819 -0.029626 0.009244
v 0.028357 -0.030044 0.008266
v 0.031848 -0.027362 0.004925
v 0.027622 -0.030261 0.007578
v 0.026453 -0.030605 0.006484
v 0.033893 -0.028503 0.010591
v 0.036577 -0.027794 0.010774
v 0.033750 -0.028541 0.010581
v 0.033401 -0.028636 0.010510
v 0.031966 -0.029027 0.010216
v 0.031783 -0.029078 0.010143
v 0.030254 -0.029502 0.009535
v 0.030212 -0.029514 0.009507
v 0.030237 -0.025270 -0.001551
v 0.030051 -0.022408 -0.004339
v 0.030554 -0.021691 -0.004339
v 0.027480 -0.025499 -0.004339
v 0.031315 -0.020605 -0.004339
v 0.022986 -0.029607 -0.004339
v 0.025943 -0.027061 -0.004339
v 0.027060 -0.025926 -0.004339
v 0.004760 -0.037082 -0.004339
v 0.006662 -0.036885 0.001647
v 0.003919 -0.037229 -0.004339
v 0.002177 -0.037420 0.002656
v 0.000227 -0.037498 -0.004340
v 0.008927 -0.036502 0.008014
v 0.004336 -0.037245 0.009585
v 0.002712 -0.037399 0.004577
v 0.008954 -0.036495 0.008005
v 0.018663 -0.033710 0.004975
v 0.014068 -0.035244 0.006410
v 0.011719 -0.035733 0.000869
v 0.008956 -0.036495 0.008004
v 0.016704 -0.034070 0.000204
v 0.019186 -0.033480 0.004798
v 0.022272 -0.032119 0.003755
v 0.019189 -0.033478 0.004797
v 0.014463 -0.034501 -0.004339
v 0.015246 -0.034197 -0.004339
v 0.013204 -0.034989 -0.004339
v 0.007582 -0.036588 -0.004339
v 0.008973 -0.036262 -0.004339
v 0.009701 -0.036043 -0.004339
v -0.030813 -0.021393 -0.004340
v 0.010473 0.035849 -0.004339
v 0.010721 0.035780 -0.004339
v 0.014790 0.034362 -0.004339
v 0.015540 0.034033 -0.004339
v -0.026038 -0.027000 -0.004340
v -0.000016 -0.037498 -0.004340
v -0.006803 -0.036879 -0.004340
v -0.000016 0.037502 -0.004340
v 0.000227 0.037501 -0.004340
v 0.002106 0.037421 -0.004339
v 0.005152 0.037033 -0.004339
v 0.005679 0.036966 -0.004339
v 0.009394 0.036150 -0.004339
v -0.013421 -0.035021 -0.004340
v -0.020191 -0.031609 -0.004340
v 0.016631 0.033555 -0.004339
v -0.037484 -0.001535 -0.004340
v -0.037225 0.004658 -0.004340
v -0.003932 0.037296 -0.004340
v -0.036567 -0.008381 -0.004340
v -0.034346 -0.015087 -0.004340
v -0.023460 0.029270 -0.004340
v -0.017356 0.033252 -0.004340
v -0.010758 0.035930 -0.004340
v -0.028413 0.024494 -0.004340
v -0.035754 0.011361 -0.004340
v -0.032722 0.018347 -0.004340
v 0.001942 0.037450 0.010707
v 0.004392 0.037242 0.009735
v 0.002736 0.037400 0.004656
v 0.002533 0.037408 0.003930
v -0.000016 0.037502 0.011483
v 0.001244 0.037469 0.010983
v 0.012916 0.035422 0.001626
v 0.007454 0.036759 0.002703
v 0.024198 0.031374 0.004388
v 0.021328 0.032699 0.005574
v 0.018278 0.033491 0.000642
v 0.020409 0.033124 0.005954
v 0.015785 0.034761 0.007766
v 0.010329 0.036199 0.009910
v 0.010301 0.036206 0.009921
v 0.005335 0.037118 0.012032
v 0.026225 0.031249 0.011217
v 0.024472 0.031792 0.009533
v 0.019051 0.033813 0.012617
v 0.013641 0.035354 0.015708
v 0.012504 0.035781 0.022981
v 0.013997 0.035497 0.024070
v 0.015403 0.035038 0.022229
v 0.012104 0.035857 0.022688
v 0.013174 0.035499 0.019929
v 0.010063 0.036257 0.020407
v 0.010350 0.036200 0.020821
v 0.011177 0.036039 0.021701
v 0.006599 0.036918 0.014735
v 0.007938 0.036671 0.017174
v 0.008394 0.036586 0.018004
v 0.008870 0.036492 0.018689
v 0.005990 0.037014 0.013432
v 0.028967 0.030294 0.011815
v 0.022602 0.032728 0.015936
v 0.025869 0.031479 0.013821
v 0.028072 0.030637 0.012394
v 0.017007 0.034521 0.020288
v 0.017621 0.034332 0.019793
v 0.015563 0.034855 0.018103
v 0.021200 0.033231 0.016913
v 0.020824 0.033291 0.014608
v 0.021641 0.033096 0.016558
v 0.015628 0.034965 0.021934
v 0.016691 0.034618 0.020542
v 0.016028 0.035119 0.024972
v 0.016786 0.034983 0.025149
v 0.017567 0.034569 0.023089
v 0.015486 0.035220 0.024731
v 0.022813 0.032782 0.017559
v 0.018923 0.034059 0.021087
v 0.029535 0.030579 0.014794
v 0.024954 0.032223 0.018020
v 0.029940 0.031179 0.018275
v 0.032911 0.031703 0.021096
v 0.032408 0.032273 0.022827
v 0.026211 0.033496 0.025562
v 0.026676 0.033435 0.025514
v 0.026282 0.033020 0.023637
v 0.027654 0.033319 0.025361
v 0.037880 0.032307 0.023428
v 0.032490 0.032784 0.024540
v 0.031196 0.032899 0.024806
v 0.021823 0.034122 0.025778
v 0.023162 0.033929 0.025723
v 0.020319 0.034012 0.023599
v 0.025675 0.033567 0.025618
v 0.018412 0.034690 0.025529
v 0.019085 0.034578 0.025578
v 0.019892 0.034444 0.025637
v 0.033904 0.031069 0.019440
v 0.028270 0.031860 0.019969
v 0.027007 0.032470 0.021747
v 0.022983 0.032902 0.019743
v 0.021396 0.033496 0.021590
v 0.051382 0.032606 0.029421
v 0.051540 0.032814 0.029420
v 0.050143 0.033366 0.028243
v 0.052476 0.034046 0.029414
v 0.051547 0.032823 0.029420
v 0.050223 0.031481 0.029766
v 0.047966 0.030144 0.031160
v 0.048964 0.030595 0.030426
v 0.048298 0.031834 0.028864
v 0.049796 0.031180 0.029990
v 0.045727 0.031101 0.029987
v 0.046039 0.030927 0.030210
v 0.046339 0.031002 0.030010
v 0.046438 0.030704 0.030493
v 0.047481 0.030121 0.031236
v 0.047934 0.030130 0.031184
v 0.047676 0.030013 0.031374
v 0.044990 0.031445 0.029289
v 0.044833 0.031737 0.028664
v 0.044521 0.031663 0.028845
v 0.044588 0.031840 0.028422
v 0.044273 0.031779 0.028610
v 0.041786 0.032472 0.025595
v 0.041885 0.032448 0.026222
v 0.043204 0.032282 0.027003
v 0.042795 0.032229 0.027142
v 0.043850 0.031976 0.028209
v 0.039729 0.032432 0.024246
v 0.040530 0.032438 0.024979
v 0.041460 0.032445 0.025832
v 0.043731 0.032899 0.024226
v 0.042226 0.032720 0.022804
v 0.043906 0.033864 0.021387
v 0.045488 0.034170 0.023028
v 0.047052 0.034184 0.024822
v 0.048496 0.033918 0.026526
v 0.048737 0.033850 0.026800
v 0.045212 0.032823 0.025772
v 0.046615 0.032491 0.027277
v 0.046855 0.032410 0.027525
v 0.052127 0.032770 0.029689
v 0.053530 0.033984 0.030097
v 0.052700 0.032738 0.029995
v 0.050433 0.031024 0.030189
v 0.051417 0.031229 0.030261
v 0.052591 0.032575 0.029981
v 0.049337 0.029661 0.031583
v 0.050138 0.030133 0.030941
v 0.051076 0.030937 0.030442
v 0.048837 0.029366 0.031984
v 0.048252 0.029692 0.031677
v 0.048625 0.029854 0.031366
v 0.078506 0.005282 0.037353
v 0.069518 0.017645 0.036813
v 0.055590 0.031262 0.031650
v 0.080746 0.000002 0.037156
v 0.080585 0.000822 0.037177
v 0.080516 0.001171 0.037187
v 0.079918 0.002279 0.037263
v 0.079782 0.002531 0.037280
v 0.077419 0.005462 0.037505
v 0.073225 0.009831 0.037631
v 0.073447 0.010580 0.037468
v 0.072923 0.010122 0.037615
v 0.072158 0.010857 0.037576
v 0.077928 0.004830 0.037456
v 0.077527 0.005328 0.037494
v 0.068891 0.013998 0.037410
v 0.067722 0.015984 0.037013
v 0.067199 0.015517 0.037181
v 0.061007 0.020872 0.036109
v 0.062642 0.019515 0.036460
v 0.063153 0.019958 0.036224
v 0.063969 0.018414 0.036745
v 0.066374 0.016256 0.037070
v 0.055678 0.024998 0.034663
v 0.056874 0.024091 0.035007
v 0.057378 0.024492 0.034699
v 0.059821 0.021856 0.035854
v 0.060338 0.021427 0.035965
v 0.053906 0.026196 0.034024
v 0.052216 0.027971 0.032824
v 0.051852 0.027585 0.033283
v 0.050632 0.028306 0.032757
v 0.051723 0.027661 0.033227
v 0.053959 0.029399 0.031849
v 0.058183 0.029690 0.032988
v 0.060771 0.027926 0.034171
v 0.059129 0.026070 0.034012
v 0.064925 0.021609 0.035825
v 0.058822 -0.030273 0.028193
v 0.075520 -0.007494 0.037605
v 0.072444 -0.010588 0.037572
v 0.073822 -0.011788 0.037342
v 0.057136 -0.029895 0.028794
v 0.056291 -0.030786 0.027149
v 0.058023 -0.031123 0.026573
v 0.056111 -0.030976 0.026797
v 0.056103 -0.030984 0.026783
v 0.054910 -0.031593 0.025054
v 0.056195 -0.031808 0.024346
v 0.057266 -0.031618 0.025268
v 0.056491 -0.031934 0.024203
v 0.056897 -0.032107 0.024007
v 0.057817 -0.028844 0.030124
v 0.057273 -0.029684 0.029062
v 0.059557 -0.029218 0.029702
v 0.058241 -0.028189 0.030953
v 0.060417 -0.027836 0.031228
v 0.058350 -0.028007 0.031117
v 0.059702 -0.025784 0.033019
v 0.059561 -0.026007 0.032871
v 0.061384 -0.026288 0.032568
v 0.059403 -0.026254 0.032706
v 0.058707 -0.027414 0.031655
v 0.060958 -0.023809 0.034331
v 0.063712 -0.022861 0.034691
v 0.061207 -0.023452 0.034503
v 0.062861 -0.021086 0.035638
v 0.062660 -0.021373 0.035500
v 0.062121 -0.022145 0.035130
v 0.064926 -0.018462 0.036525
v 0.066716 -0.019076 0.036167
v 0.065229 -0.018124 0.036599
v 0.066922 -0.016241 0.037010
v 0.068478 -0.017144 0.036656
v 0.067056 -0.016092 0.037043
v 0.072180 -0.010854 0.037569
v 0.071116 -0.011924 0.037558
v 0.067561 -0.015530 0.037165
v 0.077390 -0.005416 0.037481
v 0.077472 -0.005325 0.037476
v 0.080489 -0.001101 0.037190
v 0.080134 -0.001962 0.037237
v 0.079770 -0.002474 0.037278
v 0.078767 -0.003885 0.037391
v 0.078732 -0.003925 0.037393
v 0.080671 -0.000660 0.037166
v 0.080743 -0.000019 0.037156
v 0.053823 -0.031828 0.023943
v 0.053650 -0.031836 0.023818
v 0.055476 -0.032264 0.022434
v 0.052024 -0.032003 0.020012
v 0.053825 -0.032223 0.021121
v 0.052166 -0.031905 0.022752
v 0.051774 -0.031924 0.022471
v 0.051467 -0.031899 0.022311
v 0.049373 -0.031729 0.021219
v 0.056435 -0.032166 0.023416
v 0.054325 -0.031719 0.024456
v 0.054474 -0.031687 0.024609
v 0.024408 -0.033093 0.022660
v 0.024997 -0.032834 0.021778
v 0.030688 -0.031977 0.021345
v 0.037694 -0.029065 0.014586
v 0.027657 -0.033312 0.025364
v 0.029967 -0.032539 0.023185
v 0.028208 -0.033239 0.025310
v 0.029959 -0.033054 0.024988
v 0.023719 -0.033834 0.025746
v 0.023843 -0.033479 0.024167
v 0.036237 -0.031928 0.022109
v 0.036307 -0.032442 0.023760
v 0.034719 -0.032551 0.024113
v 0.044365 -0.031886 0.021968
v 0.037875 -0.032334 0.023412
v 0.036779 -0.031352 0.020415
v 0.039206 -0.029985 0.017159
v 0.033694 -0.030676 0.017883
v 0.036264 -0.028518 0.012461
v 0.034778 -0.029286 0.013674
v 0.033996 -0.029585 0.014230
v 0.028576 -0.031555 0.018214
v 0.029130 -0.031371 0.017784
v 0.030657 -0.030863 0.016601
v 0.033112 -0.029924 0.014857
v 0.027376 -0.031954 0.019144
v 0.031985 -0.031360 0.019584
v 0.026923 -0.032114 0.019605
v 0.025158 -0.032763 0.021537
v 0.025440 -0.032639 0.021115
v 0.026583 -0.032235 0.019952
v 0.024004 -0.033369 0.023737
v 0.024049 -0.033339 0.023617
v 0.027268 -0.031304 0.013328
v 0.004364 -0.037242 0.009660
v 0.011727 -0.035857 0.013560
v 0.004392 -0.037238 0.009735
v 0.006274 -0.036969 0.014067
v 0.007216 -0.036799 0.015830
v 0.015214 -0.034977 0.018392
v 0.008988 -0.036466 0.018862
v 0.013384 -0.035434 0.016159
v 0.008263 -0.036609 0.017791
v 0.007934 -0.036668 0.017175
v 0.011764 -0.035920 0.022373
v 0.011114 -0.036048 0.021641
v 0.012964 -0.035557 0.020038
v 0.010080 -0.036251 0.020477
v 0.010042 -0.036258 0.020421
v 0.015205 -0.035069 0.021904
v 0.013758 -0.035540 0.023890
v 0.013475 -0.035592 0.023746
v 0.012512 -0.035777 0.022972
v 0.017842 -0.034787 0.025428
v 0.016965 -0.034947 0.025191
v 0.017836 -0.034506 0.023006
v 0.015572 -0.035201 0.024815
v 0.015467 -0.035220 0.024762
v 0.020888 -0.033889 0.023506
v 0.023168 -0.033919 0.025744
v 0.020561 -0.034321 0.025738
v 0.020395 -0.034350 0.025720
v 0.019091 -0.034573 0.025570
v 0.022207 -0.033332 0.021382
v 0.024064 -0.032567 0.017226
v 0.029380 -0.030745 0.013906
v 0.031861 -0.029655 0.012243
v 0.025331 -0.031818 0.012241
v 0.021977 -0.032757 0.008803
v 0.017189 -0.034501 0.019970
v 0.019446 -0.033956 0.020900
v 0.024149 -0.032689 0.019434
v 0.021580 -0.033312 0.018992
v 0.022045 -0.033107 0.016515
v 0.016869 -0.034512 0.011182
v 0.018473 -0.034062 0.013398
v 0.020215 -0.033589 0.015262
v -0.000016 -0.037498 0.011483
v 0.001942 -0.037447 0.010706
v 0.001244 -0.037466 0.010983
v -0.001056 -0.037484 0.011895
v -0.005075 -0.037156 0.013489
v -0.006515 -0.036876 0.014060
v -0.002648 -0.037354 0.012526
v -0.002638 0.037243 0.012523
v -0.010290 0.035882 0.015557
v -0.007342 0.036779 0.014388
v -0.006518 0.036860 0.014061
v -0.003923 0.037116 0.013032
v -0.017273 0.033092 0.018326
v -0.014416 0.034627 0.017193
v -0.014037 0.034742 0.017043
v -0.010710 0.035754 0.015723
v -0.017546 0.032945 0.018434
v -0.020934 0.031125 0.019777
v -0.027058 0.025808 0.022205
v -0.026045 0.026997 0.021804
v -0.024133 0.028541 0.021046
v -0.023370 0.029157 0.020743
v -0.031960 0.019346 0.024149
v -0.030803 0.021413 0.023690
v -0.029691 0.022718 0.023249
v -0.028276 0.024378 0.022688
v -0.035402 0.011880 0.025511
v -0.034362 0.015055 0.025100
v -0.033970 0.015756 0.024945
v -0.032567 0.018261 0.024389
v -0.037076 0.004639 0.026172
v -0.036646 0.007919 0.026003
v -0.036610 0.008193 0.025988
v -0.035590 0.011308 0.025585
v -0.037432 -0.001532 0.026312
v -0.037516 0.000002 0.026345
v -0.037485 0.001519 0.026333
v -0.037190 0.003770 0.026217
v -0.036555 -0.008378 0.025966
v -0.036622 -0.008136 0.025993
v -0.036659 -0.007917 0.026007
v -0.037292 -0.004093 0.026257
v -0.037308 -0.003786 0.026263
v -0.033988 -0.015877 0.024952
v -0.034312 -0.015073 0.025080
v -0.035517 -0.012079 0.025557
v -0.035557 -0.011936 0.025573
v -0.029729 -0.022876 0.023264
v -0.030768 -0.021362 0.023676
v -0.032054 -0.019486 0.024186
v -0.032087 -0.019425 0.024199
v -0.026004 -0.026962 0.021787
v -0.027041 -0.025997 0.022198
v -0.027138 -0.025884 0.022237
v -0.021012 -0.031044 0.019808
v -0.020678 -0.031293 0.019675
v -0.024012 -0.028815 0.020998
v -0.024202 -0.028639 0.021073
v -0.017073 -0.033395 0.018246
v -0.017609 -0.033082 0.018459
v -0.020177 -0.031585 0.019477
v -0.010322 -0.036006 0.015569
v -0.009224 -0.036350 0.015134
v -0.006794 -0.036822 0.014170
v -0.013240 -0.035089 0.016726
v -0.013417 -0.035011 0.016796
v -0.014033 -0.034739 0.017041
v 0.003520 -0.037222 0.024722
v 0.001116 -0.037431 0.021025
v 0.004782 -0.037183 0.018960
v 0.007037 -0.036860 0.022413
v 0.009718 -0.036422 0.025122
v 0.006375 -0.036852 0.027647
v -0.012835 -0.031006 0.043281
v -0.014880 -0.031167 0.041702
v -0.011348 -0.033187 0.039621
v -0.031321 -0.020509 0.030523
v -0.033478 -0.016749 0.031451
v -0.025929 -0.027021 0.028167
v -0.028787 -0.023944 0.029421
v 0.016600 -0.035275 0.028091
v 0.020845 -0.034626 0.028407
v 0.048846 -0.032021 0.022948
v 0.044084 -0.026798 0.036275
v 0.037801 0.000002 0.046262
v 0.037796 0.000002 0.046263
v 0.037853 -0.002762 0.046130
v 0.019325 -0.016513 0.048519
v -0.018466 -0.013397 0.054110
v -0.016495 -0.017524 0.053049
v -0.014100 -0.021269 0.051712
v -0.007132 -0.020266 0.052256
v -0.004643 -0.023484 0.050707
v 0.003063 -0.022167 0.050287
v 0.011601 -0.020765 0.049056
v 0.018043 -0.013419 0.049571
v 0.039006 -0.011703 0.044707
v 0.038086 -0.005794 0.045853
v 0.060108 -0.005368 0.040945
v 0.060058 0.000002 0.041347
v 0.050886 0.000002 0.043206
v 0.060063 0.000002 0.041346
v 0.060322 -0.010928 0.039977
v 0.060647 -0.016318 0.038302
v 0.061031 -0.021406 0.035849
v 0.042165 -0.022368 0.039973
v 0.045066 -0.028666 0.034054
v 0.046042 -0.030217 0.031575
v 0.047001 -0.031358 0.028854
v 0.047936 -0.031986 0.025943
v 0.025604 -0.033975 0.028071
v 0.036510 -0.032811 0.025970
v 0.012894 -0.035884 0.027014
v 0.002846 -0.037387 0.014924
v -0.000948 -0.037479 0.016721
v -0.004757 -0.037183 0.018514
v -0.008546 -0.036494 0.020284
v -0.012283 -0.035405 0.022014
v -0.015931 -0.033913 0.023685
v -0.019452 -0.032016 0.025280
v -0.022801 -0.029716 0.026780
v -0.035206 -0.012712 0.032189
v -0.036460 -0.008456 0.032721
v -0.037207 -0.004051 0.033036
v -0.036945 0.000001 0.038796
v -0.037296 0.000001 0.033123
v -0.037297 0.000001 0.033120
v -0.037504 0.000002 0.029774
v -0.035929 0.000001 0.043143
v -0.035930 0.000001 0.043141
v -0.035762 -0.004384 0.043046
v -0.036654 0.000001 0.040043
v -0.035673 0.000001 0.044242
v -0.034718 -0.004451 0.045841
v -0.034859 0.000001 0.045902
v -0.034858 0.000001 0.045904
v -0.033331 -0.004491 0.048308
v -0.033655 0.000001 0.048357
v -0.031580 -0.004505 0.050427
v -0.031724 0.000001 0.050435
v -0.029453 -0.004492 0.052187
v -0.030486 0.000001 0.051769
v -0.031723 0.000001 0.050437
v -0.027172 0.000001 0.053645
v -0.027174 0.000001 0.053643
v -0.026945 -0.004453 0.053587
v -0.029674 0.000001 0.052228
v -0.029676 0.000001 0.052227
v -0.026484 0.000001 0.054035
v -0.024059 -0.004390 0.054631
v -0.024284 0.000001 0.054592
v -0.024282 0.000001 0.054592
v -0.020806 -0.004306 0.055329
v -0.021053 0.000001 0.055410
v -0.021050 0.000001 0.055410
v -0.019926 -0.008960 0.054876
v 0.024122 -0.024521 0.044020
v 0.015734 -0.025905 0.045616
v 0.017928 -0.028036 0.043569
v 0.034834 -0.032929 0.029035
v 0.033106 -0.032508 0.032036
v 0.031334 -0.031606 0.034876
v 0.029531 -0.030300 0.037505
v 0.027713 -0.028656 0.039906
v 0.020153 -0.029863 0.041307
v 0.022376 -0.031370 0.038833
v 0.024573 -0.032524 0.036151
v 0.026725 -0.033277 0.033281
v 0.028820 -0.033570 0.030271
v 0.007954 -0.027345 0.046657
v 0.010539 -0.029412 0.044524
v 0.013151 -0.031134 0.042192
v 0.015753 -0.032504 0.039667
v 0.018317 -0.033507 0.036958
v 0.020822 -0.034111 0.034087
v 0.023256 -0.034277 0.031098
v -0.007136 -0.032720 0.042401
v -0.010554 -0.030732 0.044571
v -0.006341 -0.036793 0.025131
v -0.007410 -0.036051 0.031546
v -0.010074 -0.035882 0.027127
v -0.011091 -0.034853 0.033699
v -0.013768 -0.034560 0.029057
v -0.014733 -0.033220 0.035754
v -0.017381 -0.032812 0.030902
v -0.018286 -0.031135 0.037690
v -0.007757 -0.034750 0.037406
v -0.003679 -0.034262 0.040082
v -0.004156 -0.035879 0.035079
v -0.000230 -0.035380 0.037632
v -0.000582 -0.036594 0.032660
v 0.003174 -0.036092 0.035071
v 0.009755 -0.036337 0.029721
v 0.006508 -0.036409 0.032423
v 0.002934 -0.036914 0.030173
v -0.002602 -0.037304 0.023090
v -0.000077 -0.037218 0.027035
v -0.003728 -0.036833 0.029317
v -0.008405 -0.027459 0.048311
v -0.011373 -0.024588 0.050125
v -0.014332 -0.025020 0.049402
v -0.021503 -0.025697 0.045369
v -0.018289 -0.028674 0.043626
v -0.019399 -0.025584 0.047030
v -0.016209 -0.028535 0.045250
v -0.017009 -0.025355 0.048373
v -0.013869 -0.028281 0.046569
v -0.005279 -0.029884 0.046292
v 0.000917 -0.028714 0.046939
v -0.002066 -0.031872 0.044089
v 0.003847 -0.030731 0.044751
v 0.001177 -0.033439 0.041719
v 0.006804 -0.032362 0.042380
v 0.004403 -0.034601 0.039198
v 0.009744 -0.033612 0.039836
v 0.007579 -0.035367 0.036544
v 0.012637 -0.034480 0.037134
v 0.010681 -0.035738 0.033780
v 0.015461 -0.034952 0.034297
v 0.013694 -0.035708 0.030942
v 0.018202 -0.035006 0.031364
v -0.001935 -0.026300 0.048929
v -0.034889 -0.009133 0.042651
v -0.033816 -0.009267 0.045427
v -0.032410 -0.009348 0.047877
v -0.030649 -0.009374 0.049984
v -0.028520 -0.009345 0.051735
v -0.026021 -0.009264 0.053131
v -0.023154 -0.009135 0.054174
v -0.021650 -0.013654 0.053404
v -0.024487 -0.013847 0.052362
v -0.026971 -0.013968 0.050974
v -0.029100 -0.014014 0.049236
v -0.030876 -0.013982 0.047150
v -0.032314 -0.013870 0.044727
v -0.033431 -0.013680 0.041986
v -0.031443 -0.017938 0.041064
v -0.030270 -0.018167 0.043759
v -0.028795 -0.018298 0.046144
v -0.027000 -0.018330 0.048201
v -0.024874 -0.018263 0.049919
v -0.022413 -0.018103 0.051296
v -0.019617 -0.017853 0.052336
v -0.017147 -0.021657 0.050994
v -0.019889 -0.021955 0.049958
v -0.022319 -0.022151 0.048595
v -0.024437 -0.022241 0.046903
v -0.026248 -0.022217 0.044882
v -0.027762 -0.022081 0.042545
v -0.028997 -0.021833 0.039909
v -0.023324 -0.025691 0.043392
v -0.020112 -0.028690 0.041701
v -0.021689 -0.028583 0.039484
v -0.024874 -0.025563 0.041111
v -0.036654 0.000001 0.040041
v -0.036495 -0.004293 0.039952
v -0.035659 -0.008949 0.039581
v -0.034259 -0.013418 0.038955
v -0.032344 -0.017619 0.038089
v -0.029978 -0.021481 0.037001
v -0.027230 -0.024955 0.035714
v -0.024171 -0.028010 0.034253
v -0.020868 -0.030630 0.032642
v 0.040420 -0.017276 0.042759
v 0.020795 -0.019406 0.047241
v 0.022408 -0.022079 0.045742
v 0.013609 -0.023479 0.047447
v 0.005444 -0.024930 0.048581
v 0.019329 0.016517 0.048518
v 0.018047 0.013422 0.049570
v 0.039011 0.011706 0.044706
v 0.025613 0.033978 0.028068
v 0.004788 0.037186 0.018960
v 0.001116 0.037434 0.021026
v -0.033478 0.016753 0.031454
v -0.035205 0.012715 0.032192
v -0.036460 0.008460 0.032723
v -0.037207 0.004054 0.033038
v -0.020803 0.004309 0.055329
v -0.019923 0.008963 0.054876
v -0.007129 0.020269 0.052256
v 0.003066 0.022169 0.050287
v 0.038091 0.005797 0.045852
v 0.011605 0.020766 0.049055
v -0.004640 0.023487 0.050708
v -0.016493 0.017527 0.053049
v -0.014097 0.021272 0.051712
v -0.018463 0.013400 0.054110
v -0.024057 0.004393 0.054632
v -0.026943 0.004456 0.053588
v -0.029451 0.004495 0.052189
v -0.031579 0.004508 0.050429
v -0.033330 0.004494 0.048310
v -0.034717 0.004454 0.045844
v -0.035761 0.004387 0.043048
v -0.036495 0.004296 0.039955
v -0.028787 0.023948 0.029424
v -0.025929 0.027024 0.028170
v -0.015931 0.033916 0.023687
v -0.019452 0.032019 0.025282
v -0.012282 0.035408 0.022016
v -0.008546 0.036497 0.020286
v -0.004757 0.037187 0.018516
v -0.000948 0.037482 0.016723
v 0.002849 0.037390 0.014924
v 0.003520 0.037225 0.024724
v 0.006376 0.036855 0.027649
v 0.016611 0.035277 0.028088
v 0.020854 0.034628 0.028404
v 0.036516 0.032814 0.025969
v 0.034836 0.032932 0.029036
v 0.033108 0.032511 0.032035
v 0.031337 0.031609 0.034875
v 0.045069 0.028668 0.034053
v 0.046045 0.030220 0.031575
v 0.044088 0.026800 0.036274
v 0.042169 0.022371 0.039972
v 0.060651 0.016321 0.038301
v 0.060327 0.010931 0.039976
v 0.060113 0.005371 0.040944
v 0.037858 0.002765 0.046129
v 0.040424 0.017278 0.042758
v 0.024126 0.024524 0.044020
v 0.020799 0.019408 0.047241
v 0.015737 0.025906 0.045615
v 0.013613 0.023480 0.047445
v 0.005447 0.024932 0.048581
v 0.007958 0.027347 0.046656
v -0.013867 0.028284 0.046570
v -0.017007 0.025358 0.048374
v -0.014330 0.025023 0.049403
v -0.020867 0.030634 0.032644
v -0.022800 0.029719 0.026782
v -0.018284 0.031138 0.037692
v -0.024171 0.028013 0.034255
v -0.019398 0.025587 0.047031
v -0.016208 0.028538 0.045251
v -0.021501 0.025700 0.045370
v -0.018288 0.028677 0.043628
v -0.023323 0.025694 0.043394
v -0.020111 0.028693 0.041702
v -0.024873 0.025566 0.041113
v -0.021688 0.028586 0.039486
v -0.027230 0.024959 0.035716
v -0.017145 0.021661 0.050995
v -0.019887 0.021958 0.049959
v -0.022317 0.022155 0.048596
v -0.024436 0.022244 0.046904
v -0.026246 0.022221 0.044884
v -0.027761 0.022085 0.042547
v -0.028996 0.021837 0.039911
v -0.029978 0.021485 0.037003
v -0.031321 0.020512 0.030525
v -0.010552 0.030735 0.044572
v -0.012833 0.031009 0.043282
v -0.014878 0.031171 0.041703
v -0.032344 0.017623 0.038091
v -0.031443 0.017942 0.041067
v -0.030269 0.018170 0.043761
v -0.028794 0.018301 0.046146
v -0.026999 0.018333 0.048202
v -0.024873 0.018267 0.049920
v -0.022412 0.018106 0.051297
v -0.019616 0.017857 0.052337
v -0.021646 0.013657 0.053404
v -0.024484 0.013850 0.052362
v -0.026968 0.013972 0.050974
v -0.029097 0.014018 0.049237
v -0.030874 0.013985 0.047151
v -0.032312 0.013874 0.044729
v -0.033430 0.013684 0.041988
v -0.034257 0.013422 0.038957
v -0.035658 0.008953 0.039584
v -0.034888 0.009136 0.042653
v -0.033815 0.009270 0.045428
v -0.032408 0.009351 0.047878
v -0.030647 0.009377 0.049985
v -0.028518 0.009348 0.051737
v -0.026019 0.009268 0.053132
v -0.023151 0.009138 0.054175
v 0.020824 0.034114 0.034087
v 0.023258 0.034280 0.031099
v 0.018204 0.035009 0.031365
v 0.018319 0.033509 0.036958
v 0.015463 0.034955 0.034297
v 0.013695 0.035711 0.030943
v 0.012904 0.035887 0.027012
v 0.009755 0.036340 0.029723
v 0.010682 0.035741 0.033780
v 0.012639 0.034483 0.037135
v 0.015756 0.032506 0.039667
v 0.013154 0.031136 0.042192
v 0.009746 0.033615 0.039837
v 0.007581 0.035370 0.036545
v 0.006509 0.036412 0.032424
v -0.007756 0.034753 0.037407
v -0.011347 0.033190 0.039622
v -0.007135 0.032722 0.042402
v -0.004155 0.035882 0.035080
v -0.003678 0.034265 0.040083
v -0.002064 0.031874 0.044090
v -0.005277 0.029886 0.046293
v 0.000919 0.028717 0.046939
v -0.008403 0.027461 0.048311
v -0.001932 0.026303 0.048930
v -0.011370 0.024590 0.050125
v -0.000582 0.036597 0.032662
v -0.000229 0.035383 0.037633
v 0.001179 0.033442 0.041720
v 0.003849 0.030734 0.044752
v 0.010542 0.029415 0.044524
v 0.006806 0.032364 0.042380
v 0.004405 0.034603 0.039199
v 0.003175 0.036095 0.035072
v 0.002935 0.036917 0.030175
v -0.014732 0.033223 0.035756
v -0.011090 0.034856 0.033700
v -0.007409 0.036054 0.031548
v -0.003728 0.036836 0.029319
v -0.000077 0.037221 0.027036
v -0.017381 0.032815 0.030904
v -0.013767 0.034563 0.029059
v -0.010074 0.035885 0.027129
v -0.006341 0.036796 0.025133
v -0.002602 0.037307 0.023092
v 0.028822 0.033573 0.030271
v 0.026727 0.033280 0.033280
v 0.024575 0.032526 0.036150
v 0.022379 0.031372 0.038832
v 0.029534 0.030303 0.037505
v 0.020156 0.029865 0.041306
v 0.027716 0.028658 0.039905
v 0.025904 0.026722 0.042076
v 0.017931 0.028037 0.043568
vn 0.1764 0.0492 0.9831
vn 0.1477 0.0944 0.9845
vn 0.1456 0.0623 0.9874
vn 0.1375 0.0391 0.9897
vn 0.1291 0.0291 0.9912
vn 0.2185 -0.0238 0.9756
vn 0.2177 -0.0244 0.9757
vn 0.2174 -0.0241 0.9758
vn 0.2166 -0.0250 0.9759
vn 0.2161 -0.0242 0.9761
vn 0.2173 -0.0044 0.9761
vn 0.2192 0.0306 0.9752
vn 0.2050 0.0592 0.9770
vn 0.2196 0.0178 0.9754
vn 0.2187 0.0167 0.9756
vn 0.2168 -0.0029 0.9762
vn 0.2149 0.0406 0.9758
vn 0.1987 0.0529 0.9786
vn 0.2156 0.0417 0.9756
vn 0.2166 0.0412 0.9754
vn 0.2139 0.0406 0.9760
vn -0.0656 0.1649 0.9841
vn 0.1642 -0.0021 0.9864
vn 0.1843 0.0195 0.9827
vn 0.1805 0.0161 0.9834
vn 0.1876 0.0516 0.9809
vn 0.2148 0.0407 0.9758
vn 0.2146 0.0409 0.9758
vn 0.1639 0.0632 0.9845
vn 0.1752 0.0588 0.9828
vn 0.2056 0.0455 0.9776
vn 0.2144 0.0410 0.9759
vn 0.1500 0.0026 0.9887
vn 0.1521 0.0019 0.9884
vn 0.1358 0.0186 0.9906
vn 0.1406 0.0053 0.9901
vn 0.1346 0.0188 0.9907
vn 0.1360 0.0103 0.9907
vn 0.1379 -0.0036 0.9904
vn 0.1377 -0.0004 0.9905
vn 0.1369 -0.0076 0.9906
vn 0.1347 -0.0138 0.9908
vn 0.1354 -0.0086 0.9908
vn 0.1341 -0.0233 0.9907
vn 0.1386 -0.0112 0.9903
vn 0.1379 -0.0234 0.9902
vn 0.1466 -0.0108 0.9891
vn 0.1416 -0.0237 0.9896
vn 0.1566 -0.0099 0.9876
vn 0.1390 -0.0261 0.9899
vn 0.1382 -0.0278 0.9900
vn 0.1611 -0.0130 0.9869
vn 0.1374 -0.0307 0.9900
vn 0.1483 0.0276 0.9886
vn 0.1456 0.0096 0.9893
vn -0.0000 -1.0000 -0.0000
vn 0.0063 -0.9999 0.0129
vn 0.0206 -0.9956 0.0916
vn 0.9901 -0.0000 -0.1407
vn 0.9942 0.1059 -0.0176
vn 0.9867 0.0827 -0.1402
vn 0.9992 -0.0008 -0.0397
vn 0.9990 -0.0008 -0.0456
vn 0.9900 -0.0000 -0.1407
vn 0.2381 0.8366 -0.4934
vn 0.2248 0.8299 -0.5106
vn 0.1780 0.7868 -0.5910
vn 0.1702 0.7817 -0.6000
vn 0.1546 0.9679 0.1982
vn 0.1929 0.9665 0.1696
vn 0.0359 0.9993 0.0113
vn 0.0558 0.9918 0.1149
vn 0.9405 0.2729 -0.2024
vn 0.9648 0.2376 -0.1126
vn 0.8532 0.3055 -0.4227
vn 0.9711 0.2388 -0.0015
vn 0.8702 0.4620 0.1712
vn 0.5364 0.5773 -0.6157
vn 0.5275 0.5544 -0.6437
vn 0.5737 0.6962 -0.4315
vn 0.5774 0.7144 -0.3953
vn 0.5774 0.7143 -0.3953
vn 0.7573 0.6143 0.2219
vn 0.7871 0.5880 0.1863
vn 0.7572 0.6141 0.2225
vn 0.3189 0.8979 -0.3033
vn 0.3018 0.9125 -0.2761
vn 0.2250 0.8492 -0.4777
vn 0.9761 0.1673 -0.1387
vn 0.7584 0.2879 -0.5847
vn 0.7630 0.1894 -0.6180
vn 0.7333 0.4415 -0.5170
vn -0.9630 0.0018 0.2696
vn -0.9901 -0.0000 0.1406
vn -0.9900 -0.0000 0.1409
vn -0.9889 -0.0003 0.1486
vn -0.9900 -0.0000 0.1410
vn -0.9786 -0.0026 0.2057
vn -0.9901 -0.0000 0.1407
vn -0.9900 -0.0000 0.1407
vn -0.9901 -0.0000 0.1405
vn -0.9882 0.0041 0.1528
vn -0.9901 -0.0001 0.1405
vn -0.9902 -0.0004 0.1399
vn -0.0000 1.0000 -0.0000
vn 0.0130 0.9966 0.0818
vn 0.0126 0.9955 0.0943
vn 0.9901 -0.0000 -0.1404
vn 0.9897 -0.0000 -0.1433
vn 0.9901 -0.0000 -0.1406
vn 0.9900 -0.0000 -0.1411
vn 0.9913 -0.0001 -0.1316
vn 0.9990 0.0005 -0.0446
vn 0.9900 -0.0000 -0.1408
vn 0.9901 -0.0000 -0.1405
vn 0.9900 -0.0000 -0.1410
vn 0.9988 0.0030 -0.0489
vn 0.0130 -0.9956 0.0933
vn 0.0117 -0.9958 0.0912
vn -0.9723 0.0036 0.2337
vn -0.9756 0.0027 0.2196
vn 0.0016 0.9996 0.0271
vn 0.0005 1.0000 0.0089
vn -0.9900 -0.0000 0.1408
vn -0.9901 -0.0000 0.1404
vn -0.9712 0.0007 0.2382
vn -0.9712 0.0007 0.2383
vn 0.0007 -0.9999 0.0120
vn 0.0018 -0.9995 0.0308
vn -0.9898 -0.0000 0.1425
vn -0.9899 -0.0000 0.1416
vn -0.9882 -0.0001 0.1530
vn -0.9729 -0.0015 0.2313
vn -0.9754 -0.0017 0.2204
vn -0.9636 -0.1077 0.2445
vn -0.9867 -0.0823 0.1402
vn -0.9711 -0.0034 0.2388
vn -0.0699 -0.9912 0.1128
vn -0.0512 -0.9986 0.0090
vn -0.2299 -0.9697 0.0823
vn -0.2814 -0.9595 0.0118
vn -0.4164 -0.9003 0.1268
vn -0.4019 -0.9101 -0.1004
vn -0.4224 -0.8981 0.1223
vn -0.6175 -0.7244 0.3066
vn -0.3839 -0.8900 -0.2459
vn -0.6936 -0.6815 0.2336
vn -0.7303 -0.6599 0.1765
vn -0.6681 -0.7439 0.0198
vn -0.7646 -0.6388 -0.0855
vn -0.8536 -0.4771 0.2092
vn -0.9132 -0.4064 -0.0292
vn -0.9379 -0.3282 -0.1126
vn -0.9617 -0.2441 0.1248
vn -0.9615 -0.2371 0.1388
vn 0.0901 0.0426 0.9950
vn 0.0877 0.0410 0.9953
vn 0.1029 0.0404 0.9939
vn 0.0422 0.0086 0.9991
vn 0.0461 0.0213 0.9987
vn 0.0663 -0.0007 0.9978
vn 0.0730 -0.0201 0.9971
vn 0.0924 0.0542 0.9942
vn 0.0414 0.0064 0.9991
vn 0.0536 0.0069 0.9985
vn 0.0398 0.0071 0.9992
vn 0.0970 -0.0142 0.9952
vn 0.0973 0.0009 0.9953
vn 0.0940 0.0079 0.9955
vn 0.0876 0.0035 0.9962
vn 0.0880 0.0048 0.9961
vn 0.0996 0.0316 0.9945
vn 0.0887 -0.0209 0.9958
vn 0.0834 -0.0039 0.9965
vn 0.0729 0.0138 0.9972
vn 0.0761 0.0035 0.9971
vn 0.0826 0.0124 0.9965
vn 0.0858 0.0276 0.9959
vn 0.0980 0.0334 0.9946
vn 0.0979 0.0334 0.9946
vn 0.0976 0.0337 0.9947
vn 0.0960 -0.0330 0.9948
vn 0.0956 -0.0247 0.9951
vn 0.0987 -0.0155 0.9950
vn 0.0975 -0.0188 0.9951
vn 0.0944 -0.0070 0.9955
vn 0.0926 -0.0428 0.9948
vn 0.0896 -0.0376 0.9953
vn 0.0828 -0.0257 0.9962
vn 0.0891 -0.0456 0.9950
vn 0.0662 -0.0270 0.9974
vn 0.0670 -0.0384 0.9970
vn 0.0547 -0.0392 0.9977
vn 0.0343 -0.0347 0.9988
vn 0.0597 -0.0576 0.9966
vn 0.0339 -0.0333 0.9989
vn 0.0334 -0.0331 0.9989
vn 0.0336 -0.0351 0.9988
vn 0.0284 -0.0371 0.9989
vn 0.0328 -0.0320 0.9989
vn 0.0323 -0.0313 0.9990
vn 0.0315 -0.0301 0.9990
vn 0.0689 -0.0065 0.9976
vn 0.0593 -0.0198 0.9980
vn 0.0627 -0.0483 0.9969
vn 0.0359 -0.0335 0.9988
vn 0.0311 -0.0297 0.9991
vn 0.0067 -0.9966 0.0824
vn 0.0098 -0.9958 0.0908
vn 0.0097 0.9955 0.0943
vn 0.0093 0.9954 0.0951
vn -0.6965 -0.7063 0.1267
vn 0.0390 -0.9719 0.2321
vn 0.0057 -0.9994 0.0346
vn 0.0208 -0.9917 0.1266
vn 0.0409 -0.9745 0.2206
vn 0.0384 -0.9723 0.2305
vn 0.0710 -0.9112 0.4057
vn 0.0400 -0.9785 0.2023
vn 0.0400 -0.9785 0.2022
vn 0.0806 -0.9378 0.3377
vn 0.1212 -0.8480 0.5160
vn 0.1043 -0.8350 0.5403
vn 0.1271 -0.6865 0.7159
vn 0.1239 -0.7618 0.6358
vn 0.1606 -0.4044 0.9004
vn 0.1588 -0.5364 0.8289
vn 0.1701 -0.0834 0.9819
vn 0.1741 -0.1345 0.9755
vn 0.1803 -0.1106 0.9774
vn 0.1214 -0.0470 0.9915
vn 0.1069 -0.0714 0.9917
vn -0.0577 -0.2297 0.9716
vn 0.3881 -0.2388 0.8901
vn 0.2460 -0.0801 0.9660
vn 0.2502 -0.0736 0.9654
vn 0.2347 -0.0510 0.9707
vn 0.0440 -0.9300 0.3648
vn 0.0643 -0.8437 0.5329
vn 0.1067 -0.7571 0.6445
vn 0.1374 -0.5417 0.8293
vn -0.6350 0.0057 0.7725
vn -0.4749 -0.0047 0.8800
vn -0.7387 -0.0043 0.6740
vn -0.9497 -0.0042 0.3131
vn -0.9035 -0.0037 0.4285
vn -0.9533 -0.0049 0.3020
vn -0.9441 -0.0038 0.3296
vn -0.9738 -0.0021 0.2275
vn -0.6855 -0.0139 0.7280
vn -0.6853 -0.0139 0.7281
vn -0.7883 -0.0107 0.6153
vn -0.9090 -0.0052 0.4168
vn -0.1685 -0.0007 0.9857
vn -0.1964 -0.0521 0.9791
vn -0.2387 -0.0249 0.9708
vn -0.3900 -0.0221 0.9205
vn -0.6858 -0.0138 0.7276
vn 0.1913 -0.0951 0.9769
vn 0.1230 -0.1331 0.9834
vn 0.0310 -0.0317 0.9990
vn 0.0780 -0.0277 0.9966
vn 0.1169 -0.0204 0.9929
vn 0.0946 0.0091 0.9955
vn 0.0790 0.0076 0.9968
vn 0.0790 0.0077 0.9968
vn -0.3781 0.0076 0.9257
vn -0.9289 0.0026 0.3702
vn -0.8659 0.0060 0.5003
vn -0.7308 0.0106 0.6825
vn -0.7266 0.0046 0.6871
vn -0.9287 0.0039 0.3708
vn -0.9503 0.0003 0.3114
vn -0.9594 0.0020 0.2820
vn 0.1746 -0.6055 0.7764
vn 0.1950 -0.4696 0.8611
vn 0.1991 -0.4397 0.8758
vn 0.2522 -0.0779 0.9645
vn 0.2990 -0.1315 0.9451
vn 0.1970 -0.4410 0.8756
vn 0.1949 -0.4696 0.8611
vn 0.1830 -0.5658 0.8040
vn 0.1242 -0.8148 0.5663
vn 0.1167 -0.8427 0.5256
vn 0.1243 -0.8154 0.5655
vn 0.0963 -0.8940 0.4375
vn 0.1195 -0.8446 0.5220
vn 0.1183 -0.8448 0.5219
vn 0.0469 -0.9752 0.2162
vn 0.0881 -0.9157 0.3921
vn 0.0303 -0.9916 0.1261
vn 0.0395 -0.9846 0.1704
vn 0.3663 0.0054 0.9305
vn 0.3712 0.0294 0.9281
vn 0.4537 0.0580 0.8893
vn 0.2612 -0.0159 0.9652
vn 0.5755 -0.0403 0.8168
vn 0.3977 -0.0452 0.9164
vn 0.3003 -0.0021 0.9538
vn 0.9086 -0.0123 0.4175
vn 0.7282 -0.0067 0.6853
vn 0.6172 -0.0038 0.7868
vn 0.6460 0.0875 0.7583
vn 0.9074 -0.0036 0.4203
vn 0.8262 0.0950 0.5553
vn 0.9113 -0.0036 0.4118
vn 0.9634 -0.0032 0.2679
vn 0.9887 0.0920 0.1181
vn 0.9418 0.0768 0.3273
vn 0.9993 -0.0020 0.0367
vn 0.3176 0.1623 0.9342
vn 0.3091 0.1628 0.9370
vn 0.4378 0.3036 0.8463
vn 0.6200 0.5048 0.6007
vn 0.8327 0.3323 0.4430
vn 0.9385 0.3399 -0.0612
vn 0.4092 0.8613 0.3011
vn 0.4448 0.8198 0.3606
vn 0.4852 0.8269 0.2844
vn 0.7274 0.5981 0.3363
vn 0.4125 0.6479 0.6403
vn 0.8967 0.3564 0.2625
vn 0.3027 0.9176 -0.2577
vn 0.7467 0.6569 -0.1045
vn 0.2112 0.2089 0.9549
vn 0.2226 0.3053 0.9259
vn 0.2689 0.1389 0.9531
vn 0.3377 0.3733 0.8640
vn 0.3242 0.0758 0.9430
vn 0.2967 0.0925 0.9505
vn 0.1320 0.9692 0.2078
vn 0.1860 0.8712 0.4544
vn 0.1980 0.7202 0.6649
vn 0.2076 0.5326 0.8205
vn 0.0588 0.8559 0.5138
vn 0.0005 0.8885 0.4588
vn 0.0234 0.9843 0.1749
vn 0.0873 0.8463 0.5256
vn 0.1477 0.4911 0.8585
vn 0.1478 0.4903 0.8589
vn 0.0848 0.8468 0.5252
vn 0.1264 0.2188 0.9676
vn 0.1171 0.0700 0.9906
vn 0.0937 0.0870 0.9918
vn 0.1868 0.2063 0.9605
vn 0.1883 0.1959 0.9624
vn 0.1779 -0.0237 0.9838
vn 0.1684 -0.1074 0.9799
vn 0.1701 -0.1577 0.9727
vn 0.1364 0.2227 0.9653
vn 0.0881 0.3895 0.9168
vn 0.0270 0.1307 0.9911
vn -0.1436 0.0038 0.9896
vn -0.0530 -0.0342 0.9980
vn 0.0095 -0.0913 0.9958
vn -0.0253 -0.2467 0.9688
vn -0.7233 -0.0177 0.6903
vn -0.7295 -0.0089 0.6839
vn -0.6374 0.0018 0.7705
vn -0.8540 0.0027 0.5202
vn -0.9676 -0.0024 0.2523
vn -0.7360 -0.0092 0.6770
vn -0.8405 -0.0075 0.5417
vn -0.2448 -0.0138 0.9695
vn -0.2447 -0.0138 0.9695
vn -0.3185 0.0026 0.9479
vn -0.7245 -0.0222 0.6890
vn 0.0860 0.0161 0.9962
vn 0.0839 0.0159 0.9963
vn 0.0547 0.0140 0.9984
vn 0.0840 0.0161 0.9963
vn 0.1029 0.0020 0.9947
vn 0.1059 -0.0008 0.9944
vn 0.1055 -0.0023 0.9944
vn 0.1040 -0.0024 0.9946
vn 0.1019 -0.0023 0.9948
vn 0.0987 -0.0021 0.9951
vn 0.0966 -0.0017 0.9953
vn 0.1864 -0.0069 0.9825
vn 0.1937 -0.0110 0.9810
vn 0.3476 -0.0168 0.9375
vn -0.2406 -0.0169 0.9705
vn -0.2410 -0.0181 0.9704
vn 0.5763 -0.0178 0.8170
vn 0.0603 0.0198 0.9980
vn 0.6601 0.0253 0.7508
vn 0.0802 0.0219 0.9965
vn -0.3107 0.0283 0.9501
vn -0.7369 0.0143 0.6759
vn -0.7367 0.0143 0.6760
vn -0.4564 0.0252 0.8894
vn -0.9656 0.0068 0.2598
vn -0.9350 0.0139 0.3544
vn -0.8332 0.0172 0.5527
vn 0.0539 -0.9192 0.3900
vn 0.0864 -0.8465 0.5253
vn 0.0855 -0.9047 0.4174
vn 0.0242 -0.9844 0.1743
vn 0.0770 -0.8388 0.5390
vn 0.0747 -0.8438 0.5314
vn 0.0762 -0.8431 0.5323
vn 0.0789 -0.8335 0.5469
vn 0.0789 -0.8335 0.5468
vn 0.1076 -0.6074 0.7871
vn 0.1175 -0.5498 0.8270
vn 0.1175 -0.4721 0.8737
vn 0.1483 -0.4311 0.8900
vn 0.1289 -0.3940 0.9100
vn 0.1274 -0.3917 0.9112
vn 0.1343 -0.2293 0.9640
vn 0.1693 -0.0570 0.9839
vn 0.2384 -0.1289 0.9626
vn 0.1370 -0.2182 0.9662
vn 0.3243 -0.0302 0.9455
vn 0.7000 -0.0087 0.7140
vn 0.5764 -0.0048 0.8172
vn 0.6177 -0.0061 0.7864
vn 0.9998 -0.0007 -0.0200
vn 0.9824 -0.0001 0.1867
vn 0.9968 -0.0013 0.0794
vn 0.9143 -0.0031 0.4050
vn 0.9559 -0.0075 0.2936
vn 0.6828 -0.0055 0.7306
vn 0.9972 -0.0126 0.0736
vn 0.6803 0.0064 0.7329
vn 0.8584 -0.0002 0.5129
vn 0.8940 -0.0037 0.4481
vn 0.8960 -0.0159 0.4437
vn 0.8959 -0.0159 0.4440
vn 0.8988 -0.0037 0.4384
vn 0.3239 -0.0281 0.9457
vn 0.5285 -0.0463 0.8476
vn 0.5442 -0.0489 0.8375
vn 0.3228 -0.0286 0.9460
vn 0.1267 -0.0072 0.9919
vn 0.2550 0.0095 0.9669
vn 0.2547 0.0096 0.9670
vn 0.2544 0.0096 0.9670
vn -0.0006 0.1337 0.9910
vn 0.0731 0.0651 0.9952
vn -0.0800 0.0382 0.9961
vn -0.9494 0.0060 0.3140
vn -0.8516 0.0140 0.5241
vn -0.7635 0.0039 0.6458
vn -0.8935 0.0024 0.4490
vn -0.7609 0.0189 0.6486
vn -0.7529 0.0188 0.6578
vn -0.7528 0.0190 0.6580
vn -0.7606 0.0192 0.6490
vn -0.7526 0.0195 0.6582
vn -0.3190 0.0294 0.9473
vn -0.7395 0.0493 0.6714
vn -0.3192 0.0294 0.9472
vn -0.3130 0.0167 0.9496
vn -0.4902 0.0398 0.8707
vn -0.3271 0.0450 0.9439
vn 0.0473 0.0421 0.9980
vn 0.0508 0.2856 0.9570
vn -0.0723 0.0286 0.9970
vn -0.4642 -0.1505 0.8729
vn 0.0152 0.1764 0.9842
vn -0.0277 0.0837 0.9961
vn 0.0299 0.0751 0.9967
vn 0.0500 0.1708 0.9840
vn 0.0426 0.3756 0.9258
vn 0.0442 0.3753 0.9259
vn 0.0508 0.4027 0.9139
vn 0.0514 0.4033 0.9136
vn 0.0322 0.8148 0.5788
vn 0.0329 0.8142 0.5797
vn 0.0350 0.7808 0.6238
vn 0.0402 0.5172 0.8549
vn 0.0206 0.7699 0.6378
vn 0.0329 0.8141 0.5797
vn -0.0071 0.9804 0.1970
vn -0.4195 0.8465 0.3278
vn -0.1387 0.9325 0.3335
vn 0.3291 0.8696 0.3681
vn 0.3294 0.8697 0.3676
vn 0.0350 0.7806 0.6240
vn 0.0285 0.8651 0.5008
vn 0.0165 0.9605 0.2777
vn 0.0164 0.9605 0.2778
vn 0.0104 0.9841 0.1772
vn 0.0055 0.9944 0.1057
vn -0.1257 -0.0182 0.9919
vn -0.3275 0.0067 0.9448
vn -0.1342 -0.1838 0.9738
vn -0.0278 -0.0857 0.9959
vn 0.0049 -0.0162 0.9999
vn -0.7497 0.0040 0.6618
vn -0.4653 0.0061 0.8851
vn -0.4676 0.0059 0.8839
vn -0.3234 0.0067 0.9462
vn -0.3284 0.0064 0.9445
vn -0.9487 0.0013 0.3160
vn -0.8405 0.0030 0.5418
vn -0.8404 0.0030 0.5420
vn -0.9486 0.0013 0.3165
vn -0.9486 0.0013 0.3166
vn -0.9486 0.0013 0.3163
vn 0.0237 -0.8590 0.5114
vn 0.0351 -0.7716 0.6352
vn 0.0367 -0.7814 0.6229
vn 0.0447 -0.3584 0.9325
vn 0.0489 -0.1776 0.9829
vn 0.0345 -0.7798 0.6251
vn 0.0203 -0.7654 0.6432
vn 0.0401 -0.5018 0.8641
vn -0.1102 -0.1679 0.9796
vn -0.0989 -0.1680 0.9808
vn -0.0632 -0.1280 0.9898
vn 0.0574 -0.3199 0.9457
vn -0.0987 -0.1689 0.9807
vn -0.1030 -0.1645 0.9810
vn 0.0345 -0.7797 0.6252
vn 0.0238 -0.9159 0.4007
vn 0.0102 -0.9548 0.2971
vn 0.0048 -0.9555 0.2950
vn 0.0156 -0.9627 0.2701
vn 0.0152 -0.9626 0.2704
vn 0.0108 -0.9821 0.1881
vn 0.0091 -0.9870 0.1602
vn 0.0029 -0.9988 0.0490
vn -0.7744 -0.0632 0.6295
vn 0.0620 0.0042 0.9981
vn -0.2320 -0.0348 0.9721
vn -0.0900 -0.0158 0.9958
vn -0.3589 -0.0524 0.9319
vn -0.3243 -0.0232 0.9457
vn -0.2550 -0.0042 0.9669
vn -0.3273 -0.0166 0.9448
vn -0.3276 -0.0166 0.9447
vn -0.8890 -0.0125 0.4577
vn -0.7273 -0.0078 0.6863
vn -0.7582 -0.0194 0.6517
vn -0.7252 -0.0106 0.6884
vn -0.7250 -0.0106 0.6887
vn -0.9679 0.0011 0.2512
vn -0.9474 -0.0043 0.3202
vn -0.7072 -0.7057 0.0436
vn -0.9354 0.0027 0.3535
vn -0.9359 -0.0004 0.3521
vn -0.8766 -0.0048 0.4812
vn 0.0248 0.9197 0.3918
vn 0.0383 0.8104 0.5846
vn 0.0293 0.8463 0.5319
vn 0.0430 0.8057 0.5908
vn 0.0392 0.6237 0.7807
vn 0.7068 0.7060 -0.0444
vn -0.8096 -0.1916 0.5548
vn 0.3263 0.7788 0.5357
vn 0.0630 0.6187 0.7831
vn 0.0612 0.3746 0.9251
vn 0.0422 0.4300 0.9018
vn 0.0719 0.3593 0.9304
vn 0.0693 0.1203 0.9903
vn 0.2430 0.5210 0.8183
vn 0.0145 0.9667 0.2554
vn 0.0222 0.9681 0.2494
vn 0.0091 0.9864 0.1639
vn 0.0141 0.9803 0.1969
vn 0.0155 0.9892 0.1459
vn 0.0036 0.9986 0.0522
vn 0.0022 0.9955 0.0947
vn 0.0045 0.9930 0.1178
vn 0.0088 0.9918 0.1274
vn 0.0030 0.9960 0.0892
vn 0.0089 0.9750 0.2222
vn 0.0136 0.9452 0.3261
vn 0.0214 0.8361 0.5482
vn 0.0444 0.1716 0.9842
vn -0.0124 -0.0095 0.9999
vn -0.0258 0.0434 0.9987
vn 0.0476 0.1861 0.9814
vn 0.0469 0.1849 0.9816
vn -0.1417 0.1572 0.9774
vn 0.0413 0.3321 0.9423
vn 0.0360 0.4690 0.8825
vn 0.0257 0.7448 0.6668
vn -0.7355 0.0083 0.6775
vn -0.7354 0.0083 0.6776
vn -0.6702 -0.1106 0.7339
vn -0.2278 -0.1103 0.9674
vn -0.3284 -0.0402 0.9437
vn -0.2174 -0.0813 0.9727
vn -0.3339 -0.0394 0.9418
vn -0.1296 -0.0416 0.9907
vn -0.7343 0.0015 0.6788
vn -0.6538 -0.1120 0.7483
vn -0.7362 -0.0134 0.6766
vn -0.8177 -0.0794 0.5702
vn -0.9462 0.0150 0.3232
vn -0.9459 0.0126 0.3243
vn -0.9177 -0.0856 0.3879
vn -0.9458 0.0022 0.3247
vn -0.4470 -0.4954 0.7448
vn -0.7481 -0.3234 0.5794
vn -0.2061 -0.2846 0.9362
vn -0.8264 -0.3163 0.4659
vn -0.3324 -0.8470 0.4147
vn -0.2455 -0.6361 0.7315
vn -0.6251 -0.6305 0.4601
vn -0.7948 -0.3604 0.4883
vn 0.0262 -0.2027 0.9789
vn 0.0052 -0.2971 0.9548
vn -0.0279 -0.1309 0.9910
vn -0.1200 -0.3576 0.9261
vn -0.0624 -0.1462 0.9873
vn -0.0906 -0.0717 0.9933
vn -0.0798 -0.0855 0.9931
vn -0.0557 -0.0872 0.9946
vn -0.0018 -0.5312 0.8472
vn -0.0333 -0.7142 0.6991
vn -0.0740 -0.8696 0.4882
vn -0.0959 -0.9630 0.2518
vn 0.0182 -0.9854 0.1693
vn 0.0300 -0.9153 0.4016
vn 0.0374 -0.8382 0.5441
vn 0.0412 -0.8353 0.5482
vn 0.0436 -0.8358 0.5473
vn 0.0630 -0.4140 0.9081
vn 0.0630 -0.4146 0.9078
vn 0.0433 -0.1966 0.9795
vn 0.0520 -0.1789 0.9825
vn 0.0741 -0.0274 0.9969
vn 0.0808 -0.3930 0.9160
vn 0.0915 -0.2322 0.9684
vn 0.0926 -0.2308 0.9686
vn 0.2483 -0.2504 0.9357
vn 0.1926 -0.1051 0.9756
vn 1.0000 -0.0068 -0.0064
vn 0.9961 -0.0020 -0.0879
vn 0.9999 -0.0035 0.0145
vn 0.9966 0.0008 0.0826
vn 0.9966 0.0008 0.0827
vn 0.9661 0.0018 0.2581
vn 0.9983 -0.0036 0.0578
vn 0.9984 -0.0039 0.0564
vn 0.9984 -0.0039 0.0563
vn 0.9928 0.0065 0.1199
vn 0.9997 0.0044 0.0249
vn 0.9965 0.0019 -0.0837
vn 0.9994 0.0075 0.0351
vn 0.9985 0.0061 0.0539
vn 0.9385 0.0120 0.3451
vn 0.8078 0.0046 0.5895
vn 0.8749 0.0152 0.4841
vn 0.6571 0.0202 0.7535
vn 0.8748 0.0152 0.4843
vn 0.8748 0.0152 0.4842
vn 0.3807 0.0073 0.9247
vn 0.1422 0.0840 0.9863
vn 0.5423 0.0070 0.8402
vn 0.1937 0.1302 0.9724
vn 0.5293 0.0216 0.8482
vn 0.5292 0.0216 0.8482
vn 0.1504 0.0108 0.9886
vn 0.1505 0.0110 0.9885
vn 0.1669 0.0088 0.9859
vn 0.1549 0.0112 0.9879
vn -0.0963 0.0258 0.9950
vn 0.1437 0.0381 0.9889
vn 0.1196 0.0686 0.9904
vn 0.2933 -0.0340 0.9554
vn -0.0735 -0.0256 0.9970
vn -0.3015 -0.0177 0.9533
vn 0.1164 -0.0101 0.9932
vn 0.1176 -0.0101 0.9930
vn 0.1187 -0.0100 0.9929
vn 0.1195 -0.0100 0.9928
vn 0.1202 -0.0102 0.9927
vn 0.1244 -0.0034 0.9922
vn 0.1506 0.0109 0.9885
vn 0.4629 -0.0200 0.8862
vn 0.4624 -0.0181 0.8865
vn 0.8700 -0.0095 0.4929
vn 0.8701 -0.0095 0.4928
vn 0.4558 -0.0261 0.8897
vn 0.9937 -0.0129 0.1115
vn 0.9398 -0.0140 0.3415
vn 0.0978 0.2216 0.9702
vn 0.0182 0.9843 0.1753
vn 0.0398 0.8457 0.5321
vn 0.0152 0.9040 0.4273
vn 0.1109 0.4321 0.8950
vn 0.0674 0.4381 0.8964
vn 0.0780 0.6021 0.7946
vn 0.0398 0.9154 0.4006
vn 0.0526 0.8430 0.5354
vn 0.0526 0.8429 0.5354
vn 0.0781 0.6019 0.7948
vn 0.0864 0.4667 0.8802
vn 0.0935 0.2230 0.9703
vn 0.0842 -0.0952 0.9919
vn 0.1782 0.0441 0.9830
vn 0.1361 0.0671 0.9884
vn 0.0944 0.1036 0.9901
vn 0.0573 0.0474 0.9972
vn 0.0458 0.0714 0.9964
vn 0.0705 0.0921 0.9933
vn 0.0377 0.0423 0.9984
vn 0.1980 0.0355 0.9796
vn 0.1474 0.0306 0.9886
vn 0.1927 -0.0174 0.9811
vn 0.1963 -0.0596 0.9787
vn 0.1339 -0.0626 0.9890
vn 0.1521 -0.0668 0.9861
vn 0.1786 -0.0427 0.9830
vn 0.2128 -0.0397 0.9763
vn 0.1943 -0.0164 0.9808
vn 0.1947 -0.0575 0.9792
vn 0.2038 0.0221 0.9788
vn 0.1933 0.0202 0.9809
vn 0.1241 -0.0772 0.9893
vn 0.1479 -0.0642 0.9869
vn 0.1624 -0.0951 0.9821
vn 0.1672 -0.0031 0.9859
vn 0.1914 -0.0767 0.9785
vn 0.1859 -0.0258 0.9822
vn 0.2198 -0.0586 0.9738
vn 0.0772 -0.0432 0.9961
vn 0.1006 -0.0406 0.9941
vn 0.1385 -0.1029 0.9850
vn 0.1835 -0.0401 0.9822
vn 0.1410 -0.0739 0.9873
vn 0.1137 -0.0817 0.9902
vn 0.1109 -0.1037 0.9884
vn 0.0281 -0.2433 0.9695
vn 0.0127 -0.2857 0.9582
vn 0.0745 -0.0255 0.9969
vn 0.0204 -0.1068 0.9941
vn 0.0084 -0.1593 0.9872
vn 0.1429 -0.0452 0.9887
vn 0.1430 -0.0452 0.9887
vn 0.0639 0.0142 0.9979
vn 0.0806 0.0019 0.9967
vn 0.0796 -0.0435 0.9959
vn 0.0451 -0.0289 0.9986
vn 0.0741 0.0278 0.9969
vn -0.1256 -0.0363 0.9914
vn -0.1876 -0.0493 0.9810
vn 0.1162 -0.0691 0.9908
vn -0.0229 0.0382 0.9990
vn -0.0826 0.0246 0.9963
vn 0.0967 -0.0350 0.9947
vn 0.0968 -0.0351 0.9947
vn 0.1147 0.0670 0.9911
vn 0.1181 0.0805 0.9897
vn 0.0701 -0.0278 0.9972
vn 0.0604 0.0197 0.9980
vn 0.0658 0.0533 0.9964
vn 0.0377 0.0595 0.9975
vn 0.1330 0.0593 0.9893
vn 0.1097 0.0723 0.9913
vn 0.0891 -0.0001 0.9960
vn 0.1254 0.1062 0.9864
vn 0.1465 0.0789 0.9861
vn 0.1816 0.0262 0.9830
vn 0.2430 0.3071 0.9201
vn 0.0728 0.0403 0.9965
vn 0.1425 0.0816 0.9864
vn 0.1158 0.0746 0.9905
vn 0.1946 0.1972 0.9608
vn 0.1495 0.1022 0.9835
vn 0.1016 0.0210 0.9946
vn 0.1855 0.0851 0.9790
vn 0.1001 0.0204 0.9948
vn 0.2209 0.0843 0.9717
vn 0.2575 0.1886 0.9477
vn 0.2367 0.0517 0.9702
vn 0.1409 0.0665 0.9878
vn 0.1494 0.0564 0.9872
vn 0.1742 0.0470 0.9836
vn 0.1955 -0.0130 0.9806
vn 0.1842 -0.0267 0.9825
vn 0.2123 0.0294 0.9768
vn 0.0553 -0.0827 0.9950
vn -0.4756 0.8541 0.2106
vn -0.4338 0.8202 0.3730
vn -0.4168 0.8054 0.4214
vn -0.4715 0.8612 0.1900
vn -0.4668 0.8581 0.2140
vn -0.3729 0.7961 0.4766
vn -0.4093 0.7611 0.5031
vn -0.4447 0.8472 0.2908
vn -0.4456 0.8475 0.2883
vn -0.3511 0.8054 0.4776
vn -0.4173 0.7710 0.4811
vn -0.3630 0.8055 0.4683
vn -0.4830 0.8616 0.1560
vn -0.4126 0.7709 0.4853
vn -0.3310 0.7068 0.6252
vn -0.4298 0.7661 0.4780
vn -0.3743 0.7939 0.4791
vn -0.2980 0.6676 0.6823
vn -0.2012 0.4840 0.8516
vn -0.1677 0.4806 0.8608
vn -0.0579 0.2801 0.9582
vn -0.3013 0.6646 0.6838
vn -0.1571 0.5084 0.8467
vn -0.0325 0.2952 0.9549
vn 0.0215 0.2018 0.9792
vn 0.1049 0.0914 0.9903
vn 0.0547 0.0779 0.9955
vn -0.0632 0.1099 0.9919
vn -0.7614 0.3409 0.5513
vn -0.9102 0.1376 0.3907
vn -0.7645 0.1913 0.6156
vn -0.8409 0.0228 0.5408
vn -0.8446 0.0421 0.5337
vn -0.8384 0.0543 0.5423
vn -0.8241 0.4245 0.3751
vn -0.6935 0.4102 0.5922
vn -0.6693 0.5799 0.4645
vn -0.5080 0.6526 0.5622
vn -0.5627 0.7530 0.3411
vn -0.1564 0.1616 0.9744
vn -0.2158 0.3621 0.9068
vn 0.0257 -0.0250 0.9994
vn -0.2078 -0.0163 0.9780
vn -0.3629 0.1049 0.9259
vn -0.4626 -0.0253 0.8862
vn -0.6804 0.0024 0.7328
vn -0.3594 0.5910 0.7222
vn -0.5221 0.3564 0.7749
vn -0.7368 -0.0230 0.6757
vn -0.3859 -0.0319 0.9220
vn -0.6486 -0.0166 0.7609
vn -0.9339 0.0096 0.3575
vn -0.8385 -0.0544 0.5422
vn -0.8478 -0.0443 0.5285
vn -0.3860 -0.0319 0.9219
vn -0.9671 0.0049 0.2545
vn -0.9671 0.0049 0.2544
vn -0.9436 0.0069 0.3310
vn -0.8426 -0.0154 0.5383
vn -0.8409 -0.0230 0.5408
vn -0.7352 -0.0000 0.6779
vn -0.8409 -0.0230 0.5407
vn -0.6804 -0.0025 0.7328
vn -0.4626 0.0252 0.8862
vn -0.4428 0.0009 0.8966
vn -0.2094 0.0137 0.9777
vn 0.0378 0.0260 0.9989
vn -0.1023 0.0112 0.9947
vn -0.9282 -0.1632 0.3344
vn -0.4318 -0.7577 0.4892
vn -0.4116 -0.7732 0.4825
vn -0.4830 -0.7324 0.4799
vn -0.5141 -0.6269 0.5854
vn -0.7595 -0.5373 0.3667
vn -0.6445 -0.5449 0.5364
vn -0.5620 -0.7529 0.3424
vn -0.7812 -0.1834 0.5968
vn -0.8130 -0.3329 0.4778
vn -0.0642 -0.1006 0.9929
vn -0.1665 -0.1591 0.9731
vn -0.3631 -0.1050 0.9258
vn -0.5222 -0.3562 0.7749
vn -0.6671 -0.4563 0.5889
vn -0.3028 -0.6641 0.6835
vn -0.2158 -0.3623 0.9068
vn -0.1566 -0.5073 0.8474
vn -0.0261 -0.3113 0.9499
vn 0.1193 -0.1005 0.9878
vn 0.1355 -0.1052 0.9852
vn 0.0627 -0.0826 0.9946
vn -0.3966 -0.7627 0.5108
vn -0.3480 -0.7168 0.6042
vn -0.4054 -0.7727 0.4885
vn -0.3670 -0.7972 0.4793
vn -0.4064 -0.7770 0.4807
vn -0.4260 -0.8310 0.3576
vn -0.4266 -0.8313 0.3563
vn -0.4253 -0.8286 0.3640
vn 0.0441 -0.0467 0.9979
vn -0.0242 -0.2562 0.9663
vn 0.0617 -0.0769 0.9951
vn -0.0579 -0.2824 0.9575
vn -0.2062 -0.5359 0.8187
vn -0.2969 -0.6686 0.6817
vn -0.2003 -0.4831 0.8523
vn -0.2015 -0.4831 0.8521
vn 0.3927 -0.8357 0.3839
vn 0.4619 -0.8052 0.3720
vn 0.4707 -0.8054 0.3603
vn 0.4839 -0.7941 0.3678
vn 0.3165 -0.8210 0.4753
vn 0.3906 -0.8930 0.2234
vn -0.2127 -0.8257 0.5224
vn -0.2851 -0.8001 0.5278
vn -0.3106 -0.8992 0.3083
vn -0.0900 -0.9170 0.3887
vn 0.0899 -0.8670 0.4901
vn 0.0998 -0.9620 0.2541
vn 0.1772 -0.8875 0.4253
vn 0.4619 -0.6678 0.5837
vn 0.2592 -0.4683 0.8447
vn 0.0892 -0.7139 0.6945
vn -0.0361 -0.4683 0.8828
vn 0.1257 -0.2221 0.9669
vn 0.2005 -0.0781 0.9766
vn 0.1211 -0.3249 0.9380
vn 0.3000 -0.2805 0.9118
vn 0.4114 -0.4843 0.7722
vn 0.5037 -0.8482 0.1635
vn 0.4829 -0.7968 0.3632
vn 0.5238 -0.7626 0.3795
vn 0.5056 -0.8546 0.1184
vn 0.5103 -0.8051 0.3023
vn 0.5038 -0.8618 0.0589
vn 0.5145 -0.8191 0.2535
vn 0.5128 -0.8558 0.0687
vn 0.5058 -0.8626 -0.0101
vn 0.5145 -0.8192 0.2535
vn 0.5226 -0.7722 0.3614
vn 0.4794 -0.7074 0.5194
vn 0.5374 -0.7674 0.3498
vn 0.3817 -0.4814 0.7891
vn 0.1529 -0.0937 0.9838
vn 0.2305 -0.2073 0.9507
vn 0.2763 -0.2973 0.9139
vn 0.3688 -0.5104 0.7768
vn 0.4662 -0.6663 0.5821
vn 0.3096 -0.1170 0.9437
vn 0.8770 -0.4653 0.1201
vn 0.8933 -0.4238 0.1498
vn 0.8222 -0.4111 0.3936
vn 0.8797 -0.3396 0.3328
vn 0.9797 -0.1431 0.1402
vn 0.8958 -0.1935 0.4001
vn 0.9575 -0.0242 0.2875
vn 0.9527 -0.0194 0.3032
vn 0.6351 -0.6544 0.4104
vn 0.6320 -0.7529 0.1834
vn 0.7671 -0.5792 0.2757
vn 0.5254 -0.5766 0.6257
vn 0.4415 -0.3641 0.8201
vn 0.4042 -0.1731 0.8982
vn 0.7039 -0.3580 0.6135
vn 0.8466 -0.0036 0.5322
vn 0.5891 -0.1059 0.8011
vn 0.6744 0.0249 0.7379
vn 0.4640 0.0273 0.8854
vn 0.2173 0.0588 0.9743
vn 0.2215 0.0422 0.9742
vn 0.9529 -0.0151 0.3028
vn 0.9499 0.0164 0.3121
vn 0.9473 -0.0166 0.3198
vn 0.8967 -0.0075 0.4425
vn 0.9839 0.0092 0.1787
vn 0.9409 -0.0162 0.3384
vn 0.9853 0.0111 0.1702
vn 0.9983 0.0135 0.0570
vn 0.2147 -0.0151 0.9766
vn 0.2116 -0.0490 0.9761
vn 0.4178 0.0001 0.9085
vn 0.2287 -0.0184 0.9733
vn 0.4547 -0.0144 0.8905
vn 0.7160 0.0001 0.6981
vn 0.8466 0.0038 0.5322
vn 0.6743 -0.0248 0.7380
vn 0.6748 -0.0258 0.7375
vn 0.8994 0.1909 0.3932
vn 0.7607 0.5452 0.3522
vn 0.6306 0.7540 0.1842
vn 0.6469 0.6284 0.4319
vn 0.5262 0.7780 0.3434
vn 0.5205 0.7745 0.3594
vn 0.8283 0.5379 0.1569
vn 0.7962 0.4577 0.3956
vn 0.9056 0.3365 0.2581
vn 0.9750 0.1921 0.1118
vn 0.9521 0.0493 0.3017
vn 0.9529 -0.0149 0.3028
vn 0.3176 0.1076 0.9421
vn 0.4675 0.6658 0.5815
vn 0.3695 0.5092 0.7773
vn 0.4414 0.3641 0.8201
vn 0.2725 0.2974 0.9150
vn 0.4073 0.1620 0.8988
vn 0.1611 0.0996 0.9819
vn 0.1379 0.1028 0.9851
vn 0.1220 0.1076 0.9867
vn 0.5893 0.1060 0.8009
vn 0.7040 0.3578 0.6135
vn 0.5038 0.8293 0.2418
vn 0.5137 0.7617 0.3950
vn 0.4905 0.7165 0.4960
vn 0.5158 0.7672 0.3813
vn 0.4768 0.7975 0.3696
vn 0.5166 0.7765 0.3609
vn 0.5170 0.7762 0.3608
vn 0.4783 0.7995 0.3633
vn 0.5026 0.8318 0.2355
vn 0.5031 0.8315 0.2355
vn 0.1805 0.0610 0.9817
vn 0.2114 0.0469 0.9763
vn 0.2698 0.2570 0.9280
vn 0.1936 0.0772 0.9780
vn 0.2999 0.2827 0.9111
vn 0.4081 0.5369 0.7384
vn 0.4608 0.6688 0.5834
vn 0.4108 0.4833 0.7731
vn 0.4119 0.4833 0.7725
vn -0.1862 0.8212 0.5394
vn -0.3207 0.8941 0.3126
vn 0.3383 0.8259 0.4512
vn 0.4140 0.8008 0.4328
vn 0.3801 0.8990 0.2174
vn 0.1870 0.9171 0.3522
vn 0.0366 0.8676 0.4959
vn -0.0313 0.9623 0.2703
vn -0.0594 0.8860 0.4600
vn -0.0362 0.4683 0.8828
vn 0.0893 0.7139 0.6945
vn 0.2591 0.4682 0.8448
vn 0.1241 0.2220 0.9671
vn 0.1212 0.3249 0.9380
vn 0.0500 -0.0870 0.9950
vn 0.0013 -0.1673 0.9859
vn -0.0655 -0.1713 0.9830
vn 0.2658 -0.1429 0.9534
vn 0.3459 -0.1581 0.9249
vn 0.3166 -0.1528 0.9362
vn 0.3177 0.0418 0.9473
vn 0.4378 0.0347 0.8984
vn 0.3545 0.0857 0.9311
vn 0.3100 -0.0457 0.9496
vn 0.3336 -0.0933 0.9381
vn 0.3583 -0.0445 0.9326
vn 0.2576 -0.1439 0.9555
vn 0.2724 -0.1818 0.9449
vn 0.1917 -0.1898 0.9629
vn 0.1675 -0.1950 0.9664
vn 0.1614 -0.2418 0.9568
vn 0.1520 -0.2101 0.9658
vn 0.1417 -0.2200 0.9652
vn 0.1302 -0.2430 0.9613
vn 0.0917 -0.2218 0.9708
vn 0.1260 -0.2474 0.9607
vn 0.1226 -0.2409 0.9628
vn 0.1112 -0.2197 0.9692
vn 0.1083 -0.2173 0.9701
vn 0.0833 -0.1996 0.9763
vn 0.2331 -0.1704 0.9574
vn 0.2193 -0.1787 0.9592
vn 0.2636 -0.2934 0.9189
vn 0.2118 -0.1737 0.9618
vn 0.3195 -0.0672 0.9452
vn 0.3184 -0.0957 0.9431
vn 0.3279 -0.1130 0.9379
vn 0.3310 -0.1187 0.9361
vn 0.3386 -0.1333 0.9314
vn 0.3122 -0.1278 0.9414
vn 0.3086 -0.1278 0.9426
vn 0.2970 -0.1281 0.9462
vn 0.2740 -0.1454 0.9507
vn 0.2625 -0.1572 0.9520
vn 0.3252 -0.0019 0.9457
vn 0.3131 -0.0237 0.9494
vn 0.2819 -0.0368 0.9587
vn 0.2929 0.1344 0.9466
vn 0.3030 0.1191 0.9455
vn 0.3243 0.1444 0.9349
vn 0.3027 0.1193 0.9456
vn 0.3142 0.1162 0.9422
vn 0.3198 0.1147 0.9405
vn 0.3459 0.1142 0.9313
vn 0.3339 0.0995 0.9373
vn 0.3301 0.0941 0.9393
vn 0.3199 0.0611 0.9455
vn 0.3195 0.0415 0.9467
vn 0.2722 0.1468 0.9510
vn 0.2702 0.1826 0.9453
vn 0.2503 0.1513 0.9563
vn 0.1782 0.2303 0.9567
vn 0.1804 0.1614 0.9703
vn 0.3157 0.3287 0.8901
vn 0.2076 0.1727 0.9628
vn 0.2271 0.2091 0.9511
vn 0.1174 0.2178 0.9689
vn 0.1087 0.2428 0.9640
vn 0.1104 0.2163 0.9701
vn 0.1243 0.2192 0.9677
vn 0.1408 0.2360 0.9615
vn 0.1457 0.2417 0.9593
vn 0.1472 0.2375 0.9602
vn 0.1589 0.2062 0.9655
vn 0.1772 0.1576 0.9715
vn 0.0181 0.1664 0.9859
vn 0.0345 0.1822 0.9827
vn 0.0396 0.1847 0.9820
vn 0.0346 0.1834 0.9824
vn 0.0362 0.1870 0.9817
vn 0.0526 0.1899 0.9804
vn 0.0618 0.2109 0.9755
vn 0.0856 0.1984 0.9764
vn 0.0711 0.2313 0.9703
vn -0.0790 0.1287 0.9885
vn -0.0587 0.1165 0.9914
vn -0.0580 0.1354 0.9891
vn -0.0528 0.1633 0.9852
vn -0.0742 0.1464 0.9864
vn -0.0535 0.1411 0.9886
vn 0.0174 0.1650 0.9861
vn -0.0017 0.1476 0.9890
vn -0.0019 0.1443 0.9895
vn -0.0288 0.1400 0.9897
vn -0.1460 0.0599 0.9875
vn -0.0663 0.0678 0.9955
vn -0.0810 0.0870 0.9929
vn -0.0799 0.0962 0.9922
vn -0.0744 0.1000 0.9922
vn -0.0622 0.1081 0.9922
vn -0.0731 0.0467 0.9962
vn -0.0812 0.0443 0.9957
vn -0.0756 -0.0009 0.9971
vn -0.0657 0.0261 0.9975
vn -0.0719 -0.0315 0.9969
vn -0.0666 -0.0151 0.9977
vn -0.0614 -0.0276 0.9977
vn -0.0507 -0.0157 0.9986
vn -0.0397 -0.0307 0.9987
vn -0.2167 -0.0506 0.9749
vn -0.0670 -0.0688 0.9954
vn -0.0990 -0.1026 0.9898
vn -0.0706 -0.0878 0.9936
vn -0.0275 -0.1318 0.9909
vn -0.0489 -0.1307 0.9902
vn -0.0594 -0.1302 0.9897
vn -0.0713 -0.1290 0.9891
vn -0.0679 -0.1138 0.9912
vn -0.0674 -0.1073 0.9919
vn -0.0665 -0.0964 0.9931
vn -0.0688 -0.0912 0.9935
vn 0.0599 -0.1834 0.9812
vn 0.0653 -0.1636 0.9844
vn 0.0658 -0.1520 0.9862
vn 0.3562 -0.1267 0.9258
vn 0.3821 -0.1508 0.9117
vn 0.3464 -0.1290 0.9292
vn 0.3613 -0.1202 0.9247
vn 0.3413 -0.1297 0.9310
vn 0.3394 -0.1326 0.9312
vn 0.3283 -0.1392 0.9343
vn 0.2995 -0.2033 0.9322
vn 0.2096 -0.1423 0.9674
vn 0.3283 -0.4073 0.8523
vn 0.1788 -0.2041 0.9625
vn 0.1205 -0.2552 0.9593
vn 0.1587 -0.2306 0.9600
vn 0.1233 -0.2968 0.9469
vn 0.1252 -0.2553 0.9587
vn 0.1290 -0.2545 0.9584
vn 0.1466 -0.2387 0.9600
vn 0.1158 -0.2611 0.9583
vn 0.1268 -0.2609 0.9570
vn 0.1743 -0.2863 0.9422
vn 0.0554 -0.1908 0.9801
vn 0.0313 -0.1697 0.9850
vn 0.0192 -0.1789 0.9837
vn -0.0100 -0.1686 0.9856
vn -0.0163 -0.1626 0.9866
vn 0.0630 -0.1469 0.9871
vn 0.0720 -0.1614 0.9843
vn -0.2212 -0.7370 0.6387
vn -0.3002 -0.7242 0.6208
vn -0.1669 -0.7428 0.6484
vn -0.0916 -0.7471 0.6584
vn 0.0607 -0.2318 0.9709
vn 0.0937 -0.2448 0.9650
vn -0.1403 -0.0948 0.9856
vn -0.0924 -0.1346 0.9866
vn -0.1282 -0.1460 0.9809
vn -0.0989 -0.1303 0.9865
vn -0.0984 -0.1340 0.9861
vn -0.0863 -0.1396 0.9864
vn -0.1049 -0.1262 0.9864
vn -0.0969 -0.1365 0.9859
vn -0.1087 -0.2147 0.9706
vn -0.3022 -0.0877 0.9492
vn 0.0505 -0.0238 0.9984
vn -0.1080 0.1225 0.9866
vn -0.1068 0.1246 0.9864
vn -0.1069 0.1246 0.9864
vn -0.1043 0.1295 0.9861
vn -0.1022 0.1334 0.9858
vn -0.1005 0.1375 0.9854
vn -0.1012 0.1343 0.9858
vn -0.0935 0.0972 0.9909
vn -0.2328 0.0587 0.9708
vn -0.0254 0.1633 0.9863
vn -0.0988 0.1815 0.9784
vn -0.1001 0.1348 0.9858
vn 0.1223 0.2632 0.9570
vn 0.0828 0.2684 0.9597
vn 0.0914 0.2437 0.9655
vn 0.0659 0.2279 0.9714
vn 0.1193 0.2682 0.9560
vn 0.1233 0.2968 0.9469
vn 0.1255 0.2643 0.9562
vn 0.1534 0.2072 0.9662
vn 0.1187 0.2650 0.9569
vn 0.1117 0.2676 0.9570
vn 0.1318 0.2625 0.9559
vn 0.1766 0.2639 0.9482
vn 0.1801 0.1470 0.9726
vn 0.4114 0.4801 0.7747
vn 0.2731 0.2313 0.9338
vn 0.3789 0.1118 0.9186
vn 0.3480 0.1250 0.9291
vn 0.3471 0.1469 0.9263
vn 0.3508 0.1395 0.9260
vn 0.3494 0.1237 0.9288
vn 0.3490 0.1310 0.9279
vn 0.3811 0.1507 0.9122
vn 0.3487 0.1257 0.9288
vn 0.3346 0.1772 0.9256
vn 0.2872 0.1131 0.9512
vn 0.3026 -0.0110 0.9530
vn 0.5213 0.0512 0.8519
vn 0.2970 0.0313 0.9544
vn 0.3490 -0.1252 0.9287
vn 0.3521 -0.0967 0.9309
vn 0.4338 -0.0585 0.8991
vn 0.4383 -0.8973 -0.0520
vn 0.4353 -0.8998 0.0288
vn 0.4954 -0.8658 -0.0704
vn 0.4971 -0.8674 0.0233
vn 0.5016 -0.8651 -0.0014
vn 0.4953 -0.8659 -0.0704
vn 0.5040 -0.8631 0.0333
vn 0.5050 -0.8631 -0.0033
vn 0.5137 -0.8568 0.0451
vn 0.6028 -0.7979 0.0003
vn 0.5097 -0.8573 -0.0724
vn 0.5096 -0.8604 -0.0004
vn 0.4953 -0.8658 -0.0704
vn 0.9956 -0.0785 -0.0508
vn 0.9893 -0.0664 -0.1299
vn 0.9634 -0.2611 -0.0612
vn 0.9291 -0.3397 -0.1465
vn 0.6044 -0.7897 -0.1054
vn 0.6848 -0.7287 -0.0105
vn 0.6739 -0.7287 -0.1218
vn 0.6891 -0.7246 -0.0018
vn 0.7772 -0.6184 -0.1164
vn 0.8152 -0.5787 -0.0235
vn 0.8769 -0.4539 -0.1579
vn 0.9117 -0.4052 -0.0681
vn 0.9094 -0.4091 -0.0751
vn 0.9987 -0.0098 -0.0493
vn 0.9975 -0.0022 -0.0703
vn 0.9992 -0.0028 -0.0394
vn 0.9912 0.1201 -0.0563
vn 0.9899 0.0171 -0.1407
vn 0.9975 0.0071 -0.0697
vn 0.9997 0.0072 -0.0248
vn 0.9974 0.0023 -0.0723
vn 0.5690 0.8223 0.0094
vn 0.5531 0.8304 -0.0671
vn 0.7035 0.7102 -0.0246
vn 0.7557 0.6431 -0.1239
vn 0.9775 0.1370 -0.1602
vn 0.9723 0.2279 -0.0524
vn 0.9592 0.2288 -0.1660
vn 0.9714 0.2336 -0.0427
vn 0.9191 0.3691 -0.1379
vn 0.9066 0.4204 -0.0374
vn 0.8243 0.5456 -0.1512
vn 0.8030 0.5936 -0.0528
vn 0.8042 0.5915 -0.0582
vn 0.4974 0.8675 0.0043
vn 0.3984 0.9168 0.0271
vn 0.4801 0.8745 -0.0682
vn 0.4953 0.8658 -0.0704
vn 0.5136 0.8578 0.0190
vn 0.4954 0.8658 -0.0704
vn 0.5054 0.8629 -0.0003
vn 0.5085 0.8606 0.0293
vn 0.5013 0.8653 -0.0017
vn 0.5009 0.8632 0.0635
vn -0.4136 0.8982 0.1491
vn -0.4350 0.8975 0.0726
vn -0.2470 0.9627 0.1107
vn -0.1772 0.9841 0.0110
vn 0.3690 0.9265 -0.0734
vn 0.2970 0.9539 0.0437
vn 0.2795 0.9578 -0.0670
vn 0.2922 0.9548 0.0549
vn 0.1394 0.9899 -0.0264
vn 0.1016 0.9918 0.0775
vn -0.0577 0.9981 -0.0235
vn -0.0990 0.9921 0.0765
vn -0.0965 0.9929 0.0701
vn -0.4954 0.8658 0.0704
vn -0.4729 0.8665 0.1597
vn -0.4832 0.8644 0.1390
vn -0.4771 0.8622 0.1703
vn -0.4953 0.8658 0.0704
vn -0.5816 0.7960 0.1676
vn -0.5104 0.8569 0.0725
vn -0.4904 0.8593 0.1455
vn -0.4809 0.8528 0.2034
vn -0.4871 0.8624 0.1379
vn -0.9705 0.0781 0.2281
vn -0.9864 0.0666 0.1505
vn -0.9424 0.2606 0.2094
vn -0.9335 0.3381 0.1197
vn -0.8943 0.4084 0.1827
vn -0.8946 0.4047 0.1896
vn -0.8862 0.4535 0.0953
vn -0.7914 0.5761 0.2046
vn -0.7802 0.6167 0.1048
vn -0.6648 0.7222 0.1910
vn -0.6834 0.7266 0.0714
vn -0.6622 0.7272 0.1808
vn -0.6801 0.7311 0.0550
vn -0.6172 0.7846 0.0583
vn -0.9727 0.0095 0.2318
vn -0.9781 0.0019 0.2080
vn -0.9702 0.0027 0.2423
vn -0.9784 -0.0022 0.2069
vn -0.9668 -0.0075 0.2556
vn -0.9773 -0.0070 0.2115
vn -0.9678 -0.1176 0.2227
vn -0.9899 -0.0175 0.1407
vn -0.5478 -0.8195 0.1682
vn -0.5502 -0.8303 0.0883
vn -0.6935 -0.6992 0.1740
vn -0.7567 -0.6468 0.0953
vn -0.9832 -0.1369 0.1208
vn -0.9492 -0.2235 0.2217
vn -0.9666 -0.2299 0.1132
vn -0.9458 -0.2283 0.2311
vn -0.9191 -0.3737 0.1251
vn -0.8854 -0.4103 0.2183
vn -0.8343 -0.5442 0.0879
vn -0.7924 -0.5844 0.1747
vn -0.7965 -0.5810 0.1672
vn -0.4803 -0.8595 0.1746
vn -0.4835 -0.8646 0.1364
vn -0.4953 -0.8658 0.0704
vn -0.4785 -0.8668 0.1403
vn -0.3783 -0.9151 0.1398
vn -0.4806 -0.8743 0.0683
vn -0.4891 -0.8567 0.1639
vn -0.4871 -0.8618 0.1417
vn -0.4954 -0.8658 0.0704
vn -0.4699 -0.8631 0.1852
vn -0.4953 -0.8659 0.0704
vn 0.2574 -0.9655 0.0389
vn 0.1748 -0.9839 -0.0375
vn -0.3761 -0.9259 0.0346
vn -0.2783 -0.9521 0.1266
vn -0.2887 -0.9573 0.0170
vn -0.2723 -0.9526 0.1354
vn -0.1395 -0.9901 0.0145
vn -0.0865 -0.9907 0.1050
vn 0.0467 -0.9982 -0.0384
vn 0.1086 -0.9930 0.0462
vn 0.1028 -0.9940 0.0386
vn 0.4039 -0.2773 0.8718
vn 0.4258 -0.2764 0.8616
vn 0.4844 -0.3382 0.8068
vn 0.5083 -0.8174 0.2711
vn 0.4330 -0.7115 0.5534
vn 0.3808 -0.6039 0.7002
vn 0.4100 -0.5204 0.7491
vn 0.2099 -0.4923 0.8448
vn 0.1780 -0.4113 0.8939
vn 0.2228 -0.4230 0.8783
vn 0.1751 -0.3208 0.9308
vn 0.2752 -0.4132 0.8681
vn 0.2710 -0.6441 0.7153
vn 0.3405 -0.7843 0.5186
vn 0.4544 -0.4675 0.7583
vn 0.3259 -0.2867 0.9009
vn 0.3243 -0.3330 0.8854
vn 0.5307 -0.8010 0.2769
vn 0.6105 -0.7837 0.1146
vn 0.4716 -0.6861 0.5539
vn 0.5106 -0.6670 0.5426
vn 0.4205 -0.8286 0.3696
vn 0.4882 -0.8334 0.2592
vn 0.4126 -0.9003 0.1389
vn 0.3294 -0.2802 0.9017
vn 0.4071 -0.3088 0.8596
vn 0.3721 -0.2569 0.8920
vn 0.3845 -0.6036 0.6985
vn 0.2454 -0.2638 0.9329
vn 0.3335 -0.3434 0.8780
vn 0.5583 -0.4872 0.6715
vn 0.6018 -0.6273 0.4944
vn 0.5843 -0.7332 0.3480
vn 0.7792 -0.4006 0.4821
vn 0.6054 -0.2932 0.7400
vn 0.7488 -0.6492 0.1335
vn 0.9436 -0.2900 0.1600
vn 0.8533 -0.4877 0.1847
vn 0.4678 -0.2281 0.8539
vn 0.4696 -0.2013 0.8597
vn 0.8822 -0.1592 0.4431
vn 0.7400 -0.1711 0.6504
vn 0.5880 -0.1615 0.7926
vn 0.5057 -0.1527 0.8491
vn 0.4585 -0.2363 0.8567
vn 0.9505 -0.0953 0.2956
vn 0.9920 -0.1126 0.0574
vn 0.9792 -0.0027 0.2026
vn 0.8686 -0.0464 0.4933
vn 0.7101 0.0077 0.7041
vn 0.7404 -0.0539 0.6700
vn 0.5159 -0.1241 0.8476
vn 0.3706 -0.1127 0.9219
vn 0.5411 -0.0572 0.8390
vn 0.4480 0.0454 0.8929
vn 0.6899 0.0718 0.7203
vn 0.4678 0.0343 0.8831
vn 0.5106 0.0124 0.8597
vn 0.9767 0.0240 0.2135
vn 0.9909 0.1198 0.0608
vn 0.8662 -0.0000 0.4997
vn 0.8687 0.0446 0.4934
vn 0.9817 -0.0268 0.1885
vn 0.5334 0.0995 0.8400
vn 0.4730 0.0915 0.8763
vn 0.4717 0.1089 0.8750
vn 0.5349 -0.0659 0.8424
vn 0.4096 -0.0410 0.9113
vn 0.3104 -0.0460 0.9495
vn 0.5893 0.1570 0.7925
vn 0.7466 0.1610 0.6455
vn 0.8775 0.1480 0.4562
vn 0.9502 0.0967 0.2964
vn 0.5070 0.1358 0.8512
vn 0.7708 0.4150 0.4834
vn 0.6069 0.2908 0.7396
vn 0.9470 0.3029 0.1069
vn 0.7393 0.6462 0.1894
vn 0.8645 0.4681 0.1832
vn 0.4884 0.1924 0.8511
vn 0.4664 0.2067 0.8601
vn 0.6129 0.6272 0.4806
vn 0.5638 0.4762 0.6748
vn 0.4876 0.3349 0.8063
vn 0.4424 0.2624 0.8576
vn 0.4912 0.1802 0.8522
vn 0.5832 0.7343 0.3474
vn 0.6052 0.7881 0.1125
vn 0.5130 0.8158 0.2671
vn 0.5121 0.6660 0.5424
vn 0.4653 0.5339 0.7060
vn 0.4006 0.5370 0.7424
vn 0.4263 0.3080 0.8505
vn 0.4418 0.3267 0.8355
vn 0.3648 0.1969 0.9100
vn 0.2424 0.3025 0.9218
vn 0.3351 0.5453 0.7684
vn 0.2705 0.3188 0.9084
vn 0.3022 0.3589 0.8831
vn 0.4874 0.8205 0.2987
vn 0.4057 0.9028 0.1429
vn 0.4715 0.6862 0.5539
vn 0.4346 0.7107 0.5533
vn 0.5339 0.8075 0.2508
vn 0.2424 0.4028 0.8826
vn 0.2239 0.3742 0.8999
vn 0.2045 0.3442 0.9164
vn 0.3855 0.3326 0.8607
vn 0.3241 0.2712 0.9063
vn 0.2451 0.1205 0.9620
vn 0.2154 0.4912 0.8440
vn 0.2828 0.6452 0.7097
vn 0.3485 0.7731 0.5300
vn 0.4191 0.8289 0.3705
vn 0.1947 0.4032 0.8941
vn 0.0672 0.8105 0.5818
vn 0.1067 0.5784 0.8087
vn 0.2293 0.9512 0.2066
vn -0.1664 0.9340 0.3161
vn 0.0506 0.9533 0.2978
vn 0.1377 0.4147 0.8995
vn 0.1149 0.4015 0.9086
vn -0.1947 0.7811 0.5932
vn -0.0777 0.6410 0.7636
vn 0.0131 0.4902 0.8715
vn 0.0559 0.4094 0.9107
vn 0.1495 0.4109 0.8994
vn -0.3101 0.8249 0.4726
vn -0.3607 0.8988 0.2491
vn -0.1619 0.2767 0.9472
vn -0.1813 0.2740 0.9445
vn -0.2528 0.3325 0.9086
vn -0.4199 0.8150 0.3993
vn 0.0781 0.3006 0.9505
vn -0.0309 0.3977 0.9170
vn -0.1751 0.5844 0.7923
vn -0.2749 0.7076 0.6510
vn -0.2092 0.5287 0.8226
vn 0.0219 0.4045 0.9143
vn 0.0037 0.4387 0.8986
vn -0.2469 0.4731 0.8457
vn -0.0907 0.2666 0.9595
vn -0.0857 0.3361 0.9379
vn -0.4348 0.7918 0.4289
vn -0.5572 0.7821 0.2789
vn -0.3114 0.6820 0.6617
vn -0.3504 0.6629 0.6617
vn -0.4037 0.8308 0.3832
vn -0.1745 0.3159 0.9326
vn -0.1714 0.3143 0.9337
vn -0.1291 0.2416 0.9618
vn -0.0382 0.3860 0.9217
vn 0.0125 0.2504 0.9681
vn -0.0956 0.3387 0.9360
vn -0.3597 0.4821 0.7989
vn -0.4482 0.6229 0.6412
vn -0.4711 0.7297 0.4955
vn -0.6195 0.3955 0.6781
vn -0.3849 0.2874 0.8771
vn -0.6844 0.6478 0.3346
vn -0.8636 0.2874 0.4142
vn -0.7703 0.4854 0.4136
vn -0.2224 0.2216 0.9494
vn -0.2220 0.1945 0.9554
vn -0.7278 0.1558 0.6679
vn -0.5363 0.1667 0.8274
vn -0.3533 0.1570 0.9222
vn -0.2590 0.1487 0.9544
vn -0.2133 0.2297 0.9496
vn -0.8327 0.0929 0.5458
vn -0.9373 0.1112 0.3302
vn -0.2268 -0.1123 0.9675
vn -0.2651 -0.1244 0.9562
vn -0.3549 -0.1519 0.9225
vn -0.8845 0.0026 0.4665
vn -0.7025 0.0446 0.7102
vn -0.5046 -0.0068 0.8634
vn -0.5372 0.0530 0.8418
vn -0.2830 0.1152 0.9522
vn -0.1537 0.1068 0.9823
vn -0.3398 0.0713 0.9378
vn -0.4796 -0.0689 0.8748
vn -0.2129 -0.0335 0.9765
vn -0.2774 -0.0096 0.9607
vn -0.8794 -0.0236 0.4755
vn -0.9356 -0.1178 0.3327
vn -0.6989 -0.0001 0.7152
vn -0.7026 -0.0429 0.7103
vn -0.8912 0.0260 0.4530
vn -0.1827 -0.0431 0.9822
vn -0.3009 -0.0953 0.9489
vn -0.2103 -0.0868 0.9738
vn -0.2931 0.0631 0.9540
vn -0.1533 0.0183 0.9880
vn -0.3263 -0.0077 0.9452
vn -0.5438 -0.1569 0.8244
vn -0.7198 -0.1448 0.6789
vn -0.8322 -0.0943 0.5465
vn -0.6114 -0.4099 0.6768
vn -0.3861 -0.2848 0.8774
vn -0.8822 -0.3014 0.3618
vn -0.6600 -0.6449 0.3853
vn -0.7819 -0.4650 0.4152
vn -0.2422 -0.1865 0.9521
vn -0.2188 -0.2004 0.9550
vn -0.4625 -0.6230 0.6308
vn -0.3642 -0.4709 0.8035
vn -0.2567 -0.3279 0.9091
vn -0.2005 -0.2543 0.9461
vn -0.2441 -0.1745 0.9539
vn -0.4702 -0.7309 0.4947
vn -0.5520 -0.7871 0.2753
vn -0.4480 -0.8038 0.3914
vn -0.0867 -0.1836 0.9792
vn -0.1648 -0.3418 0.9252
vn -0.2791 -0.5494 0.7876
vn -0.3519 -0.6620 0.6618
vn -0.1910 -0.5284 0.8272
vn -0.1930 -0.2832 0.9394
vn -0.1734 -0.2543 0.9514
vn 0.0042 -0.3009 0.9537
vn -0.1235 -0.5383 0.8336
vn -0.0364 -0.3082 0.9506
vn -0.3543 -0.9009 0.2507
vn -0.3979 -0.8218 0.4078
vn -0.3113 -0.6820 0.6617
vn -0.2764 -0.7067 0.6512
vn -0.4228 -0.8120 0.4024
vn 0.0018 -0.3992 0.9168
vn 0.0052 -0.3718 0.9283
vn 0.0410 -0.3405 0.9393
vn -0.2798 -0.5547 0.7836
vn -0.0392 -0.2328 0.9717
vn -0.0657 -0.3589 0.9310
vn 0.0083 -0.4890 0.8722
vn -0.0900 -0.6421 0.7613
vn -0.1994 -0.7701 0.6059
vn -0.3086 -0.8252 0.4731
vn 0.0407 -0.4019 0.9148
vn 0.1549 -0.4320 0.8885
vn 0.0836 -0.8108 0.5793
vn 0.1039 -0.5780 0.8094
vn -0.1673 -0.9507 0.2610
vn 0.2423 -0.9352 0.2582
vn 0.0275 -0.9533 0.3009
vn 0.0973 -0.4142 0.9049
vn 0.1232 -0.4031 0.9068
vn 0.0860 -0.4098 0.9081
vn 0.0649 0.0217 0.9977
vn 0.1654 0.2255 0.9601
vn 0.0794 0.0561 0.9953
vn -0.1022 0.1980 0.9749
vn -0.1084 0.1638 0.9805
vn -0.0728 0.0789 0.9942
vn 0.3309 0.1418 0.9329
vn 0.3013 0.1408 0.9431
vn 0.4800 -0.0868 0.8730
vn 0.2699 0.1321 0.9538
vn 0.3640 0.1032 0.9257
vn 0.1783 0.0699 0.9815
vn 0.4608 0.0670 0.8849
vn 0.2641 0.0406 0.9636
vn 0.3345 0.0314 0.9419
vn 0.2325 -0.0200 0.9724
vn 0.2993 -0.0341 0.9535
vn 0.2736 -0.0661 0.9596
vn 0.3099 -0.1452 0.9396
vn 0.4096 -0.1142 0.9051
vn 0.2733 -0.0943 0.9573
vn 0.2399 -0.1171 0.9637
vn 0.3497 -0.1087 0.9305
vn 0.3347 -0.0824 0.9387
vn 0.3324 -0.0876 0.9391
vn 0.3349 -0.1635 0.9279
vn 0.2131 -0.0033 0.9770
vn 0.3517 -0.2707 0.8961
vn 0.3473 -0.2913 0.8914
vn 0.2358 -0.1451 0.9609
vn 0.1565 -0.0976 0.9829
vn 0.1670 -0.1164 0.9791
vn 0.1377 -0.1492 0.9792
vn 0.1423 -0.1675 0.9755
vn 0.0775 -0.1429 0.9867
vn 0.0775 -0.1436 0.9866
vn 0.1110 -0.1682 0.9795
vn 0.0926 -0.2279 0.9693
vn 0.0797 -0.2103 0.9744
vn 0.1125 -0.2700 0.9563
vn 0.1133 -0.2717 0.9557
vn 0.1449 -0.2428 0.9592
vn 0.1593 -0.2160 0.9633
vn 0.1009 -0.2254 0.9690
vn 0.1865 -0.0493 0.9812
vn 0.1581 -0.0686 0.9850
vn 0.1548 -0.0970 0.9832
vn 0.0827 -0.0633 0.9946
vn 0.0887 -0.0228 0.9958
vn 0.0507 -0.1676 0.9845
vn -0.1521 -0.2235 0.9628
vn 0.0183 -0.1168 0.9930
vn -0.0148 -0.1405 0.9900
vn 0.0049 -0.1056 0.9944
vn -0.0065 -0.0120 0.9999
vn -0.0238 -0.0712 0.9972
vn -0.0816 -0.1212 0.9893
vn -0.0799 -0.0814 0.9935
vn -0.0710 -0.0613 0.9956
vn -0.1082 -0.1221 0.9866
vn -0.0657 -0.1344 0.9887
vn -0.0314 -0.1309 0.9909
vn -0.0326 -0.1506 0.9881
vn -0.0939 -0.1184 0.9885
vn -0.3270 -0.0667 0.9427
vn -0.0712 -0.0834 0.9940
vn 0.0910 -0.0770 0.9929
vn -0.0098 -0.0407 0.9991
vn -0.1080 -0.0348 0.9935
vn 0.0459 0.0169 0.9988
vn -0.0366 0.0296 0.9989
vn -0.0251 0.0587 0.9980
vn 0.0242 0.1032 0.9944
vn -0.0148 0.1115 0.9937
vn -0.0431 0.1020 0.9939
vn -0.0457 0.1387 0.9893
vn -0.0243 0.1419 0.9896
vn -0.0959 0.1425 0.9851
vn -0.0857 0.1012 0.9912
vn -0.0674 0.0671 0.9955
vn 0.0481 0.0035 0.9988
vn -0.1032 0.2575 0.9607
vn 0.0977 0.0948 0.9907
vn 0.1098 0.0902 0.9899
vn 0.0285 0.1335 0.9906
vn 0.1312 0.1889 0.9732
vn 0.0821 0.1495 0.9853
vn 0.1152 0.1493 0.9820
vn 0.1709 0.1550 0.9730
vn 0.1328 0.2171 0.9671
vn 0.1579 0.2249 0.9615
vn 0.1725 0.2104 0.9623
vn 0.1364 0.2719 0.9526
vn 0.1067 0.2434 0.9640
vn 0.0923 0.2172 0.9718
vn 0.1552 0.2387 0.9586
vn 0.1831 0.0757 0.9802
vn 0.1989 0.1675 0.9656
vn 0.1749 0.1630 0.9710
vn 0.2310 0.3255 0.9169
vn 0.2808 0.0700 0.9572
vn 0.2424 0.1275 0.9618
vn 0.2560 0.0998 0.9615
vn 0.2812 0.0362 0.9590
vn 0.3697 0.1293 0.9201
vn 0.3363 0.0691 0.9392
vn 0.3416 0.0888 0.9356
vn 0.3272 0.1215 0.9371
vn 0.3580 -0.1500 0.9216
vn 0.2905 -0.1491 0.9452
vn 0.8165 -0.5486 -0.1798
vn 0.8441 -0.4606 0.2745
vn 0.8088 -0.5881 -0.0030
vn 0.7350 -0.6594 0.1579
vn 0.7444 -0.6487 0.1584
vn 0.7335 -0.6717 0.1038
vn 0.7689 -0.6391 0.0190
vn 0.4609 -0.8872 0.0214
vn 0.5774 -0.8135 0.0690
vn 0.6623 -0.7485 0.0323
vn 0.6993 -0.7147 -0.0101
vn 0.6923 -0.7181 0.0705
vn 0.4471 -0.8944 -0.0158
vn 0.5021 -0.8622 -0.0671
vn 0.4127 -0.9088 0.0607
vn 0.4883 -0.8663 -0.1053
vn 0.4978 -0.8594 -0.1163
vn 0.0644 -0.9979 -0.0070
vn 0.0610 -0.9909 0.1198
vn -0.0753 -0.9904 0.1158
vn -0.0548 -0.9833 0.1735
vn 0.1007 -0.9949 0.0047
vn 0.1636 -0.9847 0.0598
vn 0.1824 -0.9754 0.1236
vn 0.1891 -0.9817 0.0209
vn 0.2903 -0.9535 0.0813
vn 0.2753 -0.9611 -0.0215
vn 0.3568 -0.9223 0.1482
vn -0.1330 -0.9860 0.1009
vn -0.2721 -0.9359 0.2236
vn -0.1898 -0.9808 0.0444
vn -0.1183 -0.9829 0.1410
vn -0.2945 -0.9499 0.1048
vn -0.2654 -0.9491 0.1699
vn -0.3047 -0.9508 0.0555
vn -0.3587 -0.9179 0.1695
vn -0.3995 -0.9152 0.0535
vn -0.4530 -0.8541 0.2557
vn -0.5843 -0.7925 0.1750
vn -0.5530 -0.8284 0.0892
vn -0.6798 -0.5153 -0.5219
vn -0.6795 -0.5153 -0.5222
vn -0.6611 -0.6764 0.3247
vn -0.4954 -0.6270 0.6012
vn -0.6415 -0.7482 0.1692
vn -0.6291 -0.7773 0.0068
vn -0.6300 -0.7765 0.0054
vn -0.6295 -0.7770 0.0038
vn 0.4578 0.8887 0.0273
vn 0.4703 0.8824 0.0135
vn 0.4935 0.8639 0.1008
vn 0.4010 0.9124 0.0821
vn -0.1975 0.9799 0.0283
vn -0.2646 0.9625 0.0594
vn -0.2611 0.9531 0.1532
vn -0.5693 0.6077 0.5537
vn -0.6167 0.6222 0.4823
vn -0.6000 0.7298 0.3277
vn -0.3425 0.9167 0.2060
vn -0.3566 0.9225 0.1478
vn -0.3580 0.9214 0.1512
vn -0.4990 0.7816 0.3742
vn -0.4990 0.7816 0.3743
vn -0.5060 0.7968 0.3302
vn -0.5003 0.7778 0.3805
vn -0.6802 0.7194 -0.1406
vn -0.4934 0.8605 0.1266
vn -0.3942 0.9104 0.1252
vn -0.3980 0.8094 0.4317
vn -0.4250 0.8033 0.4173
vn -0.2825 0.9401 0.1907
vn -0.1301 0.9867 0.0974
vn -0.1293 0.9817 0.1396
vn -0.0725 0.9972 -0.0191
vn -0.0478 0.9918 0.1189
vn 0.0267 0.9986 0.0462
vn 0.0802 0.9933 0.0834
vn 0.1852 0.9776 0.1001
vn 0.1300 0.9901 -0.0527
vn 0.4108 0.9104 -0.0495
vn 0.3074 0.9513 0.0243
vn 0.2939 0.9494 0.1106
vn 0.2812 0.9593 0.0259
vn 0.2328 0.9725 -0.0015
vn 0.5870 0.8089 0.0337
vn 0.6913 0.7111 0.1283
vn 0.6836 0.7142 0.1507
vn 0.6429 0.7659 0.0109
vn 0.5237 0.8489 0.0707
vn 0.5511 0.8158 0.1753
vn 0.7283 0.6848 -0.0237
vn 0.8195 0.5303 0.2171
vn 0.8079 0.5773 0.1184
vn 0.8007 0.5942 0.0757
vn 0.6802 0.7085 -0.1877
vn 0.7181 0.6864 0.1150
vn 0.1929 -0.0954 0.9766
vn 0.1295 0.0476 0.9904
vn -0.1750 0.7107 0.6813
vn -0.3126 0.8251 0.4706
vn -0.3648 0.7171 0.5939
vn -0.3677 0.7002 0.6119
vn 0.3465 0.8283 0.4404
vn 0.3583 0.6160 0.7015
vn 0.1383 0.6189 0.7732
vn -0.0477 0.9081 0.4161
vn 0.0164 0.9120 0.4099
vn -0.0199 0.8966 0.4423
vn -0.0600 0.7932 0.6060
vn 0.5098 0.7000 0.5001
vn 0.3409 0.7449 0.5735
vn 0.4856 0.5453 0.6833
vn 0.2757 0.3064 0.9111
vn 0.4251 0.3332 0.8416
vn 0.5377 0.6883 0.4870
vn 0.4127 0.6738 0.6129
vn 0.0609 -0.0887 0.9942
vn 0.1280 0.1521 0.9800
vn -0.0546 0.1183 0.9915
vn -0.0321 0.3059 0.9515
vn -0.1944 0.3326 0.9228
vn -0.2932 0.5448 0.7856
vn 0.3074 0.1191 0.9441
vn 0.1058 0.5758 0.8107
vn -0.3014 0.6757 0.6727
vn -0.3870 0.7996 0.4593
vn -0.2322 0.6770 0.6984
vn -0.2733 0.7388 0.6160
vn -0.2807 0.7468 0.6029
vn -0.4143 0.7870 0.4572
vn -0.3544 0.7518 0.5560
vn -0.3543 0.7519 0.5560
vn -0.3929 0.7454 0.5385
vn -0.3929 0.7455 0.5385
vn -0.3459 0.6562 0.6706
vn -0.4396 0.7622 0.4751
vn -0.1890 0.3915 0.9006
vn 0.2491 0.0038 0.9685
vn 0.0552 0.2550 0.9654
vn 0.0587 0.2332 0.9707
vn -0.1366 0.4328 0.8911
vn -0.0726 0.4573 0.8863
vn 0.0301 0.1442 0.9891
vn -0.0078 0.0652 0.9978
vn -0.3065 0.7284 0.6128
vn -0.1734 0.6090 0.7740
vn -0.0111 0.4328 0.9014
vn 0.1199 0.2130 0.9697
vn -0.2828 0.7483 0.6000
vn 0.0955 0.0198 0.9952
vn -0.7444 0.4224 0.5171
vn -0.7474 0.3797 0.5452
vn -0.7733 0.3646 0.5187
vn -0.7507 -0.0239 0.6602
vn -0.6597 0.1163 0.7424
vn -0.8279 0.0643 0.5571
vn -0.7438 -0.0084 0.6683
vn -0.6675 0.2747 0.6921
vn -0.3246 0.6194 0.7148
vn -0.5030 0.6596 0.5585
vn -0.4247 0.5976 0.6800
vn 0.0040 0.0720 0.9974
vn 0.1770 -0.1059 0.9785
vn -0.0595 -0.1012 0.9931
vn -0.2117 0.0151 0.9772
vn -0.3192 -0.1062 0.9417
vn -0.5612 -0.0691 0.8248
vn -0.0582 0.2837 0.9572
vn -0.4054 0.3378 0.8495
vn -0.2969 0.5334 0.7920
vn -0.3823 0.2841 0.8793
vn 0.0074 -0.0863 0.9962
vn -0.0595 0.1012 0.9931
vn 0.1855 0.1074 0.9768
vn -0.1211 0.0665 0.9904
vn -0.8462 -0.0496 0.5306
vn -0.8035 -0.0244 0.5948
vn -0.6944 -0.0438 0.7183
vn -0.7477 0.0629 0.6611
vn -0.7399 0.0442 0.6713
vn -0.7376 0.0661 0.6720
vn -0.6551 0.0610 0.7531
vn -0.7354 0.0657 0.6744
vn -0.6895 0.0044 0.7243
vn -0.8134 0.0164 0.5815
vn -0.8673 0.0101 0.4978
vn -0.8290 -0.0165 0.5591
vn -0.8682 -0.0170 0.4960
vn -0.7896 0.0100 0.6135
vn -0.7845 -0.0590 0.6174
vn -0.3192 0.1061 0.9417
vn -0.5612 0.0690 0.8248
vn -0.3720 0.0677 0.9258
vn -0.0357 -0.0108 0.9993
vn -0.3826 -0.0000 0.9239
vn -0.3720 -0.0677 0.9258
vn -0.0929 0.0572 0.9940
vn 0.0953 -0.0194 0.9953
vn -0.7075 -0.4864 0.5127
vn -0.6709 -0.5132 0.5353
vn -0.6728 -0.5399 0.5059
vn -0.4642 -0.7318 0.4990
vn -0.3199 -0.7370 0.5954
vn -0.3907 -0.5789 0.7158
vn -0.3079 -0.7330 0.6066
vn -0.5312 -0.5155 0.6724
vn -0.6563 -0.1368 0.7420
vn -0.8366 -0.1743 0.5193
vn -0.7219 -0.2299 0.6526
vn -0.7407 -0.0033 0.6718
vn 0.0042 -0.0722 0.9974
vn 0.2431 -0.0105 0.9700
vn 0.1189 -0.2109 0.9702
vn -0.0582 -0.2838 0.9571
vn -0.0133 -0.4327 0.9014
vn -0.1751 -0.6059 0.7760
vn -0.2114 -0.0153 0.9773
vn -0.4378 -0.2794 0.8546
vn -0.5596 -0.0789 0.8250
vn -0.3821 -0.2845 0.8793
vn 0.1408 -0.1532 0.9781
vn -0.3922 -0.6890 0.6095
vn -0.3726 -0.6924 0.6178
vn -0.3928 -0.6832 0.6156
vn -0.3388 -0.6192 0.7084
vn -0.4086 -0.7780 0.4772
vn -0.3089 -0.6715 0.6735
vn -0.4189 -0.7962 0.4365
vn -0.3890 -0.6780 0.6237
vn -0.3885 -0.7990 0.4590
vn -0.3962 -0.8102 0.4319
vn -0.3716 -0.7421 0.5579
vn -0.3401 -0.7979 0.4976
vn -0.2695 -0.6998 0.6616
vn -0.3542 -0.8116 0.4646
vn -0.3498 -0.7688 0.5353
vn -0.2933 -0.5448 0.7856
vn -0.1891 -0.3915 0.9005
vn -0.1944 -0.3325 0.9228
vn -0.0553 -0.1813 0.9819
vn 0.0527 -0.1507 0.9872
vn -0.1366 -0.4328 0.8911
vn -0.0546 -0.1182 0.9915
vn 0.0639 0.0967 0.9933
vn -0.0705 -0.4586 0.8859
vn -0.0313 -0.1589 0.9868
vn 0.1289 -0.0476 0.9905
vn 0.2756 -0.3064 0.9112
vn 0.1049 -0.5761 0.8106
vn 0.1050 -0.5762 0.8106
vn 0.2183 -0.7962 0.5643
vn 0.4463 -0.8070 0.3867
vn 0.3552 -0.7126 0.6050
vn 0.4904 -0.7133 0.5008
vn 0.5039 -0.7107 0.4909
vn 0.1348 -0.8957 0.4237
vn -0.1737 -0.8632 0.4741
vn -0.1639 -0.6279 0.7609
vn -0.1289 -0.7813 0.6107
vn -0.1529 -0.7383 0.6569
vn -0.3301 -0.7183 0.6124
vn -0.0323 -0.3062 0.9514
vn 0.4856 -0.5453 0.6833
vn 0.0931 -0.9106 0.4026
vn 0.1546 -0.9067 0.3924
vn 0.1962 0.0879 0.9766
vn 0.1278 -0.1521 0.9801
vn 0.3073 -0.1191 0.9441
vn 0.4250 -0.3332 0.8416
vn 0.2224 -0.1398 0.9649
vn 0.4074 -0.6824 0.6069
vn 0.4270 -0.7456 0.5116
vn 0.4306 -0.7531 0.4974
vn 0.4642 -0.6782 0.5697
vn 0.4920 -0.8016 0.3398
vn 0.4271 -0.7456 0.5116
vn 0.5178 -0.7885 0.3319
vn 0.4853 -0.7540 0.4427
vn 0.5179 -0.7463 0.4182
vn 0.5066 -0.6575 0.5577
vn 0.5420 -0.6892 0.4808
vn 0.5476 -0.7632 0.3431
vn 0.4140 -0.3934 0.8208
vn 0.1943 -0.2520 0.9480
vn 0.1879 -0.2214 0.9569
vn 0.0198 -0.0127 0.9997
vn 0.3612 -0.4359 0.8244
vn 0.3007 -0.4614 0.8346
vn 0.2594 -0.0638 0.9637
vn 0.4585 -0.7338 0.5013
vn 0.3734 -0.6158 0.6937
vn 0.2513 -0.4409 0.8617
vn 0.1435 -0.2216 0.9645
vn 0.4335 -0.7528 0.4953
vn 0.5921 -0.6033 0.5342
vn 0.8359 -0.1219 0.5351
vn 0.8845 -0.3670 0.2881
vn 0.8670 -0.3823 0.3196
vn 0.8972 0.0058 0.4417
vn 0.9015 0.0214 0.4322
vn 0.9476 -0.0666 0.3125
vn 0.8332 -0.2779 0.4781
vn 0.5056 -0.6188 0.6012
vn 0.6352 -0.6638 0.3949
vn 0.6485 -0.5726 0.5016
vn 0.5075 -0.5431 0.6690
vn 0.8569 -0.4235 0.2939
vn 0.2658 -0.0804 0.9607
vn 0.1776 -0.0285 0.9837
vn 0.3145 -0.2916 0.9034
vn 0.0942 0.0998 0.9905
vn 0.3257 0.0957 0.9406
vn 0.4682 -0.0227 0.8833
vn 0.5621 0.1014 0.8208
vn 0.7636 0.0654 0.6423
vn 0.6059 -0.2925 0.7398
vn 0.6060 -0.2924 0.7398
vn 0.6037 0.0660 0.7945
vn 0.8560 -0.0044 0.5169
vn 0.6124 -0.0000 0.7906
vn 0.8912 -0.0647 0.4491
vn 0.8957 0.0162 0.4443
vn 0.9028 -0.0114 0.4299
vn 0.9683 -0.0101 0.2496
vn 0.8899 -0.0642 0.4516
vn 0.8323 -0.0597 0.5511
vn 0.9684 0.0171 0.2488
vn 0.9235 -0.0100 0.3834
vn 0.9377 -0.0164 0.3471
vn 0.9564 0.0494 0.2877
vn 0.9325 0.0243 0.3604
vn 0.8598 0.0431 0.5088
vn 0.9482 0.0165 0.3174
vn 0.9243 0.0571 0.3773
vn 0.6037 -0.0660 0.7945
vn 0.3135 0.0101 0.9495
vn 0.0850 -0.1021 0.9911
vn 0.3892 -0.0669 0.9187
vn 0.2675 0.0860 0.9597
vn 0.7636 -0.0653 0.6424
vn 0.5621 -0.1013 0.8209
vn 0.3258 -0.0956 0.9406
vn 0.1777 0.0283 0.9837
vn 0.9672 0.0990 0.2340
vn 0.9475 0.2353 0.2165
vn 0.8652 0.1559 0.4766
vn 0.8205 0.4896 0.2950
vn 0.7909 0.5172 0.3272
vn 0.7846 0.5440 0.2976
vn 0.5821 0.7356 0.3465
vn 0.4672 0.7421 0.4806
vn 0.5692 0.5852 0.5776
vn 0.4584 0.7381 0.4950
vn 0.6933 0.5185 0.5005
vn 0.2656 0.0806 0.9607
vn 0.0256 0.0195 0.9995
vn 0.1447 0.2195 0.9648
vn 0.3141 0.2919 0.9034
vn 0.2535 0.4408 0.8610
vn 0.3757 0.6127 0.6954
vn 0.4680 0.0229 0.8834
vn 0.6061 0.2927 0.7396
vn 0.9105 0.3437 0.2300
vn 0.7398 0.0373 0.6718
vn 0.6057 0.2924 0.7400
vn 0.5165 0.7742 0.3659
vn 0.5093 0.6191 0.5978
vn 0.4715 0.6737 0.5690
vn 0.5169 0.7976 0.3110
vn 0.5362 0.6763 0.5050
vn 0.5379 0.6813 0.4964
vn 0.4922 0.7975 0.3489
vn 0.4937 0.8115 0.3126
vn 0.5023 0.7438 0.4410
vn 0.4557 0.7962 0.3979
vn 0.4318 0.7030 0.5651
vn 0.4627 0.8129 0.3537
vn 0.4763 0.7719 0.4210
vn 0.2955 0.1628 0.9414
vn 0.4140 0.3934 0.8209
vn 0.2143 0.1733 0.9613
vn 0.3612 0.4358 0.8244
vn 0.1250 0.1727 0.9770
vn 0.2985 0.4626 0.8348
vn -0.0675 -0.3130 0.9474
vn -0.0944 -0.2817 0.9548
vn -0.1724 -0.4002 0.9001
vn 0.2432 0.3493 0.9049
vn 0.2860 0.3198 0.9033
vn 0.2995 0.4521 0.8402
vn 0.8604 -0.4295 0.2742
vn 0.9354 -0.3390 0.1002
vn 0.8863 -0.3454 0.3086
vn 0.8460 0.4406 0.3003
vn 0.8820 0.4649 0.0771
vn 0.7288 0.6115 0.3079
vn 0.9019 0.2454 0.3556
vn 0.8821 0.3376 0.3285
vn 0.8541 0.3271 0.4043
vn 0.9512 0.1891 0.2437
vn 0.6100 0.0831 0.7880
vn 0.8779 0.0408 0.4771
vn 0.9343 0.2600 0.2437
vn 0.9127 0.3291 0.2424
vn 0.9548 -0.1742 0.2410
vn 0.9795 -0.1981 -0.0371
vn 0.8952 -0.1066 0.4327
vn 0.4124 -0.0275 0.9106
vn 0.4075 -0.0141 0.9131
vn 0.9710 0.0591 -0.2317
vn 0.7655 -0.2010 0.6112
vn 0.9795 -0.1982 -0.0371
vn 0.7793 -0.5455 0.3084
vn -0.8331 -0.4798 0.2753
vn -0.8330 -0.4798 0.2753
vn -0.7472 -0.4441 0.4944
vn -0.6655 -0.5059 0.5488
vn -0.6175 -0.6180 0.4867
vn -0.7149 -0.5849 0.3832
vn -0.8550 -0.1875 0.4835
vn -0.8269 -0.2633 0.4968
vn -0.7819 -0.2363 0.5769
vn -0.6343 -0.2962 0.7141
vn -0.7604 -0.3930 0.5171
vn -0.1662 -0.0473 0.9850
vn -0.7768 -0.0363 -0.6287
vn -0.7769 -0.0363 -0.6286
vn -0.1573 0.0031 0.9875
vn -0.0623 0.0116 0.9980
vn -0.0884 0.0139 0.9960
vn -0.1896 0.0257 0.9815
vn -0.7818 0.3398 0.5229
vn -0.8777 0.3303 0.3472
vn -0.3154 0.1481 0.9373
vn -0.1471 0.0776 0.9861
vn -0.3250 0.1239 0.9376
vn -0.1229 0.0588 0.9907
vn -0.6412 0.2143 0.7369
vn -0.7388 0.1473 0.6577
vn -0.9602 0.1351 -0.2445
vn -0.7637 0.5797 0.2840
vn -0.7162 0.4542 0.5298
vn -0.6829 0.5390 0.4931
vn -0.6961 0.4276 0.5767
vn -0.7209 0.4166 0.5539
vn 0.2064 -0.4328 0.8776
vn 0.1489 -0.4232 0.8937
vn 0.1413 -0.5198 0.8425
vn 0.1331 -0.4289 0.8935
vn 0.1200 -0.4335 0.8931
vn 0.0897 -0.4601 0.8834
vn 0.0156 -0.4850 0.8744
vn 0.0794 -0.4570 0.8859
vn 0.0770 -0.4490 0.8902
vn 0.2287 -0.3649 0.9025
vn 0.2441 -0.4771 0.8443
vn 0.2634 -0.3462 0.9004
vn 0.3429 -0.4304 0.8350
vn 0.2841 -0.3233 0.9026
vn 0.2633 -0.3462 0.9005
vn 0.4318 -0.3705 0.8223
vn 0.3184 -0.3019 0.8986
vn 0.3136 -0.3005 0.9007
vn 0.5095 -0.3060 0.8043
vn 0.3901 -0.2530 0.8853
vn 0.3498 -0.2874 0.8917
vn 0.4781 -0.1239 0.8695
vn 0.4944 -0.1659 0.8532
vn 0.5772 -0.1901 0.7942
vn 0.5026 -0.1879 0.8439
vn 0.4771 -0.2393 0.8456
vn 0.4702 -0.2407 0.8491
vn 0.5358 -0.2335 0.8114
vn 0.5456 -0.2469 0.8008
vn 0.5347 -0.2460 0.8085
vn 0.4310 -0.2510 0.8667
vn 0.3925 -0.2620 0.8816
vn 0.4851 -0.0906 0.8697
vn 0.5947 -0.0834 0.7996
vn 0.4726 -0.0482 0.8800
vn 0.4683 0.0190 0.8834
vn 0.5976 0.0252 0.8014
vn 0.4793 -0.0165 0.8775
vn 0.5820 0.1307 0.8026
vn 0.4568 0.1092 0.8828
vn 0.4826 0.0886 0.8713
vn 0.5053 0.0796 0.8592
vn 0.4996 0.1950 0.8440
vn 0.5234 0.1778 0.8333
vn 0.5685 0.2516 0.7833
vn 0.5175 0.1609 0.8404
vn 0.4893 0.2204 0.8438
vn 0.4944 0.2079 0.8440
vn 0.4013 0.2439 0.8829
vn 0.4681 0.2638 0.8434
vn 0.4789 0.3365 0.8108
vn 0.4954 0.2742 0.8242
vn 0.4973 0.2735 0.8234
vn 0.3087 0.3115 0.8987
vn 0.3375 0.2836 0.8976
vn 0.3919 0.4018 0.8276
vn 0.3586 0.2964 0.8852
vn 0.3712 0.3007 0.8785
vn 0.2879 0.3311 0.8986
vn 0.1035 0.4324 0.8957
vn 0.0710 0.5158 0.8538
vn 0.0872 0.4197 0.9035
vn 0.0458 0.4139 0.9092
vn 0.1129 0.4397 0.8910
vn 0.1360 0.4684 0.8730
vn 0.2031 0.4878 0.8490
vn 0.1485 0.4510 0.8801
vn 0.1521 0.4436 0.8832
vn 0.1734 0.4013 0.8994
vn 0.2092 0.3549 0.9112
vn 0.2118 0.3736 0.9031
vn -0.0210 0.3396 0.9403
vn -0.0271 0.4755 0.8793
vn 0.0125 0.3624 0.9319
vn 0.0182 0.4097 0.9120
vn -0.0428 0.3210 0.9461
vn -0.1236 0.4298 0.8944
vn -0.0705 0.2970 0.9523
vn -0.2143 0.3678 0.9049
vn -0.1076 0.2805 0.9538
vn -0.2937 0.3049 0.9060
vn -0.1477 0.2510 0.9566
vn -0.1424 0.2503 0.9576
vn -0.3567 0.1887 0.9149
vn -0.2387 0.1183 0.9639
vn -0.2525 0.1571 0.9547
vn -0.2607 0.1804 0.9484
vn -0.2839 0.2162 0.9341
vn -0.2851 0.2274 0.9311
vn -0.2715 0.2291 0.9348
vn -0.2318 0.2339 0.9442
vn -0.2237 0.2376 0.9453
vn -0.1850 0.2587 0.9481
vn -0.1565 0.2749 0.9486
vn -0.2410 0.0863 0.9667
vn -0.3723 0.0827 0.9244
vn -0.2292 0.0464 0.9723
vn -0.2248 -0.0183 0.9742
vn -0.3756 -0.0239 0.9265
vn -0.2342 0.0157 0.9721
vn -0.2328 -0.0592 0.9707
vn -0.3627 -0.1315 0.9226
vn -0.2173 -0.1043 0.9705
vn -0.3481 -0.2467 0.9044
vn -0.2610 -0.1551 0.9528
vn -0.2503 -0.2178 0.9433
vn -0.2545 -0.2020 0.9457
vn -0.2612 -0.3352 0.9052
vn -0.2167 -0.2534 0.9428
vn -0.2531 -0.2622 0.9312
vn -0.2580 -0.2673 0.9284
vn -0.2592 -0.1838 0.9482
vn -0.1317 -0.2733 0.9529
vn -0.1574 -0.2461 0.9564
vn 0.0622 -0.4035 0.9129
vn 0.0286 -0.3531 0.9352
vn -0.0807 -0.4496 0.8896
vn 0.0234 -0.3766 0.9261
vn -0.0027 -0.3511 0.9363
vn -0.0463 -0.3168 0.9474
vn -0.0502 -0.3327 0.9417
vn -0.1983 0.8848 0.4218
vn 0.0033 0.9181 0.3963
vn 0.2071 0.9054 0.3706
vn 0.5812 0.7467 0.3235
vn 0.4030 0.8473 0.3459
vn 0.6531 -0.6889 0.3144
vn 0.4859 -0.8071 0.3355
vn 0.2967 -0.8848 0.3593
vn -0.1086 -0.9054 0.4105
vn 0.0952 -0.9181 0.3848
vn -0.3046 -0.8473 0.4352
vn -0.4827 -0.7467 0.4576
vn -0.3874 0.8071 0.4456
vn -0.5546 0.6889 0.4667
vn -0.1110 0.7025 0.7030
vn 0.0490 0.7289 0.6828
vn 0.2109 0.7188 0.6624
vn 0.3664 0.6727 0.6428
vn 0.5079 0.5928 0.6250
vn 0.6282 0.4832 0.6098
vn 0.7213 0.3494 0.5981
vn 0.7825 0.1981 0.5903
vn 0.8087 0.0368 0.5870
vn 0.7987 -0.1263 0.5883
vn 0.7529 -0.2831 0.5941
vn 0.6737 -0.4257 0.6041
vn 0.5650 -0.5470 0.6178
vn 0.4322 -0.6408 0.6345
vn 0.2820 -0.7025 0.6534
vn 0.1220 -0.7289 0.6736
vn -0.0398 -0.7188 0.6940
vn -0.1954 -0.6727 0.7136
vn -0.3369 -0.5928 0.7315
vn -0.4572 -0.4832 0.7466
vn -0.5502 -0.3494 0.7584
vn -0.6114 -0.1981 0.7661
vn -0.7546 -0.0419 0.6548
vn -0.6377 -0.0368 0.7694
vn -0.6277 0.1263 0.7681
vn -0.5819 0.2831 0.7624
vn -0.5027 0.4257 0.7524
vn -0.3939 0.5470 0.7387
vn -0.2612 0.6408 0.7219
vn 0.9990 0.0071 -0.0445
vn 0.9979 0.0259 -0.0585
vn 0.9927 -0.0006 -0.1207
vn 0.9901 -0.0000 -0.1403
vn 0.9843 -0.0257 -0.1747
vn 0.9853 -0.0193 -0.1699
vn 0.9899 -0.0007 -0.1417
vn 0.9851 0.0144 -0.1715
vn 0.9836 0.0214 -0.1790
vn 0.9840 0.0161 -0.1775
vn 0.9847 0.0006 -0.1745
vn 0.9846 -0.0169 -0.1739
vn 0.9999 0.0015 -0.0130
vn 0.9958 -0.0160 0.0896
vn 0.9979 0.0156 0.0635
vn 0.9936 -0.0151 0.1119
vn 0.9939 -0.0098 0.1095
vn 0.9943 -0.0009 0.1063
vn 0.9946 0.0109 0.1033
vn 0.9989 -0.0078 -0.0469
vn 0.9998 -0.0074 0.0188
vn 0.9959 -0.0628 0.0645
vn 0.9978 -0.0363 -0.0560
vn 0.9999 -0.0038 0.0119
vn 0.9958 0.0079 0.0917
vn 0.9944 0.0202 0.1034
vn -0.5610 0.0214 -0.8275
vn -0.5674 0.0144 -0.8233
vn -0.6052 -0.0016 -0.7960
vn -0.5606 0.0105 -0.8280
vn -0.5274 -0.0000 -0.8496
vn -0.5627 -0.0100 -0.8266
vn -0.5646 -0.0257 -0.8250
vn -0.5687 -0.0193 -0.8223
vn -0.5932 -0.0000 -0.8050
vn -0.6571 0.0260 -0.7534
vn -0.6684 0.0048 -0.7438
vn -0.7497 -0.0057 -0.6618
vn -0.7136 -0.0074 -0.7006
vn -0.6917 0.0005 -0.7222
vn -0.6770 0.0047 -0.7360
vn -0.6493 -0.0009 -0.7606
vn -0.5921 -0.0007 -0.8059
vn -0.7114 0.0025 -0.7028
vn -0.7582 0.0028 -0.6520
vn -0.7803 -0.0040 -0.6254
vn -0.7702 -0.0201 -0.6375
vn -0.7545 -0.0000 -0.6563
vn -0.7799 0.0043 -0.6258
vn -0.7822 0.0079 -0.6230
vn -0.7819 0.0053 -0.6234
vn -0.7817 -0.0000 -0.6237
vn -0.9178 -0.0054 -0.3970
vn -0.9220 -0.0000 -0.3871
vn -0.9201 -0.0798 -0.3834
vn -0.8384 -0.4274 -0.3383
vn -0.8940 -0.1921 -0.4049
vn -0.8983 -0.2563 -0.3569
vn -0.9143 -0.1608 -0.3716
vn -0.8498 0.3778 -0.3674
vn -0.8416 0.4127 -0.3485
vn -0.8955 0.2082 -0.3933
vn -0.9058 0.2037 -0.3716
vn -0.9197 0.0889 -0.3825
vn -0.6989 0.6523 -0.2934
vn -0.6520 0.7071 -0.2737
vn -0.2386 0.9659 -0.1002
vn -0.1638 0.9841 -0.0688
vn 0.1643 0.9840 0.0690
vn 0.4986 0.8411 0.2096
vn 0.3063 0.9432 0.1286
vn 0.5998 0.7595 0.2518
vn 0.6888 0.6648 0.2892
vn 0.7700 0.5502 0.3231
vn 0.8183 0.4604 0.3440
vn 0.8818 0.2925 0.3700
vn 0.8960 0.2356 0.3763
vn 0.9222 0.0002 0.3867
vn 0.9220 -0.0001 0.3871
vn 0.8960 -0.2358 0.3763
vn 0.8819 -0.2918 0.3702
vn 0.8185 -0.4602 0.3439
vn 0.7703 -0.5497 0.3232
vn 0.6891 -0.6644 0.2893
vn 0.6001 -0.7592 0.2519
vn 0.4989 -0.8409 0.2097
vn 0.3064 -0.9432 0.1286
vn 0.2386 -0.9659 0.1002
vn -0.2386 -0.9659 -0.1002
vn -0.3156 -0.9396 -0.1325
vn -0.6036 -0.7559 -0.2534
vn -0.7043 -0.6454 -0.2957
vn -0.8591 -0.3457 -0.3773
vn -0.2387 -0.9659 -0.1002
vn -0.4992 -0.8408 -0.2093
vn -0.3064 -0.9432 -0.1286
vn -0.6002 -0.7591 -0.2521
vn -0.6892 -0.6642 -0.2894
vn -0.7702 -0.5495 -0.3236
vn -0.8187 -0.4601 -0.3435
vn -0.8819 -0.2916 -0.3704
vn -0.8961 -0.2357 -0.3761
vn -0.9219 0.0001 -0.3874
vn -0.9220 0.0001 -0.3871
vn -0.8961 0.2358 -0.3761
vn -0.8818 0.2918 -0.3704
vn -0.8186 0.4603 -0.3435
vn -0.7701 0.5498 -0.3235
vn -0.6833 0.6714 -0.2869
vn -0.5890 0.7727 -0.2366
vn -0.5216 0.8267 -0.2110
vn -0.3419 0.9257 -0.1620
vn -0.4490 0.8754 -0.1790
vn 0.1651 0.9840 0.0670
vn -0.1287 0.9902 -0.0540
vn 0.2386 0.9659 0.1002
vn 0.3156 0.9396 0.1325
vn 0.6036 0.7559 0.2534
vn 0.7129 0.6341 0.2993
vn 0.8251 0.4384 0.3564
vn 0.8826 0.2924 0.3682
vn 0.8851 0.2705 0.3788
vn 0.9180 0.1191 0.3783
vn 0.9081 0.1593 0.3873
vn 0.9227 0.0019 0.3856
vn 0.9181 0.0797 0.3883
vn 0.9218 -0.1511 0.3569
vn 0.8951 -0.2853 0.3428
vn 0.8406 -0.4013 0.3638
vn 0.8993 -0.2115 0.3827
vn 0.9186 -0.0877 0.3853
vn 0.7129 -0.6341 0.2993
vn 0.3156 -0.9396 0.1325
vn 0.6036 -0.7559 0.2534
vn 0.9690 0.0030 0.2470
vn 0.9874 0.0052 0.1580
vn 0.9847 0.0114 0.1739
vn -0.9211 0.0046 -0.3893
vn -0.9684 0.0003 -0.2493
vn -0.9611 0.0019 -0.2763
vn -0.8079 0.0023 -0.5893
vn -0.8566 0.0014 -0.5160
vn -0.7828 -0.0097 -0.6222
vn 0.9738 0.0154 -0.2267
vn 0.9689 0.0069 -0.2473
vn 0.9520 0.0155 -0.3058
vn 0.9652 0.0030 -0.2615
vn 0.9587 -0.0020 -0.2845
vn 0.9973 0.0257 -0.0681
vn 0.9964 -0.0044 -0.0850
vn 0.9897 0.0242 -0.1412
vn 0.9816 0.0407 -0.1865
vn 0.9638 -0.0039 -0.2665
vn 0.9738 -0.0024 -0.2275
vn 0.9689 -0.0054 -0.2474
vn 0.9743 -0.0079 -0.2253
vn 0.9820 -0.0123 -0.1884
vn 0.9744 -0.0005 -0.2247
vn 0.9919 -0.0081 -0.1266
vn 0.9916 0.0012 -0.1291
vn 0.9995 -0.0002 -0.0320
vn 0.9968 -0.0099 -0.0787
vn 0.9995 -0.0011 -0.0309
vn 0.9974 0.0075 0.0720
vn 0.9993 -0.0203 -0.0317
vn 0.9866 0.0150 0.1625
vn 0.9994 -0.0220 0.0273
vn 0.9982 -0.0157 0.0578
vn 0.9963 -0.0107 0.0857
vn 0.9939 -0.0029 0.1106
vn 0.9963 0.0121 0.0855
vn 0.9975 0.0226 0.0671
vn 0.9988 0.0264 0.0410
vn 0.9993 0.0030 -0.0367
vn -0.6642 0.0305 -0.7470
vn -0.7414 0.0138 -0.6709
vn -0.6205 0.0239 -0.7839
vn -0.5542 0.0225 -0.8321
vn -0.5778 -0.0021 -0.8162
vn -0.5123 -0.0146 -0.8587
vn -0.4901 -0.0181 -0.8715
vn -0.3520 -0.0018 -0.9360
vn -0.4562 -0.0037 -0.8898
vn -0.4581 -0.0006 -0.8889
vn -0.5403 -0.0028 -0.8415
vn -0.5563 -0.0007 -0.8310
vn -0.4362 -0.0067 -0.8998
vn -0.4018 -0.0173 -0.9156
vn -0.3450 0.0076 -0.9386
vn -0.4489 0.0209 -0.8933
vn -0.4715 0.0433 -0.8808
vn -0.4899 0.0290 -0.8713
vn -0.5536 -0.0000 -0.8328
vn -0.7331 -0.0000 -0.6802
vn -0.7148 -0.0006 -0.6993
vn -0.7352 -0.0004 -0.6779
vn -0.6687 -0.0059 -0.7435
vn -0.6500 -0.0023 -0.7600
vn -0.6132 -0.0055 -0.7899
vn -0.5596 -0.0000 -0.8288
vn -0.7144 0.0022 -0.6997
vn -0.7787 0.0201 -0.6271
vn -0.8704 0.0022 -0.4923
vn -0.7953 0.0242 -0.6057
vn -0.8037 0.0027 -0.5950
vn -0.8078 0.0021 -0.5894
vn -0.4958 -0.0034 0.8684
vn 0.9019 0.0006 0.4319
vn 0.9228 0.0030 0.3853
vn 0.8909 0.0026 0.4543
vn 0.8690 0.0058 0.4947
vn 0.8433 0.0054 0.5375
vn 0.8388 0.0002 0.5444
vn 0.6508 0.0038 0.7592
vn 0.5655 -0.0022 0.8247
vn 0.7426 0.0025 0.6698
vn 0.8556 -0.0051 0.5177
vn 0.9493 -0.0156 0.3141
vn -0.6349 0.0007 0.7726
vn -0.4401 -0.0000 0.8980
vn -0.2211 -0.0000 0.9752
vn 0.0097 -0.0000 1.0000
vn 0.2401 -0.0000 0.9708
vn 0.4452 -0.0000 0.8954
vn 0.4560 0.0024 0.8900
vn 0.6469 -0.0046 0.7625
vn 0.5763 -0.0101 0.8172
vn -0.7962 0.0021 0.6050
vn -0.7709 -0.0002 0.6369
vn -0.6325 -0.0000 0.7746
vn -0.9136 0.0043 0.4067
vn -0.9112 -0.0816 0.4038
vn -0.8903 -0.1402 0.4333
vn -0.8800 -0.1159 0.4606
vn -0.8443 -0.1262 0.5207
vn -0.8202 0.0009 0.5721
vn -0.8110 -0.0008 0.5851
vn -0.9589 -0.0307 0.2820
vn -0.9835 0.0035 0.1809
vn -0.9692 0.0402 0.2430
vn -0.9988 -0.0000 -0.0484
vn -0.9977 -0.0000 0.0679
vn -0.9863 0.0056 0.1651
vn -0.9852 0.0084 -0.1714
vn -0.9866 0.0250 -0.1609
vn -0.9979 0.0101 -0.0640
vn -0.8990 0.0041 -0.4379
vn -0.2393 0.0013 -0.9709
vn -0.1258 -0.0000 -0.9921
vn -0.1265 0.0012 -0.9920
vn -0.0096 0.0022 -1.0000
vn 0.1064 -0.0000 -0.9943
vn 0.1066 0.0016 -0.9943
vn 0.2207 0.0019 -0.9753
vn 0.3328 -0.0000 -0.9430
vn 0.2217 0.0016 -0.9751
vn 0.5394 0.0034 -0.8420
vn 0.4408 0.0012 -0.8976
vn 0.3323 0.0015 -0.9432
vn 0.6889 -0.0004 -0.7249
vn 0.6885 -0.0012 -0.7253
vn 0.7217 0.0042 -0.6922
vn 0.6347 -0.0007 -0.7727
vn 0.5108 -0.0001 -0.8597
vn 0.8656 0.0010 -0.5007
vn 0.8136 -0.0001 -0.5814
vn 0.8610 0.0024 -0.5086
vn 0.8132 0.0025 -0.5820
vn 0.7559 0.0024 -0.6547
vn 0.9469 -0.0006 -0.3215
vn 0.9101 0.0018 -0.4144
vn 0.9089 -0.0000 0.4171
vn 0.9324 0.0026 0.3615
vn 0.9465 0.0066 0.3226
vn -0.3087 0.9490 -0.0635
vn -0.4580 0.8863 -0.0690
vn -0.4246 0.8968 -0.1242
vn -0.8702 0.4822 -0.1012
vn -0.8041 0.5842 -0.1105
vn -0.7165 0.6953 -0.0560
vn 0.2653 0.9440 -0.1961
vn -0.0728 0.9822 -0.1730
vn -0.0178 0.9648 -0.2623
vn 0.2156 0.9395 -0.2661
vn 0.3498 0.9062 -0.2378
vn 0.3518 0.9059 -0.2358
vn -0.4024 0.8958 -0.1889
vn -0.2559 0.9169 -0.3063
vn -0.1872 0.9375 -0.2934
vn -0.1537 0.9613 -0.2286
vn -0.8036 0.5845 -0.1116
vn -0.7136 0.6837 -0.1528
vn -0.5415 0.8112 -0.2208
vn -0.9766 0.2037 -0.0697
vn -0.9283 0.3707 -0.0270
vn -0.9283 0.3718 0.0034
vn -0.9690 0.2294 0.0913
vn -0.9879 0.1545 0.0137
vn -0.9920 0.1032 -0.0725
vn -0.6736 0.7387 -0.0229
vn -0.7755 0.6310 0.0214
vn -0.8983 0.4358 0.0554
vn -0.9856 0.1266 0.1121
vn -0.9888 0.1252 0.0808
vn -0.9592 0.2503 0.1313
vn -0.9535 0.2926 0.0726
vn -0.9498 0.3062 0.0643
vn -0.5841 0.8110 -0.0341
vn -0.6656 0.7453 -0.0398
vn -0.2145 0.9736 -0.0782
vn -0.0706 0.9894 -0.1267
vn 0.3252 0.9287 -0.1782
vn 0.3191 0.9296 -0.1842
vn 0.1791 0.9728 -0.1470
vn 0.0547 0.9865 -0.1543
vn 0.4106 0.8816 -0.2329
vn 0.4089 0.8912 -0.1966
vn 0.3669 0.9170 -0.1566
vn 0.2381 0.8120 -0.5329
vn -0.0340 0.8119 -0.5829
vn -0.0959 0.6330 -0.7682
vn -0.3741 0.5861 -0.7187
vn -0.9805 0.0657 -0.1854
vn -0.9741 0.0541 -0.2194
vn -0.9413 0.2102 -0.2640
vn -0.9597 0.0732 -0.2713
vn -0.9480 0.0516 -0.3140
vn -0.8205 0.2374 -0.5201
vn -0.9971 0.0594 -0.0470
vn -0.9908 0.0793 -0.1095
vn -0.9628 0.1935 -0.1887
vn -0.9875 0.0756 -0.1380
vn -0.9846 0.0652 -0.1622
vn -0.9970 0.0743 -0.0222
vn -0.9709 0.2187 -0.0981
vn -0.9933 0.1154 -0.0025
vn -0.8791 0.4398 -0.1838
vn -0.7270 0.6342 -0.2632
vn -0.5216 0.7855 -0.3331
vn -0.2766 0.8811 -0.3836
vn -0.0077 0.9165 -0.4000
vn 0.2576 0.8893 -0.3779
vn 0.4464 0.7847 -0.4300
vn 0.4981 0.7783 -0.3822
vn 0.4097 0.8697 -0.2754
vn 0.4519 0.8422 -0.2941
vn 0.6206 0.7409 -0.2568
vn 0.5060 0.6567 -0.5592
vn 0.4857 0.7176 -0.4991
vn 0.1709 0.6771 -0.7157
vn 0.1348 0.5698 -0.8107
vn 0.2714 0.5844 -0.7648
vn 0.4613 0.5263 -0.7143
vn 0.4780 0.6187 -0.6235
vn 0.3617 0.5006 -0.7865
vn 0.4745 0.6205 -0.6244
vn 0.4670 0.6274 -0.6231
vn -0.6408 0.2699 -0.7187
vn -0.5728 0.3015 -0.7622
vn -0.5946 0.4129 -0.6899
vn -0.0273 0.4182 -0.9080
vn 0.1894 0.4808 -0.8561
vn 0.3769 0.5109 -0.7726
vn -0.0261 0.4457 -0.8948
vn -0.4988 0.3300 -0.8014
vn -0.4443 0.3602 -0.8203
vn -0.2149 0.4182 -0.8826
vn -0.0205 0.4631 -0.8861
vn -0.9745 0.0285 -0.2226
vn -0.8619 0.3260 -0.3885
vn -0.8321 0.2644 -0.4875
vn -0.7078 0.5176 -0.4808
vn -0.5742 0.5499 -0.6065
vn -0.8709 0.3881 -0.3015
vn -0.7271 0.5554 -0.4035
vn -0.5365 0.6844 -0.4937
vn -0.3044 0.7697 -0.5612
vn -0.7375 0.2734 -0.6176
vn -0.7094 0.2505 -0.6588
vn -0.4711 -0.8808 -0.0469
vn -0.3478 -0.9249 -0.1538
vn -0.2721 -0.9433 -0.1901
vn 0.4063 -0.8526 -0.3286
vn 0.4304 -0.8365 -0.3392
vn 0.1795 -0.9239 -0.3380
vn 0.3108 -0.7362 -0.6012
vn 0.2202 -0.8306 -0.5114
vn 0.2338 -0.8391 -0.4912
vn 0.0435 -0.7376 -0.6739
vn -0.0296 -0.8682 -0.4953
vn -0.1185 -0.8775 -0.4648
vn -0.8264 -0.5386 -0.1642
vn -0.8118 -0.5057 -0.2920
vn -0.8561 -0.4934 -0.1537
vn -0.8779 -0.4360 -0.1981
vn -0.5597 -0.6849 -0.4665
vn -0.6345 -0.6266 -0.4525
vn -0.7240 -0.6532 -0.2215
vn -0.7347 -0.5887 -0.3372
vn -0.7533 -0.5632 -0.3395
vn -0.1518 -0.8432 -0.5157
vn -0.3089 -0.7667 -0.5627
vn -0.4571 -0.8119 -0.3632
vn -0.4167 -0.7581 -0.5017
vn -0.5154 -0.7300 -0.4489
vn 0.1176 -0.7831 -0.6107
vn 0.4916 -0.7310 -0.4732
vn 0.4254 -0.8221 -0.3785
vn 0.4326 -0.8049 -0.4063
vn 0.2014 -0.8873 -0.4148
vn 0.4678 -0.7704 -0.4332
vn 0.4768 -0.7686 -0.4266
vn 0.4483 -0.8273 -0.3385
vn 0.3113 -0.9015 -0.3007
vn 0.3139 -0.9006 -0.3007
vn 0.0818 -0.9510 -0.2981
vn 0.3425 -0.8858 -0.3130
vn 0.4064 -0.8495 -0.3363
vn 0.2693 -0.9034 -0.3338
vn -0.0032 -0.9577 -0.2876
vn 0.2204 -0.9109 -0.3488
vn -0.1266 -0.9628 -0.2386
vn 0.0036 -0.9536 -0.3010
vn 0.2103 -0.9132 -0.3490
vn 0.1781 -0.9194 -0.3507
vn -0.3795 -0.9077 -0.1789
vn -0.2669 -0.9318 -0.2458
vn -0.1604 -0.9567 -0.2430
vn -0.5641 -0.8243 -0.0479
vn -0.5644 -0.8233 -0.0605
vn -0.6944 -0.7187 -0.0360
vn -0.7534 -0.6573 0.0165
vn -0.7333 -0.6767 0.0650
vn -0.7073 -0.7065 0.0265
vn -0.6921 -0.7131 0.1119
vn -0.7599 -0.6497 0.0224
vn -0.7167 -0.6973 -0.0125
vn -0.7774 -0.6284 0.0265
vn -0.7269 -0.6865 -0.0189
vn -0.7278 -0.6708 -0.1425
vn -0.8071 -0.5874 -0.0594
vn -0.7297 -0.6786 -0.0832
vn -0.7854 -0.6189 -0.0083
vn -0.7734 -0.6336 0.0192
vn -0.8587 -0.4898 -0.1507
vn -0.8711 -0.4767 -0.1181
vn -0.8205 -0.5643 -0.0915
vn -0.8049 -0.5901 -0.0621
vn -0.1540 -0.9176 -0.3666
vn -0.1681 -0.9487 -0.2679
vn -0.4826 -0.8340 -0.2673
vn -0.4974 -0.8505 -0.1709
vn -0.5510 -0.8274 -0.1086
vn -0.0106 0.0156 -0.9998
vn -0.0035 0.0168 -0.9999
vn 0.0470 0.0839 -0.9954
vn 0.0048 0.0198 -0.9998
vn 0.0196 0.0247 -0.9995
vn -0.0000 -0.0000 -1.0000
vn -0.0171 0.0116 -0.9998
vn -0.0378 0.0060 -0.9993
vn -0.2062 -0.0263 -0.9781
vn -0.1278 0.0533 -0.9904
vn -0.0689 0.0657 -0.9955
vn -0.0838 0.0526 -0.9951
vn 0.0880 0.0517 -0.9948
vn 0.2081 0.1305 -0.9694
vn 0.3272 0.1994 -0.9237
vn -0.6226 -0.1104 -0.7747
vn 0.3059 0.2711 -0.9126
vn 0.3121 0.2876 -0.9055
vn 0.4834 0.3211 -0.8144
vn 0.2252 0.2182 -0.9496
vn 0.4028 0.4326 -0.8066
vn 0.5091 0.3802 -0.7722
vn 0.3841 0.3787 -0.8421
vn 0.3691 0.2764 -0.8874
vn 0.1528 0.3082 -0.9390
vn 0.2241 0.2293 -0.9472
vn -0.2732 -0.0097 -0.9619
vn -0.2710 -0.0086 -0.9625
vn 0.6805 -0.4050 -0.6107
vn 0.6692 -0.4170 -0.6150
vn 0.4881 -0.3716 -0.7897
vn 0.5060 -0.3528 -0.7871
vn 0.3763 -0.2490 -0.8924
vn 0.2830 -0.2706 -0.9202
vn 0.3403 -0.2493 -0.9067
vn 0.2683 -0.3579 -0.8944
vn 0.3345 -0.3923 -0.8569
vn 0.3398 -0.3649 -0.8668
vn 0.3882 -0.3920 -0.8340
vn 0.3008 -0.3679 -0.8799
vn 0.4283 -0.3373 -0.8384
vn 0.4582 -0.3466 -0.8185
vn 0.5104 -0.4250 -0.7476
vn 0.3571 -0.4633 -0.8111
vn 0.5751 -0.4858 -0.6582
vn 0.4209 -0.4944 -0.7605
vn 0.5606 -0.5118 -0.6510
vn 0.5596 -0.6417 -0.5244
vn 0.4511 -0.6692 -0.5905
vn 0.5859 -0.6060 -0.5381
vn 0.4477 -0.5076 -0.7362
vn 0.4371 -0.5913 -0.6777
vn 0.0084 -0.4796 -0.8775
vn 0.6227 -0.5643 -0.5420
vn 0.5496 -0.6081 -0.5728
vn 0.6217 -0.5873 -0.5183
vn 0.5424 -0.6104 -0.5773
vn 0.5121 -0.6190 -0.5955
vn -0.0927 -0.0080 -0.9957
vn -0.1995 -0.0257 -0.9796
vn -0.2118 -0.0474 -0.9762
vn -0.0312 -0.0256 -0.9992
vn -0.0443 -0.0177 -0.9989
vn 0.1954 -0.1941 -0.9613
vn 0.3912 -0.2941 -0.8720
vn 0.2185 -0.1139 -0.9692
vn 0.1560 -0.0971 -0.9830
vn 0.0774 -0.1631 -0.9836
vn 0.1457 -0.0944 -0.9848
vn 0.1901 -0.1455 -0.9709
vn 0.0210 -0.0275 -0.9994
vn 0.0068 -0.0198 -0.9998
vn 0.0005 -0.0155 -0.9999
vn -0.0019 -0.0289 -0.9996
vn -0.0189 -0.0294 -0.9994
vn 0.6554 -0.3917 -0.6458
vn 0.6253 -0.3927 -0.6744
vn -0.1447 -0.0882 -0.9855
vn -0.9077 -0.2395 -0.3446
vn -0.7627 -0.2670 -0.5891
vn -0.9025 -0.2915 -0.3169
vn -0.8896 -0.3454 -0.2987
vn -0.7483 -0.4700 -0.4681
vn 0.3512 -0.6800 -0.6436
vn -0.3247 -0.0311 -0.9453
vn -0.2168 -0.1422 -0.9658
vn -0.1051 -0.2375 -0.9657
vn -0.1617 0.0499 -0.9856
vn -0.0604 0.0087 -0.9981
vn -0.0554 0.0082 -0.9984
vn -0.0625 0.0143 -0.9979
vn -0.0897 0.0343 -0.9954
vn -0.0867 0.0334 -0.9957
vn -0.3957 0.0134 -0.9183
vn -0.4660 0.1230 -0.8762
vn -0.3193 0.0939 -0.9430
vn -0.4679 0.1360 -0.8732
vn -0.4008 -0.0012 -0.9162
vn -0.2630 -0.1042 -0.9591
vn -0.3878 0.0003 -0.9217
vn -0.0391 -0.2620 -0.9643
vn 0.1458 -0.4663 -0.8725
vn 0.2819 -0.6000 -0.7486
vn 0.0983 -0.7425 -0.6626
vn -0.2902 -0.6196 -0.7293
vn -0.5516 -0.5678 -0.6111
vn -0.2010 -0.7173 -0.6672
vn -0.8820 -0.3989 -0.2507
vn -0.9185 -0.1844 -0.3497
vn -0.7907 -0.0975 -0.6044
vn -0.8977 -0.0469 -0.4382
vn -0.9014 -0.0802 -0.4256
vn -0.9402 -0.0101 -0.3405
vn -0.9293 -0.0359 -0.3675
vn -0.8512 0.0117 -0.5247
vn -0.7914 0.0074 -0.6113
vn -0.7879 -0.0001 -0.6158
vn -0.4728 0.1080 -0.8745
vn -0.5462 0.1065 -0.8308
vn -0.5826 -0.0662 -0.8101
vn -0.6562 0.0702 -0.7513
vn -0.6507 0.0594 -0.7570
vn -0.7130 0.0456 -0.6996
vn -0.4512 -0.3149 -0.8350
vn -0.3163 -0.4649 -0.8269
vn -0.0934 -0.4605 -0.8827
vn 0.0096 -0.6147 -0.7887
vn -0.4645 0.1063 -0.8792
vn -0.4139 -0.0135 -0.9102
vn -0.2292 -0.2624 -0.9373
vn -0.1827 -0.3107 -0.9328
vn -0.7805 -0.0787 -0.6201
vn -0.8179 -0.0386 -0.5741
vn -0.9262 -0.0258 -0.3761
vn -0.0921 0.0252 -0.9954
vn -0.0910 0.0224 -0.9956
vn -0.3484 0.0738 -0.9344
vn -0.8686 -0.2452 -0.4305
vn -0.2696 -0.0831 -0.9594
vn -0.0079 -0.0018 -1.0000
vn -0.2236 -0.0673 -0.9724
vn -0.1399 -0.0533 -0.9887
vn -0.1262 0.0081 -0.9920
vn -0.0995 0.0043 -0.9950
vn -0.4005 0.0052 -0.9163
vn -0.1402 -0.0051 -0.9901
vn -0.1854 -0.0131 -0.9826
vn -0.1518 -0.0204 -0.9882
vn -0.3370 -0.0679 -0.9391
vn -0.0733 -0.0132 -0.9972
vn -0.1798 0.0582 -0.9820
vn -0.4917 0.0949 -0.8656
vn -0.9173 0.2656 -0.2967
vn -0.6124 0.1317 -0.7795
vn -0.7865 0.0792 -0.6124
vn -0.9432 -0.0025 -0.3322
vn -0.9200 0.0333 -0.3906
vn -0.9526 0.0046 -0.3043
vn -0.9475 -0.0019 -0.3197
vn -0.9618 -0.0040 -0.2737
vn -0.9550 0.0024 -0.2967
vn -0.8870 -0.0135 -0.4615
vn -0.6355 -0.0909 -0.7667
vn -0.7789 -0.1012 -0.6189
vn -0.5608 -0.1123 -0.8203
vn -0.2708 -0.0637 -0.9605
vn -0.4173 -0.0854 -0.9048
vn -0.6126 -0.1071 -0.7831
vn -0.9218 0.0029 -0.3878
vn -0.8699 -0.0701 -0.4883
vn -0.7049 -0.0704 -0.7058
vn -0.8547 0.0024 -0.5191
vn -0.7877 -0.0006 -0.6160
vn -0.8621 0.0835 -0.4998
vn -0.9928 -0.0850 0.0850
vn -0.5710 0.0032 -0.8210
vn -0.2228 0.0284 -0.9744
vn -0.1176 0.0187 -0.9929
vn -0.9816 0.0958 0.1654
vn -0.6825 0.1084 -0.7228
vn -0.7729 0.1081 -0.6253
vn -0.9627 0.0032 -0.2706
vn -0.9544 -0.0000 -0.2985
vn -0.9257 0.0206 -0.3776
vn -0.9239 0.0043 -0.3825
vn -0.7845 0.0178 -0.6199
vn 0.1832 0.3791 -0.9070
vn 0.0583 0.3283 -0.9428
vn -0.0449 0.2453 -0.9684
vn -0.7911 0.0915 -0.6047
vn -0.9299 0.0386 -0.3659
vn -0.9436 0.0276 -0.3301
vn -0.5970 0.1371 -0.7905
vn -0.3370 0.1830 -0.9235
vn 0.1502 0.2956 -0.9434
vn -0.2423 0.0165 -0.9701
vn -0.2032 0.0563 -0.9775
vn -0.2221 -0.0375 -0.9743
vn -0.1021 -0.0243 -0.9945
vn -0.1344 -0.0316 -0.9904
vn -0.1447 -0.0302 -0.9890
vn -0.4141 0.0181 -0.9100
vn -0.6278 0.0133 -0.7783
vn -0.9508 0.0032 -0.3098
vn 0.4327 0.8878 -0.1566
vn 0.4512 0.8758 -0.1713
vn 0.4590 0.8669 -0.1945
vn 0.4564 0.8624 -0.2189
vn 0.5439 0.7606 -0.3545
vn 0.5827 0.7353 -0.3461
vn 0.6049 0.7445 -0.2824
vn 0.4857 0.8473 -0.2148
vn 0.4925 0.8397 -0.2287
vn 0.5329 0.8038 -0.2643
vn 0.4708 0.8624 -0.1858
vn 0.5694 0.6437 -0.5113
vn 0.5893 0.5929 -0.5488
vn 0.5500 0.5171 -0.6558
vn 0.5452 0.5031 -0.6706
vn 0.5679 0.3986 -0.7202
vn 0.4534 0.3594 -0.8156
vn 0.2380 0.1543 -0.9589
vn -0.4604 0.8876 -0.0160
vn -0.0328 0.9964 -0.0787
vn -0.1157 0.9897 -0.0847
vn -0.6962 0.7113 0.0966
vn -0.7077 0.7040 0.0601
vn -0.9416 0.2487 0.2271
vn -0.9525 0.2021 0.2276
vn -0.9733 0.1454 0.1777
vn -0.8844 0.4517 0.1173
vn -0.8899 0.4252 0.1650
vn -0.9228 0.3114 0.2269
vn -0.7756 0.6186 0.1253
vn -0.8240 0.5426 0.1631
vn -0.8323 0.5331 0.1520
vn -0.5150 0.8561 0.0424
vn -0.5221 0.8508 0.0596
vn -0.5929 0.8018 0.0750
vn -0.1699 0.9838 -0.0570
vn -0.2848 0.9586 0.0045
vn -0.4012 0.9160 0.0012
vn 0.0953 0.9881 -0.1207
vn 0.2096 0.9680 -0.1380
vn 0.2276 0.9631 -0.1437
vn 0.3482 0.9254 -0.1494
vn 0.3326 0.9298 -0.1577
vn 0.2419 0.9589 -0.1486
vn 0.2846 0.9454 -0.1591
vn 0.3516 0.9243 -0.1486
vn 0.3491 0.9246 -0.1522
vn -0.9808 0.1401 0.1355
vn -0.2211 0.9617 -0.1620
vn -0.0259 0.9679 -0.2502
vn -0.0851 0.9351 -0.3441
vn -0.1692 0.9590 -0.2272
vn -0.3499 0.9309 -0.1046
vn -0.4183 0.9068 -0.0523
vn -0.9272 0.2023 0.3151
vn -0.9600 0.1081 0.2583
vn -0.8786 0.4123 0.2409
vn -0.9523 0.1792 0.2469
vn -0.9535 0.1711 0.2480
vn -0.9075 0.3621 0.2128
vn 0.2492 0.9252 -0.2862
vn 0.1593 0.9570 -0.2426
vn 0.1680 0.9569 -0.2367
vn -0.0051 0.9516 -0.3073
vn -0.0196 0.9573 -0.2883
vn -0.1209 0.9663 -0.2273
vn -0.7961 0.4669 0.3849
vn -0.8791 0.3269 0.3469
vn -0.7858 0.5506 0.2817
vn -0.7650 0.5169 0.3841
vn -0.4907 0.8604 0.1379
vn -0.4902 0.8600 0.1421
vn -0.6825 0.7086 0.1788
vn -0.5655 0.7953 0.2185
vn -0.6362 0.7035 0.3168
vn -0.6105 0.6824 0.4021
vn -0.7968 0.3882 0.4631
vn -0.4027 0.9128 0.0683
vn -0.5531 0.8317 0.0473
vn -0.2877 0.9577 -0.0007
vn -0.2935 0.9559 -0.0054
vn -0.0698 0.9840 -0.1637
vn -0.2096 0.9641 -0.1629
vn -0.0592 0.9887 -0.1378
vn -0.1797 0.9812 -0.0707
vn -0.0253 0.9748 -0.2214
vn -0.0443 0.9602 -0.2759
vn -0.0240 0.9584 -0.2843
vn -0.0161 0.9423 -0.3343
vn 0.0047 0.9519 -0.3064
vn 0.5841 0.5647 -0.5831
vn 0.0859 0.9411 -0.3272
vn 0.0815 0.9335 -0.3492
vn -0.0209 0.9870 -0.1591
vn 0.1393 0.9634 -0.2292
vn 0.1028 0.9543 -0.2807
vn 0.2496 0.9507 -0.1843
vn 0.2211 0.9536 -0.2044
vn 0.2821 0.9433 -0.1750
vn 0.1746 0.9714 -0.1607
vn -0.0454 0.9926 -0.1122
vn -0.2737 0.9607 -0.0466
vn -0.4906 0.8712 0.0194
vn -0.6775 0.7301 0.0890
vn -0.8206 0.5514 0.1502
vn -0.8950 0.3137 0.3170
vn -0.7890 0.5915 0.1659
vn -0.2425 0.9668 -0.0812
vn -0.4532 0.8914 0.0077
vn -0.6471 0.7570 0.0903
vn 0.5840 0.5648 -0.5831
vn -0.0115 -0.9999 0.0116
vn -0.0000 -1.0000 -0.0001
vn -0.0070 -0.9998 0.0212
vn 0.0010 -0.9998 0.0223
vn 0.0048 -0.9998 0.0217
vn -0.0031 -0.9998 0.0221
vn 0.0085 -0.9998 0.0206
vn 0.0119 -0.9998 0.0188
vn 0.0148 -0.9998 0.0165
vn 0.0167 -0.9998 0.0142
vn 0.0182 -0.9998 0.0122
vn 0.0201 -0.9998 0.0096
vn 0.0215 -0.9998 0.0058
vn 0.0222 -0.9998 0.0018
vn 0.0222 -0.9998 -0.0022
vn 0.0214 -0.9998 -0.0060
vn 0.0201 -0.9998 -0.0096
vn 0.7287 -0.2964 0.6173
vn 0.7575 -0.1366 0.6384
vn 0.6602 -0.1544 0.7351
vn 0.8591 -0.0262 0.5111
vn 0.8611 -0.0254 -0.5077
vn 0.9019 -0.0252 -0.4312
vn 0.8936 -0.1354 -0.4279
vn 0.5292 -0.6780 -0.5102
vn 0.6331 -0.4726 -0.6131
vn 0.7192 -0.4726 -0.5094
vn 0.0762 -0.9920 -0.1004
vn 0.1108 -0.9822 -0.1515
vn 0.1937 -0.9633 -0.1857
vn 0.1881 -0.9504 -0.2478
vn 0.2510 -0.9064 -0.3397
vn 0.3645 -0.8626 -0.3507
vn -0.1787 -0.2847 0.9418
vn -0.1656 -0.3142 0.9348
vn -0.1284 -0.2989 0.9456
vn -0.2537 -0.4593 0.8513
vn -0.2435 -0.5547 0.7957
vn -0.2498 -0.4799 0.8410
vn 0.1213 0.0250 0.9923
vn 0.1395 0.0171 0.9901
vn 0.1630 0.0011 0.9866
vn 0.1474 0.0114 0.9890
vn 0.1619 0.0061 0.9868
vn 0.1714 0.0036 0.9852
vn 0.1842 0.0035 0.9829
vn 0.2079 -0.0224 0.9779
vn 0.1586 -0.0051 0.9873
vn 0.1577 -0.0055 0.9875
vn 0.1521 -0.0089 0.9883
vn 0.1449 -0.0156 0.9893
vn 0.1361 -0.0209 0.9905
vn 0.1242 -0.0385 0.9915
vn 0.1152 -0.0290 0.9929
vn 0.0836 -0.0262 0.9962
vn 0.1323 -0.0101 0.9912
vn 0.0074 0.0355 0.9993
vn -0.0322 0.0005 0.9995
vn -0.0424 0.0414 0.9982
vn -0.1220 -0.0013 0.9925
vn -0.2179 0.0015 0.9760
vn 0.0325 0.0211 0.9992
vn 0.0207 0.0083 0.9998
vn 0.0686 0.0002 0.9976
vn 0.0489 0.0041 0.9988
vn 0.1128 0.0191 0.9934
vn -0.3037 -0.0043 0.9527
vn -0.2616 0.0275 0.9648
vn -0.3880 0.0053 0.9216
vn -0.2887 0.0327 0.9569
vn -0.2405 0.0613 0.9687
vn -0.2114 0.0163 0.9773
vn -0.1166 0.0856 0.9895
vn -0.1097 0.0753 0.9911
vn -0.0657 0.0509 0.9965
vn -0.4097 -0.0300 0.9117
vn -0.4235 0.0348 0.9052
vn -0.4134 0.0685 0.9080
vn -0.4109 0.0027 0.9117
vn -0.3096 0.1081 0.9447
vn -0.3101 0.0755 0.9477
vn -0.6161 0.1278 0.7772
vn -0.5701 0.0849 0.8172
vn -0.6063 0.0198 0.7950
vn -0.5347 0.2042 0.8200
vn -0.4355 -0.0452 0.8990
vn -0.5023 0.0692 0.8619
vn -0.4684 0.0413 0.8826
vn 0.7142 -0.0260 -0.6995
vn 0.8037 -0.0259 -0.5944
vn 0.6210 -0.0522 -0.7821
vn 0.6220 -0.0250 -0.7826
vn -0.0128 -0.9999 0.0090
vn -0.0013 -1.0000 -0.0005
vn -0.0380 -0.9993 0.0004
vn -0.0482 -0.9940 0.0984
vn -0.0643 -0.9944 0.0835
vn -0.0928 -0.9883 0.1209
vn -0.1261 -0.9615 0.2443
vn -0.1848 -0.9577 0.2205
vn -0.1297 -0.9772 0.1680
vn -0.2369 -0.9076 0.3466
vn -0.2287 -0.9389 0.2572
vn -0.2164 -0.7929 0.5696
vn -0.2416 -0.8125 0.5306
vn -0.2190 -0.8724 0.4370
vn -0.2560 -0.8446 0.4702
vn -0.2288 -0.9092 0.3478
vn -0.2491 -0.8858 0.3916
vn -0.2510 -0.8717 0.4209
vn -0.1585 -0.8600 0.4851
vn -0.2181 -0.7427 0.6330
vn -0.2265 -0.5550 0.8004
vn -0.2430 -0.6115 0.7530
vn -0.2177 -0.6774 0.7027
vn -0.2475 -0.6754 0.6946
vn -0.2167 -0.7030 0.6774
vn -0.1213 -0.4671 0.8759
vn -0.1969 -0.3587 0.9125
vn -0.2540 -0.3916 0.8844
vn -0.1370 -0.1535 0.9786
vn -0.1853 -0.1648 0.9688
vn -0.2206 -0.2234 0.9494
vn -0.1530 -0.1820 0.9713
vn -0.1040 -0.1038 0.9891
vn -0.1641 -0.1296 0.9779
vn -0.1537 -0.1702 0.9733
vn -0.1531 -0.1820 0.9713
vn -0.0656 -0.0466 0.9968
vn -0.1006 -0.0355 0.9943
vn -0.0375 -0.1672 0.9852
vn 0.0360 -0.0262 0.9990
vn 0.0480 -0.0282 0.9985
vn 0.0389 -0.0434 0.9983
vn -0.0252 -0.0219 0.9994
vn -0.0374 -0.0351 0.9987
vn -0.0576 -0.0170 0.9982
vn 0.5826 -0.2596 -0.7702
vn 0.6138 -0.1585 -0.7734
vn 0.7047 -0.1396 -0.6957
vn 0.6210 -0.0520 -0.7821
vn 0.3444 -0.8208 -0.4557
vn 0.4141 -0.7221 -0.5541
vn 0.4777 -0.6101 -0.6321
vn 0.5219 -0.4944 -0.6951
vn 0.5570 -0.3816 -0.7377
vn 0.6793 -0.2889 -0.6746
vn 0.7961 -0.1352 -0.5899
vn 0.7752 -0.3010 -0.5554
vn 0.6005 -0.6771 -0.4254
vn 0.7952 -0.4725 -0.3800
vn 0.8589 -0.3060 -0.4107
vn 0.8527 -0.1443 -0.5021
vn 0.9260 -0.1448 -0.3486
vn 0.9354 -0.0250 -0.3526
vn 0.9541 -0.1354 -0.2670
vn 0.9628 -0.0251 -0.2691
vn 0.9168 -0.3061 -0.2564
vn 0.9725 -0.1450 -0.1825
vn 0.9824 -0.0256 -0.1849
vn 0.4154 -0.8607 -0.2942
vn 0.6640 -0.6770 -0.3174
vn 0.8488 -0.4725 -0.2373
vn 0.9496 -0.3011 -0.0869
vn 0.9859 -0.1416 -0.0888
vn 0.9950 -0.0258 -0.0967
vn 0.9996 -0.0257 -0.0087
vn 0.9504 -0.3003 0.0807
vn 0.9861 -0.1654 -0.0185
vn 0.9860 -0.1417 0.0878
vn 0.9963 -0.0260 0.0813
vn 0.0364 -0.9981 -0.0498
vn 0.0797 -0.9941 -0.0732
vn 0.2234 -0.9618 -0.1582
vn 0.4594 -0.8607 -0.2196
vn 0.7089 -0.6769 -0.1982
vn 0.8772 -0.4724 -0.0853
vn 0.9851 -0.0259 0.1703
vn 0.9204 -0.3004 0.2503
vn 0.9734 -0.1661 0.1578
vn 0.9541 -0.1418 0.2639
vn 0.9655 -0.0262 0.2590
vn 0.0137 -0.9997 -0.0194
vn 0.0877 -0.9942 -0.0621
vn 0.2470 -0.9618 -0.1181
vn 0.4905 -0.8606 -0.1371
vn 0.7326 -0.6769 -0.0712
vn 0.8785 -0.4724 0.0716
vn 0.8597 -0.3005 0.4132
vn 0.9287 -0.1668 0.3312
vn 0.8902 -0.1417 0.4330
vn 0.9379 -0.0262 0.3459
vn 0.9023 -0.0264 0.4303
vn 0.7889 -0.3008 0.5358
vn 0.8529 -0.1665 0.4949
vn 0.8086 -0.1354 0.5726
vn 0.8148 -0.0259 0.5791
vn 0.7510 0.0117 0.6602
vn 0.4949 0.0131 0.8689
vn 0.6282 0.0140 0.7779
vn 0.7618 -0.0235 0.6474
vn 0.7954 0.0023 -0.6060
vn 0.4570 -0.0206 0.8892
vn 0.5407 -0.0551 0.8394
vn 0.5514 -0.0099 0.8342
vn 0.6777 -0.0496 0.7337
vn 0.6728 -0.0130 0.7397
vn 0.8570 0.0117 0.5152
vn 0.6382 -0.2961 0.7106
vn 0.5456 -0.1544 0.8237
vn 0.5137 -0.3010 0.8034
vn 0.4508 -0.1495 0.8800
vn 0.3633 -0.3057 0.8801
vn 0.3784 -0.1352 0.9157
vn 0.2960 -0.1445 0.9442
vn 0.2036 -0.3049 0.9304
vn 0.9365 0.0091 0.3505
vn 0.6290 -0.0008 0.7774
vn 0.5825 0.0010 0.8128
vn 0.5311 0.0020 0.8473
vn 0.4481 0.0021 0.8940
vn 0.3810 -0.0252 0.9242
vn 0.3580 0.0031 0.9337
vn 0.2995 -0.0253 0.9538
vn 0.2628 0.0025 0.9648
vn 0.2113 -0.1346 0.9681
vn 0.1244 -0.1438 0.9818
vn 0.0305 -0.2978 0.9541
vn 0.0291 -0.1396 0.9898
vn 0.7958 -0.4723 0.3789
vn 0.7306 -0.4731 0.4923
vn 0.6721 -0.4733 0.5694
vn 0.5889 -0.4726 0.6557
vn 0.4708 -0.4725 0.7451
vn 0.3365 -0.4720 0.8149
vn 0.1893 -0.4707 0.8617
vn 0.0344 -0.4685 0.8828
vn 0.7111 -0.6768 0.1907
vn 0.6647 -0.6767 0.3165
vn 0.6095 -0.6781 0.4107
vn 0.5606 -0.6783 0.4750
vn 0.4917 -0.6771 0.5475
vn 0.3932 -0.6770 0.6221
vn 0.2814 -0.6766 0.6805
vn 0.1590 -0.6757 0.7199
vn 0.0299 -0.6741 0.7380
vn -0.1019 -0.6728 0.7328
vn 0.5078 -0.8605 0.0414
vn 0.4921 -0.8605 0.1320
vn 0.4601 -0.8604 0.2191
vn 0.4208 -0.8617 0.2834
vn 0.3867 -0.8620 0.3278
vn 0.3401 -0.8608 0.3787
vn 0.2721 -0.8607 0.4303
vn 0.1949 -0.8605 0.4707
vn 0.1106 -0.8601 0.4979
vn 0.0214 -0.8596 0.5105
vn -0.0701 -0.8592 0.5068
vn 0.2727 -0.9617 -0.0265
vn 0.2731 -0.9617 0.0223
vn 0.2647 -0.9617 0.0710
vn 0.2475 -0.9617 0.1178
vn 0.2258 -0.9622 0.1520
vn 0.2074 -0.9623 0.1758
vn 0.1828 -0.9618 0.2036
vn 0.1463 -0.9618 0.2313
vn 0.1049 -0.9618 0.2530
vn 0.0596 -0.9617 0.2675
vn 0.0117 -0.9616 0.2741
vn -0.0376 -0.9616 0.2719
vn -0.0863 -0.9616 0.2605
vn 0.1036 -0.9942 -0.0290
vn 0.1071 -0.9942 -0.0104
vn 0.1073 -0.9942 0.0087
vn 0.1040 -0.9942 0.0279
vn 0.0973 -0.9942 0.0463
vn 0.0883 -0.9943 0.0594
vn 0.0810 -0.9943 0.0687
vn 0.0718 -0.9942 0.0799
vn 0.0574 -0.9942 0.0908
vn 0.0412 -0.9942 0.0993
vn 0.0234 -0.9942 0.1050
vn 0.0046 -0.9942 0.1075
vn -0.0148 -0.9942 0.1067
vn -0.0339 -0.9942 0.1022
vn 0.0030 -1.0000 -0.0018
vn 0.0137 -0.9998 -0.0121
vn 0.0417 -0.9991 -0.0007
vn 0.8513 -0.4724 0.2283
vn 0.7337 -0.6768 0.0598
vn 0.5070 -0.8606 -0.0493
vn 0.2638 -0.9618 -0.0737
vn 0.0970 -0.9942 -0.0464
vn 0.0181 -0.9998 -0.0128
vn 0.0066 -0.9998 -0.0169
vn 0.0069 -0.9998 -0.0211
vn -0.0148 -0.9998 -0.0166
vn -0.0167 -0.9998 -0.0142
vn 0.3405 -0.6771 -0.6524
vn 0.2341 -0.8615 -0.4506
vn 0.1583 -0.8606 -0.4840
vn 0.0851 -0.9618 -0.2603
vn 0.4502 -0.0251 -0.8926
vn 0.2146 -0.1662 -0.9625
vn 0.3294 -0.1352 -0.9345
vn 0.2998 -0.3005 -0.9055
vn -0.1457 -0.9618 -0.2317
vn -0.0572 -0.9942 -0.0910
vn -0.0716 -0.9942 -0.0800
vn -0.8278 -0.0255 -0.5604
vn -0.7262 -0.6831 -0.0782
vn -0.8725 -0.4743 -0.1174
vn -0.8414 -0.4798 -0.2488
vn -0.2485 -0.9618 0.1149
vn -0.4335 -0.8806 0.1912
vn -0.4883 -0.8643 0.1208
vn -0.2575 -0.9110 0.3221
vn -0.2388 -0.9293 0.2819
vn -0.2603 -0.9339 0.2451
vn -0.1943 -0.9633 0.1849
vn -0.6785 -0.7210 0.1411
vn -0.7043 -0.6887 0.1725
vn -0.6058 -0.7832 0.1401
vn 0.5423 -0.0251 -0.8398
vn -0.7140 -0.2453 0.6558
vn -0.7191 -0.2397 0.6523
vn -0.6393 0.2377 0.7313
vn -0.5866 0.4686 0.6606
vn -0.6245 0.1834 0.7592
vn -0.6418 -0.1935 0.7421
vn -0.8277 0.1504 0.5407
vn -0.8283 0.1551 0.5384
vn -0.8042 0.2388 0.5442
vn -0.7908 -0.0874 0.6058
vn -0.7860 -0.1101 0.6084
vn -0.7844 -0.1222 0.6081
vn -0.7842 -0.1232 0.6082
vn -0.7096 0.2964 0.6393
vn -0.6116 0.5700 0.5487
vn -0.6734 0.4227 0.6065
vn -0.7263 -0.2186 0.6517
vn -0.7200 -0.2307 0.6544
vn -0.7140 -0.2451 0.6559
vn -0.8224 -0.0286 0.5682
vn -0.8680 -0.2574 0.4246
vn -0.8692 -0.2529 0.4249
vn -0.6664 0.7442 0.0459
vn -0.6681 0.7427 0.0455
vn -0.6480 0.7600 0.0499
vn -0.6479 0.7600 0.0509
vn -0.6268 0.7780 0.0426
vn -0.6284 0.7767 0.0433
vn -0.9563 -0.0173 -0.2919
vn -0.9428 -0.1506 -0.2973
vn -0.9092 -0.2991 -0.2896
vn -0.7082 -0.7043 0.0494
vn -0.6202 -0.7792 0.0905
vn -0.5409 -0.8229 0.1740
vn -0.5726 -0.8063 0.1484
vn -0.5732 -0.8054 0.1510
vn -0.5951 -0.7925 0.1337
vn -0.4360 -0.8676 0.2391
vn -0.4052 -0.8931 0.1953
vn -0.4098 -0.8874 0.2109
vn -0.4531 -0.8704 0.1926
vn -0.5208 -0.8339 0.1827
vn -0.2602 -0.9351 0.2406
vn -0.2719 -0.9362 0.2228
vn -0.2243 -0.9627 0.1512
vn -0.3020 -0.9319 0.2011
vn -0.3082 -0.9281 0.2089
vn -0.4214 -0.8669 0.2663
vn -0.3512 -0.9097 0.2215
vn -0.2594 -0.9075 0.3302
vn -0.2401 -0.9239 0.2980
vn -0.0816 -0.9941 0.0719
vn -0.0075 -0.9997 0.0243
vn -0.0884 -0.9942 0.0610
vn -0.0183 -0.9998 0.0126
vn -0.0976 -0.9942 0.0451
vn -0.2647 -0.9618 0.0703
vn -0.5076 -0.8606 0.0426
vn -0.1072 -0.9942 -0.0102
vn -0.0222 -0.9998 -0.0021
vn -0.0222 -0.9998 0.0019
vn -0.9332 -0.0264 -0.3585
vn -0.9242 -0.1667 -0.3437
vn -0.8560 -0.3005 -0.4206
vn -0.8886 -0.0269 -0.4580
vn -0.8806 -0.1352 -0.4541
vn -0.5501 -0.0099 -0.8351
vn -0.6764 -0.0496 -0.7349
vn -0.6699 -0.0157 -0.7423
vn -0.7576 -0.1365 -0.6383
vn -0.8211 -0.1353 -0.5546
vn -0.7636 -0.0256 -0.6452
vn -0.0202 -0.9998 0.0093
vn -0.1039 -0.9942 0.0276
vn -0.2730 -0.9617 0.0229
vn -0.5072 -0.8605 -0.0481
vn -0.7085 -0.6768 -0.2002
vn -0.7924 -0.4725 -0.3858
vn -0.7914 -0.2964 -0.5346
vn -0.0118 -0.9998 -0.0188
vn -0.0085 -0.9998 -0.0206
vn -0.1036 -0.9942 -0.0293
vn -0.2638 -0.9617 -0.0745
vn -0.2462 -0.9618 -0.1198
vn -0.4579 -0.8606 -0.2229
vn -0.4203 -0.8619 -0.2837
vn -0.6090 -0.6783 -0.4112
vn -0.5607 -0.6783 -0.4750
vn -0.6722 -0.4733 -0.5693
vn -0.5877 -0.4726 -0.6567
vn -0.6370 -0.2961 -0.7118
vn -0.5122 -0.3010 -0.8044
vn -0.5440 -0.1545 -0.8248
vn -0.4492 -0.1497 -0.8808
vn -0.0409 -0.9942 -0.0995
vn -0.1041 -0.9618 -0.2533
vn -0.1935 -0.8606 -0.4710
vn -0.0048 -0.9998 -0.0217
vn -0.3620 -0.3060 -0.8805
vn -0.4693 -0.4725 -0.7460
vn -0.4907 -0.6771 -0.5484
vn -0.3869 -0.8619 -0.3278
vn -0.2254 -0.9623 -0.1521
vn -0.0967 -0.9942 -0.0470
vn -0.0215 -0.9998 -0.0061
vn -0.0230 -0.9942 -0.1051
vn -0.0586 -0.9618 -0.2676
vn -0.1090 -0.8606 -0.4975
vn -0.1575 -0.6769 -0.7190
vn -0.0009 -0.9998 -0.0223
vn -0.0200 -0.9998 -0.0097
vn -0.0881 -0.9943 -0.0594
vn -0.2075 -0.9623 -0.1759
vn -0.3394 -0.8608 -0.3793
vn -0.3919 -0.6770 -0.6230
vn -0.3350 -0.4725 -0.8152
vn -0.2038 -0.3062 -0.9299
vn -0.3772 -0.1354 -0.9162
vn -0.2957 -0.1449 -0.9442
vn -0.2123 -0.1354 -0.9678
vn -0.1263 -0.1451 -0.9813
vn -0.0215 -0.9998 0.0057
vn -0.1072 -0.9942 0.0090
vn -0.2728 -0.9617 -0.0259
vn -0.4903 -0.8605 -0.1386
vn -0.6618 -0.6770 -0.3222
vn -0.7300 -0.4733 -0.4930
vn -0.7288 -0.2964 -0.6172
vn -0.6589 -0.1544 -0.7363
vn -0.5392 -0.0552 -0.8404
vn -0.4541 -0.0187 -0.8907
vn -0.3814 -0.0236 -0.9241
vn -0.2987 -0.0248 -0.9540
vn -0.2139 -0.0241 -0.9766
vn -0.1284 -0.0250 -0.9914
vn -0.0042 -0.9942 -0.1075
vn -0.0108 -0.9617 -0.2737
vn -0.0200 -0.8606 -0.5090
vn -0.0289 -0.6769 -0.7355
vn -0.0346 -0.4724 -0.8807
vn 0.0031 -0.9998 -0.0221
vn -0.0388 -0.0249 -0.9989
vn -0.0317 -0.1417 -0.9894
vn -0.0320 -0.3011 -0.9530
vn -0.1886 -0.4725 -0.8609
vn -0.2797 -0.6770 -0.6808
vn -0.2711 -0.8607 -0.4309
vn -0.1825 -0.9618 -0.2039
vn -0.0810 -0.9943 -0.0687
vn -0.0181 -0.9998 -0.0122
vn 0.0486 -0.0251 -0.9985
vn 0.0150 -0.9942 -0.1066
vn 0.0381 -0.9617 -0.2714
vn 0.0709 -0.8605 -0.5045
vn 0.1024 -0.6768 -0.7290
vn 0.1226 -0.4724 -0.8728
vn 0.1359 -0.3003 -0.9441
vn 0.0385 -0.1657 -0.9854
vn 0.1452 -0.1417 -0.9792
vn 0.3320 -0.0260 -0.9429
vn 0.2278 -0.0251 -0.9734
vn 0.1396 -0.0257 -0.9899
vn 0.0484 -0.9940 -0.0981
vn 0.0334 -0.9942 -0.1022
vn 0.1244 -0.9627 -0.2404
vn 0.4548 -0.1448 -0.8787
vn 0.4528 -0.2907 -0.8429
vn 0.2740 -0.4725 -0.8377
vn 0.4096 -0.4722 -0.7805
vn 0.2288 -0.6770 -0.6995
vn 0.5252 -0.1859 -0.8304
vn -0.2425 -0.9702 -0.0049
vn -0.0592 -0.9963 -0.0622
vn -0.0250 -0.9874 -0.1565
vn -0.2652 -0.9573 0.1150
vn -0.2083 -0.9779 -0.0190
vn -0.2053 -0.9786 -0.0128
vn -0.3199 -0.9473 -0.0167
vn -0.4250 -0.9051 -0.0100
vn -0.4449 -0.8955 -0.0059
vn -0.6174 -0.7865 0.0178
vn -0.5960 -0.8015 0.0497
vn -0.4700 -0.8826 0.0102
vn -0.4233 -0.9025 -0.0792
vn -0.2949 -0.9363 -0.1906
vn -0.2317 -0.9519 -0.2006
vn -0.1953 -0.9615 -0.1931
vn -0.0601 -0.9652 -0.2544
vn -0.0336 -0.9439 -0.3286
vn 0.0882 -0.9421 -0.3235
vn 0.0936 -0.9441 -0.3161
vn 0.5495 -0.6959 -0.4624
vn 0.5185 -0.6752 -0.5246
vn 0.3175 -0.8394 -0.4411
vn 0.1318 -0.9292 -0.3452
vn 0.0218 -0.9404 -0.3394
vn -0.1938 -0.9524 -0.2352
vn 0.0558 -0.9500 -0.3073
vn 0.0565 -0.9402 -0.3358
vn 0.3107 -0.8182 -0.4837
vn -0.1966 -0.9479 -0.2507
vn -0.0115 -0.9279 -0.3727
vn -0.0099 -0.9279 -0.3727
vn -0.1611 -0.9568 -0.2421
vn -0.0585 -0.9307 -0.3611
vn -0.0330 -0.9228 -0.3838
vn -0.0336 -0.9181 -0.3949
vn -0.0454 -0.9178 -0.3944
vn -0.0248 -0.9166 -0.3991
vn -0.0127 -0.9288 -0.3704
vn -0.0801 -0.9705 -0.2272
vn -0.0133 -0.9427 -0.3333
vn -0.0559 -0.9343 -0.3521
vn -0.0707 -0.9756 -0.2078
vn 0.4618 -0.8675 -0.1852
vn 0.4497 -0.8753 -0.1778
vn 0.5270 -0.7917 -0.3091
vn 0.4248 -0.8905 -0.1627
vn 0.4314 -0.8881 -0.1586
vn 0.4884 -0.8260 -0.2816
vn 0.4425 -0.8793 -0.1764
vn 0.4603 -0.8677 -0.1876
vn 0.4491 -0.8788 -0.1614
vn 0.4538 -0.8743 -0.1721
vn 0.5498 -0.7876 -0.2783
vn 0.4744 -0.8634 -0.1718
vn 0.5215 -0.8274 -0.2086
vn 0.4602 -0.8725 -0.1643
vn 0.4555 -0.8739 -0.1697
vn 0.3882 -0.8999 -0.1988
vn 0.4046 -0.8967 -0.1796
vn 0.4522 -0.8427 -0.2921
vn 0.4199 -0.8914 -0.1706
vn 0.4221 -0.8904 -0.1706
vn 0.2586 -0.9004 -0.3499
vn 0.2381 -0.9006 -0.3637
vn 0.2846 -0.9031 -0.3214
vn 0.3071 -0.9032 -0.2998
vn 0.3373 -0.8954 -0.2908
vn 0.3423 -0.9002 -0.2694
vn 0.3699 -0.9039 -0.2148
vn 0.3877 -0.9001 -0.1989
vn 0.5585 -0.6839 -0.4693
vn 0.5563 -0.4525 -0.6970
vn 0.5470 -0.3892 -0.7411
vn 0.5910 -0.5769 -0.5638
vn 0.5191 -0.3654 -0.7727
vn 0.4663 -0.2719 -0.8418
vn 0.6048 -0.7027 -0.3748
vn 0.5880 -0.6936 -0.4161
vn 0.5985 -0.5885 -0.5436
vn 0.1723 -0.9848 -0.0223
vn 0.1675 -0.9859 -0.0044
vn 0.1189 -0.9928 -0.0114
vn 0.0794 -0.9968 -0.0011
vn 0.0349 -0.9994 -0.0038
vn 0.1977 -0.9792 -0.0454
vn 0.1088 -0.9941 -0.0010
vn 0.1007 -0.9948 -0.0137
vn 0.2186 -0.9755 -0.0228
vn 0.3384 -0.9390 -0.0610
vn 0.2703 -0.9626 -0.0199
vn 0.2646 -0.9638 -0.0339
vn 0.2342 -0.9721 -0.0120
vn 0.3638 -0.9278 -0.0831
vn 0.3797 -0.9198 -0.0993
vn 0.3600 -0.9136 -0.1888
vn 0.3720 -0.9205 -0.1193
vn 0.3598 -0.9287 -0.0895
vn 0.3869 -0.9164 -0.1030
vn 0.3157 -0.9468 -0.0623
vn 0.2030 -0.9790 -0.0173
vn 0.2464 -0.9687 -0.0284
vn 0.2879 -0.9561 -0.0545
vn 0.0558 0.9984 0.0014
vn 0.1248 0.9922 0.0017
vn 0.0852 0.9963 -0.0083
vn 0.0195 0.9998 0.0058
vn -0.0236 0.9997 0.0074
vn 0.0788 0.9969 -0.0067
vn -0.0322 0.9995 -0.0002
vn 0.0268 0.9996 0.0015
vn 0.2920 0.9551 -0.0501
vn 0.2595 0.9654 -0.0254
vn 0.2819 0.9585 -0.0414
vn 0.1636 0.9864 -0.0123
vn 0.1271 0.9919 -0.0039
vn 0.1843 0.9828 -0.0122
vn 0.4059 0.9041 -0.1333
vn 0.3898 0.9147 -0.1065
vn 0.3821 0.9179 -0.1071
vn 0.3513 0.9342 -0.0629
vn 0.2861 0.9580 -0.0180
vn 0.2444 0.9697 0.0025
vn 0.2559 0.9641 0.0703
vn 0.1405 0.9901 -0.0035
vn 0.0831 0.9965 -0.0027
vn 0.2466 0.9690 -0.0158
vn 0.4290 0.8938 -0.1305
vn 0.3775 0.9228 -0.0774
vn 0.3730 0.9266 -0.0475
vn 0.3519 0.9331 -0.0743
vn 0.3654 0.9279 -0.0740
vn 0.2995 0.9539 -0.0189
vn 0.2473 0.9689 -0.0073
vn 0.2045 0.9787 -0.0186
vn 0.1999 0.9785 -0.0513
vn 0.2375 0.9695 -0.0611
vn 0.2000 0.9797 -0.0137
vn 0.2361 0.9714 -0.0249
vn 0.1972 0.9804 -0.0026
vn 0.1957 0.9807 -0.0017
vn 0.1995 0.9798 -0.0125
vn 0.1635 0.9865 0.0112
vn 0.1865 0.9824 -0.0087
vn 0.1847 0.9827 0.0112
vn 0.1837 0.9830 0.0027
vn 0.1512 0.9885 0.0025
vn 0.3254 0.9347 -0.1427
vn 0.3136 0.9474 -0.0632
vn 0.3054 0.9490 -0.0777
vn 0.3042 0.9483 -0.0902
vn 0.2618 0.9640 -0.0469
vn 0.2625 0.9640 -0.0421
vn 0.2626 0.9647 -0.0188
vn 0.2756 0.9609 -0.0279
vn 0.3071 0.9512 -0.0293
vn 0.2974 0.9540 -0.0370
vn 0.2433 0.9686 -0.0515
vn 0.2575 0.9651 -0.0469
vn 0.2065 0.9748 -0.0847
vn 0.1993 0.9746 -0.1022
vn 0.2311 0.9683 -0.0952
vn 0.2106 0.9754 -0.0655
vn 0.2736 0.9597 -0.0635
vn 0.2496 0.9658 -0.0707
vn 0.2504 0.9533 -0.1688
vn 0.2408 0.9621 -0.1280
vn 0.1639 0.9586 -0.2330
vn 0.0715 0.9503 -0.3029
vn 0.0408 0.9439 -0.3276
vn 0.0595 0.9572 -0.2833
vn 0.1074 0.9742 -0.1987
vn 0.0938 0.9752 -0.2003
vn 0.1272 0.9670 -0.2207
vn 0.0861 0.9751 -0.2044
vn 0.0243 0.9662 -0.2565
vn 0.0410 0.9723 -0.2299
vn 0.0628 0.9700 -0.2350
vn 0.1484 0.9787 -0.1420
vn 0.1434 0.9767 -0.1596
vn 0.1898 0.9704 -0.1492
vn 0.1193 0.9738 -0.1935
vn 0.1897 0.9750 -0.1156
vn 0.1723 0.9755 -0.1370
vn 0.1701 0.9748 -0.1440
vn 0.0731 0.9503 -0.3027
vn 0.1553 0.9625 -0.2224
vn 0.1436 0.9644 -0.2222
vn 0.2318 0.9659 -0.1155
vn 0.2072 0.9699 -0.1282
vn -0.4061 0.4979 0.7663
vn -0.4428 0.3404 0.8295
vn -0.4256 0.5504 0.7183
vn -0.6459 0.3249 0.6909
vn -0.4440 0.3488 0.8253
vn -0.2379 0.6260 0.7426
vn 0.0891 0.7854 0.6126
vn -0.1133 0.7960 0.5946
vn -0.1671 0.7545 0.6347
vn -0.1230 0.7278 0.6747
vn 0.1549 0.9133 0.3767
vn 0.1500 0.8692 0.4712
vn 0.0450 0.8563 0.5145
vn 0.1358 0.8658 0.4816
vn 0.1092 0.8508 0.5141
vn 0.0886 0.7962 0.5985
vn 0.1212 0.8152 0.5663
vn 0.1158 0.9289 0.3517
vn -0.0132 0.9025 0.4305
vn 0.0918 0.9312 0.3527
vn -0.0125 0.9262 0.3768
vn 0.1055 0.9318 0.3474
vn -0.0772 0.9948 0.0659
vn 0.0784 0.9956 0.0511
vn -0.0556 0.9586 0.2793
vn 0.0492 0.9796 0.1948
vn 0.1435 0.9721 0.1854
vn 0.0931 0.9776 -0.1889
vn 0.0109 0.9997 -0.0196
vn 0.0029 1.0000 -0.0047
vn -0.2766 0.9317 0.2355
vn -0.3249 0.9372 0.1271
vn -0.5878 0.7226 0.3636
vn -0.5145 0.8077 0.2880
vn -0.4909 0.7843 0.3794
vn -0.5597 0.7050 0.4355
vn -0.5705 0.7081 0.4161
vn -0.5734 0.7305 0.3709
vn -0.4724 0.7486 0.4652
vn -0.5673 0.6186 0.5436
vn -0.4659 0.6938 0.5491
vn -0.5817 0.5983 0.5511
vn -0.4563 0.6596 0.5973
vn -0.5918 0.5901 0.5492
vn -0.2471 0.9018 0.3546
vn -0.2281 0.8596 0.4573
vn -0.2064 0.8318 0.5153
vn -0.3964 0.3569 0.8459
vn -0.4308 0.1249 0.8938
vn -0.4254 0.1977 0.8831
vn -0.1411 0.6412 0.7543
vn -0.1733 0.4872 0.8559
vn -0.3689 0.3209 0.8723
vn 0.0870 0.7280 0.6801
vn 0.1088 0.6282 0.7704
vn -0.1360 0.6356 0.7599
vn 0.1404 0.7633 0.6307
vn 0.1352 0.8029 0.5805
vn 0.0640 0.7916 0.6077
vn 0.1278 0.0413 0.9909
vn -0.0246 0.1689 0.9853
vn -0.3757 0.2311 0.8975
vn 0.1784 0.0014 0.9840
vn 0.1787 0.0087 0.9839
vn 0.1786 0.0193 0.9837
vn 0.1776 0.0279 0.9837
vn 0.1713 0.0398 0.9844
vn 0.1734 0.1029 0.9795
vn 0.1722 0.1712 0.9701
vn 0.0891 0.1204 0.9887
vn 0.1482 0.1996 0.9686
vn 0.1572 0.2146 0.9640
vn 0.1684 0.0602 0.9839
vn 0.1694 0.0612 0.9836
vn 0.1960 0.2914 0.9363
vn 0.0430 0.1955 0.9798
vn 0.1346 0.2841 0.9493
vn 0.1314 0.3939 0.9097
vn 0.0500 0.3178 0.9468
vn 0.1817 0.3898 0.9028
vn 0.1456 0.3040 0.9415
vn 0.1883 0.6150 0.7658
vn 0.1662 0.5335 0.8293
vn 0.0615 0.4644 0.8835
vn 0.2151 0.5247 0.8237
vn 0.1533 0.4007 0.9033
vn 0.1950 0.6717 0.7147
vn 0.0688 0.6425 0.7632
vn 0.1762 0.6953 0.6968
vn 0.1566 0.7411 0.6528
vn 0.1486 0.7309 0.6661
vn -0.1542 0.4686 0.8698
vn -0.3423 0.1513 0.9273
vn -0.2447 0.1931 0.9502
vn -0.1420 0.2904 0.9463
vn -0.1140 0.1762 0.9777
vn -0.1207 -0.8227 0.5554
vn 0.1494 -0.1103 0.9826
vn 0.1336 -0.1431 0.9806
vn 0.0227 -0.0792 0.9966
vn 0.0794 -0.8482 0.5237
vn 0.0602 -0.8905 0.4509
vn -0.1333 -0.8789 0.4580
vn 0.0605 -0.8905 0.4510
vn 0.0456 -0.9227 0.3828
vn 0.0255 -0.9681 0.2494
vn -0.0830 -0.9371 0.3390
vn -0.2356 -0.8639 0.4453
vn -0.2204 -0.9116 0.3471
vn -0.2314 -0.9097 0.3449
vn 0.0735 -0.8000 0.5955
vn 0.0895 -0.8082 0.5821
vn -0.1090 -0.7502 0.6521
vn 0.0956 -0.7531 0.6509
vn -0.0925 -0.6626 0.7432
vn 0.1007 -0.7008 0.7062
vn 0.1187 -0.5983 0.7924
vn 0.1230 -0.6024 0.7887
vn -0.0712 -0.5697 0.8188
vn 0.1166 -0.6532 0.7482
vn 0.1001 -0.7004 0.7067
vn 0.1338 -0.5574 0.8194
vn -0.0435 -0.4100 0.9111
vn 0.1146 -0.4936 0.8621
vn 0.0993 -0.4405 0.8923
vn 0.0983 -0.4632 0.8808
vn 0.1281 -0.3773 0.9172
vn -0.0254 -0.2712 0.9622
vn 0.1417 -0.3311 0.9329
vn 0.1181 -0.3072 0.9443
vn -0.0058 -0.1950 0.9808
vn 0.1058 -0.3020 0.9474
vn 0.1363 -0.1428 0.9803
vn 0.1427 -0.2080 0.9677
vn 0.1361 -0.2778 0.9509
vn 0.1545 -0.0799 0.9847
vn 0.1583 -0.0806 0.9841
vn 0.1775 -0.0207 0.9839
vn 0.1831 -0.0300 0.9826
vn 0.1714 -0.0416 0.9843
vn 0.1660 -0.0640 0.9840
vn 0.1630 -0.0865 0.9828
vn 0.1817 -0.0104 0.9833
vn 0.1809 -0.0058 0.9835
vn -0.0053 -0.9872 0.1597
vn -0.0275 -0.9943 0.1032
vn -0.1800 -0.9509 0.2516
vn -0.2709 -0.9384 0.2143
vn -0.1961 -0.9661 0.1677
vn -0.0189 -0.9966 0.0796
vn -0.0514 -0.9986 0.0097
vn -0.0147 -0.9948 -0.1011
vn -0.0037 -0.9892 -0.1469
vn -0.1951 -0.9339 0.2995
vn -0.0009 -0.9789 0.2045
vn -0.0011 -0.9761 0.2174
vn 0.1564 -0.9708 -0.1819
vn 0.1631 -0.9707 -0.1766
vn 0.0950 -0.9617 -0.2570
vn 0.1374 -0.9373 -0.3202
vn 0.1131 -0.9755 -0.1885
vn 0.0811 -0.9627 -0.2582
vn 0.0853 -0.9731 -0.2139
vn 0.0587 -0.9698 -0.2368
vn 0.1354 -0.9725 -0.1895
vn 0.1418 -0.9701 -0.1971
vn 0.0183 -0.9529 -0.3026
vn 0.0153 -0.9724 -0.2328
vn 0.0464 -0.9719 -0.2309
vn 0.0067 -0.9705 -0.2410
vn 0.0116 -0.9717 -0.2360
vn 0.0312 -0.9417 -0.3349
vn 0.0454 -0.9234 -0.3812
vn 0.1216 -0.9517 -0.2819
vn 0.2028 -0.9166 -0.3447
vn 0.2085 -0.9369 -0.2806
vn 0.2064 -0.9528 -0.2228
vn 0.1960 -0.9671 -0.1621
vn 0.2002 -0.9609 -0.1912
vn 0.1944 -0.9691 -0.1519
vn 0.1029 -0.9576 -0.2689
vn 0.1842 -0.9715 -0.1490
vn 0.1699 -0.9713 -0.1666
vn 0.1765 -0.9706 -0.1638
vn 0.1457 -0.9701 -0.1938
vn 0.1457 -0.9702 -0.1938
vn 0.3039 -0.9442 -0.1273
vn 0.1163 -0.9932 0.0002
vn 0.2297 -0.9733 -0.0002
vn 0.1232 -0.9924 0.0028
vn 0.1532 -0.9882 0.0073
vn 0.1718 -0.9851 -0.0031
vn 0.2462 -0.9691 -0.0158
vn 0.2012 -0.9795 -0.0088
vn 0.2419 -0.9703 0.0018
vn 0.1891 -0.9820 0.0023
vn 0.1821 -0.9833 -0.0020
vn 0.2162 -0.9759 -0.0290
vn 0.2145 -0.9764 -0.0253
vn 0.2314 -0.9724 -0.0309
vn 0.2118 -0.9772 -0.0147
vn 0.2128 -0.9770 -0.0138
vn 0.2370 -0.9703 -0.0486
vn 0.2132 -0.9751 -0.0609
vn 0.2223 -0.9736 -0.0512
vn 0.2125 -0.9764 -0.0381
vn 0.1902 -0.9764 -0.1020
vn 0.2042 -0.9739 -0.0992
vn 0.2216 -0.9710 -0.0896
vn 0.2084 -0.9745 -0.0832
vn 0.2179 -0.9739 -0.0642
vn 0.2022 -0.9694 -0.1389
vn 0.1436 -0.9732 -0.1794
vn 0.1715 -0.9740 -0.1481
vn 0.1884 -0.9722 -0.1390
vn 0.1758 -0.9778 -0.1143
vn 0.2163 -0.9702 -0.1090
vn 0.2552 -0.9640 -0.0750
vn 0.2654 -0.9471 -0.1807
vn 0.2501 -0.9300 -0.2695
vn 0.3273 -0.9402 -0.0938
vn 0.3457 -0.9355 -0.0727
vn 0.4812 -0.6068 0.6327
vn 0.2504 -0.9675 -0.0357
vn 0.2403 -0.9683 -0.0681
vn 0.2195 -0.9717 -0.0875
vn 0.2494 -0.9671 -0.0505
vn 0.2760 -0.9601 -0.0445
vn 0.2809 -0.9596 -0.0165
vn 0.2844 -0.9585 -0.0181
vn 0.2809 -0.9593 -0.0298
vn -0.0425 -0.9991 -0.0024
vn 0.0115 -0.9998 0.0130
vn 0.0704 -0.9975 0.0082
vn -0.3103 -0.4899 -0.8147
vn -0.3104 -0.4899 -0.8146
vn -0.3103 -0.4898 -0.8147
vn -0.0421 -0.9991 0.0039
vn -0.1346 -0.9909 0.0011
vn -0.1887 -0.9820 0.0048
vn -0.1806 -0.9835 -0.0057
vn -0.0823 -0.9966 -0.0022
vn -0.0982 0.9952 -0.0041
vn -0.1210 0.9926 0.0022
vn -0.2921 0.9564 -0.0029
vn -0.1973 0.9803 -0.0105
vn -0.2869 0.9579 -0.0040
vn -0.1118 0.9935 -0.0201
vn -0.0981 0.9952 -0.0062
vn -0.4620 0.8869 0.0040
vn -0.3901 0.9207 0.0078
vn -0.4670 0.8843 0.0009
vn -0.3011 0.9535 -0.0156
vn -0.2916 0.9565 -0.0045
vn -0.4801 0.8771 -0.0103
vn -0.6221 0.7829 0.0032
vn -0.5569 0.8305 0.0039
vn -0.7597 0.6502 0.0088
vn -0.6949 0.7191 0.0028
vn -0.7594 0.6507 0.0004
vn -0.6350 0.7725 -0.0055
vn -0.6208 0.7839 0.0042
vn -0.8723 0.4889 0.0021
vn -0.8208 0.5712 -0.0046
vn -0.8721 0.4893 -0.0022
vn -0.7657 0.6431 -0.0118
vn -0.7581 0.6522 0.0009
vn -0.9504 0.3111 -0.0025
vn -0.9145 0.4045 -0.0050
vn -0.9513 0.3081 -0.0039
vn -0.8753 0.4835 -0.0082
vn -0.8720 0.4895 0.0005
vn -0.9910 0.1338 0.0032
vn -0.9914 0.1305 0.0109
vn -0.9917 0.1283 -0.0040
vn -0.9752 0.2209 0.0088
vn -0.9511 0.3088 0.0014
vn -0.9984 -0.0559 0.0082
vn -0.9999 -0.0167 0.0017
vn -0.9990 -0.0455 -0.0042
vn -0.9964 0.0829 0.0198
vn -0.9926 0.1212 0.0095
vn -0.9745 -0.2244 -0.0048
vn -0.9623 -0.2719 0.0068
vn -0.9763 -0.2165 0.0066
vn -0.9865 -0.1638 0.0077
vn -0.9939 -0.1103 0.0072
vn -0.9985 -0.0549 0.0073
vn -0.9064 -0.4225 0.0069
vn -0.9264 -0.3766 0.0086
vn -0.9150 -0.4034 -0.0050
vn -0.9470 -0.3211 0.0069
vn -0.9625 -0.2710 0.0098
vn -0.7931 -0.6091 0.0067
vn -0.8215 -0.5702 0.0081
vn -0.8206 -0.5715 -0.0045
vn -0.8556 -0.5175 0.0070
vn -0.8794 -0.4761 0.0079
vn -0.6931 -0.7208 -0.0034
vn -0.6769 -0.7361 0.0062
vn -0.7232 -0.6906 0.0060
vn -0.7541 -0.6567 0.0062
vn -0.5944 -0.8041 0.0077
vn -0.5551 -0.8318 0.0034
vn -0.5367 -0.8438 -0.0018
vn -0.6370 -0.7708 0.0079
vn -0.6782 -0.7347 0.0144
vn -0.4519 -0.8921 0.0038
vn -0.5003 -0.8658 0.0115
vn -0.4995 -0.8663 0.0033
vn -0.2974 -0.9547 0.0059
vn -0.3642 -0.9313 -0.0030
vn -0.2474 -0.9689 0.0020
vn -0.1880 -0.9822 0.0030
vn -0.3515 -0.9362 0.0052
vn -0.4053 -0.9142 0.0049
vn -0.4041 -0.9147 0.0009
vn 0.0627 -0.9973 0.0378
vn 0.0233 -0.9994 0.0246
vn 0.1184 -0.9930 0.0032
vn 0.1505 -0.9886 0.0018
vn 0.1686 -0.9857 -0.0059
vn 0.1006 -0.9937 0.0501
vn -0.2421 -0.8337 0.4963
vn -0.3318 -0.8581 0.3919
vn -0.2439 -0.9057 0.3468
vn -0.8289 -0.5568 0.0533
vn -0.8890 -0.4545 0.0561
vn -0.6814 -0.7304 0.0458
vn -0.7613 -0.6464 0.0501
vn 0.1667 -0.9852 -0.0394
vn 0.1472 -0.9872 -0.0606
vn 0.0348 -0.9968 -0.0713
vn 0.2167 -0.6355 0.7411
vn 0.2274 -0.0000 0.9738
vn 0.2278 -0.0002 0.9737
vn 0.2262 -0.0548 0.9725
vn 0.2256 -0.2902 0.9300
vn 0.2241 -0.2936 0.9293
vn 0.2332 -0.2596 0.9371
vn -0.0752 -0.3072 0.9487
vn -0.0919 -0.2849 0.9541
vn -0.1481 -0.2684 0.9519
vn -0.0951 -0.2674 0.9589
vn -0.0507 -0.3566 0.9329
vn -0.0569 -0.3255 0.9438
vn -0.1200 -0.3554 0.9270
vn -0.0569 -0.3254 0.9438
vn -0.0865 -0.4403 0.8937
vn 0.0023 -0.4322 0.9018
vn -0.0311 -0.3793 0.9248
vn 0.0265 -0.3826 0.9235
vn 0.0687 -0.3780 0.9233
vn 0.0626 -0.3268 0.9430
vn 0.0047 -0.3820 0.9242
vn 0.0793 -0.3878 0.9183
vn 0.0545 -0.4542 0.8892
vn 0.0962 -0.3871 0.9170
vn 0.1203 -0.4094 0.9044
vn 0.1724 -0.3441 0.9230
vn 0.1612 -0.3498 0.9229
vn 0.1539 -0.3931 0.9065
vn 0.1539 -0.3534 0.9227
vn 0.1280 -0.3872 0.9131
vn 0.2217 -0.2930 0.9300
vn 0.2136 -0.3026 0.9289
vn 0.2123 -0.3418 0.9155
vn 0.1965 -0.3362 0.9211
vn 0.2055 -0.3731 0.9048
vn 0.2348 -0.2190 0.9471
vn 0.2314 -0.2268 0.9461
vn 0.2272 -0.2413 0.9435
vn 0.2372 -0.1598 0.9582
vn 0.2374 -0.1701 0.9564
vn 0.2317 -0.2005 0.9519
vn 0.2299 -0.1811 0.9562
vn 0.2326 -0.2077 0.9501
vn 0.2391 -0.1076 0.9650
vn 0.2410 -0.1256 0.9624
vn 0.2301 -0.2084 0.9506
vn 0.2261 -0.1105 0.9678
vn 0.2315 -0.1005 0.9676
vn 0.2307 -0.0474 0.9719
vn 0.2306 -0.0594 0.9712
vn 0.2315 -0.0602 0.9710
vn 0.2319 -0.0834 0.9692
vn 0.2035 -0.1134 0.9725
vn 0.1992 -0.0000 0.9800
vn 0.2184 0.0053 0.9759
vn 0.1968 0.0002 0.9804
vn 0.2070 -0.2192 0.9535
vn 0.2022 -0.3442 0.9169
vn 0.2024 -0.4706 0.8588
vn 0.2297 -0.4860 0.8432
vn 0.1983 -0.7514 0.6293
vn 0.1730 -0.8469 0.5028
vn 0.1360 -0.9314 0.3376
vn 0.0886 -0.9865 0.1381
vn 0.1176 -0.9902 -0.0758
vn 0.0584 -0.9945 -0.0872
vn 0.1752 -0.9844 -0.0190
vn 0.0293 -0.9995 0.0081
vn 0.0765 -0.9971 0.0004
vn -0.0271 -0.9996 0.0039
vn -0.1264 -0.9919 0.0085
vn -0.2274 -0.9737 0.0129
vn -0.3252 -0.9455 0.0161
vn -0.4208 -0.9069 0.0204
vn -0.5145 -0.8571 0.0251
vn -0.6038 -0.7964 0.0347
vn -0.9370 -0.3448 0.0565
vn -0.9714 -0.2306 0.0567
vn -0.9931 -0.1044 0.0537
vn -0.9894 -0.0000 0.1454
vn -0.9987 0.0088 0.0505
vn -0.9971 0.0535 0.0533
vn -0.9984 -0.0165 0.0540
vn -0.9739 -0.0000 0.2271
vn -0.9738 -0.0002 0.2273
vn -0.9514 -0.1255 0.2813
vn -0.9737 -0.0003 0.2277
vn -0.9426 -0.0000 0.3341
vn -0.8979 -0.1252 0.4221
vn -0.8976 -0.0000 0.4407
vn -0.8954 -0.0057 0.4452
vn -0.8209 -0.1283 0.5565
vn -0.8257 -0.0005 0.5641
vn -0.7045 -0.1256 0.6985
vn -0.7366 0.0060 0.6762
vn -0.5567 -0.1161 0.8225
vn -0.6184 -0.0000 0.7859
vn -0.7332 -0.0000 0.6800
vn -0.4939 -0.0000 0.8695
vn -0.4933 -0.0007 0.8699
vn -0.4180 -0.1045 0.9024
vn -0.4924 -0.0007 0.8704
vn -0.4929 -0.0001 0.8701
vn -0.3805 -0.0000 0.9248
vn -0.2677 -0.0828 0.9599
vn -0.2452 -0.0000 0.9695
vn -0.2415 -0.0038 0.9704
vn -0.1777 -0.0776 0.9810
vn -0.2423 -0.0041 0.9702
vn -0.2346 -0.0379 0.9713
vn -0.2454 -0.0305 0.9689
vn -0.2473 -0.0012 0.9689
vn -0.1391 -0.1426 0.9800
vn -0.2210 -0.1525 0.9633
vn -0.1116 -0.0718 0.9912
vn -0.1249 -0.2178 0.9680
vn -0.1203 -0.1923 0.9739
vn -0.1680 -0.1748 0.9702
vn -0.1224 -0.1797 0.9761
vn 0.2478 -0.4986 0.8307
vn 0.2236 -0.5005 0.8364
vn 0.2295 -0.5890 0.7748
vn 0.1141 -0.9869 0.1141
vn 0.1619 -0.9368 0.3102
vn 0.1978 -0.8568 0.4762
vn 0.2217 -0.7625 0.6078
vn 0.2392 -0.6437 0.7269
vn 0.2256 -0.6840 0.6937
vn 0.2176 -0.7783 0.5889
vn 0.2007 -0.8670 0.4562
vn 0.1732 -0.9400 0.2938
vn 0.1317 -0.9854 0.1076
vn 0.1747 -0.5451 0.8199
vn 0.1824 -0.6354 0.7503
vn 0.1869 -0.7260 0.6618
vn 0.1861 -0.8128 0.5520
vn 0.1787 -0.8901 0.4193
vn 0.1641 -0.9503 0.2645
vn 0.1433 -0.9854 0.0924
vn -0.1129 -0.8576 0.5017
vn -0.1498 -0.7870 0.5985
vn -0.1577 -0.9861 0.0525
vn -0.1822 -0.9732 0.1402
vn -0.2563 -0.9642 0.0680
vn -0.2685 -0.9469 0.1767
vn -0.3504 -0.9328 0.0846
vn -0.3561 -0.9098 0.2131
vn -0.4440 -0.8903 0.1011
vn -0.4465 -0.8618 0.2409
vn -0.1717 -0.9403 0.2938
vn -0.0647 -0.9057 0.4189
vn -0.1006 -0.9675 0.2321
vn -0.0141 -0.9429 0.3327
vn -0.0310 -0.9855 0.1668
vn 0.0348 -0.9691 0.2444
vn 0.1294 -0.9894 0.0653
vn 0.0823 -0.9845 0.1548
vn 0.0340 -0.9939 0.1054
vn -0.0651 -0.9970 0.0415
vn -0.0158 -0.9976 0.0669
vn -0.0939 -0.9906 0.0995
vn -0.0499 -0.6271 0.7773
vn -0.0588 -0.5230 0.8503
vn -0.1638 -0.5926 0.7887
vn -0.4664 -0.7115 0.5256
vn -0.3941 -0.7911 0.4678
vn -0.3696 -0.6827 0.6303
vn -0.3089 -0.7638 0.5667
vn -0.2674 -0.6400 0.7204
vn -0.2000 -0.7209 0.6636
vn -0.0233 -0.7076 0.7062
vn 0.0943 -0.6163 0.7818
vn 0.0089 -0.7820 0.6232
vn 0.1117 -0.7008 0.7046
vn 0.0400 -0.8473 0.5296
vn 0.1271 -0.7812 0.6113
vn 0.0694 -0.9017 0.4268
vn 0.1393 -0.8536 0.5019
vn 0.0966 -0.9438 0.3161
vn 0.1474 -0.9145 0.3769
vn 0.1217 -0.9724 0.1990
vn 0.1512 -0.9595 0.2377
vn 0.1452 -0.9863 0.0780
vn 0.1507 -0.9846 0.0884
vn 0.0766 -0.5290 0.8451
vn -0.9235 -0.2626 0.2797
vn -0.8731 -0.2699 0.4059
vn -0.7927 -0.2707 0.5462
vn -0.6802 -0.2625 0.6844
vn -0.5440 -0.2450 0.8026
vn -0.4004 -0.2209 0.8893
vn -0.2654 -0.1946 0.9443
vn -0.2498 -0.2964 0.9218
vn -0.3787 -0.3340 0.8632
vn -0.5146 -0.3678 0.7746
vn -0.6433 -0.3920 0.6576
vn -0.7504 -0.4033 0.5237
vn -0.8287 -0.4020 0.3893
vn -0.8800 -0.3918 0.2687
vn -0.8216 -0.5105 0.2539
vn -0.7695 -0.5227 0.3670
vn -0.6939 -0.5244 0.4934
vn -0.5937 -0.5115 0.6212
vn -0.4746 -0.4831 0.7358
vn -0.3486 -0.4429 0.8260
vn -0.2280 -0.3969 0.8891
vn -0.2003 -0.4948 0.8456
vn -0.3111 -0.5455 0.7782
vn -0.4257 -0.5887 0.6872
vn -0.5339 -0.6185 0.5766
vn -0.6263 -0.6317 0.4568
vn -0.6978 -0.6346 0.3321
vn -0.7391 -0.6304 0.2373
vn -0.5507 -0.7240 0.4154
vn -0.4653 -0.8046 0.3689
vn -0.5475 -0.7979 0.2521
vn -0.6297 -0.7228 0.2847
vn -0.9738 -0.0000 0.2275
vn -0.9782 -0.1213 0.1684
vn -0.9552 -0.2508 0.1572
vn -0.9149 -0.3748 0.1500
vn -0.8604 -0.4898 0.1409
vn -0.7939 -0.5939 0.1301
vn -0.7061 -0.6943 0.1389
vn -0.6251 -0.7694 0.1314
vn -0.5418 -0.8320 0.1194
vn 0.2337 -0.3351 0.9127
vn 0.2368 -0.3256 0.9154
vn 0.2410 -0.4005 0.8840
vn 0.2167 -0.4177 0.8824
vn 0.1645 -0.4586 0.8733
vn 0.2337 0.2596 0.9370
vn 0.2329 0.1980 0.9521
vn 0.2303 0.2085 0.9505
vn 0.1170 0.9900 -0.0785
vn 0.1723 0.9749 0.1412
vn 0.0378 0.9991 0.0199
vn -0.8875 0.4579 0.0518
vn -0.9384 0.3415 0.0517
vn -0.9719 0.2296 0.0511
vn -0.9938 0.1025 0.0428
vn -0.1779 0.0788 0.9809
vn -0.1271 0.1582 0.9792
vn -0.1206 0.1970 0.9730
vn -0.1652 0.1789 0.9699
vn 0.0738 0.3895 0.9180
vn 0.0760 0.3864 0.9192
vn 0.0278 0.3883 0.9211
vn 0.1461 0.3621 0.9206
vn 0.1607 0.3445 0.9249
vn 0.1542 0.3934 0.9064
vn 0.2365 0.1639 0.9577
vn 0.2338 0.1726 0.9568
vn 0.2260 0.1960 0.9542
vn 0.2314 0.0995 0.9677
vn 0.2296 0.1079 0.9673
vn 0.2359 0.1277 0.9633
vn 0.2383 0.1408 0.9609
vn 0.2318 0.2867 0.9295
vn 0.2251 0.2586 0.9394
vn 0.2297 0.2322 0.9452
vn 0.2317 0.2172 0.9482
vn 0.2243 0.2076 0.9522
vn 0.1911 0.3514 0.9165
vn 0.1934 0.3449 0.9185
vn 0.2125 0.3427 0.9151
vn 0.1811 0.3518 0.9184
vn 0.2051 0.3149 0.9267
vn 0.2130 0.2997 0.9300
vn 0.1156 0.4011 0.9087
vn 0.1217 0.3994 0.9087
vn 0.0542 0.4540 0.8893
vn 0.1011 0.3943 0.9134
vn 0.0440 0.3339 0.9416
vn 0.0562 0.3426 0.9378
vn -0.0587 0.3346 0.9405
vn -0.0547 0.3469 0.9363
vn -0.1204 0.3557 0.9268
vn -0.0582 0.3579 0.9319
vn -0.0870 0.4406 0.8935
vn -0.0503 0.3659 0.9293
vn -0.0157 0.3868 0.9220
vn -0.1015 0.2310 0.9676
vn -0.0966 0.2589 0.9611
vn -0.1480 0.2678 0.9521
vn -0.0973 0.2837 0.9540
vn -0.0930 0.2955 0.9508
vn -0.1433 0.2134 0.9664
vn -0.1384 0.1341 0.9813
vn -0.1221 0.0587 0.9908
vn -0.2712 0.0875 0.9585
vn -0.4174 0.1055 0.9026
vn -0.5571 0.1173 0.8221
vn -0.7086 0.1207 0.6952
vn -0.8151 0.1282 0.5649
vn -0.8992 0.1320 0.4171
vn -0.9511 0.1271 0.2815
vn -0.9780 0.1222 0.1688
vn -0.7588 0.6498 0.0439
vn -0.6864 0.7261 0.0395
vn -0.4215 0.9068 0.0074
vn -0.5166 0.8559 0.0212
vn -0.3306 0.9437 0.0097
vn -0.2328 0.9725 0.0077
vn -0.1222 0.9925 0.0030
vn -0.0356 0.9994 -0.0028
vn 0.0774 0.9970 0.0047
vn 0.0838 0.9962 0.0222
vn 0.1157 0.9927 0.0353
vn 0.1667 0.9852 -0.0402
vn 0.1472 0.9872 -0.0608
vn 0.0670 0.9942 -0.0838
vn 0.1170 0.9865 0.1147
vn 0.1624 0.9367 0.3101
vn 0.2005 0.8549 0.4785
vn 0.1993 0.7514 0.6291
vn 0.1813 0.8389 0.5132
vn 0.2152 0.6375 0.7398
vn 0.2285 0.4861 0.8435
vn 0.2006 0.3449 0.9170
vn 0.2057 0.2201 0.9535
vn 0.2028 0.1124 0.9728
vn 0.2292 0.0193 0.9732
vn 0.2304 0.0568 0.9714
vn 0.2308 0.0393 0.9722
vn 0.2314 0.0996 0.9677
vn 0.2312 0.0825 0.9694
vn 0.2305 0.0575 0.9714
vn 0.2324 0.3369 0.9124
vn 0.2429 0.4625 0.8527
vn 0.2398 0.3441 0.9078
vn 0.2287 0.4913 0.8404
vn 0.2228 0.4180 0.8807
vn 0.1646 0.4585 0.8733
vn 0.1748 0.5451 0.8200
vn 0.2278 0.2934 0.9285
vn -0.2006 0.7216 0.6627
vn -0.2679 0.6401 0.7201
vn -0.1639 0.5920 0.7891
vn -0.5418 0.8320 0.1194
vn -0.6044 0.7962 0.0288
vn -0.4465 0.8618 0.2409
vn -0.6251 0.7694 0.1314
vn -0.3699 0.6830 0.6298
vn -0.3092 0.7640 0.5663
vn -0.4667 0.7117 0.5251
vn -0.3946 0.7899 0.4694
vn -0.5509 0.7242 0.4148
vn -0.4675 0.8025 0.3707
vn -0.6253 0.7249 0.2890
vn -0.5481 0.7967 0.2547
vn -0.7060 0.6949 0.1369
vn -0.2004 0.4951 0.8454
vn -0.3113 0.5458 0.7779
vn -0.4258 0.5891 0.6868
vn -0.5340 0.6188 0.5761
vn -0.6264 0.6320 0.4562
vn -0.6985 0.6300 0.3394
vn -0.7485 0.6196 0.2363
vn -0.7945 0.5926 0.1325
vn -0.8326 0.5517 0.0485
vn -0.1503 0.7868 0.5986
vn -0.2430 0.8327 0.4975
vn -0.3319 0.8572 0.3938
vn -0.8595 0.4904 0.1440
vn -0.8214 0.5109 0.2535
vn -0.7695 0.5231 0.3665
vn -0.6940 0.5247 0.4930
vn -0.5939 0.5118 0.6208
vn -0.4748 0.4834 0.7354
vn -0.3488 0.4431 0.8258
vn -0.2281 0.3971 0.8890
vn -0.2499 0.2965 0.9218
vn -0.3787 0.3343 0.8630
vn -0.5147 0.3681 0.7743
vn -0.6434 0.3924 0.6573
vn -0.7504 0.4037 0.5233
vn -0.8286 0.4026 0.3890
vn -0.8798 0.3924 0.2684
vn -0.9142 0.3753 0.1526
vn -0.9547 0.2515 0.1589
vn -0.9233 0.2635 0.2794
vn -0.8730 0.2708 0.4057
vn -0.7926 0.2715 0.5459
vn -0.6802 0.2631 0.6842
vn -0.5440 0.2455 0.8024
vn -0.4004 0.2213 0.8892
vn -0.2654 0.1948 0.9443
vn 0.1642 0.9503 0.2645
vn 0.1434 0.9853 0.0925
vn 0.1507 0.9846 0.0885
vn 0.1788 0.8900 0.4194
vn 0.1512 0.9595 0.2377
vn 0.1452 0.9863 0.0781
vn 0.1183 0.9911 -0.0610
vn 0.1305 0.9902 0.0500
vn 0.1217 0.9724 0.1990
vn 0.1475 0.9144 0.3769
vn 0.1861 0.8127 0.5521
vn 0.1870 0.7259 0.6619
vn 0.1393 0.8536 0.5019
vn 0.0966 0.9438 0.3161
vn 0.0824 0.9845 0.1548
vn -0.1717 0.9403 0.2939
vn -0.2439 0.9056 0.3469
vn -0.1129 0.8576 0.5017
vn -0.1005 0.9675 0.2322
vn -0.0647 0.9057 0.4189
vn 0.0089 0.7820 0.6233
vn -0.0232 0.7076 0.7063
vn 0.0943 0.6163 0.7819
vn -0.0499 0.6271 0.7774
vn 0.0767 0.5290 0.8451
vn -0.0589 0.5229 0.8503
vn -0.0313 0.9848 0.1707
vn -0.0141 0.9429 0.3327
vn 0.0400 0.8473 0.5297
vn 0.1118 0.7007 0.7046
vn 0.1825 0.6354 0.7503
vn 0.1271 0.7811 0.6113
vn 0.0694 0.9017 0.4269
vn 0.0348 0.9690 0.2444
vn 0.0365 0.9933 0.1098
vn -0.3560 0.9098 0.2132
vn -0.2684 0.9469 0.1767
vn -0.1822 0.9732 0.1403
vn -0.0975 0.9898 0.1041
vn -0.0142 0.9975 0.0686
vn -0.4440 0.8903 0.1011
vn -0.3504 0.9328 0.0847
vn -0.2563 0.9642 0.0680
vn -0.1622 0.9854 0.0513
vn -0.0685 0.9970 0.0348
vn 0.1317 0.9854 0.1078
vn 0.1732 0.9400 0.2938
vn 0.2007 0.8669 0.4563
vn 0.2176 0.7783 0.5890
vn 0.2244 0.7609 0.6088
vn 0.2256 0.6840 0.6937
vn 0.2432 0.6575 0.7131
vn 0.2463 0.5702 0.7837
vn 0.2268 0.5902 0.7747
s 1
f 1//1 2//2 3//3
f 3//3 2//2 4//4
f 3//3 4//4 5//5
f 6//6 7//7 8//8
f 8//8 7//7 9//9
f 8//8 9//9 10//10
f 10//10 9//9 11//11
f 12//12 13//13 14//14
f 14//14 13//13 15//15
f 14//14 15//15 11//11
f 11//11 15//15 16//16
f 11//11 16//16 10//10
f 17//17 18//18 19//19
f 19//19 18//18 13//13
f 19//19 13//13 20//20
f 20//20 13//13 12//12
f 20//20 12//12 21//21
f 22//22 23//23 24//24
f 24//24 23//23 25//25
f 24//24 25//25 26//26
f 17//17 27//17 18//18
f 18//18 27//17 28//27
f 18//18 28//27 29//28
f 25//25 30//29 26//26
f 26//26 30//29 31//30
f 26//26 31//30 32//31
f 32//31 31//30 18//18
f 32//31 18//18 33//32
f 33//32 18//18 29//28
f 34//33 35//34 36//35
f 36//35 35//34 37//36
f 36//35 37//36 38//37
f 38//37 37//36 39//38
f 39//38 37//36 40//39
f 39//38 40//39 41//40
f 41//40 40//39 42//41
f 41//40 42//41 43//42
f 43//42 42//41 44//43
f 43//42 44//43 45//44
f 45//44 44//43 46//45
f 45//44 46//45 47//46
f 47//46 46//45 48//47
f 47//46 48//47 49//48
f 49//48 48//47 50//49
f 49//48 50//49 51//50
f 51//50 50//49 52//51
f 52//51 50//49 53//52
f 52//51 53//52 54//53
f 5//5 4//4 55//54
f 55//54 4//4 56//54
f 55//54 56//54 57//54
f 26//26 1//1 24//24
f 24//24 1//1 3//3
f 24//24 3//3 22//22
f 22//22 3//3 5//5
f 22//22 5//5 36//35
f 36//35 5//5 58//55
f 36//35 58//55 34//33
f 7//56 6//56 59//57
f 59//57 6//56 60//58
f 9//59 7//59 59//59
f 61//60 12//61 62//62
f 62//62 12//61 14//59
f 63//63 62//62 59//59
f 59//59 62//62 14//59
f 59//59 14//59 9//59
f 9//59 14//59 11//64
f 29//65 64//66 33//67
f 33//67 64//66 65//68
f 33//69 65//70 32//71
f 32//71 65//70 66//72
f 67//73 68//74 19//75
f 19//75 68//74 69//76
f 19//77 69//77 17//77
f 17//78 69//79 70//80
f 17//78 70//80 27//81
f 27//81 70//80 28//82
f 28//83 70//84 71//85
f 28//86 71//87 29//65
f 29//65 71//87 72//88
f 29//65 72//88 64//66
f 12//61 61//60 21//89
f 21//90 61//91 67//73
f 21//90 67//73 20//92
f 20//92 67//73 19//75
f 73//93 42//94 40//95
f 74//96 54//97 75//98
f 75//98 54//97 53//99
f 75//98 53//99 73//93
f 73//93 53//99 50//100
f 73//93 50//100 48//100
f 48//100 46//94 73//93
f 73//93 46//94 44//100
f 73//93 44//100 42//94
f 57//101 76//102 55//99
f 55//99 76//102 73//93
f 40//95 37//95 73//93
f 73//93 37//95 35//103
f 73//93 35//103 34//104
f 34//104 58//99 73//93
f 73//93 58//99 5//99
f 73//93 5//99 55//99
f 26//105 32//71 66//72
f 77//106 78//107 76//105
f 1//105 26//105 2//105
f 2//105 26//105 66//72
f 2//105 66//72 4//105
f 4//105 66//72 77//106
f 4//105 77//106 56//105
f 56//105 77//106 76//105
f 56//105 76//105 57//105
f 41//108 43//109 45//110
f 51//111 79//112 49//59
f 49//59 79//112 80//113
f 49//59 80//113 47//114
f 47//114 80//113 45//110
f 39//114 41//108 38//115
f 38//115 41//108 45//110
f 38//115 45//110 36//116
f 36//116 45//110 80//113
f 36//116 80//113 22//116
f 22//116 80//113 81//117
f 52//56 54//56 74//56
f 51//56 52//56 79//56
f 79//56 52//56 74//56
f 79//56 74//56 82//118
f 82//118 74//56 83//119
f 84//99 85//99 86//120
f 87//99 88//94 89//99
f 84//99 86//120 89//99
f 89//99 86//120 90//121
f 89//99 90//121 87//99
f 91//122 92//105 93//105
f 88//105 87//123 94//105
f 94//105 87//123 91//122
f 94//105 91//122 95//105
f 95//105 91//122 93//105
f 96//124 92//124 91//124
f 97//125 96//124 98//94
f 98//94 96//124 91//124
f 98//94 91//124 99//126
f 99//126 91//124 100//127
f 101//128 102//56 103//56
f 101//128 103//56 98//129
f 98//129 103//56 104//56
f 98//129 104//56 97//56
f 105//94 102//130 101//131
f 101//131 106//132 105//94
f 105//94 106//132 107//133
f 105//94 107//133 108//99
f 108//99 107//133 109//134
f 108//99 109//134 110//99
f 111//135 112//136 113//137
f 113//137 112//136 114//99
f 113//137 114//99 115//99
f 116//138 117//139 118//140
f 118//140 117//139 119//141
f 118//140 119//141 120//142
f 120//142 119//141 121//143
f 120//142 121//143 122//144
f 122//144 121//143 123//145
f 123//145 121//143 124//146
f 123//145 124//147 125//148
f 124//147 126//149 125//148
f 125//148 126//149 127//150
f 125//148 127//150 128//151
f 128//151 127//150 129//152
f 112//136 111//135 130//153
f 130//153 111//135 131//154
f 130//153 131//154 129//152
f 129//152 131//154 132//155
f 129//152 132//155 128//151
f 133//156 134//157 135//158
f 97//159 104//160 136//161
f 136//161 104//160 103//162
f 136//161 103//162 102//163
f 97//159 136//161 96//164
f 96//164 136//161 93//165
f 96//164 93//165 92//166
f 105//167 137//168 102//163
f 102//163 137//168 138//169
f 102//163 138//169 136//161
f 136//161 138//169 139//170
f 136//161 139//170 140//171
f 89//172 88//173 140//171
f 140//171 88//173 94//174
f 140//171 94//174 136//161
f 136//161 94//174 95//175
f 136//161 95//175 93//165
f 140//171 141//176 89//172
f 89//172 141//176 142//177
f 89//172 142//177 84//178
f 84//178 142//177 143//179
f 144//180 135//158 143//179
f 143//179 135//158 134//157
f 143//179 134//157 84//178
f 84//178 134//157 133//156
f 84//178 133//156 85//181
f 110//182 145//183 108//184
f 108//184 145//183 146//185
f 108//184 146//185 105//167
f 105//167 146//185 147//186
f 105//167 147//186 137//168
f 148//187 149//188 150//189
f 150//189 145//183 148//187
f 148//187 145//183 110//182
f 148//187 110//182 151//190
f 151//190 110//182 152//191
f 151//190 152//191 153//192
f 153//192 152//191 154//193
f 112//194 155//195 114//196
f 114//196 155//195 156//196
f 114//196 156//196 115//196
f 127//197 155//195 129//198
f 129//198 155//195 112//194
f 129//198 112//194 130//199
f 127//197 126//200 155//195
f 155//195 126//200 124//201
f 155//195 124//201 121//202
f 110//182 157//203 152//191
f 152//191 157//203 158//204
f 152//191 158//204 154//193
f 154//193 158//204 159//205
f 154//193 159//205 117//206
f 117//206 159//205 155//195
f 117//206 155//195 119//207
f 119//207 155//195 121//202
f 154//56 117//139 116//138
f 153//56 154//56 151//56
f 151//56 154//56 116//138
f 151//56 116//138 148//56
f 148//56 116//138 160//208
f 148//56 160//208 149//56
f 149//56 160//208 161//209
f 144//105 162//210 135//105
f 135//105 162//210 86//211
f 135//105 86//211 133//105
f 133//105 86//211 85//105
f 81//212 163//212 164//212
f 23//213 22//214 81//215
f 31//216 30//217 165//218
f 165//218 30//217 25//217
f 165//218 25//217 23//213
f 13//219 18//219 166//220
f 166//220 18//219 31//216
f 166//220 31//216 167//221
f 167//221 31//216 168//222
f 168//222 31//216 165//218
f 168//222 165//218 169//223
f 169//223 165//218 170//224
f 169//223 170//224 171//225
f 171//225 170//224 172//226
f 171//225 172//226 173//227
f 174//228 175//229 172//226
f 172//226 175//229 176//230
f 176//230 177//231 178//232
f 176//230 178//232 172//226
f 172//226 178//232 179//233
f 172//226 179//233 173//227
f 170//224 180//234 172//226
f 172//226 180//234 181//235
f 172//226 181//235 174//228
f 174//228 181//235 182//236
f 174//228 182//236 183//237
f 81//215 164//238 23//213
f 23//213 164//238 184//239
f 23//213 184//239 165//218
f 165//218 184//239 185//240
f 165//218 185//240 170//224
f 170//224 185//240 186//241
f 170//224 186//241 180//234
f 171//242 187//243 188//244
f 10//245 189//246 8//247
f 8//247 189//246 60//248
f 8//247 60//248 6//249
f 190//250 191//251 188//244
f 188//244 191//251 192//252
f 188//244 192//252 189//246
f 189//246 192//252 193//253
f 189//246 193//253 60//248
f 187//243 194//254 195//255
f 195//255 196//256 187//243
f 187//243 196//256 197//257
f 187//243 197//257 188//244
f 188//244 197//257 198//258
f 188//244 198//258 190//250
f 199//259 200//260 201//261
f 201//261 200//260 195//255
f 201//261 195//255 202//262
f 202//262 195//255 194//254
f 202//262 194//254 203//263
f 204//264 205//265 194//254
f 194//254 205//265 206//266
f 194//254 206//266 203//263
f 177//231 204//264 178//232
f 178//232 204//264 194//254
f 178//232 194//254 179//233
f 179//233 194//254 187//243
f 179//233 187//243 173//267
f 173//267 187//243 171//242
f 166//268 167//269 189//246
f 189//246 167//269 168//270
f 189//246 168//270 188//244
f 188//244 168//270 169//271
f 188//244 169//271 171//242
f 13//272 166//268 15//273
f 15//273 166//268 189//246
f 15//273 189//246 16//274
f 16//274 189//246 10//245
f 197//275 196//276 207//277
f 199//259 208//278 200//260
f 200//260 208//278 209//279
f 200//260 209//279 210//280
f 207//277 196//276 210//280
f 210//280 196//276 195//281
f 210//280 195//281 200//260
f 207//277 211//282 197//275
f 197//275 211//282 212//283
f 197//275 212//283 198//284
f 212//283 213//285 198//284
f 198//284 213//285 214//286
f 198//284 214//286 190//287
f 190//287 214//286 191//288
f 191//288 214//286 215//289
f 191//288 215//289 192//290
f 192//290 215//289 63//291
f 192//290 63//291 193//292
f 193//292 63//291 59//57
f 193//292 59//57 60//58
f 216//293 217//294 218//295
f 219//296 210//297 220//298
f 220//298 210//297 209//279
f 220//298 209//279 208//278
f 216//293 218//295 221//299
f 212//300 211//301 218//295
f 219//296 221//299 210//297
f 210//297 221//299 218//295
f 210//297 218//295 207//302
f 207//302 218//295 211//301
f 218//295 222//303 212//304
f 212//304 222//303 223//305
f 212//304 223//305 213//306
f 213//306 223//305 214//307
f 224//308 61//60 62//62
f 223//305 225//309 214//307
f 214//307 225//309 224//308
f 214//307 224//308 215//310
f 215//310 224//308 62//62
f 215//310 62//62 63//63
f 226//311 227//312 228//313
f 229//314 230//315 228//313
f 228//316 230//316 222//316
f 228//313 222//303 218//295
f 65//70 64//317 231//318
f 64//317 72//319 231//318
f 231//318 72//319 232//320
f 231//318 232//320 233//321
f 69//76 68//74 234//322
f 234//322 68//74 67//73
f 224//308 225//309 230//315
f 230//315 225//309 223//305
f 230//315 223//305 222//303
f 72//88 71//87 232//323
f 232//320 71//85 70//84
f 232//320 70//84 234//322
f 234//322 70//84 69//324
f 235//325 236//326 237//327
f 237//327 236//326 238//328
f 237//327 238//328 227//312
f 218//295 217//294 239//329
f 218//295 239//329 228//313
f 228//313 239//329 240//330
f 228//313 240//330 226//311
f 66//72 65//70 241//331
f 241//331 65//70 231//318
f 241//331 231//318 242//332
f 242//332 231//318 233//321
f 242//332 233//321 243//333
f 243//333 233//321 238//328
f 243//333 238//328 244//334
f 244//334 238//328 236//326
f 227//312 238//328 228//313
f 228//313 238//328 233//321
f 228//313 233//321 229//314
f 229//314 233//321 232//320
f 229//314 232//320 230//315
f 230//315 232//320 234//322
f 230//315 234//322 224//308
f 224//308 234//322 67//73
f 224//308 67//73 61//60
f 77//106 66//72 241//331
f 245//335 246//336 77//106
f 77//106 246//336 247//337
f 77//106 247//337 78//107
f 77//106 241//331 245//335
f 245//335 241//331 242//332
f 245//335 242//332 248//338
f 249//339 250//339 236//326
f 236//326 250//339 251//340
f 236//326 251//340 244//334
f 244//334 251//341 248//338
f 244//334 248//338 243//333
f 243//333 248//338 242//332
f 252//342 253//343 254//344
f 236//326 235//325 255//345
f 255//345 256//346 236//326
f 236//326 256//346 257//347
f 236//326 257//347 249//348
f 249//348 257//347 258//349
f 258//349 259//350 249//351
f 249//351 259//350 252//342
f 249//351 252//342 260//352
f 260//352 252//342 254//344
f 260//352 254//344 261//353
f 262//354 263//355 264//356
f 265//357 266//358 267//359
f 268//360 73//93 76//102
f 73//93 268//360 75//98
f 75//98 268//360 83//361
f 75//98 83//361 74//96
f 266//358 269//362 267//359
f 267//359 269//362 270//363
f 267//359 270//363 268//360
f 268//360 270//363 83//361
f 271//364 272//365 273//366
f 273//366 272//367 265//357
f 274//368 275//369 261//370
f 261//370 275//369 276//371
f 261//370 276//371 277//372
f 277//372 278//373 261//370
f 261//370 278//373 279//374
f 261//370 279//374 280//375
f 280//375 281//376 261//370
f 261//370 281//376 282//377
f 261//370 282//377 283//378
f 283//378 284//379 261//370
f 261//370 284//379 285//380
f 261//370 285//380 286//381
f 271//364 273//366 287//382
f 287//382 273//366 261//353
f 287//382 261//353 264//383
f 264//384 261//370 286//381
f 264//356 286//381 262//354
f 254//344 253//343 288//385
f 254//386 288//386 261//386
f 261//370 288//385 289//387
f 261//370 289//387 274//368
f 265//357 267//359 273//366
f 273//366 267//359 250//388
f 273//366 250//388 261//353
f 261//353 250//388 249//388
f 261//353 249//388 260//352
f 245//389 248//390 267//359
f 267//359 248//390 251//391
f 267//359 251//391 250//388
f 76//102 78//392 268//360
f 268//360 78//392 247//393
f 268//360 247//393 267//359
f 267//359 247//393 246//394
f 267//359 246//394 245//389
f 83//119 270//395 290//396
f 290//396 291//397 83//119
f 83//119 291//397 292//398
f 83//119 292//398 82//118
f 290//396 270//395 269//399
f 290//396 269//399 293//400
f 293//400 269//399 294//401
f 269//399 266//402 294//401
f 294//401 266//402 265//403
f 294//401 265//403 295//404
f 295//404 265//403 272//405
f 295//404 272//405 296//406
f 296//406 272//405 297//407
f 297//407 272//405 271//408
f 297//407 271//408 287//409
f 264//356 263//355 298//410
f 299//411 300//412 301//413
f 301//413 300//412 297//407
f 301//413 297//407 298//410
f 298//410 297//407 287//409
f 298//410 287//409 264//356
f 300//412 299//411 302//414
f 295//415 296//416 182//417
f 80//113 79//112 82//418
f 164//419 81//117 80//113
f 80//113 82//418 164//419
f 164//419 82//418 292//420
f 164//419 292//420 184//421
f 291//422 186//423 292//424
f 292//420 186//425 185//426
f 292//420 185//426 184//421
f 181//235 293//427 182//236
f 182//417 293//428 294//429
f 182//417 294//429 295//415
f 291//422 290//430 186//423
f 186//423 290//430 293//427
f 186//423 293//427 180//234
f 180//234 293//427 181//235
f 303//431 296//432 302//414
f 302//414 296//432 297//433
f 302//414 297//433 300//412
f 303//431 304//434 296//432
f 296//432 304//434 305//435
f 296//432 305//435 182//236
f 182//236 305//435 306//436
f 182//236 306//436 307//437
f 307//437 308//438 182//236
f 182//236 308//438 309//438
f 182//236 309//438 183//237
f 310//439 311//440 312//441
f 313//442 90//121 86//120
f 314//443 315//444 86//120
f 86//120 315//444 316//445
f 86//120 316//445 313//442
f 314//443 317//446 315//444
f 315//444 317//446 318//447
f 318//447 317//446 319//448
f 317//446 320//449 319//448
f 319//448 320//449 321//450
f 321//451 320//452 322//453
f 322//453 320//452 323//454
f 323//454 320//452 324//455
f 323//454 324//455 325//456
f 326//457 327//458 328//459
f 328//459 327//460 323//454
f 328//459 323//454 312//441
f 312//441 323//454 325//456
f 312//441 325//456 310//439
f 329//461 330//462 331//463
f 331//463 330//462 332//464
f 330//462 333//465 332//464
f 332//464 333//465 334//466
f 332//464 334//466 322//467
f 322//467 323//468 332//464
f 332//464 323//468 327//458
f 332//464 327//458 326//457
f 318//469 319//470 335//471
f 334//466 336//472 322//467
f 322//467 336//472 335//473
f 322//467 335//473 321//467
f 321//474 335//471 319//470
f 313//475 316//476 337//477
f 337//477 316//478 315//479
f 337//477 315//479 318//469
f 335//471 338//480 318//469
f 318//469 338//480 339//481
f 318//469 339//481 337//477
f 337//477 339//481 340//482
f 337//477 340//482 313//475
f 340//482 341//483 313//475
f 313//475 341//483 100//484
f 313//475 100//484 90//485
f 90//485 100//484 91//122
f 90//485 91//122 87//123
f 330//462 329//461 342//486
f 333//487 330//462 343//488
f 343//488 330//462 342//486
f 343//488 342//486 344//489
f 344//489 342//486 345//490
f 346//491 335//491 347//492
f 347//492 335//491 336//493
f 343//488 348//494 333//487
f 333//487 348//494 347//492
f 333//487 347//492 334//495
f 334//495 347//492 336//493
f 340//496 339//497 349//498
f 346//491 350//491 335//491
f 335//491 350//491 349//498
f 335//491 349//498 338//491
f 338//491 349//498 339//497
f 349//498 351//499 340//496
f 340//496 351//499 352//500
f 340//496 352//500 341//501
f 341//501 352//500 99//126
f 341//501 99//126 100//127
f 349//502 350//503 353//504
f 348//505 343//488 354//506
f 354//506 343//488 344//489
f 354//506 344//489 345//490
f 353//504 350//503 355//507
f 346//508 347//509 356//510
f 356//510 347//509 348//505
f 356//510 348//505 357//511
f 357//511 348//505 354//506
f 357//511 354//506 358//512
f 346//508 356//510 350//508
f 350//513 356//514 359//515
f 350//503 359//516 355//507
f 360//517 352//518 353//504
f 353//504 352//518 351//519
f 353//504 351//519 349//502
f 360//517 361//520 352//518
f 352//518 361//520 362//521
f 352//518 362//521 99//522
f 99//522 362//521 363//523
f 99//522 363//523 98//129
f 98//129 363//523 106//524
f 98//129 106//524 101//128
f 364//525 365//525 356//525
f 366//526 367//527 368//528
f 368//528 367//527 369//529
f 368//528 369//529 370//530
f 356//514 365//531 359//515
f 358//512 368//528 357//511
f 357//511 368//528 370//530
f 357//511 370//530 356//510
f 356//510 370//530 371//532
f 356//510 371//532 364//533
f 372//534 353//535 365//536
f 365//536 353//535 355//537
f 365//536 355//537 359//538
f 107//133 106//132 363//539
f 109//134 107//133 373//540
f 373//540 107//133 372//534
f 373//541 372//541 374//541
f 363//539 362//542 107//133
f 107//133 362//542 361//543
f 107//133 361//543 372//534
f 372//534 361//543 360//544
f 372//534 360//544 353//535
f 374//545 372//546 375//547
f 375//547 372//546 376//548
f 375//547 376//548 377//549
f 365//550 364//550 371//550
f 372//534 365//536 376//551
f 376//548 365//552 371//553
f 376//548 371//553 377//549
f 377//549 371//553 370//554
f 377//549 370//554 378//555
f 378//555 370//554 369//556
f 378//555 369//556 379//557
f 379//557 369//556 367//558
f 379//557 367//527 366//526
f 380//559 373//560 374//545
f 380//559 158//561 373//560
f 373//560 158//561 157//562
f 373//560 157//562 109//563
f 109//563 157//562 110//564
f 156//565 155//566 380//559
f 380//559 155//566 159//567
f 380//559 159//567 158//561
f 115//568 156//565 113//569
f 113//569 156//565 380//559
f 113//569 380//559 381//570
f 381//570 380//559 382//570
f 374//545 375//547 380//559
f 380//559 375//547 383//571
f 380//559 383//571 382//570
f 384//572 385//573 386//574
f 379//557 387//575 378//555
f 378//555 387//575 388//576
f 378//555 388//576 384//572
f 386//574 389//577 384//572
f 384//572 389//577 390//578
f 384//572 390//578 378//555
f 378//555 390//578 391//579
f 378//555 391//579 377//549
f 377//549 391//579 392//580
f 377//549 392//580 375//547
f 375//547 392//580 393//580
f 375//547 393//580 383//571
f 392//581 391//582 394//583
f 394//584 391//585 395//586
f 391//585 390//587 395//586
f 395//586 390//587 389//577
f 395//586 389//577 396//588
f 396//588 389//577 386//574
f 396//588 386//574 385//573
f 392//581 394//583 393//589
f 393//589 394//583 397//590
f 393//589 397//590 383//591
f 383//591 397//590 398//592
f 383//593 398//592 382//594
f 382//594 398//592 399//595
f 382//594 399//595 381//596
f 381//596 399//595 111//135
f 381//596 111//135 113//137
f 400//597 401//598 402//599
f 402//600 401//598 394//583
f 402//599 394//584 395//586
f 116//138 118//140 403//601
f 403//601 118//140 120//142
f 404//602 403//601 405//603
f 406//604 132//155 131//154
f 399//595 398//592 401//598
f 401//598 398//592 397//590
f 401//598 397//590 394//583
f 120//142 122//144 403//601
f 403//601 122//144 123//145
f 403//601 123//145 405//603
f 405//603 123//145 125//148
f 405//603 125//148 406//604
f 406//604 125//148 128//151
f 406//604 128//151 132//155
f 407//605 408//606 409//607
f 409//607 408//606 410//608
f 409//607 410//608 411//609
f 396//588 412//610 395//586
f 395//586 412//610 413//611
f 395//586 413//611 402//599
f 402//599 413//611 414//612
f 402//599 414//612 411//609
f 408//606 415//613 410//608
f 410//608 415//613 416//614
f 410//608 416//614 404//602
f 404//602 416//614 417//615
f 404//602 417//615 403//601
f 403//601 417//615 418//616
f 403//601 418//616 116//138
f 411//609 410//608 402//599
f 402//599 410//608 404//602
f 402//599 404//602 400//597
f 400//597 404//602 405//603
f 400//597 405//603 401//598
f 401//598 405//603 406//604
f 401//598 406//604 399//595
f 399//595 406//604 131//154
f 399//595 131//154 111//135
f 161//209 160//208 419//617
f 419//617 160//208 420//618
f 160//208 116//138 420//618
f 420//618 116//138 418//616
f 420//618 418//616 421//619
f 421//619 418//616 417//615
f 421//619 417//615 422//620
f 417//615 416//614 422//620
f 422//620 416//614 415//613
f 422//620 415//613 423//621
f 423//622 415//613 408//606
f 423//622 408//606 424//623
f 407//605 425//624 408//606
f 408//606 425//624 426//625
f 426//625 427//626 408//606
f 408//606 427//626 428//627
f 408//606 428//627 424//623
f 427//626 429//628 428//627
f 428//627 429//628 430//629
f 428//627 430//629 431//630
f 431//630 430//629 432//631
f 150//632 149//633 161//634
f 138//635 137//636 433//637
f 433//637 137//636 147//638
f 147//638 146//639 433//637
f 433//637 146//639 145//640
f 433//637 145//640 150//632
f 433//637 434//641 162//642
f 141//635 140//635 433//637
f 433//637 140//635 139//635
f 433//637 139//635 138//635
f 162//642 144//643 143//644
f 162//642 143//644 433//637
f 433//637 143//644 142//645
f 433//637 142//645 141//635
f 434//641 433//637 435//646
f 435//646 433//637 436//647
f 435//646 436//647 437//648
f 438//649 439//650 436//647
f 436//647 439//650 440//651
f 436//647 440//651 437//648
f 441//652 442//653 443//654
f 443//654 442//653 444//655
f 444//655 445//656 443//654
f 443//654 445//656 446//657
f 443//654 446//657 438//649
f 447//658 448//659 441//660
f 448//659 449//661 441//660
f 441//660 449//661 450//662
f 441//660 450//662 442//653
f 442//653 450//662 451//663
f 442//653 451//663 452//664
f 432//631 453//665 431//630
f 431//630 453//665 454//666
f 431//667 454//666 441//660
f 441//660 454//666 455//668
f 441//660 455//668 456//669
f 456//669 457//670 441//660
f 441//660 457//670 458//671
f 441//660 458//671 459//672
f 459//672 460//673 441//660
f 441//660 460//673 461//674
f 441//660 461//674 447//658
f 438//649 436//647 443//654
f 443//654 436//647 424//675
f 443//654 424//675 441//652
f 441//652 424//675 428//676
f 441//652 428//676 431//676
f 421//677 422//678 436//647
f 436//647 422//678 423//678
f 436//647 423//679 424//675
f 150//632 161//634 433//637
f 433//637 161//634 419//680
f 433//637 419//680 436//647
f 436//647 419//680 420//681
f 436//647 420//681 421//677
f 442//653 452//664 462//682
f 434//683 317//684 162//210
f 162//210 317//684 314//685
f 162//210 314//685 86//211
f 445//686 325//687 324//688
f 434//683 435//689 317//684
f 317//684 435//689 437//690
f 317//684 437//690 440//691
f 317//684 440//691 320//690
f 320//690 440//691 439//691
f 320//690 439//691 438//692
f 320//690 438//692 324//688
f 324//688 438//692 446//693
f 324//688 446//693 445//686
f 311//440 310//439 463//694
f 463//694 310//439 325//687
f 463//694 325//687 445//686
f 463//694 445//686 462//682
f 462//682 445//686 444//655
f 462//682 444//655 442//653
f 432//631 430//629 464//695
f 183//237 309//438 174//228
f 465//696 466//697 467//698
f 468//699 469//700 470//701
f 331//463 332//464 471//702
f 239//329 217//294 472//703
f 472//703 217//294 216//293
f 472//703 216//293 473//704
f 473//704 216//293 221//299
f 208//278 474//705 475//706
f 475//706 476//707 208//278
f 208//278 476//707 477//708
f 208//278 477//708 220//298
f 220//298 477//708 478//709
f 220//298 478//709 219//296
f 219//296 478//709 479//710
f 219//296 479//710 221//299
f 221//299 479//710 480//711
f 221//299 480//711 473//704
f 201//261 481//712 199//259
f 199//259 481//712 482//713
f 199//259 482//713 208//278
f 208//278 482//713 483//714
f 208//278 483//714 474//705
f 484//715 485//716 486//717
f 486//717 485//716 487//718
f 486//717 487//718 488//719
f 488//719 487//718 489//720
f 488//719 489//720 481//712
f 481//712 489//720 490//721
f 481//712 490//721 482//713
f 491//722 492//723 493//724
f 493//724 492//723 484//715
f 494//725 495//726 496//727
f 497//728 498//729 493//724
f 493//724 498//729 499//730
f 493//724 499//730 494//725
f 494//725 496//727 493//724
f 493//724 496//727 500//731
f 493//724 500//731 491//722
f 501//732 502//733 464//695
f 464//695 502//733 503//734
f 464//695 503//734 504//735
f 505//736 506//737 409//607
f 414//612 507//738 411//609
f 411//609 507//738 508//739
f 411//609 508//739 409//607
f 409//607 508//739 509//740
f 409//607 509//740 505//736
f 510//741 511//742 414//612
f 414//612 511//742 512//743
f 414//612 512//743 507//738
f 414//612 413//611 510//741
f 510//741 413//611 412//610
f 510//741 412//610 396//588
f 384//572 354//506 385//573
f 385//573 354//506 345//490
f 513//744 514//745 342//486
f 396//588 385//573 510//741
f 510//741 385//573 345//490
f 510//741 345//490 515//746
f 515//746 345//490 342//486
f 515//746 342//486 516//747
f 516//747 342//486 514//745
f 342//486 329//461 513//744
f 513//744 329//461 331//463
f 513//744 331//463 517//748
f 517//748 331//463 471//702
f 517//748 471//702 518//749
f 519//750 520//751 521//752
f 469//700 468//699 471//702
f 471//702 468//699 522//753
f 471//702 522//753 519//750
f 519//750 521//752 471//702
f 471//702 521//752 523//754
f 471//702 523//754 518//749
f 466//697 524//755 470//701
f 524//755 525//756 470//701
f 470//701 525//756 526//756
f 470//701 526//756 468//699
f 527//757 528//758 529//759
f 527//757 530//760 531//761
f 528//758 527//757 532//762
f 532//762 527//757 531//761
f 532//762 531//761 533//763
f 530//760 527//757 534//764
f 534//764 527//757 535//765
f 534//764 535//765 536//766
f 536//766 535//765 537//767
f 536//766 537//767 538//768
f 255//345 539//769 540//770
f 538//768 537//767 540//770
f 540//770 537//767 256//346
f 540//770 256//346 255//345
f 472//703 541//771 239//329
f 239//329 541//771 542//772
f 239//329 542//772 240//330
f 240//330 542//772 543//773
f 240//330 543//773 226//311
f 226//311 543//773 544//774
f 255//345 235//325 539//769
f 539//769 235//325 237//327
f 539//769 237//327 545//775
f 545//775 237//327 227//312
f 545//775 227//312 546//776
f 546//776 227//312 226//311
f 546//776 226//311 547//777
f 547//777 226//311 544//774
f 204//264 177//231 176//230
f 174//228 309//438 175//229
f 175//229 309//438 308//438
f 175//229 308//438 176//230
f 176//230 308//438 307//437
f 176//230 307//437 204//264
f 204//264 307//437 306//436
f 204//264 306//436 205//265
f 205//265 306//436 206//266
f 206//266 306//436 305//435
f 206//266 305//435 203//263
f 203//263 305//435 304//434
f 203//263 304//434 202//262
f 253//343 252//342 527//757
f 527//757 252//342 259//350
f 527//757 259//350 535//765
f 535//765 259//350 258//349
f 535//765 258//349 537//767
f 537//767 258//349 257//347
f 537//767 257//347 256//346
f 466//697 470//701 467//698
f 467//698 470//701 462//682
f 467//698 462//682 452//664
f 529//759 465//696 527//757
f 527//757 465//696 467//698
f 527//757 467//698 253//343
f 253//343 467//698 452//664
f 253//343 452//664 288//385
f 288//385 452//664 451//663
f 288//385 451//663 289//387
f 289//387 451//663 450//662
f 289//387 450//662 274//368
f 274//368 450//662 449//661
f 274//368 449//661 275//369
f 275//369 449//661 448//659
f 275//369 448//659 276//371
f 276//371 448//659 277//372
f 277//372 448//659 447//658
f 277//372 447//658 278//373
f 447//658 461//674 278//373
f 278//373 461//674 460//673
f 278//373 460//673 279//374
f 284//379 283//378 455//668
f 455//668 283//378 282//377
f 455//668 282//377 456//669
f 456//669 282//377 281//376
f 456//669 281//376 457//670
f 457//670 281//376 280//375
f 457//670 280//375 458//671
f 458//671 280//375 279//374
f 458//671 279//374 459//672
f 459//672 279//374 460//673
f 284//379 455//668 285//380
f 285//380 455//668 454//666
f 285//380 454//666 453//665
f 504//735 498//729 464//695
f 464//695 498//729 497//728
f 464//695 497//728 432//631
f 432//631 497//728 262//354
f 432//631 262//354 453//665
f 453//665 262//354 286//381
f 453//665 286//381 285//380
f 484//715 486//717 493//724
f 493//724 486//717 298//410
f 493//724 298//410 497//728
f 497//728 298//410 263//355
f 497//728 263//355 262//354
f 202//262 304//434 201//261
f 201//261 304//434 303//431
f 201//261 303//431 481//712
f 481//712 303//431 302//414
f 481//712 302//414 488//719
f 488//719 302//414 299//411
f 488//719 299//411 486//717
f 486//717 299//411 301//413
f 486//717 301//413 298//410
f 332//464 326//457 328//459
f 384//572 388//576 354//506
f 354//506 388//576 387//575
f 354//506 387//575 358//512
f 358//512 387//575 368//528
f 368//528 387//575 379//557
f 368//528 379//557 366//526
f 429//628 427//626 548//778
f 548//778 427//626 426//625
f 548//778 426//625 425//624
f 430//629 429//628 464//695
f 464//695 429//628 548//778
f 464//695 548//778 501//732
f 501//732 548//778 425//624
f 501//732 425//624 506//737
f 506//737 425//624 407//605
f 506//737 407//605 409//607
f 332//464 328//459 471//702
f 471//702 328//459 312//441
f 471//702 312//441 469//700
f 469//700 312//441 311//440
f 469//700 311//440 470//701
f 470//701 311//440 463//694
f 470//701 463//694 462//682
f 549//779 550//780 551//781
f 551//781 550//780 552//782
f 551//781 552//782 553//783
f 554//784 555//785 556//786
f 556//786 555//785 557//787
f 558//788 559//789 560//790
f 560//790 559//789 561//791
f 562//792 563//793 564//794
f 564//794 563//793 551//781
f 564//794 551//781 555//785
f 555//785 551//781 553//783
f 555//785 553//783 557//787
f 561//791 549//779 560//790
f 560//790 549//779 551//781
f 560//790 551//781 565//795
f 565//795 551//781 563//793
f 565//795 563//793 566//796
f 566//796 563//793 567//797
f 567//797 563//793 568//798
f 567//797 568//798 569//799
f 562//792 570//800 563//793
f 563//793 570//800 571//801
f 563//793 571//801 568//798
f 568//798 571//801 572//802
f 568//798 572//802 573//803
f 573//803 572//802 574//804
f 574//804 483//714 482//713
f 492//723 491//722 575//805
f 485//716 484//715 573//803
f 482//713 490//721 574//804
f 574//804 490//721 489//720
f 574//804 489//720 573//803
f 573//803 489//720 487//718
f 573//803 487//718 485//716
f 569//799 568//798 575//805
f 575//805 568//798 573//803
f 575//805 573//803 484//715
f 575//805 484//715 492//723
f 476//707 475//706 576//806
f 474//705 483//714 574//804
f 577//807 578//808 579//809
f 580//810 579//809 581//811
f 581//811 579//809 578//808
f 581//811 578//808 582//812
f 577//807 579//809 583//813
f 583//813 579//809 584//814
f 583//813 584//814 585//815
f 585//815 584//814 586//816
f 585//815 586//816 587//817
f 588//818 572//802 589//819
f 589//819 572//802 571//801
f 475//706 474//705 576//806
f 576//806 474//705 574//804
f 576//806 574//804 588//818
f 588//818 574//804 572//802
f 477//708 476//707 590//820
f 590//820 476//707 576//806
f 590//820 576//806 588//818
f 590//820 588//818 591//821
f 591//821 588//818 592//822
f 591//821 592//822 593//823
f 593//823 592//822 594//824
f 554//784 595//825 555//785
f 555//785 595//825 587//817
f 555//785 587//817 564//794
f 564//794 587//817 586//816
f 564//794 586//816 562//792
f 562//792 586//816 570//800
f 571//801 570//800 589//819
f 589//819 570//800 586//816
f 589//819 586//816 588//826
f 588//826 586//816 584//814
f 588//826 584//814 592//822
f 592//822 584//814 579//809
f 592//822 579//809 594//824
f 594//824 579//809 580//810
f 596//827 597//828 598//829
f 599//830 600//831 601//832
f 597//828 602//833 598//829
f 598//829 602//834 603//835
f 598//829 603//835 604//836
f 581//811 582//812 605//837
f 606//838 607//839 608//840
f 608//840 607//839 598//829
f 608//840 598//829 601//832
f 601//832 598//829 604//836
f 601//832 604//836 599//830
f 605//837 596//827 581//811
f 581//811 596//827 598//829
f 581//811 598//829 580//810
f 580//810 598//829 607//839
f 606//838 609//841 607//839
f 607//839 609//841 610//842
f 607//839 610//842 611//843
f 590//820 591//821 611//843
f 611//843 591//821 593//823
f 611//843 593//823 607//839
f 607//839 593//823 594//824
f 607//839 594//824 580//810
f 612//844 613//845 614//846
f 473//704 614//846 472//703
f 472//703 614//846 613//845
f 472//703 613//845 541//771
f 541//771 613//845 542//772
f 473//704 480//711 614//846
f 614//846 480//711 479//710
f 614//846 479//710 478//709
f 610//842 612//844 611//843
f 611//843 612//844 614//846
f 611//843 614//846 590//820
f 590//820 614//846 478//709
f 590//820 478//709 477//708
f 601//832 600//831 615//847
f 616//848 617//849 618//850
f 618//850 617//849 619//851
f 620//852 621//853 619//851
f 619//851 621//853 622//854
f 619//851 622//854 618//850
f 608//840 601//832 623//855
f 623//855 601//832 615//847
f 623//855 615//847 624//856
f 625//857 613//845 626//858
f 626//858 613//845 612//844
f 612//844 627//859 626//858
f 626//860 627//859 623//855
f 626//860 623//855 628//861
f 628//861 623//855 624//856
f 628//861 624//856 620//852
f 619//851 617//849 629//862
f 619//851 629//862 630//863
f 630//863 629//862 631//864
f 630//863 631//864 632//865
f 546//776 547//777 625//857
f 625//857 547//777 544//774
f 625//857 544//774 613//845
f 613//845 544//774 543//773
f 613//845 543//773 542//772
f 612//844 610//842 627//859
f 627//859 610//842 609//841
f 627//859 609//841 623//855
f 623//855 609//841 606//838
f 623//855 606//838 608//840
f 620//852 619//851 628//861
f 628//861 619//851 630//863
f 628//861 630//863 626//860
f 626//858 630//863 632//865
f 626//858 632//865 625//857
f 625//857 632//865 633//866
f 625//857 633//866 546//776
f 546//776 633//866 634//867
f 546//776 634//867 545//775
f 534//764 536//766 635//868
f 539//769 545//775 634//867
f 636//869 637//869 638//870
f 638//870 637//869 639//871
f 638//870 639//871 640//872
f 640//872 639//871 641//873
f 616//848 642//874 617//849
f 617//849 642//874 643//875
f 617//849 643//875 638//870
f 638//870 643//875 644//876
f 638//870 644//876 636//869
f 536//766 538//768 635//868
f 635//868 538//768 540//770
f 635//868 540//770 539//769
f 645//877 531//761 530//760
f 539//769 634//867 635//868
f 635//868 634//867 633//866
f 635//868 633//866 646//878
f 530//760 534//764 645//877
f 645//877 534//764 635//868
f 645//877 635//868 647//879
f 647//879 635//868 646//878
f 647//879 646//878 648//880
f 633//866 632//865 646//878
f 646//878 632//865 631//864
f 646//878 631//864 649//881
f 649//881 631//864 629//862
f 649//881 629//862 638//870
f 638//870 629//862 617//849
f 638//870 640//872 650//882
f 638//870 650//882 649//881
f 649//881 650//882 651//883
f 649//881 651//883 646//878
f 646//878 651//883 652//884
f 646//878 652//884 648//880
f 653//885 654//886 655//887
f 656//888 657//889 655//887
f 655//887 657//889 658//890
f 655//887 658//890 653//885
f 650//882 640//872 659//891
f 641//873 660//892 640//872
f 640//872 660//892 661//893
f 640//872 661//893 659//891
f 659//891 661//893 662//894
f 659//891 662//894 663//895
f 663//895 662//894 664//896
f 663//895 664//896 657//889
f 657//889 664//896 665//897
f 657//889 665//897 658//890
f 656//888 666//898 657//889
f 657//889 666//898 667//899
f 657//889 667//899 663//895
f 663//895 667//899 668//900
f 663//895 668//900 659//891
f 659//891 668//900 669//901
f 659//891 669//901 650//882
f 650//882 669//901 651//883
f 529//759 528//758 670//902
f 528//758 532//762 670//902
f 670//902 532//762 533//763
f 670//902 533//763 531//761
f 465//696 529//759 671//903
f 671//903 529//759 670//902
f 671//903 670//902 668//904
f 671//903 668//904 672//905
f 672//905 668//904 667//899
f 672//905 667//899 673//906
f 673//906 667//899 666//898
f 531//761 645//877 670//902
f 670//902 645//877 647//879
f 670//902 647//879 668//904
f 668//904 647//879 648//880
f 668//904 648//880 669//901
f 669//901 648//880 652//884
f 669//901 652//884 651//883
f 674//907 675//908 676//909
f 677//910 678//911 679//912
f 679//912 678//911 680//913
f 681//914 682//915 678//911
f 678//911 682//915 683//916
f 678//911 683//916 680//913
f 684//917 685//918 686//919
f 686//919 685//918 678//911
f 686//919 678//911 676//909
f 676//909 678//911 677//910
f 676//909 677//910 674//907
f 654//886 681//914 655//887
f 655//887 681//914 678//911
f 655//887 678//911 656//888
f 656//888 678//911 685//918
f 656//888 685//918 666//898
f 666//898 685//918 673//906
f 673//906 685//918 687//920
f 673//906 687//920 672//905
f 688//921 519//750 522//753
f 468//699 526//756 689//922
f 522//753 468//699 688//921
f 688//921 468//699 689//922
f 688//921 689//922 690//923
f 690//923 689//922 687//920
f 690//923 687//920 691//924
f 691//924 687//920 685//918
f 691//924 685//918 692//925
f 692//925 685//918 684//917
f 526//756 525//756 689//922
f 689//922 525//756 524//755
f 689//922 524//755 466//697
f 672//905 687//920 671//903
f 671//903 687//920 689//922
f 671//903 689//922 466//697
f 671//903 466//697 465//696
f 523//754 521//752 693//926
f 520//751 519//750 688//921
f 694//927 695//928 696//929
f 697//930 698//931 699//932
f 699//932 698//931 700//933
f 699//932 700//933 701//934
f 702//935 703//936 704//937
f 702//935 686//919 703//936
f 703//936 686//919 676//909
f 703//936 676//909 705//938
f 705//938 676//909 675//908
f 690//923 706//939 707//940
f 707//941 706//939 702//935
f 707//941 702//935 696//929
f 696//929 702//935 704//937
f 696//929 704//937 694//927
f 699//932 701//934 708//942
f 699//932 708//942 709//943
f 709//943 708//942 710//944
f 709//943 710//944 711//945
f 521//752 520//751 693//926
f 693//926 520//751 688//921
f 693//926 688//921 707//940
f 707//940 688//921 690//923
f 690//923 691//924 706//939
f 706//939 691//924 692//925
f 706//939 692//925 702//935
f 702//935 692//925 684//917
f 702//935 684//917 686//919
f 517//748 518//749 712//946
f 712//946 518//749 523//754
f 712//946 523//754 713//947
f 713//947 523//754 693//926
f 713//947 693//926 711//945
f 711//945 693//926 707//940
f 711//945 707//940 709//943
f 709//943 707//941 696//929
f 709//943 696//929 699//932
f 699//932 696//929 695//928
f 699//932 695//928 697//930
f 513//744 517//748 712//946
f 714//948 715//949 716//950
f 716//950 715//949 717//951
f 718//952 719//953 717//951
f 717//951 719//953 720//953
f 717//951 720//953 716//950
f 701//934 700//933 721//954
f 701//934 721//954 717//951
f 717//951 721//954 722//955
f 717//951 722//955 718//952
f 514//745 513//744 723//956
f 510//741 515//746 723//956
f 723//956 515//746 516//747
f 723//956 516//747 514//745
f 724//957 512//743 511//742
f 513//744 712//946 723//956
f 723//956 712//946 713//947
f 723//956 713//947 725//958
f 511//742 510//741 724//957
f 724//957 510//741 723//956
f 724//957 723//956 726//959
f 726//959 723//956 725//958
f 726//959 725//958 727//960
f 713//947 711//945 725//958
f 725//958 711//945 710//944
f 725//958 710//944 728//961
f 728//961 710//944 708//942
f 728//961 708//942 717//951
f 717//951 708//942 701//934
f 717//951 715//949 729//962
f 717//951 729//962 728//961
f 728//961 729//962 730//963
f 728//961 730//963 725//958
f 725//958 730//963 731//964
f 725//958 731//964 727//960
f 729//962 715//949 732//965
f 733//966 734//967 735//968
f 734//967 736//969 735//968
f 735//968 736//969 737//970
f 733//966 735//968 738//971
f 738//971 735//968 739//972
f 738//971 739//972 740//973
f 740//973 739//972 732//965
f 740//973 732//965 741//974
f 741//974 732//965 742//975
f 742//975 732//965 715//949
f 742//975 715//949 743//976
f 743//976 715//949 714//948
f 509//740 508//739 744//977
f 744//977 508//739 507//738
f 744//977 507//738 512//743
f 745//978 746//979 747//980
f 747//980 746//979 748//981
f 747//980 748//981 749//982
f 749//982 748//981 750//983
f 749//982 750//983 744//977
f 744//977 750//983 751//984
f 744//977 751//984 509//740
f 509//740 751//984 752//985
f 509//740 752//985 505//736
f 512//743 724//957 744//977
f 744//977 724//957 726//959
f 744//977 726//959 749//982
f 749//982 726//959 727//960
f 749//982 727//960 753//986
f 753//986 727//960 731//964
f 753//986 731//964 730//963
f 730//963 729//962 753//986
f 753//986 729//962 732//965
f 753//986 732//965 749//987
f 749//987 732//965 739//972
f 749//987 739//972 747//980
f 747//980 739//972 735//968
f 747//980 735//968 745//978
f 745//978 735//968 737//970
f 506//737 505//736 752//985
f 754//988 755//989 756//990
f 756//990 755//989 757//991
f 756//990 757//991 758//992
f 758//992 757//991 759//993
f 758//992 759//993 760//994
f 736//969 761//995 737//970
f 737//970 761//995 762//996
f 737//970 762//996 756//990
f 756//990 762//996 763//997
f 756//990 763//997 754//988
f 506//737 752//985 501//732
f 498//729 504//735 764//998
f 764//998 504//735 503//734
f 764//998 503//734 502//733
f 765//999 494//725 499//730
f 502//733 501//732 764//998
f 764//998 501//732 752//985
f 764//998 752//985 766//1000
f 499//730 498//729 765//999
f 765//999 498//729 764//998
f 765//999 764//998 767//1001
f 767//1001 764//998 766//1000
f 767//1001 766//1000 768//1002
f 752//985 751//984 766//1000
f 766//1000 751//984 750//983
f 766//1000 750//983 769//1003
f 769//1003 750//983 748//981
f 748//981 746//979 769//1003
f 769//1003 746//979 745//978
f 769//1003 745//978 756//990
f 756//990 745//978 737//970
f 756//990 758//992 770//1004
f 756//990 770//1004 769//1003
f 769//1003 770//1004 771//1005
f 769//1003 771//1005 766//1000
f 766//1000 771//1005 772//1006
f 766//1000 772//1006 768//1002
f 565//795 773//1007 560//790
f 560//790 773//1007 774//1008
f 560//790 774//1008 558//788
f 770//1004 758//992 775//1009
f 760//994 776//1010 758//992
f 758//992 776//1010 777//1011
f 758//992 777//1011 775//1009
f 775//1009 777//1011 778//1012
f 775//1009 778//1012 779//1013
f 779//1013 778//1012 780//1014
f 779//1013 780//1014 773//1007
f 773//1007 780//1014 781//1015
f 773//1007 781//1015 774//1008
f 565//795 566//796 773//1007
f 773//1007 566//796 782//1016
f 773//1007 782//1016 779//1013
f 779//1013 782//1016 783//1017
f 779//1013 783//1017 775//1009
f 775//1009 783//1017 784//1018
f 775//1009 784//1018 770//1004
f 770//1004 784//1018 771//1005
f 500//731 496//727 785//1019
f 785//1019 496//727 495//726
f 785//1019 495//726 494//725
f 491//722 500//731 575//805
f 575//805 500//731 785//1019
f 575//805 785//1019 783//1020
f 575//805 783//1020 569//799
f 569//799 783//1020 782//1016
f 569//799 782//1016 567//797
f 567//797 782//1016 566//796
f 494//725 765//999 785//1019
f 785//1019 765//999 767//1001
f 785//1019 767//1001 783//1020
f 783//1020 767//1001 768//1002
f 783//1020 768//1002 784//1018
f 784//1018 768//1002 772//1006
f 784//1018 772//1006 771//1005
f 786//1021 787//1022 788//1023
f 789//1024 790//1025 791//1026
f 603//1027 792//1028 793//1029
f 605//1030 794//1031 795//1032
f 553//1033 796//1034 791//1026
f 561//1035 559//1036 797//1037
f 797//1037 559//1036 558//1038
f 558//1038 774//1039 797//1037
f 797//1037 774//1039 781//1040
f 797//1037 781//1040 798//1041
f 798//1041 781//1040 780//1042
f 798//1041 780//1042 778//1043
f 778//1043 777//1044 798//1041
f 798//1041 777//1044 776//1045
f 798//1041 776//1045 760//1046
f 553//1033 552//1047 796//1034
f 796//1034 552//1047 550//1048
f 796//1034 550//1048 799//1049
f 799//1049 550//1048 549//1050
f 799//1049 549//1050 561//1035
f 605//1030 582//1051 794//1031
f 794//1031 582//1051 578//1052
f 794//1031 578//1052 577//1053
f 577//1053 583//1054 794//1031
f 794//1031 583//1054 585//1055
f 794//1031 585//1055 791//1026
f 585//1055 587//1056 791//1026
f 791//1026 587//1056 595//1057
f 791//1026 595//1057 554//1058
f 554//1058 556//1059 791//1026
f 791//1026 556//1059 557//1060
f 791//1026 557//1060 553//1033
f 603//1027 602//1061 792//1028
f 792//1028 602//1061 597//1062
f 792//1028 597//1062 795//1032
f 795//1032 597//1062 596//1063
f 795//1032 596//1063 605//1030
f 616//1064 618//1065 800//1066
f 800//1066 618//1065 622//1067
f 622//1067 621//1068 800//1066
f 800//1066 621//1068 620//1069
f 800//1066 620//1069 624//1070
f 615//1071 600//1072 793//1029
f 600//1072 599//1073 793//1029
f 793//1029 599//1073 604//1074
f 793//1029 604//1074 603//1027
f 616//1064 800//1066 642//1075
f 642//1075 800//1066 801//1076
f 642//1075 801//1076 643//1077
f 802//1078 637//1079 803//1080
f 803//1080 637//1079 636//1081
f 803//1080 636//1081 801//1076
f 801//1076 636//1081 644//1082
f 801//1076 644//1082 643//1077
f 665//1083 804//1084 658//1085
f 658//1085 804//1084 653//1085
f 665//1083 664//1086 804//1084
f 804//1084 664//1086 662//1087
f 804//1084 662//1087 802//1078
f 802//1078 662//1087 661//1088
f 802//1078 661//1088 660//1089
f 660//1089 641//1090 802//1078
f 802//1078 641//1090 639//1091
f 802//1078 639//1091 637//1079
f 679//1092 680//1093 805//1094
f 805//1094 680//1093 683//1095
f 805//1094 683//1095 806//1096
f 806//1096 683//1095 682//1097
f 806//1096 682//1097 807//1098
f 807//1098 682//1097 681//1099
f 807//1098 681//1099 804//1084
f 804//1084 681//1099 654//1100
f 804//1084 654//1100 653//1085
f 808//1101 704//1102 703//1103
f 808//1101 703//1103 809//1104
f 809//1104 703//1103 705//1105
f 809//1104 705//1105 675//1106
f 805//1094 810//1107 679//1092
f 679//1092 810//1107 811//1108
f 679//1092 811//1108 677//1109
f 677//1109 811//1108 809//1104
f 677//1109 809//1104 674//1110
f 674//1110 809//1104 675//1106
f 812//1111 721//1112 700//1113
f 812//1111 700//1113 808//1101
f 808//1101 700//1113 698//1114
f 808//1101 698//1114 697//1115
f 697//1115 695//1116 808//1101
f 808//1101 695//1116 694//1116
f 808//1101 694//1116 704//1102
f 721//1112 812//1111 722//1117
f 722//1117 812//1111 813//1118
f 722//1117 813//1118 718//1119
f 718//1119 813//1118 814//1120
f 718//1119 814//1120 719//1121
f 719//1121 814//1120 815//1122
f 719//1121 815//1122 720//1123
f 720//1123 815//1122 816//1124
f 720//1123 816//1124 716//1125
f 716//1125 817//1126 714//1127
f 714//1127 817//1126 818//1128
f 714//1127 818//1128 743//1129
f 788//1023 761//1130 736//1131
f 736//1131 734//1132 788//1023
f 788//1023 734//1132 733//1133
f 788//1023 733//1133 818//1128
f 818//1128 733//1133 738//1134
f 818//1128 738//1134 740//1135
f 740//1135 741//1136 818//1128
f 818//1128 741//1136 742//1137
f 818//1128 742//1137 743//1129
f 760//1046 759//1138 798//1041
f 798//1041 759//1138 757//1139
f 798//1041 757//1139 819//1140
f 820//1141 821//1142 822//1143
f 823//1144 820//1141 794//1031
f 791//1026 790//1025 794//1031
f 794//1031 790//1025 824//1145
f 794//1031 824//1145 823//1144
f 820//1141 822//1143 794//1031
f 794//1031 822//1143 825//1146
f 794//1031 825//1146 826//1147
f 789//1024 791//1026 827//1148
f 827//1148 791//1026 796//1034
f 827//1148 796//1034 828//1149
f 828//1149 796//1034 799//1049
f 828//1149 799//1049 829//1150
f 561//1035 797//1037 799//1049
f 799//1049 797//1037 830//1151
f 799//1049 830//1151 829//1150
f 798//1041 831//1152 832//1153
f 833//1154 834//1155 835//1156
f 835//1156 834//1155 798//1041
f 835//1156 798//1041 836//1157
f 836//1157 798//1041 832//1153
f 834//1155 837//1158 798//1041
f 798//1041 837//1158 838//1159
f 798//1041 838//1159 797//1037
f 797//1037 838//1159 839//1160
f 797//1037 839//1160 830//1151
f 757//1139 755//1161 840//1162
f 840//1162 755//1161 754//1163
f 840//1162 754//1163 787//1022
f 787//1022 754//1163 763//1164
f 787//1022 763//1164 788//1023
f 788//1023 763//1164 762//1165
f 788//1023 762//1165 761//1130
f 840//1162 841//1166 757//1139
f 757//1139 841//1166 842//1167
f 757//1139 842//1167 819//1140
f 819//1168 842//1169 843//1170
f 819//1168 843//1170 798//1171
f 798//1041 843//1172 844//1173
f 798//1041 844//1173 831//1152
f 818//1128 845//1174 846//1175
f 847//1176 848//1177 849//1178
f 849//1178 848//1177 818//1128
f 849//1178 818//1128 850//1179
f 850//1179 818//1128 846//1175
f 848//1177 851//1180 818//1128
f 818//1128 851//1180 852//1181
f 818//1128 852//1181 788//1023
f 788//1023 852//1181 853//1182
f 788//1023 853//1182 786//1021
f 716//1125 816//1124 817//1126
f 817//1126 816//1124 854//1183
f 817//1126 854//1183 818//1128
f 818//1128 854//1183 855//1184
f 818//1128 855//1184 845//1174
f 856//1185 857//1186 808//1101
f 808//1101 857//1186 858//1187
f 858//1187 859//1188 808//1101
f 808//1101 859//1188 860//1189
f 808//1101 860//1189 861//1190
f 861//1190 862//1191 808//1101
f 808//1101 862//1191 863//1192
f 808//1101 863//1192 812//1111
f 812//1111 863//1192 864//1193
f 812//1111 864//1193 813//1118
f 811//1108 865//1194 809//1104
f 809//1104 865//1194 866//1195
f 809//1104 866//1195 808//1101
f 808//1101 866//1195 867//1196
f 808//1101 867//1196 856//1185
f 868//1197 869//1198 804//1084
f 804//1084 869//1198 870//1199
f 804//1084 870//1199 807//1098
f 807//1098 870//1199 871//1200
f 807//1098 871//1200 806//1096
f 872//1201 873//1202 874//1203
f 875//1204 876//1205 804//1084
f 804//1084 876//1205 877//1206
f 804//1084 877//1206 872//1201
f 872//1201 874//1203 804//1084
f 804//1084 874//1203 878//1207
f 804//1084 878//1207 868//1197
f 875//1204 804//1084 879//1208
f 879//1208 804//1084 802//1078
f 879//1208 802//1078 880//1209
f 880//1209 802//1078 803//1080
f 880//1209 803//1080 881//1210
f 881//1210 803//1080 801//1076
f 881//1210 801//1076 882//1211
f 883//1212 800//1066 793//1029
f 793//1029 800//1066 624//1070
f 793//1029 624//1070 615//1071
f 883//1212 884//1213 800//1066
f 800//1066 884//1213 885//1214
f 800//1066 885//1214 886//1215
f 887//1216 800//1066 888//1217
f 888//1217 800//1066 886//1215
f 888//1217 886//1215 889//1218
f 887//1216 890//1219 800//1066
f 800//1066 890//1219 891//1220
f 800//1066 891//1220 801//1076
f 801//1076 891//1220 892//1221
f 801//1076 892//1221 882//1211
f 795//1032 893//1222 792//1028
f 792//1028 893//1222 894//1223
f 792//1028 894//1223 793//1029
f 793//1029 894//1223 895//1224
f 793//1029 895//1224 883//1212
f 826//1147 896//1225 794//1031
f 794//1031 896//1225 897//1226
f 794//1031 897//1226 795//1032
f 795//1032 897//1226 898//1227
f 795//1032 898//1227 893//1222
f 838//1228 899//1229 839//1230
f 839//1230 899//1229 900//1231
f 839//1230 900//1231 830//1230
f 830//1230 900//1231 901//1232
f 830//1230 901//1232 829//1233
f 829//1233 901//1232 902//1234
f 829//1233 902//1234 828//1233
f 828//1233 902//1234 903//1235
f 828//1233 903//1235 827//1230
f 827//1230 903//1235 904//1236
f 905//1237 824//1238 906//1239
f 906//1239 824//1238 790//1240
f 906//1239 790//1240 904//1236
f 904//1236 790//1240 789//1240
f 904//1236 789//1240 827//1230
f 907//1241 826//1242 908//1243
f 908//1243 826//1242 825//1244
f 824//1238 905//1237 823//1245
f 823//1245 905//1237 909//1246
f 823//1245 909//1246 820//1247
f 820//1247 909//1246 910//1248
f 820//1247 910//1248 821//1249
f 821//1249 910//1248 911//1250
f 821//1249 911//1250 822//1251
f 822//1251 911//1250 912//1252
f 822//1251 912//1252 825//1244
f 825//1244 912//1252 913//1253
f 825//1244 913//1253 908//1243
f 826//1242 907//1241 896//59
f 896//59 907//1241 914//1254
f 896//59 914//1254 897//59
f 897//59 914//1254 915//1255
f 897//59 915//1255 898//59
f 898//59 915//1255 916//1256
f 917//1257 884//1258 918//1259
f 918//1259 884//1258 883//59
f 918//1259 883//59 919//1260
f 919//1260 883//59 895//59
f 919//1260 895//59 920//1261
f 920//1261 895//59 894//59
f 920//1261 894//59 916//1256
f 916//1256 894//59 893//59
f 916//1256 893//59 898//59
f 921//1262 890//1263 922//1264
f 922//1264 890//1263 887//1265
f 884//1258 917//1257 885//1266
f 885//1266 917//1257 923//1267
f 885//1266 923//1267 886//1268
f 886//1268 923//1267 924//1269
f 886//1268 924//1269 889//1270
f 889//1270 924//1269 925//1271
f 889//1270 925//1271 888//1272
f 888//1272 925//1271 926//1273
f 888//1272 926//1273 887//1265
f 887//1265 926//1273 927//1274
f 887//1265 927//1274 922//1264
f 928//1275 929//1276 876//1277
f 890//1263 921//1262 891//1278
f 891//1278 921//1262 930//1279
f 891//1278 930//1279 892//1280
f 892//1280 930//1279 931//1281
f 892//1280 931//1281 882//1278
f 882//1278 931//1281 932//1282
f 882//1278 932//1282 881//1280
f 881//1280 932//1282 933//1283
f 881//1280 933//1283 880//1278
f 880//1278 933//1283 934//1284
f 880//1278 934//1284 879//1280
f 879//1280 934//1284 928//1275
f 879//1280 928//1275 875//1278
f 875//1278 928//1275 876//1277
f 935//1285 868//1286 936//1287
f 936//1287 868//1286 878//1288
f 876//1277 929//1276 877//1289
f 877//1289 929//1276 937//1290
f 877//1289 937//1290 872//1291
f 872//1291 937//1290 938//1292
f 872//1291 938//1292 873//1293
f 873//1293 938//1292 939//1294
f 873//1293 939//1294 874//1295
f 874//1295 939//1294 940//1296
f 874//1295 940//1296 878//1288
f 878//1288 940//1296 941//1297
f 878//1288 941//1297 936//1287
f 868//1286 935//1285 869//1298
f 869//1298 935//1285 942//1299
f 869//1298 942//1299 870//1298
f 870//1298 942//1299 943//1300
f 944//1301 806//1302 943//1300
f 943//1300 806//1302 871//1302
f 943//1300 871//1302 870//1298
f 945//1303 867//1304 946//1305
f 946//1305 867//1304 866//1302
f 946//1305 866//1302 947//1306
f 866//1302 865//1298 947//1306
f 947//1306 865//1298 811//1302
f 947//1306 811//1302 948//1307
f 948//1307 811//1302 810//1298
f 948//1307 810//1298 944//1301
f 944//1301 810//1298 805//1302
f 944//1301 805//1302 806//1302
f 949//1308 862//1309 950//1310
f 950//1310 862//1309 861//1311
f 950//1310 861//1311 951//1312
f 951//1312 861//1311 952//1313
f 952//1313 861//1311 860//1314
f 952//1313 860//1314 953//1315
f 953//1315 860//1314 859//1316
f 953//1315 859//1316 954//1317
f 954//1317 859//1316 858//1318
f 954//1317 858//1318 955//1319
f 955//1319 858//1318 857//1320
f 955//1319 857//1320 945//1303
f 945//1303 857//1320 856//1321
f 945//1303 856//1321 867//1304
f 862//1309 949//1308 863//99
f 863//99 949//1308 956//1322
f 863//99 956//1322 864//99
f 864//99 956//1322 957//1323
f 864//99 957//1323 813//99
f 813//99 957//1323 958//1324
f 813//99 958//1324 814//99
f 814//99 958//1324 815//99
f 815//99 958//1324 959//1325
f 815//99 959//1325 816//99
f 816//99 959//1325 960//1326
f 816//99 960//1326 854//99
f 854//99 960//1326 855//100
f 855//100 960//1326 961//1327
f 855//100 961//1327 845//99
f 845//99 961//1327 962//1328
f 845//99 962//1328 846//1329
f 963//1330 852//1331 964//1332
f 964//1332 852//1331 851//1333
f 846//1329 962//1328 850//1334
f 850//1334 962//1328 965//1335
f 850//1334 965//1335 849//1336
f 849//1336 965//1335 966//1337
f 849//1336 966//1337 847//1338
f 847//1338 966//1337 967//1339
f 847//1338 967//1339 848//1340
f 848//1340 967//1339 968//1341
f 848//1340 968//1341 851//1333
f 851//1333 968//1341 969//1342
f 851//1333 969//1342 964//1332
f 970//1343 971//1344 841//1345
f 972//1346 973//1347 832//1348
f 852//1331 963//1330 853//1345
f 853//1345 963//1330 974//1349
f 853//1345 974//1349 786//1345
f 786//1345 974//1349 975//1350
f 786//1345 975//1350 787//1351
f 787//1351 975//1350 970//1343
f 787//1351 970//1343 840//1351
f 840//1351 970//1343 841//1345
f 832//1348 831//1345 972//1346
f 972//1346 831//1345 844//1345
f 972//1346 844//1345 976//1352
f 976//1352 844//1345 843//1353
f 976//1352 843//1353 971//1344
f 971//1344 843//1353 842//1353
f 971//1344 842//1353 841//1345
f 899//1229 838//1228 977//1354
f 977//1354 838//1228 837//1355
f 832//1348 973//1347 836//1356
f 836//1356 973//1347 978//1357
f 836//1356 978//1357 835//1358
f 835//1358 978//1357 979//1359
f 835//1358 979//1359 833//1360
f 833//1360 979//1359 980//1361
f 833//1360 980//1361 834//1362
f 834//1362 980//1361 981//1363
f 834//1362 981//1363 837//1355
f 837//1355 981//1363 982//1364
f 837//1355 982//1364 977//1354
f 983//1365 984//1366 985//1367
f 903//1235 902//1234 986//1368
f 987//1369 988//1370 989//1371
f 990//1372 991//1373 992//1374
f 993//1375 994//1376 988//1370
f 992//1374 993//1375 990//1372
f 990//1372 993//1375 988//1370
f 990//1372 988//1370 995//1377
f 995//1377 988//1370 987//1369
f 995//1377 987//1369 996//1378
f 997//1379 989//1371 998//1380
f 998//1380 989//1371 999//1381
f 904//1236 1000//1382 906//1239
f 906//1239 1000//1382 1001//1383
f 906//1239 1001//1383 905//1237
f 1002//1384 1003//1385 986//1368
f 986//1368 1003//1385 1000//1382
f 986//1368 1000//1382 903//1235
f 903//1235 1000//1382 904//1236
f 996//1378 987//1369 1004//1386
f 1004//1386 987//1369 1005//1387
f 1004//1386 1005//1387 1006//1388
f 899//1229 1006//1388 900//1231
f 900//1231 1006//1388 1005//1387
f 900//1231 1005//1387 901//1232
f 901//1232 1005//1387 902//1234
f 998//1380 1007//1389 997//1379
f 997//1379 1007//1389 1008//1390
f 997//1379 1008//1390 1009//1391
f 994//1376 1010//1392 988//1370
f 988//1370 1010//1392 1011//1393
f 988//1370 1011//1393 989//1371
f 989//1371 1011//1393 1012//1394
f 989//1371 1012//1394 999//1381
f 985//1367 1013//1395 1003//1385
f 1003//1385 1013//1395 1014//1396
f 1003//1385 1014//1396 1000//1382
f 1000//1382 1014//1396 1015//1397
f 1000//1382 1015//1397 1001//1383
f 902//1234 1005//1387 986//1368
f 986//1368 1005//1387 987//1369
f 986//1368 987//1369 1002//1384
f 1002//1384 987//1369 989//1371
f 1002//1384 989//1371 1003//1385
f 1003//1385 989//1371 997//1379
f 1003//1385 997//1379 985//1367
f 985//1367 997//1379 1009//1391
f 985//1367 1009//1391 983//1365
f 1016//1398 1014//1396 1017//1399
f 1017//1399 1014//1396 1013//1395
f 1017//1399 1013//1395 985//1367
f 905//1237 1001//1383 909//1246
f 909//1246 1001//1383 1018//1400
f 908//1243 913//1253 1019//1401
f 1019//1401 913//1253 912//1252
f 1019//1401 912//1252 1020//1402
f 1020//1402 912//1252 911//1250
f 1020//1402 911//1250 1018//1400
f 1018//1400 911//1250 910//1248
f 1018//1400 910//1248 909//1246
f 1017//1399 1021//1403 1022//1404
f 1023//1405 1016//1398 1024//1406
f 1024//1406 1016//1398 1017//1399
f 1024//1406 1017//1399 1025//1407
f 1025//1407 1017//1399 1022//1404
f 1025//1407 1022//1404 1026//1408
f 1021//1403 1017//1399 1027//1409
f 1027//1409 1017//1399 985//1367
f 1027//1409 985//1367 984//1366
f 1028//1410 1029//1411 1019//1401
f 1019//1401 1029//1411 907//1241
f 1019//1401 907//1241 908//1243
f 1001//1383 1015//1397 1018//1400
f 1018//1400 1015//1397 1014//1396
f 1018//1400 1014//1396 1020//1402
f 1020//1402 1014//1396 1016//1398
f 1020//1402 1016//1398 1019//1401
f 1019//1401 1016//1398 1023//1405
f 1019//1401 1023//1405 1028//1410
f 920//1261 916//1256 1030//1412
f 1031//1413 1023//1405 1024//1406
f 1032//1414 1031//1413 1033//1415
f 1033//1415 1031//1413 1024//1406
f 1033//1415 1024//1406 1025//1407
f 1026//1408 1034//1416 1025//1407
f 1025//1407 1034//1416 1035//1417
f 1025//1407 1035//1417 1033//1415
f 1033//1415 1035//1417 1036//1418
f 1037//1419 1038//1420 1039//1421
f 1039//1421 1038//1420 1032//1414
f 1039//1421 1032//1414 1040//1422
f 919//1260 1041//1423 918//1259
f 918//1259 1041//1423 1042//1424
f 918//1259 1042//1424 917//1257
f 1043//1425 1044//1426 1030//1412
f 1030//1412 1044//1426 1041//1423
f 1030//1412 1041//1423 920//1261
f 920//1261 1041//1423 919//1260
f 1023//1405 1031//1413 1028//1410
f 1028//1410 1031//1413 1045//1427
f 1028//1410 1045//1427 1029//1411
f 907//1241 1029//1411 914//1254
f 914//1254 1029//1411 1045//1427
f 914//1254 1045//1427 915//1255
f 915//1255 1045//1427 916//1256
f 1037//1419 1046//1428 1038//1420
f 1038//1420 1046//1428 1047//1429
f 1038//1420 1047//1429 1048//1430
f 1036//1418 1049//1431 1033//1415
f 1033//1415 1049//1431 1050//1432
f 1033//1415 1050//1432 1032//1414
f 1032//1414 1050//1432 1051//1433
f 1032//1414 1051//1433 1040//1422
f 1052//1434 1053//1435 1044//1426
f 1044//1426 1053//1435 1054//1436
f 1044//1426 1054//1436 1041//1423
f 1041//1423 1054//1436 1055//1437
f 1041//1423 1055//1437 1042//1424
f 916//1256 1045//1427 1030//1412
f 1030//1412 1045//1427 1031//1413
f 1030//1412 1031//1413 1043//1425
f 1043//1425 1031//1413 1032//1414
f 1043//1425 1032//1414 1044//1426
f 1044//1426 1032//1414 1038//1420
f 1044//1426 1038//1420 1052//1434
f 1052//1434 1038//1420 1048//1430
f 1052//1434 1048//1430 1056//1438
f 1057//1439 1054//1436 1058//1440
f 1058//1440 1054//1436 1053//1435
f 1058//1440 1053//1435 1052//1434
f 917//1257 1042//1424 923//1267
f 923//1267 1042//1424 1059//1441
f 922//1264 927//1274 1060//1442
f 1060//1442 927//1274 926//1273
f 1060//1442 926//1273 1061//1443
f 1061//1443 926//1273 925//1271
f 1061//1443 925//1271 1059//1441
f 1059//1441 925//1271 924//1269
f 1059//1441 924//1269 923//1267
f 1058//1440 1062//1444 1063//1445
f 1064//1446 1057//1439 1065//1447
f 1065//1447 1057//1439 1058//1440
f 1065//1447 1058//1440 1066//1448
f 1066//1448 1058//1440 1063//1445
f 1066//1448 1063//1445 1067//1449
f 1062//1444 1058//1440 1068//1450
f 1068//1450 1058//1440 1052//1434
f 1068//1450 1052//1434 1056//1438
f 1069//1451 1070//1452 1060//1442
f 1060//1442 1070//1452 921//1262
f 1060//1442 921//1262 922//1264
f 1042//1424 1055//1437 1059//1441
f 1059//1441 1055//1437 1054//1436
f 1059//1441 1054//1436 1061//1443
f 1061//1443 1054//1436 1057//1439
f 1061//1443 1057//1439 1060//1442
f 1060//1442 1057//1439 1064//1446
f 1060//1442 1064//1446 1069//1451
f 933//1283 932//1282 1071//1453
f 1072//1454 1073//1455 1074//1456
f 1067//1449 1075//1457 1066//1448
f 1066//1448 1075//1457 1076//1458
f 1076//1458 1077//1459 1066//1448
f 1066//1448 1077//1459 1073//1455
f 1066//1448 1073//1455 1065//1447
f 1065//1447 1073//1455 1072//1454
f 1065//1447 1072//1454 1064//1446
f 1078//1460 1079//1461 1080//1462
f 1080//1462 1079//1461 1074//1456
f 1080//1462 1074//1456 1081//1463
f 934//1284 1082//1464 928//1275
f 928//1275 1082//1464 1083//1465
f 928//1275 1083//1465 929//1276
f 1084//1466 1085//1467 1071//1453
f 1071//1453 1085//1467 1082//1464
f 1071//1453 1082//1464 933//1283
f 933//1283 1082//1464 934//1284
f 1064//1446 1072//1454 1069//1451
f 1069//1451 1072//1454 1086//1468
f 1069//1451 1086//1468 1070//1452
f 921//1262 1070//1452 930//1279
f 930//1279 1070//1452 1086//1468
f 930//1279 1086//1468 931//1281
f 931//1281 1086//1468 932//1282
f 1078//1460 1087//1469 1079//1461
f 1079//1461 1087//1469 1088//1470
f 1079//1461 1088//1470 1089//1471
f 1077//1459 1090//1472 1073//1455
f 1073//1455 1090//1472 1091//1473
f 1073//1455 1091//1473 1074//1456
f 1074//1456 1091//1473 1092//1474
f 1074//1456 1092//1474 1081//1463
f 1093//1475 1094//1476 1085//1467
f 1085//1467 1094//1476 1095//1477
f 1085//1467 1095//1477 1082//1464
f 1082//1464 1095//1477 1096//1478
f 1082//1464 1096//1478 1083//1465
f 932//1282 1086//1468 1071//1453
f 1071//1453 1086//1468 1072//1454
f 1071//1453 1072//1454 1084//1466
f 1084//1466 1072//1454 1074//1456
f 1084//1466 1074//1456 1085//1467
f 1085//1467 1074//1456 1079//1461
f 1085//1467 1079//1461 1093//1475
f 1093//1475 1079//1461 1089//1471
f 1093//1475 1089//1471 1097//1479
f 1098//1480 1095//1477 1099//1481
f 1099//1481 1095//1477 1094//1476
f 1099//1481 1094//1476 1093//1475
f 929//1276 1083//1465 937//1290
f 937//1290 1083//1465 1100//1482
f 936//1287 941//1297 1101//1483
f 1101//1483 941//1297 940//1296
f 1101//1483 940//1296 1102//1484
f 1102//1484 940//1296 939//1294
f 1102//1484 939//1294 1100//1482
f 1100//1482 939//1294 938//1292
f 1100//1482 938//1292 937//1290
f 1099//1481 1103//1485 1104//1486
f 1105//1487 1098//1480 1106//1488
f 1106//1488 1098//1480 1099//1481
f 1106//1488 1099//1481 1107//1489
f 1107//1489 1099//1481 1104//1486
f 1107//1489 1104//1486 1108//1490
f 1103//1485 1099//1481 1109//1491
f 1109//1491 1099//1481 1093//1475
f 1109//1491 1093//1475 1097//1479
f 1110//1492 1111//1493 1101//1483
f 1101//1483 1111//1493 935//1285
f 1101//1483 935//1285 936//1287
f 1083//1465 1096//1478 1100//1482
f 1100//1482 1096//1478 1095//1477
f 1100//1482 1095//1477 1102//1484
f 1102//1484 1095//1477 1098//1480
f 1102//1484 1098//1480 1101//1483
f 1101//1483 1098//1480 1105//1487
f 1101//1483 1105//1487 1110//1492
f 1112//1494 1113//1495 1114//1496
f 948//1307 944//1301 1115//1497
f 1116//1498 1117//1499 1118//1500
f 1119//1501 1118//1500 1120//1502
f 1108//1490 1121//1503 1107//1489
f 1107//1489 1121//1503 1122//1504
f 1122//1504 1116//1498 1107//1489
f 1107//1489 1116//1498 1118//1500
f 1107//1489 1118//1500 1106//1488
f 1106//1488 1118//1500 1119//1501
f 1106//1488 1119//1501 1105//1487
f 1123//1505 1120//1502 1124//1506
f 1124//1506 1120//1502 1125//1507
f 947//1306 1126//1508 946//1305
f 946//1305 1126//1508 1127//1509
f 946//1305 1127//1509 945//1303
f 1128//1510 1129//1511 1115//1497
f 1115//1497 1129//1511 1126//1508
f 1115//1497 1126//1508 948//1307
f 948//1307 1126//1508 947//1306
f 1105//1487 1119//1501 1110//1492
f 1110//1492 1119//1501 1130//1512
f 1110//1492 1130//1512 1111//1493
f 935//1285 1111//1493 942//1299
f 942//1299 1111//1493 1130//1512
f 942//1299 1130//1512 943//1300
f 943//1300 1130//1512 944//1301
f 1124//1506 1131//1513 1123//1505
f 1123//1505 1131//1513 1132//1514
f 1123//1505 1132//1514 1133//1515
f 1117//1499 1134//1516 1118//1500
f 1118//1500 1134//1516 1135//1517
f 1118//1500 1135//1517 1120//1502
f 1120//1502 1135//1517 1136//1518
f 1120//1502 1136//1518 1125//1507
f 1114//1496 1137//1519 1129//1511
f 1129//1511 1137//1519 1138//1520
f 1129//1511 1138//1520 1126//1508
f 1126//1508 1138//1520 1139//1521
f 1126//1508 1139//1521 1127//1509
f 944//1301 1130//1512 1115//1497
f 1115//1497 1130//1512 1119//1501
f 1115//1497 1119//1501 1128//1510
f 1128//1510 1119//1501 1120//1502
f 1128//1510 1120//1502 1129//1511
f 1129//1511 1120//1502 1123//1505
f 1129//1511 1123//1505 1114//1496
f 1114//1496 1123//1505 1133//1515
f 1114//1496 1133//1515 1112//1494
f 1140//1522 1138//1520 1141//1523
f 1141//1523 1138//1520 1137//1519
f 1141//1523 1137//1519 1114//1496
f 945//1303 1127//1509 955//1319
f 955//1319 1127//1509 1142//1524
f 950//1310 951//1312 1143//1525
f 1143//1525 951//1312 952//1313
f 1143//1525 952//1313 1144//1526
f 1144//1526 952//1313 953//1315
f 1144//1526 953//1315 1142//1524
f 1142//1524 953//1315 954//1317
f 1142//1524 954//1317 955//1319
f 1141//1523 1145//1527 1146//1528
f 1147//1529 1140//1522 1148//1530
f 1148//1530 1140//1522 1141//1523
f 1148//1530 1141//1523 1149//1531
f 1149//1531 1141//1523 1146//1528
f 1149//1531 1146//1528 1150//1532
f 1145//1527 1141//1523 1151//1533
f 1151//1533 1141//1523 1114//1496
f 1151//1533 1114//1496 1113//1495
f 1152//1534 1153//1535 1143//1525
f 1143//1525 1153//1535 949//1308
f 1143//1525 949//1308 950//1310
f 1127//1509 1139//1521 1142//1524
f 1142//1524 1139//1521 1138//1520
f 1142//1524 1138//1520 1144//1526
f 1144//1526 1138//1520 1140//1522
f 1144//1526 1140//1522 1143//1525
f 1143//1525 1140//1522 1147//1529
f 1143//1525 1147//1529 1152//1534
f 1154//1536 1155//1537 1156//1538
f 959//1325 958//1324 1157//1539
f 1158//1540 1147//1529 1148//1530
f 1159//1541 1158//1540 1160//1542
f 1160//1542 1158//1540 1148//1530
f 1160//1542 1148//1530 1149//1531
f 1150//1532 1161//1543 1149//1531
f 1149//1531 1161//1543 1162//1544
f 1149//1531 1162//1544 1160//1542
f 1160//1542 1162//1544 1163//1545
f 1164//1546 1159//1541 1165//1547
f 1165//1547 1159//1541 1166//1548
f 960//1326 1167//1549 961//1327
f 961//1327 1167//1549 1168//1550
f 961//1327 1168//1550 962//1328
f 1169//1551 1170//1552 1157//1539
f 1157//1539 1170//1552 1167//1549
f 1157//1539 1167//1549 959//1325
f 959//1325 1167//1549 960//1326
f 1147//1529 1158//1540 1152//1534
f 1152//1534 1158//1540 1171//1553
f 1152//1534 1171//1553 1153//1535
f 949//1308 1153//1535 956//1322
f 956//1322 1153//1535 1171//1553
f 956//1322 1171//1553 957//1323
f 957//1323 1171//1553 958//1324
f 1165//1547 1172//1554 1164//1546
f 1164//1546 1172//1554 1173//1555
f 1164//1546 1173//1555 1174//1556
f 1163//1545 1175//1557 1160//1542
f 1160//1542 1175//1557 1176//1558
f 1160//1542 1176//1558 1159//1541
f 1159//1541 1176//1558 1177//1559
f 1159//1541 1177//1559 1166//1548
f 1156//1538 1178//1560 1170//1552
f 1170//1552 1178//1560 1179//1561
f 1170//1552 1179//1561 1167//1549
f 1167//1549 1179//1561 1180//1562
f 1167//1549 1180//1562 1168//1550
f 958//1324 1171//1553 1157//1539
f 1157//1539 1171//1553 1158//1540
f 1157//1539 1158//1540 1169//1551
f 1169//1551 1158//1540 1159//1541
f 1169//1551 1159//1541 1170//1552
f 1170//1552 1159//1541 1164//1546
f 1170//1552 1164//1546 1156//1538
f 1156//1538 1164//1546 1174//1556
f 1156//1538 1174//1556 1154//1536
f 1181//1563 1179//1561 1182//1564
f 1182//1564 1179//1561 1178//1560
f 1182//1564 1178//1560 1156//1538
f 962//1328 1168//1550 965//1335
f 965//1335 1168//1550 1183//1565
f 964//1332 969//1342 1184//1566
f 1184//1566 969//1342 968//1341
f 1184//1566 968//1341 1185//1567
f 1185//1567 968//1341 967//1339
f 1185//1567 967//1339 1183//1565
f 1183//1565 967//1339 966//1337
f 1183//1565 966//1337 965//1335
f 1182//1564 1186//1568 1187//1569
f 1188//1570 1181//1563 1189//1571
f 1189//1571 1181//1563 1182//1564
f 1189//1571 1182//1564 1190//1572
f 1190//1572 1182//1564 1187//1569
f 1190//1572 1187//1569 1191//1573
f 1186//1568 1182//1564 1192//1574
f 1192//1574 1182//1564 1156//1538
f 1192//1574 1156//1538 1155//1537
f 1193//1575 1194//1576 1184//1566
f 1184//1566 1194//1576 963//1330
f 1184//1566 963//1330 964//1332
f 1168//1550 1180//1562 1183//1565
f 1183//1565 1180//1562 1179//1561
f 1183//1565 1179//1561 1185//1567
f 1185//1567 1179//1561 1181//1563
f 1185//1567 1181//1563 1184//1566
f 1184//1566 1181//1563 1188//1570
f 1184//1566 1188//1570 1193//1575
f 975//1350 974//1349 1195//1577
f 1196//1578 1197//1579 1198//1580
f 1199//1581 1198//1580 1200//1582
f 1191//1573 1201//1583 1190//1572
f 1190//1572 1201//1583 1202//1584
f 1202//1584 1196//1578 1190//1572
f 1190//1572 1196//1578 1198//1580
f 1190//1572 1198//1580 1189//1571
f 1189//1571 1198//1580 1199//1581
f 1189//1571 1199//1581 1188//1570
f 1203//1585 1204//1586 1205//1587
f 1205//1587 1204//1586 1200//1582
f 1206//1588 973//1347 972//1346
f 1206//1588 972//1346 1207//1589
f 1208//1590 1209//1591 1210//1592
f 1210//1592 1209//1591 1207//1589
f 1188//1570 1199//1581 1193//1575
f 1193//1575 1199//1581 1195//1577
f 1193//1575 1195//1577 1194//1576
f 1194//1576 1195//1577 974//1349
f 1194//1576 974//1349 963//1330
f 972//1346 976//1352 1207//1589
f 1207//1589 976//1352 971//1344
f 1207//1589 971//1344 1210//1592
f 1210//1592 971//1344 970//1343
f 1210//1592 970//1343 975//1350
f 1203//1585 1211//1593 1204//1586
f 1204//1586 1211//1593 1212//1594
f 1204//1586 1212//1594 1213//1595
f 1197//1579 1214//1596 1198//1580
f 1198//1580 1214//1596 1215//1597
f 1198//1580 1215//1597 1200//1582
f 1200//1582 1215//1597 1216//1598
f 1200//1582 1216//1598 1205//1587
f 1217//1599 1218//1600 1209//1591
f 1209//1591 1218//1600 1219//1601
f 1209//1591 1219//1601 1207//1589
f 1207//1589 1219//1601 1220//1602
f 1207//1589 1220//1602 1206//1588
f 975//1350 1195//1577 1210//1592
f 1210//1592 1195//1577 1199//1581
f 1210//1592 1199//1581 1208//1590
f 1208//1590 1199//1581 1200//1582
f 1208//1590 1200//1582 1209//1591
f 1209//1591 1200//1582 1204//1586
f 1209//1591 1204//1586 1217//1599
f 1217//1599 1204//1586 1213//1595
f 1217//1599 1213//1595 1221//1603
f 1222//1604 991//1373 990//1372
f 1223//1605 1219//1601 1224//1606
f 1224//1606 1219//1601 1218//1600
f 1224//1606 1218//1600 1217//1599
f 973//1347 1206//1588 978//1357
f 978//1357 1206//1588 1225//1607
f 977//1354 982//1364 1226//1608
f 1226//1608 982//1364 981//1363
f 1226//1608 981//1363 1227//1609
f 1227//1609 981//1363 980//1361
f 1227//1609 980//1361 1225//1607
f 1225//1607 980//1361 979//1359
f 1225//1607 979//1359 978//1357
f 1224//1606 1228//1610 1229//1611
f 996//1378 1223//1605 995//1377
f 995//1377 1223//1605 1224//1606
f 995//1377 1224//1606 990//1372
f 990//1372 1224//1606 1229//1611
f 990//1372 1229//1611 1222//1604
f 1228//1610 1224//1606 1230//1612
f 1230//1612 1224//1606 1217//1599
f 1230//1612 1217//1599 1221//1603
f 1004//1386 1006//1388 1226//1608
f 1226//1608 1006//1388 899//1229
f 1226//1608 899//1229 977//1354
f 1206//1588 1220//1602 1225//1607
f 1225//1607 1220//1602 1219//1601
f 1225//1607 1219//1601 1227//1609
f 1227//1609 1219//1601 1223//1605
f 1227//1609 1223//1605 1226//1608
f 1226//1608 1223//1605 996//1378
f 1226//1608 996//1378 1004//1386
f 1231//1613 1232//1614 1233//1615
f 1234//1616 1235//1617 1133//1515
f 1113//1495 1112//1494 1236//1618
f 1063//1445 1062//1444 1237//1619
f 1237//1619 1062//1444 1238//1620
f 1049//1431 1036//1418 1239//1621
f 1062//1444 1068//1450 1238//1620
f 1238//1620 1068//1450 1056//1438
f 1238//1620 1056//1438 1240//1622
f 1240//1622 1056//1438 1048//1430
f 1240//1622 1048//1430 1241//1623
f 1241//1623 1048//1430 1047//1429
f 1241//1623 1047//1429 1242//1624
f 1242//1624 1047//1429 1046//1428
f 1242//1624 1046//1428 1243//1625
f 1243//1625 1046//1428 1037//1419
f 1243//1625 1037//1419 1244//1626
f 1244//1626 1037//1419 1039//1421
f 1244//1626 1039//1421 1245//1627
f 1245//1627 1039//1421 1040//1422
f 1245//1627 1040//1422 1246//1628
f 1246//1628 1040//1422 1051//1433
f 1246//1628 1051//1433 1247//1629
f 1247//1629 1051//1433 1050//1432
f 1247//1629 1050//1432 1248//1630
f 1248//1630 1050//1432 1049//1431
f 1249//1631 1250//1632 1239//1621
f 1239//1621 1250//1632 1251//1633
f 1239//1621 1251//1633 1049//1431
f 1049//1431 1251//1633 1252//1634
f 1049//1431 1252//1634 1248//1630
f 1022//1404 1021//1403 1253//1635
f 1253//1635 1021//1403 1254//1636
f 1021//1403 1027//1409 1254//1636
f 1254//1636 1027//1409 984//1366
f 1254//1636 984//1366 1255//1637
f 1255//1637 984//1366 983//1365
f 1255//1637 983//1365 1256//1638
f 1256//1638 983//1365 1009//1391
f 1256//1638 1009//1391 1257//1639
f 1257//1639 1009//1391 1008//1390
f 1257//1639 1008//1390 1258//1640
f 1258//1640 1008//1390 1007//1389
f 1258//1640 1007//1389 1259//1641
f 1259//1641 1007//1389 998//1380
f 1259//1641 998//1380 1260//1642
f 1260//1642 998//1380 999//1381
f 1260//1642 999//1381 1261//1643
f 1261//1643 999//1381 1012//1394
f 1261//1643 1012//1394 1262//1644
f 1262//1644 1012//1394 1011//1393
f 1262//1644 1011//1393 1263//1645
f 1263//1645 1011//1393 1010//1646
f 1263//1645 1010//1646 1264//1647
f 1264//1647 1010//1646 994//1376
f 1264//1647 994//1376 1265//1648
f 1265//1648 994//1376 1266//1649
f 994//1376 993//1375 1266//1649
f 1266//1649 993//1375 992//1374
f 1266//1649 992//1374 1267//1650
f 1267//1650 992//1374 991//1373
f 1267//1650 991//1373 1268//1651
f 1268//1651 991//1373 1222//1604
f 1268//1651 1222//1604 1269//1652
f 1269//1652 1222//1604 1270//1653
f 1270//1653 1222//1604 1229//1611
f 1270//1653 1229//1611 1271//1654
f 1271//1654 1229//1611 1228//1610
f 1271//1654 1228//1610 1272//1655
f 1228//1610 1230//1612 1272//1655
f 1272//1655 1230//1612 1221//1603
f 1272//1655 1221//1603 1273//1656
f 1273//1656 1221//1603 1213//1595
f 1273//1656 1213//1595 1274//1657
f 1274//1657 1213//1595 1212//1594
f 1274//1657 1212//1594 1275//1658
f 1275//1658 1212//1594 1276//1659
f 1277//1660 1278//1661 1205//1587
f 1205//1587 1278//1661 1279//1662
f 1205//1587 1279//1662 1203//1585
f 1203//1585 1279//1662 1276//1659
f 1203//1585 1276//1659 1211//1593
f 1211//1593 1276//1659 1212//1594
f 1197//1579 1196//1578 1280//1663
f 1280//1663 1196//1578 1202//1584
f 1280//1663 1202//1584 1201//1583
f 1205//1587 1216//1598 1277//1660
f 1277//1660 1216//1598 1215//1597
f 1277//1660 1215//1597 1281//1664
f 1281//1664 1215//1597 1214//1665
f 1281//1664 1214//1665 1282//1666
f 1282//1666 1214//1665 1197//1579
f 1282//1666 1197//1579 1283//1667
f 1283//1667 1197//1579 1284//1668
f 1284//1668 1197//1579 1280//1663
f 1284//1668 1280//1663 1285//1669
f 1285//1669 1280//1663 1201//1583
f 1285//1669 1201//1583 1286//1670
f 1286//1670 1201//1583 1191//1573
f 1286//1670 1191//1573 1287//1671
f 1287//1671 1191//1573 1187//1569
f 1287//1671 1187//1569 1288//1672
f 1288//1672 1187//1569 1289//1673
f 1289//1673 1187//1569 1186//1568
f 1289//1673 1186//1568 1290//1674
f 1186//1568 1192//1574 1290//1674
f 1290//1674 1192//1574 1155//1537
f 1290//1674 1155//1537 1154//1536
f 1291//1675 1292//1676 1293//1677
f 1293//1677 1292//1676 1294//1678
f 1295//1679 1294//1678 1174//1556
f 1174//1556 1294//1678 1292//1676
f 1174//1556 1292//1676 1154//1536
f 1154//1536 1292//1676 1291//1675
f 1154//1536 1291//1675 1290//1674
f 1174//1556 1173//1555 1295//1679
f 1295//1679 1173//1555 1172//1554
f 1295//1679 1172//1554 1296//1680
f 1296//1680 1172//1554 1165//1547
f 1296//1680 1165//1547 1297//1681
f 1297//1681 1165//1547 1166//1548
f 1297//1681 1166//1548 1298//1682
f 1298//1682 1166//1548 1177//1559
f 1298//1682 1177//1559 1299//1683
f 1299//1683 1177//1559 1176//1558
f 1299//1683 1176//1558 1300//1684
f 1300//1684 1176//1558 1175//1557
f 1300//1684 1175//1557 1301//1685
f 1301//1685 1175//1557 1163//1545
f 1301//1685 1163//1545 1302//1686
f 1302//1686 1163//1545 1303//1687
f 1163//1545 1162//1544 1303//1687
f 1303//1687 1162//1544 1161//1543
f 1303//1687 1161//1543 1304//1688
f 1304//1688 1161//1543 1150//1532
f 1304//1688 1150//1532 1305//1689
f 1305//1689 1150//1532 1146//1528
f 1305//1689 1146//1528 1306//1690
f 1306//1690 1146//1528 1307//1691
f 1307//1691 1146//1528 1145//1527
f 1307//1691 1145//1527 1236//1618
f 1236//1618 1145//1527 1151//1533
f 1236//1618 1151//1533 1113//1495
f 1133//1515 1235//1617 1112//1494
f 1112//1494 1235//1617 1308//1692
f 1112//1494 1308//1692 1236//1618
f 1234//1616 1133//1515 1309//1693
f 1309//1693 1133//1515 1132//1514
f 1309//1693 1132//1514 1310//1694
f 1311//1695 1312//1696 1125//1507
f 1125//1507 1312//1696 1313//1697
f 1125//1507 1313//1697 1124//1506
f 1124//1506 1313//1697 1310//1694
f 1124//1506 1310//1694 1131//1513
f 1131//1513 1310//1694 1132//1514
f 1117//1499 1116//1498 1314//1698
f 1125//1507 1136//1518 1311//1695
f 1311//1695 1136//1518 1135//1517
f 1311//1695 1135//1517 1315//1699
f 1315//1699 1135//1517 1134//1516
f 1315//1699 1134//1516 1316//1700
f 1316//1700 1134//1516 1117//1499
f 1316//1700 1117//1499 1317//1701
f 1317//1701 1117//1499 1314//1698
f 1116//1498 1122//1504 1314//1698
f 1314//1698 1122//1504 1121//1503
f 1314//1698 1121//1503 1318//1702
f 1318//1702 1121//1503 1319//1703
f 1319//1703 1121//1503 1108//1490
f 1319//1703 1108//1490 1320//1704
f 1320//1704 1108//1490 1104//1486
f 1320//1704 1104//1486 1321//1705
f 1321//1705 1104//1486 1322//1706
f 1322//1706 1104//1486 1103//1485
f 1322//1706 1103//1485 1323//1707
f 1103//1485 1109//1491 1323//1707
f 1323//1707 1109//1491 1097//1479
f 1323//1707 1097//1479 1324//1708
f 1324//1708 1097//1479 1089//1471
f 1325//1709 1326//1710 1080//1462
f 1080//1462 1326//1710 1327//1711
f 1080//1462 1327//1711 1078//1460
f 1078//1460 1327//1711 1328//1712
f 1078//1460 1328//1712 1087//1469
f 1087//1469 1328//1712 1233//1615
f 1087//1469 1233//1615 1088//1470
f 1088//1470 1233//1615 1232//1614
f 1088//1470 1232//1614 1089//1471
f 1089//1471 1232//1614 1231//1613
f 1089//1471 1231//1613 1324//1708
f 1090//1472 1077//1459 1329//1713
f 1329//1713 1077//1459 1076//1458
f 1329//1713 1076//1458 1075//1457
f 1080//1462 1081//1463 1325//1709
f 1325//1709 1081//1463 1092//1474
f 1325//1709 1092//1474 1330//1714
f 1330//1714 1092//1474 1091//1473
f 1330//1714 1091//1473 1331//1715
f 1331//1715 1091//1473 1090//1472
f 1331//1715 1090//1472 1332//1716
f 1332//1716 1090//1472 1329//1713
f 1237//1619 1333//1717 1063//1445
f 1063//1445 1333//1717 1334//1718
f 1063//1445 1334//1718 1067//1449
f 1067//1449 1334//1718 1335//1719
f 1067//1449 1335//1719 1075//1457
f 1075//1457 1335//1719 1336//1720
f 1075//1457 1336//1720 1329//1713
f 1253//1635 1337//1721 1022//1404
f 1022//1404 1337//1721 1338//1722
f 1022//1404 1338//1722 1026//1408
f 1026//1408 1338//1722 1249//1631
f 1026//1408 1249//1631 1034//1416
f 1034//1416 1249//1631 1239//1621
f 1034//1416 1239//1621 1035//1417
f 1035//1417 1239//1621 1036//1418
f 1339//1723 1340//1724 1341//1725
f 1342//1726 1343//1727 1344//1728
f 1344//1728 1343//1727 1341//1725
f 1341//1725 1343//1727 1345//1729
f 1341//1725 1345//1729 1339//1723
f 1346//1730 1347//1731 1348//1732
f 1348//1732 1347//1731 1349//1733
f 1348//1732 1349//1733 1344//1728
f 1344//1728 1349//1733 1350//1734
f 1344//1728 1350//1734 1342//1726
f 1351//1735 1352//1736 1353//1737
f 1353//1737 1352//1736 1354//1738
f 1353//1737 1354//1738 1346//1730
f 1346//1730 1354//1738 1355//1739
f 1346//1730 1355//1739 1347//1731
f 1356//1740 1357//1741 1358//1742
f 1358//1742 1357//1741 1359//1743
f 1356//1740 1360//1744 1357//1741
f 1357//1741 1360//1744 1361//1745
f 1357//1741 1361//1745 1362//1746
f 1362//1746 1361//1745 1363//1747
f 1362//1746 1363//1747 1364//1748
f 1364//1748 1363//1747 1365//1749
f 1364//1748 1365//1749 1353//1737
f 1353//1737 1365//1749 1366//1750
f 1353//1737 1366//1750 1351//1735
f 1367//1751 1368//1752 1369//1753
f 1367//1751 1369//1753 1359//1743
f 1359//1743 1369//1753 1370//1754
f 1359//1743 1370//1754 1358//1742
f 1368//1752 1367//1751 1371//1755
f 1371//1755 1367//1751 1372//1756
f 1371//1755 1372//1756 1373//1757
f 1373//1757 1372//1756 1374//1758
f 1373//1757 1374//1758 1375//1759
f 1375//1759 1374//1758 1376//1760
f 1376//1760 1374//1758 1377//1761
f 1376//1760 1377//1761 1378//1762
f 1379//1763 1380//1763 1381//1764
f 1381//1764 1380//1763 1382//1764
f 1381//1765 1382//1766 1383//1767
f 1383//1767 1382//1768 1384//1769
f 1383//1767 1384//1769 1377//1761
f 1377//1761 1384//1769 1385//1770
f 1377//1761 1385//1770 1378//1762
f 1386//1771 1387//1772 1388//1773
f 1388//1773 1387//1772 1389//1774
f 1390//1775 1391//1776 1392//1777
f 1393//1778 1394//1779 1395//1780
f 1396//1781 1397//1782 1398//1783
f 1399//1784 1400//1785 1401//1786
f 1401//1786 1400//1785 1402//1787
f 1401//1786 1402//1787 1395//1780
f 1395//1788 1402//1788 1403//1788
f 1395//1780 1403//1778 1393//1778
f 1396//1781 1398//1783 1404//1789
f 1404//1789 1398//1783 1405//1790
f 1404//1789 1405//1790 1401//1786
f 1401//1786 1405//1791 1406//1792
f 1401//1786 1406//1792 1399//1784
f 1392//1777 1391//1776 1396//1781
f 1396//1781 1391//1776 1407//1793
f 1396//1781 1407//1793 1397//1782
f 1390//1775 1392//1777 1408//1794
f 1408//1794 1392//1777 1409//1795
f 1408//1794 1409//1795 1410//1796
f 1410//1796 1409//1795 1411//1797
f 1410//1796 1411//1797 1412//1798
f 1412//1798 1411//1797 1413//1799
f 1413//1799 1411//1797 1414//1800
f 1413//1799 1414//1800 1415//1801
f 1387//1772 1416//1802 1389//1774
f 1389//1774 1416//1802 1417//1803
f 1389//1774 1417//1803 1418//1804
f 1418//1804 1417//1803 1419//1805
f 1418//1804 1419//1805 1414//1800
f 1414//1800 1419//1805 1420//1806
f 1414//1800 1420//1806 1415//1801
f 1421//1807 1422//1808 1423//1809
f 1423//1809 1424//1810 1421//1807
f 1421//1807 1424//1810 1425//1811
f 1421//1807 1425//1811 1388//1773
f 1388//1773 1425//1811 1426//1812
f 1388//1773 1426//1812 1386//1771
f 1427//1813 1428//1814 1429//1815
f 1429//1815 1430//1816 1427//1813
f 1427//1813 1430//1816 1431//1817
f 1427//1813 1431//1817 1422//1808
f 1422//1808 1431//1817 1432//1818
f 1422//1808 1432//1818 1423//1809
f 1271//1654 1272//1655 1433//1819
f 1269//1652 1270//1653 1434//1820
f 1435//1821 1436//1822 1437//1822
f 1437//1822 1438//1823 1435//1821
f 1435//1821 1438//1823 1439//1824
f 1440//1825 1441//1826 1442//1827
f 1442//1828 1441//1829 1443//1830
f 1442//1828 1443//1830 1435//1821
f 1435//1821 1443//1830 1444//1831
f 1435//1821 1444//1831 1436//1822
f 1445//1832 1446//1833 1447//1834
f 1447//1834 1446//1833 1448//1835
f 1447//1834 1448//1835 1449//1836
f 1450//1837 1451//1838 1445//1832
f 1445//1832 1451//1838 1440//1825
f 1445//1832 1440//1825 1446//1833
f 1446//1833 1440//1825 1442//1827
f 1446//1833 1442//1827 1448//1835
f 1269//1652 1434//1820 1268//1651
f 1267//1650 1268//1651 1452//1839
f 1452//1839 1268//1651 1434//1820
f 1452//1839 1434//1820 1453//1840
f 1452//1839 1453//1840 1454//1841
f 1454//1841 1453//1840 1455//1842
f 1454//1841 1455//1842 1456//1843
f 1456//1843 1455//1842 1457//1844
f 1270//1653 1271//1654 1434//1820
f 1434//1820 1271//1654 1433//1819
f 1434//1820 1433//1819 1453//1840
f 1453//1840 1433//1819 1458//1845
f 1439//1824 1457//1844 1435//1821
f 1435//1821 1457//1844 1455//1842
f 1435//1821 1455//1842 1442//1827
f 1442//1827 1455//1842 1453//1846
f 1442//1827 1453//1846 1448//1835
f 1448//1835 1453//1840 1458//1845
f 1448//1835 1458//1845 1449//1836
f 1459//1847 1460//1848 1461//1849
f 1461//1849 1460//1848 1462//1850
f 1461//1849 1462//1850 1463//1851
f 1464//1852 1465//1853 1459//1847
f 1459//1847 1465//1853 1466//1854
f 1459//1847 1466//1854 1460//1848
f 1467//1855 1468//1856 1469//1857
f 1469//1857 1468//1856 1464//1852
f 1439//1824 1438//1823 1469//1857
f 1469//1857 1438//1823 1470//1858
f 1469//1857 1470//1858 1467//1855
f 1464//1852 1459//1847 1469//1857
f 1469//1857 1459//1847 1471//1859
f 1469//1857 1471//1859 1439//1824
f 1472//1860 1254//1636 1255//1637
f 1472//1860 1255//1637 1256//1638
f 1472//1860 1256//1638 1473//1861
f 1473//1861 1256//1638 1257//1639
f 1473//1861 1257//1639 1258//1862
f 1474//1863 1475//1864 1476//1865
f 1476//1865 1475//1864 1473//1861
f 1267//1650 1452//1839 1266//1649
f 1266//1649 1452//1839 1477//1866
f 1266//1649 1477//1866 1265//1648
f 1452//1839 1454//1841 1477//1866
f 1477//1866 1454//1841 1456//1843
f 1477//1866 1456//1843 1471//1859
f 1471//1859 1456//1843 1457//1844
f 1471//1859 1457//1844 1439//1824
f 1258//1862 1259//1862 1473//1861
f 1473//1861 1259//1862 1260//1642
f 1473//1861 1260//1642 1476//1865
f 1476//1865 1260//1642 1261//1643
f 1476//1865 1261//1643 1262//1644
f 1262//1644 1263//1645 1477//1866
f 1477//1866 1263//1645 1264//1647
f 1477//1866 1264//1647 1265//1648
f 1478//1867 1479//1868 1475//1864
f 1475//1864 1479//1868 1480//1869
f 1475//1864 1480//1869 1473//1861
f 1473//1861 1480//1869 1481//1870
f 1473//1861 1481//1870 1472//1860
f 1262//1644 1477//1866 1476//1865
f 1476//1865 1477//1866 1471//1859
f 1476//1865 1471//1859 1474//1863
f 1474//1863 1471//1859 1459//1847
f 1474//1863 1459//1847 1475//1864
f 1475//1864 1459//1847 1461//1849
f 1475//1864 1461//1849 1478//1867
f 1478//1867 1461//1849 1463//1851
f 1478//1867 1463//1851 1482//1871
f 1338//1722 1337//1721 1483//1872
f 1253//1635 1254//1636 1472//1860
f 1484//1873 1485//1874 1486//1875
f 1487//1876 1488//1877 1489//1878
f 1487//1876 1489//1878 1490//1879
f 1486//1875 1485//1874 1488//1877
f 1488//1877 1485//1874 1491//1880
f 1488//1877 1491//1880 1489//1878
f 1478//1867 1482//1871 1492//1881
f 1492//1881 1493//1882 1478//1867
f 1478//1867 1493//1882 1494//1883
f 1478//1867 1494//1883 1479//1868
f 1337//1721 1253//1635 1483//1872
f 1483//1872 1253//1635 1472//1860
f 1483//1872 1472//1860 1495//1884
f 1495//1884 1472//1860 1481//1870
f 1249//1631 1338//1722 1496//1885
f 1496//1885 1338//1722 1483//1872
f 1496//1885 1483//1872 1495//1884
f 1496//1885 1495//1884 1497//1886
f 1497//1886 1495//1884 1498//1887
f 1497//1886 1498//1887 1499//1888
f 1499//1888 1498//1887 1500//1889
f 1480//1869 1479//1868 1501//1890
f 1501//1890 1479//1868 1494//1883
f 1501//1890 1494//1883 1486//1891
f 1486//1891 1494//1883 1493//1882
f 1486//1891 1493//1882 1484//1892
f 1487//1876 1500//1889 1488//1877
f 1488//1877 1500//1889 1498//1887
f 1488//1877 1498//1887 1486//1891
f 1486//1891 1498//1887 1495//1893
f 1486//1891 1495//1893 1501//1890
f 1501//1890 1495//1884 1481//1870
f 1501//1890 1481//1870 1480//1869
f 1248//1630 1252//1634 1502//1894
f 1503//1895 1504//1896 1505//1897
f 1506//1898 1507//1899 1508//1900
f 1509//1901 1510//1902 1511//1903
f 1511//1903 1510//1902 1512//1904
f 1511//1903 1512//1904 1513//1905
f 1514//1906 1515//1907 1512//1904
f 1512//1904 1515//1907 1516//1908
f 1512//1904 1516//1908 1513//1905
f 1517//1909 1518//1910 1514//1906
f 1514//1906 1518//1910 1519//1911
f 1514//1906 1519//1911 1515//1907
f 1506//1898 1508//1900 1520//1912
f 1503//1895 1505//1897 1521//1913
f 1510//1902 1522//1914 1523//1915
f 1523//1915 1522//1914 1521//1913
f 1521//1913 1505//1897 1523//1915
f 1523//1915 1505//1897 1524//1916
f 1523//1915 1524//1916 1525//1917
f 1242//1624 1505//1897 1241//1623
f 1241//1623 1505//1897 1504//1896
f 1241//1623 1504//1896 1240//1622
f 1240//1622 1504//1896 1238//1620
f 1524//1916 1246//1628 1247//1629
f 1496//1885 1497//1886 1502//1894
f 1502//1894 1497//1886 1499//1888
f 1502//1894 1499//1888 1526//1918
f 1507//1899 1517//1909 1508//1900
f 1508//1900 1517//1909 1514//1906
f 1508//1900 1514//1906 1526//1918
f 1249//1631 1496//1885 1250//1632
f 1250//1632 1496//1885 1502//1894
f 1250//1632 1502//1894 1251//1633
f 1251//1633 1502//1894 1252//1634
f 1242//1624 1243//1919 1505//1897
f 1505//1897 1243//1919 1244//1626
f 1505//1897 1244//1626 1524//1916
f 1524//1916 1244//1626 1245//1627
f 1524//1916 1245//1627 1246//1628
f 1490//1879 1520//1912 1487//1876
f 1487//1876 1520//1912 1508//1900
f 1487//1876 1508//1900 1526//1918
f 1487//1876 1526//1918 1500//1889
f 1500//1889 1526//1918 1499//1888
f 1512//1904 1510//1902 1523//1915
f 1512//1904 1523//1915 1514//1906
f 1514//1906 1523//1915 1525//1917
f 1514//1906 1525//1917 1526//1918
f 1526//1918 1525//1917 1524//1916
f 1526//1918 1524//1916 1502//1894
f 1502//1894 1524//1916 1247//1629
f 1502//1894 1247//1629 1248//1630
f 1334//1718 1333//1717 1527//1920
f 1237//1619 1238//1620 1504//1896
f 1528//1921 1529//1922 1530//1923
f 1531//1924 1532//1925 1533//1926
f 1533//1926 1532//1925 1534//1927
f 1530//1923 1529//1922 1533//1926
f 1533//1926 1529//1922 1535//1928
f 1533//1926 1535//1928 1531//1924
f 1536//1929 1537//1930 1538//1931
f 1522//1914 1510//1902 1536//1929
f 1537//1930 1536//1929 1539//1932
f 1539//1932 1536//1929 1510//1902
f 1539//1932 1510//1902 1509//1901
f 1333//1717 1237//1619 1527//1920
f 1527//1920 1237//1619 1504//1896
f 1527//1920 1504//1896 1540//1933
f 1540//1933 1504//1896 1503//1895
f 1335//1719 1334//1718 1541//1934
f 1541//1934 1334//1718 1527//1920
f 1541//1934 1527//1920 1540//1933
f 1541//1934 1540//1933 1542//1935
f 1542//1935 1540//1933 1543//1936
f 1542//1935 1543//1936 1544//1937
f 1544//1937 1543//1936 1545//1938
f 1521//1913 1522//1914 1546//1939
f 1546//1939 1522//1914 1536//1929
f 1546//1939 1536//1929 1530//1940
f 1530//1940 1536//1929 1538//1931
f 1530//1940 1538//1931 1528//1941
f 1534//1927 1545//1938 1533//1926
f 1533//1926 1545//1938 1543//1936
f 1533//1926 1543//1936 1530//1940
f 1530//1940 1543//1936 1540//1942
f 1530//1940 1540//1942 1546//1939
f 1546//1939 1540//1933 1503//1895
f 1546//1939 1503//1895 1521//1913
f 1331//1715 1332//1716 1547//1943
f 1548//1944 1549//1945 1550//1946
f 1550//1946 1549//1945 1551//1947
f 1552//1948 1551//1947 1553//1949
f 1552//1948 1554//1950 1551//1947
f 1551//1947 1554//1950 1555//1951
f 1551//1947 1555//1951 1550//1946
f 1556//1952 1557//1953 1553//1949
f 1553//1949 1557//1953 1558//1954
f 1553//1949 1558//1954 1552//1948
f 1534//1927 1532//1925 1559//1955
f 1534//1927 1559//1955 1560//1956
f 1560//1956 1559//1955 1561//1957
f 1560//1956 1561//1957 1562//1958
f 1549//1945 1563//1959 1564//1960
f 1564//1960 1563//1959 1565//1961
f 1565//1961 1566//1962 1564//1960
f 1564//1960 1566//1962 1567//1963
f 1564//1960 1567//1963 1568//1964
f 1565//1961 1569//1965 1566//1962
f 1566//1962 1569//1965 1570//1966
f 1570//1966 1323//1707 1324//1708
f 1570//1966 1324//1708 1566//1962
f 1566//1962 1324//1708 1231//1613
f 1566//1962 1231//1613 1233//1615
f 1567//1963 1325//1709 1330//1714
f 1547//1943 1541//1934 1542//1935
f 1547//1943 1542//1935 1571//1967
f 1562//1958 1556//1952 1560//1956
f 1560//1956 1556//1952 1553//1949
f 1560//1956 1553//1949 1571//1967
f 1332//1716 1329//1713 1547//1943
f 1547//1943 1329//1713 1336//1720
f 1547//1943 1336//1720 1541//1934
f 1541//1934 1336//1720 1335//1719
f 1233//1615 1328//1968 1566//1962
f 1566//1962 1328//1968 1327//1711
f 1566//1962 1327//1711 1567//1963
f 1567//1963 1327//1711 1326//1710
f 1567//1963 1326//1710 1325//1709
f 1542//1935 1544//1937 1571//1967
f 1571//1967 1544//1937 1545//1938
f 1571//1967 1545//1938 1560//1956
f 1560//1956 1545//1938 1534//1927
f 1551//1947 1549//1945 1564//1960
f 1551//1947 1564//1960 1553//1949
f 1553//1949 1564//1960 1568//1964
f 1553//1949 1568//1964 1571//1967
f 1571//1967 1568//1964 1567//1963
f 1571//1967 1567//1963 1547//1943
f 1547//1943 1567//1963 1330//1714
f 1547//1943 1330//1714 1331//1715
f 1322//1706 1323//1707 1570//1966
f 1320//1704 1321//1705 1572//1969
f 1573//1970 1574//1971 1575//1972
f 1576//1973 1577//1974 1578//1975
f 1577//1974 1579//1976 1580//1977
f 1576//1973 1578//1975 1581//1978
f 1582//1979 1583//1980 1575//1981
f 1582//1979 1584//1982 1585//1983
f 1585//1983 1584//1982 1549//1945
f 1585//1983 1549//1945 1548//1944
f 1549//1945 1584//1982 1563//1959
f 1563//1959 1584//1982 1586//1984
f 1563//1959 1586//1984 1565//1961
f 1577//1974 1580//1977 1578//1975
f 1578//1975 1580//1977 1587//1985
f 1583//1986 1581//1978 1575//1987
f 1575//1987 1581//1978 1578//1975
f 1575//1972 1578//1975 1573//1970
f 1573//1970 1578//1975 1587//1985
f 1319//1703 1320//1704 1588//1988
f 1588//1988 1320//1704 1572//1969
f 1588//1988 1572//1969 1574//1989
f 1588//1988 1574//1989 1589//1990
f 1589//1990 1574//1989 1573//1970
f 1589//1990 1573//1970 1590//1991
f 1590//1991 1573//1970 1587//1985
f 1321//1705 1322//1706 1572//1969
f 1572//1969 1322//1706 1570//1966
f 1572//1969 1570//1966 1574//1989
f 1574//1989 1570//1966 1569//1965
f 1582//1979 1575//1981 1584//1982
f 1584//1982 1575//1972 1574//1971
f 1584//1982 1574//1971 1586//1984
f 1586//1984 1574//1989 1569//1965
f 1586//1984 1569//1965 1565//1961
f 1312//1696 1311//1695 1591//1992
f 1592//1993 1593//1994 1594//1995
f 1595//1996 1596//1997 1592//1993
f 1592//1993 1596//1997 1597//1998
f 1592//1993 1597//1998 1593//1994
f 1598//1999 1599//2000 1595//1996
f 1595//1996 1599//2000 1600//2000
f 1595//1996 1600//2000 1596//1997
f 1601//2001 1602//2001 1603//2002
f 1603//2002 1602//2001 1598//1999
f 1580//1977 1579//1976 1604//2003
f 1580//1977 1604//2003 1603//2002
f 1603//2002 1604//2003 1605//2004
f 1603//2002 1605//2004 1601//2001
f 1598//1999 1595//1996 1603//2002
f 1603//2002 1595//1996 1606//2005
f 1603//2002 1606//2005 1580//1977
f 1312//1696 1591//1992 1313//1697
f 1607//2006 1309//1693 1310//2007
f 1608//2008 1308//1692 1235//1617
f 1309//1693 1607//2006 1234//1616
f 1234//1616 1607//2006 1235//1617
f 1235//1617 1607//2006 1608//2008
f 1609//2009 1610//2010 1591//1992
f 1591//1992 1610//2010 1607//2006
f 1591//1992 1607//2006 1313//1697
f 1313//1697 1607//2006 1310//2007
f 1611//2011 1314//1698 1588//1988
f 1588//1988 1314//1698 1318//1702
f 1588//1988 1318//1702 1319//1703
f 1588//1988 1589//1990 1611//2011
f 1611//2011 1589//1990 1590//1991
f 1611//2011 1590//1991 1606//2005
f 1606//2005 1590//1991 1587//1985
f 1606//2005 1587//1985 1580//1977
f 1311//1695 1315//1699 1611//2011
f 1315//1699 1316//1700 1611//2011
f 1611//2011 1316//1700 1317//1701
f 1611//2011 1317//1701 1314//1698
f 1612//2012 1613//2013 1610//2010
f 1610//2010 1613//2013 1614//2014
f 1610//2010 1614//2014 1607//2006
f 1607//2006 1614//2014 1615//2015
f 1607//2006 1615//2015 1608//2008
f 1311//1695 1611//2011 1591//1992
f 1591//1992 1611//2011 1606//2005
f 1591//1992 1606//2005 1609//2009
f 1609//2009 1606//2005 1595//1996
f 1609//2009 1595//1996 1610//2010
f 1610//2010 1595//1996 1592//1993
f 1610//2010 1592//1993 1612//2012
f 1612//2012 1592//1993 1594//1995
f 1612//2012 1594//1995 1616//2016
f 1613//2013 1612//2012 1617//2017
f 1618//2018 1619//2019 1620//2020
f 1621//2021 1622//2022 1623//2023
f 1623//2023 1622//2022 1618//2018
f 1623//2023 1618//2018 1624//2024
f 1624//2024 1618//2018 1620//2020
f 1616//2016 1625//2025 1612//2012
f 1612//2012 1625//2025 1626//2026
f 1617//2017 1612//2012 1626//2026
f 1617//2017 1626//2026 1619//2027
f 1619//2027 1626//2026 1627//2028
f 1619//2019 1627//2029 1620//2020
f 1628//2030 1629//2031 1608//2008
f 1628//2030 1608//2008 1615//2015
f 1628//2030 1615//2015 1630//2032
f 1630//2032 1615//2015 1614//2014
f 1305//1689 1306//1690 1629//2031
f 1629//2031 1306//1690 1307//1691
f 1629//2031 1307//1691 1608//2008
f 1608//2008 1307//1691 1236//1618
f 1608//2008 1236//1618 1308//1692
f 1304//1688 1305//1689 1631//2033
f 1631//2033 1305//1689 1629//2031
f 1631//2033 1629//2031 1628//2030
f 1631//2033 1628//2030 1632//2034
f 1632//2034 1628//2030 1633//2035
f 1632//2034 1633//2035 1634//2036
f 1634//2036 1633//2035 1635//2037
f 1614//2014 1613//2013 1630//2032
f 1630//2032 1613//2013 1617//2017
f 1630//2032 1617//2017 1628//2038
f 1628//2038 1617//2017 1619//2039
f 1628//2038 1619//2039 1633//2035
f 1633//2035 1619//2039 1618//2018
f 1633//2035 1618//2018 1635//2037
f 1635//2037 1618//2018 1622//2022
f 1634//2036 1635//2037 1636//2040
f 1637//2041 1638//2042 1636//2040
f 1639//2043 1640//2044 1641//2045
f 1642//2046 1643//2047 1644//2048
f 1644//2048 1643//2047 1639//2043
f 1645//2049 1646//2050 1637//2041
f 1637//2041 1646//2050 1647//2051
f 1648//2052 1649//2053 1650//2054
f 1650//2054 1649//2053 1651//2055
f 1648//2052 1650//2054 1652//2056
f 1652//2056 1650//2054 1622//2022
f 1652//2056 1622//2022 1621//2021
f 1635//2037 1622//2022 1636//2040
f 1636//2040 1622//2022 1650//2054
f 1636//2040 1650//2054 1637//2041
f 1637//2041 1650//2054 1651//2055
f 1637//2041 1651//2055 1645//2049
f 1639//2043 1641//2045 1644//2048
f 1644//2048 1641//2045 1653//2057
f 1296//1680 1297//1681 1654//2058
f 1290//1674 1291//1675 1655//2059
f 1291//1675 1293//1677 1655//2059
f 1655//2059 1293//1677 1294//1678
f 1655//2059 1294//1678 1656//2060
f 1656//2060 1294//1678 1295//1679
f 1295//1679 1296//1680 1656//2060
f 1656//2060 1296//1680 1654//2058
f 1656//2060 1654//2058 1653//2057
f 1303//1687 1657//2061 1302//1686
f 1302//1686 1657//2061 1301//1685
f 1303//1687 1304//1688 1631//2033
f 1303//1687 1631//2033 1657//2061
f 1657//2061 1631//2033 1632//2034
f 1297//1681 1298//1682 1654//2058
f 1654//2058 1298//1682 1299//1683
f 1654//2058 1299//1683 1657//2061
f 1657//2061 1299//1683 1300//1684
f 1657//2061 1300//1684 1301//1685
f 1641//2045 1658//2062 1653//2057
f 1653//2057 1658//2062 1659//2063
f 1653//2057 1659//2063 1656//2060
f 1656//2060 1659//2063 1660//2064
f 1656//2060 1660//2064 1655//2059
f 1632//2034 1634//2036 1657//2061
f 1657//2061 1634//2036 1636//2040
f 1657//2061 1636//2040 1654//2058
f 1654//2058 1636//2040 1638//2042
f 1654//2058 1638//2042 1653//2057
f 1653//2057 1638//2042 1637//2041
f 1653//2057 1637//2041 1644//2048
f 1644//2048 1637//2041 1647//2051
f 1644//2048 1647//2051 1642//2046
f 1287//1671 1288//1672 1661//2065
f 1289//1673 1290//1674 1655//2059
f 1662//2066 1663//2067 1664//2068
f 1665//2069 1666//2070 1667//2071
f 1668//2072 1669//2073 1670//2074
f 1670//2074 1669//2073 1671//2075
f 1667//2071 1666//2070 1670//2074
f 1670//2074 1666//2070 1672//2076
f 1670//2074 1672//2076 1668//2072
f 1640//2044 1662//2066 1641//2045
f 1641//2045 1662//2066 1664//2068
f 1641//2045 1664//2068 1658//2062
f 1288//1672 1289//1673 1661//2065
f 1661//2065 1289//1673 1655//2059
f 1661//2065 1655//2059 1673//2077
f 1673//2077 1655//2059 1660//2064
f 1286//1670 1287//1671 1674//2078
f 1674//2078 1287//1671 1661//2065
f 1674//2078 1661//2065 1673//2077
f 1674//2078 1673//2077 1675//2079
f 1675//2079 1673//2077 1676//2080
f 1675//2079 1676//2080 1677//2081
f 1677//2081 1676//2080 1678//2082
f 1659//2063 1658//2062 1679//2083
f 1679//2083 1658//2062 1664//2068
f 1679//2083 1664//2068 1667//2084
f 1667//2085 1664//2068 1663//2067
f 1667//2086 1663//2086 1665//2086
f 1671//2075 1678//2082 1670//2074
f 1670//2074 1678//2082 1676//2080
f 1670//2074 1676//2080 1667//2084
f 1667//2084 1676//2080 1673//2087
f 1667//2084 1673//2087 1679//2083
f 1679//2083 1673//2077 1660//2064
f 1679//2083 1660//2064 1659//2063
f 1680//2088 1681//2089 1682//2090
f 1680//2088 1683//2091 1681//2089
f 1681//2089 1683//2091 1684//2092
f 1681//2089 1684//2092 1685//2093
f 1686//2094 1687//2095 1682//2090
f 1682//2090 1687//2095 1688//2096
f 1682//2090 1688//2096 1680//2088
f 1671//2075 1669//2073 1689//2097
f 1671//2075 1689//2097 1690//2098
f 1690//2098 1689//2097 1691//2099
f 1690//2098 1691//2099 1692//2100
f 1449//1836 1693//2101 1694//2102
f 1694//2102 1693//2101 1695//2103
f 1694//2102 1695//2103 1696//2104
f 1274//1657 1275//1658 1693//2101
f 1274//1657 1693//2101 1273//1656
f 1449//1836 1458//1845 1693//2101
f 1693//2101 1458//1845 1433//1819
f 1693//2101 1433//1819 1273//1656
f 1273//1656 1433//1819 1272//1655
f 1695//2103 1277//1660 1281//1664
f 1697//2105 1281//1664 1282//1666
f 1697//2105 1674//2078 1675//2079
f 1697//2105 1675//2079 1698//2106
f 1692//2100 1686//2094 1690//2098
f 1690//2098 1686//2094 1682//2090
f 1690//2098 1682//2090 1698//2106
f 1694//2102 1445//1832 1447//1834
f 1694//2102 1447//1834 1449//1836
f 1282//1666 1283//1667 1697//2105
f 1697//2105 1283//1667 1284//1668
f 1697//2105 1284//1668 1674//2078
f 1674//2078 1284//1668 1285//1669
f 1674//2078 1285//1669 1286//1670
f 1275//1658 1276//1659 1693//2101
f 1693//2101 1276//1659 1279//1662
f 1693//2101 1279//1662 1695//2103
f 1695//2103 1279//1662 1278//1661
f 1695//2103 1278//1661 1277//1660
f 1675//2079 1677//2081 1698//2106
f 1698//2106 1677//2081 1678//2082
f 1698//2106 1678//2082 1690//2098
f 1690//2098 1678//2082 1671//2075
f 1281//1664 1697//2105 1695//2103
f 1695//2103 1697//2105 1698//2106
f 1695//2103 1698//2106 1696//2104
f 1696//2104 1698//2106 1682//2090
f 1696//2104 1682//2090 1694//2102
f 1694//2102 1682//2090 1681//2089
f 1694//2102 1681//2089 1445//1832
f 1445//1832 1681//2089 1685//2093
f 1445//1832 1685//2093 1450//1837
f 1687//2107 1686//2108 1699//2109
f 1554//2110 1552//2111 1700//2112
f 1701//2113 1702//2114 1703//2115
f 1704//2116 1705//2117 1428//1814
f 1704//2116 1428//1814 1706//2118
f 1707//2119 1708//2120 1704//2116
f 1704//2116 1708//2120 1709//2121
f 1704//2116 1709//2121 1705//2117
f 1710//2122 1707//2119 1711//2122
f 1711//2123 1707//2119 1712//2124
f 1710//2122 1713//2125 1707//2119
f 1707//2119 1713//2125 1714//2126
f 1707//2119 1714//2126 1708//2120
f 1715//2127 1716//2128 1717//2129
f 1717//2129 1718//2130 1715//2127
f 1715//2127 1718//2130 1719//2131
f 1715//2127 1719//2131 1712//2124
f 1712//2132 1719//2132 1720//2132
f 1712//2132 1720//2132 1711//2132
f 1702//2114 1721//2114 1703//2115
f 1703//2115 1721//2114 1722//2114
f 1703//2115 1722//2133 1715//2127
f 1715//2127 1722//2134 1723//2134
f 1715//2127 1723//2134 1716//2128
f 1701//2113 1703//2115 1340//1724
f 1340//1724 1703//2115 1724//2135
f 1340//1724 1724//2135 1341//1725
f 1725//2136 1726//2137 1727//2138
f 1727//2138 1726//2137 1728//2139
f 1727//2138 1728//2139 1729//2140
f 1729//2140 1728//2139 1379//2141
f 1730//2142 1731//2143 1732//2144
f 1732//2144 1731//2143 1733//2145
f 1732//2144 1733//2145 1727//2138
f 1727//2138 1733//2145 1734//2146
f 1727//2138 1734//2146 1725//2136
f 1730//2142 1732//2144 1735//2142
f 1735//2147 1732//2147 1736//2147
f 1735//2148 1736//2148 1737//2148
f 1737//2148 1736//2148 1738//2149
f 1738//2150 1736//2151 1739//2152
f 1738//2150 1739//2152 1740//2153
f 1741//2154 1742//2155 1743//2155
f 1743//2156 1744//2157 1741//2158
f 1741//2158 1744//2157 1745//2159
f 1741//2154 1745//2160 1739//2161
f 1739//2162 1745//2162 1746//2162
f 1739//2162 1746//2162 1740//2162
f 1747//2163 1748//2164 1749//2165
f 1749//2165 1748//2164 1750//2166
f 1749//2165 1750//2166 1741//2154
f 1741//2154 1750//2166 1751//2167
f 1741//2154 1751//2167 1742//2155
f 1438//2168 1437//2169 1752//2170
f 1752//2170 1437//2169 1436//2169
f 1752//2170 1436//2169 1444//2171
f 1444//2171 1443//2172 1752//2170
f 1752//2170 1443//2172 1441//2173
f 1752//2170 1441//2173 1753//2174
f 1753//2174 1441//2173 1440//2175
f 1753//2174 1440//2175 1451//2176
f 1438//2168 1752//2170 1470//2177
f 1470//2177 1752//2170 1754//2178
f 1470//2177 1754//2178 1467//2179
f 1755//2180 1464//2181 1754//2178
f 1754//2178 1464//2181 1468//2182
f 1754//2178 1468//2182 1467//2179
f 1756//2183 1466//2184 1755//2180
f 1755//2180 1466//2184 1465//2185
f 1755//2180 1465//2185 1464//2181
f 1757//2186 1462//2187 1756//2183
f 1756//2183 1462//2187 1460//2188
f 1756//2183 1460//2188 1466//2184
f 1520//2189 1490//2190 1758//2191
f 1758//2191 1490//2190 1489//2192
f 1493//2193 1492//2194 1757//2186
f 1489//2192 1491//2195 1758//2191
f 1758//2191 1491//2195 1485//2196
f 1758//2191 1485//2196 1757//2186
f 1757//2186 1485//2196 1484//2197
f 1757//2186 1484//2197 1493//2193
f 1492//2194 1482//2198 1757//2186
f 1757//2186 1482//2198 1463//2199
f 1757//2186 1463//2199 1462//2187
f 1520//2189 1758//2191 1506//2200
f 1506//2200 1758//2191 1759//2201
f 1506//2200 1759//2201 1507//2202
f 1515//2203 1519//2203 1760//2204
f 1760//2204 1519//2203 1518//2205
f 1760//2204 1518//2205 1759//2201
f 1759//2201 1518//2205 1517//2202
f 1759//2201 1517//2202 1507//2202
f 1761//2206 1511//2207 1513//2208
f 1761//2206 1513//2208 1760//2204
f 1760//2204 1513//2208 1516//2209
f 1760//2204 1516//2209 1515//2203
f 1537//2210 1539//2211 1762//2212
f 1762//2212 1539//2211 1761//2206
f 1761//2206 1539//2211 1509//2213
f 1761//2206 1509//2213 1511//2207
f 1529//2214 1528//2215 1762//2212
f 1762//2212 1528//2215 1538//2210
f 1762//2212 1538//2210 1537//2210
f 1559//2216 1532//2217 1763//2218
f 1763//2218 1532//2217 1531//2219
f 1763//2218 1531//2219 1762//2212
f 1762//2212 1531//2219 1535//2220
f 1762//2212 1535//2220 1529//2214
f 1557//2221 1556//2222 1764//2223
f 1764//2223 1556//2222 1562//2224
f 1764//2223 1562//2224 1763//2218
f 1763//2218 1562//2224 1561//2225
f 1763//2218 1561//2225 1559//2216
f 1700//2112 1552//2111 1764//2223
f 1764//2223 1552//2111 1558//2226
f 1764//2223 1558//2226 1557//2221
f 1576//2227 1765//2228 1577//2229
f 1577//2229 1765//2228 1579//2230
f 1576//2227 1581//2231 1765//2228
f 1765//2228 1581//2231 1583//2232
f 1765//2228 1583//2232 1766//2233
f 1766//2233 1583//2232 1582//2234
f 1766//2233 1582//2234 1585//2235
f 1585//2235 1548//2236 1766//2233
f 1766//2233 1548//2236 1550//2237
f 1766//2233 1550//2237 1700//2112
f 1700//2112 1550//2237 1555//2238
f 1700//2112 1555//2238 1554//2110
f 1602//2239 1601//2239 1767//2240
f 1767//2240 1601//2239 1605//2241
f 1767//2240 1605//2241 1765//2228
f 1765//2228 1605//2241 1604//2242
f 1765//2228 1604//2242 1579//2230
f 1602//2239 1767//2240 1598//2243
f 1598//2243 1767//2240 1768//2244
f 1598//2243 1768//2244 1599//2245
f 1769//2246 1596//2247 1768//2244
f 1768//2244 1596//2247 1600//2245
f 1768//2244 1600//2245 1599//2245
f 1770//2248 1593//2249 1769//2246
f 1769//2246 1593//2249 1597//2250
f 1769//2246 1597//2250 1596//2247
f 1771//2251 1652//2252 1621//2253
f 1621//2253 1623//2254 1771//2251
f 1771//2251 1623//2254 1624//2255
f 1771//2251 1624//2255 1770//2248
f 1770//2248 1624//2255 1620//2256
f 1620//2256 1627//2257 1770//2248
f 1770//2248 1627//2257 1626//2258
f 1770//2248 1626//2258 1625//2259
f 1625//2259 1616//2260 1770//2248
f 1770//2248 1616//2260 1594//2261
f 1770//2248 1594//2261 1593//2249
f 1652//2252 1771//2251 1648//2262
f 1648//2262 1771//2251 1772//2263
f 1648//2262 1772//2263 1649//2264
f 1647//2265 1646//2265 1773//2266
f 1773//2266 1646//2265 1645//2267
f 1773//2266 1645//2267 1772//2263
f 1772//2263 1645//2267 1651//2264
f 1772//2263 1651//2264 1649//2264
f 1647//2265 1773//2266 1642//2268
f 1642//2268 1773//2266 1774//2269
f 1642//2268 1774//2269 1643//2270
f 1775//2271 1640//2272 1774//2269
f 1774//2269 1640//2272 1639//2270
f 1774//2269 1639//2270 1643//2270
f 1666//2273 1665//2274 1775//2271
f 1776//2275 1669//2276 1668//2277
f 1776//2275 1668//2277 1775//2271
f 1775//2271 1668//2277 1672//2278
f 1775//2271 1672//2278 1666//2273
f 1665//2274 1663//2279 1775//2271
f 1775//2271 1663//2279 1662//2279
f 1775//2271 1662//2279 1640//2272
f 1686//2108 1692//2108 1699//2109
f 1699//2109 1692//2108 1691//2280
f 1699//2109 1691//2280 1776//2275
f 1776//2275 1691//2280 1689//2281
f 1776//2275 1689//2281 1669//2276
f 1451//2176 1450//2282 1753//2174
f 1753//2174 1450//2282 1685//2283
f 1753//2174 1685//2283 1777//2284
f 1777//2284 1685//2283 1684//2285
f 1684//2285 1683//2286 1777//2284
f 1777//2284 1683//2286 1680//2287
f 1777//2284 1680//2287 1699//2109
f 1699//2109 1680//2287 1688//2288
f 1699//2109 1688//2288 1687//2107
f 1778//2289 1779//2290 1409//1795
f 1780//2291 1414//1800 1779//2290
f 1779//2290 1414//1800 1411//1797
f 1779//2290 1411//1797 1409//1795
f 1781//2292 1388//1773 1782//2293
f 1782//2293 1388//1773 1389//1774
f 1782//2293 1389//1774 1780//2291
f 1780//2291 1389//1774 1418//1804
f 1780//2291 1418//1804 1414//1800
f 1428//1814 1427//1813 1706//2118
f 1706//2118 1427//1813 1422//1808
f 1706//2118 1422//1808 1781//2292
f 1781//2292 1422//1808 1421//1807
f 1781//2292 1421//1807 1388//1773
f 1341//1725 1724//2135 1344//1728
f 1344//1728 1724//2135 1783//2294
f 1344//1728 1783//2294 1348//1732
f 1348//1732 1783//2294 1346//1730
f 1346//1730 1783//2294 1784//2295
f 1346//1730 1784//2295 1353//1737
f 1353//1737 1784//2295 1785//2296
f 1353//1737 1785//2296 1364//1748
f 1786//2297 1359//1743 1787//2298
f 1787//2298 1359//1743 1357//1741
f 1787//2298 1357//1741 1785//2296
f 1785//2296 1357//1741 1362//1746
f 1785//2296 1362//1746 1364//1748
f 1788//2299 1372//1756 1786//2297
f 1786//2297 1372//1756 1367//1751
f 1786//2297 1367//1751 1359//1743
f 1379//2141 1381//1765 1729//2140
f 1729//2140 1381//1765 1383//1767
f 1729//2140 1383//1767 1789//2300
f 1789//2300 1383//1767 1377//1761
f 1789//2300 1377//1761 1788//2299
f 1788//2299 1377//1761 1374//1758
f 1788//2299 1374//1758 1372//1756
f 1790//2301 1401//1786 1791//2302
f 1791//2302 1401//1786 1395//1780
f 1791//2302 1395//1780 1749//2165
f 1749//2165 1395//1780 1394//1779
f 1749//2165 1394//1779 1747//2163
f 1409//1795 1392//1777 1778//2289
f 1778//2289 1392//1777 1396//1781
f 1778//2289 1396//1781 1790//2301
f 1790//2301 1396//1781 1404//1789
f 1790//2301 1404//1789 1401//1786
f 1778//2289 1792//2303 1779//2290
f 1779//2290 1792//2303 1793//2304
f 1779//2290 1793//2304 1780//2291
f 1780//2291 1793//2304 1794//2305
f 1780//2291 1794//2305 1782//2293
f 1782//2293 1794//2305 1795//2306
f 1782//2293 1795//2306 1781//2292
f 1781//2292 1795//2306 1796//2307
f 1781//2292 1796//2307 1706//2118
f 1706//2118 1796//2307 1797//2308
f 1706//2118 1797//2308 1704//2116
f 1704//2116 1797//2308 1798//2309
f 1704//2116 1798//2309 1707//2119
f 1707//2119 1798//2309 1799//2310
f 1707//2119 1799//2310 1712//2124
f 1712//2124 1799//2310 1800//2311
f 1712//2124 1800//2311 1715//2127
f 1715//2127 1800//2311 1801//2312
f 1715//2127 1801//2312 1703//2115
f 1703//2115 1801//2312 1802//2313
f 1703//2115 1802//2313 1724//2135
f 1724//2135 1802//2313 1803//2314
f 1724//2135 1803//2314 1783//2294
f 1783//2294 1803//2314 1804//2315
f 1783//2294 1804//2315 1784//2295
f 1784//2295 1804//2315 1805//2316
f 1784//2295 1805//2316 1785//2296
f 1785//2296 1805//2316 1806//2317
f 1785//2296 1806//2317 1787//2298
f 1787//2298 1806//2317 1807//2318
f 1787//2298 1807//2318 1786//2297
f 1786//2297 1807//2318 1808//2319
f 1786//2297 1808//2319 1788//2299
f 1788//2299 1808//2319 1809//2320
f 1788//2299 1809//2320 1789//2300
f 1789//2300 1809//2320 1810//2321
f 1789//2300 1810//2321 1729//2140
f 1729//2140 1810//2321 1811//2322
f 1729//2140 1811//2322 1727//2138
f 1727//2138 1811//2322 1812//2323
f 1727//2138 1812//2323 1732//2144
f 1732//2144 1812//2323 1813//2324
f 1732//2144 1813//2324 1736//2325
f 1736//2325 1813//2324 1814//2326
f 1736//2325 1814//2326 1739//2161
f 1739//2161 1814//2326 1815//2327
f 1739//2161 1815//2327 1741//2154
f 1741//2154 1815//2327 1816//2328
f 1741//2154 1816//2328 1749//2165
f 1749//2165 1816//2328 1817//2329
f 1749//2165 1817//2329 1791//2302
f 1791//2302 1817//2329 1818//2330
f 1791//2302 1818//2330 1790//2301
f 1790//2301 1818//2330 1819//2331
f 1790//2301 1819//2331 1778//2289
f 1778//2289 1819//2331 1792//2303
f 1792//2303 1767//2240 1793//2304
f 1793//2304 1767//2240 1765//2228
f 1793//2304 1765//2228 1794//2305
f 1794//2305 1765//2228 1766//2233
f 1794//2305 1766//2233 1795//2306
f 1795//2306 1766//2233 1700//2112
f 1795//2306 1700//2112 1796//2307
f 1796//2307 1700//2112 1764//2223
f 1796//2307 1764//2223 1797//2308
f 1797//2308 1764//2223 1763//2218
f 1797//2308 1763//2218 1798//2309
f 1798//2309 1763//2218 1762//2212
f 1798//2309 1762//2212 1799//2310
f 1799//2310 1762//2212 1761//2206
f 1799//2310 1761//2206 1800//2311
f 1800//2311 1761//2206 1760//2204
f 1800//2311 1760//2204 1801//2312
f 1801//2312 1760//2204 1759//2201
f 1801//2312 1759//2201 1802//2313
f 1802//2313 1759//2201 1758//2191
f 1802//2313 1758//2191 1803//2314
f 1803//2314 1758//2191 1757//2186
f 1803//2314 1757//2186 1804//2315
f 1804//2315 1757//2186 1756//2183
f 1804//2315 1756//2183 1805//2316
f 1805//2316 1756//2183 1755//2180
f 1805//2316 1755//2180 1806//2317
f 1806//2317 1755//2180 1754//2178
f 1806//2317 1754//2178 1807//2318
f 1807//2318 1754//2178 1752//2170
f 1807//2318 1752//2170 1808//2319
f 1808//2319 1752//2170 1753//2174
f 1808//2319 1753//2174 1809//2320
f 1809//2320 1753//2174 1777//2284
f 1809//2320 1777//2284 1810//2321
f 1810//2321 1777//2284 1699//2109
f 1810//2321 1699//2109 1811//2322
f 1811//2322 1699//2109 1776//2275
f 1811//2322 1776//2275 1812//2323
f 1812//2323 1776//2275 1775//2271
f 1812//2323 1775//2271 1813//2324
f 1813//2324 1775//2271 1774//2269
f 1813//2324 1774//2269 1814//2326
f 1814//2326 1774//2269 1773//2266
f 1814//2326 1773//2266 1815//2327
f 1815//2327 1773//2266 1772//2263
f 1815//2327 1772//2263 1816//2328
f 1816//2328 1772//2263 1771//2251
f 1816//2328 1771//2251 1817//2329
f 1817//2329 1771//2251 1770//2248
f 1817//2329 1770//2248 1818//2330
f 1818//2330 1770//2248 1769//2246
f 1818//2330 1769//2246 1819//2331
f 1819//2331 1769//2246 1768//2244
f 1819//2331 1768//2244 1792//2303
f 1792//2303 1768//2244 1767//2240
f 1820//2332 1821//2333 1822//2334
f 1822//2334 1821//2333 1823//2335
f 1824//2336 1825//2337 1822//2334
f 1822//2334 1825//2337 1826//2338
f 1823//2335 1827//2339 1822//2334
f 1822//2334 1827//2339 1828//2340
f 1822//2334 1828//2340 1829//2341
f 1829//2341 1830//2342 1822//2334
f 1822//2334 1830//2342 1831//2343
f 1822//2334 1831//2343 1824//2336
f 1832//2344 1833//2345 1834//2346
f 1834//2346 1833//2345 1835//2347
f 1835//2347 1836//2348 1834//2346
f 1834//2346 1836//2348 1837//2349
f 1834//2346 1837//2349 1838//2350
f 1839//2351 1840//2352 1832//2344
f 1832//2344 1840//2352 1841//2353
f 1832//2344 1841//2353 1833//2345
f 1826//2338 1842//2354 1822//2334
f 1822//2334 1842//2354 1839//2351
f 1822//2334 1839//2351 1820//2332
f 1820//2332 1839//2351 1832//2344
f 1820//2332 1832//2344 1843//2355
f 1843//2355 1832//2344 1834//2346
f 1843//2355 1834//2346 1844//2356
f 1844//2356 1834//2346 1838//2350
f 1844//2356 1838//2350 1845//2357
f 1846//2358 1847//2359 1848//2360
f 1846//2358 1848//2360 1849//2361
f 1850//2362 1849//2361 1851//2363
f 1851//2363 1849//2361 1848//2360
f 1851//2363 1848//2360 1852//2364
f 1852//2364 1848//2360 1853//2365
f 1847//2359 1854//2366 1848//2360
f 1848//2360 1854//2366 1855//2367
f 1848//2360 1855//2367 1856//2368
f 1857//2369 1858//2370 1859//2371
f 1859//2371 1858//2370 1860//2372
f 1859//2371 1860//2372 1856//2368
f 1856//2368 1860//2372 1861//2373
f 1856//2368 1861//2373 1848//2360
f 1848//2360 1861//2373 1862//2374
f 1848//2360 1862//2374 1853//2365
f 1856//2368 1863//2375 1859//2371
f 1859//2371 1863//2375 1864//2376
f 1859//2371 1864//2376 1857//2369
f 1857//2369 1864//2376 1865//2377
f 1857//2369 1865//2377 1866//2378
f 1863//2375 1867//2379 1864//2376
f 1864//2376 1867//2379 1868//2380
f 1864//2376 1868//2380 1869//2381
f 1869//2381 1870//2382 1864//2376
f 1864//2376 1870//2382 1871//2383
f 1864//2376 1871//2383 1865//2377
f 1872//105 1873//105 1874//105
f 1874//105 1873//105 1875//105
f 1874//105 1875//105 1876//105
f 1877//105 1878//105 1874//105
f 1874//105 1878//105 1879//105
f 1874//105 1879//105 1872//105
f 1880//105 1881//105 1874//105
f 1874//105 1881//105 1882//105
f 1874//105 1882//105 1877//105
f 1883//105 1884//105 1874//105
f 1874//105 1884//105 1885//105
f 1874//105 1885//105 1880//105
f 1886//105 1887//105 1874//105
f 1874//105 1887//105 1888//105
f 1874//105 1888//105 1883//105
f 1889//105 1890//105 1874//105
f 1874//105 1890//105 1891//105
f 1874//105 1891//105 1886//105
f 1892//105 1893//105 1874//105
f 1874//105 1893//105 1894//105
f 1874//105 1894//105 1889//105
f 1895//105 1896//105 1874//105
f 1874//105 1896//105 1897//105
f 1874//105 1897//105 1892//105
f 1876//105 1898//105 1874//105
f 1874//105 1898//105 1899//105
f 1874//105 1899//105 1895//105
f 1900//2384 1837//2385 1836//2386
f 1841//2387 1901//2388 1833//2389
f 1833//2389 1901//2388 1900//2384
f 1833//2389 1900//2384 1835//2390
f 1835//2390 1900//2384 1836//2386
f 1902//2391 1844//2392 1903//2393
f 1903//2393 1844//2392 1845//2394
f 1903//2393 1845//2394 1900//2384
f 1900//2384 1845//2394 1838//2395
f 1900//2384 1838//2395 1837//2385
f 1902//2391 1904//2396 1844//2392
f 1844//2392 1904//2396 1905//2397
f 1844//2392 1905//2397 1843//2397
f 1843//2398 1905//2398 1820//2398
f 1820//2398 1905//2398 1906//2398
f 1820//2398 1906//2398 1821//2399
f 1906//2398 1907//2400 1821//2399
f 1821//2399 1907//2400 1908//2401
f 1821//2399 1908//2401 1823//2402
f 1823//2402 1908//2401 1827//2403
f 1827//2403 1908//2401 1909//2404
f 1827//2403 1909//2404 1828//2405
f 1828//2405 1909//2404 1910//2406
f 1828//2405 1910//2406 1829//2407
f 1829//2407 1910//2406 1911//2408
f 1829//2407 1911//2408 1830//2409
f 1911//2408 1912//2410 1830//2409
f 1830//2409 1912//2410 1913//2411
f 1830//2409 1913//2411 1831//2412
f 1831//2412 1913//2411 1914//2413
f 1831//2412 1914//2413 1824//2414
f 1824//2414 1914//2413 1915//2415
f 1824//2414 1915//2415 1825//2416
f 1825//2416 1915//2415 1916//2417
f 1825//2416 1916//2417 1826//2418
f 1826//2418 1916//2417 1917//2419
f 1826//2418 1917//2419 1842//2419
f 1842//2420 1917//2420 1918//2420
f 1842//2420 1918//2420 1839//2420
f 1839//2420 1918//2420 1919//2421
f 1839//2420 1919//2421 1840//2422
f 1840//2422 1919//2421 1920//2423
f 1840//2422 1920//2423 1841//2387
f 1841//2387 1920//2423 1921//2424
f 1841//2387 1921//2424 1901//2388
f 1922//2425 1923//2426 1862//2427
f 1862//2427 1923//2426 1853//2428
f 1853//2428 1923//2426 1924//2429
f 1853//2428 1924//2429 1852//2430
f 1852//2430 1924//2429 1925//2431
f 1852//2430 1925//2431 1851//2432
f 1851//2432 1925//2431 1926//2433
f 1851//2432 1926//2433 1850//2434
f 1926//2433 1927//2435 1850//2434
f 1850//2434 1927//2435 1928//2436
f 1850//2434 1928//2436 1849//2437
f 1849//2437 1928//2436 1929//2438
f 1849//2437 1929//2438 1846//2439
f 1846//2439 1929//2438 1930//2440
f 1846//2439 1930//2440 1847//2441
f 1847//2441 1930//2440 1931//2442
f 1847//2441 1931//2442 1854//2443
f 1854//2443 1931//2442 1932//2444
f 1854//2443 1932//2444 1855//2445
f 1855//2445 1932//2444 1933//2446
f 1855//2445 1933//2446 1856//2447
f 1856//2447 1933//2446 1934//2448
f 1856//2447 1934//2448 1863//2449
f 1863//2449 1934//2448 1935//2450
f 1863//2449 1935//2450 1867//2451
f 1867//2451 1935//2450 1936//2452
f 1867//2451 1936//2452 1868//2453
f 1868//2453 1936//2452 1937//2454
f 1868//2453 1937//2454 1869//2455
f 1869//2455 1937//2454 1938//2456
f 1869//2455 1938//2456 1870//2457
f 1939//2458 1940//2459 1857//2460
f 1857//2460 1866//2461 1939//2458
f 1939//2458 1866//2461 1865//2462
f 1939//2458 1865//2462 1938//2456
f 1938//2456 1865//2462 1871//2410
f 1938//2456 1871//2410 1870//2457
f 1940//2459 1941//2463 1857//2460
f 1857//2460 1941//2463 1942//2464
f 1857//2460 1942//2464 1858//2465
f 1922//2425 1862//2427 1943//2420
f 1943//2420 1862//2427 1861//2420
f 1943//2419 1861//2419 1942//2464
f 1942//2464 1861//2419 1860//2419
f 1942//2464 1860//2419 1858//2465
f 1944//2466 1945//2467 1876//2468
f 1946//2469 1947//2470 1887//2471
f 1948//2472 1949//2473 1937//2474
f 1915//2475 1914//2476 1899//2477
f 1899//2477 1914//2476 1913//2478
f 1899//2477 1913//2478 1912//2479
f 1898//2480 1918//2481 1917//2482
f 1898//2480 1917//2482 1899//2477
f 1899//2477 1917//2482 1916//2483
f 1899//2477 1916//2483 1915//2475
f 1912//2479 1911//2484 1950//2485
f 1950//2485 1911//2484 1910//2486
f 1910//2486 1909//2487 1950//2485
f 1950//2485 1909//2487 1908//2488
f 1950//2485 1908//2488 1951//2489
f 1951//2489 1908//2488 1907//2490
f 1951//2489 1907//2490 1952//2491
f 1952//2491 1907//2490 1953//2492
f 1953//2492 1907//2490 1906//2493
f 1953//2492 1906//2493 1954//2494
f 1954//2494 1906//2493 1955//2495
f 1955//2495 1906//2493 1905//2496
f 1955//2495 1905//2496 1956//2497
f 1956//2497 1905//2496 1945//2467
f 1945//2467 1905//2496 1904//2498
f 1945//2467 1904//2498 1902//2499
f 1902//2499 1903//2500 1945//2467
f 1945//2467 1903//2500 1900//2501
f 1945//2467 1900//2501 1876//2468
f 1876//2468 1900//2501 1901//2502
f 1901//2502 1921//2503 1876//2468
f 1876//2468 1921//2503 1920//2504
f 1876//2468 1920//2504 1898//2480
f 1898//2480 1920//2504 1919//2505
f 1898//2480 1919//2505 1918//2481
f 1942//2506 1891//2507 1943//2508
f 1943//2508 1891//2507 1890//2509
f 1943//2508 1890//2509 1922//2510
f 1930//2511 1929//2512 1957//2513
f 1957//2513 1958//2514 1930//2511
f 1930//2511 1958//2514 1959//2515
f 1930//2511 1959//2515 1931//2516
f 1931//2516 1959//2515 1960//2517
f 1928//2518 1927//2519 1889//2520
f 1889//2520 1927//2519 1926//2521
f 1926//2521 1925//2522 1889//2520
f 1889//2520 1925//2522 1924//2523
f 1889//2520 1924//2523 1890//2509
f 1890//2509 1924//2523 1923//2524
f 1890//2509 1923//2524 1922//2510
f 1936//2525 1935//2526 1961//2527
f 1961//2527 1935//2526 1934//2528
f 1961//2527 1934//2528 1962//2529
f 1962//2529 1934//2528 1933//2530
f 1962//2529 1933//2530 1960//2517
f 1960//2517 1933//2530 1932//2531
f 1960//2517 1932//2531 1931//2516
f 1942//2506 1941//2532 1891//2507
f 1891//2507 1941//2532 1940//2533
f 1891//2507 1940//2533 1886//2534
f 1886//2534 1940//2533 1939//2535
f 1886//2534 1939//2535 1938//2536
f 1936//2525 1961//2527 1937//2474
f 1937//2474 1961//2527 1963//2537
f 1937//2474 1963//2537 1948//2472
f 1873//2538 1964//2538 1965//2538
f 1966//2539 1875//2540 1967//2541
f 1967//2541 1875//2540 1873//2542
f 1967//2541 1873//2542 1968//2543
f 1968//2543 1873//2542 1965//2544
f 1872//2545 1969//2546 1873//2547
f 1873//2547 1969//2546 1970//2548
f 1873//2547 1970//2548 1964//2549
f 1880//2550 1971//2551 1881//2551
f 1881//2551 1971//2551 1972//2552
f 1881//2551 1972//2552 1882//2552
f 1882//2552 1972//2552 1973//2553
f 1882//2552 1973//2553 1877//2553
f 1877//2553 1973//2553 1974//2554
f 1877//2553 1974//2554 1878//2554
f 1878//2554 1974//2554 1975//2555
f 1878//2554 1975//2555 1879//2556
f 1879//2556 1975//2555 1976//2557
f 1879//2556 1976//2557 1872//2545
f 1872//2545 1976//2557 1977//2558
f 1872//2545 1977//2558 1969//2546
f 1885//2559 1978//2560 1880//2550
f 1880//2550 1978//2560 1979//2561
f 1880//2550 1979//2561 1971//2551
f 1884//2562 1980//2563 1981//2564
f 1884//2562 1981//2564 1885//2559
f 1885//2559 1981//2564 1982//2565
f 1885//2559 1982//2565 1983//2566
f 1983//2566 1984//2567 1885//2559
f 1885//2559 1984//2567 1985//2568
f 1885//2559 1985//2568 1978//2560
f 1980//2563 1884//2562 1986//2569
f 1986//2569 1884//2562 1883//2570
f 1986//2569 1883//2570 1987//2571
f 1888//2572 1988//2573 1883//2570
f 1883//2570 1988//2573 1989//2574
f 1883//2570 1989//2574 1987//2571
f 1947//2470 1990//2575 1887//2471
f 1887//2471 1990//2575 1991//2576
f 1887//2471 1991//2576 1888//2572
f 1888//2572 1991//2576 1992//2577
f 1888//2572 1992//2577 1988//2573
f 1946//2469 1887//2471 1993//2578
f 1993//2578 1887//2471 1886//2534
f 1993//2578 1886//2534 1949//2473
f 1949//2473 1886//2534 1938//2536
f 1949//2473 1938//2536 1937//2474
f 1929//2512 1928//2518 1957//2513
f 1957//2513 1928//2518 1889//2520
f 1957//2513 1889//2520 1994//2579
f 1994//2579 1889//2520 1894//2580
f 1994//2579 1894//2580 1995//2581
f 1995//2581 1894//2580 1996//2582
f 1996//2582 1894//2580 1893//2583
f 1996//2582 1893//2583 1997//2584
f 1997//2584 1893//2583 1998//2585
f 1998//2585 1893//2583 1892//2586
f 1998//2585 1892//2586 1999//2587
f 1897//2588 2000//2589 1892//2586
f 1892//2586 2000//2589 2001//2590
f 1892//2586 2001//2590 1999//2587
f 2002//2591 2003//2592 1896//2593
f 1896//2593 2003//2592 2004//2594
f 1896//2593 2004//2594 1897//2588
f 1897//2588 2004//2594 2005//2595
f 1897//2588 2005//2595 2000//2589
f 2006//2596 2007//2597 1895//2598
f 1895//2598 2007//2597 2008//2599
f 1895//2598 2008//2599 1896//2593
f 1896//2593 2008//2599 2009//2600
f 1896//2593 2009//2600 2002//2591
f 1912//2479 1950//2485 1899//2477
f 1899//2477 1950//2485 2010//2601
f 1899//2477 2010//2601 1895//2598
f 1895//2598 2010//2601 2011//2602
f 1895//2598 2011//2602 2006//2596
f 1966//2539 2012//2603 1875//2540
f 1875//2540 2012//2603 2013//2604
f 1875//2540 2013//2604 1876//2468
f 1876//2468 2013//2604 2014//2605
f 1876//2468 2014//2605 1944//2466
f 2015//2606 2016//2607 2017//2608
f 2018//2609 2019//2610 2020//2611
f 2021//2612 2022//2613 2023//2614
f 2023//2614 2024//2615 2021//2612
f 2021//2612 2024//2615 2025//2616
f 2021//2612 2025//2616 2026//2617
f 2027//2618 2028//2619 2017//2608
f 2017//2608 2028//2619 2029//2620
f 2017//2608 2029//2620 2022//2613
f 2022//2613 2029//2620 2030//2621
f 2022//2613 2030//2621 2023//2614
f 2019//2610 2031//2622 2020//2611
f 2020//2611 2031//2622 2032//2623
f 2020//2611 2032//2623 2017//2608
f 2017//2608 2032//2623 2033//2624
f 2017//2608 2033//2624 2027//2618
f 2034//2625 2035//2626 2036//2627
f 2036//2627 2035//2626 2018//2609
f 2037//2628 2038//2629 2036//2627
f 2036//2627 2038//2629 2039//2630
f 2036//2627 2039//2630 2034//2625
f 2040//2631 2041//2632 2020//2611
f 2018//2609 2020//2611 2036//2627
f 2036//2627 2020//2611 2041//2632
f 2036//2627 2041//2632 2042//2633
f 2043//2634 2044//2635 2045//2636
f 2045//2636 2044//2635 2037//2628
f 2045//2636 2037//2628 2046//2637
f 2046//2637 2037//2628 2036//2627
f 2046//2637 2036//2627 2047//2638
f 2047//2638 2036//2627 2042//2633
f 2016//2607 2048//2607 2017//2608
f 2017//2608 2048//2607 2049//2639
f 2017//2608 2049//2639 2020//2611
f 2020//2611 2049//2639 2050//2640
f 2020//2611 2050//2640 2040//2631
f 2015//2606 2017//2608 2051//2641
f 2051//2641 2017//2608 2022//2613
f 2051//2641 2022//2613 2052//2642
f 2053//2643 2054//2644 2021//2612
f 2021//2612 2054//2644 2055//2645
f 2021//2612 2055//2645 2022//2613
f 2022//2613 2055//2645 2056//2646
f 2022//2613 2056//2646 2052//2642
f 2026//2617 2057//2647 2021//2612
f 2021//2612 2057//2647 2058//2648
f 2021//2612 2058//2648 2053//2643
f 2053//2643 2058//2648 2059//2649
f 2060//2650 2061//2651 2062//2652
f 2062//2652 2061//2651 2063//2653
f 2064//2654 2065//2655 2066//2656
f 2067//2657 2068//2658 2069//2659
f 2070//2660 2071//2661 2072//2662
f 2072//2662 2071//2661 2073//2663
f 2072//2662 2073//2663 2074//2664
f 2075//2665 2076//2666 2077//2667
f 2077//2667 2076//2666 2039//2630
f 2077//2667 2039//2630 2038//2629
f 2078//2668 2035//2626 2076//2666
f 2076//2666 2035//2626 2034//2625
f 2076//2666 2034//2625 2039//2630
f 2032//2623 2031//2622 2079//2669
f 2079//2669 2031//2622 2019//2610
f 2079//2669 2019//2610 2078//2668
f 2078//2668 2019//2610 2018//2609
f 2078//2668 2018//2609 2035//2626
f 2032//2623 2079//2669 2033//2624
f 2033//2624 2079//2669 2080//2670
f 2033//2624 2080//2670 2027//2618
f 2027//2618 2080//2670 2081//2671
f 2027//2618 2081//2671 2028//2619
f 2082//2672 2030//2621 2081//2671
f 2081//2671 2030//2621 2029//2620
f 2081//2671 2029//2620 2028//2619
f 2026//2617 2025//2616 2083//2673
f 2083//2673 2025//2616 2024//2615
f 2083//2673 2024//2615 2082//2672
f 2082//2672 2024//2615 2023//2614
f 2082//2672 2023//2614 2030//2621
f 2084//2674 2085//2675 2083//2673
f 2057//2647 2026//2617 2086//2676
f 2086//2676 2026//2617 2083//2673
f 2086//2676 2083//2673 2087//2677
f 2087//2677 2083//2673 2085//2675
f 2087//2677 2085//2675 2088//2678
f 2089//2679 2090//2680 2060//2650
f 2091//2681 2092//2682 2093//2683
f 2091//2681 2093//2683 2089//2679
f 2094//2684 2095//2685 2096//2686
f 2096//2686 2095//2685 2097//2687
f 2096//2686 2097//2687 2093//2683
f 2093//2683 2097//2687 2098//2688
f 2093//2683 2098//2688 2089//2679
f 2099//2689 2100//2690 2101//2691
f 2101//2691 2100//2690 2102//2690
f 2103//2692 2104//2692 2092//2682
f 2092//2682 2104//2692 2105//2693
f 2092//2682 2105//2693 2093//2683
f 2093//2683 2105//2693 2106//2694
f 2093//2683 2106//2694 2096//2686
f 2089//2679 2060//2650 2091//2681
f 2091//2681 2060//2650 2062//2652
f 2091//2681 2062//2652 2092//2682
f 2092//2682 2062//2652 2107//2695
f 2092//2682 2107//2695 2103//2692
f 2102//2690 2108//2696 2101//2691
f 2101//2691 2108//2696 2109//2697
f 2101//2691 2109//2697 2063//2653
f 2063//2653 2109//2697 2110//2698
f 2063//2653 2110//2698 2062//2652
f 2062//2652 2110//2698 2111//2699
f 2062//2652 2111//2699 2107//2695
f 2065//2655 2112//2700 2066//2656
f 2066//2656 2112//2700 2067//2657
f 2066//2656 2067//2657 2113//2701
f 2113//2701 2067//2657 2114//2702
f 2113//2701 2114//2702 2115//2703
f 2115//2703 2114//2702 2116//2704
f 2074//2664 2064//2654 2072//2662
f 2072//2662 2064//2654 2066//2656
f 2072//2662 2066//2656 2117//2705
f 2117//2705 2066//2656 2113//2701
f 2117//2705 2113//2701 2118//2706
f 2118//2706 2113//2701 2115//2703
f 2118//2706 2115//2703 2119//2707
f 2119//2707 2115//2703 2116//2704
f 2119//2707 2116//2704 2120//2708
f 2067//2657 2069//2659 2114//2702
f 2114//2702 2069//2659 2121//2709
f 2114//2702 2121//2709 2122//2710
f 2122//2710 2099//2689 2114//2702
f 2114//2702 2099//2689 2101//2691
f 2114//2702 2101//2691 2116//2704
f 2116//2704 2101//2691 2063//2653
f 2116//2704 2063//2653 2120//2708
f 2120//2708 2063//2653 2061//2651
f 2090//2680 2084//2674 2060//2650
f 2060//2650 2084//2674 2083//2673
f 2060//2650 2083//2673 2061//2651
f 2061//2651 2083//2673 2082//2672
f 2061//2651 2082//2672 2120//2708
f 2120//2708 2082//2672 2081//2671
f 2120//2708 2081//2671 2119//2707
f 2119//2707 2081//2671 2080//2670
f 2119//2707 2080//2670 2118//2706
f 2118//2706 2080//2670 2079//2669
f 2118//2706 2079//2669 2117//2705
f 2117//2705 2079//2669 2078//2668
f 2117//2705 2078//2668 2072//2662
f 2072//2662 2078//2668 2076//2666
f 2072//2662 2076//2666 2070//2660
f 2070//2660 2076//2666 2075//2665
f 2123//2711 2124//2712 2125//2713
f 2126//2714 2127//2715 2128//2716
f 2129//2717 2130//2718 2131//2719
f 2132//2720 2133//2721 2134//2722
f 2135//2723 2136//2724 2137//2725
f 2137//2725 2136//2724 2138//2726
f 2139//2727 2140//2728 2141//2729
f 2141//2729 2140//2728 2142//2730
f 2141//2729 2142//2730 2143//2731
f 2144//2732 2145//2733 2146//2734
f 2146//2734 2145//2733 2147//2735
f 2146//2734 2147//2735 2148//2736
f 2132//2720 2134//2722 2149//2737
f 2129//2717 2131//2719 2150//2738
f 2151//2739 2152//2740 2153//2741
f 2153//2741 2152//2740 2154//2742
f 2153//2741 2154//2742 2131//2719
f 2131//2719 2154//2742 2155//2743
f 2131//2719 2155//2743 2150//2738
f 2128//2716 2127//2715 2153//2741
f 2153//2741 2127//2715 2156//2744
f 2153//2741 2156//2744 2151//2739
f 2157//2745 2158//2746 2159//2747
f 2159//2747 2158//2746 2160//2748
f 2159//2747 2160//2748 2128//2716
f 2128//2716 2160//2748 2161//2749
f 2128//2716 2161//2749 2126//2714
f 2157//2745 2159//2747 2162//2750
f 2162//2750 2159//2747 2163//2751
f 2162//2750 2163//2751 2164//2752
f 2163//2751 2165//2753 2166//2754
f 2164//2752 2163//2751 2167//2755
f 2167//2755 2163//2751 2166//2754
f 2167//2755 2166//2754 2168//2756
f 2124//2712 2169//2757 2125//2713
f 2125//2713 2169//2757 2170//2758
f 2125//2713 2170//2758 2171//2759
f 2123//2711 2125//2713 2172//2760
f 2172//2760 2125//2713 2173//2761
f 2172//2760 2173//2761 2174//2762
f 2175//2763 2176//2764 2173//2761
f 2174//2762 2173//2761 2177//2765
f 2177//2765 2173//2761 2176//2764
f 2177//2765 2176//2764 2178//2766
f 2179//2767 2180//2768 2181//2769
f 2181//2769 2180//2768 2182//2770
f 2183//2771 2184//2772 2185//2773
f 2185//2773 2184//2772 2186//2774
f 2185//2773 2186//2774 2182//2770
f 2182//2770 2186//2774 2187//2775
f 2182//2770 2187//2775 2181//2769
f 2188//2776 2141//2729 2135//2723
f 2135//2723 2141//2729 2143//2731
f 2135//2723 2143//2731 2136//2724
f 2188//2776 2189//2777 2141//2729
f 2141//2729 2189//2777 2190//2778
f 2141//2729 2190//2778 2183//2771
f 2183//2771 2190//2778 2191//2779
f 2183//2771 2191//2779 2184//2772
f 2130//2718 2149//2737 2131//2719
f 2131//2719 2149//2737 2134//2722
f 2131//2719 2134//2722 2153//2741
f 2153//2741 2134//2722 2192//2780
f 2153//2741 2192//2780 2128//2716
f 2128//2716 2192//2780 2193//2781
f 2128//2716 2193//2781 2159//2747
f 2159//2747 2193//2781 2125//2713
f 2159//2747 2125//2713 2163//2751
f 2163//2751 2125//2713 2171//2759
f 2163//2751 2171//2759 2165//2753
f 2133//2721 2144//2732 2134//2722
f 2134//2722 2144//2732 2146//2734
f 2134//2722 2146//2734 2192//2780
f 2192//2780 2146//2734 2194//2782
f 2192//2780 2194//2782 2193//2781
f 2193//2781 2194//2782 2195//2783
f 2193//2781 2195//2783 2125//2713
f 2125//2713 2195//2783 2196//2784
f 2125//2713 2196//2784 2173//2761
f 2179//2767 2175//2763 2180//2768
f 2180//2768 2175//2763 2173//2761
f 2180//2768 2173//2761 2182//2770
f 2182//2770 2173//2761 2196//2784
f 2182//2770 2196//2784 2185//2773
f 2185//2773 2196//2784 2195//2783
f 2185//2773 2195//2783 2183//2771
f 2183//2771 2195//2783 2194//2782
f 2183//2771 2194//2782 2141//2729
f 2141//2729 2194//2782 2146//2734
f 2141//2729 2146//2734 2139//2727
f 2139//2727 2146//2734 2148//2736
f 2197//2785 2198//2786 2199//2787
f 2199//2787 2198//2786 2200//2788
f 2199//2787 2200//2788 2201//2789
f 2202//2790 2197//2785 2203//2791
f 2203//2791 2197//2785 2199//2787
f 2203//2791 2199//2787 2204//2792
f 2204//2792 2199//2787 2205//2793
f 2206//2794 2207//2795 2199//2787
f 2199//2787 2207//2795 2208//2796
f 2199//2787 2208//2796 2205//2793
f 2201//2789 2209//2797 2199//2787
f 2199//2787 2209//2797 2210//2798
f 2199//2787 2210//2798 2211//2799
f 2212//2800 2213//2800 2214//2800
f 2214//2801 2213//2802 2215//2803
f 2214//2801 2215//2803 2216//2804
f 2094//2684 2217//2805 2218//2806
f 2218//2806 2217//2805 2219//2807
f 2218//2806 2219//2807 2220//2808
f 2220//2808 2219//2807 2212//2809
f 2220//2808 2212//2809 2221//2810
f 2221//2810 2212//2809 2214//2801
f 2221//2810 2214//2801 2211//2799
f 2211//2799 2214//2801 2216//2804
f 2211//2799 2216//2804 2199//2787
f 2199//2787 2216//2811 2222//2812
f 2199//2787 2222//2812 2206//2794
f 2223//2813 2224//2814 2225//2815
f 2226//2816 2227//2817 2228//2818
f 2228//2818 2227//2817 2229//2819
f 2230//2820 2231//2821 2232//2822
f 2233//2823 2231//2821 2234//2824
f 2234//2824 2231//2821 2230//2820
f 2234//2824 2230//2820 2235//2825
f 2235//2825 2230//2820 2236//2826
f 2233//2823 2234//2824 2237//2827
f 2237//2827 2234//2824 2238//2828
f 2237//2827 2238//2828 2239//2829
f 2239//2829 2238//2828 2240//2830
f 2239//2829 2240//2830 2241//2831
f 2150//2738 2242//2832 2243//2833
f 2243//2833 2242//2832 2244//2834
f 2240//2830 2245//2835 2241//2831
f 2241//2831 2245//2835 2246//2836
f 2241//2837 2246//2837 2247//2837
f 2247//2838 2246//2836 2248//2839
f 2247//2838 2248//2839 2249//2840
f 2249//2840 2248//2839 2250//2841
f 2249//2840 2250//2841 2244//2834
f 2244//2834 2250//2841 2251//2842
f 2244//2834 2251//2842 2243//2833
f 2252//2843 2253//2844 2254//2845
f 2255//2846 2256//2847 2257//2848
f 2257//2848 2256//2847 2252//2843
f 2257//2848 2252//2843 2258//2849
f 2259//2850 2260//2851 2261//2852
f 2261//2852 2260//2851 2262//2853
f 2261//2852 2262//2853 2257//2848
f 2257//2848 2262//2853 2263//2854
f 2263//2854 2262//2853 2264//2855
f 2263//2854 2264//2855 2265//2856
f 2265//2856 2266//2857 2263//2854
f 2263//2854 2266//2857 2267//2858
f 2263//2854 2267//2858 2257//2848
f 2257//2848 2267//2858 2268//2859
f 2257//2848 2268//2859 2255//2846
f 2223//2813 2225//2815 2269//2860
f 2252//2843 2254//2845 2258//2849
f 2258//2849 2254//2861 2270//2861
f 2258//2849 2270//2861 2269//2860
f 2269//2860 2225//2815 2258//2849
f 2258//2849 2225//2815 2228//2818
f 2258//2849 2228//2818 2257//2848
f 2257//2848 2228//2818 2229//2819
f 2257//2848 2229//2819 2261//2852
f 2261//2852 2229//2819 2271//2862
f 2261//2852 2271//2862 2259//2862
f 2226//2816 2228//2818 2232//2822
f 2232//2822 2228//2818 2225//2815
f 2232//2822 2225//2815 2230//2820
f 2230//2820 2225//2815 2224//2814
f 2230//2820 2224//2814 2236//2826
f 2272//2863 2273//2863 2274//2864
f 2275//2865 2276//2866 2277//2867
f 2243//2833 2251//2842 2278//2868
f 2224//2869 2223//2870 2279//2871
f 2280//2872 2281//2873 2282//2874
f 2282//2874 2283//2875 2280//2872
f 2280//2872 2283//2875 2284//2876
f 2280//2872 2284//2876 2285//2877
f 2286//2878 2254//2845 2253//2844
f 2286//2878 2253//2844 2287//2879
f 2281//2873 2280//2872 2288//2880
f 2281//2873 2288//2880 2253//2844
f 2253//2844 2288//2880 2289//2881
f 2253//2844 2289//2881 2287//2879
f 2254//2845 2286//2878 2270//2882
f 2270//2882 2286//2878 2290//2883
f 2270//2882 2290//2883 2269//2884
f 2269//2884 2290//2883 2223//2870
f 2223//2870 2290//2883 2291//2885
f 2223//2870 2291//2885 2279//2871
f 2245//2835 2240//2830 2292//2886
f 2292//2886 2240//2830 2238//2828
f 2238//2828 2234//2824 2292//2886
f 2292//2886 2234//2824 2235//2825
f 2292//2886 2235//2825 2236//2826
f 2250//2841 2248//2839 2293//2887
f 2293//2887 2248//2839 2246//2836
f 2150//2738 2243//2833 2129//2717
f 2129//2717 2243//2833 2278//2868
f 2129//2717 2278//2868 2130//2718
f 2130//2718 2278//2868 2294//2888
f 2130//2718 2294//2888 2149//2737
f 2149//2737 2294//2888 2132//2720
f 2295//2889 2296//2890 2148//2736
f 2147//2735 2145//2733 2297//2891
f 2297//2891 2145//2733 2144//2732
f 2297//2891 2144//2732 2133//2721
f 2277//2867 2140//2728 2296//2890
f 2296//2890 2140//2728 2139//2727
f 2296//2890 2139//2727 2148//2736
f 2136//2724 2143//2731 2277//2867
f 2277//2867 2143//2731 2142//2730
f 2277//2867 2142//2730 2140//2728
f 2138//2726 2136//2724 2298//2892
f 2298//2892 2136//2724 2277//2867
f 2298//2892 2277//2867 2299//2866
f 2299//2866 2277//2867 2276//2866
f 2272//2863 2274//2864 2300//2893
f 2301//2894 2302//2895 2303//2896
f 2304//2897 2305//2898 2306//2899
f 2306//2899 2305//2898 2302//2895
f 2306//2899 2302//2895 2307//2900
f 2307//2900 2302//2895 2301//2894
f 2307//2900 2301//2894 2308//2901
f 2309//2902 2310//2903 2311//2904
f 2310//2903 2312//2905 2311//2904
f 2311//2904 2312//2905 2313//2906
f 2311//2904 2313//2906 2301//2894
f 2301//2894 2313//2906 2314//2907
f 2301//2894 2314//2907 2308//2901
f 2148//2736 2147//2735 2295//2889
f 2295//2889 2147//2735 2297//2891
f 2295//2889 2297//2891 2294//2888
f 2294//2888 2297//2891 2133//2721
f 2294//2888 2133//2721 2132//2720
f 2315//2908 2316//2909 2317//2910
f 2317//2910 2316//2909 2318//2911
f 2317//2910 2318//2911 2293//2887
f 2319//2912 2309//2902 2320//2913
f 2320//2913 2309//2902 2311//2904
f 2320//2913 2311//2904 2321//2914
f 2287//2879 2319//2912 2286//2878
f 2286//2878 2319//2912 2320//2913
f 2286//2878 2320//2913 2290//2883
f 2290//2883 2320//2913 2321//2914
f 2290//2883 2321//2914 2291//2885
f 2291//2885 2321//2914 2292//2886
f 2291//2885 2292//2886 2279//2871
f 2279//2871 2292//2886 2236//2915
f 2279//2871 2236//2915 2224//2869
f 2246//2836 2245//2835 2293//2887
f 2293//2887 2245//2835 2292//2886
f 2293//2887 2292//2886 2317//2910
f 2317//2910 2292//2886 2321//2914
f 2317//2910 2321//2914 2315//2908
f 2315//2908 2321//2914 2311//2904
f 2315//2908 2311//2904 2274//2864
f 2274//2864 2311//2904 2301//2894
f 2274//2864 2301//2894 2300//2893
f 2300//2893 2301//2894 2303//2896
f 2273//2863 2275//2865 2274//2864
f 2274//2864 2275//2865 2277//2867
f 2274//2864 2277//2867 2315//2908
f 2315//2908 2277//2867 2296//2890
f 2315//2908 2296//2890 2316//2909
f 2316//2909 2296//2890 2295//2889
f 2316//2909 2295//2889 2318//2911
f 2318//2911 2295//2889 2294//2888
f 2318//2911 2294//2888 2293//2887
f 2293//2887 2294//2888 2278//2868
f 2293//2887 2278//2868 2250//2841
f 2250//2841 2278//2868 2251//2842
f 2322//2916 2323//2917 2324//2918
f 2325//2919 2326//2920 2327//2921
f 2328//2922 2329//2922 2330//2922
f 2330//2923 2329//2924 2331//2925
f 2330//2923 2331//2925 2332//2926
f 2333//2927 2334//2928 2335//2929
f 2335//2929 2334//2928 2336//2930
f 2335//2929 2336//2930 2337//2931
f 2337//2931 2336//2930 2338//2932
f 2337//2931 2338//2932 2328//2933
f 2328//2933 2338//2932 2339//2934
f 2328//2933 2339//2934 2329//2924
f 2280//2872 2285//2877 2340//2935
f 2340//2935 2285//2877 2325//2919
f 2289//2881 2288//2880 2340//2935
f 2340//2935 2288//2880 2280//2872
f 2325//2919 2327//2921 2340//2935
f 2340//2935 2327//2921 2341//2936
f 2340//2937 2341//2937 2289//2937
f 2309//2902 2319//2912 2342//2938
f 2342//2938 2319//2912 2287//2879
f 2343//2939 2308//2901 2314//2907
f 2314//2907 2313//2906 2343//2939
f 2343//2939 2313//2906 2312//2905
f 2343//2939 2312//2905 2342//2938
f 2342//2938 2312//2905 2310//2903
f 2342//2938 2310//2903 2309//2902
f 2344//2940 2304//2897 2306//2899
f 2307//2900 2345//2941 2306//2899
f 2306//2899 2345//2941 2346//2942
f 2306//2899 2346//2942 2344//2940
f 2347//2943 2348//2944 2324//2918
f 2324//2918 2348//2944 2349//2945
f 2324//2918 2323//2917 2350//2946
f 2324//2918 2350//2946 2347//2943
f 2351//2947 2352//2948 2353//2949
f 2354//2950 2355//2951 2356//2952
f 2356//2952 2355//2951 2353//2949
f 2349//2945 2357//2953 2324//2918
f 2324//2918 2357//2953 2358//2954
f 2324//2918 2358//2954 2322//2916
f 2322//2916 2358//2954 2359//2955
f 2353//2949 2352//2948 2356//2952
f 2356//2952 2352//2948 2360//2956
f 2356//2952 2360//2956 2361//2957
f 2307//2900 2308//2901 2345//2941
f 2345//2941 2308//2901 2343//2939
f 2345//2941 2343//2939 2362//2958
f 2362//2958 2343//2939 2342//2938
f 2330//2923 2354//2950 2328//2933
f 2328//2933 2354//2950 2356//2952
f 2328//2933 2356//2952 2337//2931
f 2337//2959 2356//2959 2361//2959
f 2337//2931 2361//2960 2335//2929
f 2335//2929 2361//2960 2363//2961
f 2335//2929 2363//2961 2333//2927
f 2333//2927 2363//2961 2364//2962
f 2326//2920 2364//2962 2327//2921
f 2327//2921 2364//2962 2363//2961
f 2327//2921 2363//2961 2341//2936
f 2341//2963 2363//2963 2361//2963
f 2341//2964 2361//2957 2365//2965
f 2365//2965 2361//2957 2360//2956
f 2365//2965 2360//2956 2357//2953
f 2357//2953 2360//2956 2352//2948
f 2357//2953 2352//2948 2358//2954
f 2358//2954 2352//2948 2351//2947
f 2358//2954 2351//2947 2359//2955
f 2366//2966 2367//2967 2345//2941
f 2345//2941 2367//2967 2368//2967
f 2345//2941 2368//2967 2346//2942
f 2348//2944 2366//2966 2349//2945
f 2349//2945 2366//2966 2345//2941
f 2349//2945 2345//2941 2357//2953
f 2357//2953 2345//2941 2362//2958
f 2357//2953 2362//2958 2365//2965
f 2365//2965 2362//2958 2342//2938
f 2365//2965 2342//2938 2341//2964
f 2341//2964 2342//2938 2287//2879
f 2341//2964 2287//2879 2289//2881
f 2369//2968 2370//2969 2371//2970
f 2372//2971 2373//2972 2374//2973
f 2375//2974 2121//2709 2376//2975
f 2376//2975 2121//2709 2069//2659
f 2376//2975 2069//2659 2377//2976
f 2377//2976 2069//2659 2068//2658
f 2102//2690 2100//2690 2378//2977
f 2378//2977 2100//2690 2099//2689
f 2378//2977 2099//2689 2375//2974
f 2375//2974 2099//2689 2122//2710
f 2375//2974 2122//2710 2121//2709
f 2379//2978 2107//2695 2111//2699
f 2111//2699 2110//2698 2379//2978
f 2379//2978 2110//2698 2109//2697
f 2379//2978 2109//2697 2378//2977
f 2378//2977 2109//2697 2108//2696
f 2378//2977 2108//2696 2102//2690
f 2104//2692 2373//2972 2105//2693
f 2105//2693 2373//2972 2372//2971
f 2105//2693 2372//2971 2106//2694
f 2106//2694 2372//2971 2096//2686
f 2380//2979 2219//2807 2217//2805
f 2206//2794 2222//2812 2381//2980
f 2381//2980 2222//2812 2216//2811
f 2215//2803 2213//2802 2380//2979
f 2380//2979 2213//2802 2212//2809
f 2380//2979 2212//2809 2219//2807
f 2207//2795 2382//2981 2208//2796
f 2208//2796 2382//2981 2383//2982
f 2208//2796 2383//2982 2205//2793
f 2332//2926 2384//2983 2330//2923
f 2330//2923 2384//2983 2385//2984
f 2330//2923 2385//2984 2383//2982
f 2383//2982 2385//2984 2386//2985
f 2383//2982 2386//2985 2205//2793
f 2387//2986 2353//2949 2355//2951
f 2387//2986 2355//2951 2354//2950
f 2359//2955 2351//2947 2388//2987
f 2323//2917 2322//2916 2388//2987
f 2388//2987 2322//2916 2359//2955
f 2389//2988 2347//2943 2350//2946
f 2323//2917 2388//2987 2371//2970
f 2323//2917 2371//2970 2350//2946
f 2350//2946 2371//2970 2370//2969
f 2350//2946 2370//2969 2389//2988
f 2104//2692 2103//2692 2373//2972
f 2373//2972 2103//2692 2107//2695
f 2373//2972 2107//2695 2374//2973
f 2374//2973 2107//2695 2379//2978
f 2374//2973 2379//2978 2387//2986
f 2387//2986 2379//2978 2378//2977
f 2207//2795 2206//2794 2382//2981
f 2382//2981 2206//2794 2381//2980
f 2382//2981 2381//2980 2380//2979
f 2380//2979 2381//2980 2216//2804
f 2380//2979 2216//2804 2215//2803
f 2094//2684 2096//2686 2217//2805
f 2217//2805 2096//2686 2372//2971
f 2217//2805 2372//2971 2380//2979
f 2380//2979 2372//2971 2374//2973
f 2380//2979 2374//2973 2382//2981
f 2382//2981 2374//2973 2387//2986
f 2382//2981 2387//2986 2383//2982
f 2383//2982 2387//2986 2354//2950
f 2383//2982 2354//2950 2330//2923
f 2376//2975 2369//2968 2375//2974
f 2375//2974 2369//2968 2371//2970
f 2375//2974 2371//2970 2378//2977
f 2378//2977 2371//2970 2388//2987
f 2378//2977 2388//2987 2387//2986
f 2387//2986 2388//2987 2351//2947
f 2387//2986 2351//2947 2353//2949
f 2390//2989 2059//2649 2058//2648
f 2390//2989 2058//2648 2391//2990
f 2058//2648 2057//2647 2391//2990
f 2391//2990 2057//2647 2086//2676
f 2391//2990 2086//2676 2392//2991
f 2392//2991 2086//2676 2087//2677
f 2392//2991 2087//2677 2393//2992
f 2393//2992 2087//2677 2088//2678
f 2393//2992 2088//2678 2394//2993
f 2394//2993 2395//2994 2393//2992
f 2393//2992 2395//2994 2396//2995
f 2393//2992 2396//2995 2397//2996
f 2397//2996 2396//2995 2398//2997
f 2398//2997 2396//2995 2399//2998
f 2398//2997 2399//2998 2400//2999
f 2088//2678 2085//2675 2394//2993
f 2394//2993 2085//2675 2084//2674
f 2394//2993 2084//2674 2395//2994
f 2395//2994 2084//2674 2401//3000
f 2090//2680 2089//2679 2402//3001
f 2402//3001 2089//2679 2098//2688
f 2084//2674 2090//2680 2401//3000
f 2401//3000 2090//2680 2402//3001
f 2401//3000 2402//3001 2403//3002
f 2403//3002 2402//3001 2404//3003
f 2098//2688 2097//2687 2402//3001
f 2402//3001 2097//2687 2095//2685
f 2402//3001 2095//2685 2404//3003
f 2404//3003 2095//2685 2094//2684
f 2404//3003 2094//2684 2405//3004
f 2405//3004 2094//2684 2406//3005
f 2094//2684 2218//2806 2406//3005
f 2406//3005 2218//2806 2220//2808
f 2406//3005 2220//2808 2407//3006
f 2407//3006 2220//2808 2221//2810
f 2221//2810 2211//2799 2407//3006
f 2407//3006 2211//2799 2210//2798
f 2407//3006 2210//2798 2209//2797
f 2049//2639 2048//2607 2408//3007
f 2409//3008 2410//3008 2411//3009
f 2412//3010 2413//3010 2414//3011
f 2415//3012 2416//3013 2417//3014
f 2418//3015 2419//3016 2420//3017
f 2413//3010 2421//3018 2414//3011
f 2414//3011 2421//3018 2422//3019
f 2414//3011 2422//3019 2418//3015
f 2418//3015 2422//3019 2423//3020
f 2418//3015 2423//3020 2419//3016
f 2408//3007 2424//3021 2425//3022
f 2408//3007 2425//3022 2414//3011
f 2414//3011 2425//3022 2426//3023
f 2414//3011 2426//3023 2412//3010
f 2410//3008 2427//3024 2411//3009
f 2411//3009 2427//3024 2428//3025
f 2411//3009 2428//3025 2408//3007
f 2408//3007 2428//3025 2429//3026
f 2408//3007 2429//3026 2424//3021
f 2409//3008 2411//3009 2430//3027
f 2430//3027 2411//3009 2431//3028
f 2430//3027 2431//3028 2432//3029
f 2431//3028 2433//3030 2434//3031
f 2432//3029 2431//3028 2435//3032
f 2435//3032 2431//3028 2434//3031
f 2435//3032 2434//3031 2436//3033
f 2053//2643 2059//2649 2437//3034
f 2437//3034 2438//3035 2053//2643
f 2053//2643 2438//3035 2433//3030
f 2053//2643 2433//3030 2054//2644
f 2054//2644 2433//3030 2431//3028
f 2054//2644 2431//3028 2055//2645
f 2055//2645 2431//3028 2056//2646
f 2056//2646 2431//3028 2411//3009
f 2056//2646 2411//3009 2052//2642
f 2048//2607 2016//2607 2408//3007
f 2408//3007 2016//2607 2015//2606
f 2408//3007 2015//2606 2411//3009
f 2411//3009 2015//2606 2051//2641
f 2411//3009 2051//2641 2052//2642
f 2049//2639 2408//3007 2050//2640
f 2050//2640 2408//3007 2414//3011
f 2050//2640 2414//3011 2040//2631
f 2046//2637 2047//2638 2418//3015
f 2418//3015 2047//2638 2042//2633
f 2418//3015 2042//2633 2414//3011
f 2414//3011 2042//2633 2041//2632
f 2414//3011 2041//2632 2040//2631
f 2439//3036 2043//2634 2045//2636
f 2045//2636 2046//2637 2439//3036
f 2439//3036 2046//2637 2418//3015
f 2439//3036 2418//3015 2417//3014
f 2417//3014 2418//3015 2420//3017
f 2417//3014 2420//3017 2415//3012
f 2440//3037 2441//3038 2442//3039
f 2443//3040 2444//3041 2445//3042
f 2446//3043 2447//3044 2448//3045
f 2449//3046 2450//3047 2451//3048
f 2452//3049 2453//3050 2454//3051
f 2455//3052 2456//3053 2457//3054
f 2458//3055 2459//3056 2460//3057
f 2458//3055 2460//3057 2461//3058
f 2462//3059 2463//3060 2464//3061
f 2464//3061 2463//3060 2465//3062
f 2464//3061 2465//3062 2460//3057
f 2460//3057 2465//3062 2466//3063
f 2460//3057 2466//3063 2461//3058
f 2461//3058 2466//3063 2467//3064
f 2461//3058 2467//3064 2468//3065
f 2462//3059 2464//3061 2469//3066
f 2469//3066 2464//3061 2470//3067
f 2469//3066 2470//3067 2471//3068
f 2445//3042 2444//3041 2470//3067
f 2470//3067 2444//3041 2472//3069
f 2470//3067 2472//3069 2471//3068
f 2457//3054 2473//3070 2474//3071
f 2474//3071 2473//3070 2475//3072
f 2474//3071 2475//3072 2476//3073
f 2477//3074 2473//3070 2478//3075
f 2478//3075 2473//3070 2457//3054
f 2478//3075 2457//3054 2479//3076
f 2479//3076 2457//3054 2456//3053
f 2480//3077 2481//3078 2443//3040
f 2482//3079 2442//3079 2483//3079
f 2483//3080 2442//3039 2441//3038
f 2483//3080 2441//3038 2484//3081
f 2454//3051 2453//3050 2485//3082
f 2486//3083 2487//3084 2441//3038
f 2441//3038 2487//3084 2488//3081
f 2441//3038 2488//3081 2484//3081
f 2489//3085 2490//3086 2454//3051
f 2454//3051 2490//3086 2491//3049
f 2454//3051 2491//3049 2452//3049
f 2436//3033 2492//3087 2435//3032
f 2435//3032 2492//3087 2493//3088
f 2435//3032 2493//3088 2432//3029
f 2432//3029 2493//3088 2430//3027
f 2430//3027 2493//3088 2494//3089
f 2430//3027 2494//3089 2409//3008
f 2495//3090 2427//3024 2494//3089
f 2494//3089 2427//3024 2410//3008
f 2494//3089 2410//3008 2409//3008
f 2425//3022 2424//3021 2496//3091
f 2496//3091 2424//3021 2429//3026
f 2496//3091 2429//3026 2495//3090
f 2495//3090 2429//3026 2428//3025
f 2495//3090 2428//3025 2427//3024
f 2425//3022 2496//3091 2426//3023
f 2426//3023 2496//3091 2497//3092
f 2426//3023 2497//3092 2412//3010
f 2498//3093 2421//3018 2497//3092
f 2497//3092 2421//3018 2413//3010
f 2497//3092 2413//3010 2412//3010
f 2419//3016 2423//3020 2498//3093
f 2498//3093 2423//3020 2422//3019
f 2498//3093 2422//3019 2421//3018
f 2420//3017 2451//3048 2415//3012
f 2415//3012 2451//3048 2450//3047
f 2415//3012 2450//3047 2416//3013
f 2446//3043 2448//3045 2499//3094
f 2447//3044 2449//3046 2448//3045
f 2448//3045 2449//3046 2451//3048
f 2448//3045 2451//3048 2500//3095
f 2453//3050 2486//3083 2485//3082
f 2485//3082 2486//3083 2441//3038
f 2485//3082 2441//3038 2501//3096
f 2501//3096 2441//3038 2440//3037
f 2501//3096 2440//3037 2502//3097
f 2459//3056 2499//3094 2460//3057
f 2460//3057 2499//3094 2448//3045
f 2460//3057 2448//3045 2464//3061
f 2464//3061 2448//3045 2500//3095
f 2464//3061 2500//3095 2470//3067
f 2476//3073 2472//3069 2474//3071
f 2474//3071 2472//3069 2444//3041
f 2474//3071 2444//3041 2457//3054
f 2457//3054 2444//3041 2443//3040
f 2457//3054 2443//3040 2455//3052
f 2455//3052 2443//3040 2481//3078
f 2492//3087 2489//3085 2493//3088
f 2493//3088 2489//3085 2454//3051
f 2493//3088 2454//3051 2494//3089
f 2494//3089 2454//3051 2485//3082
f 2494//3089 2485//3082 2495//3090
f 2495//3090 2485//3082 2501//3096
f 2495//3090 2501//3096 2496//3091
f 2496//3091 2501//3096 2502//3097
f 2496//3091 2502//3097 2497//3092
f 2497//3092 2502//3097 2503//3098
f 2497//3092 2503//3098 2498//3093
f 2482//3079 2480//3099 2442//3079
f 2442//3039 2480//3077 2443//3040
f 2442//3039 2443//3040 2440//3037
f 2440//3037 2443//3040 2445//3042
f 2440//3037 2445//3042 2502//3097
f 2502//3097 2445//3042 2470//3067
f 2502//3097 2470//3067 2503//3098
f 2503//3098 2470//3067 2500//3095
f 2503//3098 2500//3095 2498//3093
f 2498//3093 2500//3095 2451//3048
f 2498//3093 2451//3048 2419//3016
f 2419//3016 2451//3048 2420//3017
f 2504//3100 2505//3101 2506//3102
f 2507//3103 2505//3101 2508//3104
f 2509//3105 2505//3101 2507//3103
f 2510//3106 2508//3104 2505//3101
f 2511//3107 2510//3106 2505//3101
f 2512//3108 2511//3107 2505//3101
f 2513//3109 2512//3108 2505//3101
f 2514//3110 2513//3109 2505//3101
f 2515//3111 2514//3110 2505//3101
f 2516//3112 2515//3111 2505//3101
f 2517//3113 2516//3112 2505//3101
f 2518//3114 2517//3113 2505//3101
f 2519//3115 2518//3114 2505//3101
f 2520//3116 2519//3115 2505//3101
f 2521//3117 2522//3118 2523//3119
f 1967//2541 1968//2543 2524//3120
f 2525//3121 2526//3122 2527//3123
f 2528//3124 2529//3125 2530//3126
f 2531//3127 2532//3128 2533//3129
f 2534//3130 2535//3131 2536//3132
f 2537//3133 2538//3134 2539//3135
f 2540//3136 2541//3137 2542//3138
f 2543//3139 2544//3140 2545//3141
f 2545//3141 2544//3140 2546//3142
f 2545//3141 2546//3142 2547//3143
f 2548//3144 2549//3145 2550//3146
f 2549//3145 2551//3147 2550//3146
f 2550//3146 2551//3147 2552//3148
f 2550//3146 2552//3148 2553//3149
f 2553//3149 2554//3150 2550//3146
f 2550//3146 2554//3150 2555//3151
f 2550//3146 2555//3151 2556//3152
f 2556//3152 2557//3153 2550//3146
f 2550//3146 2557//3153 2558//3154
f 2550//3146 2558//3154 2559//3155
f 2560//3156 2561//3157 2562//3158
f 2562//3158 2561//3157 2563//3159
f 2562//3158 2563//3159 2564//3160
f 2560//3156 2565//3161 2561//3157
f 2561//3157 2565//3161 2566//3162
f 2561//3157 2566//3162 2567//3163
f 2567//3163 2566//3162 2568//3164
f 2567//3163 2568//3164 2545//3141
f 2545//3141 2568//3164 2569//3165
f 2545//3141 2569//3165 2543//3139
f 2564//3160 2570//3166 2571//3167
f 2571//3167 2570//3166 2572//3168
f 2571//3167 2572//3168 2573//3169
f 2571//3167 2574//3170 2564//3160
f 2564//3160 2574//3170 2575//3171
f 2564//3160 2575//3171 2576//3172
f 2576//3172 2577//3173 2564//3160
f 2564//3160 2577//3173 2578//3174
f 2564//3160 2578//3174 2562//3158
f 2579//3175 2580//3176 2572//3168
f 2572//3168 2580//3176 2581//3177
f 2572//3168 2581//3177 2582//3178
f 2582//3178 2583//3179 2572//3168
f 2572//3168 2583//3179 2584//3180
f 2572//3168 2584//3180 2573//3169
f 2585//3181 2586//3182 2587//3183
f 2587//3183 2586//3182 2588//3184
f 2587//3183 2588//3184 2589//3185
f 2589//3185 2588//3184 2590//3186
f 2589//3185 2590//3186 2579//3175
f 2579//3175 2590//3186 2591//3187
f 2579//3175 2591//3187 2580//3176
f 2592//3188 2002//2591 2009//2600
f 2592//3188 2009//2600 2593//3189
f 2592//3188 2594//3190 2595//3191
f 2002//2591 2592//3188 2003//2592
f 2003//2592 2592//3188 2595//3191
f 2003//2592 2595//3191 2004//2594
f 2596//3192 2597//3193 2504//3100
f 2504//3100 2597//3193 2505//3101
f 2509//3105 2506//3102 2505//3101
f 2598//3194 2599//3195 2600//3196
f 2600//3196 2599//3195 2601//3197
f 2602//3198 2603//3199 2604//3200
f 2605//3201 2606//3202 2602//3198
f 2602//3198 2606//3202 2603//3199
f 2607//3203 2608//3204 2609//3205
f 2609//3205 2608//3204 2610//3206
f 2611//3207 2605//3201 2612//3208
f 2612//3208 2605//3201 2609//3205
f 2612//3208 2609//3205 2613//3209
f 2613//3209 2609//3205 2610//3206
f 2614//3210 2615//3211 2609//3205
f 2609//3205 2615//3211 2616//3203
f 2609//3205 2616//3203 2607//3203
f 2617//3212 2618//3213 2619//3214
f 2619//3214 2618//3213 2620//3215
f 2619//3214 2620//3215 2621//3216
f 2622//3217 2623//3218 2542//3138
f 2542//3138 2623//3218 2624//3219
f 2542//3138 2624//3219 2540//3136
f 2539//3135 2625//3220 2626//3221
f 2537//3133 2539//3135 2627//3222
f 2627//3222 2539//3135 2626//3221
f 2627//3222 2626//3221 2628//3223
f 2625//3220 2629//3224 2630//3224
f 2630//3224 2631//3225 2625//3220
f 2625//3220 2631//3225 2632//3226
f 2625//3220 2632//3226 2626//3221
f 2626//3221 2632//3226 2633//3227
f 2626//3221 2633//3227 2628//3223
f 2634//3228 2635//3229 2636//3230
f 2559//3155 2558//3154 2637//3231
f 2637//3231 2558//3154 2638//3232
f 2637//3231 2638//3232 2639//3233
f 2639//3233 2640//3234 2637//3231
f 2637//3231 2640//3234 2641//3235
f 2637//3231 2641//3235 2642//3236
f 2643//3237 2644//3238 2645//3239
f 2645//3239 2644//3238 2646//3240
f 2647//3241 2648//3242 2528//3124
f 2528//3124 2648//3242 2649//3243
f 2528//3124 2649//3243 2529//3125
f 2529//3125 2649//3243 2650//3244
f 2529//3125 2650//3244 2651//3245
f 2643//3237 2645//3239 2652//3246
f 2652//3246 2645//3239 2653//3247
f 2652//3246 2653//3247 2654//3248
f 2535//3131 2647//3241 2536//3132
f 2536//3132 2647//3241 2528//3124
f 2536//3132 2528//3124 2655//3249
f 2655//3249 2528//3124 2530//3126
f 2655//3249 2530//3126 2656//3250
f 2657//3251 2654//3248 2658//3252
f 2658//3252 2654//3248 2653//3247
f 2658//3252 2653//3247 2593//3189
f 2593//3189 2653//3247 2645//3239
f 2593//3189 2645//3239 2592//3188
f 2592//3188 2645//3239 2646//3240
f 2592//3188 2646//3240 2594//3190
f 2527//3123 2526//3122 2659//3253
f 2659//3253 2526//3122 2660//3254
f 2659//3253 2660//3254 2661//3255
f 2661//3255 2660//3254 2662//3256
f 2662//3256 2660//3254 1950//2485
f 2662//3256 1950//2485 1951//2489
f 2008//2599 2007//2597 2525//3121
f 2525//3121 2007//2597 2006//2596
f 2525//3121 2006//2596 2526//3122
f 2526//3122 2006//2596 2011//2602
f 2526//3122 2011//2602 2660//3254
f 2660//3254 2011//2602 2010//2601
f 2660//3254 2010//2601 1950//2485
f 2663//3257 2656//3250 2657//3251
f 2657//3251 2656//3250 2530//3126
f 2657//3251 2530//3126 2654//3248
f 2654//3248 2530//3126 2529//3125
f 2654//3248 2529//3125 2652//3246
f 2652//3246 2529//3125 2651//3245
f 2652//3246 2651//3245 2643//3237
f 2009//2600 2008//2599 2593//3189
f 2593//3189 2008//2599 2525//3121
f 2593//3189 2525//3121 2658//3252
f 2658//3252 2525//3121 2527//3123
f 2658//3252 2527//3123 2657//3251
f 2657//3251 2527//3123 2659//3253
f 2657//3251 2659//3253 2663//3257
f 2663//3257 2659//3253 2661//3255
f 2663//3257 2661//3255 2664//3258
f 2664//3258 2661//3255 2662//3256
f 2664//3258 2662//3256 2665//3259
f 2665//3259 2662//3256 1951//2489
f 2665//3259 1951//2489 1952//2491
f 2532//3128 2534//3130 2533//3129
f 2533//3129 2534//3130 2536//3132
f 2533//3129 2536//3132 2666//3260
f 2666//3260 2536//3132 2655//3249
f 2666//3260 2655//3249 2667//3261
f 2667//3261 2655//3249 2656//3250
f 2667//3261 2656//3250 2668//3262
f 2668//3262 2656//3250 2663//3257
f 2668//3262 2663//3257 2669//3263
f 2669//3263 2663//3257 2664//3258
f 2669//3263 2664//3258 2670//3264
f 2670//3264 2664//3258 2665//3259
f 2670//3264 2665//3259 2671//3265
f 2671//3265 2665//3259 1952//2491
f 2671//3265 1952//2491 1953//2492
f 2672//3266 1954//2494 1955//2495
f 2673//3267 2674//3268 2675//3269
f 2675//3269 2674//3268 2672//3266
f 2675//3269 2672//3266 2676//3270
f 2676//3270 2672//3266 1955//2495
f 2676//3270 1955//2495 1956//2497
f 2677//3271 2531//3127 2678//3272
f 2678//3272 2531//3127 2533//3129
f 2678//3272 2533//3129 2679//3273
f 2679//3273 2533//3129 2666//3260
f 2679//3273 2666//3260 2680//3274
f 2680//3274 2666//3260 2667//3261
f 2680//3274 2667//3261 2681//3275
f 2681//3275 2667//3261 2668//3262
f 2681//3275 2668//3262 2682//3276
f 2682//3276 2668//3262 2669//3263
f 2682//3276 2669//3263 2673//3267
f 2673//3267 2669//3263 2670//3264
f 2673//3267 2670//3264 2674//3268
f 2674//3268 2670//3264 2671//3265
f 2674//3268 2671//3265 2672//3266
f 2672//3266 2671//3265 1953//2492
f 2672//3266 1953//2492 1954//2494
f 2683//3277 1945//2467 1944//2466
f 2684//3278 2685//3279 2686//3280
f 2686//3280 2685//3279 2683//3277
f 2686//3280 2683//3277 2687//3281
f 2687//3281 2683//3277 1944//2466
f 2687//3281 1944//2466 2014//2605
f 2688//3282 2678//3272 2689//3283
f 2689//3283 2678//3272 2679//3273
f 2689//3283 2679//3273 2690//3284
f 2690//3284 2679//3273 2680//3274
f 2690//3284 2680//3274 2691//3285
f 2691//3285 2680//3274 2681//3275
f 2691//3285 2681//3275 2692//3286
f 2692//3286 2681//3275 2682//3276
f 2692//3286 2682//3276 2693//3287
f 2693//3287 2682//3276 2673//3267
f 2693//3287 2673//3267 2684//3278
f 2684//3278 2673//3267 2675//3269
f 2684//3278 2675//3269 2685//3279
f 2685//3279 2675//3269 2676//3270
f 2685//3279 2676//3270 2683//3277
f 2683//3277 2676//3270 1956//2497
f 2683//3277 1956//2497 1945//2467
f 2694//3288 2695//3289 2696//3290
f 2696//3290 2695//3289 2697//3291
f 2696//3290 2697//3291 2698//3292
f 2699//3293 2700//3294 2701//3295
f 2701//3295 2700//3294 2524//3120
f 2701//3295 2524//3120 2702//3296
f 2702//3296 2524//3120 1968//2543
f 2702//3296 1968//2543 2703//3297
f 2014//2605 2013//2604 2697//3291
f 2697//3291 2013//2604 2012//2603
f 2697//3291 2012//2603 2698//3292
f 2698//3292 2012//2603 1966//2539
f 2698//3292 1966//2539 1967//2541
f 2704//3298 2705//3299 2706//3300
f 2703//3301 2704//3301 2702//3301
f 2702//3296 2704//3298 2706//3300
f 2702//3296 2706//3300 2701//3295
f 2701//3295 2706//3300 2522//3118
f 2701//3295 2522//3118 2699//3293
f 2699//3293 2522//3118 2521//3117
f 2707//3302 2708//3303 2709//3304
f 2709//3304 2708//3303 2710//3305
f 2709//3304 2710//3305 2711//3306
f 2705//3299 2712//3307 2706//3300
f 2706//3300 2712//3307 2711//3306
f 2706//3300 2711//3306 2522//3118
f 2522//3118 2711//3306 2710//3305
f 2522//3118 2710//3305 2523//3119
f 2523//3119 2710//3305 2708//3303
f 2713//3308 2714//3309 2715//3310
f 2715//3310 2714//3309 2716//3311
f 2715//3310 2716//3311 2717//3312
f 2716//3311 2718//3313 2717//3312
f 2717//3312 2718//3313 2719//3314
f 2717//3312 2719//3314 2720//3315
f 2712//3307 2721//3316 2711//3306
f 2711//3306 2721//3317 1976//3318
f 2711//3306 1976//3318 2709//3304
f 2709//3304 1976//3318 2722//3319
f 2709//3304 2722//3319 2707//3302
f 2707//3302 2722//3319 2723//3320
f 2707//3302 2723//3320 2724//3321
f 2724//3321 2723//3320 2725//3322
f 2724//3321 2725//3322 2726//3323
f 2726//3323 2725//3322 2727//3324
f 2726//3323 2727//3324 2550//3146
f 2550//3146 2727//3324 2545//3141
f 2550//3146 2545//3141 2548//3144
f 2548//3144 2545//3141 2547//3143
f 2719//3314 2728//3325 2720//3315
f 2720//3315 2728//3325 2729//3326
f 2720//3315 2729//3326 2730//3327
f 2730//3327 2729//3326 2731//3328
f 2730//3327 2731//3328 2539//3135
f 2539//3135 2731//3328 2636//3230
f 2539//3135 2636//3230 2625//3220
f 2625//3220 2636//3230 2635//3229
f 2625//3220 2635//3229 2629//3224
f 2641//3235 2634//3228 2642//3236
f 2642//3236 2634//3228 2636//3230
f 2642//3236 2636//3230 2637//3231
f 2637//3231 2636//3230 2731//3328
f 2637//3231 2731//3328 2559//3155
f 2559//3155 2731//3328 2729//3326
f 2559//3155 2729//3326 2550//3146
f 2550//3146 2729//3326 2728//3325
f 2550//3146 2728//3325 2726//3323
f 2726//3323 2728//3325 2719//3314
f 2726//3323 2719//3314 2724//3321
f 2724//3321 2719//3314 2718//3313
f 2724//3321 2718//3313 2707//3302
f 2707//3302 2718//3313 2716//3311
f 2707//3302 2716//3311 2708//3303
f 2708//3303 2716//3311 2714//3309
f 2708//3303 2714//3309 2523//3119
f 2523//3119 2714//3309 2713//3308
f 2523//3119 2713//3308 2521//3117
f 2732//3329 2699//3293 2733//3330
f 2733//3330 2699//3293 2521//3117
f 2733//3330 2521//3117 2734//3331
f 2734//3331 2521//3117 2713//3308
f 2734//3331 2713//3308 2735//3332
f 2735//3332 2713//3308 2715//3310
f 2735//3332 2715//3310 2736//3333
f 2736//3333 2715//3310 2717//3312
f 2736//3333 2717//3312 2737//3334
f 2737//3334 2717//3312 2720//3315
f 2737//3334 2720//3315 2738//3335
f 2738//3335 2720//3315 2730//3327
f 2738//3335 2730//3327 2739//3336
f 2739//3336 2730//3327 2539//3135
f 2739//3336 2539//3135 2622//3217
f 2622//3217 2539//3135 2538//3134
f 2622//3217 2538//3134 2623//3218
f 2740//3337 2732//3329 2741//3338
f 2741//3338 2732//3329 2733//3330
f 2741//3338 2733//3330 2742//3339
f 2742//3339 2733//3330 2734//3331
f 2742//3339 2734//3331 2743//3340
f 2743//3340 2734//3331 2735//3332
f 2743//3340 2735//3332 2744//3341
f 2744//3341 2735//3332 2736//3333
f 2744//3341 2736//3333 2745//3342
f 2745//3342 2736//3333 2737//3334
f 2745//3342 2737//3334 2746//3343
f 2746//3343 2737//3334 2738//3335
f 2746//3343 2738//3335 2747//3344
f 2747//3344 2738//3335 2739//3336
f 2747//3344 2739//3336 2748//3345
f 2748//3345 2739//3336 2622//3217
f 2748//3345 2622//3217 2749//3346
f 2749//3346 2622//3217 2542//3138
f 2749//3346 2542//3138 2619//3214
f 2619//3214 2542//3138 2541//3137
f 2619//3214 2541//3137 2617//3212
f 2750//3347 2740//3337 2751//3348
f 2751//3348 2740//3337 2741//3338
f 2751//3348 2741//3338 2752//3349
f 2752//3349 2741//3338 2742//3339
f 2752//3349 2742//3339 2753//3350
f 2753//3350 2742//3339 2743//3340
f 2753//3350 2743//3340 2754//3351
f 2754//3351 2743//3340 2744//3341
f 2754//3351 2744//3341 2755//3352
f 2755//3352 2744//3341 2745//3342
f 2755//3352 2745//3342 2756//3353
f 2756//3353 2745//3342 2746//3343
f 2756//3353 2746//3343 2757//3354
f 2757//3354 2746//3343 2747//3344
f 2757//3354 2747//3344 2758//3355
f 2758//3355 2747//3344 2748//3345
f 2758//3355 2748//3345 2759//3356
f 2759//3356 2748//3345 2749//3346
f 2759//3356 2749//3346 2760//3357
f 2760//3357 2749//3346 2619//3214
f 2760//3357 2619//3214 2614//3210
f 2614//3210 2619//3214 2621//3216
f 2614//3210 2621//3216 2615//3211
f 2761//3358 2750//3347 2762//3359
f 2762//3359 2750//3347 2751//3348
f 2762//3359 2751//3348 2763//3360
f 2763//3360 2751//3348 2752//3349
f 2763//3360 2752//3349 2764//3361
f 2764//3361 2752//3349 2753//3350
f 2764//3361 2753//3350 2765//3362
f 2765//3362 2753//3350 2754//3351
f 2765//3362 2754//3351 2766//3363
f 2766//3363 2754//3351 2755//3352
f 2766//3363 2755//3352 2767//3364
f 2767//3364 2755//3352 2756//3353
f 2767//3364 2756//3353 2768//3365
f 2768//3365 2756//3353 2757//3354
f 2768//3365 2757//3354 2769//3366
f 2769//3366 2757//3354 2758//3355
f 2769//3366 2758//3355 2770//3367
f 2770//3367 2758//3355 2759//3356
f 2770//3367 2759//3356 2771//3368
f 2771//3368 2759//3356 2760//3357
f 2771//3368 2760//3357 2772//3369
f 2772//3369 2760//3357 2614//3210
f 2772//3369 2614//3210 2773//3370
f 2773//3370 2614//3210 2609//3205
f 2773//3370 2609//3205 2602//3198
f 2602//3198 2609//3205 2605//3201
f 2520//3116 2774//3371 2519//3115
f 2519//3115 2774//3371 2775//3372
f 2519//3115 2775//3372 2518//3114
f 2518//3114 2775//3372 2776//3373
f 2518//3114 2776//3373 2517//3113
f 2517//3113 2776//3373 2777//3374
f 2517//3113 2777//3374 2516//3112
f 2516//3112 2777//3374 2778//3375
f 2516//3112 2778//3375 2515//3111
f 2515//3111 2778//3375 2779//3376
f 2515//3111 2779//3376 2514//3110
f 2514//3110 2779//3376 2780//3377
f 2514//3110 2780//3377 2513//3109
f 2513//3109 2780//3377 2781//3378
f 2513//3109 2781//3378 2512//3108
f 2512//3108 2781//3378 2782//3379
f 2512//3108 2782//3379 2511//3107
f 2511//3107 2782//3379 2783//3380
f 2511//3107 2783//3380 2510//3106
f 2510//3106 2783//3380 2784//3381
f 2510//3106 2784//3381 2508//3104
f 2508//3104 2784//3381 2785//3382
f 2508//3104 2785//3382 2507//3103
f 2507//3103 2785//3382 2786//3383
f 2507//3103 2786//3383 2509//3105
f 2509//3105 2786//3383 2787//3384
f 2509//3105 2787//3384 2506//3102
f 2506//3102 2787//3384 2599//3195
f 2506//3102 2599//3195 2504//3100
f 2504//3100 2599//3195 2598//3194
f 2504//3100 2598//3194 2596//3192
f 2774//3371 2761//3358 2775//3372
f 2775//3372 2761//3358 2762//3359
f 2775//3372 2762//3359 2776//3373
f 2776//3373 2762//3359 2763//3360
f 2776//3373 2763//3360 2777//3374
f 2777//3374 2763//3360 2764//3361
f 2777//3374 2764//3361 2778//3375
f 2778//3375 2764//3361 2765//3362
f 2778//3375 2765//3362 2779//3376
f 2779//3376 2765//3362 2766//3363
f 2779//3376 2766//3363 2780//3377
f 2780//3377 2766//3363 2767//3364
f 2780//3377 2767//3364 2781//3378
f 2781//3378 2767//3364 2768//3365
f 2781//3378 2768//3365 2782//3379
f 2782//3379 2768//3365 2769//3366
f 2782//3379 2769//3366 2783//3380
f 2783//3380 2769//3366 2770//3367
f 2783//3380 2770//3367 2784//3381
f 2784//3381 2770//3367 2771//3368
f 2784//3381 2771//3368 2785//3382
f 2785//3382 2771//3368 2772//3369
f 2785//3382 2772//3369 2786//3383
f 2786//3383 2772//3369 2773//3370
f 2786//3383 2773//3370 2787//3384
f 2787//3384 2773//3370 2602//3198
f 2787//3384 2602//3198 2599//3195
f 2599//3195 2602//3198 2604//3200
f 2599//3195 2604//3200 2601//3197
f 2505//3101 2788//3385 2688//3282
f 2688//3282 2788//3385 2789//3386
f 2688//3282 2789//3386 2678//3272
f 2678//3272 2789//3386 2790//3387
f 2678//3272 2790//3387 2677//3271
f 2014//2605 2697//3291 2687//3281
f 2687//3281 2697//3291 2695//3289
f 2687//3281 2695//3289 2686//3280
f 2686//3280 2695//3289 2694//3288
f 2686//3280 2694//3288 2684//3278
f 2684//3278 2694//3288 2791//3388
f 2684//3278 2791//3388 2693//3287
f 2693//3287 2791//3388 2792//3389
f 2693//3287 2792//3389 2692//3286
f 2692//3286 2792//3389 2793//3390
f 2692//3286 2793//3390 2691//3285
f 2691//3285 2793//3390 2794//3391
f 2691//3285 2794//3391 2690//3284
f 2690//3284 2794//3391 2795//3392
f 2690//3284 2795//3392 2689//3283
f 2689//3283 2795//3392 2796//3393
f 2689//3283 2796//3393 2688//3282
f 2688//3282 2796//3393 2505//3101
f 1967//2541 2524//3120 2698//3292
f 2698//3292 2524//3120 2700//3294
f 2698//3292 2700//3294 2696//3290
f 2696//3290 2700//3294 2699//3293
f 2696//3290 2699//3293 2694//3288
f 2694//3288 2699//3293 2732//3329
f 2694//3288 2732//3329 2791//3388
f 2791//3388 2732//3329 2740//3337
f 2791//3388 2740//3337 2792//3389
f 2792//3389 2740//3337 2750//3347
f 2792//3389 2750//3347 2793//3390
f 2793//3390 2750//3347 2761//3358
f 2793//3390 2761//3358 2794//3391
f 2794//3391 2761//3358 2774//3371
f 2794//3391 2774//3371 2795//3392
f 2795//3392 2774//3371 2520//3116
f 2795//3392 2520//3116 2796//3393
f 2796//3393 2520//3116 2505//3101
f 2797//3394 2505//3101 2798//3395
f 2799//3396 2505//3101 2800//3397
f 2801//3398 2802//3399 2803//3400
f 2803//3400 2802//3399 2804//3401
f 2001//2590 2000//2589 2805//3402
f 2806//3403 2807//3404 2808//3405
f 2809//3406 2810//3407 2811//3408
f 2812//3409 1948//2472 1963//2537
f 2813//3410 2814//3411 2815//3412
f 2816//3413 2817//3414 2818//3415
f 2605//3201 2611//3207 2819//3416
f 2820//3417 2821//3418 2822//3419
f 2823//3420 2824//3421 2825//3422
f 2004//2594 2595//3191 2005//2595
f 2005//2595 2595//3191 2826//3423
f 2827//3424 2828//3424 2829//3425
f 2829//3426 2828//3427 2830//3428
f 2829//3426 2830//3428 2831//3429
f 2831//3429 2830//3428 2585//3181
f 2831//3429 2585//3181 2587//3183
f 2832//3430 2833//3431 2834//3432
f 2832//3430 2834//3432 2835//3433
f 2835//3433 2834//3432 2836//3434
f 2835//3433 2836//3434 1978//3435
f 2836//3434 2837//3436 1978//3435
f 1978//3437 2837//3438 2838//3439
f 1978//3437 2838//3439 2839//3440
f 2839//3440 2838//3439 2840//3441
f 2839//3440 2840//3441 2829//3425
f 2829//3425 2840//3441 2841//3442
f 2829//3425 2841//3442 2827//3424
f 2833//3431 2832//3430 2842//3443
f 2842//3443 2832//3430 1983//2566
f 2842//3443 1983//2566 2468//3065
f 1987//2571 2449//3046 1986//2569
f 1986//2569 2449//3046 2447//3044
f 2447//3044 2446//3043 1986//2569
f 1986//2569 2446//3043 2499//3094
f 1986//2569 2499//3094 1980//2563
f 1980//2563 2499//3094 2459//3056
f 1980//2563 2459//3056 2458//3444
f 2468//3065 1983//2566 2461//3058
f 2461//3058 1983//2566 1982//2565
f 2461//3445 1982//2565 2458//3444
f 2458//3444 1982//2565 1981//2564
f 2458//3444 1981//2564 1980//2563
f 2439//3036 1989//2574 2043//2634
f 2043//3446 1989//3447 1988//3448
f 2043//3446 1988//3448 2044//3449
f 2439//3036 2417//3014 1989//2574
f 1989//2574 2417//3014 2416//3013
f 1989//2574 2416//3013 1987//2571
f 1987//2571 2416//3013 2450//3047
f 1987//2571 2450//3047 2449//3046
f 1991//2576 2073//2663 2071//2661
f 1991//2576 2071//2661 1992//2577
f 1992//2577 2071//2661 2070//2660
f 1992//2577 2070//2660 2075//2665
f 2075//2665 2077//2667 1992//2577
f 1992//2577 2077//2667 2038//2629
f 1992//3450 2038//3451 1988//3448
f 1988//3448 2038//3451 2037//3449
f 1988//3448 2037//3449 2044//3449
f 2368//2967 2367//2967 2843//3452
f 2368//2967 2843//3452 2346//2942
f 2367//2967 2366//2966 2843//3452
f 2843//3452 2366//2966 2348//2944
f 2843//3452 2348//2944 2347//2943
f 2347//2943 2389//2988 1990//2575
f 1990//2575 2389//2988 2370//2969
f 2370//2969 2369//2968 1990//2575
f 1990//2575 2369//2968 2376//2975
f 1990//2575 2376//2975 2377//2976
f 2377//2976 2068//2658 1990//2575
f 1990//2575 2068//2658 2067//2657
f 1990//2575 2067//2657 2112//2700
f 2112//2700 2065//2655 1990//2575
f 1990//2575 2065//2655 2064//2654
f 1990//2575 2064//2654 1991//2576
f 1991//2576 2064//2654 2074//2664
f 1991//2576 2074//2664 2073//2663
f 2302//2895 2305//2898 2843//3452
f 2300//2893 2303//2896 2844//3453
f 2844//3453 2303//2896 2302//2895
f 2305//2898 2304//2897 2843//3452
f 2843//3452 2304//2897 2344//2940
f 2843//3452 2344//2940 2346//2942
f 2276//2866 2275//2865 2845//3454
f 2275//2865 2273//2863 2844//3453
f 2844//3453 2273//2863 2272//2863
f 2844//3453 2272//2863 2300//2893
f 2814//3411 2188//2776 2815//3412
f 2815//3412 2188//2776 2135//2723
f 2815//3412 2135//2723 2137//2725
f 2137//2725 2138//2726 2815//3412
f 2815//3412 2138//2726 2298//2892
f 2815//3412 2298//2892 2845//3454
f 2845//3454 2298//2892 2299//2866
f 2845//3454 2299//2866 2276//2866
f 2179//2767 2181//2769 2846//3455
f 2846//3455 2181//2769 2187//2775
f 2813//3410 2186//2774 2184//2772
f 2184//2772 2191//2779 2813//3410
f 2813//3410 2191//2779 2190//2778
f 2813//3410 2190//2778 2814//3411
f 2814//3411 2190//2778 2189//2777
f 2814//3411 2189//2777 2188//2776
f 2846//3455 2847//3456 2178//2766
f 2178//2766 2176//2764 2846//3455
f 2846//3455 2176//2764 2175//2763
f 2846//3455 2175//2763 2179//2767
f 2818//3415 2817//3414 2848//3457
f 2848//3457 2849//3458 2818//3415
f 2818//3415 2849//3458 2850//3459
f 2818//3415 2850//3459 2851//3460
f 2852//3461 2853//3462 2817//3414
f 2817//3414 2853//3462 2854//3463
f 2854//3463 2855//3464 2817//3414
f 2817//3414 2855//3464 2856//3465
f 2817//3414 2856//3465 2848//3457
f 2857//3466 2858//3467 2859//3468
f 2858//3467 2860//3469 2859//3468
f 2859//3468 2860//3469 2861//3470
f 2859//3468 2861//3470 2862//3471
f 2862//3471 2861//3470 2863//3472
f 2606//3202 2864//3473 2865//3474
f 2820//3417 2822//3419 2865//3474
f 2865//3474 2822//3419 2603//3199
f 2865//3474 2603//3199 2606//3202
f 2864//3473 2606//3202 2819//3416
f 2819//3416 2606//3202 2605//3201
f 2600//3196 2601//3197 2866//3475
f 2866//3475 2601//3197 2604//3200
f 2866//3475 2604//3200 2822//3419
f 2822//3419 2604//3200 2603//3199
f 2505//3101 2597//3193 2867//3476
f 2867//3476 2597//3193 2596//3192
f 2867//3476 2596//3192 2866//3475
f 2866//3475 2596//3192 2598//3194
f 2866//3475 2598//3194 2600//3196
f 2863//3472 2852//3461 2862//3471
f 2862//3471 2852//3461 2817//3414
f 2862//3471 2817//3414 2859//3468
f 2859//3468 2817//3414 2816//3413
f 2859//3468 2816//3413 2868//3477
f 2851//3460 2825//3422 2818//3415
f 2818//3415 2825//3422 2824//3421
f 2818//3415 2824//3421 2846//3455
f 2846//3455 2824//3421 2823//3420
f 2846//3455 2823//3420 2847//3456
f 2869//3478 2868//3477 2870//3479
f 2870//3479 2868//3477 2816//3413
f 2870//3479 2816//3413 2871//3480
f 2871//3480 2816//3413 2818//3415
f 2871//3480 2818//3415 2872//3481
f 2872//3481 2818//3415 2846//3455
f 2872//3481 2846//3455 2813//3410
f 2813//3410 2846//3455 2187//2775
f 2813//3410 2187//2775 2186//2774
f 2873//3482 2874//3483 2875//3484
f 2843//3452 2876//3485 2877//3486
f 2275//2865 2844//3453 2845//3454
f 2845//3454 2844//3453 2878//3487
f 2845//3454 2878//3487 2815//3412
f 2347//2943 1990//2575 2843//3452
f 2843//3452 1990//2575 1947//2470
f 2843//3452 1947//2470 2876//3485
f 2876//3485 1947//2470 1946//2469
f 2876//3485 1946//2469 2879//3488
f 2879//3488 1946//2469 1993//2578
f 2879//3488 1993//2578 1949//2473
f 2877//3486 2876//3485 2880//3489
f 2880//3489 2876//3485 2879//3488
f 2880//3489 2879//3488 2812//3409
f 2812//3409 2879//3488 1949//2473
f 2812//3409 1949//2473 1948//2472
f 2881//3490 2882//3491 2883//3492
f 2883//3492 2882//3491 2884//3493
f 2302//2895 2843//3452 2844//3453
f 2844//3453 2843//3452 2877//3486
f 2844//3453 2877//3486 2878//3487
f 2878//3487 2877//3486 2880//3489
f 2878//3487 2880//3489 2885//3494
f 2885//3494 2880//3489 2812//3409
f 2885//3494 2812//3409 2886//3495
f 2886//3495 2812//3409 1963//2537
f 2886//3495 1963//2537 1961//2527
f 2505//3101 2869//3478 2887//3496
f 2887//3496 2869//3478 2870//3479
f 2887//3496 2870//3479 2888//3497
f 2888//3497 2870//3479 2871//3480
f 2888//3497 2871//3480 2889//3498
f 2889//3498 2871//3480 2872//3481
f 2889//3498 2872//3481 2890//3499
f 2890//3499 2872//3481 2813//3410
f 2890//3499 2813//3410 2891//3500
f 2891//3500 2813//3410 2815//3412
f 2891//3500 2815//3412 2892//3501
f 2892//3501 2815//3412 2878//3487
f 2892//3501 2878//3487 2893//3502
f 2893//3502 2878//3487 2885//3494
f 2893//3502 2885//3494 2884//3493
f 2884//3493 2885//3494 2886//3495
f 2884//3493 2886//3495 2883//3492
f 2883//3492 2886//3495 1961//2527
f 2799//3396 2800//3397 2811//3408
f 1959//2515 2881//3490 1960//2517
f 1960//2517 2881//3490 2883//3492
f 1960//2517 2883//3492 1962//2529
f 1962//2529 2883//3492 1961//2527
f 2811//3408 2810//3407 2799//3396
f 2799//3396 2810//3407 2894//3503
f 2799//3396 2894//3503 2505//3101
f 2895//3504 2505//3101 2894//3503
f 2874//3483 2873//3482 2896//3505
f 2896//3505 2873//3482 2897//3506
f 2896//3505 2897//3506 2898//3507
f 2898//3507 2897//3506 2899//3508
f 2898//3507 2899//3508 2900//3509
f 2900//3509 2899//3508 2901//3510
f 2900//3509 2901//3510 2902//3511
f 2902//3511 2901//3510 2903//3512
f 2902//3511 2903//3512 2904//3513
f 2904//3513 2903//3512 2905//3514
f 2904//3513 2905//3514 2906//3515
f 2906//3515 2905//3514 2907//3516
f 2906//3515 2907//3516 2908//3517
f 2895//3504 2894//3503 2909//3518
f 2909//3518 2894//3503 2810//3407
f 2909//3518 2810//3407 2910//3519
f 2910//3519 2810//3407 2809//3406
f 2910//3519 2809//3406 2911//3520
f 2912//3521 2505//3101 2895//3504
f 2908//3517 2913//3522 2906//3515
f 2906//3515 2913//3522 2914//3523
f 2906//3515 2914//3523 2904//3513
f 2904//3513 2914//3523 2915//3524
f 2904//3513 2915//3524 2902//3511
f 2902//3511 2915//3524 2916//3525
f 2902//3511 2916//3525 2900//3509
f 2900//3509 2916//3525 2917//3526
f 2900//3509 2917//3526 2898//3507
f 2898//3507 2917//3526 2918//3527
f 2898//3507 2918//3527 2896//3505
f 2896//3505 2918//3527 2919//3528
f 2896//3505 2919//3528 2874//3483
f 2874//3483 2919//3528 2505//3101
f 2912//3521 2895//3504 2920//3529
f 2920//3529 2895//3504 2909//3518
f 2920//3529 2909//3518 2921//3530
f 2921//3530 2909//3518 2910//3519
f 2921//3530 2910//3519 2922//3531
f 2922//3531 2910//3519 2911//3520
f 2922//3531 2911//3520 2923//3532
f 2924//3533 2505//3101 2912//3521
f 2505//3101 2919//3528 2925//3534
f 2925//3534 2919//3528 2918//3527
f 2925//3534 2918//3527 2926//3535
f 2926//3535 2918//3527 2917//3526
f 2926//3535 2917//3526 2927//3536
f 2927//3536 2917//3526 2916//3525
f 2927//3536 2916//3525 2928//3537
f 2928//3537 2916//3525 2915//3524
f 2928//3537 2915//3524 2929//3538
f 2929//3538 2915//3524 2914//3523
f 2929//3538 2914//3523 2930//3539
f 2930//3539 2914//3523 2913//3522
f 2930//3539 2913//3522 2931//3540
f 2875//3484 2874//3483 2505//3101
f 2908//3517 2932//3541 2913//3522
f 2913//3522 2932//3541 2933//3542
f 2913//3522 2933//3542 2931//3540
f 2931//3540 2933//3542 2934//3543
f 2931//3540 2934//3543 2935//3544
f 2505//3101 2936//3545 2875//3484
f 2875//3484 2936//3545 2937//3546
f 2875//3484 2937//3546 2873//3482
f 2873//3482 2937//3546 2938//3547
f 2873//3482 2938//3547 2897//3506
f 2897//3506 2938//3547 2939//3548
f 2897//3506 2939//3548 2899//3508
f 2899//3508 2939//3548 2940//3549
f 2899//3508 2940//3549 2901//3510
f 2901//3510 2940//3549 2941//3550
f 2901//3510 2941//3550 2903//3512
f 2903//3512 2941//3550 2942//3551
f 2903//3512 2942//3551 2905//3514
f 2905//3514 2942//3551 2943//3552
f 2905//3514 2943//3552 2907//3516
f 2907//3516 2943//3552 2944//3553
f 2907//3516 2944//3553 2908//3517
f 2908//3517 2944//3553 2945//3554
f 2908//3517 2945//3554 2932//3541
f 2932//3541 2945//3554 2946//3555
f 2932//3541 2946//3555 2933//3542
f 2933//3542 2946//3555 2947//3556
f 2933//3542 2947//3556 2934//3543
f 2934//3543 2947//3556 2948//3557
f 2934//3543 2948//3557 2935//3544
f 2935//3544 2948//3557 2949//3558
f 1995//2581 2949//3558 1994//2579
f 1994//2579 2949//3558 2948//3557
f 1994//2579 2948//3557 1957//2513
f 1957//2513 2948//3557 2947//3556
f 1957//2513 2947//3556 1958//2514
f 1958//2514 2947//3556 2946//3555
f 1958//2514 2946//3555 1959//2515
f 1959//2515 2946//3555 2945//3554
f 1959//2515 2945//3554 2881//3490
f 2881//3490 2945//3554 2944//3553
f 2881//3490 2944//3553 2882//3491
f 2882//3491 2944//3553 2943//3552
f 2882//3491 2943//3552 2884//3493
f 2884//3493 2943//3552 2942//3551
f 2884//3493 2942//3551 2893//3502
f 2893//3502 2942//3551 2941//3550
f 2893//3502 2941//3550 2892//3501
f 2892//3501 2941//3550 2940//3549
f 2892//3501 2940//3549 2891//3500
f 2891//3500 2940//3549 2939//3548
f 2891//3500 2939//3548 2890//3499
f 2890//3499 2939//3548 2938//3547
f 2890//3499 2938//3547 2889//3498
f 2889//3498 2938//3547 2937//3546
f 2889//3498 2937//3546 2888//3497
f 2888//3497 2937//3546 2936//3545
f 2888//3497 2936//3545 2887//3496
f 2887//3496 2936//3545 2505//3101
f 2821//3418 2857//3466 2822//3419
f 2822//3419 2857//3466 2859//3468
f 2822//3419 2859//3468 2866//3475
f 2866//3475 2859//3468 2868//3477
f 2866//3475 2868//3477 2867//3476
f 2867//3476 2868//3477 2869//3478
f 2867//3476 2869//3478 2505//3101
f 2924//3533 2912//3521 2950//3559
f 2950//3559 2912//3521 2920//3529
f 2950//3559 2920//3529 2951//3560
f 2951//3560 2920//3529 2921//3530
f 2951//3560 2921//3530 2952//3561
f 2952//3561 2921//3530 2922//3531
f 2952//3561 2922//3531 2953//3562
f 2953//3562 2922//3531 2923//3532
f 2953//3562 2923//3532 2954//3563
f 2955//3564 2505//3101 2924//3533
f 1995//2581 2956//3565 2949//3558
f 2949//3558 2956//3565 2957//3566
f 2949//3558 2957//3566 2935//3544
f 2935//3544 2957//3566 2958//3567
f 2935//3544 2958//3567 2931//3540
f 2931//3540 2958//3567 2959//3568
f 2931//3540 2959//3568 2930//3539
f 2930//3539 2959//3568 2960//3569
f 2930//3539 2960//3569 2929//3538
f 2929//3538 2960//3569 2961//3570
f 2929//3538 2961//3570 2928//3537
f 2928//3537 2961//3570 2962//3571
f 2928//3537 2962//3571 2927//3536
f 2927//3536 2962//3571 2963//3572
f 2927//3536 2963//3572 2926//3535
f 2926//3535 2963//3572 2964//3573
f 2926//3535 2964//3573 2925//3534
f 2925//3534 2964//3573 2505//3101
f 1996//2582 1997//2584 2965//3574
f 2955//3564 2924//3533 2966//3575
f 2966//3575 2924//3533 2950//3559
f 2966//3575 2950//3559 2967//3576
f 2967//3576 2950//3559 2951//3560
f 2967//3576 2951//3560 2968//3577
f 2968//3577 2951//3560 2952//3561
f 2968//3577 2952//3561 2969//3578
f 2969//3578 2952//3561 2953//3562
f 2969//3578 2953//3562 2970//3579
f 2970//3579 2953//3562 2954//3563
f 2970//3579 2954//3563 2971//3580
f 2956//3565 2972//3581 2957//3566
f 2957//3566 2972//3581 2971//3580
f 2957//3566 2971//3580 2958//3567
f 2958//3567 2971//3580 2954//3563
f 2958//3567 2954//3563 2959//3568
f 2959//3568 2954//3563 2923//3532
f 2959//3568 2923//3532 2960//3569
f 2960//3569 2923//3532 2911//3520
f 2960//3569 2911//3520 2961//3570
f 2961//3570 2911//3520 2809//3406
f 2961//3570 2809//3406 2962//3571
f 2962//3571 2809//3406 2811//3408
f 2962//3571 2811//3408 2963//3572
f 2963//3572 2811//3408 2800//3397
f 2963//3572 2800//3397 2964//3573
f 2964//3573 2800//3397 2505//3101
f 2806//3403 2808//3405 2973//3582
f 2974//3583 2807//3404 2975//3584
f 2975//3584 2807//3404 2806//3403
f 2975//3584 2806//3403 2976//3585
f 2976//3585 2806//3403 2973//3582
f 2976//3585 2973//3582 2965//3574
f 2965//3574 1997//2584 2976//3585
f 2976//3585 1997//2584 1998//2585
f 2976//3585 1998//2585 2975//3584
f 2975//3584 1998//2585 1999//2587
f 2975//3584 1999//2587 2974//3583
f 2797//3394 2798//3395 2977//3586
f 2788//3385 2505//3101 2797//3394
f 2978//3587 2804//3401 2979//3588
f 1999//2587 2001//2590 2974//3583
f 2974//3583 2001//2590 2805//3402
f 2974//3583 2805//3402 2807//3404
f 2807//3404 2805//3402 2980//3589
f 2807//3404 2980//3589 2808//3405
f 2808//3405 2980//3589 2981//3590
f 2808//3405 2981//3590 2982//3591
f 2982//3591 2981//3590 2983//3592
f 2982//3591 2983//3592 2984//3593
f 2595//3191 2594//3190 2826//3423
f 2826//3423 2594//3190 2646//3240
f 2826//3423 2646//3240 2985//3594
f 2985//3594 2646//3240 2644//3238
f 2985//3594 2644//3238 2643//3237
f 2650//3244 2649//3243 2983//3592
f 2983//3592 2649//3243 2801//3398
f 2983//3592 2801//3398 2984//3593
f 2984//3593 2801//3398 2803//3400
f 2804//3401 2802//3399 2979//3588
f 2979//3588 2802//3399 2534//3130
f 2979//3588 2534//3130 2532//3128
f 2649//3243 2648//3242 2801//3398
f 2801//3398 2648//3242 2647//3241
f 2801//3398 2647//3241 2802//3399
f 2802//3399 2647//3241 2535//3131
f 2802//3399 2535//3131 2534//3130
f 2532//3128 2531//3127 2979//3588
f 2979//3588 2531//3127 2977//3586
f 2979//3588 2977//3586 2978//3587
f 2978//3587 2977//3586 2798//3395
f 2650//3244 2983//3592 2651//3245
f 2651//3245 2983//3592 2981//3590
f 2651//3245 2981//3590 2643//3237
f 2643//3237 2981//3590 2980//3589
f 2643//3237 2980//3589 2985//3594
f 2985//3594 2980//3589 2805//3402
f 2985//3594 2805//3402 2826//3423
f 2826//3423 2805//3402 2000//2589
f 2826//3423 2000//2589 2005//2595
f 2531//3127 2677//3271 2977//3586
f 2977//3586 2677//3271 2790//3387
f 2977//3586 2790//3387 2797//3394
f 2797//3394 2790//3387 2789//3386
f 2797//3394 2789//3386 2788//3385
f 1995//2581 1996//2582 2956//3565
f 2956//3565 1996//2582 2965//3574
f 2956//3565 2965//3574 2972//3581
f 2972//3581 2965//3574 2973//3582
f 2972//3581 2973//3582 2971//3580
f 2971//3580 2973//3582 2808//3405
f 2971//3580 2808//3405 2970//3579
f 2970//3579 2808//3405 2982//3591
f 2970//3579 2982//3591 2969//3578
f 2969//3578 2982//3591 2984//3593
f 2969//3578 2984//3593 2968//3577
f 2968//3577 2984//3593 2803//3400
f 2968//3577 2803//3400 2967//3576
f 2967//3576 2803//3400 2804//3401
f 2967//3576 2804//3401 2966//3575
f 2966//3575 2804//3401 2978//3587
f 2966//3575 2978//3587 2955//3564
f 2955//3564 2978//3587 2798//3395
f 2955//3564 2798//3395 2505//3101
f 2986//3595 2987//3596 2988//3597
f 2989//3598 2990//3599 2986//3595
f 2986//3595 2990//3599 2991//3600
f 2986//3595 2991//3600 2987//3596
f 2855//3464 2854//3463 2992//3601
f 2992//3601 2854//3463 2853//3462
f 2992//3601 2853//3462 2986//3595
f 2986//3595 2853//3462 2852//3461
f 2986//3595 2852//3461 2989//3598
f 2989//3598 2852//3461 2863//3472
f 2855//3464 2992//3601 2856//3465
f 2856//3465 2992//3601 2993//3602
f 2856//3465 2993//3602 2848//3457
f 2848//3457 2993//3602 2849//3458
f 2849//3458 2993//3602 2994//3603
f 2849//3458 2994//3603 2850//3459
f 2847//3456 2823//3420 2995//3604
f 2995//3604 2823//3420 2996//3605
f 2850//3459 2994//3603 2851//3460
f 2851//3460 2994//3603 2997//3606
f 2851//3460 2997//3606 2825//3422
f 2823//3420 2825//3422 2996//3605
f 2996//3605 2825//3422 2997//3606
f 2996//3605 2997//3606 2998//3607
f 2998//3607 2997//3606 2999//3608
f 3000//3609 3001//3610 3002//3611
f 3002//3611 3001//3610 3003//3612
f 3002//3611 3003//3612 3004//3613
f 3004//3613 3003//3612 3005//3614
f 3005//3615 3003//3616 3006//3617
f 3005//3614 3006//3617 3007//3618
f 3008//3619 3001//3610 3009//3620
f 3008//3619 3010//3621 3001//3610
f 3001//3610 3010//3621 3011//3622
f 3001//3610 3011//3622 3003//3612
f 3003//3616 3011//3622 3012//3623
f 3003//3616 3012//3623 3006//3617
f 3013//3624 3014//3625 3009//3620
f 3009//3620 3014//3625 3015//3626
f 3009//3620 3015//3626 3008//3619
f 3013//3624 3016//3627 3017//3628
f 3017//3628 3018//3629 3013//3624
f 3013//3624 3018//3629 3019//3630
f 3013//3624 3019//3630 3020//3631
f 3020//3631 3021//3632 3013//3624
f 3013//3624 3021//3632 3022//3633
f 3013//3624 3022//3633 3014//3625
f 3023//3634 3024//3635 3016//3627
f 3016//3627 3024//3635 3025//3636
f 3016//3627 3025//3636 3017//3628
f 2988//3597 3026//3637 2986//3595
f 2986//3595 3026//3637 3023//3634
f 2986//3595 3023//3634 2992//3601
f 2992//3601 3023//3634 3016//3627
f 2992//3601 3016//3627 2993//3602
f 2993//3602 3016//3627 3013//3624
f 2993//3602 3013//3624 2994//3603
f 2994//3603 3013//3624 3009//3620
f 2994//3603 3009//3620 2997//3606
f 2997//3606 3009//3620 3001//3610
f 2997//3606 3001//3610 2999//3608
f 2999//3608 3001//3610 3000//3609
f 2178//2766 2847//3456 2177//2765
f 2177//2765 2847//3456 2995//3604
f 2177//2765 2995//3604 2174//2762
f 2174//2762 2995//3604 2172//2760
f 2172//2760 2995//3604 2996//3605
f 2172//2760 2996//3605 2123//2711
f 2123//2711 2996//3605 2998//3607
f 2123//2711 2998//3607 2124//2712
f 2124//2712 2998//3607 2999//3608
f 2124//2712 2999//3608 2169//2757
f 2169//2757 2999//3608 2170//2758
f 2170//2758 2999//3608 3000//3609
f 2170//2758 3000//3609 2171//2759
f 2171//2759 3000//3609 3002//3611
f 2171//2759 3002//3611 2165//2753
f 2165//2753 3002//3611 3004//3613
f 2165//2753 3004//3613 2166//2754
f 2166//2754 3004//3613 2168//2756
f 2168//2756 3004//3613 3005//3614
f 2168//2756 3005//3614 3007//3618
f 3027//3638 3028//3639 3029//3640
f 3030//3641 3031//3642 3032//3643
f 3032//3643 3031//3642 3033//3644
f 3032//3643 3033//3644 3029//3640
f 3029//3640 3033//3644 3034//3645
f 3029//3640 3034//3645 3027//3638
f 3028//3639 3035//3646 3029//3640
f 3029//3640 3035//3646 3036//3647
f 3029//3640 3036//3647 3037//3648
f 3037//3648 3036//3647 3038//3649
f 3037//3648 3038//3649 3039//3650
f 3039//3650 3038//3649 3040//3651
f 3039//3650 3040//3651 3041//3652
f 3042//3653 3043//3654 3044//3655
f 3044//3655 3043//3654 3045//3656
f 3044//3655 3045//3656 3032//3643
f 3032//3643 3045//3656 3046//3657
f 3032//3643 3046//3657 3030//3641
f 3047//3658 2167//2755 3048//3659
f 3048//3659 2167//2755 2168//2756
f 3047//3658 3049//3660 2167//2755
f 2167//2755 3049//3660 3050//3661
f 2167//2755 3050//3661 2164//2752
f 2164//2752 3050//3661 3051//3662
f 2164//2752 3051//3662 2162//2750
f 3051//3662 3052//3663 2162//2750
f 2162//2750 3052//3663 3053//3664
f 2162//2750 3053//3664 2157//2745
f 2157//2745 3053//3664 3054//3665
f 2157//2745 3054//3665 2158//2746
f 2158//2746 3054//3665 3042//3653
f 2158//2746 3042//3653 2160//2748
f 2160//2748 3042//3653 3044//3655
f 2160//2748 3044//3655 2161//2749
f 2161//2749 3044//3655 2126//2714
f 2126//2714 3044//3655 2127//2715
f 2127//2715 3044//3655 3032//3643
f 2127//2715 3032//3643 2156//2744
f 2150//2738 2155//2743 3055//3666
f 3055//3666 2155//2743 2154//2742
f 3055//3666 2154//2742 3029//3640
f 3029//3640 2154//2742 2152//2740
f 3029//3640 2152//2740 3032//3643
f 3032//3643 2152//2740 2151//2739
f 3032//3643 2151//2739 2156//2744
f 3056//3667 3057//3668 2237//2827
f 2247//2838 3058//3669 2241//2831
f 2241//2831 3058//3669 3056//3667
f 2241//2831 3056//3667 2239//2829
f 2239//2829 3056//3667 2237//2827
f 2247//2838 2249//2840 3058//3669
f 3058//3669 2249//2840 2244//2834
f 3058//3669 2244//2834 3055//3666
f 3055//3666 2244//2834 2242//2832
f 3055//3666 2242//2832 2150//2738
f 3059//3670 2259//3671 2271//3671
f 2271//3671 2229//2819 3059//3670
f 3059//3670 2229//2819 2227//2817
f 3059//3670 2227//2817 2226//2816
f 2226//2816 2232//2822 3059//3670
f 3059//3670 2232//2822 2231//2821
f 3059//3670 2231//2821 3057//3668
f 3057//3668 2231//2821 2233//2823
f 3057//3668 2233//2823 2237//2827
f 3037//3648 3060//3672 3029//3640
f 3029//3640 3060//3672 3061//3673
f 3029//3640 3061//3673 3055//3666
f 3055//3666 3061//3673 3062//3674
f 3055//3666 3062//3674 3058//3669
f 3063//3675 3064//3676 3065//3677
f 3065//3677 3064//3676 3066//3678
f 3065//3677 3066//3678 3067//3679
f 3068//3680 3069//3681 3070//3682
f 3068//3680 3070//3682 3071//3683
f 3072//3684 3073//3685 3074//3686
f 3074//3686 3073//3685 3075//3687
f 3074//3686 3075//3687 3064//3676
f 3064//3676 3075//3687 3071//3683
f 3064//3676 3071//3683 3066//3678
f 3066//3678 3071//3683 3070//3682
f 3076//3688 3077//3689 3072//3684
f 3027//3638 3078//3690 3028//3639
f 3028//3639 3078//3690 3079//3691
f 3028//3639 3079//3691 3035//3646
f 3076//3688 3080//3692 3081//3693
f 3035//3646 3079//3691 3036//3647
f 3036//3647 3079//3691 3077//3689
f 3036//3647 3077//3689 3038//3649
f 3038//3649 3077//3689 3076//3688
f 3038//3649 3076//3688 3040//3651
f 3040//3651 3076//3688 3081//3693
f 3040//3651 3081//3693 3041//3652
f 3072//3684 3074//3686 3076//3688
f 3076//3688 3074//3686 3082//3694
f 3076//3688 3082//3694 3080//3692
f 3063//3675 3083//3695 3064//3676
f 3064//3676 3083//3695 3084//3696
f 3064//3676 3084//3696 3074//3686
f 3074//3686 3084//3696 3085//3697
f 3074//3686 3085//3697 3082//3694
f 2385//2984 2384//2983 2202//2790
f 2256//2847 2281//2873 2252//2843
f 2252//2843 2281//2873 2253//2844
f 2265//2856 2264//2855 2200//2788
f 2202//2790 2203//2791 2385//2984
f 2385//2984 2203//2791 2204//2792
f 2385//2984 2204//2792 2386//2985
f 2386//2985 2204//2792 2205//2793
f 2401//2790 2403//2790 3086//2790
f 2384//2983 2332//2926 2339//2934
f 2339//2934 2332//2926 2331//2925
f 2339//2934 2331//2925 2329//2924
f 2338//2932 2336//2930 2339//2934
f 2339//2934 2336//2930 2334//2928
f 2339//2934 2334//2928 2384//2983
f 2200//2788 3041//2790 2201//2789
f 2201//2789 3041//2790 3081//2790
f 2201//2789 3081//2790 3080//2790
f 3080//2790 3082//2790 2201//2789
f 2201//2789 3082//2790 3085//2790
f 2201//2789 3085//2790 3084//2790
f 3084//2790 3083//2790 2201//2789
f 2201//2789 3083//2790 3063//2790
f 2201//2789 3063//2790 3065//2790
f 2265//2856 2200//2788 2266//2857
f 2264//2855 2262//2853 2200//2788
f 2200//2788 2262//2853 2260//2851
f 2200//2788 2260//2851 2259//2850
f 3061//2790 3060//2790 2200//2788
f 3087//2790 3088//2790 3086//2790
f 3086//2790 3088//2790 3089//2790
f 3086//2790 3089//2790 3090//2790
f 2201//2789 3091//2790 2209//2797
f 2209//2797 3091//2790 3086//2790
f 2209//2797 3086//2790 2407//3006
f 2407//3006 3086//2790 2406//2790
f 3065//2790 3067//2790 2201//2789
f 2201//2789 3067//2790 3092//2790
f 2201//2789 3092//2790 3093//2790
f 3094//2790 3095//2790 3086//2790
f 3086//2790 3095//2790 3096//2790
f 3086//2790 3096//2790 3097//2790
f 3097//2790 3098//2790 3086//2790
f 3086//2790 3098//2790 3099//2790
f 3086//2790 3099//2790 3087//2790
f 2399//2790 2396//2790 3086//2790
f 3086//2790 2396//2790 2395//2790
f 3086//2790 2395//2790 2401//2790
f 2403//2790 2404//2790 3086//2790
f 3086//2790 2404//2790 2405//2790
f 3086//2790 2405//2790 2406//2790
f 3093//2790 3100//2790 2201//2789
f 2201//2789 3100//2790 3101//2790
f 2201//2789 3101//2790 3091//2790
f 2333//2927 2364//2962 2326//2920
f 2259//2850 3059//2790 2200//2788
f 2200//2788 3059//2790 3057//2790
f 2200//2788 3057//2790 3056//2790
f 3060//2790 3037//2790 2200//2788
f 2200//2788 3037//2790 3039//2790
f 2200//2788 3039//2790 3041//2790
f 3090//2790 3102//2790 3086//2790
f 3086//2790 3102//2790 2400//2790
f 3086//2790 2400//2790 2399//2790
f 2256//2847 2255//2846 2281//2873
f 2281//2873 2255//2846 2268//2859
f 2281//2873 2268//2859 2282//2874
f 2282//2874 2268//2859 2267//2858
f 2282//2874 2267//2858 2283//2875
f 2283//2875 2267//2858 2333//2927
f 2283//2875 2333//2927 2284//2876
f 2267//2858 2266//2857 2333//2927
f 2333//2927 2266//2857 2200//2788
f 2333//2927 2200//2788 2334//2928
f 2334//2928 2200//2788 2198//2786
f 2334//2928 2198//2786 2384//2983
f 2384//2983 2198//2786 2197//2785
f 2384//2983 2197//2785 2202//2790
f 3056//2790 3058//2790 2200//2788
f 2200//2788 3058//2790 3062//2790
f 2200//2788 3062//2790 3061//2790
f 3103//2790 3104//2790 3105//2790
f 2284//2876 2333//2927 2285//2877
f 2285//2877 2333//2927 2326//2920
f 2285//2877 2326//2920 2325//2919
f 3103//2790 3105//2790 3106//2790
f 3094//2790 3086//2790 3105//2790
f 3105//2790 3086//2790 3107//2790
f 3105//2790 3107//2790 3106//2790
f 3108//2790 3109//2790 3104//2790
f 3104//2790 3109//2790 3110//2790
f 3104//2790 3110//2790 3105//2790
f 3108//2790 3104//2790 3111//2790
f 3111//2790 3104//2790 3112//2790
f 3111//2790 3112//2790 3113//2790
f 3114//3698 3115//3699 3116//3700
f 3095//3701 3094//3702 3117//3703
f 3117//3703 3094//3702 3118//3704
f 3117//3703 3118//3704 3116//3700
f 3116//3700 3118//3704 3119//3705
f 3116//3700 3119//3705 3114//3698
f 3088//3706 3087//3707 3120//3708
f 3098//3709 3097//3710 3121//3711
f 2392//2991 2393//2992 3122//3712
f 3122//3712 2393//2992 3123//3713
f 3123//3713 3124//3714 3125//3715
f 3125//3715 3124//3714 3120//3708
f 3125//3715 3120//3708 3126//3716
f 3126//3716 3120//3708 3127//3717
f 3117//3703 3116//3700 3121//3711
f 3121//3711 3116//3700 3115//3699
f 3127//3717 3120//3708 3121//3711
f 3127//3717 3121//3711 3128//3718
f 3128//3718 3121//3711 3115//3699
f 3128//3718 3115//3699 3129//3719
f 3121//3711 3097//3710 3117//3703
f 3117//3703 3097//3710 3096//3720
f 3117//3703 3096//3720 3095//3701
f 3120//3708 3087//3707 3121//3711
f 3121//3711 3087//3707 3099//3721
f 3121//3711 3099//3721 3098//3709
f 3123//3713 2393//2992 2397//2996
f 3123//3713 2397//2996 3124//3714
f 3124//3714 2397//2996 2398//2997
f 3124//3714 2398//2997 2400//2999
f 2400//2999 3102//3722 3124//3714
f 3124//3714 3102//3722 3090//3723
f 3124//3714 3090//3723 3120//3708
f 3120//3708 3090//3723 3089//3724
f 3120//3708 3089//3724 3088//3706
f 3130//3725 3131//3726 3132//3727
f 3122//3712 3123//3713 3131//3726
f 3127//3717 3133//3728 3132//3727
f 3134//3729 3135//3730 3136//3731
f 3137//3732 3134//3729 3138//3733
f 3139//3734 3140//3735 3138//3733
f 3138//3733 3140//3735 3141//3736
f 3138//3733 3141//3736 3137//3732
f 3142//3737 3143//3738 3133//3728
f 3133//3728 3143//3738 3144//3739
f 3133//3728 3144//3739 3145//3740
f 3133//3728 3127//3717 3142//3737
f 3142//3737 3127//3717 3146//3741
f 3146//3741 3127//3717 3128//3718
f 3146//3741 3128//3718 3129//3719
f 3131//3726 3123//3713 3125//3715
f 3131//3726 3125//3715 3132//3727
f 3132//3727 3125//3715 3126//3716
f 3132//3727 3126//3716 3127//3717
f 2438//3035 2437//3034 3131//3726
f 3131//3726 2437//3034 2059//2649
f 2392//2991 3122//3712 2391//2990
f 2391//2990 3122//3712 3131//3726
f 2391//2990 3131//3726 2390//2989
f 2390//2989 3131//3726 2059//2649
f 2438//3035 3131//3726 2433//3030
f 2433//3030 3131//3726 3130//3725
f 2433//3030 3130//3725 2434//3031
f 2434//3031 3130//3725 3147//3742
f 2434//3031 3147//3742 2436//3033
f 3148//3743 3149//3744 3130//3725
f 3130//3725 3149//3744 3150//3745
f 3130//3725 3150//3745 3147//3742
f 3151//3746 3152//3747 3153//3748
f 3153//3748 3152//3747 3154//3749
f 3153//3748 3154//3749 3155//3750
f 3155//3750 3154//3749 3156//3751
f 3155//3750 3156//3751 3148//3743
f 3134//3729 3136//3731 3138//3733
f 3138//3733 3136//3731 3157//3752
f 3138//3733 3157//3752 3153//3748
f 3153//3748 3157//3752 3158//3753
f 3153//3748 3158//3753 3151//3746
f 3148//3743 3130//3725 3155//3750
f 3155//3750 3130//3725 3132//3727
f 3155//3750 3132//3727 3153//3748
f 3153//3748 3132//3727 3133//3728
f 3153//3748 3133//3728 3138//3733
f 3138//3733 3133//3728 3145//3740
f 3138//3733 3145//3740 3139//3734
f 3159//3754 3160//3755 3161//3756
f 3136//3731 3135//3730 3162//3757
f 3162//3757 3159//3754 3136//3731
f 3136//3731 3159//3754 3161//3756
f 3136//3731 3161//3756 3157//3752
f 3157//3752 3161//3756 3158//3753
f 3163//3758 3154//3749 3164//3759
f 3164//3759 3154//3749 3152//3747
f 3164//3759 3152//3747 3151//3746
f 2436//3033 3147//3742 2492//3087
f 2492//3087 3147//3742 3165//3760
f 2492//3087 3165//3760 2489//3085
f 3147//3742 3150//3745 3165//3760
f 3165//3760 3150//3745 3149//3744
f 3165//3760 3149//3744 3166//3761
f 3166//3761 3149//3744 3148//3743
f 3166//3761 3148//3743 3163//3758
f 3163//3758 3148//3743 3156//3751
f 3163//3758 3156//3751 3154//3749
f 2452//3049 2491//3049 3165//3760
f 3165//3760 2491//3049 2490//3086
f 3165//3760 2490//3086 2489//3085
f 2452//3049 3165//3760 2453//3050
f 2453//3050 3165//3760 3166//3761
f 2453//3050 3166//3761 2486//3083
f 2486//3083 3166//3761 3167//3762
f 2486//3083 3167//3762 2487//3084
f 2483//3080 2484//3081 3167//3762
f 3167//3762 2484//3081 2488//3081
f 3167//3762 2488//3081 2487//3084
f 2455//3052 2481//3078 3168//3763
f 3168//3763 2481//3078 2480//3077
f 3168//3763 2480//3077 2482//3764
f 3169//3765 2479//3076 2456//3053
f 3170//3766 3171//3767 3172//3768
f 3172//3768 3171//3767 3173//3769
f 3172//3768 3173//3769 3169//3765
f 2477//3074 2478//3075 3174//3770
f 3174//3770 2478//3075 2479//3076
f 3174//3770 2479//3076 3175//3771
f 3175//3771 2479//3076 3169//3765
f 3175//3771 3169//3765 3176//3772
f 3176//3772 3169//3765 3173//3769
f 3177//3773 3178//3774 3179//3775
f 3179//3775 3178//3774 3172//3768
f 3172//3768 3178//3774 3180//3776
f 3172//3768 3180//3776 3170//3766
f 3181//3777 3182//3778 3179//3775
f 3179//3775 3182//3778 3183//3779
f 3179//3775 3183//3779 3177//3773
f 2482//3764 3184//3780 3168//3763
f 3168//3763 3184//3780 3185//3781
f 3168//3763 3185//3781 3186//3782
f 3186//3782 3185//3781 3187//3783
f 3186//3782 3187//3783 3188//3784
f 3160//3755 3181//3777 3161//3756
f 3161//3756 3181//3777 3179//3775
f 3161//3756 3179//3775 3188//3784
f 3188//3784 3179//3775 3172//3768
f 3188//3784 3172//3768 3186//3782
f 3186//3782 3172//3768 3169//3765
f 3186//3782 3169//3765 3168//3763
f 3168//3763 3169//3765 2456//3053
f 3168//3763 2456//3053 2455//3052
f 2482//3764 2483//3080 3184//3780
f 3184//3780 2483//3080 3167//3762
f 3184//3780 3167//3762 3185//3781
f 3185//3781 3167//3762 3166//3761
f 3185//3781 3166//3761 3187//3783
f 3187//3783 3166//3761 3163//3758
f 3187//3783 3163//3758 3188//3784
f 3188//3784 3163//3758 3164//3759
f 3188//3784 3164//3759 3161//3756
f 3161//3756 3164//3759 3151//3746
f 3161//3756 3151//3746 3158//3753
f 3189//3785 3190//3786 3191//3787
f 3192//3788 2585//3181 2830//3428
f 3192//3788 2830//3428 3193//3789
f 3189//3785 3191//3787 3194//3790
f 3195//3791 3196//3792 3197//3793
f 3197//3793 3196//3792 3198//3794
f 3199//3795 3200//3796 3201//3797
f 3201//3797 3200//3796 3202//3798
f 3195//3791 3203//3799 3204//3800
f 3204//3800 3203//3799 3205//3801
f 3199//3795 3201//3797 3206//3802
f 3206//3802 3201//3797 3207//3803
f 3206//3802 3207//3803 3208//3804
f 3208//3804 3207//3803 3209//3805
f 3208//3804 3209//3805 3210//3806
f 3211//3807 3212//3808 3213//3809
f 3213//3809 3212//3808 3214//3810
f 3213//3809 3214//3810 3209//3805
f 3209//3805 3214//3810 3215//3811
f 3209//3805 3215//3811 3210//3806
f 3216//3812 3217//3813 3211//3807
f 3211//3807 3217//3813 3218//3814
f 3211//3807 3218//3814 3212//3808
f 3211//3807 3219//3815 3220//3816
f 3211//3807 3220//3816 2476//3073
f 2477//3074 3216//3812 2473//3070
f 2473//3070 3216//3812 3211//3807
f 2473//3070 3211//3807 2475//3072
f 2475//3072 3211//3807 2476//3073
f 2462//3059 2469//3066 3220//3816
f 2469//3066 2471//3068 3220//3816
f 3220//3816 2471//3068 2472//3069
f 3220//3816 2472//3069 2476//3073
f 2468//3065 2467//3064 2842//3817
f 2842//3817 2467//3064 2466//3063
f 2842//3817 2466//3063 3221//3818
f 3221//3818 2466//3063 2465//3062
f 3221//3818 2465//3062 2463//3060
f 3222//3819 2836//3820 2834//3821
f 3222//3819 2834//3821 3221//3818
f 3221//3818 2834//3821 2833//3822
f 3221//3818 2833//3822 2842//3817
f 2836//3820 3222//3819 2837//3438
f 2837//3438 3222//3819 3223//3823
f 2837//3438 3223//3823 2838//3439
f 2838//3439 3223//3823 2840//3824
f 2840//3824 3223//3823 3224//3825
f 2840//3824 3224//3825 2841//3826
f 2841//3826 3224//3825 3225//3827
f 2841//3826 3225//3827 2827//3828
f 3190//3786 3193//3789 3191//3787
f 3191//3787 3193//3789 2830//3428
f 3191//3787 2830//3428 3225//3827
f 3225//3827 2830//3428 2828//3427
f 3225//3827 2828//3427 2827//3828
f 3219//3815 3211//3807 3226//3829
f 3226//3829 3211//3807 3213//3809
f 3226//3829 3213//3809 3227//3830
f 3227//3830 3213//3809 3209//3805
f 3227//3830 3209//3805 3228//3831
f 3228//3831 3209//3805 3207//3803
f 3228//3831 3207//3803 3197//3793
f 3197//3793 3207//3803 3201//3797
f 3197//3793 3201//3797 3195//3791
f 3195//3791 3201//3797 3202//3798
f 3195//3791 3202//3798 3203//3799
f 2463//3060 2462//3059 3221//3818
f 3221//3818 2462//3059 3220//3816
f 3221//3818 3220//3816 3222//3819
f 3222//3819 3220//3816 3219//3815
f 3222//3819 3219//3815 3223//3823
f 3223//3823 3219//3815 3226//3829
f 3223//3823 3226//3829 3224//3825
f 3224//3825 3226//3829 3227//3830
f 3224//3825 3227//3830 3225//3827
f 3225//3827 3227//3830 3228//3831
f 3225//3827 3228//3831 3191//3787
f 3191//3787 3228//3831 3197//3793
f 3191//3787 3197//3793 3194//3790
f 3194//3790 3197//3793 3198//3794
f 3192//3788 3193//3789 3229//3832
f 3230//3833 2588//3184 2586//3182
f 3230//3833 2586//3182 3231//3834
f 3232//3835 3233//3836 3229//3832
f 3229//3832 3233//3836 3234//3837
f 3229//3832 3234//3837 3231//3834
f 3235//3838 3236//3839 3232//3835
f 3236//3839 3237//3840 3232//3835
f 3232//3835 3237//3840 3233//3836
f 3238//3841 3235//3838 3239//3842
f 3239//3842 3235//3838 3240//3843
f 3198//3794 3196//3792 3240//3843
f 3240//3843 3235//3838 3232//3835
f 3240//3843 3232//3835 3198//3794
f 3205//3801 3239//3842 3204//3800
f 3204//3800 3239//3842 3240//3843
f 3204//3800 3240//3843 3195//3791
f 3195//3791 3240//3843 3196//3792
f 3193//3789 3190//3786 3229//3832
f 3229//3832 3190//3786 3189//3785
f 3229//3832 3189//3785 3232//3835
f 3232//3835 3189//3785 3194//3790
f 3232//3835 3194//3790 3198//3794
f 3231//3834 2586//3182 3229//3832
f 3229//3832 2586//3182 2585//3181
f 3229//3832 2585//3181 3192//3788
f 2569//3165 3241//3844 2543//3139
f 2576//3172 3242//3845 2577//3173
f 2591//3187 2590//3186 3243//3846
f 2549//3145 2548//3144 3244//3847
f 3244//3847 2548//3144 3245//3848
f 3245//3848 2548//3144 3246//3849
f 3246//3849 2548//3144 2547//3143
f 3246//3849 2547//3143 3247//3850
f 3247//3850 2547//3143 2546//3142
f 3247//3850 2546//3142 3248//3851
f 3249//3852 3241//3844 3250//3853
f 3250//3853 3241//3844 3251//3854
f 3250//3853 3251//3854 3252//3855
f 3252//3855 3251//3854 3253//3856
f 2546//3142 2544//3140 3248//3851
f 3248//3851 2544//3140 2543//3139
f 3248//3851 2543//3139 3254//3857
f 3254//3857 2543//3139 3241//3844
f 3254//3857 3241//3844 3255//3858
f 3255//3858 3241//3844 3249//3852
f 3253//3856 3251//3854 3256//3859
f 3256//3859 3251//3854 3257//3860
f 3256//3859 3257//3860 3258//3861
f 3259//3862 3260//3862 3261//3863
f 3261//3863 3260//3862 3262//3864
f 3261//3863 3262//3864 3257//3860
f 3257//3860 3262//3864 3263//3865
f 3257//3860 3263//3865 3258//3861
f 3264//3866 3265//3867 3266//3868
f 3266//3868 3265//3867 3267//3869
f 3266//3868 3267//3869 3261//3863
f 3261//3863 3267//3869 3268//3870
f 3261//3863 3268//3870 3259//3862
f 3264//3866 3266//3868 3269//3871
f 3269//3871 3266//3868 3270//3872
f 3269//3871 3270//3872 3271//3873
f 3238//3841 3272//3874 3270//3872
f 3270//3872 3272//3874 3273//3875
f 3270//3872 3273//3875 3271//3873
f 3237//3840 3236//3839 3270//3872
f 3236//3839 3235//3838 3270//3872
f 3270//3872 3235//3838 3238//3841
f 3234//3837 3233//3836 3274//3876
f 3274//3876 3233//3836 3237//3840
f 3231//3834 3243//3846 3230//3833
f 3230//3833 3243//3846 2590//3186
f 3230//3833 2590//3186 2588//3184
f 3275//3877 3276//3878 2583//3179
f 2583//3179 2582//3178 3275//3877
f 3275//3877 2582//3178 2581//3177
f 3275//3877 2581//3177 3243//3846
f 3243//3846 2581//3177 2580//3176
f 3243//3846 2580//3176 2591//3187
f 3277//3879 2573//3169 2584//3180
f 3242//3845 2576//3172 3278//3880
f 2576//3172 2575//3171 3278//3880
f 3278//3880 2575//3171 2574//3170
f 3278//3880 2574//3170 3277//3879
f 3277//3879 2574//3170 2571//3167
f 3277//3879 2571//3167 2573//3169
f 3251//3854 2560//3156 3257//3860
f 3257//3860 2560//3156 2562//3158
f 3257//3860 2562//3158 2578//3174
f 2569//3165 2568//3164 3241//3844
f 3241//3844 2568//3164 2566//3162
f 3241//3844 2566//3162 3251//3854
f 3251//3854 2566//3162 2565//3161
f 3251//3854 2565//3161 2560//3156
f 3231//3834 3234//3837 3243//3846
f 3243//3846 3234//3837 3274//3876
f 3243//3846 3274//3876 3275//3877
f 3275//3877 3274//3876 3277//3879
f 3275//3877 3277//3879 3276//3878
f 3276//3878 3277//3879 2584//3180
f 3276//3878 2584//3180 2583//3179
f 3274//3876 3237//3840 3270//3872
f 3274//3876 3270//3872 3277//3879
f 3277//3879 3270//3872 3266//3868
f 3277//3879 3266//3868 3278//3880
f 3278//3880 3266//3868 3261//3863
f 3278//3880 3261//3863 3242//3845
f 3242//3845 3261//3863 3257//3860
f 3242//3845 3257//3860 2577//3173
f 2577//3173 3257//3860 2578//3174
f 2608//3204 2607//3203 3279//3881
f 3280//3882 3281//3883 3282//3884
f 3283//3885 3284//3886 3285//3887
f 3285//3887 3284//3886 3286//3888
f 3285//3887 3286//3888 3287//3889
f 3287//3889 3288//3890 3285//3887
f 3285//3887 3288//3890 3289//3891
f 3285//3887 3289//3891 3290//3892
f 3290//3892 3289//3891 3291//3893
f 3290//3892 3291//3893 3292//3894
f 3293//3895 3294//3896 3295//3897
f 3295//3897 3294//3896 3279//3881
f 3293//3895 3295//3897 3296//3898
f 3296//3898 3295//3897 3297//3899
f 3296//3898 3297//3899 3298//3900
f 3299//3901 3300//3902 3301//3903
f 3301//3903 3300//3902 3302//3904
f 3301//3903 3302//3904 3297//3899
f 3297//3899 3302//3904 3303//3905
f 3297//3899 3303//3905 3298//3900
f 3299//3901 3301//3903 3304//3906
f 3304//3906 3301//3903 3305//3907
f 3304//3906 3305//3907 3306//3908
f 3307//3909 3308//3910 3305//3907
f 3305//3907 3308//3910 3309//3908
f 3305//3907 3309//3908 3306//3908
f 3307//3909 3305//3907 3310//3911
f 3310//3911 3305//3907 3311//3912
f 3310//3911 3311//3912 3312//3913
f 3312//3913 3311//3912 3313//3914
f 3313//3914 3311//3912 3314//3915
f 3313//3914 3314//3915 3315//3916
f 3281//3883 3316//3917 3282//3884
f 3282//3884 3316//3917 3317//3918
f 3282//3884 3317//3918 3314//3915
f 3314//3915 3317//3918 3318//3919
f 3314//3915 3318//3919 3315//3916
f 3319//3920 2557//3153 3320//3921
f 3320//3921 2557//3153 2556//3152
f 3321//3922 3322//3923 2554//3150
f 2554//3150 3322//3923 3323//3924
f 2554//3150 3323//3924 2555//3151
f 2555//3151 3323//3924 3324//3925
f 2555//3151 3324//3925 2556//3152
f 2556//3152 3324//3925 3325//3926
f 2556//3152 3325//3926 3320//3921
f 2554//3150 2553//3149 3321//3922
f 3321//3922 2553//3149 2552//3148
f 3321//3922 2552//3148 3326//3927
f 3326//3927 2552//3148 3327//3928
f 2552//3148 2551//3147 3327//3928
f 3327//3928 2551//3147 2549//3145
f 3327//3928 2549//3145 3244//3847
f 2641//3235 2640//3234 3282//3884
f 3282//3884 2640//3234 2639//3233
f 3282//3884 2639//3233 3280//3882
f 3280//3882 2639//3233 2638//3232
f 3280//3882 2638//3232 3319//3920
f 3319//3920 2638//3232 2558//3154
f 3319//3920 2558//3154 2557//3153
f 2630//3224 2629//3224 3314//3915
f 3314//3915 2629//3224 2635//3229
f 3314//3915 2635//3229 3282//3884
f 3282//3884 2635//3229 2634//3228
f 3282//3884 2634//3228 2641//3235
f 2628//3223 2633//3227 3311//3912
f 3311//3912 2633//3227 2632//3226
f 3311//3912 2632//3226 3314//3915
f 3314//3915 2632//3226 2631//3225
f 3314//3915 2631//3225 2630//3224
f 2624//3219 2623//3218 3305//3907
f 2624//3219 3305//3907 2540//3136
f 2540//3136 3305//3907 3301//3903
f 2540//3136 3301//3903 2541//3137
f 2623//3218 2538//3134 3305//3907
f 3305//3907 2538//3134 2537//3133
f 3305//3907 2537//3133 3311//3912
f 3311//3912 2537//3133 2627//3222
f 3311//3912 2627//3222 2628//3223
f 2541//3137 3301//3903 2617//3212
f 2617//3212 3301//3903 3297//3899
f 2617//3212 3297//3899 2618//3213
f 2618//3213 3297//3899 3295//3897
f 2618//3213 3295//3897 2620//3215
f 2607//3203 2616//3203 3279//3881
f 3279//3881 2616//3203 2615//3211
f 3279//3881 2615//3211 3295//3897
f 3295//3897 2615//3211 2621//3216
f 3295//3897 2621//3216 2620//3215
f 2610//3206 2608//3204 3285//3887
f 3285//3887 2608//3204 3279//3881
f 3285//3887 3279//3881 3283//3885
f 3283//3885 3279//3881 3294//3896
f 2610//3206 3285//3887 2613//3209
f 2613//3209 3285//3887 3290//3892
f 2613//3209 3290//3892 2612//3208
f 2612//3208 3290//3892 3292//3894
f 2612//3208 3292//3894 2611//3207
f 3328//3929 3329//3930 3330//3931
f 2989//3598 2863//3472 2861//3470
f 2989//3598 2861//3470 3331//3932
f 3332//3933 3333//3934 3334//3935
f 3334//3935 3335//3936 2987//3596
f 2987//3596 3335//3936 3336//3937
f 2987//3596 3336//3937 2988//3597
f 3334//3935 2987//3596 3332//3933
f 3332//3933 2987//3596 2991//3600
f 3332//3933 2991//3600 3331//3932
f 3331//3932 2991//3600 2990//3599
f 3331//3932 2990//3599 2989//3598
f 3289//3891 3337//3938 3291//3893
f 3291//3893 3337//3938 3292//3894
f 3328//3929 3330//3931 3338//3939
f 3338//3939 3330//3931 3337//3938
f 3338//3939 3337//3938 3339//3940
f 3339//3940 3337//3938 3289//3891
f 3339//3940 3289//3891 3288//3890
f 2820//3417 2865//3474 3330//3931
f 3330//3931 2865//3474 2864//3473
f 3330//3931 2864//3473 3337//3938
f 3337//3938 2864//3473 2819//3416
f 3337//3938 2819//3416 3292//3894
f 3292//3894 2819//3416 2611//3207
f 2821//3418 2820//3417 3332//3933
f 3332//3933 2820//3417 3330//3931
f 3332//3933 3330//3931 3333//3934
f 3333//3934 3330//3931 3329//3930
f 2861//3470 2860//3469 3331//3932
f 3331//3932 2860//3469 2858//3467
f 3331//3932 2858//3467 3332//3933
f 3332//3933 2858//3467 2857//3466
f 3332//3933 2857//3466 2821//3418
f 3340//3941 3341//3942 3342//3943
f 3006//3617 3012//3623 3343//3944
f 3344//3945 3345//3946 3346//3947
f 3346//3947 3345//3946 3347//3948
f 3344//3945 3348//3949 3349//3950
f 3350//3951 3351//3952 3352//3953
f 3024//3635 3353//3954 3350//3951
f 3350//3951 3353//3954 3354//3955
f 3350//3951 3354//3955 3351//3952
f 3024//3635 3023//3634 3353//3954
f 3353//3954 3023//3634 3026//3637
f 3353//3954 3026//3637 2988//3597
f 3018//3629 3017//3628 3350//3951
f 3350//3951 3017//3628 3025//3636
f 3350//3951 3025//3636 3024//3635
f 3019//3630 3355//3956 3020//3631
f 3020//3631 3355//3956 3356//3957
f 3020//3631 3356//3957 3021//3632
f 3021//3632 3356//3957 3022//3633
f 3008//3619 3015//3626 3356//3957
f 3356//3957 3015//3626 3014//3625
f 3356//3957 3014//3625 3022//3633
f 3012//3623 3011//3622 3343//3944
f 3343//3944 3011//3622 3010//3621
f 3343//3944 3010//3621 3357//3958
f 3007//3618 3006//3617 3358//3959
f 3358//3959 3006//3617 3343//3944
f 3358//3959 3343//3944 3359//3960
f 3359//3960 3343//3944 3360//3961
f 3361//3962 3362//3962 3357//3958
f 3357//3958 3362//3962 3363//3963
f 3357//3958 3363//3963 3343//3944
f 3343//3944 3363//3963 3364//3961
f 3343//3944 3364//3961 3360//3961
f 3361//3962 3357//3958 3365//3964
f 3365//3964 3357//3958 3366//3965
f 3365//3964 3366//3965 3367//3966
f 3341//3942 3368//3942 3342//3943
f 3342//3943 3368//3942 3369//3967
f 3342//3943 3369//3967 3366//3965
f 3366//3965 3369//3967 3370//3968
f 3366//3965 3370//3968 3367//3966
f 3344//3945 3349//3950 3345//3946
f 3345//3946 3349//3950 3371//3969
f 3345//3946 3371//3969 3372//3970
f 3019//3630 3018//3629 3355//3956
f 3355//3956 3018//3629 3350//3951
f 3355//3956 3350//3951 3345//3946
f 3345//3946 3350//3951 3352//3953
f 3345//3946 3352//3953 3347//3948
f 3010//3621 3008//3619 3357//3958
f 3357//3958 3008//3619 3356//3957
f 3357//3958 3356//3957 3366//3965
f 3366//3965 3356//3957 3355//3956
f 3366//3965 3355//3956 3342//3943
f 3342//3943 3355//3956 3345//3946
f 3342//3943 3345//3946 3340//3941
f 3340//3941 3345//3946 3372//3970
f 3053//3664 3052//3663 3373//3971
f 3374//3972 3069//3681 3068//3680
f 3068//3680 3071//3683 3375//3973
f 3374//3972 3068//3680 3376//3974
f 3376//3974 3068//3680 3377//3975
f 3377//3975 3068//3680 3375//3973
f 3377//3975 3375//3973 3378//3976
f 3379//3977 3380//3978 3381//3979
f 3381//3979 3380//3978 3382//3980
f 3381//3979 3382//3980 3375//3973
f 3375//3973 3382//3980 3383//3981
f 3375//3973 3383//3981 3378//3976
f 3384//3982 3385//3983 3386//3984
f 3386//3984 3385//3983 3387//3985
f 3386//3984 3387//3985 3388//3986
f 3389//3987 3390//3988 3391//3989
f 3389//3987 3391//3989 3386//3984
f 3386//3984 3391//3989 3392//3990
f 3386//3984 3392//3990 3384//3982
f 3393//3991 3394//3992 3395//3993
f 3395//3993 3394//3992 3396//3994
f 3395//3993 3396//3994 3397//3995
f 3340//3941 3372//3970 3398//3996
f 3398//3996 3372//3970 3371//3969
f 3398//3996 3371//3969 3349//3950
f 3348//3949 3399//3997 3349//3950
f 3349//3950 3399//3997 3400//3998
f 3349//3950 3400//3998 3398//3996
f 3398//3996 3400//3998 3401//3999
f 3398//3996 3401//3999 3395//3993
f 3395//3993 3401//3999 3402//4000
f 3395//3993 3402//4000 3393//3991
f 3369//3967 3368//3942 3403//4001
f 3403//4001 3368//3942 3341//3942
f 3361//3962 3365//3964 3404//4002
f 3404//4002 3365//3964 3367//3966
f 3360//3961 3364//3961 3405//4003
f 3405//4003 3364//3961 3363//3963
f 3405//4003 3363//3963 3404//4002
f 3404//4002 3363//3963 3362//3962
f 3404//4002 3362//3962 3361//3962
f 3360//3961 3405//4003 3359//3960
f 3359//3960 3405//4003 3406//4004
f 3359//3960 3406//4004 3358//3959
f 2168//2756 3007//3618 3048//3659
f 3048//3659 3007//3618 3358//3959
f 3048//3659 3358//3959 3047//3658
f 3047//3658 3358//3959 3406//4004
f 3051//3662 3050//3661 3406//4004
f 3406//4004 3050//3661 3049//3660
f 3406//4004 3049//3660 3047//3658
f 3407//4005 3042//3653 3054//3665
f 3408//4006 3045//3656 3407//4005
f 3407//4005 3045//3656 3043//3654
f 3407//4005 3043//3654 3042//3653
f 3031//3642 3030//3641 3408//4006
f 3408//4006 3030//3641 3046//3657
f 3408//4006 3046//3657 3045//3656
f 3027//3638 3034//3645 3078//3690
f 3078//3690 3034//3645 3033//3644
f 3078//4007 3033//4007 3079//4007
f 3073//3685 3072//3684 3408//4006
f 3033//3644 3031//3642 3079//3691
f 3079//3691 3031//3642 3408//4006
f 3079//3691 3408//4006 3077//3689
f 3077//3689 3408//4006 3072//3684
f 3388//3986 3380//3978 3386//3984
f 3386//3984 3380//3978 3379//3977
f 3386//3984 3379//3977 3389//3987
f 3389//3987 3379//3977 3409//4008
f 3395//3993 3410//4009 3398//3996
f 3398//3996 3410//4009 3403//4001
f 3398//3996 3403//4001 3340//3941
f 3340//3941 3403//4001 3341//3942
f 3370//3968 3369//3967 3411//4010
f 3411//4010 3369//3967 3403//4001
f 3411//4010 3403//4001 3412//4011
f 3412//4011 3403//4001 3410//4009
f 3412//4011 3410//4009 3409//4008
f 3409//4008 3410//4009 3395//3993
f 3409//4008 3395//3993 3389//3987
f 3389//3987 3395//3993 3397//3995
f 3389//3987 3397//3995 3390//3988
f 3413//4012 3407//4005 3373//3971
f 3373//3971 3407//4005 3054//3665
f 3373//3971 3054//3665 3053//3664
f 3051//3662 3406//4004 3052//3663
f 3052//3663 3406//4004 3405//4003
f 3052//3663 3405//4003 3373//3971
f 3373//3971 3405//4003 3404//4002
f 3373//3971 3404//4002 3413//4012
f 3075//3687 3073//3685 3414//4013
f 3414//4013 3073//3685 3408//4006
f 3414//4013 3408//4006 3415//4014
f 3415//4014 3408//4006 3407//4005
f 3415//4014 3407//4005 3416//4015
f 3416//4015 3407//4005 3413//4012
f 3071//3683 3075//3687 3375//3973
f 3375//3973 3075//3687 3414//4013
f 3375//3973 3414//4013 3381//3979
f 3381//3979 3414//4013 3415//4014
f 3381//3979 3415//4014 3379//3977
f 3379//3977 3415//4014 3416//4015
f 3379//3977 3416//4015 3409//4008
f 3409//4008 3416//4015 3413//4012
f 3409//4008 3413//4012 3412//4011
f 3412//4011 3413//4012 3404//4002
f 3412//4011 3404//4002 3411//4010
f 3411//4010 3404//4002 3367//3966
f 3411//4010 3367//3966 3370//3968
f 3092//4016 3067//3679 3417//4017
f 3417//4017 3067//3679 3066//3678
f 3066//3678 3070//3682 3417//4017
f 3417//4017 3070//3682 3069//3681
f 3417//4017 3069//3681 3374//3972
f 3376//3974 3418//4018 3374//3972
f 3374//4019 3418//4020 3419//4021
f 3374//4019 3419//4021 3417//4021
f 3092//4016 3417//4017 3420//4022
f 3421//4023 3422//4024 3093//4025
f 3092//4016 3420//4022 3093//4025
f 3093//4025 3420//4022 3423//4026
f 3093//4025 3423//4026 3421//4023
f 3118//3704 3094//3702 3424//4027
f 3424//4027 3094//3702 3105//4028
f 3425//4029 3426//4030 3110//4031
f 3110//4031 3426//4030 3427//4032
f 3110//4031 3427//4032 3105//4028
f 3105//4028 3427//4032 3428//4033
f 3105//4028 3428//4033 3424//4027
f 3429//4034 3430//4035 3109//4036
f 3109//4036 3430//4035 3431//4037
f 3109//4036 3431//4037 3110//4031
f 3110//4031 3431//4037 3432//4038
f 3110//4031 3432//4038 3425//4029
f 3429//4034 3109//4036 3433//4039
f 3433//4039 3109//4036 3108//4040
f 3433//4039 3108//4040 3434//4041
f 3435//4042 3436//4043 3111//4044
f 3111//4044 3436//4043 3437//4045
f 3111//4044 3437//4045 3108//4040
f 3108//4040 3437//4045 3438//4046
f 3108//4040 3438//4046 3434//4041
f 3439//4047 3440//4048 3113//4049
f 3113//4049 3440//4048 3441//4050
f 3113//4049 3441//4050 3111//4044
f 3111//4044 3441//4050 3442//4051
f 3111//4044 3442//4051 3435//4042
f 3443//4052 3444//4053 3112//4054
f 3112//4054 3444//4053 3445//4055
f 3112//4054 3445//4055 3113//4049
f 3113//4049 3445//4055 3446//4056
f 3113//4049 3446//4056 3439//4047
f 3447//4057 3448//4058 3104//4059
f 3104//4059 3448//4058 3449//4060
f 3104//4059 3449//4060 3112//4054
f 3112//4054 3449//4060 3450//4061
f 3112//4054 3450//4061 3443//4052
f 3451//4062 3452//4063 3103//4064
f 3103//4064 3452//4063 3453//4065
f 3103//4064 3453//4065 3104//4059
f 3104//4059 3453//4065 3454//4066
f 3104//4059 3454//4066 3447//4057
f 3106//4067 3455//4068 3456//4069
f 3456//4069 3457//4070 3106//4067
f 3106//4067 3457//4070 3458//4071
f 3106//4067 3458//4071 3103//4064
f 3103//4064 3458//4071 3459//4072
f 3103//4064 3459//4072 3451//4062
f 3460//4073 3461//4074 3107//4075
f 3107//4075 3461//4074 3462//4076
f 3107//4075 3462//4076 3106//4067
f 3106//4067 3462//4076 3463//4077
f 3106//4067 3463//4077 3455//4068
f 3464//4078 3465//4079 3086//4080
f 3086//4080 3465//4079 3466//4081
f 3086//4080 3466//4081 3107//4075
f 3107//4075 3466//4081 3467//4082
f 3107//4075 3467//4082 3460//4073
f 3091//4083 3468//4084 3469//4085
f 3091//4083 3469//4085 3086//4080
f 3086//4080 3469//4085 3470//4086
f 3086//4080 3470//4086 3464//4078
f 3471//4087 3091//4083 3472//4088
f 3472//4088 3091//4083 3101//4089
f 3471//4087 3473//4090 3091//4083
f 3091//4083 3473//4090 3474//4091
f 3091//4083 3474//4091 3468//4084
f 3475//4092 3476//4093 3101//4089
f 3101//4089 3476//4093 3477//4094
f 3101//4089 3477//4094 3472//4088
f 3478//4095 3100//4096 3479//4097
f 3479//4097 3100//4096 3093//4025
f 3479//4097 3093//4025 3480//4098
f 3480//4098 3093//4025 3422//4024
f 3478//4095 3481//4099 3100//4096
f 3100//4096 3481//4099 3482//4100
f 3100//4096 3482//4100 3101//4089
f 3101//4089 3482//4100 3483//4101
f 3101//4089 3483//4101 3475//4092
f 3484//4102 3485//4103 3486//4104
f 3487//4105 3488//4106 3489//4107
f 3490//4108 3491//4109 3492//4110
f 3467//4082 3493//4111 3494//4112
f 3470//4086 3495//4113 3496//4114
f 3380//3978 3388//3986 3487//4105
f 3393//3991 3402//4000 3497//4115
f 3400//3998 3399//3997 3498//4116
f 3335//3936 3499//4117 3336//3937
f 3302//3904 3300//3902 3500//4118
f 3501//4119 3502//4120 3503//4121
f 1347//4122 1355//4123 3504//4124
f 1382//4125 1380//4126 3505//4127
f 3505//4127 1380//4126 1379//4128
f 1378//4129 1385//4130 3506//4131
f 3506//4131 1385//4130 1384//4132
f 3507//4133 1375//4134 1376//4135
f 3508//4136 1368//4137 1371//4138
f 3508//4136 1371//4138 1373//4139
f 1369//4140 3509//4141 1370//4142
f 1370//4142 3509//4141 1358//4143
f 1363//4144 1361//4145 3510//4146
f 3510//4146 1361//4145 1360//4147
f 3510//4146 1360//4147 1356//4148
f 1352//4149 1351//4150 3511//4151
f 3511//4151 1351//4150 1366//4152
f 3511//4151 1366//4152 3510//4146
f 3510//4146 1366//4152 1365//4153
f 3510//4146 1365//4153 1363//4144
f 1342//4154 1350//4155 3504//4124
f 3504//4124 1350//4155 1349//4156
f 3504//4124 1349//4156 1347//4122
f 1340//4157 1339//4158 3512//4159
f 3512//4159 1339//4158 1345//4160
f 3512//4159 1345//4160 1343//4161
f 1702//4162 1701//4163 3513//4164
f 3514//4165 1721//4166 1702//4162
f 1717//4167 1716//4168 3503//4121
f 3503//4121 1716//4168 1723//4169
f 3503//4121 1723//4169 3514//4165
f 3514//4165 1723//4169 1722//4170
f 3514//4165 1722//4170 1721//4166
f 3502//4120 1719//2131 3503//4121
f 3503//4121 1719//2131 1718//2130
f 3503//4121 1718//2130 1717//4167
f 3515//4171 3516//4172 3517//4173
f 1702//4162 3513//4164 3514//4165
f 3514//4165 3513//4164 3515//4171
f 3514//4165 3515//4171 3503//4121
f 3503//4121 3515//4171 3517//4173
f 3503//4121 3517//4173 3501//4119
f 3515//4171 3320//3921 3325//3926
f 3516//4172 3515//4171 3518//4174
f 3518//4174 3515//4171 3325//3926
f 3518//4174 3325//3926 3324//3925
f 3324//3925 3323//3924 3518//4174
f 3518//4174 3323//3924 3322//3923
f 3518//4174 3322//3923 3321//3922
f 3321//3922 3326//3927 3518//4174
f 3518//4174 3326//3927 3327//3928
f 3518//4174 3327//3928 3244//3847
f 3316//3917 3281//3883 3515//4171
f 3281//3883 3280//3882 3515//4171
f 3515//4171 3280//3882 3319//3920
f 3515//4171 3319//3920 3320//3921
f 3313//3914 3315//3916 3519//4175
f 3315//3916 3318//3919 3519//4175
f 3519//4175 3318//3919 3317//3918
f 3519//4175 3317//3918 3316//3917
f 3308//3910 3307//3909 3520//4176
f 3520//4176 3307//3909 3310//3911
f 3520//4176 3310//3911 3312//3913
f 3521//4177 3306//3908 3309//3908
f 3306//3908 3521//4177 3304//3906
f 3304//3906 3521//4177 3522//4178
f 3304//3906 3522//4178 3299//3901
f 3302//3904 3500//4118 3303//3905
f 3303//3905 3500//4118 3523//4179
f 3303//3905 3523//4179 3298//3900
f 3283//3885 3294//3896 3524//4180
f 3524//4180 3294//3896 3293//3895
f 3524//4180 3293//3895 3523//4179
f 3523//4179 3293//3895 3296//3898
f 3523//4179 3296//3898 3298//3900
f 3288//3890 3287//3889 3525//4181
f 3525//4181 3287//3889 3286//3888
f 3525//4181 3286//3888 3524//4180
f 3524//4180 3286//3888 3284//3886
f 3524//4180 3284//3886 3283//3885
f 3333//3934 3329//3930 3526//4182
f 3333//3934 3526//4182 3334//3935
f 3329//3930 3328//3929 3526//4182
f 3526//4182 3328//3929 3338//3939
f 3526//4182 3338//3939 3525//4181
f 3525//4181 3338//3939 3339//3940
f 3525//4181 3339//3940 3288//3890
f 3348//3949 3344//3945 3527//4183
f 3527//4183 3344//3945 3346//3947
f 3347//3948 3352//3953 3528//4184
f 2988//3597 3336//3937 3353//3954
f 3353//3954 3336//3937 3499//4117
f 3353//3954 3499//4117 3354//3955
f 3354//3955 3499//4117 3528//4184
f 3354//3955 3528//4184 3351//3952
f 3351//3952 3528//4184 3352//3953
f 3400//3998 3498//4116 3401//3999
f 3393//3991 3497//4115 3394//3992
f 3392//3990 3391//3989 3529//4185
f 3391//3989 3390//3988 3529//4185
f 3529//4185 3390//3988 3397//3995
f 3529//4185 3397//3995 3396//3994
f 3388//3986 3387//3985 3487//4105
f 3487//4105 3387//3985 3385//3983
f 3487//4105 3385//3983 3488//4106
f 3488//4106 3385//3983 3384//3982
f 3488//4106 3384//3982 3392//3990
f 3486//4104 3383//3981 3382//3980
f 3417//4017 3419//4186 3530//4187
f 3530//4187 3419//4186 3418//4018
f 3378//3976 3530//4187 3377//3975
f 3377//3975 3530//4187 3418//4018
f 3377//3975 3418//4018 3376//3974
f 3417//4017 3530//4187 3420//4022
f 3420//4022 3530//4187 3531//4188
f 3420//4022 3531//4188 3423//4026
f 3423//4026 3531//4188 3421//4023
f 3421//4023 3531//4188 3532//4189
f 3421//4023 3532//4189 3422//4024
f 3422//4024 3532//4189 3480//4098
f 3480//4098 3532//4189 3533//4190
f 3480//4098 3533//4190 3479//4097
f 3483//4101 3482//4100 3534//4191
f 3534//4191 3482//4100 3481//4099
f 3534//4191 3481//4099 3533//4190
f 3533//4190 3481//4099 3478//4095
f 3533//4190 3478//4095 3479//4097
f 3483//4101 3534//4191 3475//4092
f 3475//4092 3534//4191 3535//4192
f 3475//4092 3535//4192 3476//4093
f 3471//4087 3472//4088 3536//4193
f 3536//4193 3472//4088 3477//4094
f 3470//4086 3469//4085 3495//4113
f 3495//4113 3469//4085 3468//4084
f 3495//4113 3468//4084 3537//4194
f 3537//4194 3468//4084 3474//4091
f 3537//4194 3474//4091 3473//4090
f 3467//4082 3466//4081 3493//4111
f 3493//4111 3466//4081 3465//4079
f 3493//4111 3465//4079 3496//4114
f 3496//4114 3465//4079 3464//4078
f 3496//4114 3464//4078 3470//4086
f 3463//4077 3462//4076 3538//4195
f 3538//4195 3462//4076 3461//4074
f 3538//4195 3461//4074 3494//4112
f 3494//4112 3461//4074 3460//4073
f 3494//4112 3460//4073 3467//4082
f 3463//4077 3538//4195 3455//4068
f 3455//4068 3538//4195 3539//4196
f 3455//4068 3539//4196 3456//4069
f 3451//4062 3459//4072 3540//4197
f 3540//4197 3459//4072 3458//4071
f 3540//4197 3458//4071 3539//4196
f 3539//4196 3458//4071 3457//4070
f 3539//4196 3457//4070 3456//4069
f 3541//4198 3542//4199 3540//4197
f 3540//4197 3542//4199 3543//4200
f 3540//4197 3543//4200 3451//4062
f 3451//4062 3543//4200 3544//4201
f 3451//4062 3544//4201 3452//4063
f 3545//4202 3546//4203 3547//4204
f 3547//4204 3546//4203 3548//4205
f 3545//4202 3547//4204 3549//4206
f 3549//4206 3547//4204 3550//4207
f 3549//4206 3550//4207 3551//4208
f 3551//4208 3550//4207 3552//4209
f 3552//4209 3550//4207 3553//4210
f 3552//4209 3553//4210 3554//4211
f 3554//4211 3553//4210 3555//4212
f 3554//4211 3555//4212 3556//4213
f 3557//4214 3558//4215 3555//4212
f 3555//4212 3558//4215 3559//4216
f 3555//4212 3559//4216 3556//4213
f 3560//4217 3561//4218 3562//4219
f 3562//4219 3561//4218 3563//4220
f 3562//4219 3563//4220 3557//4214
f 3557//4214 3563//4220 3564//4221
f 3557//4214 3564//4221 3558//4215
f 3560//4217 3562//4219 3565//4222
f 3565//4222 3562//4219 3566//4223
f 3565//4222 3566//4223 3567//4224
f 3567//4224 3566//4223 3568//4225
f 3568//4225 3566//4223 3569//4226
f 3568//4225 3569//4226 3570//4227
f 3569//4226 1735//4228 3570//4227
f 3570//4227 1735//4228 1737//4229
f 3570//4227 1737//4229 3571//4230
f 3571//4230 1737//4229 1738//2150
f 1733//4231 1731//4232 3569//4226
f 3569//4226 1731//4232 1730//4233
f 3569//4226 1730//4233 1735//4228
f 1728//4234 1726//4235 3572//4236
f 3572//4236 1726//4235 1725//4235
f 3572//4236 1725//4235 1734//4237
f 3573//4238 3574//4239 3575//4240
f 3576//4241 3526//4182 3577//4242
f 3577//4242 3526//4182 3525//4181
f 3577//4242 3525//4181 3578//4243
f 3578//4243 3525//4181 3524//4180
f 3578//4243 3524//4180 3579//4244
f 3579//4244 3524//4180 3523//4179
f 3579//4244 3523//4179 3580//4245
f 3580//4245 3523//4179 3500//4118
f 3580//4245 3500//4118 3573//4238
f 3346//3947 3347//3948 3527//4183
f 3527//4183 3347//3948 3528//4184
f 3527//4183 3528//4184 3576//4241
f 3576//4241 3528//4184 3499//4117
f 3576//4241 3499//4117 3526//4182
f 3526//4182 3499//4117 3335//3936
f 3526//4182 3335//3936 3334//3935
f 3573//4238 3575//4240 3580//4245
f 3580//4245 3575//4240 3581//4246
f 3580//4245 3581//4246 3579//4244
f 3579//4244 3581//4246 3582//4247
f 3579//4244 3582//4247 3578//4243
f 3578//4243 3582//4247 3583//4248
f 3578//4243 3583//4248 3577//4242
f 3577//4242 3583//4248 3584//4249
f 3577//4242 3584//4249 3576//4241
f 3576//4241 3584//4249 3585//4250
f 3576//4241 3585//4250 3527//4183
f 3574//4239 3586//4251 3575//4240
f 3575//4240 3586//4251 3587//4252
f 3575//4240 3587//4252 3581//4246
f 3581//4246 3587//4252 3588//4253
f 3581//4246 3588//4253 3582//4247
f 3582//4247 3588//4253 3589//4254
f 3582//4247 3589//4254 3583//4248
f 3583//4248 3589//4254 3590//4255
f 3583//4248 3590//4255 3584//4249
f 3584//4249 3590//4255 3591//4256
f 3584//4249 3591//4256 3585//4250
f 3585//4250 3591//4256 3592//4257
f 3585//4250 3592//4257 3527//4183
f 3593//4258 3594//4259 3490//4108
f 3595//4260 3596//4261 3597//4262
f 3597//4262 3596//4261 3598//4263
f 3597//4262 3598//4263 3599//4264
f 3599//4264 3598//4263 3600//4265
f 3599//4264 3600//4265 3601//4266
f 3601//4266 3600//4265 3602//4267
f 3490//4108 3492//4110 3593//4258
f 3593//4258 3492//4110 3603//4268
f 3593//4258 3603//4268 3604//4269
f 3604//4269 3603//4268 3605//4270
f 3604//4269 3605//4270 3606//4271
f 3606//4271 3605//4270 3607//4272
f 3606//4271 3607//4272 3608//4273
f 3392//3990 3529//4185 3488//4106
f 3488//4106 3529//4185 3609//4274
f 3488//4106 3609//4274 3489//4107
f 3489//4107 3609//4274 3610//4275
f 3489//4107 3610//4275 3611//4276
f 3485//4103 3484//4102 3612//4277
f 3612//4277 3484//4102 3613//4278
f 3612//4277 3613//4278 3595//4260
f 3595//4260 3613//4278 3614//4279
f 3595//4260 3614//4279 3596//4261
f 3382//3980 3380//3978 3486//4104
f 3486//4104 3380//3978 3487//4105
f 3486//4104 3487//4105 3484//4102
f 3484//4102 3487//4105 3489//4107
f 3484//4102 3489//4107 3613//4278
f 3613//4278 3489//4107 3611//4276
f 3613//4278 3611//4276 3614//4279
f 3601//4266 3535//4192 3599//4264
f 3599//4264 3535//4192 3534//4191
f 3599//4264 3534//4191 3597//4262
f 3597//4262 3534//4191 3533//4190
f 3597//4262 3533//4190 3595//4260
f 3595//4260 3533//4190 3532//4189
f 3595//4260 3532//4189 3612//4277
f 3612//4277 3532//4189 3531//4188
f 3612//4277 3531//4188 3485//4103
f 3485//4103 3531//4188 3530//4187
f 3485//4103 3530//4187 3486//4104
f 3486//4104 3530//4187 3378//3976
f 3486//4104 3378//3976 3383//3981
f 1369//4140 1368//4137 3509//4141
f 3509//4141 1368//4137 3508//4136
f 3509//4141 3508//4136 3507//4133
f 3507//4133 3508//4136 1373//4139
f 3507//4133 1373//4139 1375//4134
f 3615//4280 3616//4281 3617//4282
f 3618//4283 3619//4284 3620//4285
f 3620//4285 3619//4284 3621//4286
f 3620//4285 3621//4286 3622//4287
f 3622//4287 3621//4286 3623//4288
f 3622//4287 3623//4288 3617//4282
f 3617//4282 3623//4288 3615//4280
f 3615//4280 3623//4288 3624//4289
f 3615//4280 3624//4289 3625//4290
f 3625//4290 3624//4289 3626//4291
f 3625//4290 3626//4291 3627//4292
f 3627//4292 3626//4291 3628//4293
f 3627//4292 3628//4293 3629//4294
f 3629//4294 3628//4293 3630//4295
f 3629//4294 3630//4295 3631//4296
f 3631//4296 3630//4295 3632//4297
f 3631//4296 3632//4297 3633//4298
f 3633//4298 3632//4297 3634//4299
f 3633//4298 3634//4299 3635//4300
f 3635//4300 3634//4299 3636//4301
f 3635//4300 3636//4301 3637//4302
f 3637//4302 3636//4301 3497//4115
f 3637//4302 3497//4115 3498//4116
f 3498//4116 3497//4115 3402//4000
f 3498//4116 3402//4000 3401//3999
f 3616//4281 3615//4280 3638//4303
f 3638//4303 3615//4280 3625//4290
f 3638//4303 3625//4290 3586//4251
f 3586//4251 3625//4290 3627//4292
f 3586//4251 3627//4292 3587//4252
f 3587//4252 3627//4292 3629//4294
f 3587//4252 3629//4294 3588//4253
f 3588//4253 3629//4294 3631//4296
f 3588//4253 3631//4296 3589//4254
f 3589//4254 3631//4296 3633//4298
f 3589//4254 3633//4298 3590//4255
f 3590//4255 3633//4298 3635//4300
f 3590//4255 3635//4300 3591//4256
f 3591//4256 3635//4300 3637//4302
f 3591//4256 3637//4302 3592//4257
f 3592//4257 3637//4302 3498//4116
f 3592//4257 3498//4116 3527//4183
f 3527//4183 3498//4116 3399//3997
f 3527//4183 3399//3997 3348//3949
f 3547//4204 3639//4304 3550//4207
f 3550//4207 3639//4304 3640//4305
f 3550//4207 3640//4305 3553//4210
f 3553//4210 3640//4305 3641//4306
f 3553//4210 3641//4306 3555//4212
f 3555//4212 3641//4306 3642//4307
f 3555//4212 3642//4307 3557//4214
f 3557//4214 3642//4307 3643//4308
f 3557//4214 3643//4308 3562//4219
f 3562//4219 3643//4308 3644//4309
f 3562//4219 3644//4309 3566//4223
f 3566//4223 3644//4309 3645//4310
f 3566//4223 3645//4310 3569//4226
f 3569//4226 3645//4310 3572//4236
f 3569//4226 3572//4236 1733//4231
f 1733//4231 3572//4236 1734//4237
f 1379//4128 1728//4234 3505//4127
f 3505//4127 1728//4234 3572//4236
f 3505//4127 3572//4236 3646//4311
f 3646//4311 3572//4236 3645//4310
f 3646//4311 3645//4310 3647//4312
f 3647//4312 3645//4310 3644//4309
f 3647//4312 3644//4309 3648//4313
f 3648//4313 3644//4309 3643//4308
f 3648//4313 3643//4308 3649//4314
f 3649//4314 3643//4308 3642//4307
f 3649//4314 3642//4307 3650//4315
f 3650//4315 3642//4307 3641//4306
f 3650//4315 3641//4306 3651//4316
f 3651//4316 3641//4306 3640//4305
f 3651//4316 3640//4305 3652//4317
f 3652//4317 3640//4305 3639//4304
f 3652//4317 3653//4318 3651//4316
f 3651//4316 3653//4318 3654//4319
f 3651//4316 3654//4319 3650//4315
f 3650//4315 3654//4319 3655//4320
f 3650//4315 3655//4320 3649//4314
f 3649//4314 3655//4320 3656//4321
f 3649//4314 3656//4321 3648//4313
f 3648//4313 3656//4321 3657//4322
f 3648//4313 3657//4322 3647//4312
f 3647//4312 3657//4322 3658//4323
f 3647//4312 3658//4323 3646//4311
f 3646//4311 3658//4323 3659//4324
f 3646//4311 3659//4324 3505//4127
f 3505//4127 3659//4324 3506//4131
f 3505//4127 3506//4131 1382//4125
f 1382//4125 3506//4131 1384//4132
f 1376//4135 1378//4129 3507//4133
f 3507//4133 1378//4129 3506//4131
f 3507//4133 3506//4131 3660//4325
f 3660//4325 3506//4131 3659//4324
f 3660//4325 3659//4324 3661//4326
f 3661//4326 3659//4324 3658//4323
f 3661//4326 3658//4323 3662//4327
f 3662//4327 3658//4323 3657//4322
f 3662//4327 3657//4322 3663//4328
f 3663//4328 3657//4322 3656//4321
f 3663//4328 3656//4321 3664//4329
f 3664//4329 3656//4321 3655//4320
f 3664//4329 3655//4320 3665//4330
f 3665//4330 3655//4320 3654//4319
f 3665//4330 3654//4319 3666//4331
f 3666//4331 3654//4319 3653//4318
f 3618//4283 3667//4332 3668//4333
f 3610//4275 3608//4273 3611//4276
f 3611//4276 3608//4273 3607//4272
f 3611//4276 3607//4272 3614//4279
f 3614//4279 3607//4272 3605//4270
f 3614//4279 3605//4270 3596//4261
f 3596//4261 3605//4270 3603//4268
f 3596//4261 3603//4268 3598//4263
f 3598//4263 3603//4268 3492//4110
f 3598//4263 3492//4110 3600//4265
f 3600//4265 3492//4110 3491//4109
f 3600//4265 3491//4109 3602//4267
f 3602//4267 3491//4109 3668//4333
f 3602//4267 3668//4333 3669//4334
f 3669//4334 3668//4333 3667//4332
f 3669//4334 3667//4332 3670//4335
f 3671//4336 3541//4198 3672//4337
f 3672//4337 3541//4198 3540//4197
f 3672//4337 3540//4197 3673//4338
f 3673//4338 3540//4197 3539//4196
f 3673//4338 3539//4196 3674//4339
f 3674//4339 3539//4196 3538//4195
f 3674//4339 3538//4195 3675//4340
f 3675//4340 3538//4195 3494//4112
f 3675//4340 3494//4112 3676//4341
f 3676//4341 3494//4112 3493//4111
f 3676//4341 3493//4111 3677//4342
f 3677//4342 3493//4111 3496//4114
f 3677//4342 3496//4114 3678//4343
f 3678//4343 3496//4114 3495//4113
f 3678//4343 3495//4113 3679//4344
f 3679//4344 3495//4113 3537//4194
f 3679//4344 3537//4194 3536//4193
f 3536//4193 3537//4194 3473//4090
f 3536//4193 3473//4090 3471//4087
f 3670//4335 3677//4342 3669//4334
f 3669//4334 3677//4342 3678//4343
f 3669//4334 3678//4343 3602//4267
f 3602//4267 3678//4343 3679//4344
f 3602//4267 3679//4344 3601//4266
f 3601//4266 3679//4344 3536//4193
f 3601//4266 3536//4193 3535//4192
f 3535//4192 3536//4193 3477//4094
f 3535//4192 3477//4094 3476//4093
f 3618//4283 3668//4333 3619//4284
f 3619//4284 3668//4333 3491//4109
f 3619//4284 3491//4109 3621//4286
f 3621//4286 3491//4109 3490//4108
f 3621//4286 3490//4108 3623//4288
f 3623//4288 3490//4108 3594//4259
f 3623//4288 3594//4259 3624//4289
f 3624//4289 3594//4259 3593//4258
f 3624//4289 3593//4258 3626//4291
f 3626//4291 3593//4258 3604//4269
f 3626//4291 3604//4269 3628//4293
f 3628//4293 3604//4269 3606//4271
f 3628//4293 3606//4271 3630//4295
f 3630//4295 3606//4271 3608//4273
f 3630//4295 3608//4273 3632//4297
f 3632//4297 3608//4273 3610//4275
f 3632//4297 3610//4275 3634//4299
f 3634//4299 3610//4275 3609//4274
f 3634//4299 3609//4274 3636//4301
f 3636//4301 3609//4274 3529//4185
f 3636//4301 3529//4185 3497//4115
f 3497//4115 3529//4185 3396//3994
f 3497//4115 3396//3994 3394//3992
f 3312//3913 3313//3914 3520//4176
f 3520//4176 3313//3914 3519//4175
f 3520//4176 3519//4175 3680//4345
f 1701//4163 1340//4157 3513//4164
f 3513//4164 1340//4157 3512//4159
f 3513//4164 3512//4159 3504//4124
f 3504//4124 3512//4159 1343//4161
f 3504//4124 1343//4161 1342//4154
f 3316//3917 3515//4171 3519//4175
f 3519//4175 3515//4171 3513//4164
f 3519//4175 3513//4164 3680//4345
f 3680//4345 3513//4164 3504//4124
f 3680//4345 3504//4124 3681//4346
f 3681//4346 3504//4124 1355//4123
f 3681//4346 1355//4123 3511//4151
f 3511//4151 1355//4123 1354//4149
f 3511//4151 1354//4149 1352//4149
f 3309//3908 3308//3910 3521//4177
f 3521//4177 3308//3910 3520//4176
f 3521//4177 3520//4176 3522//4178
f 3522//4178 3520//4176 3680//4345
f 3522//4178 3680//4345 3682//4347
f 3682//4347 3680//4345 3681//4346
f 3682//4347 3681//4346 3683//4348
f 3683//4348 3681//4346 3511//4151
f 3683//4348 3511//4151 3684//4349
f 3684//4349 3511//4151 3510//4146
f 3684//4349 3510//4146 3509//4141
f 3509//4141 3510//4146 1356//4148
f 3509//4141 1356//4148 1358//4143
f 3300//3902 3299//3901 3500//4118
f 3500//4118 3299//3901 3522//4178
f 3500//4118 3522//4178 3573//4238
f 3573//4238 3522//4178 3682//4347
f 3573//4238 3682//4347 3574//4239
f 3574//4239 3682//4347 3683//4348
f 3574//4239 3683//4348 3586//4251
f 3586//4251 3683//4348 3684//4349
f 3586//4251 3684//4349 3638//4303
f 3638//4303 3684//4349 3509//4141
f 3638//4303 3509//4141 3616//4281
f 3616//4281 3509//4141 3507//4133
f 3616//4281 3507//4133 3617//4282
f 3617//4282 3507//4133 3660//4325
f 3617//4282 3660//4325 3622//4287
f 3622//4287 3660//4325 3661//4326
f 3622//4287 3661//4326 3620//4285
f 3620//4285 3661//4326 3662//4327
f 3620//4285 3662//4327 3618//4283
f 3618//4283 3662//4327 3663//4328
f 3618//4283 3663//4328 3667//4332
f 3667//4332 3663//4328 3664//4329
f 3667//4332 3664//4329 3670//4335
f 3670//4335 3664//4329 3665//4330
f 3670//4335 3665//4330 3677//4342
f 3677//4342 3665//4330 3666//4331
f 3677//4342 3666//4331 3676//4341
f 3676//4341 3666//4331 3653//4318
f 3676//4341 3653//4318 3675//4340
f 3675//4340 3653//4318 3652//4317
f 3675//4340 3652//4317 3674//4339
f 3674//4339 3652//4317 3639//4304
f 3674//4339 3639//4304 3673//4338
f 3673//4338 3639//4304 3547//4204
f 3673//4338 3547//4204 3672//4337
f 3672//4337 3547//4204 3548//4205
f 3672//4337 3548//4205 3671//4336
f 3685//4350 3686//4351 3687//4352
f 3176//3772 3173//3769 3688//4353
f 3689//4354 3690//4355 3144//3739
f 3446//4056 3445//4055 3691//4356
f 3444//4053 3443//4052 3692//4357
f 3449//4060 3448//4058 3693//4358
f 3447//4057 3454//4066 3694//4359
f 3570//4227 3571//4230 3695//4360
f 1751//4361 1750//4362 3696//4363
f 1391//4364 1390//4365 3697//4366
f 1413//4367 1415//4368 3698//4369
f 1428//4370 3687//4352 1429//4371
f 1429//4371 3687//4352 3686//4351
f 1429//4371 3686//4351 1430//4372
f 1708//4373 3699//4374 1709//4375
f 1709//4375 3699//4374 3687//4352
f 1709//4375 3687//4352 1705//4376
f 1705//4376 3687//4352 1428//4370
f 3685//4350 1425//4377 1424//4378
f 1424//4378 1423//4379 3685//4350
f 3685//4350 1423//4379 1432//4380
f 3685//4350 1432//4380 3686//4351
f 3686//4351 1432//4380 1431//4381
f 3686//4351 1431//4381 1430//4372
f 1419//4382 1417//4383 3700//4384
f 1419//4382 3700//4384 1420//4385
f 1417//4383 1416//4386 3700//4384
f 3700//4384 1416//4386 1387//4387
f 3700//4384 1387//4387 1386//4387
f 1410//4388 1412//4389 3701//4390
f 3697//4366 1390//4365 3701//4390
f 3701//4390 1390//4365 1408//4391
f 3701//4390 1408//4391 1410//4388
f 1398//4392 1397//4392 3697//4366
f 3697//4366 1397//4392 1407//4393
f 3697//4366 1407//4393 1391//4364
f 1402//4394 1400//4395 3702//4396
f 3702//4396 1400//4395 1399//4397
f 3702//4396 1399//4397 3703//4398
f 3703//4398 1399//4397 1406//4399
f 3703//4398 1406//4399 1405//4400
f 1747//4401 1394//4402 3704//4403
f 3704//4403 1394//4402 1393//4404
f 3704//4403 1393//4404 3702//4396
f 3702//4396 1393//4404 1403//4405
f 3702//4396 1403//4405 1402//4394
f 3696//4363 1750//4362 3704//4403
f 3704//4403 1750//4362 1748//4406
f 3704//4403 1748//4406 1747//4401
f 1745//2159 1744//2157 3695//4360
f 3695//4360 1744//2157 1743//2156
f 3695//4360 1743//2156 3696//4363
f 3696//4363 1743//2156 1742//4407
f 3696//4363 1742//4407 1751//4361
f 3571//4230 1738//2150 1740//2153
f 3571//4230 1740//2153 3695//4360
f 3695//4360 1740//2153 1746//4408
f 3695//4360 1746//4408 1745//2159
f 3705//4409 3568//4225 3570//4227
f 3706//4410 3565//4222 3705//4409
f 3705//4409 3565//4222 3567//4224
f 3705//4409 3567//4224 3568//4225
f 3564//4221 3563//4220 3707//4411
f 3707//4411 3563//4220 3561//4218
f 3707//4411 3561//4218 3706//4410
f 3706//4410 3561//4218 3560//4217
f 3706//4410 3560//4217 3565//4222
f 3564//4221 3707//4411 3558//4215
f 3558//4215 3707//4411 3708//4412
f 3558//4215 3708//4412 3559//4216
f 3559//4216 3708//4412 3556//4213
f 3556//4213 3708//4412 3709//4413
f 3556//4213 3709//4413 3554//4211
f 3554//4211 3709//4413 3710//4414
f 3554//4211 3710//4414 3552//4209
f 3711//4415 3549//4206 3710//4414
f 3710//4414 3549//4206 3551//4208
f 3710//4414 3551//4208 3552//4209
f 3671//4336 3548//4205 3712//4416
f 3712//4416 3548//4205 3546//4203
f 3712//4416 3546//4203 3711//4415
f 3711//4415 3546//4203 3545//4202
f 3711//4415 3545//4202 3549//4206
f 3671//4336 3712//4416 3541//4198
f 3541//4198 3712//4416 3694//4359
f 3541//4198 3694//4359 3542//4199
f 3542//4199 3694//4359 3454//4066
f 3542//4199 3454//4066 3453//4065
f 3452//4063 3544//4201 3453//4065
f 3453//4065 3544//4201 3543//4200
f 3453//4065 3543//4200 3542//4199
f 3449//4060 3693//4358 3450//4061
f 3713//4417 3441//4050 3440//4048
f 3436//4043 3435//4042 3714//4418
f 3714//4418 3435//4042 3442//4051
f 3715//4419 3434//4041 3716//4420
f 3716//4420 3434//4041 3438//4046
f 3431//4037 3430//4035 3717//4421
f 3717//4421 3430//4035 3429//4034
f 3717//4421 3429//4034 3715//4419
f 3715//4419 3429//4034 3433//4039
f 3715//4419 3433//4039 3434//4041
f 3431//4037 3717//4421 3432//4038
f 3432//4038 3717//4421 3718//4422
f 3432//4038 3718//4422 3425//4029
f 3425//4029 3718//4422 3426//4030
f 3426//4030 3718//4422 3719//4423
f 3426//4030 3719//4423 3427//4032
f 3427//4032 3719//4423 3428//4033
f 3428//4033 3719//4423 3720//4424
f 3428//4033 3720//4424 3424//4027
f 3424//4027 3720//4424 3118//3704
f 3118//3704 3720//4424 3721//4425
f 3118//3704 3721//4425 3119//3705
f 3119//3705 3721//4425 3114//3698
f 3114//3698 3721//4425 3129//3719
f 3114//3698 3129//3719 3115//3699
f 3143//3738 3142//3737 3721//4425
f 3721//4425 3142//3737 3146//3741
f 3721//4425 3146//3741 3129//3719
f 3140//3735 3139//3734 3722//4426
f 3722//4426 3139//3734 3145//3740
f 3134//3729 3137//3732 3723//4427
f 3723//4427 3137//3732 3141//3736
f 3182//3778 3181//3777 3724//4428
f 3724//4428 3181//3777 3160//3755
f 3724//4428 3160//3755 3159//3754
f 3178//3774 3177//3773 3725//4429
f 3725//4429 3177//3773 3183//3779
f 3173//3769 3171//3767 3688//4353
f 3688//4353 3171//3767 3170//3766
f 3688//4353 3170//3766 3180//3776
f 3175//3771 3176//3772 3726//4430
f 3726//4430 3217//3813 3216//3812
f 3175//3771 3726//4430 3174//3770
f 3174//3770 3726//4430 3216//3812
f 3174//3770 3216//3812 2477//3074
f 3217//3813 3726//4430 3218//3814
f 3218//3814 3726//4430 3727//4431
f 3218//3814 3727//4431 3212//3808
f 3208//3804 3210//3806 3728//4432
f 3728//4432 3210//3806 3215//3811
f 3728//4432 3215//3811 3727//4431
f 3727//4431 3215//3811 3214//3810
f 3727//4431 3214//3810 3212//3808
f 3202//3798 3200//3796 3729//4433
f 3729//4433 3200//3796 3199//3795
f 3729//4433 3199//3795 3728//4432
f 3728//4432 3199//3795 3206//3802
f 3728//4432 3206//3802 3208//3804
f 3730//4434 3272//3874 3238//3841
f 3203//3799 3731//4435 3205//3801
f 3205//3801 3731//4435 3730//4434
f 3205//3801 3730//4434 3239//3842
f 3239//3842 3730//4434 3238//3841
f 3272//3874 3730//4434 3273//3875
f 3273//3875 3730//4434 3732//4436
f 3273//3875 3732//4436 3271//3873
f 3733//4437 3268//3870 3267//3869
f 3267//3869 3265//3867 3733//4437
f 3733//4437 3265//3867 3264//3866
f 3733//4437 3264//3866 3732//4436
f 3732//4436 3264//3866 3269//3871
f 3732//4436 3269//3871 3271//3873
f 3260//3862 3734//4438 3262//3864
f 3262//3864 3734//4438 3263//3865
f 3252//3855 3253//3856 3735//4439
f 3735//4439 3253//3856 3256//3859
f 3735//4439 3256//3859 3258//3861
f 3254//3857 3255//3858 3736//4440
f 3736//4440 3255//3858 3249//3852
f 3736//4440 3249//3852 3250//3853
f 3518//4174 3244//3847 3245//3848
f 3245//3848 3246//3849 3518//4174
f 3518//4174 3246//3849 3247//3850
f 3518//4174 3247//3850 3248//3851
f 3248//3851 3254//3857 3518//4174
f 3518//4174 3254//3857 3736//4440
f 3518//4174 3736//4440 3516//4172
f 3516//4172 3736//4440 3517//4173
f 1719//2131 3502//4120 1720//4441
f 1720//4441 3502//4120 3737//4442
f 1720//4441 3737//4442 1711//4443
f 1708//4373 1714//4444 3699//4374
f 3699//4374 1714//4444 1713//4445
f 3699//4374 1713//4445 3737//4442
f 3737//4442 1713//4445 1710//4446
f 3737//4442 1710//4446 1711//4443
f 3502//4120 3501//4119 3737//4442
f 3737//4442 3501//4119 3517//4173
f 3737//4442 3517//4173 3699//4374
f 3699//4374 3517//4173 3736//4440
f 3699//4374 3736//4440 3687//4352
f 3738//4447 3735//4439 3734//4438
f 3734//4438 3735//4439 3258//3861
f 3734//4438 3258//3861 3263//3865
f 3739//4448 3740//4449 3738//4447
f 3739//4448 3741//4450 3740//4449
f 3740//4449 3741//4450 3742//4451
f 3740//4449 3742//4451 3700//4384
f 1415//4368 1420//4385 3698//4369
f 3698//4369 1420//4385 3700//4384
f 3698//4369 3700//4384 3743//4452
f 3743//4452 3700//4384 3742//4451
f 3743//4452 3742//4451 3744//4453
f 3744//4453 3742//4451 3741//4450
f 1386//4387 1426//4454 3700//4384
f 3700//4384 1426//4454 1425//4377
f 3700//4384 1425//4377 3740//4449
f 3740//4449 1425//4377 3685//4350
f 3740//4449 3685//4350 3738//4447
f 3738//4447 3685//4350 3687//4352
f 3738//4447 3687//4352 3735//4439
f 3735//4439 3687//4352 3736//4440
f 3735//4439 3736//4440 3252//3855
f 3252//3855 3736//4440 3250//3853
f 3745//4455 3746//4456 3747//4457
f 3748//4458 3749//4459 3714//4418
f 3714//4418 3749//4459 3437//4045
f 3714//4418 3437//4045 3436//4043
f 3750//4460 3748//4458 3751//4461
f 3751//4461 3748//4458 3714//4418
f 3751//4461 3714//4418 3713//4417
f 3713//4417 3714//4418 3442//4051
f 3713//4417 3442//4051 3441//4050
f 3746//4456 3745//4455 3752//4462
f 3752//4462 3745//4455 3753//4463
f 3752//4462 3753//4463 3754//4464
f 3754//4464 3753//4463 3755//4465
f 3754//4464 3755//4465 3756//4466
f 3756//4466 3755//4465 3757//4467
f 3756//4466 3757//4467 3758//4468
f 3758//4468 3757//4467 3759//4469
f 3758//4468 3759//4469 3760//4470
f 3761//4471 3747//4457 3762//4472
f 3762//4472 3747//4457 3746//4456
f 3762//4472 3746//4456 3763//4473
f 3763//4473 3746//4456 3752//4462
f 3763//4473 3752//4462 3764//4474
f 3764//4474 3752//4462 3754//4464
f 3764//4474 3754//4464 3765//4475
f 3765//4475 3754//4464 3756//4466
f 3765//4475 3756//4466 3766//4476
f 3766//4476 3756//4466 3758//4468
f 3766//4476 3758//4468 3767//4477
f 3767//4477 3758//4468 3760//4470
f 3767//4477 3760//4470 3768//4478
f 3768//4478 3760//4470 3769//4479
f 3745//4455 3770//4480 3753//4463
f 3753//4463 3770//4480 3771//4481
f 3753//4463 3771//4481 3755//4465
f 3755//4465 3771//4481 3772//4482
f 3755//4465 3772//4482 3757//4467
f 3757//4467 3772//4482 3750//4460
f 3757//4467 3750//4460 3759//4469
f 3759//4469 3750//4460 3751//4461
f 3759//4469 3751//4461 3760//4470
f 3760//4470 3751//4461 3713//4417
f 3760//4470 3713//4417 3769//4479
f 3769//4479 3713//4417 3440//4048
f 3769//4479 3440//4048 3439//4047
f 3439//4047 3446//4056 3769//4479
f 3769//4479 3446//4056 3691//4356
f 3769//4479 3691//4356 3768//4478
f 3768//4478 3691//4356 3773//4483
f 3768//4478 3773//4483 3767//4477
f 3767//4477 3773//4483 3774//4484
f 3767//4477 3774//4484 3766//4476
f 3766//4476 3774//4484 3775//4485
f 3766//4476 3775//4485 3765//4475
f 3765//4475 3775//4485 3776//4486
f 3765//4475 3776//4486 3764//4474
f 3764//4474 3776//4486 3777//4487
f 3764//4474 3777//4487 3763//4473
f 3763//4473 3777//4487 3778//4488
f 3763//4473 3778//4488 3762//4472
f 3762//4472 3778//4488 3779//4489
f 3762//4472 3779//4489 3761//4471
f 3761//4471 3779//4489 3780//4490
f 3781//4491 3780//4490 3782//4492
f 3782//4492 3780//4490 3779//4489
f 3782//4492 3779//4489 3783//4493
f 3783//4493 3779//4489 3778//4488
f 3783//4493 3778//4488 3784//4494
f 3784//4494 3778//4488 3777//4487
f 3784//4494 3777//4487 3785//4495
f 3785//4495 3777//4487 3776//4486
f 3785//4495 3776//4486 3786//4496
f 3786//4496 3776//4486 3775//4485
f 3786//4496 3775//4485 3787//4497
f 3787//4497 3775//4485 3774//4484
f 3787//4497 3774//4484 3788//4498
f 3788//4498 3774//4484 3773//4483
f 3788//4498 3773//4483 3692//4357
f 3692//4357 3773//4483 3691//4356
f 3692//4357 3691//4356 3444//4053
f 3444//4053 3691//4356 3445//4055
f 3443//4052 3450//4061 3692//4357
f 3692//4357 3450//4061 3693//4358
f 3692//4357 3693//4358 3788//4498
f 3788//4498 3693//4358 3789//4499
f 3788//4498 3789//4499 3787//4497
f 3787//4497 3789//4499 3790//4500
f 3787//4497 3790//4500 3786//4496
f 3786//4496 3790//4500 3791//4501
f 3786//4496 3791//4501 3785//4495
f 3785//4495 3791//4501 3792//4502
f 3785//4495 3792//4502 3784//4494
f 3784//4494 3792//4502 3793//4503
f 3784//4494 3793//4503 3783//4493
f 3783//4493 3793//4503 3794//4504
f 3783//4493 3794//4504 3782//4492
f 3782//4492 3794//4504 3795//4505
f 3782//4492 3795//4505 3781//4491
f 3781//4491 3795//4505 3796//4506
f 3705//4409 3796//4506 3706//4410
f 3706//4410 3796//4506 3795//4505
f 3706//4410 3795//4505 3707//4411
f 3707//4411 3795//4505 3794//4504
f 3707//4411 3794//4504 3708//4412
f 3708//4412 3794//4504 3793//4503
f 3708//4412 3793//4503 3709//4413
f 3709//4413 3793//4503 3792//4502
f 3709//4413 3792//4502 3710//4414
f 3710//4414 3792//4502 3791//4501
f 3710//4414 3791//4501 3711//4415
f 3711//4415 3791//4501 3790//4500
f 3711//4415 3790//4500 3712//4416
f 3712//4416 3790//4500 3789//4499
f 3712//4416 3789//4499 3694//4359
f 3694//4359 3789//4499 3693//4358
f 3694//4359 3693//4358 3447//4057
f 3447//4057 3693//4358 3448//4058
f 3797//4507 3798//4508 3799//4509
f 3799//4509 3798//4508 3725//4429
f 3799//4509 3725//4429 3724//4428
f 3724//4428 3725//4429 3183//3779
f 3724//4428 3183//3779 3182//3778
f 3800//4510 3797//4507 3801//4511
f 3801//4511 3797//4507 3799//4509
f 3801//4511 3799//4509 3802//4512
f 3802//4512 3799//4509 3724//4428
f 3802//4512 3724//4428 3803//4513
f 3803//4513 3724//4428 3159//3754
f 3803//4513 3159//3754 3162//3757
f 3162//3757 3135//3730 3803//4513
f 3803//4513 3135//3730 3804//4514
f 3803//4513 3804//4514 3802//4512
f 3802//4512 3804//4514 3805//4515
f 3802//4512 3805//4515 3801//4511
f 3801//4511 3805//4515 3806//4516
f 3801//4511 3806//4516 3800//4510
f 3800//4510 3806//4516 3807//4517
f 3808//4518 3807//4517 3809//4519
f 3809//4519 3807//4517 3806//4516
f 3809//4519 3806//4516 3810//4520
f 3810//4520 3806//4516 3805//4515
f 3810//4520 3805//4515 3811//4521
f 3811//4521 3805//4515 3804//4514
f 3811//4521 3804//4514 3723//4427
f 3723//4427 3804//4514 3135//3730
f 3723//4427 3135//3730 3134//3729
f 3812//4522 3813//4523 3814//4524
f 3815//4525 3812//4522 3816//4526
f 3816//4526 3812//4522 3814//4524
f 3816//4526 3814//4524 3817//4527
f 3817//4527 3814//4524 3818//4528
f 3817//4527 3818//4528 3819//4529
f 3819//4529 3818//4528 3820//4530
f 3819//4529 3820//4530 3821//4531
f 3821//4531 3820//4530 3822//4532
f 3821//4531 3822//4532 3701//4390
f 3701//4390 3822//4532 3703//4398
f 3701//4390 3703//4398 3697//4366
f 3697//4366 3703//4398 1405//4400
f 3697//4366 1405//4400 1398//4392
f 3823//4533 3815//4525 3824//4534
f 3824//4534 3815//4525 3816//4526
f 3824//4534 3816//4526 3825//4535
f 3825//4535 3816//4526 3817//4527
f 3825//4535 3817//4527 3826//4536
f 3826//4536 3817//4527 3819//4529
f 3826//4536 3819//4529 3744//4453
f 3744//4453 3819//4529 3821//4531
f 3744//4453 3821//4531 3743//4452
f 3743//4452 3821//4531 3701//4390
f 3743//4452 3701//4390 3698//4369
f 3698//4369 3701//4390 1412//4389
f 3698//4369 1412//4389 1413//4367
f 3827//4537 3808//4518 3828//4538
f 3828//4538 3808//4518 3809//4519
f 3828//4538 3809//4519 3829//4539
f 3829//4539 3809//4519 3810//4520
f 3829//4539 3810//4520 3830//4540
f 3830//4540 3810//4520 3811//4521
f 3830//4540 3811//4521 3831//4541
f 3831//4541 3811//4521 3723//4427
f 3831//4541 3723//4427 3722//4426
f 3722//4426 3723//4427 3141//3736
f 3722//4426 3141//3736 3140//3735
f 3832//4542 3813//4523 3833//4543
f 3833//4543 3813//4523 3812//4522
f 3833//4543 3812//4522 3834//4544
f 3834//4544 3812//4522 3815//4525
f 3834//4544 3815//4525 3835//4545
f 3835//4545 3815//4525 3823//4533
f 3835//4545 3823//4533 3836//4546
f 3837//4547 3832//4542 3838//4548
f 3838//4548 3832//4542 3833//4543
f 3838//4548 3833//4543 3839//4549
f 3839//4549 3833//4543 3834//4544
f 3839//4549 3834//4544 3840//4550
f 3840//4550 3834//4544 3835//4545
f 3840//4550 3835//4545 3841//4551
f 3841//4551 3835//4545 3836//4546
f 3841//4551 3836//4546 3690//4355
f 3144//3739 3143//3738 3689//4354
f 3689//4354 3143//3738 3721//4425
f 3689//4354 3721//4425 3690//4355
f 3690//4355 3721//4425 3720//4424
f 3690//4355 3720//4424 3841//4551
f 3841//4551 3720//4424 3719//4423
f 3841//4551 3719//4423 3840//4550
f 3840//4550 3719//4423 3718//4422
f 3840//4550 3718//4422 3839//4549
f 3839//4549 3718//4422 3717//4421
f 3839//4549 3717//4421 3838//4548
f 3838//4548 3717//4421 3715//4419
f 3838//4548 3715//4419 3837//4547
f 3837//4547 3715//4419 3716//4420
f 3570//4227 3695//4360 3705//4409
f 3705//4409 3695//4360 3696//4363
f 3705//4409 3696//4363 3796//4506
f 3796//4506 3696//4363 3704//4403
f 3796//4506 3704//4403 3781//4491
f 3781//4491 3704//4403 3702//4396
f 3781//4491 3702//4396 3780//4490
f 3780//4490 3702//4396 3703//4398
f 3780//4490 3703//4398 3761//4471
f 3761//4471 3703//4398 3822//4532
f 3761//4471 3822//4532 3747//4457
f 3747//4457 3822//4532 3820//4530
f 3747//4457 3820//4530 3745//4455
f 3745//4455 3820//4530 3818//4528
f 3745//4455 3818//4528 3770//4480
f 3770//4480 3818//4528 3814//4524
f 3770//4480 3814//4524 3771//4481
f 3771//4481 3814//4524 3813//4523
f 3771//4481 3813//4523 3772//4482
f 3772//4482 3813//4523 3832//4542
f 3772//4482 3832//4542 3750//4460
f 3750//4460 3832//4542 3837//4547
f 3750//4460 3837//4547 3748//4458
f 3748//4458 3837//4547 3716//4420
f 3748//4458 3716//4420 3749//4459
f 3749//4459 3716//4420 3438//4046
f 3749//4459 3438//4046 3437//4045
f 3176//3772 3688//4353 3726//4430
f 3726//4430 3688//4353 3842//4552
f 3726//4430 3842//4552 3727//4431
f 3727//4431 3842//4552 3843//4553
f 3727//4431 3843//4553 3728//4432
f 3728//4432 3843//4553 3844//4554
f 3728//4432 3844//4554 3729//4433
f 3729//4433 3844//4554 3845//4555
f 3729//4433 3845//4555 3846//4556
f 3846//4556 3845//4555 3847//4557
f 3846//4556 3847//4557 3848//4558
f 3849//4559 3848//4558 3850//4560
f 3850//4560 3848//4558 3847//4557
f 3850//4560 3847//4557 3827//4537
f 3203//3799 3202//3798 3731//4435
f 3731//4435 3202//3798 3729//4433
f 3731//4435 3729//4433 3730//4434
f 3730//4434 3729//4433 3846//4556
f 3730//4434 3846//4556 3732//4436
f 3732//4436 3846//4556 3848//4558
f 3732//4436 3848//4558 3733//4437
f 3733//4437 3848//4558 3849//4559
f 3827//4537 3847//4557 3808//4518
f 3808//4518 3847//4557 3845//4555
f 3808//4518 3845//4555 3807//4517
f 3807//4517 3845//4555 3844//4554
f 3807//4517 3844//4554 3800//4510
f 3800//4510 3844//4554 3843//4553
f 3800//4510 3843//4553 3797//4507
f 3797//4507 3843//4553 3842//4552
f 3797//4507 3842//4552 3798//4508
f 3798//4508 3842//4552 3688//4353
f 3798//4508 3688//4353 3725//4429
f 3725//4429 3688//4353 3180//3776
f 3725//4429 3180//3776 3178//3774
f 3260//3862 3259//3862 3734//4438
f 3734//4438 3259//3862 3268//3870
f 3734//4438 3268//3870 3738//4447
f 3738//4447 3268//3870 3733//4437
f 3738//4447 3733//4437 3739//4448
f 3739//4448 3733//4437 3849//4559
f 3739//4448 3849//4559 3741//4450
f 3741//4450 3849//4559 3850//4560
f 3741//4450 3850//4560 3744//4453
f 3744//4453 3850//4560 3827//4537
f 3744//4453 3827//4537 3826//4536
f 3826//4536 3827//4537 3828//4538
f 3826//4536 3828//4538 3825//4535
f 3825//4535 3828//4538 3829//4539
f 3825//4535 3829//4539 3824//4534
f 3824//4534 3829//4539 3830//4540
f 3824//4534 3830//4540 3823//4533
f 3823//4533 3830//4540 3831//4541
f 3823//4533 3831//4541 3836//4546
f 3836//4546 3831//4541 3722//4426
f 3836//4546 3722//4426 3690//4355
f 3690//4355 3722//4426 3145//3740
f 3690//4355 3145//3740 3144//3739
