# Blender 4.3.2
# www.blender.org
mtllib link4.mtl
o link4.001
v -0.032339 0.004555 -0.018985
v -0.026323 0.004555 -0.026708
v 0.000000 0.004555 0.000000
v -0.018514 0.004555 -0.032611
v -0.009442 0.004555 -0.036292
v -0.036292 0.004555 0.009442
v -0.037499 0.004556 -0.000272
v -0.036151 0.004555 -0.009969
v -0.018985 0.004555 0.032339
v -0.026708 0.004555 0.026323
v -0.032611 0.004555 0.018514
v 0.009442 0.004555 0.036292
v -0.000272 0.004555 0.037499
v -0.009969 0.004555 0.036151
v 0.032339 0.004555 0.018985
v 0.026323 0.004555 0.026708
v 0.018514 0.004555 0.032611
v 0.036292 0.004555 -0.009442
v 0.037499 0.004555 0.000272
v 0.036151 0.004555 0.009969
v 0.018985 0.004555 -0.032339
v 0.026708 0.004555 -0.026323
v 0.032611 0.004555 -0.018514
v 0.000272 0.004555 -0.037499
v 0.009969 0.004555 -0.036151
v 0.026256 0.017855 0.026760
v 0.019807 0.017855 0.031634
v 0.030886 0.017855 0.020850
v 0.026323 0.017855 0.026708
v 0.034563 0.017855 0.013725
v 0.032339 0.017855 0.018986
v 0.036704 0.017855 0.005992
v 0.036151 0.017855 0.009969
v 0.037218 0.017855 -0.001989
v 0.037499 0.017855 0.000272
v 0.032611 0.017855 -0.018514
v 0.033034 0.017855 -0.017473
v 0.036077 0.017855 -0.009972
v 0.036292 0.017855 -0.009442
v 0.028430 0.017855 -0.024046
v 0.026709 0.017855 -0.026323
v 0.022610 0.017855 -0.029516
v 0.018986 0.017855 -0.032339
v 0.012463 0.017855 -0.035368
v 0.015847 0.017855 -0.033797
v 0.000273 0.017855 -0.037499
v 0.000348 0.017855 -0.037500
v 0.008343 0.017855 -0.036562
v 0.009953 0.017855 -0.036095
v -0.001862 0.017855 -0.037458
v -0.009436 0.017855 -0.036253
v -0.009844 0.017855 -0.036188
v -0.017372 0.017855 -0.033235
v -0.024090 0.017855 -0.028738
v -0.018449 0.017855 -0.032514
v -0.029685 0.017855 -0.022909
v -0.026175 0.017855 -0.026566
v -0.036547 0.017856 -0.008373
v -0.036012 0.017855 -0.009921
v -0.033904 0.017855 -0.016014
v -0.032155 0.017855 -0.018873
v -0.037495 0.017856 -0.000347
v -0.037499 0.017856 -0.000272
v -0.036843 0.017855 0.006973
v -0.037174 0.017855 0.003314
v -0.035381 0.017855 0.011686
v -0.036292 0.017855 0.009442
v -0.026708 0.017855 0.026323
v -0.027342 0.017855 0.025485
v -0.032200 0.017855 0.019058
v -0.032611 0.017855 0.018514
v -0.022638 0.017855 0.029494
v -0.018985 0.017855 0.032339
v -0.015841 0.017855 0.033668
v -0.009969 0.017855 0.036151
v -0.000360 0.017855 0.037498
v -0.008302 0.017855 0.036384
v 0.004777 0.017855 0.036872
v -0.000272 0.017855 0.037499
v 0.018514 0.017855 0.032611
v 0.012542 0.017855 0.035034
v 0.009442 0.017855 0.036292
v 0.020832 0.036538 -0.173006
v 0.024751 0.034009 -0.173007
v -0.020977 -0.036927 -0.172986
v -0.000445 0.042070 -0.172996
v 0.000217 0.042038 -0.172996
v -0.018728 0.037733 -0.172987
v -0.015170 0.039243 -0.172989
v -0.014408 0.039567 -0.172989
v -0.010175 0.040830 -0.172991
v 0.041747 0.005841 -0.173015
v 0.041912 0.004642 -0.173016
v -0.026765 0.032578 -0.172983
v -0.024388 0.034302 -0.172984
v 0.039161 0.015516 -0.173014
v 0.040380 0.011902 -0.173015
v 0.042189 -0.000049 -0.173016
v 0.042183 -0.000361 -0.173016
v 0.042155 -0.001881 -0.173016
v 0.038439 -0.017523 -0.173014
v 0.037397 -0.019739 -0.173013
v 0.035757 -0.022590 -0.173013
v 0.035652 -0.022772 -0.173013
v 0.033661 -0.025650 -0.173012
v 0.032396 -0.027235 -0.173011
v 0.032212 -0.027465 -0.173011
v -0.022937 0.035355 -0.172985
v -0.019930 0.037053 -0.172986
v -0.009876 0.040919 -0.172991
v -0.005126 0.041768 -0.172993
v 0.004280 0.041846 -0.172998
v 0.005444 0.041658 -0.172998
v 0.009050 0.041074 -0.173000
v 0.029075 0.030410 -0.173009
v 0.031519 0.027880 -0.173011
v 0.041707 -0.006560 -0.173015
v 0.041314 -0.008748 -0.173015
v 0.040412 -0.012145 -0.173015
v 0.040108 -0.013292 -0.173015
v 0.038886 -0.016571 -0.173014
v 0.028984 -0.030882 -0.173009
v 0.028425 -0.031369 -0.173009
v 0.026344 -0.033182 -0.173008
v 0.023944 -0.034946 -0.173007
v 0.023523 -0.035255 -0.173007
v 0.020540 -0.037088 -0.173005
v 0.010583 0.040645 -0.173001
v 0.013567 0.039809 -0.173002
v 0.015558 0.039003 -0.173003
v 0.017949 0.038035 -0.173004
v 0.020316 0.036806 -0.173005
v 0.024775 0.033993 -0.173007
v 0.028432 0.031009 -0.173009
v 0.040662 0.011067 -0.173015
v 0.041662 0.006459 -0.173015
v 0.019010 -0.037862 -0.173005
v 0.017416 -0.038668 -0.173004
v 0.015275 -0.039571 -0.173003
v 0.013728 -0.040077 -0.173002
v 0.010806 -0.041032 -0.173001
v 0.008205 -0.041611 -0.173000
v 0.033912 0.024864 -0.173012
v 0.034440 0.024199 -0.173012
v 0.035193 0.023097 -0.173012
v 0.037560 0.019038 -0.173013
v 0.038203 0.017725 -0.173014
v -0.038332 0.017772 -0.172978
v -0.037910 0.018554 -0.172978
v -0.036105 0.021901 -0.172979
v 0.007389 -0.041793 -0.172999
v 0.003920 -0.042268 -0.172998
v 0.002522 -0.042342 -0.172997
v -0.008839 -0.041539 -0.172992
v -0.013378 -0.040309 -0.172989
v -0.014393 -0.039925 -0.172989
v -0.042139 -0.004089 -0.172976
v -0.042338 0.000241 -0.172976
v -0.042206 0.002197 -0.172976
v -0.042012 0.005060 -0.172976
v -0.041398 0.008431 -0.172976
v -0.035283 0.023088 -0.172979
v -0.033415 0.025783 -0.172980
v -0.032120 0.027263 -0.172981
v -0.030233 0.029418 -0.172981
v -0.028472 0.031022 -0.172982
v -0.016652 -0.039071 -0.172988
v -0.019629 -0.037595 -0.172986
v -0.038331 -0.018160 -0.172978
v -0.039099 -0.016253 -0.172977
v -0.040098 -0.013773 -0.172977
v -0.041064 -0.010282 -0.172976
v -0.041172 0.009676 -0.172976
v -0.039811 0.014207 -0.172977
v 0.000424 -0.042454 -0.172996
v -0.003075 -0.042351 -0.172994
v -0.003211 -0.042335 -0.172994
v -0.006554 -0.041958 -0.172993
v -0.041387 -0.009117 -0.172976
v -0.042121 -0.004483 -0.172976
v -0.036318 -0.021892 -0.172979
v -0.032679 -0.027017 -0.172980
v -0.036104 -0.022289 -0.172979
v -0.033349 -0.026253 -0.172980
v -0.024920 -0.034384 -0.172984
v -0.028584 -0.031394 -0.172982
v -0.030249 -0.029787 -0.172981
v -0.024534 -0.034633 -0.172984
v 0.035212 0.025325 -0.138973
v 0.037740 0.020700 -0.139658
v 0.037184 0.020804 -0.143283
v 0.033286 0.028188 -0.138550
v 0.033383 0.028044 -0.138571
v 0.032491 0.027834 -0.142208
v 0.035172 0.025390 -0.138964
v 0.027835 0.034406 -0.137629
v 0.028007 0.034242 -0.137653
v 0.027046 0.033825 -0.141123
v 0.030038 0.032163 -0.137961
v 0.032731 0.028868 -0.138449
v 0.026390 0.033175 -0.145364
v 0.026389 0.033195 -0.145203
v 0.032061 0.027526 -0.146257
v 0.026380 0.033335 -0.144068
v 0.027006 0.033796 -0.141297
v 0.032517 0.026407 -0.155442
v 0.026438 0.032402 -0.151607
v 0.026424 0.032625 -0.149805
v 0.027962 0.031286 -0.164574
v 0.026816 0.032125 -0.154828
v 0.026805 0.032133 -0.154727
v 0.028127 0.031165 -0.165979
v 0.033569 0.025253 -0.164867
v 0.027964 0.031284 -0.164591
v 0.037888 0.018288 -0.165182
v 0.036987 0.020841 -0.144572
v 0.036979 0.020623 -0.147060
v 0.036978 0.020610 -0.147202
v 0.036960 0.020131 -0.152651
v 0.037217 0.019617 -0.155875
v 0.037233 0.019585 -0.156080
v 0.037817 0.018415 -0.163415
v 0.037879 0.018305 -0.164946
v 0.041785 -0.005950 -0.165895
v 0.041785 -0.005955 -0.165950
v 0.042186 0.000173 -0.165683
v 0.039549 0.015082 -0.147799
v 0.041399 0.009041 -0.148537
v 0.041463 0.007927 -0.156863
v 0.041673 0.006386 -0.165428
v 0.039602 0.016229 -0.140319
v 0.040037 0.014769 -0.140535
v 0.040242 0.012446 -0.165179
v 0.042073 0.005519 -0.141903
v 0.042301 0.002286 -0.142381
v 0.042323 0.002756 -0.149286
v 0.042371 0.001294 -0.142528
v 0.042172 -0.004071 -0.143321
v 0.042322 -0.003672 -0.146766
v 0.042220 -0.002937 -0.143153
v 0.042390 0.001027 -0.142567
v 0.041577 0.008601 -0.141448
v 0.042031 0.006116 -0.141815
v 0.040328 0.013795 -0.140679
v 0.041102 0.011199 -0.141063
v 0.041377 0.009695 -0.141286
v 0.038948 0.017798 -0.140087
v 0.042252 -0.003811 -0.149776
v 0.042246 -0.003822 -0.150031
v 0.042215 0.001683 -0.157370
v 0.042148 -0.004015 -0.154203
v 0.039765 0.013958 -0.156367
v 0.042030 -0.004633 -0.157707
v 0.042024 -0.004663 -0.157879
v 0.041801 -0.005829 -0.164486
v 0.040999 -0.010333 -0.158188
v 0.019283 -0.037747 -0.167227
v 0.030573 -0.029609 -0.147090
v 0.029973 -0.030208 -0.147178
v 0.030142 -0.029997 -0.152925
v 0.020593 -0.037320 -0.148224
v 0.020695 -0.037206 -0.153777
v 0.023147 -0.035846 -0.148008
v 0.025673 -0.033927 -0.153390
v 0.024140 -0.035178 -0.147910
v 0.024995 -0.034568 -0.147820
v 0.028284 -0.031895 -0.147426
v 0.027490 -0.032541 -0.147521
v 0.025553 -0.034114 -0.147753
v 0.034206 -0.025308 -0.146456
v 0.033839 -0.025763 -0.146523
v 0.034020 -0.025494 -0.152391
v 0.033338 -0.026381 -0.146614
v 0.031379 -0.028804 -0.146971
v 0.035766 -0.022899 -0.146100
v 0.037233 -0.020505 -0.151798
v 0.036576 -0.021648 -0.145916
v 0.039717 -0.015122 -0.151157
v 0.038727 -0.017377 -0.145285
v 0.037000 -0.020805 -0.145791
v 0.040800 -0.011271 -0.144384
v 0.040341 -0.013045 -0.144646
v 0.041415 -0.009453 -0.150481
v 0.039500 -0.015301 -0.144979
v 0.039440 -0.015462 -0.145003
v 0.041704 -0.007137 -0.143773
v 0.041467 -0.008692 -0.144003
v 0.041167 -0.009852 -0.144174
v 0.040582 -0.011677 -0.166123
v 0.038636 -0.017098 -0.166351
v 0.035969 -0.022206 -0.166566
v 0.032634 -0.026906 -0.166764
v 0.028692 -0.031114 -0.166942
v 0.024215 -0.034751 -0.167097
v 0.013986 -0.040045 -0.167327
v 0.008423 -0.041599 -0.167396
v 0.002697 -0.042377 -0.167433
v -0.003081 -0.042362 -0.167436
v -0.008803 -0.041555 -0.167405
v -0.014360 -0.039972 -0.167342
v -0.019646 -0.037645 -0.167246
v -0.024563 -0.034620 -0.167122
v -0.028589 -0.031382 -0.170507
v -0.028636 -0.031357 -0.166986
v -0.028729 -0.031308 -0.160005
v -0.024610 -0.034613 -0.160201
v -0.024206 -0.034973 -0.147856
v -0.024584 -0.034695 -0.147815
v -0.028508 -0.031807 -0.147386
v -0.028667 -0.031491 -0.153218
v -0.028770 -0.031287 -0.156977
v -0.028730 -0.031307 -0.159929
v -0.019605 -0.037705 -0.160449
v -0.020098 -0.037579 -0.148243
v -0.021640 -0.036862 -0.148137
v -0.013792 -0.040459 -0.148672
v -0.014151 -0.040345 -0.148655
v -0.014212 -0.040077 -0.160639
v -0.015227 -0.039845 -0.148581
v -0.019175 -0.038008 -0.148307
v -0.008534 -0.041674 -0.160766
v -0.010115 -0.041414 -0.148815
v -0.011590 -0.041155 -0.148776
v -0.008029 -0.041779 -0.148870
v -0.008241 -0.041867 -0.154316
v -0.004816 -0.042343 -0.148955
v -0.002302 -0.042609 -0.154405
v -0.003153 -0.042634 -0.148999
v -0.002178 -0.042669 -0.149004
v 0.003684 -0.042500 -0.154395
v 0.003747 -0.042522 -0.148985
v 0.000022 -0.042747 -0.149017
v 0.009818 -0.041583 -0.148849
v 0.009601 -0.041621 -0.148855
v 0.009592 -0.041544 -0.154284
v 0.006334 -0.042203 -0.148939
v 0.004951 -0.042450 -0.148975
v 0.012648 -0.040729 -0.148725
v 0.015300 -0.039765 -0.154077
v 0.014554 -0.040155 -0.148641
v 0.019090 -0.038187 -0.148352
v 0.018681 -0.038364 -0.148378
v 0.015250 -0.039853 -0.148596
v -0.002683 -0.042457 -0.160827
v 0.003220 -0.042406 -0.160820
v 0.009055 -0.041523 -0.160746
v 0.014702 -0.039831 -0.160606
v 0.020052 -0.037372 -0.160404
v 0.025003 -0.034202 -0.160144
v 0.029466 -0.030390 -0.159832
v 0.033364 -0.026011 -0.159475
v 0.036626 -0.021148 -0.159077
v 0.039190 -0.015889 -0.158646
v -0.039460 0.015484 -0.149233
v -0.039550 0.015049 -0.156205
v -0.041295 0.009395 -0.156693
v -0.041338 -0.009611 -0.158256
v -0.033045 -0.026912 -0.152677
v -0.028510 -0.031805 -0.147386
v -0.028841 -0.031457 -0.147334
v -0.032525 -0.027575 -0.146759
v -0.032752 -0.027336 -0.146723
v -0.032918 -0.026777 -0.159646
v -0.036583 -0.021495 -0.159221
v -0.039414 -0.015731 -0.158755
v -0.042293 -0.003279 -0.157737
v -0.042266 0.003107 -0.157211
v -0.039552 0.015036 -0.156406
v -0.039627 0.014675 -0.162198
v -0.041370 0.009694 -0.148321
v -0.039605 0.015399 -0.147614
v -0.039596 0.015404 -0.147712
v -0.040782 0.012578 -0.140820
v -0.040244 0.015023 -0.140459
v -0.039940 0.015202 -0.143862
v -0.041562 0.009036 -0.141344
v -0.042394 0.003356 -0.149085
v -0.042200 0.006136 -0.141772
v -0.041927 0.007375 -0.141589
v -0.042331 -0.003226 -0.143155
v -0.042388 -0.002899 -0.143107
v -0.042466 -0.003100 -0.149854
v -0.042284 0.002088 -0.142370
v -0.042272 0.002676 -0.142283
v -0.040853 -0.011700 -0.144408
v -0.041134 -0.010092 -0.144171
v -0.041539 -0.009513 -0.150613
v -0.041416 -0.008471 -0.143931
v -0.042240 -0.003745 -0.143232
v -0.040109 -0.013600 -0.144690
v -0.039621 -0.015719 -0.151350
v -0.039099 -0.016177 -0.145071
v -0.038163 -0.018565 -0.145424
v -0.036764 -0.021564 -0.152044
v -0.037606 -0.019985 -0.145635
v -0.032861 -0.027221 -0.146706
v -0.035520 -0.023166 -0.146106
v -0.036315 -0.021953 -0.145926
v 0.023710 0.037863 -0.137117
v 0.024105 0.037536 -0.137165
v 0.023147 0.036670 -0.140579
v 0.027545 0.034679 -0.137588
v 0.022591 0.035895 -0.144737
v 0.023056 0.034766 -0.154399
v -0.031390 0.027863 -0.155213
v -0.037487 0.019819 -0.147136
v -0.039790 0.016360 -0.140262
v -0.039297 0.017683 -0.140067
v -0.037877 0.019742 -0.143203
v -0.037446 0.019436 -0.156039
v -0.034665 0.023855 -0.155625
v -0.023655 0.034479 -0.154438
v -0.019333 0.037030 -0.154109
v -0.027696 0.031415 -0.154812
v -0.010068 0.040510 -0.153640
v -0.014785 0.039047 -0.153840
v -0.010118 0.040687 -0.164081
v -0.005049 0.041605 -0.164025
v 0.000091 0.041898 -0.164005
v 0.005228 0.041563 -0.164021
v 0.010288 0.040603 -0.164073
v 0.015201 0.039033 -0.164159
v 0.019895 0.036873 -0.164276
v 0.024302 0.034153 -0.164419
v 0.026992 0.035139 -0.137520
v 0.020689 0.039897 -0.136815
v 0.018751 0.039373 -0.140111
v 0.020158 0.040180 -0.136773
v 0.014082 0.041510 -0.139735
v 0.016366 0.042204 -0.136473
v 0.019606 0.040475 -0.136730
v 0.012383 0.043757 -0.136242
v 0.012877 0.043616 -0.136263
v 0.014781 0.042845 -0.136378
v 0.009676 0.044529 -0.136127
v 0.009201 0.043042 -0.139462
v 0.008269 0.044931 -0.136067
v 0.004177 0.043936 -0.139298
v 0.004402 0.045569 -0.135972
v 0.004046 0.045628 -0.135963
v -0.000912 0.044172 -0.139249
v -0.000228 0.045862 -0.135926
v -0.006317 0.045316 -0.136004
v -0.005588 0.045434 -0.135987
v -0.005989 0.043745 -0.139315
v -0.004182 0.045661 -0.135954
v -0.000967 0.045824 -0.135931
v -0.010974 0.042662 -0.139495
v -0.010844 0.044325 -0.136147
v -0.008768 0.044919 -0.136061
v -0.016584 0.042231 -0.136453
v -0.015900 0.042520 -0.136411
v -0.015791 0.040947 -0.139786
v -0.013277 0.043628 -0.136249
v -0.011555 0.044121 -0.136177
v -0.017854 0.041694 -0.136532
v -0.020373 0.038634 -0.140179
v -0.020681 0.040086 -0.136768
v -0.024659 0.035767 -0.140664
v -0.025714 0.036601 -0.137279
v -0.025675 0.036638 -0.137274
v -0.025103 0.037054 -0.137213
v -0.021855 0.039418 -0.136865
v -0.021332 0.039715 -0.136822
v -0.029192 0.033426 -0.137746
v -0.028599 0.032394 -0.141226
v -0.029632 0.032924 -0.137820
v -0.032580 0.029553 -0.138316
v -0.032146 0.028565 -0.141849
v -0.032636 0.029472 -0.138328
v -0.035254 0.024331 -0.142513
v -0.035532 0.025285 -0.138945
v -0.033091 0.028815 -0.138425
v -0.038475 0.019548 -0.139792
v -0.037585 0.021567 -0.139494
v -0.036055 0.024339 -0.139085
v 0.018704 0.037262 -0.154080
v 0.014133 0.039221 -0.153819
v 0.009398 0.040627 -0.153627
v 0.004554 0.041464 -0.153510
v -0.000342 0.041725 -0.153473
v -0.005235 0.041406 -0.153517
v 0.022605 0.035266 -0.149395
v 0.018270 0.037714 -0.148999
v 0.013730 0.039629 -0.148676
v 0.009040 0.040995 -0.148438
v 0.004249 0.041797 -0.148295
v -0.000589 0.042027 -0.148249
v -0.005419 0.041681 -0.148303
v -0.010188 0.040763 -0.148454
v -0.014842 0.039285 -0.148701
v -0.019332 0.037260 -0.149034
v -0.023606 0.034708 -0.149443
v -0.027612 0.031651 -0.149909
v 0.018245 0.038404 -0.144289
v 0.013679 0.040373 -0.143925
v 0.008947 0.041777 -0.143660
v 0.004105 0.042595 -0.143500
v -0.000788 0.042814 -0.143449
v -0.005670 0.042432 -0.143510
v -0.010481 0.041453 -0.143682
v -0.015161 0.039893 -0.143960
v -0.019655 0.037773 -0.144336
v -0.023911 0.035121 -0.144798
v -0.027881 0.031966 -0.145330
v -0.031508 0.028340 -0.145910
v -0.034733 0.024278 -0.146518
v 0.009015 0.048680 -0.130621
v 0.013556 0.047265 -0.130664
v 0.007850 0.069127 -0.105296
v 0.007434 0.071715 -0.101481
v 0.011874 0.068090 -0.105789
v 0.014507 0.070803 -0.099604
v 0.015481 0.067599 -0.104755
v 0.007225 0.072858 -0.099342
v 0.007197 0.073009 -0.099060
v 0.013472 0.074202 -0.094139
v 0.006563 0.076471 -0.092580
v 0.013251 0.074891 -0.092659
v 0.005072 0.084020 -0.069213
v 0.010459 0.083380 -0.068255
v 0.005433 0.082242 -0.076195
v 0.010723 0.082621 -0.072530
v 0.005444 0.082191 -0.076395
v 0.005040 0.084168 -0.068017
v 0.005036 0.084187 -0.067866
v 0.010003 0.084696 -0.060849
v 0.004820 0.085189 -0.059771
v 0.009985 0.084745 -0.059967
v 0.011165 0.081293 -0.076709
v 0.005710 0.080881 -0.081537
v 0.011899 0.079089 -0.083645
v 0.005928 0.079755 -0.084358
v 0.005946 0.079661 -0.084594
v 0.006545 0.076564 -0.092347
v 0.006524 0.076672 -0.092076
v 0.012096 0.078476 -0.084962
v 0.018188 0.048049 -0.127690
v 0.018490 0.050998 -0.124220
v 0.014083 0.052838 -0.124107
v 0.018535 0.051435 -0.123706
v 0.017025 0.043702 -0.133922
v 0.017825 0.045517 -0.130830
v 0.017960 0.045824 -0.130308
v 0.009304 0.054461 -0.123806
v 0.009350 0.056718 -0.121267
v 0.013453 0.060054 -0.116128
v 0.008903 0.061183 -0.115961
v 0.015713 0.066688 -0.105909
v 0.017431 0.059936 -0.114462
v 0.017641 0.058323 -0.116216
v 0.009051 0.048862 -0.130357
v 0.009204 0.049631 -0.129241
v 0.009299 0.054232 -0.124063
v 0.007222 0.085633 -0.046223
v 0.009756 0.085379 -0.046224
v 0.009757 0.085373 -0.048587
v 0.004817 0.085201 -0.059677
v 0.004750 0.085513 -0.057153
v 0.009833 0.085164 -0.052362
v 0.004721 0.085646 -0.052278
v 0.004685 0.085812 -0.046222
v 0.008881 0.061410 -0.115692
v 0.008538 0.064838 -0.111620
v 0.007880 0.068937 -0.105577
v 0.025327 0.053932 -0.116226
v 0.025384 0.053669 -0.116493
v 0.021823 0.056230 -0.116373
v 0.021045 0.041389 -0.134079
v 0.025474 0.040085 -0.131936
v 0.024729 0.039147 -0.134124
v 0.024634 0.039026 -0.134404
v 0.025621 0.040589 -0.131225
v 0.021941 0.043189 -0.130986
v 0.025675 0.040774 -0.130965
v 0.022556 0.045598 -0.127756
v 0.026299 0.042917 -0.127945
v 0.026355 0.043108 -0.127675
v 0.026490 0.043571 -0.127023
v 0.022763 0.048623 -0.124320
v 0.026459 0.045928 -0.124504
v 0.026225 0.049782 -0.120435
v 0.026420 0.048884 -0.121345
v 0.026456 0.046169 -0.124246
v 0.019422 0.065046 -0.106146
v 0.022836 0.062934 -0.106266
v 0.024442 0.058025 -0.112074
v 0.019501 0.072395 -0.093217
v 0.021136 0.067928 -0.099842
v 0.021205 0.067739 -0.100122
v 0.021765 0.066209 -0.102390
v 0.022760 0.063166 -0.105991
v 0.017502 0.077702 -0.082988
v 0.016699 0.079797 -0.077204
v 0.017938 0.076546 -0.085232
v 0.017983 0.076425 -0.085467
v 0.019439 0.072564 -0.092963
v 0.019442 0.072556 -0.092977
v 0.016672 0.079869 -0.077002
v 0.016115 0.081321 -0.072992
v 0.015751 0.082253 -0.068658
v 0.015738 0.082286 -0.068504
v 0.015186 0.083694 -0.061953
v 0.015127 0.083840 -0.060250
v 0.015124 0.083848 -0.060152
v 0.014858 0.084504 -0.052508
v 0.012284 0.085048 -0.046225
v 0.014806 0.084635 -0.046226
v 0.014834 0.084563 -0.051816
v 0.010392 0.085295 -0.046224
v 0.014856 0.084508 -0.052466
v 0.017317 0.084136 -0.046228
v 0.019816 0.083541 -0.046229
v 0.019910 0.083291 -0.052645
v 0.030118 0.042952 -0.124323
v 0.033185 0.038205 -0.125797
v 0.032859 0.036507 -0.128067
v 0.029905 0.039890 -0.127815
v 0.025878 0.067005 -0.096672
v 0.026990 0.063852 -0.100407
v 0.023640 0.073144 -0.087470
v 0.025114 0.069099 -0.093533
v 0.028148 0.036097 -0.134387
v 0.031053 0.032767 -0.135109
v 0.031078 0.032801 -0.135030
v 0.025968 0.061022 -0.106330
v 0.028470 0.059658 -0.105375
v 0.027071 0.063623 -0.100677
v 0.025179 0.068922 -0.093799
v 0.020196 0.082525 -0.060504
v 0.020203 0.082508 -0.060604
v 0.023405 0.073786 -0.086170
v 0.023360 0.073907 -0.085924
v 0.021910 0.077871 -0.077893
v 0.020568 0.081528 -0.066620
v 0.020850 0.080759 -0.069028
v 0.020868 0.080710 -0.069181
v 0.021850 0.078035 -0.077559
v 0.021875 0.077968 -0.077697
v 0.029199 0.037619 -0.131150
v 0.032820 0.036306 -0.128336
v 0.032523 0.034766 -0.130394
v 0.032201 0.034328 -0.131428
v 0.032111 0.034206 -0.131716
v 0.031167 0.032922 -0.134744
v 0.032815 0.043374 -0.120711
v 0.032835 0.043101 -0.120980
v 0.033093 0.039502 -0.124521
v 0.033111 0.039245 -0.124774
v 0.027603 0.055967 -0.111703
v 0.030470 0.053050 -0.111872
v 0.030542 0.052759 -0.112137
v 0.028916 0.051143 -0.116405
v 0.031744 0.047918 -0.116548
v 0.031816 0.047628 -0.116812
v 0.029781 0.046746 -0.120565
v 0.032792 0.043698 -0.120393
v 0.028853 0.058486 -0.106565
v 0.028940 0.058220 -0.106834
v 0.029965 0.055082 -0.110020
v 0.019911 0.083289 -0.052689
v 0.019971 0.083129 -0.056796
v 0.022298 0.082842 -0.046230
v 0.024756 0.082022 -0.046231
v 0.024822 0.081800 -0.052907
v 0.037083 0.038623 -0.118715
v 0.037475 0.035570 -0.121338
v 0.035485 0.039406 -0.121095
v 0.035243 0.046306 -0.112552
v 0.036618 0.040564 -0.117157
v 0.034590 0.044241 -0.116985
v 0.037628 0.027820 -0.129539
v 0.037010 0.026637 -0.132317
v 0.034841 0.030395 -0.131961
v 0.033771 0.029314 -0.135412
v 0.029587 0.061391 -0.101101
v 0.031496 0.055499 -0.107124
v 0.028268 0.070470 -0.086901
v 0.029517 0.066403 -0.092886
v 0.027661 0.067091 -0.094249
v 0.029969 0.064926 -0.094565
v 0.031818 0.058880 -0.101438
v 0.027484 0.073025 -0.082865
v 0.027636 0.072526 -0.083875
v 0.025885 0.072297 -0.086592
v 0.026838 0.075150 -0.078563
v 0.024399 0.076666 -0.078266
v 0.026247 0.077095 -0.074625
v 0.025124 0.080809 -0.061046
v 0.025286 0.080275 -0.064527
v 0.025787 0.078616 -0.069793
v 0.026214 0.077204 -0.074279
v 0.036563 0.026010 -0.134073
v 0.036681 0.026007 -0.133796
v 0.036083 0.025762 -0.135846
v 0.035583 0.032391 -0.128459
v 0.037914 0.032146 -0.124280
v 0.035821 0.035407 -0.124871
v 0.037940 0.031483 -0.124941
v 0.037682 0.028455 -0.128743
v 0.033218 0.049692 -0.112379
v 0.034132 0.050945 -0.108832
v 0.031872 0.058704 -0.101639
v 0.033670 0.052530 -0.107361
v 0.020014 0.083485 -0.046229
v 0.024844 0.081729 -0.055041
v 0.019857 -0.016703 -0.127208
v 0.019928 -0.017247 -0.127454
v 0.025029 -0.012746 -0.126871
v 0.032685 -0.026328 -0.142617
v 0.035064 -0.022905 -0.142180
v 0.033817 -0.021755 -0.137858
v 0.039550 0.027204 -0.125246
v 0.039168 0.031461 -0.121445
v 0.039433 0.024182 -0.128936
v 0.039918 0.011195 -0.123428
v 0.039274 0.017663 -0.119465
v 0.037740 0.014153 -0.120051
v 0.030716 0.074398 -0.075064
v 0.034104 0.064777 -0.088390
v 0.035616 0.062545 -0.088903
v 0.036473 0.055589 -0.096561
v 0.028220 0.063887 -0.046233
v 0.024743 0.062586 -0.046232
v 0.024751 0.062347 -0.054374
v 0.029544 0.064191 -0.054090
v 0.029515 0.062969 -0.063561
v 0.033939 0.065769 -0.062971
v 0.016421 0.024210 -0.109641
v 0.016447 0.023774 -0.109900
v 0.021151 0.026431 -0.109177
v 0.026964 -0.032399 -0.143386
v 0.029978 -0.029505 -0.143020
v 0.040154 -0.011515 -0.140684
v 0.038800 -0.015463 -0.141211
v 0.023663 -0.034956 -0.143712
v 0.039615 0.017685 -0.136764
v 0.040812 0.013551 -0.137277
v 0.041638 0.009351 -0.137818
v 0.042093 0.005119 -0.138384
v 0.042168 0.000885 -0.138969
v 0.041171 -0.007458 -0.140131
v 0.041850 -0.003316 -0.139557
v 0.021859 0.016111 -0.114701
v 0.016649 0.020324 -0.111949
v 0.017125 0.013465 -0.115067
v 0.015298 0.046123 -0.091784
v 0.015437 0.043036 -0.095031
v 0.020119 0.048313 -0.090072
v 0.020252 0.044622 -0.094522
v 0.015448 0.042792 -0.095288
v 0.015613 0.039104 -0.099169
v 0.020418 0.040536 -0.098665
v 0.015622 0.038934 -0.099302
v 0.015638 0.038626 -0.099544
v 0.015862 0.034236 -0.102988
v 0.020621 0.036105 -0.102487
v 0.015879 0.033896 -0.103255
v 0.016049 0.030568 -0.105866
v 0.020017 0.051569 -0.085342
v 0.015267 0.046909 -0.090634
v 0.015274 0.046731 -0.090895
v 0.015066 0.051997 -0.083195
v 0.015137 0.050201 -0.085821
v 0.015143 0.050044 -0.086051
v 0.014890 0.057210 -0.070489
v 0.014918 0.056265 -0.073914
v 0.024737 0.058126 -0.074427
v 0.014946 0.055469 -0.075645
v 0.014948 0.055384 -0.075831
v 0.014844 0.058717 -0.065020
v 0.014845 0.058682 -0.065145
v 0.024739 0.061085 -0.064157
v 0.014888 0.057254 -0.070327
v 0.024735 0.059840 -0.069290
v 0.015032 0.052978 -0.081060
v 0.024775 0.053264 -0.084368
v 0.024822 0.050149 -0.089040
v 0.024894 0.046621 -0.093454
v 0.025138 0.038504 -0.101408
v 0.029440 0.055413 -0.083285
v 0.029452 0.057985 -0.078489
v 0.024749 0.055932 -0.079478
v 0.015028 0.053079 -0.080841
v 0.033903 0.062971 -0.072673
v 0.029471 0.060105 -0.073552
v 0.033878 0.058405 -0.082174
v 0.029535 0.064379 -0.046234
v 0.029355 0.064311 -0.046234
v 0.033894 0.052226 -0.090986
v 0.014807 0.060333 -0.046227
v 0.014808 0.060119 -0.054761
v 0.022227 0.061944 -0.046230
v 0.024133 0.062358 -0.046231
v 0.014808 0.060114 -0.054795
v 0.014808 0.060107 -0.054852
v 0.014839 0.058901 -0.064352
v 0.036592 0.030344 -0.110759
v 0.038126 0.033470 -0.110153
v 0.037065 0.040307 -0.104656
v 0.035449 0.049528 -0.107737
v 0.033717 0.056267 -0.101831
v 0.031732 0.069669 -0.083777
v 0.030385 0.068777 -0.087432
v 0.031981 0.062799 -0.095062
v 0.036221 0.038887 -0.104965
v 0.036766 0.048409 -0.097897
v 0.035972 0.047057 -0.098191
v 0.036560 0.055710 -0.090127
v 0.035824 0.054400 -0.090394
v 0.036431 0.061798 -0.081441
v 0.035751 0.060509 -0.081666
v 0.036361 0.066323 -0.072105
v 0.035727 0.065040 -0.072278
v 0.036332 0.069106 -0.062597
v 0.035729 0.067822 -0.062710
v 0.037660 0.041848 -0.104369
v 0.037278 0.049891 -0.097626
v 0.036985 0.057155 -0.089884
v 0.036777 0.063230 -0.081235
v 0.036645 0.067755 -0.071948
v 0.036575 0.070542 -0.062494
v 0.036119 0.073961 -0.046237
v 0.036376 0.072536 -0.046237
v 0.036551 0.071738 -0.053592
v 0.034373 0.076368 -0.046236
v 0.035632 0.074632 -0.046237
v 0.035750 0.074520 -0.053496
v 0.035860 0.074318 -0.046237
v 0.036488 0.071919 -0.046237
v 0.036541 0.071626 -0.046237
v 0.036326 0.070300 -0.053639
v 0.036296 0.070886 -0.046237
v 0.035736 0.069014 -0.053692
v 0.035741 0.069206 -0.046237
v 0.034416 0.072809 -0.071289
v 0.034919 0.068411 -0.080391
v 0.032464 0.074650 -0.070924
v 0.033156 0.070418 -0.079935
v 0.029808 0.078697 -0.061557
v 0.029586 0.079756 -0.053146
v 0.032044 0.077263 -0.061808
v 0.033987 0.076692 -0.053386
v 0.034114 0.075526 -0.062057
v 0.026475 0.081265 -0.046232
v 0.029547 0.079913 -0.046234
v 0.029703 0.079844 -0.046234
v 0.030329 0.076221 -0.070558
v 0.034075 0.076778 -0.046236
v 0.031270 0.078783 -0.046234
v 0.033647 0.077174 -0.046236
v 0.033968 0.076877 -0.046236
v 0.031185 0.072203 -0.079487
v 0.040713 -0.007359 -0.138088
v 0.041127 -0.002937 -0.135522
v 0.039055 -0.004992 -0.132120
v 0.039635 -0.006178 -0.134071
v 0.040194 -0.006953 -0.136063
v 0.040264 -0.001149 -0.131590
v 0.039364 0.002326 -0.127782
v 0.037895 -0.001306 -0.128322
v 0.036818 0.004100 -0.124562
v 0.041196 0.002866 -0.131039
v 0.041747 0.001190 -0.134960
v 0.041956 0.005407 -0.134410
v 0.040571 0.006196 -0.127227
v 0.041673 0.007027 -0.130509
v 0.041774 0.009671 -0.133895
v 0.035888 0.011006 -0.120651
v 0.038505 0.007496 -0.123996
v 0.034584 0.027679 -0.111418
v 0.035140 0.019028 -0.116352
v 0.036379 0.071996 -0.062394
v 0.035822 0.073328 -0.062289
v 0.036499 0.069208 -0.071796
v 0.036000 0.070550 -0.071636
v 0.036711 0.064688 -0.081037
v 0.036304 0.066051 -0.080832
v 0.037023 0.058633 -0.089649
v 0.036738 0.060036 -0.089408
v 0.037434 0.051411 -0.097366
v 0.037289 0.052878 -0.097103
v 0.037932 0.043437 -0.104094
v 0.037932 0.044993 -0.103819
v 0.038502 0.035144 -0.109871
v 0.038634 0.036807 -0.109595
v 0.039758 0.019524 -0.119189
v 0.040060 0.021406 -0.118924
v 0.040703 0.015115 -0.122898
v 0.040975 0.019124 -0.122425
v 0.034210 0.036430 -0.105630
v 0.033992 0.044766 -0.098836
v 0.041733 0.011274 -0.130028
v 0.041250 0.010258 -0.126703
v 0.040642 0.019897 -0.129241
v 0.041394 0.015575 -0.129604
v 0.041210 0.013952 -0.133422
v 0.040254 0.018215 -0.132994
v 0.038880 0.022411 -0.132611
v 0.040653 0.022939 -0.125506
v 0.041469 0.014420 -0.126235
v 0.035253 0.058098 -0.096026
v 0.037435 0.047954 -0.103268
v 0.036522 0.050788 -0.102740
v 0.038436 0.040050 -0.109054
v 0.037812 0.043235 -0.108553
v 0.040271 0.025199 -0.118431
v 0.040052 0.029038 -0.118004
v 0.040239 0.027337 -0.121697
v 0.032350 0.066840 -0.087896
v 0.033752 0.060495 -0.095524
v 0.035286 0.053559 -0.102259
v 0.036827 0.046402 -0.108114
v 0.039414 0.032919 -0.117655
v 0.038303 0.036790 -0.117380
v 0.023640 -0.034945 -0.143507
v 0.023605 -0.034875 -0.143304
v 0.021887 -0.029813 -0.134524
v 0.021965 -0.030102 -0.134874
v 0.024949 -0.027690 -0.134607
v 0.022827 -0.033295 -0.138737
v 0.026052 -0.030961 -0.138843
v 0.022894 -0.033431 -0.139133
v 0.023223 -0.034099 -0.141061
v 0.028931 -0.028134 -0.138546
v 0.027674 -0.024970 -0.134355
v 0.026339 -0.019813 -0.130501
v 0.038212 -0.015217 -0.139110
v 0.037545 -0.014631 -0.137037
v 0.031522 -0.025054 -0.138217
v 0.032345 -0.018913 -0.133771
v 0.020784 -0.023736 -0.130398
v 0.020865 -0.024258 -0.130687
v 0.020892 -0.024429 -0.130782
v 0.020944 -0.024708 -0.130975
v 0.021886 -0.029806 -0.134519
v 0.023816 -0.004073 -0.123234
v 0.022751 0.005738 -0.119286
v 0.018021 0.002104 -0.119888
v 0.018920 -0.007591 -0.123572
v 0.018974 -0.008176 -0.123794
v 0.019546 -0.014349 -0.126140
v 0.017161 0.012943 -0.115304
v 0.017593 0.006716 -0.118135
v 0.017967 0.002679 -0.119669
v 0.036827 -0.013647 -0.135013
v 0.036083 -0.012227 -0.133043
v 0.030821 -0.014175 -0.129954
v 0.034598 -0.008016 -0.129251
v 0.029373 -0.007604 -0.126294
v 0.033217 -0.002033 -0.125549
v 0.028086 0.000517 -0.122570
v 0.032026 0.005470 -0.121731
v 0.027011 0.009747 -0.118501
v 0.031067 0.014081 -0.117537
v 0.026167 0.019540 -0.113788
v 0.030354 0.023285 -0.112697
v 0.025551 0.029314 -0.108157
v 0.029873 0.032526 -0.106967
v 0.029591 0.041264 -0.100174
v 0.029464 0.049027 -0.092251
v 0.029442 0.052415 -0.087886
v 0.033324 0.066717 -0.046236
v 0.033002 0.066386 -0.046235
v 0.033963 0.066966 -0.053813
v 0.035552 0.069011 -0.046237
v 0.033858 0.067267 -0.046236
v 0.016268 -0.027224 -0.130956
v 0.012615 0.022691 -0.110294
v 0.013093 0.060146 -0.046226
v 0.007223 0.059508 -0.046223
v 0.007225 0.059278 -0.055016
v -0.000398 0.059035 -0.054700
v -0.000399 0.058996 -0.055090
v 0.003369 0.059075 -0.055073
v 0.012408 -0.040473 -0.143979
v 0.006216 -0.041927 -0.144157
v 0.000022 -0.042356 -0.144225
v 0.000022 -0.042540 -0.145092
v 0.005932 -0.038766 -0.137241
v 0.000009 -0.039225 -0.137305
v 0.000016 -0.040773 -0.139502
v 0.006038 -0.040288 -0.139454
v 0.000020 -0.041770 -0.141836
v 0.006133 -0.041320 -0.141769
v 0.000020 -0.041929 -0.142208
v 0.000009 -0.039006 -0.136994
v 0.005815 -0.036713 -0.135145
v 0.000001 -0.037166 -0.135220
v -0.000024 -0.031402 -0.131385
v -0.000015 -0.033564 -0.132550
v 0.005556 -0.030951 -0.131293
v -0.000001 -0.036651 -0.134723
v -0.000059 -0.023527 -0.127837
v -0.000056 -0.024179 -0.128070
v 0.005271 -0.023075 -0.127774
v -0.000032 -0.029521 -0.130372
v 0.004972 -0.013411 -0.124329
v -0.000099 -0.014374 -0.124562
v 0.004671 -0.002474 -0.120615
v -0.000150 -0.002858 -0.120667
v -0.000102 -0.013836 -0.124380
v 0.004113 0.020612 -0.110926
v -0.000252 0.020311 -0.110946
v -0.000238 0.016967 -0.112700
v 0.004381 0.009098 -0.116264
v -0.000204 0.009318 -0.116109
v -0.000202 0.008764 -0.116318
v -0.000155 -0.001783 -0.120303
v 0.003880 0.031396 -0.104331
v -0.000298 0.031147 -0.104367
v -0.000292 0.029525 -0.105556
v -0.000267 0.023645 -0.109198
v 0.003778 0.036328 -0.100512
v -0.000314 0.034739 -0.101735
v -0.000338 0.040668 -0.096385
v -0.000335 0.039824 -0.097280
v 0.003687 0.040869 -0.096338
v -0.000319 0.036097 -0.100546
v 0.003609 0.044967 -0.091822
v -0.000352 0.044211 -0.092625
v -0.000368 0.048421 -0.087042
v -0.000366 0.047965 -0.087770
v 0.003542 0.048576 -0.086990
v -0.000354 0.044791 -0.091874
v 0.003487 0.051662 -0.081883
v -0.000379 0.051522 -0.081931
v -0.000378 0.051135 -0.082710
v 0.003443 0.054199 -0.076562
v -0.000388 0.054071 -0.076606
v -0.000387 0.053747 -0.077455
v 0.003411 0.056178 -0.071108
v -0.000394 0.056062 -0.071146
v -0.000393 0.055822 -0.072014
v 0.003389 0.057617 -0.065621
v -0.000397 0.057515 -0.065654
v -0.000397 0.057378 -0.066399
v -0.000399 0.058438 -0.060622
v 0.001717 0.059317 -0.046220
v -0.000395 0.059244 -0.046219
v -0.000396 0.059244 -0.046979
v 0.003368 0.059374 -0.046221
v 0.007258 0.057845 -0.065500
v 0.007294 0.056431 -0.070956
v 0.007347 0.054483 -0.076384
v 0.007418 0.051988 -0.081681
v 0.011541 0.046093 -0.091201
v 0.011407 0.049559 -0.086406
v 0.011702 0.042157 -0.095692
v 0.011890 0.037796 -0.099853
v 0.012105 0.033058 -0.103671
v 0.013224 0.011607 -0.115692
v 0.013918 0.000441 -0.120118
v 0.014675 -0.010143 -0.123906
v 0.015469 -0.019533 -0.127408
v 0.017034 -0.032891 -0.134799
v 0.018294 -0.038085 -0.143684
v 0.018028 -0.037475 -0.141340
v 0.017725 -0.036442 -0.139061
v 0.017392 -0.034926 -0.136877
v 0.012237 -0.039864 -0.141607
v 0.012043 -0.038828 -0.139306
v 0.011828 -0.037305 -0.137103
v 0.011595 -0.035255 -0.135014
v 0.011088 -0.029523 -0.131165
v 0.010545 -0.021711 -0.127634
v 0.009990 -0.012149 -0.124167
v 0.009445 -0.001345 -0.120426
v 0.008933 0.010071 -0.116046
v 0.008470 0.021418 -0.110686
v 0.008072 0.032039 -0.104081
v 0.007901 0.036894 -0.100262
v 0.007750 0.041365 -0.096094
v 0.007619 0.045398 -0.091587
v 0.007509 0.048951 -0.086769
v -0.000318 0.069848 -0.105551
v -0.000319 0.070027 -0.105266
v 0.003789 0.069734 -0.105230
v 0.003590 0.072065 -0.101735
v 0.002310 0.084474 -0.067524
v 0.002317 0.084410 -0.067803
v -0.000396 0.084475 -0.067782
v 0.000874 0.085945 -0.046220
v 0.002144 0.085918 -0.046220
v 0.002158 0.085796 -0.052215
v 0.004448 0.049317 -0.130574
v -0.000227 0.047562 -0.133266
v 0.004451 0.049597 -0.130256
v -0.000229 0.049699 -0.130511
v -0.000230 0.049897 -0.130255
v 0.002215 0.085294 -0.059628
v -0.000399 0.085471 -0.059626
v 0.002165 0.085730 -0.055437
v -0.000399 0.085879 -0.052637
v -0.000399 0.085884 -0.052208
v -0.000396 0.085954 -0.046219
v -0.000397 0.084534 -0.067481
v -0.000399 0.085443 -0.060115
v -0.000399 0.085466 -0.059721
v -0.000388 0.082659 -0.076324
v -0.000389 0.082713 -0.076126
v 0.002527 0.082501 -0.076125
v -0.000391 0.083149 -0.074550
v -0.000396 0.084446 -0.067931
v -0.000381 0.081113 -0.081918
v 0.002627 0.081596 -0.080071
v -0.000376 0.080258 -0.084274
v 0.002789 0.080040 -0.084262
v -0.000376 0.080172 -0.084511
v -0.000368 0.078613 -0.088808
v 0.003064 0.077410 -0.091344
v -0.000360 0.077203 -0.091947
v 0.003096 0.077081 -0.091982
v -0.000359 0.077084 -0.092212
v -0.000332 0.072258 -0.101717
v -0.000340 0.073580 -0.099253
v 0.003450 0.073490 -0.098966
v -0.000340 0.073730 -0.098973
v -0.000352 0.075667 -0.095365
v 0.004345 0.062189 -0.115659
v -0.000277 0.062492 -0.115678
v 0.004167 0.065316 -0.111853
v -0.000286 0.064205 -0.113623
v -0.000310 0.068407 -0.107843
v -0.000231 0.050838 -0.129041
v -0.000246 0.055337 -0.123999
v 0.004514 0.055303 -0.123774
v -0.000247 0.055566 -0.123743
v 0.004550 0.058588 -0.120043
v -0.000258 0.058676 -0.120257
v -0.000276 0.062268 -0.115947
v 0.003415 0.085874 -0.046221
v -0.031262 0.069013 -0.087230
v -0.033280 0.066922 -0.087569
v -0.032618 0.069824 -0.083542
v -0.030120 0.067536 -0.091595
v -0.030829 0.065282 -0.094417
v -0.032882 0.063121 -0.094868
v -0.034637 0.056668 -0.101656
v -0.032777 0.059017 -0.101542
v -0.032923 0.058547 -0.102051
v -0.030895 0.065073 -0.094679
v -0.031445 0.063321 -0.096871
v -0.032699 0.059270 -0.101267
v -0.037717 0.047172 -0.107683
v -0.036379 0.049991 -0.107585
v -0.034507 0.053212 -0.107129
v -0.029137 0.070654 -0.087026
v -0.028963 0.071204 -0.086220
v -0.029086 0.070814 -0.086790
v -0.033976 0.063866 -0.091809
v -0.036240 0.053872 -0.101970
v -0.035729 0.056185 -0.099998
v -0.034701 0.060690 -0.095196
v -0.027644 0.075400 -0.078434
v -0.032089 0.072173 -0.079190
v -0.027158 0.076949 -0.075086
v -0.031582 0.074426 -0.074833
v -0.031201 0.076129 -0.070330
v -0.026572 0.078816 -0.069851
v -0.031449 0.075018 -0.073688
v -0.027047 0.077302 -0.074097
v -0.027068 0.077235 -0.074284
v -0.030655 0.078569 -0.061406
v -0.030428 0.079571 -0.055438
v -0.025746 0.081425 -0.057972
v -0.025607 0.081849 -0.052885
v -0.030407 0.079661 -0.053070
v -0.025605 0.081853 -0.052840
v -0.030774 0.078041 -0.064547
v -0.026500 0.079046 -0.069208
v -0.026555 0.078872 -0.069694
v -0.025904 0.080928 -0.060943
v -0.025910 0.080911 -0.061045
v -0.026049 0.080474 -0.063661
v -0.027674 0.075304 -0.078641
v -0.027977 0.074338 -0.080729
v -0.032539 0.070171 -0.083061
v -0.028326 0.073227 -0.082675
v -0.028367 0.073099 -0.082899
v -0.038565 0.021675 -0.135965
v -0.036650 0.025609 -0.135531
v -0.036547 0.025579 -0.135846
v -0.037701 0.026677 -0.132047
v -0.039514 0.022505 -0.132350
v -0.038157 0.027496 -0.130268
v -0.040165 0.024420 -0.128732
v -0.038403 0.028489 -0.128801
v -0.037627 0.026543 -0.132338
v -0.037490 0.026296 -0.132873
v -0.036660 0.025612 -0.135499
v -0.039719 0.017581 -0.138093
v -0.040077 0.017732 -0.136439
v -0.040661 0.017978 -0.133735
v -0.038716 0.031784 -0.124919
v -0.038732 0.031494 -0.125187
v -0.040360 0.027566 -0.125087
v -0.038568 0.029154 -0.127820
v -0.038450 0.028679 -0.128521
v -0.038561 0.034739 -0.122191
v -0.040038 0.031911 -0.121314
v -0.038425 0.035682 -0.121422
v -0.037517 0.041087 -0.117067
v -0.039210 0.037285 -0.117257
v -0.036434 0.046063 -0.113152
v -0.037951 0.043418 -0.112739
v -0.036304 0.046543 -0.112747
v -0.037588 0.040760 -0.117324
v -0.037898 0.039333 -0.118446
v -0.038380 0.035992 -0.121170
v -0.040274 0.033369 -0.117490
v -0.040702 0.031024 -0.119143
v -0.041012 0.027851 -0.121665
v -0.034554 0.053039 -0.107274
v -0.034637 0.052731 -0.107534
v -0.036219 0.046861 -0.112479
v -0.040812 0.018389 -0.132753
v -0.041298 0.019709 -0.129599
v -0.041319 0.020157 -0.129058
v -0.041461 0.023262 -0.125313
v -0.025548 0.082019 -0.046207
v -0.025585 0.081916 -0.052088
v -0.027972 0.081057 -0.046206
v -0.029788 0.080188 -0.046205
v -0.030344 0.079922 -0.046205
v -0.039100 0.039802 -0.112956
v -0.037991 0.045875 -0.108675
v -0.037786 0.046846 -0.107932
v -0.013787 0.084938 -0.046213
v -0.013149 0.084994 -0.046213
v -0.013192 0.084949 -0.052425
v -0.026274 0.072701 -0.086565
v -0.021566 0.078459 -0.077771
v -0.006136 0.061948 -0.116034
v -0.006364 0.054911 -0.124026
v -0.033736 0.029991 -0.135350
v -0.030219 0.034277 -0.134879
v -0.026158 0.038093 -0.134459
v -0.021611 0.041352 -0.134097
v -0.016649 0.043978 -0.133803
v -0.011362 0.045903 -0.133585
v -0.006112 0.049247 -0.130518
v -0.005508 0.069604 -0.105636
v -0.005116 0.073384 -0.099337
v -0.004718 0.076941 -0.092293
v -0.004350 0.080077 -0.084586
v -0.004040 0.082595 -0.076384
v -0.007214 0.084112 -0.068075
v -0.006931 0.085210 -0.059817
v -0.006921 0.085541 -0.046216
v -0.006769 0.085554 -0.046216
v -0.006807 0.085659 -0.052292
v -0.002488 0.085930 -0.046218
v -0.019523 0.083709 -0.052632
v -0.019814 0.082993 -0.060528
v -0.020972 0.080012 -0.073458
v -0.020481 0.081287 -0.069107
v -0.022255 0.076648 -0.081995
v -0.028072 0.067604 -0.094256
v -0.030013 0.062015 -0.101149
v -0.031926 0.056230 -0.107211
v -0.033635 0.050516 -0.112497
v -0.034977 0.045132 -0.117119
v -0.035820 0.040329 -0.121227
v -0.036083 0.036322 -0.124980
v -0.035756 0.033258 -0.128524
v -0.034912 0.031178 -0.131966
v -0.019569 0.076270 -0.085663
v -0.023029 0.074607 -0.086094
v -0.018232 0.079737 -0.077368
v -0.017302 0.073851 -0.093002
v -0.015936 0.077668 -0.085283
v -0.014790 0.080797 -0.077017
v -0.017242 0.082260 -0.068772
v -0.013419 0.084394 -0.060096
v -0.013942 0.083054 -0.068483
v -0.024057 0.082515 -0.046208
v -0.023017 0.082862 -0.046208
v -0.019438 0.083667 -0.046210
v -0.015585 0.084534 -0.046212
v -0.021163 0.072074 -0.093379
v -0.022884 0.067430 -0.100360
v -0.018779 0.069596 -0.100011
v -0.024584 0.062588 -0.106549
v -0.020238 0.065138 -0.106244
v -0.026105 0.057756 -0.111968
v -0.021547 0.060663 -0.111714
v -0.027303 0.053122 -0.116701
v -0.022580 0.056332 -0.116490
v -0.028059 0.048866 -0.120867
v -0.023234 0.052297 -0.120683
v -0.028298 0.045147 -0.124605
v -0.023446 0.048697 -0.124421
v -0.028004 0.042087 -0.128049
v -0.024771 0.069980 -0.093802
v -0.026652 0.064886 -0.100743
v -0.028508 0.059597 -0.106874
v -0.030166 0.054348 -0.112232
v -0.031470 0.049360 -0.116913
v -0.032288 0.044845 -0.121050
v -0.032543 0.040989 -0.124793
v -0.032219 0.037926 -0.128280
v -0.031387 0.035707 -0.131623
v -0.012357 0.053643 -0.124118
v -0.011872 0.048009 -0.130630
v -0.017902 0.048504 -0.127648
v -0.017387 0.045974 -0.130806
v -0.022544 0.043195 -0.131036
v -0.010616 0.068694 -0.105771
v -0.011884 0.060803 -0.116140
v -0.027240 0.039745 -0.131312
v -0.023199 0.045642 -0.127835
v -0.018093 0.051554 -0.124254
v -0.017403 0.058915 -0.116297
v -0.016587 0.063003 -0.111487
v -0.015554 0.067192 -0.105979
v -0.009826 0.072612 -0.099484
v -0.014403 0.071338 -0.099713
v -0.009028 0.076312 -0.092445
v -0.013240 0.075274 -0.092686
v -0.008291 0.079590 -0.084733
v -0.012164 0.078782 -0.084969
v -0.007672 0.082234 -0.076516
v -0.011262 0.081632 -0.076730
v -0.040222 0.033104 -0.113747
v -0.040073 0.035357 -0.113478
v -0.041026 0.028452 -0.117892
v -0.041907 0.012842 -0.133220
v -0.022422 -0.029491 -0.134474
v -0.023365 -0.032979 -0.138687
v -0.019109 -0.035758 -0.138976
v -0.032108 -0.018890 -0.133480
v -0.033575 -0.021899 -0.137519
v -0.030629 -0.025977 -0.137956
v -0.014043 0.060112 -0.046213
v -0.019132 0.061148 -0.046210
v -0.019178 0.060741 -0.054628
v -0.012162 0.059992 -0.046214
v -0.012844 0.060035 -0.046213
v -0.012857 0.059740 -0.054880
v -0.024609 0.062262 -0.046208
v -0.025384 0.062546 -0.046207
v -0.025400 0.062302 -0.054305
v -0.033876 0.051888 -0.090917
v -0.033959 0.058019 -0.082102
v -0.036381 0.060554 -0.081453
v -0.033945 0.036147 -0.105580
v -0.034196 0.027382 -0.111377
v -0.031560 0.024641 -0.112187
v -0.037539 0.057071 -0.089668
v -0.037258 0.056164 -0.089824
v -0.037209 0.062184 -0.081170
v -0.038938 0.042818 -0.108449
v -0.006486 0.059180 -0.055038
v -0.006465 0.059630 -0.046217
v -0.006513 0.057734 -0.065553
v -0.006537 0.056308 -0.071024
v -0.006571 0.054345 -0.076464
v -0.006616 0.051829 -0.081773
v -0.006672 0.048768 -0.086870
v -0.006739 0.045187 -0.091696
v -0.006819 0.041122 -0.096207
v -0.003511 0.031302 -0.104362
v -0.006912 0.036616 -0.100377
v -0.003610 0.020494 -0.110956
v -0.003728 0.008955 -0.116291
v -0.003861 -0.002640 -0.120639
v -0.004007 -0.013598 -0.124348
v -0.004161 -0.023277 -0.127791
v -0.004319 -0.031163 -0.131308
v -0.004473 -0.036928 -0.135160
v -0.004547 -0.038983 -0.137258
v -0.004742 -0.042141 -0.144179
v -0.036507 0.057749 -0.095918
v -0.035406 0.064429 -0.088284
v -0.034493 0.070059 -0.079836
v -0.037756 0.054469 -0.096571
v -0.037224 0.056146 -0.096241
v -0.038225 0.048607 -0.102948
v -0.037716 0.050416 -0.102634
v -0.037834 0.032505 -0.110131
v -0.037550 0.040905 -0.104335
v -0.038657 0.034551 -0.109753
v -0.038254 0.042855 -0.103969
v -0.039157 0.036649 -0.109397
v -0.038563 0.044832 -0.103618
v -0.039344 0.038731 -0.109060
v -0.039251 0.040785 -0.108744
v -0.038531 0.046750 -0.103278
v -0.038285 0.048830 -0.100382
v -0.038081 0.046906 -0.100725
v -0.038025 0.052693 -0.096903
v -0.037928 0.050815 -0.097235
v -0.037785 0.056371 -0.093178
v -0.037070 0.061476 -0.088909
v -0.037679 0.058001 -0.089518
v -0.033822 0.074273 -0.070839
v -0.033411 0.076870 -0.061743
v -0.034217 0.077363 -0.046203
v -0.033142 0.078073 -0.046203
v -0.033232 0.077982 -0.053223
v -0.030516 0.079808 -0.046205
v -0.035762 0.075646 -0.053366
v -0.035868 0.074482 -0.062045
v -0.036111 0.071767 -0.071284
v -0.036514 0.067365 -0.080392
v -0.037364 0.048937 -0.097579
v -0.037707 0.049864 -0.097404
v -0.037794 0.054531 -0.093497
v -0.037568 0.059811 -0.089217
v -0.037210 0.065779 -0.080659
v -0.036957 0.070232 -0.071494
v -0.036808 0.072977 -0.062184
v -0.036744 0.074154 -0.053431
v -0.037199 0.070573 -0.053549
v -0.037159 0.070621 -0.046202
v -0.037189 0.071109 -0.046201
v -0.037502 0.064006 -0.080914
v -0.037195 0.066653 -0.071884
v -0.037389 0.068477 -0.071689
v -0.037197 0.069398 -0.062439
v -0.037327 0.071228 -0.062313
v -0.037301 0.072408 -0.053490
v -0.037285 0.072663 -0.046201
v -0.036589 0.074282 -0.046202
v -0.036422 0.074673 -0.046202
v -0.036155 0.075294 -0.046202
v -0.035693 0.075787 -0.046202
v -0.034387 0.077182 -0.046203
v -0.036737 0.030619 -0.110535
v -0.036500 0.039124 -0.104731
v -0.036383 0.047236 -0.097952
v -0.036427 0.065026 -0.072101
v -0.034056 0.062537 -0.072605
v -0.036468 0.067769 -0.062581
v -0.034132 0.065299 -0.062915
v -0.036488 0.068943 -0.053615
v -0.034169 0.066479 -0.053771
v -0.035027 0.067605 -0.046203
v -0.031276 0.060722 -0.073157
v -0.031227 0.058647 -0.078043
v -0.025349 0.055982 -0.079285
v -0.031988 0.065337 -0.046204
v -0.033617 0.066256 -0.046203
v -0.034113 0.066731 -0.046203
v -0.031355 0.063523 -0.063285
v -0.031394 0.064718 -0.053947
v -0.036254 0.068779 -0.046202
v -0.036439 0.069155 -0.046202
v -0.036559 0.069399 -0.046202
v -0.007262 0.021022 -0.110797
v -0.007016 0.031723 -0.104196
v -0.013715 0.033360 -0.103534
v -0.013535 0.038064 -0.099715
v -0.019689 0.040240 -0.098675
v -0.019550 0.044335 -0.094533
v -0.025397 0.046783 -0.093226
v -0.025363 0.050272 -0.088820
v -0.031135 0.053193 -0.087369
v -0.031178 0.056129 -0.082799
v -0.007551 0.009591 -0.116146
v -0.013378 0.042395 -0.095557
v -0.019440 0.048031 -0.090083
v -0.025349 0.053349 -0.084159
v -0.013246 0.046303 -0.091070
v -0.019355 0.051288 -0.085351
v -0.020568 0.061440 -0.046210
v -0.019196 0.059432 -0.064703
v -0.025384 0.061061 -0.064034
v -0.019216 0.058138 -0.069970
v -0.025371 0.059835 -0.069140
v -0.019247 0.056356 -0.075228
v -0.025358 0.058146 -0.074255
v -0.019292 0.054070 -0.080380
v -0.012893 0.058355 -0.065225
v -0.012929 0.056986 -0.070617
v -0.012980 0.055102 -0.075987
v -0.013049 0.052686 -0.081235
v -0.013137 0.049745 -0.086282
v -0.031780 -0.027430 -0.142336
v -0.034851 -0.023200 -0.141803
v -0.028203 -0.031251 -0.142814
v -0.024164 -0.034595 -0.143232
v -0.030623 -0.014000 -0.129705
v -0.029292 -0.022751 -0.133851
v -0.027220 -0.029694 -0.138345
v -0.026066 -0.026310 -0.134182
v -0.024859 -0.020927 -0.130366
v -0.027916 -0.017585 -0.130055
v -0.022617 -0.004786 -0.123174
v -0.021685 0.005178 -0.119255
v -0.027083 0.010132 -0.118296
v -0.026355 0.019907 -0.113574
v -0.031239 0.033706 -0.106425
v -0.033854 0.044466 -0.098775
v -0.036356 0.054512 -0.090160
v -0.019723 -0.037401 -0.143583
v -0.014952 -0.039618 -0.143861
v -0.014513 -0.037969 -0.139206
v -0.009930 -0.041207 -0.144060
v -0.009653 -0.039563 -0.139373
v -0.014261 -0.036446 -0.137011
v -0.018381 -0.032212 -0.134724
v -0.021419 -0.023949 -0.130643
v -0.023689 -0.013646 -0.126776
v -0.009328 -0.035986 -0.135073
v -0.008971 -0.030237 -0.131222
v -0.013425 -0.028684 -0.131079
v -0.012840 -0.020911 -0.127542
v -0.016800 -0.018905 -0.127330
v -0.016033 -0.009564 -0.123817
v -0.019487 -0.007326 -0.123518
v -0.008600 -0.022391 -0.127697
v -0.012264 -0.011408 -0.124061
v -0.015322 0.000959 -0.120015
v -0.008231 -0.012775 -0.124241
v -0.011720 -0.000682 -0.120302
v -0.014691 0.012054 -0.115573
v -0.020914 0.015668 -0.114691
v -0.020308 0.026070 -0.109180
v -0.025855 0.029628 -0.107932
v -0.025550 0.038746 -0.101176
v -0.031104 0.042270 -0.099618
v -0.007877 -0.001903 -0.120513
v -0.011224 0.010643 -0.115905
v -0.014153 0.023064 -0.110164
v -0.019859 0.035794 -0.102497
v -0.025457 0.042926 -0.097349
v -0.031103 0.049875 -0.091712
v -0.004617 -0.040504 -0.139472
v -0.009496 -0.038040 -0.137166
v -0.013993 -0.034398 -0.134926
v -0.017596 -0.026563 -0.130883
v -0.020423 -0.016452 -0.127072
v -0.041455 0.012345 -0.137060
v -0.042199 0.007008 -0.137736
v -0.042298 0.001667 -0.138458
v -0.041833 -0.003610 -0.139198
v -0.040867 -0.008783 -0.139913
v -0.039392 -0.013810 -0.140589
v -0.037391 -0.018637 -0.141220
v -0.036064 -0.017530 -0.137032
v -0.038117 -0.012923 -0.136485
v -0.039766 -0.008113 -0.135872
v -0.041033 -0.003116 -0.135196
v -0.041910 0.002064 -0.134481
v -0.042269 0.007411 -0.133809
v -0.042151 0.014595 -0.129428
v -0.042184 0.009144 -0.129953
v -0.041404 0.003847 -0.130595
v -0.040117 -0.001190 -0.131305
v -0.038526 -0.005952 -0.131971
v -0.036678 -0.010475 -0.132556
v -0.034554 -0.014788 -0.133054
v -0.041719 0.022499 -0.121895
v -0.040243 0.012327 -0.123030
v -0.039667 0.018816 -0.119073
v -0.041471 0.017326 -0.122390
v -0.040866 0.023574 -0.118415
v -0.040140 0.030852 -0.114043
v -0.042099 0.017817 -0.125685
v -0.041918 0.012450 -0.126180
v -0.040834 0.007268 -0.126812
v -0.038367 0.007689 -0.123771
v -0.039201 0.002416 -0.127532
v -0.036217 0.003517 -0.124490
v -0.037307 -0.002066 -0.128215
v -0.033978 -0.000307 -0.125119
v -0.035257 -0.006254 -0.128807
v -0.029244 -0.007313 -0.126075
v -0.032918 0.007112 -0.121289
v -0.035320 0.010561 -0.120602
v -0.037666 0.014413 -0.119836
v -0.038743 0.016546 -0.119448
v -0.039132 0.026375 -0.114723
v -0.039778 0.028604 -0.114368
v -0.037121 0.022213 -0.115502
v -0.034647 0.018678 -0.116312
v -0.032112 0.015595 -0.117065
v -0.028049 0.000879 -0.122365
v -0.027136 0.063187 -0.046206
v -0.030103 0.064272 -0.046205
v -0.031358 0.064981 -0.046204
v 0.010395 0.085303 -0.044191
v 0.035895 0.074350 -0.042173
v 0.036391 0.072518 -0.042173
v 0.036510 0.072555 -0.044204
v 0.036553 0.071921 -0.042173
v 0.036264 0.070880 -0.042173
v 0.036424 0.070840 -0.044204
v 0.024697 0.062704 -0.042167
v 0.022221 0.061895 -0.042166
v 0.022248 0.061829 -0.044197
v 0.001719 0.059240 -0.044186
v 0.001721 0.059161 -0.042157
v -0.000394 0.059173 -0.044186
v -0.000393 0.059101 -0.042156
v 0.009741 0.059794 -0.042160
v 0.004784 0.059248 -0.042158
v 0.004688 0.059245 -0.042158
v 0.013096 0.060084 -0.044192
v 0.013084 0.060163 -0.042162
v 0.021109 0.061531 -0.042166
v 0.019806 0.061267 -0.042165
v 0.015901 0.060473 -0.042163
v 0.028246 0.063807 -0.044200
v 0.029357 0.064295 -0.044200
v 0.028226 0.063856 -0.042169
v 0.028834 0.064055 -0.042169
v 0.029326 0.064340 -0.042170
v 0.029510 0.064446 -0.042170
v 0.033373 0.066664 -0.044202
v 0.033475 0.066742 -0.042172
v 0.033898 0.067213 -0.042172
v 0.035592 0.068968 -0.044203
v 0.035524 0.069024 -0.042173
v 0.036166 0.070527 -0.042173
v 0.035850 0.069387 -0.042173
v 0.035706 0.069227 -0.042173
v 0.035931 0.074364 -0.044203
v 0.033977 0.076874 -0.042172
v 0.034385 0.076362 -0.042172
v 0.034441 0.076412 -0.044202
v 0.035721 0.074684 -0.042173
v 0.035848 0.074525 -0.042173
v 0.026454 0.081189 -0.042168
v 0.029560 0.079922 -0.042170
v 0.031345 0.078887 -0.044201
v 0.031257 0.078751 -0.042170
v 0.026513 0.081343 -0.044199
v 0.024713 0.081899 -0.042167
v 0.022725 0.082710 -0.042166
v 0.020018 0.083489 -0.044195
v 0.019983 0.083319 -0.042165
v 0.010390 0.085201 -0.042160
v 0.012016 0.085087 -0.042161
v 0.014775 0.084475 -0.042162
v 0.019783 0.083363 -0.042165
v -0.000395 0.085954 -0.044186
v -0.000394 0.085954 -0.042155
v 0.004673 0.085600 -0.042158
v 0.009750 0.085245 -0.042160
v -0.010528 0.085215 -0.042151
v -0.006927 0.085650 -0.042152
v -0.006936 0.085717 -0.044183
v -0.005476 0.085805 -0.042153
v -0.005699 0.085799 -0.042153
v -0.010535 0.059775 -0.042151
v -0.012165 0.059872 -0.044180
v -0.005461 0.059438 -0.042153
v -0.015595 0.084603 -0.042148
v -0.015608 0.084631 -0.044178
v -0.015605 0.084602 -0.042148
v -0.024018 0.082408 -0.042144
v -0.022110 0.083129 -0.042145
v -0.024063 0.082531 -0.044174
v -0.020597 0.083484 -0.042146
v -0.016077 0.084545 -0.042148
v -0.029798 0.080204 -0.044172
v -0.029653 0.080276 -0.042142
v -0.025488 0.081851 -0.042143
v -0.030528 0.079823 -0.044171
v -0.030307 0.079856 -0.042141
v -0.029790 0.080188 -0.042141
v -0.034407 0.077197 -0.044170
v -0.036493 0.074666 -0.042138
v -0.036486 0.074675 -0.042138
v -0.036528 0.074714 -0.044169
v -0.034698 0.076814 -0.042139
v -0.034299 0.077291 -0.042139
v -0.030480 0.079745 -0.042141
v -0.037270 0.072749 -0.044168
v -0.037268 0.071100 -0.044168
v -0.037339 0.071917 -0.042138
v -0.037131 0.072708 -0.042138
v -0.036672 0.074452 -0.042138
v -0.036506 0.069211 -0.042138
v -0.036607 0.069332 -0.042138
v -0.036625 0.069361 -0.044169
v -0.036946 0.070526 -0.042138
v -0.037118 0.071137 -0.042138
v -0.035129 0.067492 -0.044169
v -0.035077 0.067529 -0.042139
v -0.034753 0.067148 -0.042139
v -0.032029 0.065254 -0.044171
v -0.031940 0.065384 -0.042141
v -0.027166 0.063085 -0.044173
v -0.027106 0.063238 -0.042143
v -0.030335 0.064377 -0.042141
v -0.020574 0.061360 -0.042146
v -0.020602 0.061244 -0.044176
v -0.023196 0.061859 -0.042145
v -0.025491 0.062668 -0.042144
v -0.012161 0.059883 -0.042150
v -0.013175 0.059950 -0.042150
v 0.036950 0.066524 -0.005732
v 0.037000 0.064811 -0.003920
v 0.036687 0.063223 -0.007287
v 0.036838 0.069130 -0.010442
v 0.036895 0.067961 -0.007914
v 0.036468 0.065956 -0.010951
v -0.000381 0.086203 -0.014260
v -0.000381 0.086204 -0.014095
v 0.004869 0.086048 -0.014326
v -0.000375 0.086097 -0.000834
v -0.000375 0.086093 -0.000601
v 0.005168 0.085945 -0.000950
v -0.000357 0.065794 0.036080
v -0.000356 0.065372 0.036156
v 0.006870 0.065252 0.035475
v 0.008714 0.052474 -0.036350
v 0.006704 0.052429 -0.036736
v 0.006449 0.053693 -0.036773
v -0.000391 0.056816 -0.037896
v -0.000391 0.057317 -0.038276
v 0.005174 0.057585 -0.037867
v -0.000391 0.054938 -0.037466
v -0.000391 0.055274 -0.037468
v 0.005585 0.056460 -0.037193
v -0.000391 0.056202 -0.037725
v -0.000391 0.056231 -0.037733
v -0.000391 0.053484 -0.037457
v -0.000391 0.053535 -0.037458
v 0.006248 0.052419 -0.036823
v 0.004588 0.052383 -0.037142
v -0.000391 0.052709 -0.037453
v 0.000167 0.052345 -0.037470
v -0.000391 0.052344 -0.037474
v 0.013614 0.052660 -0.034729
v 0.013621 0.052673 -0.034753
v 0.017649 0.052875 -0.032848
v 0.019988 0.053363 -0.031434
v 0.019875 0.053036 -0.031443
v 0.025656 0.053557 -0.026907
v 0.025008 0.053480 -0.027577
v 0.025616 0.054283 -0.026968
v 0.021585 0.053160 -0.030364
v 0.020042 0.053049 -0.031338
v 0.030522 0.054212 -0.021213
v 0.030437 0.054200 -0.021324
v 0.030304 0.055431 -0.021522
v 0.028108 0.053848 -0.024375
v 0.025763 0.053570 -0.026796
v 0.034039 0.054954 -0.014767
v 0.033980 0.054939 -0.014900
v 0.033880 0.056822 -0.015295
v 0.032996 0.054683 -0.017124
v 0.030743 0.054246 -0.020923
v 0.036203 0.058497 -0.008517
v 0.036249 0.055744 -0.007934
v 0.036085 0.055637 -0.008855
v 0.034791 0.055150 -0.013069
v 0.036947 0.056226 -0.003766
v 0.036908 0.056183 -0.004136
v 0.036844 0.059478 -0.004995
v 0.036886 0.056158 -0.004352
v 0.036278 0.055763 -0.007771
v 0.037092 0.056587 -0.000652
v 0.037099 0.058102 -0.000713
v 0.037075 0.060579 -0.001426
v 0.037042 0.062824 -0.002487
v 0.037078 0.056782 0.001022
v 0.037108 0.056628 -0.000302
v 0.037102 0.056611 -0.000448
v 0.035719 0.057769 0.009510
v 0.036301 0.057461 0.006863
v 0.036309 0.059733 0.006502
v 0.036351 0.057435 0.006638
v 0.036645 0.057279 0.005303
v 0.030575 0.062379 0.019803
v 0.030796 0.059012 0.020137
v 0.032403 0.058713 0.017585
v 0.027321 0.059544 0.024680
v 0.030133 0.059135 0.021189
v 0.030675 0.059034 0.020329
v 0.023847 0.059939 0.028039
v 0.025999 0.059695 0.025958
v 0.025904 0.063426 0.025389
v 0.026147 0.059678 0.025815
v 0.016725 0.060501 0.032805
v 0.020382 0.060247 0.030649
v 0.020251 0.064265 0.029972
v 0.020442 0.060243 0.030613
v 0.020521 0.060236 0.030554
v 0.012740 0.060708 0.034569
v 0.013904 0.060648 0.034053
v 0.013826 0.064878 0.033378
v 0.014015 0.060642 0.034004
v 0.006913 0.060897 0.036166
v 0.006975 0.060895 0.036154
v 0.008552 0.060861 0.035864
v -0.000356 0.060988 0.036945
v 0.004220 0.060955 0.036662
v -0.000357 0.070177 0.034584
v -0.000357 0.069835 0.034752
v 0.006775 0.069687 0.034076
v -0.000357 0.069552 0.034890
v -0.000357 0.065870 0.036067
v -0.000358 0.072912 0.033245
v 0.006640 0.073637 0.032002
v -0.000358 0.073784 0.032623
v -0.000360 0.077414 0.029576
v -0.000360 0.077189 0.029803
v 0.006469 0.077038 0.029211
v -0.000359 0.075857 0.031144
v -0.000359 0.074064 0.032423
v -0.000361 0.078358 0.028624
v 0.006269 0.079852 0.025700
v -0.000362 0.080030 0.026281
v -0.000364 0.082283 0.022058
v -0.000364 0.082223 0.022225
v 0.006048 0.082074 0.021496
v -0.000362 0.080464 0.025672
v -0.000362 0.080207 0.026033
v 0.005817 0.083728 0.016651
v -0.000366 0.083659 0.018191
v -0.000364 0.082382 0.021778
v -0.000368 0.084780 0.013443
v -0.000366 0.083970 0.016877
v -0.000366 0.083903 0.017159
v -0.000374 0.086069 0.000963
v -0.000371 0.085584 0.007797
v 0.005586 0.084870 0.011237
v -0.000369 0.085068 0.011421
v -0.000369 0.085029 0.011695
v -0.000379 0.086239 -0.010192
v 0.036780 0.070046 -0.013285
v 0.036226 0.067715 -0.015868
v 0.034939 0.065841 -0.018352
v 0.035432 0.064286 -0.013903
v 0.031416 0.063039 -0.022991
v 0.032376 0.061670 -0.019489
v 0.027141 0.060958 -0.027145
v 0.028373 0.059642 -0.024548
v 0.022312 0.059341 -0.030728
v 0.023599 0.058026 -0.028939
v 0.017041 0.058077 -0.033648
v 0.018189 0.056750 -0.032527
v 0.011432 0.057113 -0.035827
v 0.012285 0.055779 -0.035200
v 0.035880 0.061853 -0.010590
v 0.033248 0.059607 -0.016902
v 0.029493 0.057798 -0.022668
v 0.024769 0.056327 -0.027696
v 0.019232 0.055157 -0.031814
v 0.013061 0.054272 -0.034877
v 0.013214 0.052638 -0.034915
v 0.036212 0.072405 -0.010692
v 0.036335 0.071336 -0.007610
v 0.022307 0.081737 0.004595
v 0.017034 0.083200 0.007626
v 0.017612 0.082003 0.012634
v 0.011424 0.084244 0.009865
v 0.036457 0.069988 -0.004870
v 0.036575 0.068349 -0.002509
v 0.036681 0.066413 -0.000549
v 0.036772 0.064187 0.001000
v 0.036844 0.061689 0.002145
v 0.036895 0.058949 0.002914
v 0.036855 0.057038 0.003230
v 0.030319 0.066068 0.018725
v 0.025636 0.067388 0.024200
v 0.029958 0.069404 0.017121
v 0.025258 0.070951 0.022432
v 0.029501 0.072342 0.014956
v 0.024780 0.074064 0.020049
v 0.028965 0.074853 0.012223
v 0.024220 0.076695 0.017043
v 0.028374 0.076929 0.008938
v 0.023601 0.078837 0.013436
v 0.027754 0.078581 0.005136
v 0.022953 0.080505 0.009267
v 0.027137 0.079838 0.000868
v 0.018191 0.080335 0.017108
v 0.018745 0.078152 0.020984
v 0.019246 0.075434 0.024217
v 0.019673 0.072187 0.026783
v 0.020011 0.068445 0.028689
v 0.013647 0.069217 0.032023
v 0.013395 0.073088 0.030013
v 0.013076 0.076431 0.027308
v 0.012702 0.079210 0.023904
v 0.012289 0.081418 0.019826
v 0.011856 0.083079 0.015123
v 0.036600 0.071752 -0.026938
v 0.035837 0.074471 -0.025540
v 0.034162 0.076621 -0.024210
v 0.030541 0.079033 -0.012100
v 0.026022 0.081349 -0.008809
v 0.030952 0.078376 -0.007613
v 0.031409 0.077444 -0.003433
v 0.034927 0.074368 -0.008181
v 0.031891 0.076195 0.000379
v 0.035175 0.073200 -0.004854
v 0.032373 0.074596 0.003769
v 0.035424 0.071730 -0.001898
v 0.032834 0.072625 0.006695
v 0.035661 0.069943 0.000650
v 0.033252 0.070278 0.009126
v 0.035877 0.067836 0.002765
v 0.033608 0.067564 0.011048
v 0.036060 0.065416 0.004437
v 0.033889 0.064506 0.012471
v 0.036205 0.062704 0.005673
v 0.034089 0.061145 0.013427
v 0.034239 0.058267 0.013778
v 0.034692 0.075258 -0.011833
v 0.029922 0.079720 -0.021742
v 0.025227 0.081918 -0.019539
v 0.020308 0.083547 -0.017651
v 0.010088 0.085565 -0.015010
v 0.015246 0.084742 -0.016127
v 0.021141 0.083123 -0.005973
v 0.015991 0.084456 -0.003676
v 0.010646 0.085390 -0.001985
v -0.000392 0.058177 -0.039233
v -0.000392 0.058662 -0.040085
v 0.004876 0.058434 -0.038948
v 0.010100 0.058974 -0.038274
v 0.020313 0.060844 -0.035799
v 0.025229 0.062268 -0.034052
v 0.035844 0.069077 -0.028327
v 0.036395 0.070343 -0.027642
v 0.029923 0.064208 -0.031992
v 0.034168 0.067036 -0.029631
v 0.015256 0.059773 -0.037214
v -0.000391 0.057335 -0.038289
v -0.000392 0.057872 -0.038697
v -0.000392 0.058169 -0.039219
v 0.010658 0.058196 -0.036840
v 0.016003 0.059090 -0.035214
v 0.021149 0.060268 -0.033039
v 0.026029 0.061801 -0.030363
v 0.030548 0.063830 -0.027234
v 0.034492 0.066682 -0.023696
v 0.036006 0.068673 -0.021773
v 0.034481 0.075904 -0.015758
v 0.035993 0.073813 -0.017712
v 0.036676 0.071225 -0.019747
v -0.037788 0.062984 -0.002548
v -0.037747 0.064939 -0.004002
v -0.037433 0.063335 -0.007360
v -0.037699 0.066623 -0.005829
v -0.037646 0.068035 -0.008020
v -0.037218 0.066018 -0.011046
v -0.035914 0.073266 -0.004990
v -0.035671 0.074412 -0.008315
v -0.036964 0.072446 -0.010813
v -0.034020 0.076061 -0.005906
v -0.006537 0.083801 0.016380
v -0.006313 0.084912 0.010972
v -0.012144 0.084286 0.009612
v -0.009610 0.060842 0.035720
v -0.007634 0.060902 0.036225
v -0.007577 0.065665 0.035383
v -0.007480 0.070036 0.033937
v -0.007345 0.073920 0.031818
v -0.007176 0.077258 0.028990
v -0.006979 0.080015 0.025451
v -0.006806 0.055174 -0.036864
v -0.007483 0.052429 -0.036721
v -0.007217 0.053744 -0.036767
v -0.005153 0.052379 -0.037166
v -0.007374 0.052427 -0.036742
v -0.006356 0.056489 -0.037199
v -0.005657 0.058442 -0.038958
v -0.005628 0.086046 -0.014485
v -0.005912 0.085952 -0.001176
v -0.006763 0.082187 0.021230
v -0.001840 0.060985 0.036917
v -0.007488 0.060906 0.036262
v -0.006534 0.060927 0.036434
v -0.002702 0.060974 0.036828
v -0.016204 0.060567 0.033399
v -0.015819 0.060591 0.033604
v -0.014528 0.065282 0.033295
v -0.014621 0.060646 0.034065
v -0.011728 0.060778 0.035178
v -0.023507 0.060039 0.028928
v -0.022212 0.060146 0.029833
v -0.020952 0.064653 0.029901
v -0.021072 0.060240 0.030630
v -0.020019 0.060327 0.031366
v -0.027459 0.059606 0.025250
v -0.026759 0.059697 0.026024
v -0.026607 0.063792 0.025330
v -0.026545 0.059725 0.026260
v -0.031965 0.058939 0.019578
v -0.031804 0.058966 0.019804
v -0.031284 0.062718 0.019756
v -0.031406 0.059031 0.020359
v -0.029586 0.059330 0.022902
v -0.034986 0.058241 0.013613
v -0.034866 0.058275 0.013902
v -0.034808 0.061453 0.013391
v -0.034105 0.058490 0.015741
v -0.037042 0.060005 0.006478
v -0.037094 0.057458 0.006910
v -0.037082 0.057467 0.006985
v -0.035777 0.058018 0.011703
v -0.037583 0.061904 0.002100
v -0.037611 0.057047 0.003375
v -0.037561 0.057135 0.004128
v -0.037854 0.056573 -0.000713
v -0.037855 0.056608 -0.000413
v -0.037821 0.060772 -0.001465
v -0.037855 0.056624 -0.000267
v -0.037619 0.057035 0.003269
v -0.037672 0.056194 -0.003979
v -0.037590 0.059650 -0.005028
v -0.037068 0.055780 -0.007556
v -0.036947 0.058651 -0.008544
v -0.037037 0.055759 -0.007737
v -0.034802 0.054951 -0.014735
v -0.034886 0.054972 -0.014549
v -0.034620 0.056949 -0.015311
v -0.035469 0.055122 -0.013250
v -0.036888 0.055656 -0.008620
v -0.026361 0.054372 -0.026964
v -0.026529 0.053568 -0.026764
v -0.026668 0.053584 -0.026624
v -0.031044 0.055537 -0.021526
v -0.028431 0.053787 -0.024858
v -0.031394 0.054223 -0.021064
v -0.033656 0.054657 -0.017290
v -0.020831 0.053045 -0.031336
v -0.020963 0.053054 -0.031257
v -0.020740 0.053439 -0.031425
v -0.021699 0.053105 -0.030810
v -0.025377 0.053436 -0.027918
v -0.017880 0.052840 -0.033125
v -0.014382 0.052739 -0.034742
v -0.014441 0.052663 -0.034677
v -0.012087 0.052565 -0.035528
v -0.013644 0.052622 -0.035037
v -0.014387 0.052660 -0.034701
v -0.009561 0.052474 -0.036324
v -0.013815 0.054327 -0.034872
v -0.012567 0.083152 0.014866
v -0.017748 0.083244 0.007392
v -0.012993 0.081531 0.019574
v -0.018317 0.082077 0.012395
v -0.023020 0.081783 0.004382
v -0.013401 0.079370 0.023669
v -0.018890 0.080447 0.016875
v -0.023657 0.080579 0.009051
v -0.027855 0.079885 0.000680
v -0.013773 0.076647 0.027100
v -0.019438 0.078309 0.020767
v -0.024298 0.078946 0.013225
v -0.028464 0.078655 0.004945
v -0.032138 0.077492 -0.003595
v -0.032612 0.076267 0.000215
v -0.029077 0.077036 0.008752
v -0.024912 0.076847 0.016848
v -0.019937 0.075644 0.024026
v -0.014092 0.073365 0.029841
v -0.014346 0.069557 0.031894
v -0.020365 0.072455 0.026627
v -0.025471 0.074265 0.019878
v -0.029664 0.074999 0.012052
v -0.033089 0.074698 0.003611
v -0.037202 0.070073 -0.004989
v -0.037317 0.068462 -0.002617
v -0.036158 0.071823 -0.002029
v -0.036393 0.070067 0.000531
v -0.033546 0.072762 0.006549
v -0.033963 0.070455 0.009000
v -0.030198 0.072532 0.014808
v -0.030657 0.069643 0.017002
v -0.025951 0.071207 0.022294
v -0.026332 0.067699 0.024100
v -0.020706 0.068773 0.028574
v -0.037422 0.066557 -0.000641
v -0.037512 0.064366 0.000929
v -0.036607 0.067993 0.002663
v -0.036790 0.065610 0.004358
v -0.034320 0.067783 0.010950
v -0.034604 0.064770 0.012403
v -0.031022 0.066358 0.018641
v -0.036936 0.062937 0.005620
v -0.012192 0.057141 -0.035835
v -0.013040 0.055821 -0.035202
v -0.017792 0.058103 -0.033663
v -0.018933 0.056792 -0.032536
v -0.023057 0.059365 -0.030755
v -0.024335 0.058069 -0.028961
v -0.027885 0.060981 -0.027189
v -0.029107 0.059686 -0.024588
v -0.032162 0.063061 -0.023054
v -0.033113 0.061717 -0.019550
v -0.035692 0.065865 -0.018437
v -0.036178 0.064341 -0.013987
v -0.036983 0.067742 -0.015964
v -0.037537 0.070080 -0.013392
v -0.019976 0.055216 -0.031814
v -0.025504 0.056392 -0.027707
v -0.030225 0.057870 -0.022694
v -0.033983 0.059690 -0.016946
v -0.036622 0.061953 -0.010652
v -0.037168 0.070342 -0.027692
v -0.037373 0.071751 -0.026992
v -0.036617 0.069076 -0.028374
v -0.034940 0.067035 -0.029671
v -0.026001 0.062270 -0.034073
v -0.030695 0.064208 -0.032022
v -0.010878 0.058981 -0.038284
v -0.016030 0.059778 -0.037226
v -0.021086 0.060847 -0.035815
v -0.036770 0.068680 -0.021851
v -0.035254 0.066688 -0.023765
v -0.031307 0.063837 -0.027286
v -0.026787 0.061810 -0.030400
v -0.021908 0.060280 -0.033064
v -0.016766 0.059104 -0.035230
v -0.011428 0.058211 -0.036852
v -0.005950 0.057602 -0.037877
v -0.016004 0.084740 -0.016265
v -0.010846 0.085563 -0.015159
v -0.021066 0.083547 -0.017775
v -0.025986 0.081918 -0.019647
v -0.036608 0.074471 -0.025603
v -0.034930 0.076622 -0.024282
v -0.030685 0.079721 -0.021832
v -0.031287 0.079048 -0.012236
v -0.026762 0.081363 -0.008969
v -0.021876 0.083135 -0.006154
v -0.016727 0.084465 -0.003875
v -0.011384 0.085398 -0.002200
v -0.037440 0.071235 -0.019835
v -0.036754 0.073827 -0.017812
v -0.035236 0.075920 -0.015870
v -0.033360 0.077617 -0.014011
v -0.013573 0.037855 -0.034960
v -0.013785 0.037855 -0.034864
v -0.014344 0.045342 -0.034869
v -0.007188 0.045205 -0.036988
v -0.020930 0.045567 -0.031380
v -0.026689 0.045871 -0.026669
v -0.034885 0.046668 -0.014394
v -0.037018 0.047130 -0.007317
v -0.037698 0.047609 -0.000104
v -0.036496 0.037856 -0.008363
v -0.036630 0.037856 -0.007682
v -0.037161 0.037856 -0.004983
v -0.037489 0.037856 -0.000555
v -0.037492 0.037856 -0.000346
v -0.037656 0.045201 -0.000061
v -0.037697 0.047546 -0.000103
v -0.033847 0.037855 -0.015987
v -0.034442 0.037855 -0.014730
v -0.034758 0.037855 -0.014064
v -0.036277 0.037856 -0.009478
v -0.032899 0.037855 -0.017990
v -0.031400 0.046243 -0.020931
v -0.029634 0.037855 -0.022868
v -0.030598 0.037855 -0.021675
v -0.030889 0.037855 -0.021209
v -0.027632 0.037855 -0.025349
v -0.024065 0.037855 -0.028706
v -0.024740 0.037855 -0.028180
v -0.026110 0.037855 -0.026839
v -0.021257 0.037855 -0.030894
v -0.017369 0.037855 -0.033229
v -0.017483 0.037855 -0.033177
v -0.020341 0.037855 -0.031448
v -0.009831 0.037855 -0.036146
v -0.009029 0.037855 -0.036400
v -0.001858 0.037855 -0.037385
v -0.004334 0.037855 -0.037253
v -0.006661 0.037855 -0.036830
v -0.000097 0.044935 -0.037627
v 0.000348 0.037855 -0.037502
v -0.000112 0.045162 -0.037631
v -0.000189 0.046397 -0.037653
v 0.004811 0.037855 0.037160
v 0.006991 0.037855 0.036770
v 0.006977 0.049669 0.036759
v -0.000357 0.049715 0.037441
v -0.000358 0.047950 0.037471
v -0.000359 0.044266 0.037489
v -0.000360 0.040866 0.037495
v 0.004303 0.037855 0.037252
v -0.000360 0.037855 0.037497
v 0.006981 0.055850 0.036599
v -0.000356 0.055151 0.037349
v -0.000356 0.055916 0.037296
v 0.006637 0.044974 -0.037004
v 0.008327 0.037855 -0.036493
v 0.007003 0.037855 -0.036799
v 0.006181 0.037855 -0.036989
v 0.001634 0.037855 -0.037468
v 0.014833 0.037855 -0.034440
v 0.014097 0.037855 -0.034707
v 0.013798 0.045104 -0.034906
v 0.010667 0.037855 -0.035951
v 0.022423 0.037855 -0.030052
v 0.020621 0.037855 -0.031239
v 0.020394 0.045319 -0.031434
v 0.018741 0.037855 -0.032478
v 0.015896 0.037855 -0.033906
v 0.026166 0.045613 -0.026739
v 0.026372 0.037855 -0.026601
v 0.025837 0.037855 -0.027172
v 0.022787 0.037855 -0.029745
v 0.030892 0.045974 -0.021012
v 0.028752 0.037855 -0.024065
v 0.028630 0.037855 -0.024195
v 0.033231 0.037855 -0.017362
v 0.033141 0.037855 -0.017515
v 0.034395 0.046388 -0.014483
v 0.031151 0.037855 -0.020866
v 0.031109 0.037855 -0.020922
v 0.036404 0.037855 -0.008976
v 0.036093 0.037855 -0.009982
v 0.036546 0.046838 -0.007410
v 0.035112 0.037855 -0.013150
v 0.034561 0.037855 -0.014385
v 0.037272 0.047307 -0.000068
v 0.037466 0.037855 0.000021
v 0.037490 0.037855 -0.000637
v 0.037389 0.037855 -0.002013
v 0.037185 0.037855 -0.004812
v 0.036714 0.037855 -0.007325
v 0.037340 0.037855 0.003417
v 0.036558 0.047776 0.007270
v 0.036933 0.037855 0.006023
v 0.034420 0.048228 0.014328
v 0.034532 0.037856 0.014420
v 0.034783 0.037856 0.013818
v 0.035451 0.037856 0.012222
v 0.036602 0.037855 0.008147
v 0.036723 0.037855 0.007373
v 0.033596 0.037856 0.016659
v 0.030939 0.048644 0.020830
v 0.031185 0.037855 0.020826
v 0.026253 0.049010 0.026523
v 0.028356 0.037855 0.024540
v 0.031062 0.037855 0.020988
v 0.025287 0.037855 0.027692
v 0.026223 0.037855 0.026730
v 0.026339 0.037855 0.026612
v 0.021638 0.037855 0.030628
v 0.020543 0.049309 0.031187
v 0.020610 0.037855 0.031262
v 0.014034 0.049532 0.034643
v 0.017651 0.037855 0.033087
v 0.019877 0.037855 0.031714
v 0.008914 0.037855 0.036425
v 0.012639 0.037855 0.035263
v 0.013385 0.037855 0.035030
v 0.014078 0.037855 0.034714
v 0.014034 0.055650 0.034456
v -0.002704 0.049711 0.037374
v -0.009634 0.037855 0.036222
v -0.008314 0.037855 0.036497
v -0.009611 0.049641 0.036263
v -0.005344 0.037855 0.037115
v -0.002710 0.037855 0.037337
v -0.000931 0.037855 0.037487
v -0.016190 0.037855 0.033742
v -0.015923 0.037855 0.033872
v -0.016190 0.049490 0.033890
v -0.014315 0.037855 0.034657
v -0.009906 0.037855 0.036165
v -0.022215 0.049263 0.030336
v -0.022222 0.037855 0.030174
v -0.018501 0.037855 0.032614
v -0.027386 0.037855 0.025510
v -0.026099 0.037855 0.026921
v -0.027472 0.048969 0.025728
v -0.022817 0.037855 0.029726
v -0.022528 0.037855 0.029973
v -0.031727 0.037856 0.019959
v -0.029188 0.037856 0.023535
v -0.027415 0.037855 0.025478
v -0.032226 0.037856 0.019086
v -0.031844 0.037856 0.019794
v -0.031783 0.048618 0.020223
v -0.036997 0.047793 0.007308
v -0.036839 0.037855 0.006972
v -0.034997 0.048221 0.014008
v -0.035693 0.037856 0.011478
v -0.035581 0.037856 0.011767
v -0.034833 0.037856 0.013680
v -0.034022 0.037856 0.015756
v -0.037002 0.048089 0.007318
v -0.037001 0.048023 0.007315
v -0.037296 0.037855 0.003327
v -0.037244 0.037855 0.004315
v -0.037540 0.047786 0.003686
vn -0.0000 -1.0000 -0.0000
vn 0.6030 -0.0000 0.7978
vn 0.7889 -0.0000 0.6145
vn 0.9211 -0.0000 0.3894
vn 0.9905 -0.0000 0.1377
vn 0.9924 -0.0000 -0.1233
vn 0.9266 -0.0000 -0.3760
vn 0.7978 -0.0000 -0.6030
vn 0.6145 -0.0000 -0.7889
vn 0.3893 -0.0188 -0.9209
vn 0.4212 -0.0000 -0.9069
vn 0.4213 -0.0000 -0.9069
vn -0.0193 -0.0000 -0.9998
vn 0.1166 -0.0008 -0.9932
vn 0.1377 -0.0138 -0.9904
vn 0.2782 0.0043 -0.9605
vn -0.0192 -0.0000 -0.9998
vn -0.1233 -0.0167 -0.9922
vn -0.1571 0.0029 -0.9876
vn -0.1570 0.0029 -0.9876
vn -0.3760 -0.0041 -0.9266
vn -0.3652 -0.0123 -0.9309
vn -0.6029 -0.0205 -0.7976
vn -0.5562 0.0088 -0.8310
vn -0.7887 -0.0239 -0.6143
vn -0.7213 0.0154 -0.6924
vn -0.9450 0.0110 -0.3269
vn -0.9209 -0.0214 -0.3893
vn -0.8529 0.0162 -0.5218
vn -0.9930 -0.0156 -0.1172
vn -0.9905 -0.0005 -0.1377
vn -0.9987 -0.0000 -0.0504
vn -0.9922 -0.0182 0.1233
vn -0.9959 -0.0000 0.0902
vn -0.9266 -0.0000 0.3760
vn -0.9760 -0.0000 0.2179
vn -0.7978 -0.0000 0.6030
vn -0.6145 -0.0000 0.7889
vn -0.3894 -0.0000 0.9211
vn -0.1377 -0.0008 0.9905
vn -0.1388 -0.0000 0.9903
vn 0.1233 -0.0000 0.9924
vn -0.0159 -0.0000 0.9999
vn 0.3760 -0.0000 0.9266
vn -0.0005 -0.0000 -1.0000
vn -0.0004 -0.0000 -1.0000
vn -0.0000 -0.0002 -1.0000
vn -0.0005 -0.0003 -1.0000
vn -0.0002 -0.0000 -1.0000
vn -0.0010 -0.0000 -1.0000
vn 0.8639 0.4896 -0.1183
vn 0.7917 0.5672 -0.2269
vn 0.7917 0.5672 -0.2268
vn 0.6457 0.7161 -0.2650
vn 0.6688 0.6932 -0.2686
vn 0.6810 0.6718 -0.2915
vn 0.7387 0.6364 -0.2220
vn 0.6968 0.7125 -0.0829
vn 0.6847 0.7176 -0.1274
vn 0.6884 0.6742 -0.2676
vn 0.6834 0.7280 -0.0548
vn 0.6967 0.7125 -0.0829
vn 0.7092 0.7046 0.0227
vn 0.7093 0.7046 0.0227
vn 0.6821 0.7312 0.0134
vn 0.7833 0.6217 0.0034
vn 0.7092 0.7046 0.0228
vn 0.7325 0.6808 -0.0016
vn 0.7329 0.6798 0.0276
vn 0.7320 0.6804 0.0352
vn 0.7191 0.6946 0.0224
vn 0.8982 0.4396 0.0045
vn 0.8500 0.5265 0.0149
vn 0.8631 0.5035 0.0389
vn 0.8256 0.5641 0.0153
vn 0.8027 0.5373 -0.2587
vn 0.7930 0.5645 -0.2292
vn 0.8154 0.5642 -0.1296
vn 0.8131 0.5720 -0.1081
vn 0.8103 0.5835 -0.0539
vn 0.8126 0.5820 -0.0306
vn 0.8258 0.5616 -0.0520
vn 0.8212 0.5701 -0.0256
vn 0.8462 0.5320 0.0293
vn 0.8498 0.5272 -0.0037
vn 0.8498 0.5271 -0.0037
vn 0.9979 -0.0651 -0.0054
vn 0.9546 0.2962 -0.0323
vn 0.9966 0.0818 0.0098
vn 0.9549 0.2924 -0.0515
vn 0.9275 0.3737 0.0105
vn 0.9174 0.3979 0.0083
vn 0.9274 0.3736 0.0185
vn 0.9475 0.3196 -0.0054
vn 0.9907 0.1359 -0.0001
vn 0.9998 -0.0183 0.0009
vn 0.9966 0.0823 -0.0021
vn 0.9981 0.0590 0.0178
vn 0.9977 -0.0660 0.0143
vn 0.9954 -0.0954 -0.0028
vn 0.9976 0.0692 0.0079
vn 0.9981 -0.0483 0.0381
vn 0.9996 0.0102 0.0263
vn 0.9990 -0.0398 -0.0201
vn 0.9976 0.0692 0.0080
vn 0.9833 0.1816 -0.0133
vn 0.9534 0.2978 -0.0481
vn 0.8692 0.4923 -0.0461
vn 0.9087 0.3974 -0.1278
vn 0.9997 -0.0091 -0.0230
vn 0.9999 -0.0104 -0.0120
vn 0.9995 -0.0241 -0.0223
vn 0.9135 0.3950 -0.0980
vn 0.9011 0.4277 -0.0719
vn 0.9043 0.4249 -0.0403
vn 0.9043 0.4250 -0.0403
vn 0.9120 0.4101 0.0072
vn 0.9113 0.4112 -0.0213
vn 0.9279 0.3726 0.0144
vn 0.9275 0.3737 0.0104
vn 0.9992 -0.0277 -0.0288
vn 0.9951 0.0790 -0.0591
vn 0.9887 0.1480 -0.0218
vn 0.9891 0.1469 -0.0121
vn 0.9921 0.1219 -0.0295
vn 0.9922 0.1216 -0.0255
vn 0.9980 -0.0625 0.0079
vn 0.9979 -0.0651 -0.0055
vn 0.9772 0.2122 0.0006
vn 0.9732 0.2295 0.0118
vn 0.9729 0.2306 -0.0176
vn 0.9627 0.2705 0.0056
vn 0.9623 0.2718 -0.0114
vn 0.9104 0.4126 -0.0312
vn 0.8905 0.4550 -0.0017
vn 0.9841 -0.1778 -0.0018
vn 0.4513 -0.8924 -0.0037
vn 0.7071 -0.7071 -0.0052
vn 0.5002 -0.8659 -0.0085
vn 0.5518 -0.8331 -0.0381
vn 0.5605 -0.8276 -0.0321
vn 0.5821 -0.8128 -0.0227
vn 0.6335 -0.7719 -0.0525
vn 0.6618 -0.7492 -0.0279
vn 0.6315 -0.7753 -0.0123
vn 0.7779 -0.6284 -0.0047
vn 0.7583 -0.6518 -0.0106
vn 0.7796 -0.6251 -0.0367
vn 0.8400 -0.5425 -0.0094
vn 0.8412 -0.5406 -0.0105
vn 0.8401 -0.5423 -0.0115
vn 0.9083 -0.4182 -0.0074
vn 0.8924 -0.4511 0.0120
vn 0.9671 -0.2533 0.0220
vn 0.9381 -0.3440 -0.0392
vn 0.9568 -0.2896 0.0251
vn 0.9356 -0.3522 0.0226
vn 0.9357 -0.3522 0.0226
vn 0.9883 -0.1521 0.0099
vn 0.9843 -0.1766 0.0042
vn 0.9665 -0.2566 -0.0064
vn 0.9409 -0.3385 0.0145
vn 0.9371 -0.3490 0.0077
vn 0.8860 -0.4633 0.0190
vn 0.9050 -0.4254 0.0004
vn 0.7814 -0.6240 0.0030
vn 0.8223 -0.5687 0.0209
vn 0.8153 -0.5789 0.0108
vn 0.8667 -0.4988 0.0012
vn 0.7296 -0.6838 0.0089
vn 0.7268 -0.6867 0.0123
vn 0.6299 -0.7764 0.0208
vn 0.6569 -0.7540 0.0027
vn 0.5234 -0.8519 0.0167
vn 0.5190 -0.8547 0.0122
vn 0.5922 -0.8058 -0.0006
vn 0.3886 -0.9212 0.0212
vn 0.3977 -0.9174 0.0136
vn 0.3108 -0.9504 -0.0089
vn 0.2688 -0.9631 0.0169
vn 0.2172 -0.9761 -0.0063
vn 0.0533 -0.9986 -0.0079
vn 0.1345 -0.9909 0.0102
vn 0.1357 -0.9907 0.0092
vn -0.0026 -1.0000 -0.0021
vn -0.0296 -0.9992 0.0260
vn -0.1396 -0.9901 0.0152
vn -0.1122 -0.9937 -0.0022
vn -0.1121 -0.9937 -0.0022
vn -0.3538 -0.9353 -0.0057
vn -0.2739 -0.9617 0.0098
vn -0.2614 -0.9652 -0.0011
vn -0.1805 -0.9836 -0.0017
vn -0.4438 -0.8954 0.0372
vn -0.4031 -0.9151 -0.0091
vn -0.4441 -0.8959 -0.0090
vn -0.5236 -0.8518 0.0149
vn -0.5421 -0.8403 -0.0009
vn -0.6322 -0.7748 0.0026
vn -0.5298 -0.8215 0.2108
vn -0.6266 -0.7794 -0.0029
vn -0.6252 -0.7804 -0.0014
vn -0.6253 -0.7804 -0.0029
vn -0.5930 -0.8052 -0.0041
vn -0.5945 -0.8037 -0.0274
vn -0.6141 -0.7892 -0.0039
vn -0.6359 -0.7714 -0.0245
vn -0.6259 -0.7799 -0.0029
vn -0.5260 -0.8504 -0.0125
vn -0.4245 -0.9032 -0.0638
vn -0.3022 -0.9530 -0.0198
vn -0.4227 -0.9061 -0.0181
vn -0.4031 -0.9150 -0.0163
vn -0.4222 -0.9065 -0.0077
vn -0.2710 -0.9625 -0.0149
vn -0.1738 -0.9835 -0.0509
vn -0.1721 -0.9848 0.0226
vn -0.1240 -0.9922 -0.0088
vn -0.1734 -0.9843 -0.0320
vn -0.0353 -0.9993 -0.0103
vn 0.0181 -0.9998 -0.0044
vn 0.0604 -0.9968 -0.0516
vn 0.1758 -0.9843 -0.0144
vn 0.1602 -0.9868 -0.0242
vn 0.1761 -0.9838 -0.0321
vn 0.0601 -0.9982 -0.0048
vn 0.2894 -0.9570 -0.0189
vn 0.2983 -0.9542 -0.0242
vn 0.2897 -0.9567 -0.0289
vn 0.4001 -0.9153 -0.0470
vn 0.4297 -0.9023 -0.0332
vn 0.3986 -0.9171 -0.0111
vn 0.9893 -0.1447 -0.0165
vn 0.9890 -0.1478 0.0084
vn 0.9821 -0.1876 -0.0144
vn 0.9877 -0.1543 0.0254
vn -0.2795 -0.9600 -0.0161
vn -0.1242 -0.9920 -0.0241
vn -0.1327 -0.9910 -0.0156
vn 0.0182 -0.9995 -0.0247
vn 0.0086 -0.9998 -0.0153
vn 0.1602 -0.9867 -0.0260
vn 0.1498 -0.9886 -0.0156
vn 0.2984 -0.9540 -0.0279
vn 0.2873 -0.9577 -0.0165
vn 0.4296 -0.9025 -0.0301
vn 0.4181 -0.9082 -0.0178
vn 0.5516 -0.8335 -0.0326
vn 0.5398 -0.8416 -0.0192
vn 0.6620 -0.7486 -0.0351
vn 0.6502 -0.7595 -0.0204
vn 0.7594 -0.6496 -0.0373
vn 0.7477 -0.6637 -0.0209
vn 0.8422 -0.5378 -0.0388
vn 0.8310 -0.5558 -0.0202
vn 0.9091 -0.4148 -0.0392
vn 0.8993 -0.4370 -0.0185
vn 0.9585 -0.2825 -0.0385
vn 0.9511 -0.3084 -0.0161
vn 0.9869 -0.1572 -0.0353
vn 0.9841 -0.1778 -0.0019
vn 0.9784 -0.2061 0.0163
vn 0.9786 -0.2059 0.0068
vn 0.9786 -0.2058 0.0068
vn -0.6260 -0.7798 -0.0028
vn -0.6259 -0.7799 -0.0035
vn -0.5257 -0.8507 -0.0027
vn -0.5240 -0.8517 -0.0044
vn -0.4028 -0.9153 -0.0057
vn -0.4030 -0.9152 -0.0055
vn -0.2709 -0.9626 -0.0092
vn -0.2741 -0.9617 -0.0061
vn -0.1327 -0.9911 -0.0124
vn -0.1397 -0.9902 -0.0058
vn 0.0086 -0.9999 -0.0148
vn -0.0026 -1.0000 -0.0042
vn 0.1498 -0.9886 -0.0162
vn 0.1346 -0.9909 -0.0015
vn 0.2873 -0.9577 -0.0163
vn 0.2690 -0.9631 0.0020
vn 0.4181 -0.9083 -0.0156
vn 0.3979 -0.9174 0.0056
vn 0.5397 -0.8417 -0.0146
vn 0.5191 -0.8547 0.0086
vn 0.6500 -0.7598 -0.0137
vn 0.6302 -0.7763 0.0105
vn 0.7475 -0.6642 -0.0137
vn 0.7295 -0.6839 0.0110
vn 0.8309 -0.5562 -0.0148
vn 0.8153 -0.5789 0.0103
vn 0.8993 -0.4371 -0.0171
vn 0.8863 -0.4631 0.0089
vn 0.9512 -0.3081 -0.0201
vn 0.9410 -0.3383 0.0078
vn 0.9840 -0.1767 -0.0218
vn 0.9788 -0.2049 0.0031
vn -0.9553 0.2955 -0.0062
vn -0.9638 -0.2667 -0.0057
vn -0.7237 -0.6899 -0.0177
vn -0.6897 -0.7201 -0.0758
vn -0.7263 -0.6873 -0.0131
vn -0.7345 -0.6786 -0.0051
vn -0.7517 -0.6594 0.0107
vn -0.7344 -0.6787 -0.0009
vn -0.7518 -0.6594 -0.0016
vn -0.6945 -0.7195 0.0022
vn -0.6896 -0.7242 -0.0041
vn -0.8212 -0.5706 0.0041
vn -0.8214 -0.5704 0.0043
vn -0.8801 -0.4747 -0.0033
vn -0.8973 -0.4413 0.0070
vn -0.9275 -0.3738 -0.0068
vn -0.9541 -0.2995 -0.0041
vn -0.9637 -0.2667 0.0096
vn -0.9877 -0.1565 -0.0020
vn -0.9888 -0.1493 0.0006
vn -0.9989 -0.0458 -0.0077
vn -0.9989 -0.0457 -0.0077
vn -1.0000 0.0040 0.0038
vn -0.9977 0.0674 -0.0077
vn -0.9526 0.3043 0.0031
vn -0.9578 0.2875 -0.0023
vn -0.9838 0.1792 -0.0044
vn -0.9883 0.1528 -0.0028
vn -0.9838 0.1792 0.0063
vn -0.9506 0.3027 -0.0690
vn -0.9715 0.2249 -0.0749
vn -0.9674 0.2533 -0.0027
vn -0.9859 0.1637 -0.0361
vn -0.9764 0.2159 -0.0065
vn -0.9846 -0.1741 0.0166
vn -0.9998 0.0191 0.0110
vn -0.9998 0.0090 0.0181
vn -0.9996 0.0179 0.0197
vn -0.9996 0.0178 0.0197
vn -0.9829 -0.1781 0.0459
vn -0.9882 -0.1477 0.0412
vn -0.9320 -0.3617 -0.0245
vn -0.9543 -0.2980 0.0249
vn -0.9273 -0.3709 0.0500
vn -0.8979 -0.4400 0.0096
vn -0.9322 -0.3604 -0.0336
vn -0.8364 -0.5481 -0.0026
vn -0.8199 -0.5722 0.0174
vn -0.8342 -0.5509 0.0261
vn -0.9504 0.3104 -0.0195
vn -0.9868 0.1612 -0.0145
vn -0.9878 0.1542 -0.0203
vn -0.9998 0.0131 -0.0161
vn -0.9997 0.0061 -0.0220
vn -0.9899 -0.1408 -0.0185
vn -0.9888 -0.1472 -0.0242
vn -0.9559 -0.2930 -0.0214
vn -0.9543 -0.2978 -0.0261
vn -0.8993 -0.4366 -0.0243
vn -0.8981 -0.4389 -0.0268
vn -0.8222 -0.5687 -0.0261
vn -0.8222 -0.5685 -0.0260
vn -0.7279 -0.6852 -0.0266
vn 0.5730 0.7417 -0.3488
vn 0.6408 0.7206 -0.2646
vn 0.5689 0.8167 -0.0967
vn 0.5745 0.8185 -0.0029
vn -0.7524 0.6587 0.0087
vn -0.8979 0.4364 -0.0573
vn -0.9418 0.3295 -0.0668
vn -0.9307 0.3578 -0.0764
vn -0.8961 0.4254 -0.1265
vn -0.9056 0.4199 -0.0588
vn -0.9074 0.4200 -0.0146
vn -0.8802 0.4746 -0.0006
vn -0.9236 0.3833 0.0106
vn -0.9079 0.4191 -0.0026
vn -0.9014 0.4327 -0.0155
vn -0.8468 0.5319 0.0104
vn -0.8219 0.5696 0.0041
vn -0.7747 0.6322 0.0105
vn -0.7523 0.6586 0.0190
vn -0.5091 0.8605 0.0172
vn -0.4918 0.8704 0.0220
vn -0.5870 0.8094 0.0155
vn -0.6052 0.7959 0.0163
vn -0.5870 0.8093 0.0217
vn -0.6735 0.7391 0.0128
vn -0.2969 0.9547 0.0201
vn -0.3908 0.9203 0.0173
vn -0.4061 0.9136 0.0175
vn -0.3907 0.9203 0.0217
vn -0.4918 0.8705 0.0166
vn -0.2859 0.9581 0.0172
vn -0.1784 0.9837 0.0208
vn -0.1759 0.9842 0.0194
vn -0.0642 0.9978 0.0187
vn -0.0570 0.9981 0.0224
vn 0.0472 0.9988 0.0162
vn 0.0652 0.9976 0.0246
vn 0.1597 0.9871 0.0143
vn 0.1865 0.9821 0.0260
vn 0.2697 0.9628 0.0134
vn 0.3048 0.9520 0.0272
vn 0.3752 0.9269 0.0120
vn 0.4184 0.9079 0.0276
vn 0.4609 0.8873 0.0154
vn 0.6169 0.7870 0.0048
vn 0.6162 0.7875 0.0044
vn 0.5256 0.8504 0.0237
vn 0.5421 0.8402 0.0142
vn 0.6172 0.7866 0.0190
vn 0.5409 0.8386 0.0650
vn 0.6349 0.7725 0.0081
vn 0.6322 0.7747 0.0103
vn 0.6202 0.7791 -0.0917
vn 0.5717 0.7786 -0.2587
vn 0.5217 0.7806 -0.3442
vn 0.5959 0.7573 -0.2672
vn 0.4977 0.7919 -0.3538
vn 0.4510 0.8015 -0.3925
vn 0.4133 0.8299 -0.3748
vn 0.3490 0.8366 -0.4222
vn 0.2281 0.8656 -0.4457
vn 0.3215 0.8550 -0.4069
vn 0.2495 0.8707 -0.4238
vn 0.2319 0.8757 -0.4236
vn 0.1421 0.8810 -0.4512
vn 0.1352 0.8858 -0.4439
vn 0.1353 0.8858 -0.4439
vn 0.0370 0.8918 -0.4509
vn 0.0445 0.8868 -0.4600
vn -0.1340 0.8901 -0.4356
vn -0.1340 0.8901 -0.4355
vn -0.0682 0.8820 -0.4663
vn -0.0422 0.8941 -0.4459
vn -0.0421 0.8941 -0.4459
vn -0.1765 0.8843 -0.4323
vn -0.2206 0.8421 -0.4922
vn -0.3340 0.8502 -0.4070
vn -0.2757 0.8502 -0.4485
vn -0.2327 0.8746 -0.4253
vn -0.3777 0.8210 -0.4281
vn -0.4317 0.8153 -0.3860
vn -0.6013 0.7119 -0.3629
vn -0.5248 0.7733 -0.3558
vn -0.4782 0.7824 -0.3990
vn -0.4317 0.8153 -0.3859
vn -0.5893 0.7417 -0.3203
vn -0.6922 0.6513 -0.3110
vn -0.6831 0.6773 -0.2732
vn -0.7769 0.5751 -0.2562
vn -0.7695 0.5995 -0.2202
vn -0.7769 0.5752 -0.2562
vn -0.7768 0.5752 -0.2562
vn -0.8993 0.4163 -0.1339
vn -0.8412 0.5085 -0.1838
vn -0.8454 0.4959 -0.1985
vn -0.8454 0.4960 -0.1985
vn 0.5744 0.8186 -0.0029
vn 0.5763 0.8170 0.0217
vn 0.4980 0.8671 0.0089
vn 0.5257 0.8502 0.0290
vn 0.3945 0.9188 0.0110
vn 0.4184 0.9079 0.0267
vn 0.2850 0.9585 0.0120
vn 0.3047 0.9521 0.0238
vn 0.1707 0.9853 0.0123
vn 0.1865 0.9822 0.0212
vn 0.0532 0.9985 0.0128
vn 0.0652 0.9977 0.0191
vn -0.0652 0.9978 0.0138
vn -0.0570 0.9982 0.0180
vn -0.1826 0.9831 0.0154
vn -0.1784 0.9838 0.0176
vn -0.2868 0.9578 0.0177
vn 0.5590 0.8234 -0.0976
vn 0.5663 0.8236 -0.0314
vn 0.4881 0.8717 -0.0432
vn 0.4953 0.8680 -0.0348
vn 0.3853 0.9215 -0.0490
vn 0.3916 0.9192 -0.0422
vn 0.2766 0.9594 -0.0544
vn 0.2824 0.9581 -0.0484
vn 0.1632 0.9849 -0.0586
vn 0.1689 0.9842 -0.0529
vn 0.0467 0.9971 -0.0609
vn 0.0526 0.9971 -0.0551
vn -0.0706 0.9956 -0.0609
vn -0.0645 0.9964 -0.0549
vn -0.1868 0.9807 -0.0584
vn -0.1807 0.9821 -0.0522
vn -0.2998 0.9525 -0.0535
vn -0.2940 0.9546 -0.0475
vn -0.4078 0.9119 -0.0467
vn -0.4030 0.9143 -0.0413
vn -0.5095 0.8596 -0.0388
vn -0.5060 0.8618 -0.0345
vn -0.6042 0.7963 -0.0305
vn -0.6024 0.7977 -0.0281
vn -0.6917 0.7219 -0.0229
vn -0.6939 0.7200 0.0141
vn -0.6734 0.7390 0.0208
vn 0.5463 0.7975 -0.2561
vn 0.5551 0.8012 -0.2236
vn 0.4933 0.8409 -0.2227
vn 0.4640 0.8489 -0.2531
vn 0.3859 0.8873 -0.2525
vn 0.3619 0.8903 -0.2765
vn 0.2736 0.9213 -0.2764
vn 0.2567 0.9210 -0.2932
vn 0.1582 0.9427 -0.2938
vn 0.1490 0.9412 -0.3032
vn 0.0412 0.9516 -0.3046
vn 0.0395 0.9511 -0.3064
vn -0.0758 0.9481 -0.3088
vn -0.0706 0.9504 -0.3028
vn -0.1915 0.9325 -0.3064
vn -0.1807 0.9390 -0.2925
vn -0.3043 0.9050 -0.2972
vn -0.2893 0.9168 -0.2753
vn -0.4131 0.8662 -0.2812
vn -0.3956 0.8833 -0.2514
vn -0.5167 0.8162 -0.2584
vn -0.4983 0.8383 -0.2212
vn -0.6139 0.7553 -0.2292
vn -0.5960 0.7812 -0.1858
vn -0.7036 0.6834 -0.1945
vn -0.6873 0.7112 -0.1474
vn -0.7843 0.6003 -0.1564
vn -0.7706 0.6280 -0.1087
vn -0.8544 0.5061 -0.1180
vn -0.8439 0.5314 -0.0734
vn -0.8955 0.4377 -0.0803
vn 0.5688 0.8167 -0.0968
vn 0.5669 0.8166 -0.1085
vn 0.4877 0.8653 -0.1153
vn 0.4790 0.8689 -0.1249
vn 0.3836 0.9140 -0.1320
vn 0.3765 0.9159 -0.1394
vn 0.2738 0.9507 -0.1460
vn 0.2694 0.9512 -0.1504
vn 0.1595 0.9747 -0.1564
vn 0.1586 0.9747 -0.1573
vn 0.0425 0.9858 -0.1627
vn 0.0453 0.9861 -0.1599
vn -0.0749 0.9835 -0.1645
vn -0.0687 0.9850 -0.1580
vn -0.1913 0.9681 -0.1618
vn -0.1821 0.9715 -0.1516
vn -0.3042 0.9400 -0.1545
vn -0.2929 0.9457 -0.1409
vn -0.4124 0.8997 -0.1431
vn -0.4000 0.9077 -0.1265
vn -0.5144 0.8480 -0.1279
vn -0.5018 0.8581 -0.1092
vn -0.6094 0.7853 -0.1098
vn -0.5976 0.7967 -0.0899
vn -0.6968 0.7116 -0.0899
vn -0.6740 0.7372 -0.0464
vn -0.7795 0.6250 -0.0420
vn -0.7720 0.6346 -0.0352
vn -0.8485 0.5283 -0.0308
vn -0.8449 0.5342 -0.0269
vn -0.9012 0.4329 -0.0228
vn 0.2021 0.7935 -0.5740
vn 0.2405 0.7887 -0.5657
vn 0.2071 0.8079 -0.5517
vn 0.1461 0.8260 -0.5444
vn 0.2350 0.8494 -0.4725
vn 0.2513 0.8425 -0.4764
vn 0.2291 0.8677 -0.4412
vn 0.2194 0.8465 -0.4850
vn 0.1858 0.8741 -0.4488
vn 0.2077 0.8983 -0.3872
vn 0.1559 0.9591 -0.2362
vn 0.0486 0.9839 -0.1718
vn 0.0977 0.9656 -0.2408
vn 0.1378 0.9834 -0.1181
vn 0.1335 0.9772 -0.1654
vn 0.0692 0.9903 -0.1208
vn 0.0836 0.9951 -0.0533
vn 0.1331 0.9485 -0.2873
vn 0.1379 0.9615 -0.2377
vn 0.1775 0.9432 -0.2809
vn 0.1455 0.9226 -0.3572
vn 0.1455 0.9226 -0.3573
vn 0.2117 0.9132 -0.3483
vn 0.2116 0.9132 -0.3484
vn 0.2044 0.8987 -0.3879
vn 0.1562 0.9214 -0.3559
vn 0.1504 0.9046 -0.3988
vn 0.2861 0.7177 -0.6348
vn 0.2841 0.7192 -0.6341
vn 0.2837 0.7184 -0.6352
vn 0.2878 0.7915 -0.5392
vn 0.2990 0.7825 -0.5462
vn 0.3009 0.7864 -0.5395
vn 0.2066 0.7295 -0.6521
vn 0.2845 0.7221 -0.6306
vn 0.2131 0.7330 -0.6460
vn 0.1660 0.7613 -0.6268
vn 0.2680 0.7816 -0.5633
vn 0.2608 0.7811 -0.5673
vn 0.2854 0.7222 -0.6301
vn 0.2853 0.7222 -0.6301
vn 0.2390 0.7842 -0.5726
vn 0.1916 0.7402 -0.6445
vn 0.0997 0.9950 -0.0025
vn 0.0806 0.9894 -0.1204
vn 0.0806 0.9895 -0.1203
vn 0.1175 0.9917 -0.0524
vn 0.0934 0.9953 -0.0266
vn 0.0929 0.9943 -0.0530
vn 0.0738 0.9969 -0.0268
vn 0.0704 0.9969 -0.0342
vn 0.2374 0.7842 -0.5733
vn 0.1462 0.8260 -0.5444
vn 0.4678 0.6772 -0.5679
vn 0.4598 0.7530 -0.4707
vn 0.3831 0.7890 -0.4804
vn 0.4528 0.7532 -0.4771
vn 0.4529 0.7532 -0.4771
vn 0.4458 0.6839 -0.5775
vn 0.4414 0.6770 -0.5889
vn 0.4568 0.6782 -0.5757
vn 0.4509 0.6563 -0.6049
vn 0.4478 0.6556 -0.6080
vn 0.4281 0.6875 -0.5865
vn 0.4334 0.7304 -0.5279
vn 0.3659 0.7582 -0.5396
vn 0.3180 0.8768 -0.3607
vn 0.3185 0.8205 -0.4747
vn 0.3420 0.8256 -0.4488
vn 0.3376 0.8170 -0.4676
vn 0.3429 0.8254 -0.4485
vn 0.3536 0.8137 -0.4614
vn 0.3560 0.8066 -0.4718
vn 0.4413 0.7418 -0.5049
vn 0.2640 0.8889 -0.3744
vn 0.2621 0.9185 -0.2962
vn 0.2710 0.8761 -0.3987
vn 0.3124 0.8782 -0.3622
vn 0.3075 0.8687 -0.3883
vn 0.2863 0.8257 -0.4861
vn 0.2283 0.9346 -0.2728
vn 0.2232 0.9261 -0.3043
vn 0.2271 0.9348 -0.2730
vn 0.1976 0.9302 -0.3094
vn 0.2148 0.9584 -0.1879
vn 0.1941 0.9679 -0.1600
vn 0.1907 0.9629 -0.1909
vn 0.1932 0.9680 -0.1601
vn 0.1458 0.9697 -0.1961
vn 0.1732 0.9818 -0.0782
vn 0.1704 0.9841 -0.0509
vn 0.1686 0.9826 -0.0785
vn 0.1699 0.9842 -0.0509
vn 0.1275 0.9886 -0.0804
vn 0.1615 0.9868 -0.0119
vn 0.1297 0.9910 -0.0330
vn 0.2908 0.9556 -0.0469
vn 0.1298 0.9915 -0.0025
vn 0.1225 0.9920 -0.0301
vn 0.1275 0.9886 -0.0802
vn 0.4679 0.6982 -0.5418
vn 0.4021 0.7359 -0.5447
vn 0.4198 0.7631 -0.4914
vn 0.3627 0.7596 -0.5398
vn 0.3705 0.6925 -0.6190
vn 0.4605 0.6678 -0.5847
vn 0.3991 0.7419 -0.5388
vn 0.3992 0.7419 -0.5388
vn 0.3680 0.7105 -0.5999
vn 0.3773 0.6892 -0.6186
vn 0.3746 0.6846 -0.6253
vn 0.3699 0.6918 -0.6201
vn 0.3339 0.7134 -0.6162
vn 0.3870 0.7414 -0.5483
vn 0.3082 0.7758 -0.5506
vn 0.2313 0.9723 -0.0345
vn 0.5335 0.6209 -0.5744
vn 0.6216 0.5817 -0.5246
vn 0.4678 0.7391 -0.4847
vn 0.4414 0.7923 -0.4212
vn 0.5247 0.7030 -0.4801
vn 0.5475 0.7220 -0.4231
vn 0.6366 0.6767 -0.3699
vn 0.6160 0.6377 -0.4625
vn 0.6470 0.6506 -0.3976
vn 0.5963 0.6866 -0.4159
vn 0.5910 0.6903 -0.4173
vn 0.4422 0.7416 -0.5045
vn 0.5535 0.7103 -0.4348
vn 0.5042 0.7430 -0.4402
vn 0.5046 0.7279 -0.4642
vn 0.4984 0.7708 -0.3968
vn 0.4372 0.7936 -0.4231
vn 0.4403 0.7910 -0.4247
vn 0.4415 0.7923 -0.4212
vn 0.4405 0.7909 -0.4247
vn 0.4668 0.8199 -0.3316
vn 0.2469 0.9662 -0.0742
vn 0.2419 0.9599 -0.1418
vn 0.2482 0.9659 -0.0743
vn 0.2718 0.9453 -0.1802
vn 0.3539 0.8625 -0.3618
vn 0.3679 0.8538 -0.3684
vn 0.3713 0.8575 -0.3562
vn 0.3685 0.8536 -0.3681
vn 0.3718 0.8573 -0.3560
vn 0.2083 0.9672 -0.1450
vn 0.2504 0.9304 -0.2677
vn 0.2643 0.9473 -0.1813
vn 0.2530 0.9298 -0.2672
vn 0.2668 0.9466 -0.1809
vn 0.3208 0.9125 -0.2537
vn 0.2917 0.9116 -0.2896
vn 0.2707 0.8818 -0.3862
vn 0.2944 0.9109 -0.2891
vn 0.2746 0.8810 -0.3853
vn 0.2982 0.9100 -0.2881
vn 0.3860 0.8485 -0.3621
vn 0.6204 0.5808 -0.5271
vn 0.6197 0.5831 -0.5254
vn 0.6196 0.5831 -0.5254
vn 0.6359 0.6191 -0.4608
vn 0.6217 0.6117 -0.4892
vn 0.6161 0.6377 -0.4625
vn 0.6161 0.6376 -0.4624
vn 0.5654 0.6757 -0.4731
vn 0.5630 0.6727 -0.4801
vn 0.5570 0.6673 -0.4943
vn 0.5525 0.6813 -0.4802
vn 0.5364 0.6319 -0.5594
vn 0.6252 0.5697 -0.5335
vn 0.6237 0.5686 -0.5365
vn 0.6225 0.5710 -0.5351
vn 0.6225 0.5711 -0.5351
vn 0.5969 0.6163 -0.5137
vn 0.6169 0.6290 -0.4731
vn 0.6355 0.6003 -0.4856
vn 0.6136 0.5757 -0.5404
vn 0.6188 0.5799 -0.5300
vn 0.5320 0.6193 -0.5775
vn 0.5298 0.6225 -0.5760
vn 0.5393 0.6543 -0.5301
vn 0.5237 0.6376 -0.5650
vn 0.6458 0.5879 -0.4871
vn 0.6520 0.5927 -0.4728
vn 0.5542 0.6752 -0.4868
vn 0.5624 0.6807 -0.4694
vn 0.5824 0.6649 -0.4676
vn 0.5970 0.6163 -0.5136
vn 0.5365 0.6319 -0.5594
vn 0.5498 0.6316 -0.5467
vn 0.5456 0.6261 -0.5571
vn 0.5373 0.6177 -0.5743
vn 0.5269 0.6379 -0.5616
vn 0.1951 0.9807 -0.0116
vn 0.3201 0.9448 -0.0699
vn 0.2328 0.9719 -0.0339
vn 0.2309 0.9701 -0.0751
vn 0.2325 0.9720 -0.0348
vn 0.2306 0.9701 -0.0752
vn 0.1709 0.9846 -0.0359
vn 0.2406 0.9602 -0.1419
vn 0.4929 0.6699 -0.5553
vn 0.4947 0.6719 -0.5512
vn 0.4995 0.6678 -0.5518
vn 0.5129 0.6976 -0.5003
vn 0.3163 0.9482 -0.0284
vn 0.8052 0.4426 -0.3948
vn 0.8175 0.4666 -0.3376
vn 0.7841 0.4887 -0.3826
vn 0.7109 0.5927 -0.3785
vn 0.7632 0.5617 -0.3195
vn 0.7053 0.6256 -0.3335
vn 0.6376 0.6414 -0.4267
vn 0.6358 0.6428 -0.4272
vn 0.6352 0.6425 -0.4286
vn 0.5558 0.7370 -0.3847
vn 0.5797 0.6828 -0.4447
vn 0.5938 0.6927 -0.4094
vn 0.6633 0.6413 -0.3856
vn 0.4296 0.8336 -0.3472
vn 0.5241 0.7513 -0.4011
vn 0.4649 0.8154 -0.3449
vn 0.4982 0.7724 -0.3941
vn 0.5278 0.7544 -0.3904
vn 0.4914 0.7690 -0.4088
vn 0.4585 0.7867 -0.4133
vn 0.5564 0.7092 -0.4330
vn 0.5561 0.7090 -0.4336
vn 0.5551 0.7097 -0.4338
vn 0.4981 0.7724 -0.3941
vn 0.4680 0.8183 -0.3339
vn 0.3837 0.8741 -0.2977
vn 0.4099 0.8452 -0.3431
vn 0.3080 0.9424 -0.1301
vn 0.3498 0.9036 -0.2475
vn 0.3526 0.9017 -0.2504
vn 0.3535 0.9023 -0.2466
vn 0.3534 0.9024 -0.2467
vn 0.3588 0.8995 -0.2492
vn 0.3588 0.8996 -0.2491
vn 0.4437 0.8328 -0.3309
vn 0.4437 0.8328 -0.3310
vn 0.4334 0.8275 -0.3569
vn 0.3626 0.8600 -0.3590
vn 0.7869 0.4897 -0.3754
vn 0.7744 0.4943 -0.3950
vn 0.8454 0.3971 -0.3572
vn 0.6654 0.6931 -0.2771
vn 0.7858 0.5467 -0.2892
vn 0.7776 0.5445 -0.3144
vn 0.7722 0.5639 -0.2928
vn 0.7077 0.5437 -0.4512
vn 0.7089 0.5377 -0.4565
vn 0.6796 0.5749 -0.4557
vn 0.6797 0.5748 -0.4556
vn 0.7057 0.5836 -0.4017
vn 0.7118 0.5389 -0.4504
vn 0.8035 0.4439 -0.3966
vn 0.7997 0.4392 -0.4093
vn 0.7953 0.4370 -0.4202
vn 0.7907 0.4516 -0.4133
vn 0.7865 0.4500 -0.4229
vn 0.7853 0.4572 -0.4175
vn 0.8068 0.4621 -0.3680
vn 0.7910 0.4868 -0.3707
vn 0.8043 0.4423 -0.3969
vn 0.7104 0.5138 -0.4809
vn 0.7063 0.5215 -0.4786
vn 0.6791 0.5794 -0.4507
vn 0.6657 0.5723 -0.4789
vn 0.7968 0.4943 -0.3475
vn 0.7868 0.4897 -0.3756
vn 0.7064 0.5215 -0.4786
vn 0.7143 0.5253 -0.4625
vn 0.7255 0.5084 -0.4639
vn 0.6633 0.6413 -0.3857
vn 0.6499 0.6360 -0.4161
vn 0.7314 0.5659 -0.3807
vn 0.7296 0.5650 -0.3853
vn 0.7240 0.5704 -0.3879
vn 0.7067 0.5140 -0.4862
vn 0.7097 0.5154 -0.4804
vn 0.7113 0.5098 -0.4838
vn 0.7142 0.5162 -0.4727
vn 0.2710 0.9620 -0.0335
vn 0.2882 0.9567 -0.0403
vn 0.2887 0.9568 -0.0334
vn 0.2887 0.9569 -0.0331
vn 0.2857 0.9579 -0.0290
vn 0.3179 0.9387 -0.1337
vn 0.3134 0.9407 -0.1296
vn 0.3128 0.9403 -0.1342
vn 0.3128 0.9403 -0.1343
vn 0.6414 0.5977 -0.4811
vn 0.6548 0.6045 -0.4536
vn 0.6853 0.5761 -0.4455
vn 0.6352 0.6425 -0.4285
vn 0.2299 -0.3768 0.8973
vn 0.7425 -0.5624 0.3638
vn 0.8720 0.3523 -0.3398
vn 0.8793 0.3703 -0.2996
vn 0.8604 0.3686 -0.3520
vn 0.5916 -0.3776 0.7124
vn 0.4881 0.8447 -0.2196
vn 0.6928 0.5707 -0.4409
vn 0.3503 -0.9362 0.0278
vn 0.5214 -0.8465 0.1077
vn 0.1503 -0.4983 0.8539
vn 0.7914 0.5353 -0.2951
vn 0.6195 -0.7779 0.1055
vn 0.6928 -0.7111 0.1195
vn 0.7610 -0.6350 0.1328
vn 0.9519 -0.2680 0.1485
vn 0.8624 -0.4640 0.2024
vn 0.9180 -0.3651 0.1549
vn 0.9180 -0.3652 0.1549
vn 0.8002 -0.5769 0.1638
vn 0.8204 -0.5528 0.1462
vn 0.6928 -0.7112 0.1195
vn 0.5698 -0.8147 0.1077
vn 0.8189 0.4914 -0.2965
vn 0.9453 0.3007 -0.1266
vn 0.9011 0.4000 -0.1671
vn 0.9474 0.2993 -0.1132
vn 0.9807 0.1873 -0.0552
vn 0.9975 0.0700 0.0023
vn 0.9840 0.1749 0.0331
vn 0.9961 0.0609 0.0637
vn 0.9774 -0.1680 0.1284
vn 0.9770 -0.1769 0.1188
vn 0.9937 -0.0567 0.0962
vn 0.1257 -0.4614 0.8782
vn 0.0434 -0.5082 0.8601
vn 0.1537 -0.4001 0.9035
vn 0.0831 -0.7206 0.6884
vn 0.1816 -0.7542 0.6311
vn 0.1412 -0.7146 0.6852
vn 0.0998 -0.6110 0.7853
vn 0.1721 -0.6389 0.7498
vn 0.1554 -0.6048 0.7811
vn 0.1281 -0.5593 0.8190
vn 0.0107 -0.6169 0.7870
vn 0.1695 -0.8101 0.5612
vn 0.1700 -0.8113 0.5594
vn 0.1724 -0.8109 0.5592
vn 0.1929 -0.9455 0.2622
vn 0.1904 -0.8907 0.4127
vn 0.2031 -0.9435 0.2617
vn 0.2030 -0.9435 0.2617
vn 0.2245 -0.9470 0.2296
vn 0.1668 -0.8948 0.4142
vn 0.1734 -0.8092 0.5613
vn 0.1794 -0.8177 0.5470
vn 0.1921 -0.8065 0.5592
vn 0.1647 -0.7691 0.6175
vn 0.1797 -0.7545 0.6313
vn 0.1345 -0.6915 0.7098
vn 0.2746 -0.8477 0.4539
vn 0.3016 -0.8742 0.3806
vn 0.2084 -0.8968 0.3902
vn 0.4964 -0.8346 0.2388
vn 0.4938 -0.8365 0.2376
vn 0.4454 -0.8074 0.3868
vn 0.3503 -0.9364 0.0228
vn 0.3578 -0.9335 0.0241
vn 0.3505 -0.9290 0.1189
vn 0.3513 -0.9286 0.1193
vn 0.3261 -0.9091 0.2591
vn 0.2574 -0.9391 0.2276
vn 0.2194 -0.9401 0.2610
vn 0.2101 -0.9274 0.3094
vn 0.3202 -0.8986 0.2999
vn 0.2974 -0.8777 0.3758
vn 0.3831 -0.8493 0.3633
vn 0.4302 -0.7960 0.4258
vn 0.3778 -0.7577 0.5321
vn 0.2121 -0.9769 0.0245
vn 0.2179 -0.9758 0.0193
vn 0.2122 -0.9771 0.0174
vn 0.2124 -0.9693 0.1238
vn 0.2124 -0.9693 0.1236
vn 0.2123 -0.9692 0.1247
vn 0.2115 -0.9695 0.1238
vn 0.6196 -0.4312 0.6559
vn 0.8031 0.5137 -0.3018
vn 0.7857 0.5095 -0.3509
vn 0.7175 0.5743 -0.3941
vn 0.5182 0.7671 -0.3782
vn 0.5041 0.7596 -0.4109
vn 0.7439 0.5882 -0.3173
vn 0.7221 0.5811 -0.3755
vn 0.6045 0.6717 -0.4282
vn 0.6167 0.6771 -0.4015
vn 0.6646 0.6406 -0.3846
vn 0.5182 -0.4645 0.7181
vn 0.6066 -0.4960 0.6214
vn 0.6119 -0.4937 0.6179
vn 0.6928 -0.5163 0.5035
vn 0.7162 -0.5012 0.4856
vn 0.7758 -0.5112 0.3698
vn 0.8038 -0.4842 0.3456
vn 0.8403 -0.4853 0.2415
vn 0.8621 -0.4556 0.2220
vn 0.8810 -0.4532 0.1354
vn 0.8936 -0.4310 0.1252
vn 0.6956 -0.3815 0.6088
vn 0.7671 -0.3905 0.5091
vn 0.8031 -0.3639 0.4718
vn 0.8536 -0.3634 0.3732
vn 0.8924 -0.3168 0.3214
vn 0.9194 -0.3112 0.2407
vn 0.9469 -0.2566 0.1939
vn 0.9584 -0.2511 0.1360
vn 0.9731 -0.2042 0.1062
vn 0.9774 -0.2007 0.0663
vn 0.9840 -0.1702 0.0528
vn 0.9841 0.1778 0.0041
vn 0.8095 0.5872 0.0041
vn 0.8095 0.5871 0.0041
vn 0.9880 -0.1544 -0.0010
vn 0.9492 -0.3134 0.0287
vn 0.9077 -0.4179 0.0368
vn 0.9495 -0.3136 0.0075
vn 0.6199 0.7195 -0.3133
vn 0.6951 0.6699 -0.2611
vn 0.5302 0.8429 -0.0921
vn 0.5669 0.8204 -0.0752
vn 0.6333 0.7682 -0.0941
vn 0.3993 0.9109 -0.1041
vn 0.3970 0.9098 -0.1210
vn 0.4027 0.9151 -0.0186
vn 0.4220 0.8755 -0.2356
vn 0.4440 0.8702 -0.2136
vn 0.5609 0.8060 -0.1892
vn 0.5099 0.8328 -0.2153
vn 0.6569 0.7322 -0.1796
vn 0.6147 0.7619 -0.2041
vn 0.8093 0.5871 -0.0170
vn 0.5606 0.8279 -0.0202
vn 0.5700 0.8212 -0.0282
vn 0.6787 0.7342 -0.0172
vn 0.5312 0.7482 -0.3975
vn 0.5501 0.7786 -0.3019
vn 0.5201 0.7628 -0.3842
vn 0.4809 0.8127 -0.3292
vn 0.4732 0.8081 -0.3509
vn 0.4621 0.8207 -0.3359
vn 0.9519 -0.2681 0.1485
vn 0.9530 -0.2599 0.1558
vn 0.9381 -0.2653 0.2228
vn 0.9565 -0.1880 0.2232
vn 0.9608 -0.2009 0.1910
vn 0.8866 -0.2282 0.4024
vn 0.8999 -0.2567 0.3526
vn 0.9236 -0.2534 0.2876
vn 0.8821 -0.3246 0.3414
vn 0.8121 -0.3226 0.4862
vn 0.7178 -0.3773 0.5852
vn 0.6272 -0.3566 0.6925
vn 0.9832 -0.0707 0.1683
vn 0.9920 -0.0634 0.1091
vn 0.9994 0.0132 0.0335
vn 0.9990 0.0118 0.0437
vn 0.9484 -0.1448 0.2820
vn 0.9838 -0.1288 0.1247
vn 0.9977 0.0356 0.0574
vn 0.9988 0.0387 0.0316
vn 0.9927 0.1126 -0.0437
vn 0.9929 0.1121 -0.0398
vn 0.4954 -0.3766 0.7828
vn 0.5920 -0.4098 0.6940
vn 0.7368 -0.3155 0.5980
vn 0.8119 -0.3229 0.4864
vn 0.8918 -0.2581 0.3716
vn 0.9134 -0.2556 0.3169
vn 0.9625 -0.1729 0.2091
vn 0.9669 -0.1708 0.1893
vn 0.9897 -0.0904 0.1109
vn 0.9948 -0.0834 0.0579
vn 0.3327 -0.4510 0.8282
vn 0.9603 0.2776 -0.0274
vn 0.9608 0.2771 -0.0106
vn 0.9201 0.3890 -0.0452
vn 0.9144 0.3912 -0.1044
vn 0.9300 0.3568 -0.0883
vn 0.9196 0.3609 -0.1554
vn 0.9469 0.3002 -0.1155
vn 0.9344 0.3064 -0.1816
vn 0.9713 0.2149 -0.1016
vn 0.9622 0.2226 -0.1571
vn 0.9944 0.1026 -0.0243
vn 0.9927 0.1078 -0.0543
vn 0.9926 -0.0208 0.1194
vn 0.9912 -0.0227 0.1303
vn 0.9487 -0.1239 0.2909
vn 0.9291 -0.1314 0.3456
vn 0.8602 -0.2036 0.4675
vn 0.8636 -0.2033 0.4614
vn 0.9445 -0.1010 0.3127
vn 0.5907 -0.3773 0.7133
vn 0.5138 -0.3994 0.7593
vn 0.3284 -0.4525 0.8291
vn 0.4121 -0.4991 0.7623
vn 0.3569 -0.5047 0.7861
vn 0.4555 -0.5600 0.6921
vn 0.4242 -0.5654 0.7073
vn 0.5212 -0.6164 0.5903
vn 0.5145 -0.6184 0.5941
vn 0.5962 -0.6554 0.4637
vn 0.6065 -0.6505 0.4573
vn 0.6657 -0.6714 0.3257
vn 0.6809 -0.6608 0.3157
vn 0.7170 -0.6694 0.1946
vn 0.7286 -0.6589 0.1873
vn 0.9997 -0.0160 0.0172
vn 0.9904 -0.0292 0.1350
vn 0.9439 -0.1924 0.2684
vn 0.8857 -0.2020 0.4181
vn 0.7113 -0.3640 0.6013
vn 0.6213 -0.3453 0.7033
vn 0.4511 -0.4160 0.7896
vn 0.4141 -0.3997 0.8178
vn 0.9758 0.1803 -0.1237
vn 0.9499 0.2895 -0.1175
vn 0.9343 0.2952 -0.1999
vn 0.9655 0.2291 -0.1237
vn 0.9509 0.2337 -0.2031
vn 0.9162 0.3217 -0.2390
vn 0.9206 0.2791 -0.2731
vn 0.8986 0.4106 -0.1546
vn 0.8872 0.4117 -0.2082
vn 0.8782 0.3717 -0.3009
vn 0.7888 0.3068 -0.5327
vn 0.8445 0.3986 -0.3576
vn 0.8571 0.4017 -0.3226
vn 0.8612 0.3695 -0.3489
vn 0.9955 0.0945 0.0103
vn 0.8377 0.4673 -0.2826
vn 0.7775 0.4675 -0.4207
vn 0.9242 0.3326 -0.1876
vn 0.8841 0.3438 -0.3166
vn 0.9794 0.1980 -0.0399
vn 0.9661 0.2123 -0.1471
vn 0.9833 0.0364 0.1784
vn 0.9658 -0.0941 0.2415
vn 0.9955 0.0943 0.0129
vn 0.9960 0.0887 0.0059
vn 0.9469 0.2568 -0.1935
vn 0.9467 0.2576 -0.1935
vn 0.8830 0.3542 -0.3081
vn 0.8869 0.3429 -0.3095
vn 0.4672 0.8328 -0.2968
vn 0.5387 0.7961 -0.2758
vn 0.6067 0.7358 -0.3008
vn 0.6015 0.7399 -0.3012
vn 0.5808 0.7312 -0.3578
vn 0.6385 0.6758 -0.3683
vn 0.5976 0.7000 -0.3911
vn 0.5635 0.6831 -0.4647
vn 0.7140 0.6158 -0.3332
vn 0.6543 0.5963 -0.4651
vn 0.8079 0.5138 -0.2886
vn 0.7561 0.5041 -0.4174
vn 0.8839 0.4154 -0.2147
vn 0.8388 0.4124 -0.3553
vn 0.9557 0.2808 -0.0881
vn 0.8804 0.3690 -0.2979
vn 0.6422 0.6547 -0.3986
vn 0.7551 0.5813 -0.3032
vn 0.6664 0.6526 -0.3607
vn 0.6177 0.6357 -0.4630
vn 0.7730 0.5503 -0.3157
vn 0.7096 0.5394 -0.4533
vn 0.8690 0.4300 -0.2449
vn 0.8194 0.4309 -0.3780
vn 0.9409 0.3114 -0.1331
vn 0.9096 0.3200 -0.2651
vn 0.9864 0.1581 0.0441
vn 0.9717 0.1819 -0.1511
vn 0.9322 0.2793 -0.2303
vn 0.9362 0.2569 -0.2399
vn 0.8678 0.3707 -0.3310
vn 0.7762 0.6304 -0.0133
vn 0.7722 0.6305 -0.0792
vn 0.7840 0.6166 -0.0715
vn 0.7697 0.6158 -0.1683
vn 0.7994 0.5829 -0.1454
vn 0.7718 0.5809 -0.2586
vn 0.8264 0.5236 -0.2073
vn 0.7872 0.5229 -0.3269
vn 0.8707 0.4354 -0.2288
vn 0.8267 0.4402 -0.3504
vn 0.9305 0.3169 -0.1838
vn 0.8947 0.3296 -0.3013
vn 0.9826 0.1760 -0.0594
vn 0.9695 0.1912 -0.1532
vn 0.9925 0.0413 0.1153
vn 0.9962 0.0488 0.0716
vn 0.9372 -0.0959 0.3354
vn 0.9468 -0.0929 0.3080
vn 0.9933 0.0449 0.1065
vn 0.9960 0.0883 0.0098
vn 0.9861 0.1643 -0.0257
vn 0.9529 0.2572 -0.1608
vn 0.9438 0.2832 -0.1702
vn 0.8797 0.3704 -0.2982
vn 0.6164 -0.7772 0.1264
vn 0.6011 -0.7907 0.1164
vn 0.6019 -0.7910 0.1101
vn 0.5604 -0.7485 0.3545
vn 0.4561 -0.6334 0.6251
vn 0.4768 -0.6313 0.6117
vn 0.5556 -0.7519 0.3549
vn 0.5570 -0.7531 0.3501
vn 0.6390 -0.6872 0.3457
vn 0.5234 -0.5971 0.6079
vn 0.5375 -0.5940 0.5986
vn 0.4048 -0.4778 0.7796
vn 0.8644 -0.4638 0.1939
vn 0.8657 -0.4603 0.1967
vn 0.8155 -0.4559 0.3565
vn 0.8195 -0.4958 0.2875
vn 0.7977 -0.4621 0.3874
vn 0.7434 -0.6523 0.1479
vn 0.6857 -0.6304 0.3639
vn 0.7472 -0.5590 0.3594
vn 0.6368 -0.5064 0.5814
vn 0.7078 -0.4345 0.5570
vn 0.2558 -0.4037 0.8784
vn 0.2754 -0.3668 0.8886
vn 0.3135 -0.4216 0.8509
vn 0.3134 -0.4216 0.8509
vn 0.3690 -0.4836 0.7937
vn 0.3655 -0.4802 0.7974
vn 0.3592 -0.4870 0.7961
vn 0.3617 -0.4865 0.7953
vn 0.1548 -0.3543 0.9222
vn 0.1770 -0.3352 0.9254
vn 0.1958 -0.3559 0.9138
vn 0.2187 -0.3288 0.9187
vn 0.2299 -0.3767 0.8973
vn 0.1290 -0.3916 0.9111
vn 0.1429 -0.3400 0.9295
vn 0.7163 -0.4932 0.4936
vn 0.6832 -0.4450 0.5789
vn 0.5695 -0.3967 0.7199
vn 0.5701 -0.4295 0.7004
vn 0.4374 -0.3621 0.8231
vn 0.4267 -0.4027 0.8098
vn 0.3352 -0.3483 0.8754
vn 0.3083 -0.3921 0.8667
vn 0.2658 -0.3628 0.8931
vn 0.2239 -0.4065 0.8858
vn 0.2244 -0.4069 0.8855
vn 0.1722 -0.4480 0.8773
vn 0.2059 -0.4787 0.8535
vn 0.1507 -0.5153 0.8437
vn 0.2076 -0.5730 0.7929
vn 0.1570 -0.6030 0.7821
vn 0.2267 -0.6782 0.6991
vn 0.1873 -0.7001 0.6890
vn 0.2382 -0.7567 0.6088
vn 0.2276 -0.7687 0.5977
vn 0.2592 -0.8024 0.5376
vn 0.1621 -0.7118 0.6834
vn 0.1556 -0.7002 0.6968
vn 0.1030 -0.7062 0.7005
vn 0.1606 -0.6405 0.7510
vn 0.1184 -0.5843 0.8029
vn 0.1739 -0.5537 0.8144
vn 0.1207 -0.4898 0.8634
vn 0.1772 -0.4549 0.8727
vn 0.1436 -0.4191 0.8965
vn 0.1937 -0.3826 0.9034
vn 0.1885 -0.3777 0.9065
vn 0.2263 -0.3424 0.9119
vn 0.2575 -0.3687 0.8932
vn 0.2802 -0.3377 0.8986
vn 0.3540 -0.3944 0.8480
vn 0.3631 -0.3715 0.8545
vn 0.4777 -0.4528 0.7529
vn 0.4790 -0.4425 0.7581
vn 0.5992 -0.5207 0.6082
vn 0.5837 -0.5541 0.5935
vn 0.6969 -0.6237 0.3541
vn 0.6235 -0.6947 0.3586
vn 0.6782 -0.7230 0.1315
vn 0.4214 0.8992 -0.1182
vn 0.3931 0.9191 -0.0266
vn 0.3933 0.9191 -0.0237
vn 0.4027 0.9150 -0.0264
vn 0.7168 -0.6962 0.0376
vn 0.7172 -0.6966 0.0174
vn 0.7553 -0.6551 0.0184
vn 0.9789 0.1988 -0.0484
vn 0.9708 0.2067 -0.1219
vn 0.9897 0.1354 -0.0455
vn 0.9841 0.1415 -0.1076
vn 0.9965 0.0807 -0.0229
vn 0.9969 0.0780 0.0046
vn 0.9901 -0.0661 0.1237
vn 0.9680 -0.0778 0.2386
vn 0.8759 -0.2325 0.4228
vn 0.8385 -0.2343 0.4920
vn 0.7578 -0.2844 0.5872
vn 0.7631 -0.2847 0.5802
vn 0.7869 -0.2698 0.5550
vn 0.8427 -0.2676 0.4671
vn 0.8927 -0.2213 0.3925
vn 0.9222 -0.2141 0.3221
vn 0.9668 -0.1357 0.2165
vn 0.9764 -0.1293 0.1729
vn 0.9967 -0.0372 0.0726
vn 0.9975 -0.0354 0.0610
vn 0.9989 0.0460 -0.0083
vn 0.9990 0.0448 0.0010
vn 0.9940 0.1032 -0.0361
vn 0.9947 0.1013 -0.0174
vn 0.9902 0.1356 -0.0327
vn 0.9908 0.1345 -0.0154
vn 0.9854 -0.1685 0.0253
vn 0.9877 -0.1551 0.0213
vn 0.9016 -0.4287 0.0577
vn 0.9067 -0.4182 0.0545
vn 0.7455 -0.6609 0.0867
vn 0.7509 -0.6551 0.0837
vn 0.5237 -0.8449 0.1091
vn 0.5317 -0.8469 0.0025
vn 0.5009 -0.8653 0.0212
vn 0.8799 0.4072 -0.2449
vn 0.8711 0.4052 -0.2775
vn 0.8054 0.4761 -0.3531
vn 0.2029 -0.8884 0.4118
vn 0.1853 -0.8623 0.4713
vn 0.2808 -0.8419 0.4608
vn 0.2508 -0.8110 0.5286
vn 0.3259 -0.7920 0.5162
vn 0.3668 -0.7341 0.5715
vn 0.3087 -0.6875 0.6573
vn 0.3324 -0.6710 0.6628
vn 0.2541 -0.6071 0.7529
vn 0.2892 -0.5817 0.7602
vn 0.2258 -0.5307 0.8169
vn 0.2675 -0.4977 0.8251
vn 0.2315 -0.4707 0.8514
vn 0.2733 -0.4310 0.8599
vn 0.2772 -0.4336 0.8574
vn 0.3130 -0.3875 0.8671
vn 0.3698 -0.4196 0.8289
vn 0.3933 -0.3666 0.8431
vn 0.5101 -0.4202 0.7505
vn 0.5163 -0.3613 0.7764
vn 0.6747 -0.4161 0.6096
vn 0.6646 -0.3567 0.6565
vn 0.7935 -0.3859 0.4706
vn 0.7611 -0.3546 0.5431
vn 0.8485 -0.3670 0.3812
vn 0.8213 -0.3414 0.4570
vn 0.8903 -0.3449 0.2974
vn 0.8695 -0.3251 0.3718
vn 0.8864 -0.3250 0.3295
vn 0.8926 -0.3450 0.2902
vn 0.9239 -0.3403 0.1751
vn 0.2346 -0.4421 0.8657
vn 0.0548 -0.5074 0.8599
vn 0.1081 -0.9938 0.0260
vn 0.0204 -0.9948 0.1003
vn 0.1706 -0.9765 0.1317
vn 0.2853 -0.9561 0.0660
vn 0.0654 -0.9761 0.2070
vn 0.0590 -0.9940 0.0924
vn 0.0865 -0.9932 0.0783
vn 0.0595 -0.9968 0.0524
vn 0.0571 -0.8160 0.5752
vn 0.0616 -0.8210 0.5676
vn 0.0708 -0.9174 0.3917
vn 0.0626 -0.9107 0.4083
vn 0.0633 -0.9178 0.3919
vn 0.0784 -0.9656 0.2481
vn 0.0581 -0.7115 0.7003
vn 0.0448 -0.6933 0.7193
vn 0.0237 -0.4742 0.8801
vn 0.0849 -0.5733 0.8150
vn 0.0544 -0.5533 0.8312
vn 0.0174 -0.3368 0.9414
vn 0.0308 -0.3954 0.9180
vn 0.0465 -0.4061 0.9127
vn 0.0203 -0.3352 0.9419
vn 0.0155 -0.3203 0.9472
vn 0.0173 -0.3210 0.9469
vn 0.0173 -0.3203 0.9472
vn 0.0278 -0.4642 0.8853
vn -0.0173 -0.4209 0.9070
vn 0.0113 -0.4070 0.9133
vn 0.0146 -0.3533 0.9354
vn 0.0145 -0.3517 0.9360
vn 0.0100 -0.3534 0.9354
vn 0.0282 -0.5907 0.8064
vn -0.0163 -0.5219 0.8529
vn -0.0293 -0.5264 0.8497
vn 0.0296 -0.6117 0.7906
vn -0.0118 -0.5910 0.8066
vn 0.0284 -0.7274 0.6856
vn -0.0049 -0.6590 0.7521
vn 0.0319 -0.6760 0.7362
vn 0.0308 -0.6586 0.7518
vn 0.0292 -0.7400 0.6720
vn -0.0002 -0.7277 0.6858
vn 0.0266 -0.8471 0.5308
vn 0.0017 -0.7911 0.6117
vn 0.0275 -0.8007 0.5985
vn 0.0269 -0.7908 0.6115
vn 0.0268 -0.8951 0.4450
vn 0.0060 -0.8559 0.5172
vn 0.0271 -0.9340 0.3562
vn 0.0061 -0.9026 0.4304
vn 0.0267 -0.9633 0.2670
vn 0.0068 -0.9400 0.3412
vn 0.0249 -0.9833 0.1804
vn 0.0089 -0.9673 0.2536
vn 0.0201 -0.9904 0.1369
vn -0.0831 -0.9915 0.1000
vn 0.0346 -0.9994 0.0003
vn 0.0132 -0.9995 0.0270
vn 0.0278 -0.9990 0.0338
vn 0.1081 -0.9938 0.0249
vn 0.5271 -0.8428 0.1087
vn 0.1088 -0.9937 0.0255
vn 0.1051 -0.9865 0.1257
vn 0.1051 -0.9865 0.1256
vn 0.1166 -0.9840 0.1349
vn 0.0934 -0.9596 0.2653
vn 0.0934 -0.9596 0.2652
vn 0.0946 -0.9635 0.2504
vn 0.0821 -0.9606 0.2654
vn 0.1103 -0.9352 0.3366
vn 0.0821 -0.9606 0.2655
vn 0.0837 -0.9048 0.4175
vn 0.0758 -0.9016 0.4258
vn 0.0769 -0.9054 0.4176
vn 0.0939 -0.8206 0.5637
vn 0.0939 -0.8206 0.5638
vn 0.0492 -0.8088 0.5860
vn 0.0531 -0.8236 0.5647
vn 0.1079 -0.7458 0.6574
vn 0.0482 -0.7230 0.6892
vn 0.1077 -0.6838 0.7217
vn 0.0497 -0.6149 0.7870
vn 0.0741 -0.6237 0.7781
vn 0.0711 -0.6134 0.7865
vn 0.0711 -0.6134 0.7866
vn 0.0687 -0.5347 0.8422
vn 0.1607 -0.4970 0.8528
vn 0.0497 -0.4105 0.9105
vn 0.0628 -0.4341 0.8987
vn 0.1352 -0.4023 0.9055
vn 0.1389 -0.3405 0.9299
vn 0.0969 -0.3616 0.9273
vn 0.0880 -0.3467 0.9338
vn 0.0811 -0.3306 0.9403
vn 0.1321 -0.3414 0.9306
vn 0.1373 -0.3360 0.9318
vn 0.2346 -0.4422 0.8657
vn 0.1861 -0.3854 0.9038
vn 0.2099 -0.3914 0.8959
vn 0.2050 -0.3818 0.9012
vn 0.2793 -0.5128 0.8118
vn 0.2794 -0.5128 0.8118
vn 0.2792 -0.5128 0.8119
vn 0.5146 -0.8139 0.2698
vn 0.4952 -0.7914 0.3583
vn 0.4618 -0.7831 0.4166
vn 0.4734 -0.8043 0.3590
vn 0.4082 -0.7196 0.5617
vn 0.4132 -0.6546 0.6331
vn 0.3677 -0.6319 0.6822
vn 0.3867 -0.6667 0.6372
vn 0.2786 -0.5128 0.8120
vn 0.5012 -0.8592 0.1023
vn 0.4637 -0.8099 0.3593
vn 0.3919 -0.9159 0.0869
vn 0.5482 -0.8296 0.1061
vn 0.5004 -0.8577 0.1177
vn 0.4905 -0.8654 0.1026
vn 0.3891 -0.9138 0.1167
vn 0.3696 -0.9234 0.1034
vn 0.3524 -0.8999 0.2568
vn 0.3560 -0.8938 0.2726
vn 0.3314 -0.8497 0.4102
vn 0.3347 -0.8406 0.4258
vn 0.2995 -0.7708 0.5623
vn 0.3020 -0.7609 0.5743
vn 0.2603 -0.6745 0.6908
vn 0.2621 -0.6665 0.6979
vn 0.1997 -0.5340 0.8216
vn 0.2024 -0.5308 0.8230
vn 0.1408 -0.3996 0.9058
vn 0.1368 -0.4031 0.9049
vn 0.1046 -0.3336 0.9369
vn 0.0937 -0.3410 0.9354
vn 0.0852 -0.3222 0.9428
vn 0.0678 -0.3318 0.9409
vn 0.0773 -0.3541 0.9320
vn 0.0539 -0.3651 0.9294
vn 0.0769 -0.4233 0.9027
vn 0.0487 -0.4351 0.8991
vn 0.0809 -0.5242 0.8477
vn 0.0498 -0.5360 0.8427
vn 0.0756 -0.6148 0.7851
vn 0.0613 -0.6246 0.7785
vn 0.0784 -0.6785 0.7304
vn 0.0643 -0.6874 0.7235
vn 0.0810 -0.7415 0.6661
vn 0.0678 -0.7492 0.6589
vn 0.0835 -0.8011 0.5927
vn 0.0713 -0.8074 0.5856
vn 0.0856 -0.8549 0.5117
vn 0.1045 -0.8459 0.5230
vn 0.0346 -0.9991 0.0261
vn 0.0523 -0.9981 0.0338
vn 0.0503 -0.9895 0.1354
vn 0.0541 -0.9891 0.1368
vn 0.0493 -0.9667 0.2509
vn 0.0529 -0.9659 0.2534
vn 0.0480 -0.9400 0.3378
vn 0.0529 -0.9386 0.3410
vn 0.0465 -0.9034 0.4262
vn 0.0526 -0.9013 0.4301
vn 0.0448 -0.8575 0.5125
vn 0.0520 -0.8545 0.5168
vn 0.0429 -0.8036 0.5936
vn 0.0511 -0.7998 0.5981
vn 0.0410 -0.7439 0.6671
vn 0.0498 -0.7392 0.6716
vn 0.0391 -0.6807 0.7315
vn 0.0483 -0.6754 0.7359
vn 0.0372 -0.6170 0.7861
vn 0.0465 -0.6110 0.7902
vn 0.0301 -0.5271 0.8493
vn 0.0494 -0.5203 0.8526
vn 0.0291 -0.4260 0.9043
vn 0.0463 -0.4193 0.9067
vn 0.0317 -0.3568 0.9336
vn 0.0458 -0.3506 0.9354
vn 0.0394 -0.3252 0.9448
vn 0.0500 -0.3198 0.9462
vn 0.0547 -0.3375 0.9397
vn 0.0614 -0.3335 0.9408
vn 0.0809 -0.4058 0.9104
vn 0.0832 -0.4040 0.9110
vn 0.1218 -0.5459 0.8290
vn 0.1195 -0.5481 0.8278
vn 0.1596 -0.6957 0.7004
vn 0.1575 -0.7010 0.6955
vn 0.1849 -0.7998 0.5711
vn 0.1821 -0.8061 0.5631
vn 0.2051 -0.8860 0.4159
vn 0.2019 -0.8915 0.4055
vn 0.2178 -0.9414 0.2577
vn 0.2146 -0.9448 0.2476
vn 0.2264 -0.9721 0.0618
vn 0.1736 -0.9829 0.0612
vn 0.0649 0.8450 -0.5309
vn 0.0641 0.8319 -0.5512
vn 0.0218 0.9746 -0.2230
vn 0.0208 0.9996 -0.0204
vn 0.0401 0.8231 -0.5665
vn -0.0060 0.8425 -0.5387
vn 0.0988 0.7465 -0.6581
vn 0.0504 0.7894 -0.6119
vn 0.0672 0.9925 -0.1023
vn -0.0054 0.9983 -0.0583
vn 0.0360 0.9991 -0.0204
vn 0.0346 0.9993 -0.0116
vn 0.0346 0.9993 -0.0175
vn 0.0072 0.9999 -0.0116
vn 0.0189 0.9812 -0.1923
vn 0.0203 0.9923 -0.1224
vn 0.0754 0.9919 -0.1022
vn 0.0675 0.9960 -0.0582
vn 0.0675 0.9960 -0.0579
vn 0.0702 0.9615 -0.2656
vn 0.0967 0.9707 -0.2202
vn 0.0222 0.9811 -0.1922
vn 0.0222 0.9811 -0.1921
vn -0.0190 0.9744 -0.2240
vn 0.0583 0.9385 -0.3404
vn 0.0660 0.9362 -0.3451
vn 0.0661 0.9380 -0.3402
vn 0.0735 0.9358 -0.3447
vn 0.0170 0.9120 -0.4098
vn 0.0266 0.8895 -0.4561
vn 0.0278 0.9118 -0.4097
vn 0.0390 0.8461 -0.5316
vn 0.0410 0.8804 -0.4724
vn 0.0556 0.8890 -0.4544
vn 0.0568 0.8797 -0.4721
vn 0.0573 0.8890 -0.4543
vn 0.1016 0.8767 -0.4702
vn 0.0533 0.7728 -0.6324
vn 0.0627 0.7668 -0.6388
vn 0.0128 0.8322 -0.5544
vn 0.1120 0.8040 -0.5840
vn 0.0249 0.7459 -0.6656
vn 0.0365 0.7499 -0.6605
vn 0.0367 0.7457 -0.6653
vn 0.0370 0.7499 -0.6605
vn 0.0433 0.7455 -0.6651
vn 0.0424 0.7730 -0.6330
vn 0.0530 0.7672 -0.6392
vn 0.1206 0.8149 -0.5669
vn 0.1033 0.8866 -0.4508
vn 0.1105 0.8811 -0.4599
vn 0.1116 0.8296 -0.5470
vn 0.0761 0.9357 -0.3445
vn 0.1209 0.9250 -0.3601
vn 0.0935 0.8873 -0.4516
vn 0.1007 0.9266 -0.3623
vn 0.1007 0.9266 -0.3624
vn 0.0783 0.8882 -0.4528
vn 0.1015 0.8815 -0.4611
vn 0.1014 0.8816 -0.4610
vn 0.0237 0.9745 -0.2229
vn 0.0345 0.9941 -0.1029
vn 0.0889 0.9888 -0.1200
vn 0.0745 0.9724 -0.2212
vn 0.0783 0.9896 -0.1205
vn 0.0783 0.9896 -0.1204
vn 0.0803 0.9669 -0.2421
vn 0.0828 0.9718 -0.2208
vn 0.1094 0.9646 -0.2400
vn 0.0526 0.9368 -0.3458
vn 0.0730 0.9281 -0.3650
vn 0.1259 0.7404 -0.6603
vn 0.1227 0.7443 -0.6564
vn 0.1366 0.7635 -0.6312
vn 0.1283 0.7693 -0.6259
vn 0.1195 0.8101 -0.5740
vn 0.1080 0.8162 -0.5676
vn 0.1074 0.8120 -0.5737
vn 0.1048 0.7459 -0.6577
vn 0.1169 0.8105 -0.5740
vn 0.1348 0.7431 -0.6555
vn 0.0490 0.9984 -0.0270
vn 0.0348 0.9992 -0.0204
vn 0.0575 0.9980 -0.0251
vn 0.0577 0.9981 -0.0203
vn 0.0657 0.9975 -0.0268
vn 0.0148 0.9946 -0.1032
vn 0.0333 0.9920 -0.1219
vn 0.1147 0.8278 -0.5491
vn 0.1147 0.8279 -0.5491
vn 0.1152 0.8294 -0.5467
vn 0.1198 0.8276 -0.5484
vn 0.1177 0.7700 -0.6271
vn 0.1267 0.7641 -0.6325
vn -0.6337 0.6732 -0.3811
vn -0.6284 0.6771 -0.3830
vn -0.7294 0.5940 -0.3394
vn -0.6663 0.6188 -0.4160
vn -0.8782 0.4246 -0.2201
vn -0.7122 0.5608 -0.4223
vn -0.8108 0.5115 -0.2845
vn -0.5378 0.7458 -0.3932
vn -0.5518 0.7486 -0.3676
vn -0.5378 0.7458 -0.3931
vn -0.6205 0.6790 -0.3923
vn -0.6262 0.6759 -0.3886
vn -0.7857 0.4924 -0.3743
vn -0.7857 0.4925 -0.3743
vn -0.7575 0.5596 -0.3361
vn -0.7089 0.5838 -0.3958
vn -0.5288 0.7969 -0.2920
vn -0.4777 0.8018 -0.3591
vn -0.4674 0.8490 -0.2463
vn -0.4640 0.8495 -0.2511
vn -0.4550 0.8115 -0.3667
vn -0.4909 0.8365 -0.2434
vn -0.4909 0.8365 -0.2435
vn -0.4266 0.8945 -0.1340
vn -0.3977 0.9152 -0.0655
vn -0.4136 0.9099 -0.0308
vn -0.4119 0.9090 -0.0646
vn -0.4679 0.8488 -0.2462
vn -0.4666 0.8483 -0.2504
vn -0.4314 0.8933 -0.1262
vn -0.4305 0.8926 -0.1336
vn -0.4355 0.8914 -0.1256
vn -0.4201 0.8865 -0.1942
vn -0.5344 0.7745 -0.3384
vn -0.5297 0.7741 -0.3467
vn -0.4960 0.7410 -0.4526
vn -0.5405 0.7688 -0.3418
vn -0.8386 0.4432 -0.3166
vn -0.8326 0.4960 -0.2464
vn -0.8440 0.4454 -0.2988
vn -0.8114 0.4940 -0.3125
vn -0.8327 0.3903 -0.3929
vn -0.8541 0.3802 -0.3548
vn -0.8487 0.3607 -0.3868
vn -0.8327 0.3902 -0.3929
vn -0.8538 0.4118 -0.3186
vn -0.8173 0.4395 -0.3726
vn -0.8388 0.4430 -0.3165
vn -0.8924 0.4184 -0.1691
vn -0.8997 0.3720 -0.2283
vn -0.8863 0.4197 -0.1960
vn -0.8911 0.3727 -0.2589
vn -0.8996 0.3723 -0.2283
vn -0.8953 0.3213 -0.3087
vn -0.8738 0.3539 -0.3336
vn -0.8637 0.3489 -0.3638
vn -0.8623 0.3595 -0.3567
vn -0.8487 0.3607 -0.3867
vn -0.8738 0.3538 -0.3336
vn -0.8744 0.3535 -0.3324
vn -0.8813 0.3684 -0.2960
vn -0.8743 0.4030 -0.2704
vn -0.8362 0.4260 -0.3453
vn -0.8544 0.4497 -0.2604
vn -0.8715 0.3739 -0.3174
vn -0.9546 0.2672 -0.1318
vn -0.9444 0.2779 -0.1755
vn -0.9506 0.2447 -0.1909
vn -0.9484 0.2451 -0.2012
vn -0.7875 0.5072 -0.3502
vn -0.7874 0.5073 -0.3502
vn -0.7703 0.4973 -0.3992
vn -0.8544 0.4497 -0.2605
vn -0.9099 0.3136 -0.2714
vn -0.9099 0.2760 -0.3097
vn -0.9269 0.2709 -0.2599
vn -0.9200 0.2708 -0.2832
vn -0.9362 0.2523 -0.2448
vn -0.9464 0.2527 -0.2014
vn -0.3687 0.9295 -0.0140
vn -0.4670 0.8822 -0.0608
vn -0.4314 0.9010 -0.0459
vn -0.4138 0.9098 -0.0325
vn -0.4317 0.9015 -0.0303
vn -0.9387 0.3074 -0.1558
vn -0.9314 0.3074 -0.1949
vn -0.8749 0.4107 -0.2568
vn -0.8551 0.4166 -0.3087
vn -0.0874 0.9962 -0.0068
vn -0.4819 0.7686 -0.4208
vn -0.3933 0.8548 -0.3384
vn -0.0325 0.7677 -0.6400
vn -0.0489 0.7451 -0.6651
vn -0.7374 0.5646 -0.3708
vn -0.7373 0.5647 -0.3708
vn -0.5822 0.6987 -0.4158
vn -0.6513 0.6316 -0.4206
vn -0.5674 0.6878 -0.4528
vn -0.3956 0.7689 -0.5024
vn -0.4892 0.7346 -0.4702
vn -0.4878 0.7385 -0.4655
vn -0.3862 0.7842 -0.4857
vn -0.3021 0.7925 -0.5298
vn -0.2101 0.8129 -0.5431
vn -0.2779 0.8200 -0.5004
vn -0.3020 0.7925 -0.5298
vn -0.1176 0.8093 -0.5756
vn -0.0598 0.7889 -0.6116
vn -0.0380 0.8279 -0.5596
vn -0.0136 0.8392 -0.5436
vn -0.0388 0.8419 -0.5383
vn -0.0494 0.7517 -0.6577
vn -0.0345 0.7456 -0.6655
vn -0.0312 0.7506 -0.6600
vn -0.0780 0.7657 -0.6385
vn -0.0489 0.7452 -0.6651
vn -0.0310 0.8462 -0.5319
vn -0.0310 0.8462 -0.5320
vn -0.0634 0.8071 -0.5870
vn -0.0525 0.8577 -0.5114
vn -0.0279 0.8807 -0.4728
vn -0.0223 0.9119 -0.4099
vn -0.0223 0.9119 -0.4098
vn -0.0545 0.8925 -0.4477
vn -0.0161 0.9399 -0.3410
vn -0.0151 0.9264 -0.3762
vn -0.0878 0.9364 -0.3399
vn -0.0723 0.9613 -0.2658
vn -0.0118 0.9560 -0.2931
vn -0.0124 0.9638 -0.2664
vn -0.0493 0.9791 -0.1975
vn -0.0440 0.9804 -0.1922
vn -0.0500 0.9903 -0.1299
vn -0.0440 0.9804 -0.1921
vn -0.0383 0.9976 -0.0581
vn -0.0383 0.9976 -0.0583
vn -0.0410 0.9916 -0.1223
vn -0.0873 0.9960 0.0177
vn -0.0874 0.9960 0.0177
vn -0.0383 0.9976 -0.0582
vn -0.0375 0.9976 -0.0589
vn -0.0351 0.9993 -0.0116
vn -0.0349 0.9992 -0.0197
vn -0.0117 0.9999 -0.0116
vn -0.2888 0.9547 -0.0718
vn -0.2889 0.9547 -0.0714
vn -0.2888 0.9547 -0.0717
vn -0.2853 0.9554 -0.0761
vn -0.3092 0.9405 -0.1406
vn -0.2683 0.9379 -0.2198
vn -0.3092 0.9406 -0.1405
vn -0.3779 0.8991 -0.2209
vn -0.3304 0.9001 -0.2841
vn -0.3933 0.8548 -0.3385
vn -0.3695 0.8893 -0.2694
vn -0.3673 0.8883 -0.2758
vn -0.3673 0.8883 -0.2757
vn -0.4177 0.8193 -0.3927
vn -0.4882 0.7928 -0.3649
vn -0.5701 0.7058 -0.4205
vn -0.6422 0.6462 -0.4124
vn -0.5786 0.7055 -0.4092
vn -0.5702 0.7058 -0.4205
vn -0.6814 0.5702 -0.4588
vn -0.6813 0.5702 -0.4589
vn -0.7167 0.6034 -0.3496
vn -0.6083 0.6345 -0.4769
vn -0.7693 0.5424 -0.3376
vn -0.7531 0.5306 -0.3889
vn -0.7486 0.5293 -0.3992
vn -0.7787 0.4838 -0.3996
vn -0.7832 0.4568 -0.4218
vn -0.7753 0.4836 -0.4063
vn -0.7787 0.4838 -0.3995
vn -0.7780 0.4560 -0.4322
vn -0.7796 0.4464 -0.4392
vn -0.7747 0.4556 -0.4386
vn -0.7746 0.4556 -0.4386
vn -0.7679 0.4476 -0.4582
vn -0.7774 0.4454 -0.4442
vn -0.7601 0.4567 -0.4622
vn -0.7682 0.4836 -0.4194
vn -0.7863 0.5355 -0.3082
vn -0.7667 0.5293 -0.3635
vn -0.7620 0.5719 -0.3037
vn -0.7861 0.5357 -0.3084
vn -0.7641 0.5231 -0.3776
vn -0.7611 0.4825 -0.4336
vn -0.7683 0.4836 -0.4194
vn -0.3679 0.8582 -0.3579
vn -0.3146 0.8928 -0.3224
vn -0.2972 0.8757 -0.3805
vn -0.3102 0.8939 -0.3236
vn -0.2504 0.9164 -0.3121
vn -0.2627 0.9336 -0.2438
vn -0.2556 0.9352 -0.2452
vn -0.2558 0.9352 -0.2451
vn -0.3132 0.9065 -0.2833
vn -0.3020 0.8931 -0.3336
vn -0.4135 0.8593 -0.3009
vn -0.4177 0.8194 -0.3927
vn -0.1889 0.9786 -0.0818
vn -0.2095 0.9757 -0.0643
vn -0.2027 0.9689 -0.1421
vn -0.3158 0.9487 -0.0147
vn -0.2859 0.9578 -0.0292
vn -0.2195 0.9756 0.0093
vn -0.1924 0.9813 0.0089
vn -0.2195 0.9754 -0.0195
vn -0.3598 0.8489 -0.3873
vn -0.3532 0.8506 -0.3895
vn -0.3323 0.8210 -0.4643
vn -0.3971 0.8193 -0.4136
vn -0.3677 0.7787 -0.5083
vn -0.4258 0.7802 -0.4582
vn -0.3949 0.7380 -0.5472
vn -0.4454 0.7422 -0.5007
vn -0.4144 0.7005 -0.5810
vn -0.4557 0.7062 -0.5418
vn -0.4281 0.6698 -0.6066
vn -0.4581 0.6752 -0.5782
vn -0.4392 0.6508 -0.6194
vn -0.4556 0.6539 -0.6040
vn -0.4508 0.6479 -0.6139
vn -0.5227 0.7618 -0.3826
vn -0.5006 0.7709 -0.3938
vn -0.4714 0.7452 -0.4716
vn -0.5748 0.7262 -0.3772
vn -0.5306 0.6906 -0.4916
vn -0.6256 0.6743 -0.3924
vn -0.5805 0.6397 -0.5039
vn -0.6621 0.6275 -0.4098
vn -0.6183 0.5950 -0.5135
vn -0.6822 0.5871 -0.4358
vn -0.6438 0.5595 -0.5220
vn -0.6863 0.5551 -0.4699
vn -0.6596 0.5365 -0.5264
vn -0.6779 0.5346 -0.5047
vn -0.6703 0.5295 -0.5199
vn -0.6637 0.5304 -0.5275
vn -0.6805 0.5413 -0.4938
vn -0.6518 0.5471 -0.5253
vn -0.6918 0.5718 -0.4409
vn -0.4345 0.8346 -0.3387
vn -0.4415 0.8337 -0.3318
vn -0.4221 0.8162 -0.3945
vn -0.4269 0.8147 -0.3925
vn -0.4018 0.7868 -0.4685
vn -0.4851 0.7785 -0.3984
vn -0.4482 0.7395 -0.5023
vn -0.5241 0.7346 -0.4308
vn -0.4855 0.6949 -0.5305
vn -0.5517 0.6934 -0.4634
vn -0.5133 0.6547 -0.5548
vn -0.5668 0.6558 -0.4986
vn -0.5327 0.6223 -0.5736
vn -0.5702 0.6241 -0.5342
vn -0.5466 0.6015 -0.5826
vn -0.5653 0.6026 -0.5633
vn -0.5589 0.5966 -0.5759
vn -0.5574 0.5966 -0.5774
vn -0.5726 0.6102 -0.5475
vn -0.2587 0.7208 -0.6430
vn -0.2511 0.7350 -0.6299
vn -0.3506 0.7021 -0.6198
vn -0.4541 0.6953 -0.5571
vn -0.3736 0.7399 -0.5594
vn -0.3550 0.7355 -0.5771
vn -0.2660 0.7709 -0.5788
vn -0.2546 0.7662 -0.5900
vn -0.2738 0.7603 -0.5890
vn -0.1476 0.7957 -0.5874
vn -0.1364 0.7454 -0.6525
vn -0.1466 0.7405 -0.6559
vn -0.1470 0.7425 -0.6535
vn -0.1470 0.7426 -0.6535
vn -0.1620 0.8049 -0.5708
vn -0.1219 0.8311 -0.5425
vn -0.5869 0.6740 -0.4487
vn -0.5517 0.6453 -0.5285
vn -0.4811 0.6972 -0.5315
vn -0.4513 0.6620 -0.5984
vn -0.3591 0.7046 -0.6120
vn -0.3488 0.6872 -0.6372
vn -0.2446 0.7143 -0.6557
vn -0.2476 0.7218 -0.6463
vn -0.2318 0.7308 -0.6421
vn -0.2426 0.7592 -0.6040
vn -0.2013 0.7912 -0.5774
vn -0.2183 0.7961 -0.5645
vn -0.2341 0.8380 -0.4929
vn -0.2060 0.8330 -0.5134
vn -0.2212 0.8733 -0.4341
vn -0.1884 0.8698 -0.4560
vn -0.2029 0.9080 -0.3664
vn -0.1653 0.9063 -0.3889
vn -0.1785 0.9405 -0.2892
vn -0.1391 0.9405 -0.3101
vn -0.1490 0.9652 -0.2149
vn -0.1109 0.9937 0.0172
vn -0.1089 0.9917 -0.0685
vn -0.1221 0.9909 -0.0571
vn -0.1170 0.9818 -0.1495
vn -0.1466 0.9812 -0.1254
vn -0.1396 0.9682 -0.2078
vn -0.0892 0.9733 -0.2117
vn -0.0838 0.9504 -0.2995
vn -0.1070 0.9516 -0.2882
vn -0.0995 0.9192 -0.3811
vn -0.1213 0.9214 -0.3692
vn -0.1130 0.8847 -0.4523
vn -0.1317 0.8878 -0.4409
vn -0.1231 0.8491 -0.5137
vn -0.1387 0.8530 -0.5032
vn -0.1276 0.8024 -0.5831
vn -0.0681 0.8054 -0.5889
vn -0.3423 0.9263 -0.1575
vn -0.2677 0.9488 -0.1678
vn -0.2184 0.9637 -0.1537
vn -0.2084 0.9504 -0.2307
vn -0.2063 0.9508 -0.2310
vn -0.1929 0.9262 -0.3238
vn -0.2483 0.9235 -0.2923
vn -0.2289 0.8880 -0.3987
vn -0.2827 0.8875 -0.3640
vn -0.2616 0.8485 -0.4600
vn -0.3098 0.8505 -0.4251
vn -0.2876 0.8096 -0.5117
vn -0.3298 0.8140 -0.4782
vn -0.3065 0.7713 -0.5578
vn -0.3427 0.7776 -0.5271
vn -0.3196 0.7353 -0.5977
vn -0.3492 0.7424 -0.5717
vn -0.3287 0.7056 -0.6277
vn -0.3320 0.7066 -0.6249
vn -0.3459 0.6855 -0.6406
vn -0.3465 0.6865 -0.6393
vn -0.4522 0.6482 -0.6127
vn -0.4650 0.6639 -0.5856
vn -0.5520 0.6107 -0.5678
vn -0.5878 0.6416 -0.4928
vn -0.6471 0.5849 -0.4891
vn -0.6808 0.6043 -0.4139
vn -0.6758 0.6440 -0.3586
vn -0.9894 0.0492 0.1367
vn -0.9501 0.2072 -0.2331
vn -0.3905 -0.6643 0.6374
vn -0.6151 -0.5088 0.6023
vn -0.1992 -0.9788 0.0484
vn -0.0634 -0.9974 0.0341
vn -0.3434 -0.9388 0.0290
vn -0.5793 -0.6718 0.4617
vn -0.2957 -0.5210 0.8007
vn -0.9174 -0.3242 0.2307
vn -0.9515 0.2866 -0.1119
vn -0.0292 -0.9945 0.1003
vn -0.0265 -0.9983 0.0510
vn -0.0601 -0.9978 0.0270
vn -0.0634 -0.9980 0.0003
vn 0.0042 -0.9907 0.1361
vn -0.0323 -0.9831 0.1804
vn -0.0165 -0.9342 0.3562
vn -0.0339 -0.9400 0.3395
vn -0.0332 -0.9631 0.2669
vn -0.0337 -0.9671 0.2523
vn -0.0192 -0.9635 0.2670
vn -0.0145 -0.8474 0.5308
vn -0.0332 -0.8567 0.5148
vn -0.0328 -0.8950 0.4448
vn -0.0336 -0.9030 0.4282
vn -0.0153 -0.8954 0.4450
vn -0.0332 -0.9339 0.3561
vn -0.0114 -0.7277 0.6858
vn -0.0319 -0.7907 0.6113
vn -0.0330 -0.8024 0.5959
vn -0.0135 -0.7910 0.6116
vn -0.0322 -0.8470 0.5306
vn -0.0074 -0.6590 0.7521
vn -0.0321 -0.7274 0.6854
vn -0.0074 -0.6029 0.7977
vn -0.0327 -0.6587 0.7517
vn 0.0244 -0.5263 0.8499
vn 0.0422 -0.5206 0.8528
vn -0.0274 -0.5909 0.8063
vn 0.0468 -0.4065 0.9125
vn -0.0036 -0.4196 0.9077
vn -0.0278 -0.4644 0.8852
vn -0.0119 -0.3534 0.9354
vn -0.0118 -0.3534 0.9354
vn -0.0117 -0.3204 0.9472
vn -0.0119 -0.3204 0.9472
vn -0.0244 -0.3956 0.9181
vn -0.0099 -0.3369 0.9415
vn -0.0850 -0.5738 0.8146
vn -0.0106 -0.4744 0.8803
vn -0.0273 -0.6939 0.7196
vn -0.0376 -0.8169 0.5755
vn -0.0421 -0.9774 0.2072
vn -0.1714 -0.9842 0.0441
vn -0.0440 -0.9952 0.0873
vn -0.0347 -0.9961 0.0811
vn -0.2971 -0.9341 0.1979
vn -0.0349 -0.9980 0.0525
vn -0.7551 0.5510 -0.3552
vn -0.6517 0.6620 -0.3701
vn -0.6507 0.6624 -0.3711
vn -0.6503 0.6629 -0.3709
vn -0.9100 0.3364 -0.2422
vn -0.9351 0.2966 -0.1938
vn -0.9359 0.2963 -0.1905
vn -0.8212 0.4242 -0.3817
vn -0.9554 0.2828 -0.0846
vn -0.6969 -0.3911 0.6011
vn -0.7233 -0.3707 0.5826
vn -0.8433 -0.2791 0.4594
vn -0.8975 -0.2091 0.3884
vn -0.9500 -0.1310 0.2833
vn -0.9947 0.0297 0.0986
vn -0.9880 -0.0108 0.1540
vn -0.9965 0.0019 0.0832
vn -0.9223 -0.2025 0.3293
vn -0.9626 -0.1430 0.2299
vn -0.7740 -0.3753 0.5100
vn -0.9869 0.1572 -0.0375
vn -0.9834 0.1720 -0.0582
vn -0.9800 0.1773 -0.0908
vn -0.9969 0.0706 0.0339
vn -0.9788 0.1696 -0.1151
vn -0.9624 -0.1432 0.2309
vn -0.9894 -0.0733 0.1255
vn -0.9876 -0.0754 0.1380
vn -0.9806 0.1675 -0.1022
vn -0.9519 0.2636 -0.1559
vn -0.9154 0.3345 -0.2240
vn -0.8464 0.4391 -0.3014
vn -0.8353 0.4398 -0.3299
vn -0.8372 0.4380 -0.3275
vn -0.8653 0.4218 -0.2709
vn -0.9756 -0.1694 0.1398
vn -0.5323 0.8147 -0.2301
vn -0.6031 0.7350 -0.3099
vn -0.5940 0.7447 -0.3044
vn -0.5749 0.7522 -0.3221
vn -0.5689 0.7972 -0.2020
vn -0.5097 0.8514 -0.1236
vn -0.5512 0.8343 -0.0037
vn -0.5476 0.8311 -0.0970
vn -0.5095 0.8600 -0.0280
vn -0.5095 0.8600 -0.0265
vn -0.5511 0.8340 -0.0266
vn -0.6729 0.7342 -0.0903
vn -0.6898 0.7197 -0.0795
vn -0.6717 0.7154 -0.1925
vn -0.7139 0.6812 -0.1623
vn -0.6787 0.6726 -0.2951
vn -0.7549 0.6138 -0.2311
vn -0.7041 0.6048 -0.3722
vn -0.8184 0.5150 -0.2548
vn -0.7879 0.5153 -0.3373
vn -0.7312 0.5621 -0.3864
vn -0.7551 0.5511 -0.3552
vn -0.8596 -0.3171 0.4006
vn -0.8153 -0.3838 0.4336
vn -0.9006 -0.2693 0.3411
vn -0.9175 -0.2652 0.2965
vn -0.9993 -0.0016 0.0373
vn -0.9982 -0.0054 0.0593
vn -0.9214 0.3170 -0.2248
vn -0.9332 0.3120 -0.1785
vn -0.8747 0.4235 -0.2356
vn -0.8893 0.4205 -0.1799
vn -0.8459 0.4939 -0.2014
vn -0.8604 0.4924 -0.1314
vn -0.8346 0.5340 -0.1349
vn -0.8435 0.5331 -0.0655
vn -0.8324 0.5504 -0.0637
vn -0.9981 -0.0613 0.0058
vn -0.9737 -0.1768 0.1434
vn -0.9820 -0.1697 0.0831
vn -0.9914 -0.1124 0.0666
vn -0.9936 -0.1089 0.0315
vn -0.9969 -0.0729 0.0280
vn -0.9974 -0.0717 0.0092
vn -0.9984 -0.0560 0.0104
vn -0.9984 -0.0558 0.0054
vn -0.9981 -0.0613 0.0044
vn -0.8468 -0.3833 0.3688
vn -0.8851 -0.3308 0.3275
vn -0.9716 -0.1624 0.1724
vn -0.9679 -0.1748 0.1804
vn -0.9974 0.0659 -0.0287
vn -0.9975 0.0654 -0.0251
vn -0.9816 0.1736 -0.0800
vn -0.9824 0.1726 -0.0716
vn -0.9643 0.2476 -0.0938
vn -0.9673 0.2452 -0.0655
vn -0.9549 0.2885 -0.0697
vn -0.9574 0.2867 -0.0355
vn -0.9518 0.3049 -0.0340
vn -0.9525 0.3043 -0.0085
vn -0.9188 0.3945 0.0126
vn -0.8349 0.5501 -0.0187
vn -0.7298 0.6836 -0.0064
vn -0.6781 0.7349 -0.0079
vn -0.7292 0.6830 -0.0420
vn -0.3966 -0.5099 0.7634
vn -0.3352 -0.5130 0.7902
vn -0.4373 -0.5730 0.6931
vn -0.6391 -0.6951 0.3292
vn -0.6528 -0.6867 0.3200
vn -0.6894 -0.6968 0.1978
vn -0.7002 -0.6880 0.1906
vn -0.7177 -0.6907 0.0888
vn -0.7227 -0.6858 0.0856
vn -0.7274 -0.6860 0.0196
vn -0.3185 -0.8737 0.3678
vn -0.4917 -0.8707 0.0102
vn -0.6909 -0.7224 0.0291
vn -0.3910 -0.8327 0.3921
vn -0.4652 -0.8165 0.3420
vn -0.4985 -0.8347 0.2340
vn -0.5019 -0.8331 0.2323
vn -0.5256 -0.8440 0.1068
vn -0.5282 -0.8425 0.1056
vn -0.5346 -0.8447 0.0265
vn -0.6912 -0.7227 0.0058
vn -0.8974 -0.4408 0.0185
vn -0.0438 -0.5237 0.8508
vn -0.0763 -0.6266 0.7756
vn -0.0902 -0.6255 0.7750
vn -0.1304 -0.7029 0.6992
vn -0.1378 -0.7021 0.6986
vn -0.1857 -0.7697 0.6108
vn -0.2334 -0.7615 0.6047
vn -0.2795 -0.8090 0.5171
vn -0.0037 -0.3511 0.9363
vn -0.0230 -0.3508 0.9362
vn -0.0354 -0.4191 0.9072
vn -0.0217 -0.4233 0.9057
vn -0.0380 -0.5201 0.8532
vn -0.0227 -0.5244 0.8512
vn -0.0364 -0.6144 0.7882
vn -0.0554 -0.6136 0.7877
vn -0.0786 -0.6890 0.7205
vn -0.0967 -0.6875 0.7197
vn -0.1337 -0.7607 0.6351
vn -0.1518 -0.7585 0.6337
vn -0.1942 -0.8183 0.5409
vn -0.2599 -0.8055 0.5326
vn -0.0347 -0.6785 0.7337
vn -0.0589 -0.6775 0.7331
vn -0.0807 -0.7504 0.6560
vn -0.1043 -0.7484 0.6550
vn -0.1375 -0.8148 0.5632
vn -0.1673 -0.8108 0.5610
vn -0.1994 -0.9798 0.0147
vn -0.2412 -0.9696 0.0407
vn -0.2353 -0.9638 0.1256
vn -0.2403 -0.9630 0.1224
vn -0.2239 -0.9463 0.2332
vn -0.2303 -0.9464 0.2266
vn -0.2125 -0.9250 0.3149
vn -0.2226 -0.9259 0.3052
vn -0.1987 -0.8952 0.3989
vn -0.0633 -0.9967 0.0510
vn -0.0867 -0.9956 0.0359
vn -0.0834 -0.9872 0.1359
vn -0.0891 -0.9872 0.1325
vn -0.0808 -0.9644 0.2518
vn -0.0868 -0.9655 0.2456
vn -0.0779 -0.9376 0.3389
vn -0.0864 -0.9398 0.3307
vn -0.0745 -0.9009 0.4276
vn -0.0855 -0.9046 0.4176
vn -0.0708 -0.8548 0.5141
vn -0.0843 -0.8604 0.5027
vn -0.0668 -0.8008 0.5952
vn -0.1556 -0.9876 0.0211
vn -0.1499 -0.9799 0.1317
vn -0.1569 -0.9794 0.1275
vn -0.1437 -0.9590 0.2443
vn -0.1516 -0.9598 0.2363
vn -0.1373 -0.9342 0.3292
vn -0.1488 -0.9362 0.3183
vn -0.1297 -0.9000 0.4161
vn -0.1454 -0.9039 0.4023
vn -0.1214 -0.8568 0.5012
vn -0.7074 -0.6924 0.1418
vn -0.7878 -0.5930 0.1665
vn -0.8214 -0.5569 0.1232
vn -0.6483 -0.6553 0.3877
vn -0.7300 -0.5680 0.3801
vn -0.7215 -0.5729 0.3889
vn -0.7153 -0.6862 0.1322
vn -0.7092 -0.6926 0.1316
vn -0.6699 -0.7303 0.1336
vn -0.5862 -0.8070 0.0714
vn -0.5862 -0.8071 0.0714
vn -0.4934 -0.4326 0.7546
vn -0.6173 -0.5082 0.6006
vn -0.5443 -0.5642 0.6208
vn -0.6644 -0.6483 0.3719
vn -0.5665 -0.7316 0.3794
vn -0.6235 -0.7700 0.1353
vn -0.4877 -0.6156 0.6190
vn -0.3592 -0.4848 0.7975
vn -0.4226 -0.4591 0.7814
vn -0.1561 -0.3489 0.9241
vn -0.2201 -0.4110 0.8847
vn -0.1450 -0.4216 0.8951
vn -0.2481 -0.5134 0.8215
vn -0.2097 -0.5192 0.8285
vn -0.3108 -0.5998 0.7373
vn -0.4010 -0.5774 0.7112
vn -0.4997 -0.6322 0.5921
vn -0.4169 -0.9064 0.0681
vn -0.4171 -0.9063 0.0681
vn -0.4169 -0.9064 0.0679
vn -0.4955 -0.7951 0.3496
vn -0.3768 -0.8554 0.3553
vn -0.3939 -0.8541 0.3397
vn -0.2708 -0.8991 0.3440
vn -0.2960 -0.9505 0.0947
vn -0.2970 -0.9502 0.0940
vn -0.1712 -0.9840 0.0493
vn -0.1760 -0.9833 0.0474
vn -0.1596 -0.9286 0.3351
vn -0.2837 -0.8995 0.3322
vn -0.2379 -0.7850 0.5720
vn -0.3353 -0.7556 0.5628
vn -0.3544 -0.6874 0.6339
vn -0.4093 -0.6650 0.6247
vn -0.2917 -0.5076 0.8107
vn -0.3618 -0.4849 0.7962
vn -0.2718 -0.3901 0.8798
vn -0.3231 -0.3762 0.8684
vn -0.0443 -0.7129 0.6998
vn -0.1245 -0.7067 0.6965
vn -0.0918 -0.5502 0.8300
vn -0.1624 -0.5421 0.8245
vn -0.1118 -0.4046 0.9076
vn -0.1542 -0.3996 0.9036
vn -0.1228 -0.3406 0.9322
vn -0.1389 -0.3387 0.9306
vn -0.0469 -0.5541 0.8311
vn -0.0944 -0.5513 0.8289
vn -0.0641 -0.4064 0.9114
vn -0.1073 -0.4032 0.9088
vn -0.0836 -0.3383 0.9373
vn -0.1040 -0.3365 0.9359
vn -0.1016 -0.3319 0.9378
vn -0.1322 -0.3289 0.9351
vn -0.0106 -0.4744 0.8802
vn -0.0438 -0.4063 0.9127
vn -0.0618 -0.4056 0.9120
vn -0.0474 -0.3363 0.9406
vn -0.0717 -0.3350 0.9395
vn -0.0688 -0.3268 0.9426
vn -0.0736 -0.3265 0.9423
vn -0.0926 -0.3655 0.9262
vn -0.0814 -0.3664 0.9269
vn -0.1409 -0.4570 0.8782
vn -0.0975 -0.4615 0.8818
vn -0.1938 -0.5799 0.7913
vn -0.1480 -0.5856 0.7970
vn -0.0119 -0.3205 0.9472
vn -0.0290 -0.3202 0.9469
vn -0.0356 -0.3540 0.9346
vn -0.0398 -0.3539 0.9345
vn -0.0613 -0.4218 0.9046
vn -0.0439 -0.4276 0.9029
vn -0.0821 -0.5371 0.8395
vn -0.0713 -0.5379 0.8400
vn -0.1277 -0.6437 0.7546
vn -0.1263 -0.6438 0.7547
vn -0.1791 -0.7172 0.6735
vn -0.2085 -0.7127 0.6697
vn -0.2610 -0.7680 0.5848
vn -0.0150 -0.3348 0.9422
vn -0.0410 -0.3342 0.9416
vn -0.0388 -0.3230 0.9456
vn -0.0507 -0.3224 0.9452
vn -0.0630 -0.3589 0.9313
vn -0.0572 -0.3592 0.9315
vn -0.0917 -0.4355 0.8955
vn -0.0702 -0.4371 0.8967
vn -0.1408 -0.5564 0.8189
vn -0.0999 -0.5605 0.8221
vn -0.1747 -0.6627 0.7282
vn -0.2141 -0.6570 0.7229
vn -0.1912 -0.7074 0.6805
vn -0.3086 -0.6855 0.6594
vn -0.3749 -0.7380 0.5611
vn -0.3259 -0.7776 0.5377
vn -0.4014 -0.7723 0.4924
vn -0.4369 -0.7968 0.4174
vn -0.2992 -0.8445 0.4441
vn -0.2861 -0.8431 0.4554
vn -0.2037 -0.8614 0.4653
vn -0.0509 -0.9185 0.3920
vn -0.0442 -0.8227 0.5667
vn -0.1445 -0.8134 0.5635
vn -0.1210 -0.7037 0.7001
vn -0.2127 -0.6889 0.6930
vn -0.1580 -0.5406 0.8263
vn -0.2299 -0.5277 0.8177
vn -0.1618 -0.4014 0.9015
vn -0.2033 -0.3946 0.8961
vn -0.1663 -0.3430 0.9245
vn -0.1759 -0.3415 0.9233
vn -0.1551 -0.3175 0.9355
vn -0.1235 -0.3532 0.9273
vn -0.1469 -0.3855 0.9109
vn -0.1155 -0.3891 0.9139
vn -0.2020 -0.4838 0.8515
vn -0.1322 -0.4924 0.8602
vn -0.2424 -0.6013 0.7613
vn -0.2465 -0.6006 0.7606
vn -0.3475 -0.6822 0.6434
vn -0.4892 -0.6347 0.5982
vn -0.5718 -0.6748 0.4666
vn -0.9409 0.3304 -0.0750
vn -0.9137 0.3662 -0.1764
vn -0.9484 0.2885 -0.1314
vn -0.9370 0.2659 -0.2266
vn -0.9740 0.2215 -0.0477
vn -0.9847 0.1488 -0.0904
vn -0.9593 0.2344 -0.1572
vn -0.9998 0.0214 -0.0044
vn -0.9998 0.0188 -0.0019
vn -0.9998 0.0210 -0.0014
vn -0.9872 -0.1040 0.1211
vn -0.9751 -0.1875 0.1187
vn -0.9749 -0.1966 0.1049
vn -0.9770 -0.1858 0.1047
vn -0.9345 -0.3000 0.1918
vn -0.9146 -0.3793 0.1404
vn -0.9063 -0.3954 0.1494
vn -0.9106 -0.3807 0.1607
vn -0.9106 -0.3808 0.1607
vn -0.8397 -0.3967 0.3709
vn -0.8392 -0.4156 0.3507
vn -0.8882 -0.3066 0.3423
vn -0.8902 -0.3433 0.2995
vn -0.9328 -0.2143 0.2898
vn -0.9379 -0.2677 0.2206
vn -0.9713 -0.1148 0.2084
vn -0.9769 -0.1811 0.1134
vn -0.9953 0.0054 0.0965
vn -0.9978 -0.0656 -0.0111
vn -0.9893 0.1420 -0.0323
vn -0.9887 0.0797 -0.1267
vn -0.9651 0.2199 -0.1421
vn -0.9734 0.1568 -0.1671
vn -0.9779 0.1586 -0.1363
vn -0.9975 0.0128 -0.0702
vn -0.9977 0.0675 -0.0083
vn -0.9835 -0.1559 0.0918
vn -0.9820 -0.0870 0.1678
vn -0.9301 -0.2725 0.2462
vn -0.9267 -0.2008 0.3177
vn -0.8636 -0.3405 0.3719
vn -0.8612 -0.2761 0.4266
vn -0.7960 -0.3856 0.4666
vn -0.7967 -0.3371 0.5017
vn -0.7337 -0.4227 0.5320
vn -0.7363 -0.3935 0.5506
vn -0.9880 0.1473 0.0469
vn -0.9932 0.1145 -0.0218
vn -0.9910 0.1319 -0.0246
vn -0.7921 -0.2650 0.5499
vn -0.7875 -0.2748 0.5517
vn -0.9635 -0.0709 0.2581
vn -0.9621 0.2282 -0.1492
vn -0.9736 0.2203 -0.0603
vn -0.9652 -0.0590 0.2548
vn -0.9641 -0.0594 0.2589
vn -0.9617 -0.0699 0.2649
vn -0.9901 0.1326 -0.0450
vn -0.9917 0.1194 -0.0481
vn -0.9820 -0.0641 0.1777
vn -0.9824 -0.0498 0.1799
vn -0.8551 -0.2670 0.4444
vn -0.8619 -0.2352 0.4492
vn -0.6927 -0.3782 0.6142
vn -0.7099 -0.3311 0.6216
vn -0.5695 -0.4157 0.7091
vn -0.5969 -0.3614 0.7163
vn -0.4926 -0.4144 0.7652
vn -0.5233 -0.3650 0.7701
vn -0.4868 -0.3823 0.7854
vn -0.3877 -0.3768 0.8412
vn -0.3897 -0.3779 0.8398
vn -0.4033 -0.3736 0.8353
vn -0.3579 -0.4159 0.8360
vn -0.4706 -0.3798 0.7965
vn -0.4320 -0.4215 0.7973
vn -0.5994 -0.3568 0.7166
vn -0.5579 -0.4130 0.7198
vn -0.6215 -0.3669 0.6922
vn -0.6074 -0.3635 0.7063
vn -0.7737 -0.2740 0.5712
vn -0.7481 -0.3102 0.5866
vn -0.8494 -0.2070 0.4856
vn -0.9515 0.2865 -0.1120
vn -0.9403 0.2767 -0.1983
vn -0.9883 0.1524 -0.0031
vn -0.9923 0.0523 0.1124
vn -0.9867 0.0197 0.1613
vn -0.9620 -0.0698 0.2641
vn -0.9173 -0.1424 0.3718
vn -0.8744 -0.2044 0.4401
vn -0.7846 -0.2809 0.5527
vn -0.7511 -0.3105 0.5826
vn -0.6268 -0.3778 0.6815
vn -0.6875 -0.3365 0.6435
vn -0.3943 -0.4465 0.8033
vn -0.5008 -0.3935 0.7710
vn -0.3513 -0.4359 0.8286
vn -0.3935 -0.4038 0.8259
vn -0.2700 -0.4323 0.8604
vn -0.3239 -0.3968 0.8588
vn -0.3193 -0.3979 0.8601
vn -0.2695 -0.3644 0.8914
vn -0.2962 -0.3579 0.8856
vn -0.3407 -0.3934 0.8539
vn -0.3495 -0.3488 0.8696
vn -0.4767 -0.4346 0.7642
vn -0.4266 -0.4590 0.7793
vn -0.5574 -0.5619 0.6113
vn -0.4696 -0.6169 0.6316
vn -0.5861 -0.7254 0.3609
vn -0.4758 -0.7990 0.3677
vn -0.5235 -0.8435 0.1204
vn -0.9822 0.1247 -0.1408
vn -0.9807 0.1548 -0.1196
vn -0.9982 -0.0380 0.0467
vn -0.9975 -0.0008 0.0712
vn -0.9365 -0.2284 0.2662
vn -0.9381 -0.1744 0.2992
vn -0.8310 -0.3444 0.4368
vn -0.8365 -0.2802 0.4708
vn -0.7329 -0.3942 0.5546
vn -0.7432 -0.3297 0.5822
vn -0.6536 -0.4099 0.6362
vn -0.6665 -0.3569 0.6545
vn -0.5763 -0.4257 0.6977
vn -0.5612 -0.3623 0.7441
vn -0.5458 -0.4017 0.7353
vn -0.6752 -0.4622 0.5748
vn -0.6773 -0.4506 0.5816
vn -0.7856 -0.4897 0.3783
vn -0.7860 -0.4862 0.3818
vn -0.8468 -0.4958 0.1927
vn -0.3435 -0.9391 0.0032
vn -0.4914 -0.8703 0.0319
vn -0.3434 -0.9388 0.0289
vn -0.3726 -0.9277 0.0215
vn -0.3652 -0.9235 0.1172
vn -0.3660 -0.9233 0.1166
vn -0.3485 -0.9116 0.2180
vn -0.3122 -0.9146 0.2570
vn -0.3349 -0.8950 0.2947
vn -0.3105 -0.8734 0.3752
vn -0.2135 -0.8975 0.3858
vn -0.1833 -0.8568 0.4819
vn -0.1415 -0.8631 0.4849
vn -0.1127 -0.8056 0.5816
vn -0.0826 -0.8083 0.5829
vn -0.0628 -0.7408 0.6688
vn -0.0336 -0.7421 0.6694
vn -0.1204 -0.9131 0.3896
vn -0.0887 -0.9400 0.3294
vn -0.1672 -0.9298 0.3279
vn -0.1401 -0.8101 0.5693
vn -0.2457 -0.7894 0.5625
vn -0.2063 -0.6847 0.6990
vn -0.2979 -0.6617 0.6881
vn -0.2245 -0.5264 0.8201
vn -0.2970 -0.5083 0.8083
vn -0.2152 -0.3965 0.8924
vn -0.2534 -0.3884 0.8860
vn -0.2141 -0.3455 0.9137
vn -0.2227 -0.3439 0.9122
vn -0.2500 -0.3677 0.8957
vn -0.1895 -0.3786 0.9060
vn -0.2731 -0.4437 0.8536
vn -0.2842 -0.4416 0.8510
vn -0.2281 -0.4713 0.8520
vn -0.3671 -0.4444 0.8172
vn -0.3266 -0.4697 0.8202
vn -0.4636 -0.4349 0.7719
vn -0.5396 -0.4642 0.7024
vn -0.5300 -0.4694 0.7063
vn -0.6175 -0.4991 0.6079
vn -0.6261 -0.4934 0.6038
vn -0.7086 -0.5145 0.4829
vn -0.7303 -0.4947 0.4710
vn -0.7918 -0.5029 0.3466
vn -0.8161 -0.4722 0.3331
vn -0.8534 -0.4718 0.2214
vn -0.8722 -0.4402 0.2131
vn -0.8911 -0.4370 0.1221
vn -0.9022 -0.4141 0.1202
vn -0.9099 -0.4116 0.0519
vn -0.9146 -0.4009 0.0528
vn -0.9163 -0.4001 0.0158
vn -0.8975 -0.4409 0.0077
vn 0.1298 0.9915 -0.0037
vn 0.9634 0.2609 0.0611
vn 0.9819 0.1774 -0.0662
vn 0.9604 -0.2664 0.0811
vn 0.3103 -0.9500 0.0350
vn 0.0318 -0.9987 -0.0387
vn 0.0283 -0.9990 -0.0351
vn 0.1080 -0.9813 -0.1593
vn 0.0283 -0.9988 -0.0388
vn 0.0283 -0.9988 -0.0387
vn 0.0318 -0.9989 -0.0351
vn 0.0346 -0.9987 -0.0379
vn 0.0738 -0.9949 0.0687
vn 0.0740 -0.9971 -0.0200
vn 0.1094 -0.9932 0.0391
vn 0.1991 -0.9795 -0.0317
vn 0.1871 -0.9812 -0.0466
vn 0.1984 -0.9762 -0.0871
vn 0.2118 -0.9756 -0.0575
vn 0.1872 -0.9816 0.0373
vn 0.1081 -0.9937 -0.0306
vn 0.3493 -0.9335 0.0809
vn 0.3131 -0.9492 0.0306
vn 0.3501 -0.9358 -0.0413
vn 0.4016 -0.9149 -0.0411
vn 0.3131 -0.9494 0.0261
vn 0.3104 -0.9503 0.0261
vn 0.4019 -0.9157 -0.0046
vn 0.5009 -0.8651 0.0269
vn 0.5080 -0.8610 0.0261
vn 0.5011 -0.8654 0.0081
vn 0.5008 -0.8651 0.0271
vn 0.5081 -0.8612 0.0088
vn 0.3504 -0.9366 -0.0081
vn 0.7441 -0.6680 -0.0117
vn 0.7204 -0.6935 0.0013
vn 0.7435 -0.6674 0.0432
vn 0.7170 -0.6964 -0.0286
vn 0.7200 -0.6932 -0.0339
vn 0.7169 -0.6963 -0.0356
vn 0.9132 -0.4063 -0.0323
vn 0.7434 -0.6674 0.0432
vn 0.7170 -0.6965 -0.0286
vn 0.9135 -0.4064 0.0197
vn 0.9474 -0.3129 -0.0668
vn 0.9764 0.1764 0.1242
vn 0.9987 -0.0499 0.0048
vn 0.9981 -0.0499 -0.0366
vn 0.9634 0.2608 0.0611
vn 0.9521 0.3044 0.0274
vn 0.9523 0.3045 0.0192
vn 0.7817 0.6225 0.0369
vn 0.8085 0.5885 -0.0089
vn 0.7821 0.6229 -0.0170
vn 0.9651 0.2613 0.0191
vn 0.8088 0.5867 -0.0418
vn 0.8078 0.5880 -0.0414
vn 0.8088 0.5867 -0.0397
vn 0.3740 0.9170 -0.1388
vn 0.5662 0.8204 0.0794
vn 0.6225 0.7786 0.0791
vn 0.5671 0.8217 -0.0574
vn 0.6787 0.7343 0.0103
vn 0.6237 0.7801 0.0489
vn 0.5596 0.8264 -0.0626
vn 0.4006 0.9102 0.1053
vn 0.4526 0.8903 0.0493
vn 0.4517 0.8885 0.0805
vn 0.3765 0.9229 0.0809
vn 0.3132 0.9482 -0.0540
vn 0.2159 0.9727 0.0852
vn 0.4024 0.9145 -0.0425
vn 0.3134 0.9485 0.0458
vn 0.3160 0.9473 0.0530
vn 0.2712 0.9625 -0.0022
vn 0.0696 0.9963 0.0501
vn 0.2161 0.9739 -0.0693
vn 0.1852 0.9827 0.0011
vn 0.2160 0.9727 0.0852
vn 0.2314 0.9728 0.0021
vn 0.1849 0.9805 0.0664
vn 0.1941 0.9758 0.1007
vn 0.1614 0.9865 0.0263
vn 0.0697 0.9976 -0.0001
vn 0.0603 0.9979 0.0235
vn 0.0997 0.9950 0.0059
vn 0.0602 0.9959 0.0678
vn 0.0701 0.9919 0.1056
vn 0.0490 0.9974 0.0525
vn 0.0349 0.9991 0.0260
vn 0.0208 0.9997 0.0084
vn 0.0072 1.0000 -0.0001
vn -0.1198 0.9922 0.0331
vn -0.0117 0.9999 -0.0001
vn -0.0362 0.9990 0.0252
vn -0.0293 0.9996 -0.0001
vn -0.0362 0.9992 -0.0173
vn -0.0293 0.9993 -0.0223
vn -0.0663 -0.9978 0.0053
vn -0.0593 -0.9981 -0.0176
vn -0.0663 -0.9972 -0.0350
vn -0.0634 -0.9974 -0.0350
vn -0.0593 -0.9971 -0.0472
vn -0.0634 -0.9963 -0.0587
vn -0.1242 0.9922 0.0146
vn -0.1194 0.9927 0.0145
vn -0.0871 0.9924 -0.0867
vn -0.1238 0.9885 -0.0866
vn -0.0871 0.9936 0.0720
vn -0.0871 0.9936 0.0721
vn -0.3531 0.9334 0.0645
vn -0.2280 0.9714 -0.0671
vn -0.2409 0.9695 -0.0442
vn -0.2284 0.9735 -0.0114
vn -0.1199 0.9927 0.0145
vn -0.2193 0.9746 0.0458
vn -0.2411 0.9705 -0.0061
vn -0.2193 0.9744 -0.0492
vn -0.3760 0.9266 -0.0061
vn -0.3159 0.9488 -0.0081
vn -0.3757 0.9258 0.0413
vn -0.4620 0.8861 0.0360
vn -0.5405 0.8413 0.0086
vn -0.3680 0.9279 0.0592
vn -0.4319 0.9019 -0.0090
vn -0.4623 0.8867 -0.0091
vn -0.4319 0.9019 0.0047
vn -0.5512 0.8343 -0.0093
vn -0.5605 0.8281 -0.0093
vn -0.5512 0.8342 0.0164
vn -0.7671 0.6409 0.0283
vn -0.7669 0.6411 0.0283
vn -0.7604 0.6493 0.0139
vn -0.7672 0.6413 0.0114
vn -0.5605 0.8281 -0.0083
vn -0.5400 0.8405 0.0452
vn -0.7298 0.6836 -0.0126
vn -0.7604 0.6493 -0.0127
vn -0.7284 0.6824 0.0610
vn -0.9175 0.3939 -0.0559
vn -0.9174 0.3939 -0.0559
vn -0.9345 0.3529 -0.0466
vn -0.9188 0.3945 -0.0100
vn -1.0000 -0.0010 0.0073
vn -0.9994 -0.0010 -0.0345
vn -0.9646 0.2539 0.0711
vn -0.9332 0.3524 0.0709
vn -0.9665 0.2543 -0.0359
vn -0.7622 -0.6473 -0.0029
vn -0.9622 -0.2723 0.0043
vn -0.9366 -0.3466 0.0510
vn -0.9595 -0.2715 0.0758
vn -0.9594 -0.2715 0.0758
vn -0.9974 -0.0612 -0.0390
vn -0.9374 -0.3469 0.0314
vn -0.8969 -0.4406 -0.0373
vn -0.7802 -0.6245 0.0366
vn -0.7807 -0.6249 -0.0001
vn -0.7619 -0.6470 0.0313
vn -0.5851 -0.8105 -0.0291
vn -0.5297 -0.8447 0.0772
vn -0.6893 -0.7206 -0.0746
vn -0.6893 -0.7207 -0.0746
vn -0.5853 -0.8108 0.0110
vn -0.6798 -0.7108 0.1806
vn -0.4912 -0.8699 -0.0452
vn -0.4060 -0.9103 0.0805
vn -0.3300 -0.9352 -0.1287
vn -0.3431 -0.9379 -0.0518
vn -0.4067 -0.9119 0.0552
vn -0.2696 -0.9612 0.0582
vn -0.1825 -0.9578 -0.2220
vn -0.3315 -0.9400 0.0805
vn -0.3315 -0.9400 0.0806
vn -0.3431 -0.9379 -0.0519
vn -0.2697 -0.9616 0.0500
vn -0.0663 -0.9978 0.0054
vn -0.1604 -0.9862 -0.0419
vn -0.1867 -0.9807 0.0582
vn -0.1986 -0.9753 -0.0971
vn -0.1601 -0.9847 -0.0689
vn -0.1990 -0.9776 0.0688
vn 0.9964 -0.0461 -0.0709
vn 0.9920 -0.1041 -0.0707
vn 0.0293 0.9995 -0.0088
vn 0.0277 0.9995 0.0151
vn 0.0952 0.1764 0.9797
vn 0.1884 0.0090 -0.9821
vn 0.0873 -0.6023 -0.7935
vn 0.0472 -0.0061 -0.9989
vn 0.0969 -0.2657 -0.9592
vn 0.0970 -0.2658 -0.9591
vn 0.0997 -0.0060 -0.9950
vn 0.0890 0.8250 -0.5580
vn 0.0718 0.1576 -0.9849
vn 0.0070 0.0591 -0.9982
vn 0.1002 -0.0092 -0.9949
vn 0.0890 0.8250 -0.5581
vn 0.2356 -0.8837 -0.4045
vn 0.3147 0.6068 -0.7299
vn 0.5350 -0.1605 -0.8294
vn 0.7194 -0.0186 -0.6944
vn 0.6204 0.1178 -0.7754
vn 0.5543 0.3262 -0.7657
vn 0.7954 -0.0108 -0.6060
vn 0.7235 0.1917 -0.6631
vn 0.7194 -0.0187 -0.6944
vn 0.9153 -0.0353 -0.4012
vn 0.8562 0.0823 -0.5101
vn 0.8558 0.0580 -0.5141
vn 0.9848 -0.0200 -0.1727
vn 0.9460 -0.0006 -0.3241
vn 0.9463 0.1116 -0.3035
vn 0.9946 -0.0076 -0.1034
vn 0.9846 -0.0213 -0.1734
vn 0.9848 -0.0201 -0.1727
vn 0.9989 -0.0066 -0.0458
vn 0.9984 0.0104 -0.0561
vn 0.9980 -0.0083 -0.0621
vn 0.9981 -0.0137 -0.0604
vn 0.9997 0.0122 0.0213
vn 0.9989 -0.0066 -0.0457
vn 0.9769 0.0304 0.2115
vn 0.8469 0.1071 0.5208
vn 0.7782 0.1541 0.6088
vn 0.6970 0.1254 0.7060
vn 0.5095 0.1590 0.8456
vn 0.6046 0.1533 0.7816
vn 0.4068 0.1514 0.9009
vn 0.1822 0.1557 0.9709
vn 0.1823 0.1557 0.9708
vn 0.0618 0.2301 0.9712
vn 0.0938 0.4378 0.8942
vn 0.1025 0.3013 0.9480
vn 0.1034 0.3027 0.9475
vn 0.1080 0.4652 0.8786
vn 0.0842 0.5788 0.8111
vn 0.0765 0.7076 0.7025
vn 0.0765 0.7076 0.7024
vn 0.1072 0.6340 0.7659
vn 0.0975 0.7793 0.6191
vn 0.0726 0.8120 0.5792
vn 0.0600 0.9404 0.3348
vn 0.0723 0.8884 0.4533
vn 0.0796 0.8830 0.4625
vn 0.0691 0.9451 0.3194
vn 0.0600 0.9404 0.3347
vn 0.0463 0.9722 0.2295
vn 0.0463 0.9722 0.2294
vn 0.0785 0.9944 0.0705
vn 0.0372 0.9893 0.1409
vn 0.0277 0.9995 0.0152
vn 0.9852 -0.1561 -0.0703
vn 0.9912 -0.1017 -0.0851
vn 0.9062 -0.3821 -0.1812
vn 0.9493 -0.2489 -0.1922
vn 0.7944 -0.5405 -0.2769
vn 0.8910 -0.2831 -0.3550
vn 0.6930 -0.5864 -0.4193
vn 0.8042 -0.2809 -0.5237
vn 0.6076 -0.5542 -0.5690
vn 0.6998 -0.2336 -0.6751
vn 0.5109 -0.4750 -0.7165
vn 0.5729 -0.1798 -0.7997
vn 0.3910 -0.3726 -0.8416
vn 0.4279 -0.1455 -0.8921
vn 0.2478 -0.2777 -0.9282
vn 0.2791 -0.0583 -0.9585
vn 0.0773 -0.1259 -0.9890
vn 0.9965 -0.0341 -0.0766
vn 0.9972 -0.0034 -0.0741
vn 0.9755 -0.0836 -0.2037
vn 0.9844 -0.0136 -0.1755
vn 0.9308 -0.1229 -0.3442
vn 0.9439 0.0240 -0.3294
vn 0.8481 -0.1070 -0.5188
vn 0.8612 0.0500 -0.5058
vn 0.7374 -0.0727 -0.6715
vn 0.7479 0.0751 -0.6595
vn 0.6012 -0.0351 -0.7983
vn 0.6099 0.0902 -0.7873
vn 0.4448 -0.0023 -0.8956
vn 0.4527 0.0901 -0.8871
vn 0.3656 0.0563 -0.9291
vn 0.2357 -0.8837 -0.4043
vn 0.9928 -0.0869 -0.0822
vn 0.9954 -0.0381 -0.0878
vn 0.9535 -0.2117 -0.2147
vn 0.9754 -0.0929 -0.1998
vn 0.8884 -0.3046 -0.3435
vn 0.9290 -0.0641 -0.3644
vn 0.8026 -0.3041 -0.5132
vn 0.8425 -0.0363 -0.5374
vn 0.6998 -0.2552 -0.6671
vn 0.7287 0.0010 -0.6849
vn 0.5734 -0.1882 -0.7974
vn 0.5927 0.0278 -0.8049
vn 0.4260 -0.1223 -0.8964
vn 0.4404 0.0340 -0.8972
vn 0.2801 -0.0614 -0.9580
vn 0.2714 0.0482 -0.9612
vn 0.2895 0.2139 -0.9330
vn 0.9790 0.2014 0.0311
vn 0.3568 0.9170 0.1781
vn 0.0606 0.9772 0.2035
vn 0.1505 0.9686 0.1979
vn 0.9836 0.1767 0.0371
vn 0.9842 0.1723 0.0406
vn 0.9883 0.1460 0.0450
vn 0.9889 0.1407 0.0485
vn 0.9921 0.1147 0.0506
vn 0.9926 0.1091 0.0538
vn 0.9949 0.0854 0.0534
vn 0.9952 0.0797 0.0562
vn 0.9967 0.0600 0.0537
vn 0.9970 0.0543 0.0560
vn 0.9978 0.0396 0.0524
vn 0.9980 0.0338 0.0542
vn 0.9984 0.0241 0.0506
vn 0.9982 -0.0114 0.0588
vn 0.9909 0.1009 0.0887
vn 0.7714 0.1696 0.6133
vn 0.7675 0.2284 0.5990
vn 0.7661 0.2318 0.5994
vn 0.7519 0.3499 0.5588
vn 0.7488 0.3565 0.5588
vn 0.7217 0.4799 0.4989
vn 0.7155 0.4907 0.4973
vn 0.6759 0.6039 0.4224
vn 0.6649 0.6191 0.4180
vn 0.6182 0.7099 0.3374
vn 0.6013 0.7281 0.3292
vn 0.5555 0.7919 0.2536
vn 0.5329 0.8109 0.2417
vn 0.4946 0.8505 0.1788
vn 0.4681 0.8683 0.1642
vn 0.3733 0.9085 0.1879
vn 0.4142 0.8691 0.2704
vn 0.4271 0.8604 0.2780
vn 0.4768 0.7932 0.3787
vn 0.4852 0.7859 0.3834
vn 0.5369 0.6849 0.4927
vn 0.5409 0.6802 0.4946
vn 0.5853 0.5488 0.5968
vn 0.5864 0.5473 0.5972
vn 0.6166 0.4007 0.6777
vn 0.6162 0.4014 0.6776
vn 0.6317 0.2605 0.7302
vn 0.6309 0.2620 0.7303
vn 0.6359 0.1518 0.7567
vn 0.5999 0.2288 0.7666
vn 0.4737 0.2014 0.8574
vn 0.4701 0.2836 0.8358
vn 0.4719 0.2805 0.8358
vn 0.4586 0.4358 0.7745
vn 0.4608 0.4323 0.7751
vn 0.4340 0.5931 0.6781
vn 0.4357 0.5909 0.6789
vn 0.3961 0.7321 0.5542
vn 0.3960 0.7322 0.5541
vn 0.3500 0.8367 0.4213
vn 0.3469 0.8390 0.4192
vn 0.3033 0.9051 0.2981
vn 0.2968 0.9087 0.2936
vn 0.2613 0.9452 0.1958
vn 0.2521 0.9490 0.1895
vn 0.1549 0.9672 0.2015
vn 0.1789 0.9337 0.3103
vn 0.1816 0.9324 0.3126
vn 0.2112 0.8687 0.4480
vn 0.2119 0.8682 0.4487
vn 0.2432 0.7636 0.5982
vn 0.2422 0.7645 0.5974
vn 0.2693 0.6190 0.7378
vn 0.2673 0.6214 0.7365
vn 0.2854 0.4533 0.8444
vn 0.2833 0.4563 0.8435
vn 0.2921 0.2934 0.9103
vn 0.2903 0.2961 0.9100
vn 0.2928 0.1949 0.9361
vn 0.2963 0.1902 0.9360
vn 0.9628 0.2701 0.0003
vn 0.9652 0.2614 0.0015
vn 0.9652 0.2613 0.0015
vn 0.7823 0.6229 0.0025
vn 0.7823 0.6230 0.0025
vn 0.7892 0.6141 0.0009
vn 0.7823 0.6230 0.0007
vn 0.5003 0.8621 0.0804
vn 0.4864 0.8626 0.1392
vn 0.7134 0.6964 0.0773
vn 0.7418 0.6593 0.1224
vn 0.7868 0.5983 0.1514
vn 0.7940 0.5856 0.1632
vn 0.8346 0.5180 0.1873
vn 0.8434 0.4977 0.2023
vn 0.8762 0.4292 0.2193
vn 0.8850 0.4016 0.2357
vn 0.9085 0.3386 0.2449
vn 0.9160 0.3049 0.2609
vn 0.9311 0.2525 0.2633
vn 0.9363 0.2152 0.2774
vn 0.9451 0.1760 0.2753
vn 0.9481 0.1378 0.2865
vn 0.9527 0.1120 0.2825
vn 0.9537 0.0850 0.2884
vn 0.9353 0.1828 0.3029
vn 0.6704 0.7405 0.0470
vn 0.7134 0.6900 0.1223
vn 0.8700 0.4889 0.0632
vn 0.8840 0.4577 0.0948
vn 0.9069 0.4079 0.1056
vn 0.9122 0.3924 0.1183
vn 0.9322 0.3395 0.1252
vn 0.9370 0.3210 0.1377
vn 0.9529 0.2693 0.1396
vn 0.9567 0.2491 0.1508
vn 0.9680 0.2029 0.1478
vn 0.9706 0.1823 0.1573
vn 0.9779 0.1448 0.1507
vn 0.9795 0.1246 0.1583
vn 0.9839 0.0972 0.1501
vn 0.9847 0.0777 0.1559
vn 0.9871 0.0600 0.1482
vn 0.9870 0.0630 0.1475
vn 0.9948 -0.0043 0.1013
vn 0.5680 0.8230 -0.0019
vn 0.3777 0.9259 0.0025
vn 0.4215 0.9068 -0.0063
vn 0.3776 0.9259 -0.0093
vn 0.3118 0.9501 -0.0079
vn 0.3777 0.9259 0.0056
vn 0.0697 0.9975 -0.0089
vn 0.0292 0.9994 -0.0163
vn 0.0697 0.9974 -0.0165
vn 0.0905 0.9958 -0.0128
vn 0.0697 0.9975 -0.0126
vn 0.2167 0.9762 -0.0120
vn 0.2262 0.9740 -0.0122
vn 0.2167 0.9761 -0.0140
vn 0.1548 0.9879 -0.0130
vn 0.2167 0.9762 -0.0018
vn 0.4743 0.8798 0.0322
vn 0.4300 0.9027 0.0160
vn 0.3535 0.9352 0.0234
vn 0.3185 0.9478 0.0117
vn 0.2575 0.9661 0.0167
vn 0.2321 0.9726 0.0085
vn 0.1758 0.9843 0.0121
vn 0.1589 0.9873 0.0065
vn 0.1025 0.9947 0.0090
vn 0.0929 0.9957 0.0056
vn 0.0416 0.9991 0.0068
vn 0.0293 0.9995 -0.0089
vn 0.0520 0.9949 0.0860
vn 0.1160 0.9897 0.0833
vn 0.1266 0.9881 0.0873
vn 0.1965 0.9771 0.0816
vn 0.2160 0.9724 0.0881
vn 0.2831 0.9557 0.0801
vn 0.3137 0.9453 0.0894
vn 0.3807 0.9213 0.0788
vn 0.4249 0.9006 0.0917
vn 0.5395 0.8392 0.0689
vn 0.5922 0.7922 0.1475
vn 0.6308 0.7574 0.1686
vn 0.6571 0.7246 0.2079
vn 0.6916 0.6863 0.2253
vn 0.7223 0.6359 0.2719
vn 0.7499 0.5974 0.2842
vn 0.7805 0.5291 0.3331
vn 0.8001 0.4943 0.3398
vn 0.8256 0.4123 0.3852
vn 0.8381 0.3842 0.3873
vn 0.8556 0.2965 0.4244
vn 0.8627 0.2764 0.4235
vn 0.8721 0.1921 0.4500
vn 0.8759 0.1794 0.4480
vn 0.8770 0.1640 0.4516
vn 0.9008 0.0987 0.4230
vn 0.0690 -0.8669 -0.4938
vn 0.0024 -0.9782 -0.2075
vn 0.0273 -0.9688 -0.2465
vn 0.0274 -0.9688 -0.2465
vn 0.1312 -0.9600 -0.2473
vn 0.3098 -0.9487 -0.0638
vn 0.2997 -0.9516 -0.0673
vn 0.7440 -0.6680 -0.0147
vn 0.7441 -0.6680 -0.0147
vn 0.9186 -0.3952 -0.0085
vn 0.3104 -0.9504 -0.0189
vn 0.3944 -0.9183 -0.0340
vn 0.3097 -0.9482 -0.0711
vn 0.5006 -0.8647 -0.0406
vn 0.5703 -0.8204 -0.0423
vn 0.5011 -0.8654 -0.0073
vn 0.7439 -0.6678 -0.0254
vn 0.1069 -0.9708 -0.2147
vn 0.1826 -0.9706 -0.1565
vn 0.1086 -0.9862 -0.1253
vn 0.2342 -0.9664 -0.1061
vn 0.1985 -0.9768 -0.0807
vn 0.0265 -0.6044 -0.7962
vn 0.0690 -0.8668 -0.4939
vn 0.0872 -0.6023 -0.7935
vn 0.0825 -0.7727 -0.6294
vn 0.2022 -0.7424 -0.6387
vn 0.1538 -0.8420 -0.5171
vn 0.2966 -0.7861 -0.5423
vn 0.2184 -0.8957 -0.3873
vn 0.3676 -0.8295 -0.4205
vn 0.2720 -0.9223 -0.2745
vn 0.4348 -0.8463 -0.3080
vn 0.3349 -0.9230 -0.1894
vn 0.5210 -0.8254 -0.2174
vn 0.4259 -0.8958 -0.1271
vn 0.6620 -0.7353 -0.1453
vn 0.5833 -0.8083 -0.0802
vn 0.8286 -0.5544 -0.0784
vn 0.7951 0.6060 0.0215
vn 0.8235 0.5664 0.0312
vn 0.9632 0.2686 0.0034
vn 0.9684 0.2492 0.0081
vn 0.9907 -0.1343 -0.0202
vn 0.9685 -0.2490 -0.0066
vn 0.9248 -0.3776 -0.0461
vn 0.7890 -0.6117 -0.0572
vn 0.7774 -0.6288 -0.0156
vn 0.9635 -0.2672 -0.0186
vn 0.9904 -0.1373 -0.0140
vn 0.9636 -0.2673 -0.0060
vn 0.9652 0.2613 -0.0001
vn 0.0970 -0.2657 -0.9592
vn 0.0726 -0.4931 -0.8670
vn 0.2506 -0.4286 -0.8680
vn 0.2118 -0.5827 -0.7846
vn 0.3889 -0.4658 -0.7948
vn 0.3142 -0.6884 -0.6538
vn 0.5042 -0.5332 -0.6793
vn 0.3898 -0.7700 -0.5052
vn 0.5983 -0.5929 -0.5390
vn 0.4571 -0.8088 -0.3701
vn 0.6839 -0.6121 -0.3970
vn 0.5393 -0.8011 -0.2597
vn 0.7892 -0.5541 -0.2647
vn 0.6728 -0.7201 -0.1696
vn 0.8936 -0.4258 -0.1418
vn 0.8417 -0.5271 -0.1170
vn 0.9845 -0.1636 -0.0633
vn 0.9756 -0.2128 -0.0546
vn 0.9774 0.2103 0.0226
vn 0.9702 0.2417 0.0181
vn 0.8681 0.4912 0.0714
vn 0.8297 0.5562 0.0469
vn 0.6673 0.7398 0.0858
vn 0.6442 0.7638 0.0405
vn 0.5970 0.8020 0.0188
vn 0.5920 0.8059 0.0052
vn -0.9965 -0.0356 -0.0761
vn -0.9927 -0.0889 -0.0811
vn -0.8826 0.4606 0.0943
vn -0.7967 0.5870 0.1441
vn -0.1491 0.9698 0.1931
vn -0.2488 0.1714 0.9533
vn -0.0900 0.4379 0.8945
vn -0.0822 0.5788 0.8113
vn -0.0766 0.7076 0.7025
vn -0.0745 0.8118 0.5792
vn -0.0937 -0.0060 -0.9956
vn -0.1024 -0.0060 -0.9947
vn -0.1008 -0.0060 -0.9949
vn -0.0641 0.0590 -0.9962
vn -0.0910 0.8170 -0.5694
vn -0.0910 0.8168 -0.5697
vn -0.0863 -0.2660 -0.9601
vn -0.0597 -0.6037 -0.7950
vn -0.0598 -0.6036 -0.7951
vn -0.0975 -0.2657 -0.9591
vn -0.0034 -0.9782 -0.2075
vn -0.0693 -0.8669 -0.4937
vn -0.0693 -0.8668 -0.4938
vn -0.0294 0.9995 -0.0089
vn -0.0295 0.9995 -0.0089
vn -0.0491 0.9987 0.0152
vn -0.0295 0.9995 -0.0088
vn -0.0270 0.9995 0.0152
vn -0.0484 0.9963 0.0707
vn -0.0608 0.9782 0.1985
vn -0.0366 0.9893 0.1409
vn -0.0366 0.9893 0.1410
vn -0.0450 0.9723 0.2295
vn -0.0755 0.8882 0.4532
vn -0.0574 0.9405 0.3348
vn -0.0745 0.8118 0.5791
vn -0.0978 0.1763 0.9795
vn -0.0977 0.1764 0.9795
vn -0.0195 0.1772 0.9840
vn -0.1785 0.1755 0.9682
vn -0.0966 0.1953 0.9760
vn -0.1026 0.2035 0.9737
vn -0.4711 0.1865 0.8621
vn -0.3609 0.1599 0.9188
vn -0.5747 0.1487 0.8047
vn -0.7422 0.1386 0.6557
vn -0.8139 0.1199 0.5686
vn -0.9243 0.0769 0.3737
vn -0.9860 0.0476 0.1599
vn -0.9534 0.0736 0.2925
vn -0.9575 0.1483 0.2475
vn -0.9977 0.0226 0.0640
vn -1.0000 0.0073 -0.0029
vn -0.9980 0.0251 0.0586
vn -0.9977 0.0226 0.0641
vn -0.9985 -0.0021 -0.0553
vn -0.9978 0.0037 -0.0657
vn -0.9862 -0.0263 -0.1637
vn -0.9844 -0.0188 -0.1748
vn -0.9862 -0.0154 -0.1649
vn -0.9132 -0.0338 -0.4060
vn -0.9398 0.0561 -0.3372
vn -0.9564 -0.0115 -0.2917
vn -0.9862 -0.0153 -0.1649
vn -0.7090 -0.0277 -0.7047
vn -0.7563 0.0127 -0.6541
vn -0.6466 0.3372 -0.6842
vn -0.7886 -0.0067 -0.6149
vn -0.8607 0.0506 -0.5067
vn -0.8495 0.0911 -0.5196
vn -0.5206 -0.0703 -0.8509
vn -0.5808 0.2318 -0.7804
vn -0.6004 0.1657 -0.7824
vn -0.3357 0.5558 -0.7605
vn -0.3937 -0.4030 -0.8262
vn -0.2340 0.5459 -0.8045
vn -0.1012 -0.0144 -0.9948
vn -0.1875 0.0035 -0.9823
vn -0.2608 0.1489 -0.9538
vn -0.0574 0.9405 0.3349
vn -0.0698 0.9475 0.3121
vn -0.1770 0.9363 0.3033
vn -0.1536 0.9684 0.1967
vn -0.2500 0.9504 0.1851
vn -0.2088 0.8739 0.4390
vn -0.1798 0.9350 0.3057
vn -0.2940 0.9116 0.2873
vn -0.2593 0.9466 0.1915
vn -0.3541 0.9188 0.1742
vn -0.0946 0.7879 0.6086
vn -0.2407 0.7721 0.5881
vn -0.2097 0.8733 0.4398
vn -0.3434 0.8444 0.4112
vn -0.3006 0.9080 0.2920
vn -0.4106 0.8725 0.2650
vn -0.3706 0.9103 0.1842
vn -0.4650 0.8705 0.1610
vn -0.1062 0.6459 0.7560
vn -0.2670 0.6308 0.7285
vn -0.2398 0.7729 0.5874
vn -0.3924 0.7407 0.5453
vn -0.3468 0.8419 0.4134
vn -0.4726 0.7989 0.3721
vn -0.4237 0.8638 0.2728
vn -0.5290 0.8147 0.2375
vn -0.4916 0.8529 0.1758
vn -0.5891 0.7949 0.1452
vn -0.6276 0.7605 0.1664
vn -0.6532 0.7289 0.2049
vn -0.5518 0.7958 0.2496
vn -0.5968 0.7340 0.3241
vn -0.4812 0.7914 0.3770
vn -0.5327 0.6932 0.4855
vn -0.3927 0.7404 0.5455
vn -0.4327 0.6023 0.6708
vn -0.2651 0.6331 0.7272
vn -0.2837 0.4667 0.8376
vn -0.1089 0.4789 0.8711
vn -0.0983 0.3028 0.9480
vn -0.1050 0.3145 0.9434
vn -0.2909 0.3064 0.9064
vn -0.2816 0.4698 0.8367
vn -0.4587 0.4451 0.7691
vn -0.4311 0.6044 0.6700
vn -0.5818 0.5596 0.5903
vn -0.5369 0.6884 0.4876
vn -0.6605 0.6272 0.4127
vn -0.6141 0.7157 0.3326
vn -0.7182 0.6419 0.2685
vn -0.6879 0.6908 0.2226
vn -0.7910 0.5901 0.1616
vn -0.7591 0.6413 0.1118
vn -0.7616 0.5979 0.2500
vn -0.9900 0.1283 0.0589
vn -0.9903 0.1324 0.0420
vn -0.9419 0.2973 0.1563
vn -0.9447 0.3042 0.1221
vn -0.8736 0.4349 0.2183
vn -0.8823 0.4082 0.2344
vn -0.7967 0.5017 0.3370
vn -0.8225 0.4210 0.3825
vn -0.7184 0.4895 0.4943
vn -0.7463 0.3671 0.5553
vn -0.6138 0.4132 0.6727
vn -0.6302 0.2718 0.7273
vn -0.4688 0.2960 0.8323
vn -0.4732 0.1894 0.8604
vn -0.4712 0.1865 0.8621
vn -0.9956 0.0682 0.0635
vn -0.9959 0.0760 0.0490
vn -0.9722 0.1614 0.1696
vn -0.9743 0.1755 0.1413
vn -0.9295 0.2586 0.2631
vn -0.9348 0.2219 0.2772
vn -0.8608 0.2847 0.4219
vn -0.8707 0.2004 0.4490
vn -0.7661 0.2382 0.5970
vn -0.7702 0.1815 0.6114
vn -0.9854 0.0626 0.1580
vn -0.9889 0.0446 0.1417
vn -0.9842 0.0813 0.1570
vn -0.9520 0.1169 0.2830
vn -0.0961 -0.2148 -0.9719
vn -0.2416 -0.1613 -0.9569
vn -0.2740 -0.2673 -0.9238
vn -0.3831 -0.1879 -0.9044
vn -0.4335 -0.3402 -0.8345
vn -0.5137 -0.2568 -0.8186
vn -0.5678 -0.4202 -0.7078
vn -0.6297 -0.3438 -0.6967
vn -0.6748 -0.4834 -0.5576
vn -0.7290 -0.4113 -0.5472
vn -0.7623 -0.5076 -0.4015
vn -0.8272 -0.4118 -0.3824
vn -0.8508 -0.4617 -0.2510
vn -0.9141 -0.3425 -0.2171
vn -0.9377 -0.3115 -0.1541
vn -0.9869 -0.1313 -0.0933
vn -0.9914 -0.1146 -0.0638
vn -0.9818 0.1834 0.0499
vn -0.9848 0.1709 0.0294
vn -0.9213 0.3717 0.1138
vn -0.9222 0.3721 0.1052
vn -0.8318 0.5229 0.1862
vn -0.8404 0.5034 0.2007
vn -0.7462 0.6034 0.2812
vn -0.7766 0.5367 0.3298
vn -0.6719 0.6119 0.4173
vn -0.7119 0.5006 0.4926
vn -0.5830 0.5579 0.5907
vn -0.6142 0.4125 0.6728
vn -0.4565 0.4485 0.7684
vn -0.4707 0.2928 0.8323
vn -0.2892 0.3091 0.9060
vn -0.2919 0.2089 0.9334
vn -0.1017 -0.0379 -0.9941
vn -0.2567 0.0085 -0.9665
vn -0.2809 -0.0660 -0.9575
vn -0.4106 0.0114 -0.9118
vn -0.4542 -0.1048 -0.8847
vn -0.5542 -0.0146 -0.8322
vn -0.6102 -0.1553 -0.7769
vn -0.6859 -0.0637 -0.7249
vn -0.7420 -0.2079 -0.6374
vn -0.8001 -0.1203 -0.5877
vn -0.8450 -0.2467 -0.4744
vn -0.8944 -0.1551 -0.4196
vn -0.9223 -0.2453 -0.2985
vn -0.9557 -0.1638 -0.2446
vn -0.9720 -0.1593 -0.1726
vn -0.9954 -0.0399 -0.0871
vn -0.9964 -0.0478 -0.0702
vn -0.9933 0.0966 0.0629
vn -0.9936 0.1030 0.0466
vn -0.9598 0.2257 0.1666
vn -0.9621 0.2372 0.1342
vn -0.9064 0.3447 0.2443
vn -0.9138 0.3119 0.2601
vn -0.8354 0.3924 0.3849
vn -0.8533 0.3055 0.4225
vn -0.7495 0.3602 0.5554
vn -0.7646 0.2419 0.5974
vn -0.6295 0.2733 0.7274
vn -0.6351 0.1630 0.7551
vn -0.6572 0.2115 0.7234
vn -0.2981 0.0624 -0.9525
vn -0.3209 0.0376 -0.9463
vn -0.4336 0.0818 -0.8974
vn -0.4622 0.0044 -0.8867
vn -0.5844 0.0742 -0.8080
vn -0.6237 -0.0228 -0.7813
vn -0.7196 0.0505 -0.6925
vn -0.7624 -0.0550 -0.6448
vn -0.8344 0.0173 -0.5510
vn -0.8719 -0.0850 -0.4823
vn -0.9238 -0.0134 -0.3826
vn -0.9484 -0.0990 -0.3012
vn -0.9742 -0.0453 -0.2210
vn -0.9848 -0.0611 -0.1629
vn -0.9973 -0.0042 -0.0739
vn -0.9981 -0.0146 -0.0600
vn -0.9971 0.0449 0.0615
vn -0.9974 0.0527 0.0498
vn -0.9800 0.1080 0.1670
vn -0.9819 0.1220 0.1447
vn -0.9440 0.1817 0.2755
vn -0.9471 0.1439 0.2868
vn -0.8747 0.1871 0.4471
vn -0.8771 0.1528 0.4553
vn -0.8720 0.1350 0.4704
vn -0.9621 -0.2722 -0.0183
vn -0.9903 -0.1386 -0.0110
vn -0.9622 -0.2723 -0.0051
vn -0.9622 -0.2723 -0.0057
vn -0.7622 -0.6472 -0.0125
vn -0.7776 -0.6286 -0.0163
vn -0.4014 -0.9142 -0.0548
vn -0.7621 -0.6472 -0.0173
vn -0.5312 -0.8471 -0.0156
vn -0.5643 -0.8252 -0.0265
vn -0.5310 -0.8467 -0.0331
vn -0.3325 -0.9427 -0.0276
vn -0.1791 -0.9741 -0.1380
vn -0.0649 -0.9763 -0.2063
vn -0.1272 -0.9693 -0.2104
vn -0.0634 -0.9516 -0.3007
vn -0.3319 -0.9409 -0.0675
vn -0.2953 -0.9539 -0.0541
vn -0.1863 -0.9780 -0.0943
vn -0.2317 -0.9679 -0.0972
vn -0.1853 -0.9724 -0.1415
vn -0.8189 -0.5714 -0.0539
vn -0.7939 -0.6030 -0.0777
vn -0.6290 -0.7734 -0.0789
vn -0.6013 -0.7868 -0.1393
vn -0.4788 -0.8683 -0.1299
vn -0.4487 -0.8699 -0.2047
vn -0.3893 -0.9000 -0.1958
vn -0.3596 -0.8868 -0.2903
vn -0.3256 -0.9021 -0.2833
vn -0.2953 -0.8668 -0.4017
vn -0.2670 -0.8789 -0.3953
vn -0.2347 -0.8159 -0.5284
vn -0.1900 -0.8327 -0.5202
vn -0.1599 -0.7582 -0.6321
vn -0.0538 -0.7816 -0.6214
vn -0.1199 0.9928 -0.0072
vn -0.1544 0.9879 -0.0145
vn -0.1199 0.9927 -0.0142
vn -0.0909 0.9958 -0.0100
vn -0.1199 0.9927 -0.0086
vn -0.0293 0.9995 -0.0089
vn -0.3538 0.9353 -0.0009
vn -0.3120 0.9501 -0.0066
vn -0.7891 0.6143 0.0017
vn -0.5406 0.8413 -0.0045
vn -0.5405 0.8413 -0.0045
vn -0.5930 0.8052 0.0092
vn -0.7672 0.6414 -0.0031
vn -0.3538 0.9353 -0.0106
vn -0.4248 0.9053 0.0032
vn -0.1194 0.9928 -0.0072
vn -0.2277 0.9737 -0.0067
vn -0.2285 0.9735 -0.0069
vn -0.2284 0.9735 -0.0069
vn -0.4368 0.8988 0.0356
vn -0.4624 0.8866 0.0125
vn -0.3229 0.9461 0.0257
vn -0.3456 0.9383 0.0091
vn -0.2346 0.9719 0.0181
vn -0.2530 0.9674 0.0067
vn -0.1601 0.9870 0.0126
vn -0.1735 0.9848 0.0053
vn -0.0933 0.9956 0.0088
vn -0.1016 0.9948 0.0048
vn -0.0265 0.9996 0.0065
vn -0.9205 -0.3902 -0.0191
vn -0.9246 -0.3782 -0.0447
vn -0.9876 -0.1551 0.0231
vn -0.9718 -0.2343 -0.0261
vn -0.9639 0.2659 0.0101
vn -0.9672 0.2540 0.0029
vn -0.7983 0.6012 0.0348
vn -0.8175 0.5757 0.0184
vn -0.6055 0.7946 0.0443
vn -0.6583 0.7524 -0.0229
vn -0.5799 0.8144 0.0207
vn -0.7672 0.6414 0.0022
vn -0.9631 0.2691 0.0034
vn -0.9671 0.2545 0.0007
vn -0.0878 -0.6023 -0.7934
vn -0.0879 -0.4949 -0.8645
vn -0.2125 -0.4509 -0.8669
vn -0.2468 -0.5686 -0.7847
vn -0.3267 -0.5175 -0.7909
vn -0.3684 -0.6551 -0.6596
vn -0.4216 -0.6134 -0.6678
vn -0.4581 -0.7246 -0.5149
vn -0.5017 -0.6893 -0.5226
vn -0.5326 -0.7574 -0.3779
vn -0.5850 -0.7140 -0.3846
vn -0.6143 -0.7448 -0.2607
vn -0.7081 -0.6552 -0.2632
vn -0.7350 -0.6584 -0.1621
vn -0.8504 -0.5050 -0.1479
vn -0.8790 -0.4649 -0.1058
vn -0.9769 -0.2029 -0.0676
vn -0.9824 -0.1810 -0.0472
vn -0.9714 0.2357 0.0277
vn -0.9752 0.2207 0.0142
vn -0.8409 0.5352 0.0803
vn -0.8628 0.5030 0.0507
vn -0.7186 0.6888 0.0961
vn -0.7511 0.6570 0.0650
vn -0.6212 0.7774 0.0987
vn -0.6571 0.7505 0.0705
vn -0.5110 0.8533 0.1034
vn -0.5374 0.8406 0.0678
vn -0.3880 0.9166 0.0964
vn -0.4117 0.9085 0.0719
vn -0.2868 0.9536 0.0912
vn -0.3060 0.9491 0.0751
vn -0.1979 0.9763 0.0879
vn -0.2120 0.9741 0.0780
vn -0.1162 0.9895 0.0857
vn -0.1249 0.9889 0.0805
vn -0.0682 0.9942 0.0829
vn -0.4148 -0.0317 -0.9094
vn -0.1868 0.0287 -0.9820
vn -0.1869 0.0287 -0.9820
vn -0.4105 0.0185 -0.9117
vn -0.3005 0.0070 -0.9538
vn -0.2838 0.0013 -0.9589
vn -0.3010 -0.0112 -0.9535
vn -0.4685 -0.0154 -0.8833
vn -0.5177 0.0119 -0.8555
vn -0.6184 -0.0036 -0.7859
vn -0.7896 -0.0336 -0.6127
vn -0.7073 0.0061 -0.7069
vn -0.9126 -0.0077 -0.4087
vn -0.9862 -0.0103 -0.1655
vn -0.9576 -0.0292 -0.2867
vn -0.9566 -0.0269 -0.2900
vn -0.9998 -0.0174 -0.0001
vn -0.9998 -0.0174 -0.0000
vn -0.9984 -0.0210 -0.0531
vn -0.9951 -0.0382 -0.0913
vn -0.9806 -0.0334 -0.1929
vn -0.9956 -0.0081 -0.0934
vn -0.9971 -0.0179 -0.0739
vn -0.9997 -0.0219 -0.0120
vn -0.9979 -0.0185 -0.0624
vn -0.9034 -0.0291 -0.4278
vn -0.9576 -0.0246 -0.2870
vn -0.9493 -0.0026 -0.3144
vn -0.9037 0.0114 -0.4280
vn -0.8828 -0.0191 -0.4694
vn -0.8828 -0.0340 -0.4685
vn -0.7780 -0.0187 -0.6280
vn -0.8478 -0.0341 -0.5293
vn -0.7781 -0.0119 -0.6281
vn -0.7734 -0.0164 -0.6338
vn -0.7732 -0.0100 -0.6341
vn -0.8581 -0.0079 -0.5134
vn -0.6146 -0.0008 -0.7889
vn -0.6991 -0.0354 -0.7142
vn -0.6144 -0.0237 -0.7886
vn -0.6335 -0.0108 -0.7737
vn -0.6336 -0.0177 -0.7734
vn -0.4148 -0.0317 -0.9093
vn -0.4682 -0.0035 -0.8836
vn -0.5174 -0.0320 -0.8552
vn -0.3021 -0.0196 -0.9531
vn -0.2840 -0.0077 -0.9588
vn -0.3021 -0.0005 -0.9533
vn -0.0532 0.0153 -0.9985
vn -0.1785 -0.0339 -0.9834
vn -0.0532 -0.0210 -0.9984
vn -0.0531 -0.0210 -0.9984
vn -0.0906 -0.0119 -0.9958
vn -0.0906 -0.0233 -0.9956
vn -0.0950 0.0022 -0.9955
vn -0.0644 0.0278 -0.9975
vn 0.1765 0.0011 0.9843
vn 0.0927 0.0169 0.9956
vn 0.0955 0.0047 0.9954
vn 0.0858 0.0181 0.9962
vn 0.0657 0.0018 0.9978
vn 0.1733 0.1900 0.9664
vn 0.0525 0.0005 0.9986
vn 0.1824 0.0865 0.9794
vn 0.0992 0.0258 0.9947
vn 0.0950 0.0686 0.9931
vn 0.0949 0.0390 0.9947
vn 0.0622 0.0688 0.9957
vn 0.8527 0.0445 -0.5206
vn 0.0070 0.0221 -0.9997
vn 0.3659 0.0066 -0.9306
vn 0.0920 0.0178 -0.9956
vn 0.2254 -0.0165 -0.9741
vn 0.0921 -0.0080 -0.9957
vn 0.1047 0.0032 -0.9945
vn 0.0267 -0.0159 -0.9995
vn 0.3409 -0.0117 -0.9400
vn 0.5501 -0.0051 -0.8351
vn 0.4651 0.0207 -0.8850
vn 0.4488 0.0067 -0.8936
vn 0.7292 0.0073 -0.6842
vn 0.6305 0.0166 -0.7760
vn 0.6445 0.0338 -0.7639
vn 0.7696 0.0368 -0.6375
vn 0.8586 0.0549 -0.5097
vn 0.8805 0.0196 -0.4736
vn 0.7999 0.0147 -0.6000
vn 0.7999 0.0147 -0.5999
vn 0.9547 0.0364 -0.2954
vn 0.9555 0.0346 -0.2928
vn 0.9130 0.0130 -0.4077
vn 0.9991 0.0208 0.0369
vn 0.9970 0.0274 -0.0729
vn 0.9940 0.0414 -0.1009
vn 0.9827 0.0166 -0.1842
vn 0.9947 0.0418 0.0942
vn 0.9879 0.0180 0.1542
vn 0.9225 0.0133 0.3857
vn 0.9616 0.0404 0.2716
vn 0.9572 0.0297 0.2880
vn 0.8820 0.0355 0.4699
vn 0.8654 0.0195 0.5006
vn 0.7726 0.0330 0.6340
vn 0.7953 0.0179 0.6059
vn 0.7165 0.0111 0.6975
vn 0.6267 0.0274 0.7788
vn 0.6332 0.0228 0.7736
vn 0.5248 0.0087 0.8512
vn 0.4695 0.0278 0.8825
vn 0.2978 0.0151 0.9545
vn 0.4146 0.0071 0.9100
vn 0.9839 0.0224 -0.1775
vn 0.9946 -0.0066 -0.1035
vn 0.9947 0.0259 -0.1000
vn 0.9846 -0.0395 -0.1704
vn 0.7935 0.0208 -0.6082
vn 0.8804 0.0209 -0.4737
vn 0.8609 -0.0167 -0.5085
vn 0.9131 0.0244 -0.4071
vn 0.9131 0.0244 -0.4070
vn 0.9567 0.0038 -0.2912
vn 0.9559 0.0019 -0.2938
vn 0.5316 0.0347 -0.8463
vn 0.5315 0.0347 -0.8463
vn 0.6307 0.0101 -0.7759
vn 0.6309 0.0102 -0.7758
vn 0.0741 0.0019 -0.9973
vn 0.1878 0.0337 -0.9816
vn 0.2811 0.0059 -0.9597
vn 0.2812 -0.0022 -0.9596
vn 0.2252 0.0431 -0.9734
vn 0.3028 0.0222 -0.9528
vn 0.4209 0.0314 -0.9066
vn 0.4647 0.0320 -0.8849
vn 0.4231 -0.0158 -0.9059
vn 0.7163 0.0312 -0.6971
vn 0.7697 0.0343 -0.6374
vn 0.7202 -0.0411 -0.6926
vn 0.4071 0.0838 0.9095
vn 0.5097 0.0498 0.8589
vn 0.4697 0.0503 0.8814
vn 0.5087 0.0194 0.8607
vn 0.4875 0.0267 0.8727
vn 0.4071 0.0838 0.9096
vn 0.2876 0.0201 0.9575
vn 0.2876 0.0247 0.9574
vn 0.2913 0.0292 0.9562
vn 0.2916 0.0487 0.9553
vn 0.2968 0.0546 0.9534
vn 0.8477 0.0471 0.5283
vn 0.7727 0.0377 0.6337
vn 0.7801 0.0302 0.6249
vn 0.6973 0.0543 0.7147
vn 0.9769 0.0348 0.2110
vn 0.9572 0.0157 0.2889
vn 0.9455 0.0348 0.3237
vn 0.8819 0.0416 0.4695
vn 0.9010 0.0088 0.4336
vn 0.6333 0.0321 0.7732
vn 0.6050 0.0473 0.7948
vn 0.6051 0.0473 0.7948
vn 0.9987 0.0164 -0.0484
vn 0.9996 0.0181 0.0206
vn 0.9950 0.0089 0.0997
vn 0.9953 0.0101 0.0963
vn 0.9950 0.0115 0.0994
vn -0.0446 0.0019 0.9990
vn -0.0378 0.0048 0.9993
vn -0.2039 -0.0030 0.9790
vn -0.1590 0.0138 0.9872
vn -0.0840 -0.0031 0.9965
vn -0.0632 -0.0031 0.9980
vn -0.0839 0.0132 0.9964
vn -0.0173 0.0005 0.9998
vn -0.4386 -0.0114 0.8986
vn -0.3395 0.0073 0.9406
vn -0.3237 0.0003 0.9462
vn -0.5077 -0.0119 0.8615
vn -0.5483 0.0172 0.8361
vn -0.7386 -0.0189 0.6739
vn -0.6498 0.0013 0.7601
vn -0.6589 -0.0054 0.7522
vn -0.6498 -0.0063 0.7601
vn -0.5483 -0.0115 0.8362
vn -0.8154 0.0117 0.5788
vn -0.7386 -0.0189 0.6738
vn -0.8800 -0.0140 0.4748
vn -0.9575 -0.0249 0.2874
vn -0.9691 0.0050 0.2465
vn -0.9312 -0.0262 0.3637
vn -0.0287 0.0170 0.9994
vn -0.1027 0.0443 0.9937
vn -0.0195 0.0689 0.9974
vn -0.2487 0.0470 0.9674
vn -0.1782 0.0337 0.9834
vn -0.1590 0.0284 0.9869
vn -0.1027 0.0482 0.9935
vn -0.1010 0.0482 0.9937
vn -0.0503 0.0689 0.9964
vn -0.2486 0.0469 0.9675
vn -0.3397 0.0270 0.9401
vn -0.3603 0.0360 0.9321
vn -0.4718 0.0384 0.8809
vn -0.5085 0.0208 0.8608
vn -0.5746 0.0379 0.8176
vn -0.6609 0.0188 0.7503
vn -0.6596 0.0197 0.7513
vn -0.7427 0.0309 0.6689
vn -0.7876 0.0074 0.6162
vn -0.7866 -0.0193 0.6172
vn -0.8153 -0.0185 0.5787
vn -0.8141 0.0219 0.5803
vn -0.8740 0.0149 0.4856
vn -0.8883 -0.0004 0.4594
vn -0.8879 -0.0121 0.4599
vn -0.8800 -0.0026 0.4749
vn -0.9639 0.0012 0.2664
vn -0.9245 0.0160 0.3809
vn -0.9578 -0.0087 0.2872
vn -0.9575 -0.0248 0.2874
vn -0.0839 -0.0240 0.9962
vn -0.1388 -0.0084 0.9903
vn -0.0839 -0.0019 0.9965
vn -0.0173 -0.0000 0.9998
vn -0.3893 -0.0158 0.9210
vn -0.2039 -0.0056 0.9790
vn -0.1388 -0.0012 0.9903
vn -0.2039 -0.0001 0.9790
vn -0.5483 -0.0170 0.8361
vn -0.6145 0.0040 0.7889
vn -0.4386 -0.0017 0.8987
vn -0.3894 -0.0102 0.9210
vn -0.4386 -0.0110 0.8986
vn -0.8154 -0.0068 0.5788
vn -0.6497 -0.0147 0.7600
vn -0.6144 -0.0147 0.7888
vn -0.6498 -0.0029 0.7601
vn -0.7977 0.0063 0.6030
vn -0.7387 -0.0025 0.6740
vn -0.7978 -0.0025 0.6030
vn -0.7382 -0.0396 0.6734
vn -0.7381 -0.0396 0.6735
vn -0.9314 -0.0107 0.3638
vn -0.9266 -0.0135 0.3759
vn -0.8800 0.0034 0.4749
vn -0.7978 -0.0019 0.6030
vn -0.8800 -0.0018 0.4749
vn -0.9266 -0.0105 0.3759
vn -0.9691 0.0039 0.2465
vn -0.9760 0.0002 0.2179
vn -0.9999 0.0002 -0.0120
vn -0.9973 -0.0005 -0.0739
vn -0.9930 -0.0106 -0.1173
vn -0.9812 0.0026 -0.1930
vn -0.9450 0.0026 -0.3269
vn -0.9812 -0.0087 -0.1930
vn -0.9450 -0.0053 -0.3269
vn -0.9492 -0.0099 -0.3144
vn -0.8482 -0.0060 -0.5296
vn -0.8530 -0.0070 -0.5219
vn -0.9038 0.0032 -0.4280
vn -0.8530 0.0031 -0.5219
vn -0.9037 -0.0147 -0.4280
vn -0.8482 -0.0082 -0.5296
vn -0.7781 0.0033 -0.6281
vn -0.7214 -0.0104 -0.6925
vn -0.6995 -0.0075 -0.7146
vn -0.7214 -0.0041 -0.6925
vn -0.6146 0.0020 -0.7889
vn -0.5563 0.0020 -0.8310
vn -0.6144 -0.0224 -0.7887
vn -0.5176 -0.0033 -0.8556
vn -0.5562 -0.0083 -0.8310
vn -0.5176 -0.0004 -0.8556
vn -0.4150 0.0004 -0.9098
vn -0.3652 -0.0109 -0.9309
vn -0.3021 0.0022 -0.9533
vn -0.1571 0.0022 -0.9876
vn -0.3021 -0.0009 -0.9533
vn -0.1786 -0.0036 -0.9839
vn -0.1571 -0.0067 -0.9876
vn -0.0532 -0.0001 -0.9986
vn -0.1786 -0.0120 -0.9839
vn -0.0532 0.0037 -0.9986
vn -0.0192 0.0037 -0.9998
vn -0.0193 0.0037 -0.9998
vn 0.1047 -0.0099 -0.9945
vn 0.1166 -0.0059 -0.9932
vn 0.0267 -0.0001 -0.9996
vn 0.2254 0.0035 -0.9743
vn 0.2782 0.0035 -0.9605
vn 0.2254 -0.0010 -0.9743
vn 0.2782 -0.0030 -0.9605
vn 0.3410 0.0032 -0.9401
vn 0.4212 -0.0078 -0.9069
vn 0.4488 -0.0060 -0.8936
vn 0.4212 -0.0060 -0.9069
vn 0.5500 -0.0173 -0.8350
vn 0.6145 -0.0069 -0.7889
vn 0.5501 0.0009 -0.8351
vn 0.4488 -0.0007 -0.8936
vn 0.6448 -0.0145 -0.7642
vn 0.6145 -0.0067 -0.7889
vn 0.7292 0.0028 -0.6843
vn 0.7977 0.0050 -0.6030
vn 0.7292 -0.0124 -0.6842
vn 0.7977 -0.0134 -0.6029
vn 0.8599 -0.0057 -0.5105
vn 0.9264 0.0234 -0.3759
vn 0.7999 -0.0122 -0.6000
vn 0.9129 -0.0207 -0.4076
vn 0.9266 -0.0127 -0.3759
vn 0.9131 -0.0068 -0.4077
vn 0.9553 -0.0009 -0.2956
vn 0.9266 0.0036 -0.3760
vn 0.9829 -0.0012 -0.1843
vn 0.9922 -0.0157 -0.1233
vn 0.9973 -0.0086 -0.0729
vn 0.9923 -0.0087 -0.1233
vn 0.9990 -0.0270 0.0369
vn 0.9905 0.0034 0.1377
vn 0.9993 0.0021 0.0369
vn 0.9973 -0.0029 -0.0729
vn 0.9225 -0.0120 0.3857
vn 0.9210 -0.0116 0.3894
vn 0.9880 -0.0116 0.1542
vn 0.9904 -0.0104 0.1377
vn 0.9880 -0.0082 0.1542
vn 0.9623 0.0031 0.2718
vn 0.9210 -0.0126 0.3894
vn 0.8656 0.0039 0.5007
vn 0.7889 -0.0110 0.6145
vn 0.7954 -0.0112 0.6060
vn 0.7889 -0.0112 0.6145
vn 0.7954 -0.0151 0.6059
vn 0.7165 0.0028 0.6976
vn 0.6030 0.0034 0.7977
vn 0.7165 0.0022 0.6976
vn 0.6030 -0.0080 0.7977
vn 0.6268 -0.0182 0.7790
vn 0.5248 -0.0053 0.8512
vn 0.6030 -0.0053 0.7977
vn 0.5248 0.0024 0.8512
vn 0.3760 -0.0058 0.9266
vn 0.4145 -0.0173 0.9099
vn 0.2978 -0.0124 0.9546
vn 0.3759 -0.0124 0.9266
vn 0.2978 0.0015 0.9546
vn 0.1233 -0.0033 0.9924
vn 0.1764 -0.0145 0.9842
vn 0.0525 -0.0000 0.9986
vn 0.1765 -0.0145 0.9842
vn 0.1233 -0.0159 0.9922
vn -0.0159 0.0160 0.9997
vn -0.9982 -0.0264 0.0530
vn -0.9884 -0.0207 0.1505
vn -0.9990 -0.0166 0.0424
vn -0.9985 -0.0263 0.0491
vn -0.9983 -0.0244 0.0530
vn -0.9991 -0.0066 0.0420
vn -0.9975 -0.0161 0.0685
vn -0.9887 -0.0201 0.1483
vn -0.9887 -0.0207 0.1483
vn -0.9887 -0.0208 0.1483
vn -0.9862 -0.0026 0.1658
vn -0.9890 -0.0092 0.1474
vn -0.9977 -0.0055 0.0673
vn -0.9977 -0.0054 0.0673
vn -0.9959 0.0002 0.0902
vn -0.9885 -0.0110 0.1505
vn -0.9986 -0.0061 0.0530
vn -0.9986 0.0002 0.0530
vn -0.9985 0.0192 -0.0504
vn -0.9959 -0.0061 0.0902
s 0
f 1//1 2//1 3//1
f 3//1 2//1 4//1
f 3//1 4//1 5//1
f 6//1 7//1 3//1
f 3//1 7//1 8//1
f 3//1 8//1 1//1
f 9//1 10//1 3//1
f 3//1 10//1 11//1
f 3//1 11//1 6//1
f 12//1 13//1 3//1
f 3//1 13//1 14//1
f 3//1 14//1 9//1
f 15//1 16//1 3//1
f 3//1 16//1 17//1
f 3//1 17//1 12//1
f 18//1 19//1 3//1
f 3//1 19//1 20//1
f 3//1 20//1 15//1
f 21//1 22//1 3//1
f 3//1 22//1 23//1
f 3//1 23//1 18//1
f 5//1 24//1 3//1
f 3//1 24//1 25//1
f 3//1 25//1 21//1
f 26//2 27//2 16//2
f 16//2 27//2 17//2
f 15//3 28//3 16//3
f 16//3 28//3 29//3
f 16//2 29//2 26//2
f 20//4 30//4 15//4
f 15//4 30//4 31//4
f 15//3 31//3 28//3
f 19//5 32//5 20//5
f 20//5 32//5 33//5
f 20//4 33//4 30//4
f 18//6 34//6 19//6
f 19//6 34//6 35//6
f 19//5 35//5 32//5
f 36//7 37//7 23//7
f 23//7 37//7 38//7
f 23//7 38//7 18//7
f 18//7 38//7 39//7
f 18//6 39//6 34//6
f 36//8 23//8 40//8
f 40//8 23//8 22//8
f 40//8 22//8 41//8
f 41//9 22//9 42//9
f 42//9 22//9 21//9
f 42//9 21//9 43//9
f 25//10 44//10 21//10
f 21//11 44//11 45//11
f 21//12 45//12 43//12
f 46//13 47//13 24//13
f 24//14 47//14 48//14
f 24//15 48//15 25//15
f 25//16 48//16 49//16
f 25//16 49//16 44//16
f 46//17 24//17 50//17
f 50//18 24//18 5//18
f 50//19 5//19 51//19
f 51//20 5//20 52//20
f 52//21 5//21 4//21
f 52//22 4//22 53//22
f 2//23 54//23 4//23
f 4//24 54//24 55//24
f 4//24 55//24 53//24
f 1//25 56//25 2//25
f 2//26 56//26 57//26
f 2//26 57//26 54//26
f 58//27 59//27 8//27
f 8//27 59//27 60//27
f 8//28 60//28 1//28
f 1//29 60//29 61//29
f 1//29 61//29 56//29
f 58//30 8//30 62//30
f 62//31 8//31 7//31
f 62//32 7//32 63//32
f 6//33 64//33 7//33
f 7//34 64//34 65//34
f 7//34 65//34 63//34
f 11//35 66//35 6//35
f 6//35 66//35 67//35
f 6//36 67//36 64//36
f 68//37 69//37 10//37
f 10//37 69//37 70//37
f 10//37 70//37 11//37
f 11//37 70//37 71//37
f 11//35 71//35 66//35
f 68//38 10//38 72//38
f 72//38 10//38 9//38
f 72//38 9//38 73//38
f 73//39 9//39 74//39
f 74//39 9//39 14//39
f 74//39 14//39 75//39
f 13//40 76//40 14//40
f 14//41 76//41 77//41
f 14//41 77//41 75//41
f 12//42 78//42 13//42
f 13//42 78//42 79//42
f 13//43 79//43 76//43
f 27//2 80//2 17//2
f 17//44 80//44 81//44
f 17//44 81//44 12//44
f 12//44 81//44 82//44
f 12//42 82//42 78//42
f 83//45 84//45 85//45
f 86//45 87//45 85//45
f 88//45 89//45 85//45
f 85//45 89//45 90//45
f 85//45 90//45 91//45
f 85//45 92//45 93//45
f 94//45 95//45 85//45
f 96//45 97//45 85//45
f 93//45 98//45 85//45
f 85//45 98//45 99//45
f 85//45 99//45 100//45
f 101//45 102//45 85//45
f 85//45 102//45 103//45
f 85//45 103//45 104//45
f 104//45 105//45 85//45
f 85//45 105//45 106//45
f 85//46 106//46 107//46
f 95//45 108//45 85//45
f 85//45 108//45 109//45
f 85//45 109//45 88//45
f 91//46 110//46 85//46
f 85//45 110//45 111//45
f 85//45 111//45 86//45
f 87//45 112//45 85//45
f 85//45 112//45 113//45
f 85//45 113//45 114//45
f 85//45 115//45 116//45
f 100//45 117//45 85//45
f 85//45 117//45 118//45
f 85//45 118//45 119//45
f 119//45 120//45 85//45
f 85//45 120//45 121//45
f 85//45 121//45 101//45
f 107//45 122//45 85//45
f 85//45 122//45 123//45
f 85//45 123//45 124//45
f 124//45 125//45 85//45
f 85//45 125//45 126//45
f 85//45 126//45 127//45
f 114//45 128//45 85//45
f 85//45 128//45 129//45
f 85//45 129//45 130//45
f 130//45 131//45 85//45
f 85//45 131//45 132//45
f 85//45 132//45 83//45
f 84//47 133//47 85//47
f 85//45 133//45 134//45
f 85//45 134//45 115//45
f 97//45 135//45 85//45
f 85//45 135//45 136//45
f 85//45 136//45 92//45
f 127//45 137//45 85//45
f 85//45 137//45 138//45
f 85//45 138//45 139//45
f 139//45 140//45 85//45
f 85//45 140//45 141//45
f 85//45 141//45 142//45
f 116//45 143//45 85//45
f 85//45 143//45 144//45
f 85//45 144//45 145//45
f 145//45 146//45 85//45
f 85//45 146//45 147//45
f 85//45 147//45 96//45
f 148//45 149//45 85//45
f 85//45 149//45 150//45
f 142//45 151//45 85//45
f 85//45 151//45 152//45
f 85//45 152//45 153//45
f 154//45 155//45 156//45
f 85//45 157//45 158//45
f 158//45 159//45 85//45
f 85//45 159//45 160//45
f 85//45 160//45 161//45
f 150//45 162//45 85//45
f 85//45 162//45 163//45
f 85//45 163//45 164//45
f 164//45 165//45 85//45
f 85//45 165//45 166//45
f 85//45 166//45 94//45
f 156//45 167//45 153//45
f 153//45 167//45 168//45
f 153//45 168//45 85//45
f 169//46 170//46 85//46
f 85//45 170//45 171//45
f 85//45 171//45 172//45
f 161//45 173//45 85//45
f 85//45 173//45 174//45
f 85//45 174//45 148//45
f 175//45 176//45 153//45
f 153//48 176//48 177//48
f 153//45 177//45 156//45
f 156//45 177//45 178//45
f 156//45 178//45 154//45
f 172//46 179//46 85//46
f 85//45 179//45 180//45
f 85//49 180//49 157//49
f 181//50 182//50 183//50
f 183//49 182//49 184//49
f 185//45 186//45 181//45
f 181//45 186//45 187//45
f 181//45 187//45 182//45
f 169//45 85//45 181//45
f 181//45 85//45 188//45
f 181//45 188//45 185//45
f 189//51 190//51 191//51
f 192//52 193//52 194//52
f 194//53 193//53 195//53
f 196//54 197//54 198//54
f 198//55 197//55 199//55
f 198//56 199//56 194//56
f 194//57 199//57 200//57
f 194//57 200//57 192//57
f 201//58 202//58 203//58
f 203//58 202//58 204//58
f 203//59 204//59 194//59
f 194//60 204//60 205//60
f 194//60 205//60 198//60
f 206//61 207//61 203//61
f 203//62 207//62 208//62
f 203//62 208//62 201//62
f 209//63 210//63 206//63
f 206//64 210//64 211//64
f 206//63 211//63 207//63
f 115//65 134//65 212//65
f 144//66 143//66 213//66
f 213//66 143//66 116//66
f 209//67 206//67 214//67
f 214//68 206//68 213//68
f 214//69 213//69 212//69
f 212//70 213//70 116//70
f 212//71 116//71 115//71
f 215//72 147//72 146//72
f 215//73 146//73 213//73
f 213//74 146//74 145//74
f 213//75 145//75 144//75
f 195//76 189//76 194//76
f 194//77 189//77 191//77
f 194//78 191//78 203//78
f 203//79 191//79 216//79
f 216//80 217//80 203//80
f 203//80 217//80 218//80
f 203//81 218//81 206//81
f 206//82 218//82 219//82
f 206//83 219//83 220//83
f 220//83 221//83 206//83
f 206//83 221//83 222//83
f 206//84 222//84 213//84
f 213//85 222//85 223//85
f 213//86 223//86 215//86
f 224//87 225//87 226//87
f 227//88 228//88 229//88
f 226//89 230//89 229//89
f 231//90 232//90 227//90
f 215//91 223//91 233//91
f 147//92 215//92 96//92
f 96//93 215//93 233//93
f 96//94 233//94 97//94
f 97//94 233//94 135//94
f 230//95 92//95 136//95
f 226//96 99//96 98//96
f 226//97 98//97 230//97
f 230//98 98//98 93//98
f 230//95 93//95 92//95
f 99//96 226//96 100//96
f 100//99 226//99 225//99
f 100//100 225//100 117//100
f 234//101 235//101 236//101
f 236//101 235//101 237//101
f 238//102 239//102 240//102
f 240//103 239//103 236//103
f 240//104 236//104 241//104
f 241//105 236//105 237//105
f 228//106 242//106 243//106
f 232//90 244//90 227//90
f 227//90 244//90 245//90
f 227//107 245//107 228//107
f 228//106 245//106 246//106
f 228//106 246//106 242//106
f 217//108 216//108 247//108
f 247//109 216//109 191//109
f 247//109 191//109 190//109
f 239//110 248//110 236//110
f 236//110 248//110 249//110
f 236//111 249//111 250//111
f 250//112 249//112 251//112
f 247//113 231//113 217//113
f 217//114 231//114 227//114
f 217//115 227//115 218//115
f 218//116 227//116 219//116
f 220//117 252//117 221//117
f 221//118 252//118 233//118
f 221//119 233//119 222//119
f 222//120 233//120 223//120
f 251//121 253//121 250//121
f 250//121 253//121 254//121
f 250//121 254//121 255//121
f 243//122 234//122 228//122
f 228//123 234//123 236//123
f 228//124 236//124 229//124
f 229//125 236//125 250//125
f 229//126 250//126 226//126
f 226//127 250//127 255//127
f 226//128 255//128 224//128
f 136//129 135//129 230//129
f 230//130 135//130 233//130
f 230//131 233//131 229//131
f 229//132 233//132 252//132
f 229//133 252//133 227//133
f 227//134 252//134 220//134
f 227//135 220//135 219//135
f 254//136 253//136 256//136
f 138//137 137//137 257//137
f 258//138 259//138 260//138
f 261//139 262//139 263//139
f 263//140 262//140 264//140
f 263//141 264//141 265//141
f 265//142 264//142 266//142
f 259//138 267//138 260//138
f 260//143 267//143 268//143
f 260//144 268//144 264//144
f 264//145 268//145 269//145
f 264//145 269//145 266//145
f 270//146 271//146 272//146
f 272//146 271//146 273//146
f 272//147 273//147 260//147
f 260//148 273//148 274//148
f 260//138 274//138 258//138
f 270//149 272//149 275//149
f 275//150 272//150 276//150
f 275//151 276//151 277//151
f 278//152 279//152 276//152
f 276//153 279//153 280//153
f 276//153 280//153 277//153
f 281//154 282//154 283//154
f 283//155 282//155 284//155
f 283//156 284//156 278//156
f 278//157 284//157 285//157
f 278//158 285//158 279//158
f 286//159 287//159 283//159
f 283//154 287//154 288//154
f 283//154 288//154 281//154
f 118//160 117//160 225//160
f 289//161 119//161 118//161
f 119//161 289//161 120//161
f 120//162 289//162 290//162
f 120//163 290//163 121//163
f 291//164 102//164 290//164
f 290//165 102//165 101//165
f 290//165 101//165 121//165
f 106//166 105//166 292//166
f 292//167 105//167 104//167
f 292//168 104//168 291//168
f 291//169 104//169 103//169
f 291//169 103//169 102//169
f 293//170 122//170 292//170
f 292//171 122//171 107//171
f 292//166 107//166 106//166
f 294//172 124//172 293//172
f 293//173 124//173 123//173
f 293//173 123//173 122//173
f 137//137 127//137 257//137
f 257//174 127//174 126//174
f 257//175 126//175 294//175
f 294//176 126//176 125//176
f 294//176 125//176 124//176
f 138//177 257//177 139//177
f 139//178 257//178 295//178
f 139//179 295//179 140//179
f 140//179 295//179 141//179
f 141//180 295//180 296//180
f 141//181 296//181 142//181
f 297//182 153//182 152//182
f 297//183 152//183 296//183
f 296//184 152//184 151//184
f 296//181 151//181 142//181
f 298//185 176//185 297//185
f 297//186 176//186 175//186
f 297//182 175//182 153//182
f 299//187 178//187 298//187
f 298//188 178//188 177//188
f 298//189 177//189 176//189
f 167//190 156//190 300//190
f 300//190 156//190 155//190
f 300//191 155//191 299//191
f 299//192 155//192 154//192
f 299//193 154//193 178//193
f 167//194 300//194 168//194
f 168//195 300//195 301//195
f 168//196 301//196 85//196
f 85//197 301//197 302//197
f 85//198 302//198 188//198
f 186//199 185//199 303//199
f 303//200 185//200 188//200
f 303//201 188//201 304//201
f 304//202 188//202 302//202
f 304//203 302//203 305//203
f 306//204 307//204 308//204
f 308//205 309//205 310//205
f 308//206 310//206 306//206
f 306//207 310//207 311//207
f 306//208 311//208 312//208
f 313//209 314//209 306//209
f 306//210 314//210 315//210
f 306//204 315//204 307//204
f 316//211 317//211 318//211
f 318//212 317//212 319//212
f 318//213 319//213 313//213
f 313//214 319//214 320//214
f 313//214 320//214 314//214
f 321//215 322//215 318//215
f 318//216 322//216 323//216
f 318//211 323//211 316//211
f 324//217 325//217 326//217
f 326//218 325//218 327//218
f 326//219 327//219 328//219
f 328//220 327//220 329//220
f 330//221 331//221 327//221
f 327//222 331//222 332//222
f 327//220 332//220 329//220
f 333//223 334//223 335//223
f 335//223 334//223 336//223
f 335//224 336//224 330//224
f 330//225 336//225 337//225
f 330//226 337//226 331//226
f 333//227 335//227 338//227
f 338//228 335//228 339//228
f 338//229 339//229 340//229
f 261//139 341//139 262//139
f 262//230 341//230 342//230
f 262//231 342//231 339//231
f 339//232 342//232 343//232
f 339//232 343//232 340//232
f 251//233 249//233 283//233
f 283//233 249//233 248//233
f 283//234 248//234 286//234
f 286//235 248//235 239//235
f 286//236 239//236 238//236
f 324//217 322//217 325//217
f 325//237 322//237 321//237
f 325//238 321//238 327//238
f 327//239 321//239 344//239
f 327//240 344//240 330//240
f 330//241 344//241 345//241
f 330//242 345//242 335//242
f 335//243 345//243 346//243
f 335//244 346//244 339//244
f 339//245 346//245 347//245
f 339//246 347//246 262//246
f 262//247 347//247 348//247
f 262//248 348//248 264//248
f 264//249 348//249 349//249
f 264//250 349//250 260//250
f 260//251 349//251 350//251
f 260//252 350//252 272//252
f 272//253 350//253 351//253
f 272//254 351//254 276//254
f 276//255 351//255 352//255
f 276//256 352//256 278//256
f 278//257 352//257 353//257
f 278//258 353//258 283//258
f 283//259 353//259 256//259
f 283//260 256//260 251//260
f 251//261 256//261 253//261
f 118//262 225//262 289//262
f 289//263 225//263 224//263
f 289//264 224//264 255//264
f 312//265 305//265 306//265
f 306//266 305//266 302//266
f 306//267 302//267 313//267
f 313//268 302//268 301//268
f 313//269 301//269 318//269
f 318//270 301//270 300//270
f 318//271 300//271 321//271
f 321//272 300//272 299//272
f 321//273 299//273 344//273
f 344//274 299//274 298//274
f 344//275 298//275 345//275
f 345//276 298//276 297//276
f 345//277 297//277 346//277
f 346//278 297//278 296//278
f 346//279 296//279 347//279
f 347//280 296//280 295//280
f 347//281 295//281 348//281
f 348//282 295//282 257//282
f 348//283 257//283 349//283
f 349//284 257//284 294//284
f 349//285 294//285 350//285
f 350//286 294//286 293//286
f 350//287 293//287 351//287
f 351//288 293//288 292//288
f 351//289 292//289 352//289
f 352//290 292//290 291//290
f 352//291 291//291 353//291
f 353//292 291//292 290//292
f 353//293 290//293 256//293
f 256//294 290//294 289//294
f 256//295 289//295 254//295
f 254//296 289//296 255//296
f 354//297 355//297 356//297
f 179//298 172//298 357//298
f 311//299 310//299 358//299
f 358//299 310//299 309//299
f 358//300 309//300 359//300
f 359//301 360//301 358//301
f 358//301 360//301 361//301
f 358//301 361//301 362//301
f 363//302 305//302 312//302
f 187//303 305//303 182//303
f 182//304 305//304 363//304
f 182//305 363//305 184//305
f 186//306 303//306 187//306
f 187//307 303//307 304//307
f 187//307 304//307 305//307
f 184//308 363//308 183//308
f 183//309 363//309 364//309
f 183//310 364//310 181//310
f 181//310 364//310 169//310
f 169//311 364//311 365//311
f 169//312 365//312 170//312
f 357//313 172//313 365//313
f 365//314 172//314 171//314
f 365//312 171//312 170//312
f 179//315 357//315 180//315
f 180//316 357//316 366//316
f 180//317 366//317 157//317
f 157//318 366//318 158//318
f 158//319 366//319 367//319
f 158//320 367//320 159//320
f 355//297 368//297 356//297
f 356//297 368//297 369//297
f 356//321 369//321 174//321
f 174//322 173//322 356//322
f 356//323 173//323 161//323
f 356//324 161//324 367//324
f 367//325 161//325 160//325
f 367//320 160//320 159//320
f 370//326 371//326 372//326
f 373//327 374//327 375//327
f 371//326 370//326 375//326
f 375//328 370//328 376//328
f 375//327 376//327 373//327
f 377//329 378//329 370//329
f 370//330 378//330 379//330
f 370//330 379//330 376//330
f 380//331 381//331 382//331
f 382//332 381//332 383//332
f 382//333 383//333 377//333
f 377//334 383//334 384//334
f 377//335 384//335 378//335
f 385//336 386//336 387//336
f 387//336 386//336 388//336
f 387//337 388//337 382//337
f 382//331 388//331 389//331
f 382//331 389//331 380//331
f 385//338 387//338 390//338
f 390//339 387//339 391//339
f 390//340 391//340 392//340
f 392//340 391//340 393//340
f 393//341 391//341 394//341
f 393//342 394//342 395//342
f 362//301 396//301 358//301
f 358//343 396//343 397//343
f 358//344 397//344 394//344
f 394//345 397//345 398//345
f 394//345 398//345 395//345
f 372//326 354//326 370//326
f 370//346 354//346 356//346
f 370//347 356//347 377//347
f 377//348 356//348 367//348
f 377//349 367//349 382//349
f 382//350 367//350 366//350
f 382//351 366//351 387//351
f 387//352 366//352 357//352
f 387//353 357//353 391//353
f 391//354 357//354 365//354
f 391//355 365//355 394//355
f 394//356 365//356 364//356
f 394//357 364//357 358//357
f 358//358 364//358 363//358
f 358//359 363//359 311//359
f 311//302 363//302 312//302
f 399//360 400//360 401//360
f 402//361 196//361 198//361
f 204//362 202//362 403//362
f 207//363 211//363 404//363
f 165//364 164//364 405//364
f 354//365 372//365 406//365
f 375//366 374//366 407//366
f 407//367 408//367 375//367
f 375//368 408//368 409//368
f 375//369 409//369 371//369
f 354//370 406//370 355//370
f 410//371 149//371 148//371
f 148//372 174//372 410//372
f 410//373 174//373 369//373
f 410//374 369//374 368//374
f 149//371 410//371 150//371
f 150//375 410//375 411//375
f 150//376 411//376 162//376
f 405//377 164//377 411//377
f 411//378 164//378 163//378
f 411//376 163//376 162//376
f 412//379 413//379 109//379
f 109//380 108//380 412//380
f 412//381 108//381 95//381
f 412//382 95//382 414//382
f 414//383 95//383 94//383
f 414//384 94//384 166//384
f 415//385 90//385 416//385
f 416//386 90//386 89//386
f 416//387 89//387 413//387
f 413//388 89//388 88//388
f 413//389 88//389 109//389
f 91//390 417//390 110//390
f 110//391 417//391 418//391
f 110//392 418//392 111//392
f 111//393 418//393 86//393
f 86//394 418//394 419//394
f 86//395 419//395 87//395
f 87//395 419//395 112//395
f 112//396 419//396 420//396
f 112//397 420//397 113//397
f 113//397 420//397 114//397
f 114//398 420//398 421//398
f 114//399 421//399 128//399
f 128//399 421//399 129//399
f 129//400 421//400 422//400
f 129//401 422//401 130//401
f 130//401 422//401 131//401
f 131//402 422//402 423//402
f 131//403 423//403 132//403
f 210//404 209//404 424//404
f 424//405 209//405 214//405
f 132//403 423//403 83//403
f 83//406 423//406 424//406
f 83//407 424//407 84//407
f 84//408 424//408 214//408
f 84//409 214//409 133//409
f 133//410 214//410 212//410
f 133//411 212//411 134//411
f 207//412 404//412 208//412
f 204//413 403//413 205//413
f 401//414 400//414 198//414
f 198//415 400//415 425//415
f 198//415 425//415 402//415
f 399//416 401//416 426//416
f 426//417 401//417 427//417
f 426//418 427//418 428//418
f 429//419 430//419 427//419
f 427//418 430//418 431//418
f 427//418 431//418 428//418
f 432//420 433//420 429//420
f 429//421 433//421 434//421
f 429//421 434//421 430//421
f 432//420 429//420 435//420
f 435//422 429//422 436//422
f 435//423 436//423 437//423
f 437//424 436//424 438//424
f 437//425 438//425 439//425
f 439//426 438//426 440//426
f 440//427 438//427 441//427
f 440//428 441//428 442//428
f 443//429 444//429 445//429
f 445//430 444//430 446//430
f 445//431 446//431 441//431
f 441//432 446//432 447//432
f 441//433 447//433 442//433
f 448//434 449//434 445//434
f 445//435 449//435 450//435
f 445//429 450//429 443//429
f 451//436 452//436 453//436
f 453//436 452//436 454//436
f 453//437 454//437 448//437
f 448//438 454//438 455//438
f 448//438 455//438 449//438
f 451//436 453//436 456//436
f 456//439 453//439 457//439
f 456//440 457//440 458//440
f 459//441 460//441 461//441
f 461//442 462//442 459//442
f 459//442 462//442 463//442
f 459//443 463//443 457//443
f 457//444 463//444 464//444
f 457//440 464//440 458//440
f 460//441 459//441 465//441
f 465//445 459//445 466//445
f 465//446 466//446 467//446
f 467//446 466//446 468//446
f 468//447 466//447 469//447
f 468//448 469//448 470//448
f 471//449 472//449 469//449
f 469//450 472//450 473//450
f 469//451 473//451 470//451
f 408//452 474//452 409//452
f 409//452 474//452 475//452
f 409//453 475//453 471//453
f 471//454 475//454 476//454
f 471//455 476//455 472//455
f 211//456 210//456 404//456
f 404//457 210//457 424//457
f 404//458 424//458 477//458
f 477//459 424//459 423//459
f 477//460 423//460 478//460
f 478//461 423//461 422//461
f 478//462 422//462 479//462
f 479//463 422//463 421//463
f 479//464 421//464 480//464
f 480//465 421//465 420//465
f 480//466 420//466 481//466
f 481//467 420//467 419//467
f 481//468 419//468 482//468
f 482//469 419//469 418//469
f 482//470 418//470 415//470
f 415//471 418//471 417//471
f 415//472 417//472 90//472
f 90//390 417//390 91//390
f 201//473 208//473 483//473
f 483//474 208//474 404//474
f 483//475 404//475 484//475
f 484//476 404//476 477//476
f 484//477 477//477 485//477
f 485//478 477//478 478//478
f 485//479 478//479 486//479
f 486//480 478//480 479//480
f 486//481 479//481 487//481
f 487//482 479//482 480//482
f 487//483 480//483 488//483
f 488//484 480//484 481//484
f 488//485 481//485 489//485
f 489//486 481//486 482//486
f 489//487 482//487 490//487
f 490//488 482//488 415//488
f 490//489 415//489 491//489
f 491//490 415//490 416//490
f 491//491 416//491 492//491
f 492//492 416//492 413//492
f 492//493 413//493 493//493
f 493//494 413//494 412//494
f 493//495 412//495 494//495
f 494//496 412//496 414//496
f 494//497 414//497 405//497
f 405//498 414//498 166//498
f 405//499 166//499 165//499
f 198//500 205//500 401//500
f 401//501 205//501 403//501
f 401//502 403//502 427//502
f 427//503 403//503 495//503
f 427//504 495//504 429//504
f 429//505 495//505 496//505
f 429//506 496//506 436//506
f 436//507 496//507 497//507
f 436//508 497//508 438//508
f 438//509 497//509 498//509
f 438//510 498//510 441//510
f 441//511 498//511 499//511
f 441//512 499//512 445//512
f 445//513 499//513 500//513
f 445//514 500//514 448//514
f 448//515 500//515 501//515
f 448//516 501//516 453//516
f 453//517 501//517 502//517
f 453//518 502//518 457//518
f 457//519 502//519 503//519
f 457//520 503//520 459//520
f 459//521 503//521 504//521
f 459//522 504//522 466//522
f 466//523 504//523 505//523
f 466//524 505//524 469//524
f 469//525 505//525 506//525
f 469//526 506//526 471//526
f 471//527 506//527 507//527
f 471//528 507//528 409//528
f 409//529 507//529 406//529
f 409//530 406//530 371//530
f 371//365 406//365 372//365
f 202//531 201//531 403//531
f 403//532 201//532 483//532
f 403//533 483//533 495//533
f 495//534 483//534 484//534
f 495//535 484//535 496//535
f 496//536 484//536 485//536
f 496//537 485//537 497//537
f 497//538 485//538 486//538
f 497//539 486//539 498//539
f 498//540 486//540 487//540
f 498//541 487//541 499//541
f 499//542 487//542 488//542
f 499//543 488//543 500//543
f 500//544 488//544 489//544
f 500//545 489//545 501//545
f 501//546 489//546 490//546
f 501//547 490//547 502//547
f 502//548 490//548 491//548
f 502//549 491//549 503//549
f 503//550 491//550 492//550
f 503//551 492//551 504//551
f 504//552 492//552 493//552
f 504//553 493//553 505//553
f 505//554 493//554 494//554
f 505//555 494//555 506//555
f 506//556 494//556 405//556
f 506//557 405//557 507//557
f 507//558 405//558 411//558
f 507//559 411//559 406//559
f 406//560 411//560 410//560
f 406//561 410//561 355//561
f 355//374 410//374 368//374
f 437//562 508//562 435//562
f 435//563 508//563 509//563
f 435//564 509//564 432//564
f 432//564 509//564 433//564
f 510//565 511//565 512//565
f 512//566 511//566 513//566
f 512//567 513//567 514//567
f 511//568 515//568 513//568
f 513//568 515//568 516//568
f 513//569 516//569 517//569
f 517//570 516//570 518//570
f 517//571 518//571 519//571
f 520//572 521//572 522//572
f 522//573 521//573 523//573
f 522//574 523//574 524//574
f 520//575 525//575 521//575
f 521//575 525//575 526//575
f 521//576 526//576 527//576
f 527//577 526//577 528//577
f 527//578 528//578 529//578
f 523//579 530//579 524//579
f 524//580 530//580 531//580
f 531//581 530//581 532//581
f 531//582 532//582 533//582
f 533//583 532//583 534//583
f 518//584 535//584 519//584
f 519//585 535//585 536//585
f 519//586 536//586 537//586
f 537//587 536//587 534//587
f 537//588 534//588 532//588
f 538//589 509//589 539//589
f 539//590 509//590 540//590
f 539//591 540//591 541//591
f 430//592 434//592 542//592
f 542//592 434//592 433//592
f 542//592 433//592 543//592
f 543//593 433//593 509//593
f 543//594 509//594 544//594
f 544//589 509//589 538//589
f 545//595 546//595 540//595
f 541//596 540//596 547//596
f 547//597 540//597 546//597
f 547//598 546//598 548//598
f 514//599 549//599 512//599
f 512//599 549//599 550//599
f 512//600 550//600 547//600
f 547//601 550//601 551//601
f 547//602 551//602 541//602
f 508//603 552//603 509//603
f 509//603 552//603 553//603
f 509//604 553//604 540//604
f 540//595 553//595 554//595
f 540//595 554//595 545//595
f 555//605 556//605 557//605
f 528//606 558//606 529//606
f 529//607 558//607 559//607
f 529//608 559//608 560//608
f 560//609 559//609 561//609
f 560//610 561//610 557//610
f 557//611 561//611 562//611
f 557//612 562//612 555//612
f 548//598 563//598 547//598
f 547//598 563//598 564//598
f 547//613 564//613 512//613
f 512//565 564//565 565//565
f 512//614 565//614 510//614
f 566//615 567//615 568//615
f 399//616 426//616 569//616
f 569//617 426//617 428//617
f 569//617 428//617 431//617
f 570//618 571//618 569//618
f 569//619 571//619 572//619
f 569//618 572//618 399//618
f 573//620 574//620 575//620
f 575//621 574//621 576//621
f 575//622 576//622 577//622
f 577//622 576//622 578//622
f 578//622 576//622 579//622
f 579//623 576//623 580//623
f 579//624 580//624 581//624
f 582//625 583//625 580//625
f 580//624 583//624 584//624
f 580//624 584//624 581//624
f 585//626 586//626 568//626
f 568//627 586//627 587//627
f 568//615 587//615 566//615
f 519//628 588//628 517//628
f 517//629 588//629 589//629
f 517//630 589//630 513//630
f 513//631 589//631 590//631
f 513//632 590//632 514//632
f 514//633 590//633 591//633
f 514//634 591//634 585//634
f 585//635 591//635 592//635
f 585//635 592//635 586//635
f 593//636 537//636 532//636
f 593//637 532//637 594//637
f 593//638 595//638 537//638
f 537//638 595//638 596//638
f 537//638 596//638 597//638
f 537//639 597//639 519//639
f 519//640 597//640 598//640
f 519//641 598//641 588//641
f 532//642 530//642 594//642
f 594//643 530//643 599//643
f 599//644 530//644 523//644
f 599//645 523//645 600//645
f 600//646 523//646 601//646
f 601//647 523//647 521//647
f 601//648 521//648 602//648
f 602//649 521//649 527//649
f 602//650 527//650 603//650
f 603//651 527//651 604//651
f 604//652 527//652 529//652
f 604//653 529//653 605//653
f 605//654 529//654 560//654
f 605//655 560//655 606//655
f 607//656 608//656 609//656
f 607//657 560//657 610//657
f 610//658 560//658 557//658
f 610//659 557//659 556//659
f 607//660 609//660 560//660
f 560//655 609//655 611//655
f 560//661 611//661 606//661
f 573//620 570//620 574//620
f 574//662 570//662 569//662
f 574//663 569//663 542//663
f 542//664 569//664 431//664
f 542//665 431//665 430//665
f 541//666 568//666 580//666
f 580//667 568//667 567//667
f 580//625 567//625 582//625
f 542//668 543//668 574//668
f 574//669 543//669 544//669
f 574//670 544//670 576//670
f 576//671 544//671 538//671
f 576//672 538//672 580//672
f 580//673 538//673 539//673
f 580//673 539//673 541//673
f 541//674 551//674 568//674
f 568//674 551//674 550//674
f 568//675 550//675 585//675
f 585//676 550//676 549//676
f 585//676 549//676 514//676
f 612//677 613//677 614//677
f 581//678 584//678 615//678
f 616//679 617//679 618//679
f 619//680 620//680 589//680
f 621//681 622//681 597//681
f 400//682 399//682 572//682
f 402//683 425//683 623//683
f 623//683 425//683 400//683
f 624//684 199//684 197//684
f 623//685 625//685 624//685
f 624//686 197//686 623//686
f 623//687 197//687 196//687
f 623//688 196//688 402//688
f 626//689 592//689 591//689
f 627//690 626//690 628//690
f 628//691 626//691 591//691
f 628//692 591//692 620//692
f 620//693 591//693 590//693
f 620//693 590//693 589//693
f 619//694 589//694 629//694
f 629//695 589//695 588//695
f 629//696 588//696 622//696
f 622//697 588//697 598//697
f 622//698 598//698 597//698
f 605//699 630//699 604//699
f 604//700 630//700 631//700
f 604//701 631//701 603//701
f 603//702 631//702 602//702
f 621//703 597//703 632//703
f 632//704 597//704 596//704
f 632//705 596//705 633//705
f 633//706 596//706 595//706
f 633//707 595//707 634//707
f 631//708 635//708 602//708
f 602//709 635//709 636//709
f 602//710 636//710 601//710
f 601//711 636//711 637//711
f 601//712 637//712 600//712
f 600//713 637//713 638//713
f 600//714 638//714 599//714
f 599//715 638//715 639//715
f 599//716 639//716 594//716
f 594//717 639//717 634//717
f 594//718 634//718 593//718
f 593//719 634//719 595//719
f 618//720 617//720 640//720
f 640//721 617//721 641//721
f 640//722 641//722 642//722
f 642//723 643//723 640//723
f 640//723 643//723 644//723
f 640//724 644//724 623//724
f 623//725 644//725 645//725
f 623//726 645//726 625//726
f 400//727 572//727 623//727
f 623//728 572//728 571//728
f 623//729 571//729 640//729
f 640//730 571//730 570//730
f 640//731 570//731 573//731
f 646//732 647//732 615//732
f 615//732 647//732 648//732
f 615//733 648//733 618//733
f 618//734 648//734 649//734
f 618//735 649//735 616//735
f 650//736 651//736 652//736
f 650//737 652//737 653//737
f 654//738 655//738 656//738
f 656//738 655//738 657//738
f 656//739 657//739 646//739
f 646//740 615//740 656//740
f 656//741 615//741 584//741
f 656//742 584//742 583//742
f 583//743 582//743 656//743
f 656//744 582//744 653//744
f 656//745 653//745 654//745
f 654//746 653//746 652//746
f 627//747 658//747 626//747
f 626//747 658//747 659//747
f 626//748 659//748 650//748
f 650//749 659//749 660//749
f 650//750 660//750 651//750
f 573//731 575//731 640//731
f 640//751 575//751 577//751
f 640//752 577//752 618//752
f 618//753 577//753 578//753
f 618//754 578//754 615//754
f 615//755 578//755 579//755
f 615//678 579//678 581//678
f 609//756 608//756 612//756
f 609//757 612//757 611//757
f 611//758 612//758 614//758
f 611//759 614//759 606//759
f 606//760 614//760 661//760
f 606//761 661//761 605//761
f 605//762 661//762 662//762
f 605//763 662//763 630//763
f 582//764 567//764 653//764
f 653//764 567//764 566//764
f 653//765 566//765 650//765
f 650//766 566//766 587//766
f 650//767 587//767 626//767
f 626//689 587//689 586//689
f 626//689 586//689 592//689
f 663//768 664//768 665//768
f 666//769 667//769 668//769
f 669//770 670//770 671//770
f 672//771 673//771 674//771
f 199//772 624//772 675//772
f 193//773 192//773 675//773
f 675//774 192//774 200//774
f 675//774 200//774 199//774
f 627//775 676//775 658//775
f 658//776 676//776 677//776
f 658//777 677//777 659//777
f 678//778 679//778 680//778
f 680//779 679//779 681//779
f 680//780 681//780 676//780
f 676//781 681//781 682//781
f 683//782 684//782 685//782
f 685//783 684//783 678//783
f 683//782 685//782 686//782
f 686//784 685//784 687//784
f 680//785 629//785 622//785
f 678//786 680//786 685//786
f 685//787 680//787 622//787
f 685//788 622//788 621//788
f 627//789 628//789 676//789
f 676//789 628//789 620//789
f 676//790 620//790 680//790
f 680//791 620//791 619//791
f 680//792 619//792 629//792
f 686//793 687//793 688//793
f 688//794 687//794 639//794
f 688//795 639//795 638//795
f 635//796 689//796 690//796
f 635//797 690//797 636//797
f 636//798 690//798 691//798
f 636//799 691//799 637//799
f 637//800 691//800 638//800
f 638//801 691//801 692//801
f 638//802 692//802 688//802
f 621//803 632//803 685//803
f 685//804 632//804 633//804
f 685//805 633//805 687//805
f 687//806 633//806 634//806
f 687//806 634//806 639//806
f 674//807 673//807 693//807
f 674//808 693//808 675//808
f 673//809 694//809 693//809
f 693//810 694//810 695//810
f 693//811 695//811 675//811
f 675//812 695//812 193//812
f 193//813 695//813 195//813
f 642//814 696//814 643//814
f 643//815 696//815 674//815
f 624//816 625//816 675//816
f 675//817 625//817 645//817
f 675//818 645//818 674//818
f 674//819 645//819 644//819
f 674//819 644//819 643//819
f 667//820 697//820 698//820
f 698//821 697//821 699//821
f 698//822 699//822 696//822
f 696//823 699//823 700//823
f 696//824 700//824 674//824
f 674//825 700//825 672//825
f 671//826 670//826 668//826
f 668//827 670//827 666//827
f 667//828 698//828 668//828
f 668//829 698//829 649//829
f 668//830 649//830 648//830
f 655//831 654//831 671//831
f 671//832 654//832 701//832
f 671//833 701//833 669//833
f 669//834 701//834 702//834
f 648//835 647//835 668//835
f 668//835 647//835 646//835
f 668//836 646//836 671//836
f 671//837 646//837 657//837
f 671//831 657//831 655//831
f 676//838 682//838 703//838
f 676//839 703//839 677//839
f 677//840 703//840 704//840
f 677//841 704//841 701//841
f 701//842 704//842 702//842
f 642//843 641//843 696//843
f 696//843 641//843 617//843
f 696//844 617//844 698//844
f 698//845 617//845 616//845
f 698//846 616//846 649//846
f 614//847 613//847 705//847
f 705//847 663//847 614//847
f 614//848 663//848 665//848
f 614//849 665//849 661//849
f 661//850 665//850 662//850
f 662//851 665//851 706//851
f 662//852 706//852 630//852
f 630//853 706//853 689//853
f 630//854 689//854 631//854
f 631//855 689//855 635//855
f 654//856 652//856 701//856
f 701//856 652//856 651//856
f 701//857 651//857 677//857
f 677//858 651//858 660//858
f 677//859 660//859 659//859
f 707//860 708//860 709//860
f 710//861 711//861 712//861
f 700//862 699//862 713//862
f 697//863 667//863 714//863
f 672//864 700//864 715//864
f 716//865 717//865 718//865
f 688//866 692//866 719//866
f 720//867 721//867 722//867
f 723//868 724//868 725//868
f 726//869 727//869 728//869
f 729//870 730//870 731//870
f 189//871 195//871 695//871
f 269//872 268//872 732//872
f 259//873 258//873 733//873
f 274//874 273//874 710//874
f 282//875 281//875 734//875
f 734//875 281//875 288//875
f 280//876 279//876 735//876
f 735//877 279//877 285//877
f 735//878 285//878 284//878
f 273//874 271//874 710//874
f 710//874 271//874 270//874
f 710//879 270//879 711//879
f 711//880 270//880 275//880
f 711//880 275//880 277//880
f 259//881 733//881 267//881
f 736//882 265//882 266//882
f 189//883 695//883 190//883
f 232//884 231//884 737//884
f 737//885 231//885 247//885
f 737//885 247//885 190//885
f 245//886 244//886 738//886
f 738//886 244//886 232//886
f 739//887 246//887 245//887
f 234//888 243//888 740//888
f 740//889 243//889 242//889
f 741//890 237//890 235//890
f 287//891 286//891 742//891
f 742//891 286//891 238//891
f 742//892 238//892 743//892
f 743//893 238//893 240//893
f 743//893 240//893 241//893
f 731//894 730//894 744//894
f 744//895 730//895 745//895
f 744//896 745//896 746//896
f 747//897 748//897 749//897
f 749//898 748//898 750//898
f 751//899 752//899 753//899
f 753//900 752//900 754//900
f 754//900 755//900 753//900
f 753//900 755//900 756//900
f 753//901 756//901 757//901
f 757//902 756//902 758//902
f 757//903 758//903 731//903
f 731//904 758//904 759//904
f 731//870 759//870 729//870
f 760//905 761//905 749//905
f 749//906 761//906 762//906
f 749//906 762//906 747//906
f 763//907 764//907 760//907
f 760//907 764//907 765//907
f 760//907 765//907 761//907
f 766//908 767//908 768//908
f 768//909 767//909 769//909
f 768//909 769//909 770//909
f 771//910 772//910 773//910
f 773//911 772//911 774//911
f 773//912 774//912 775//912
f 776//913 763//913 777//913
f 777//914 763//914 760//914
f 777//915 760//915 778//915
f 778//916 760//916 749//916
f 778//917 749//917 779//917
f 779//918 749//918 750//918
f 779//919 750//919 780//919
f 781//920 782//920 783//920
f 783//921 782//921 768//921
f 783//922 768//922 784//922
f 784//909 768//909 770//909
f 728//923 727//923 785//923
f 785//924 727//924 786//924
f 785//925 786//925 787//925
f 726//926 788//926 789//926
f 789//926 723//926 726//926
f 726//927 723//927 725//927
f 726//928 725//928 727//928
f 727//929 725//929 773//929
f 727//930 773//930 786//930
f 786//931 773//931 775//931
f 774//932 766//932 775//932
f 775//933 766//933 768//933
f 775//934 768//934 786//934
f 786//935 768//935 782//935
f 786//936 782//936 787//936
f 787//937 782//937 781//937
f 787//938 781//938 790//938
f 791//939 792//939 793//939
f 793//940 792//940 725//940
f 793//941 725//941 794//941
f 794//868 725//868 724//868
f 792//942 795//942 725//942
f 725//943 795//943 796//943
f 725//944 796//944 773//944
f 773//945 796//945 797//945
f 773//911 797//911 771//911
f 798//946 799//946 800//946
f 702//947 704//947 801//947
f 801//948 704//948 802//948
f 802//949 704//949 703//949
f 678//950 803//950 804//950
f 678//951 804//951 679//951
f 703//952 682//952 802//952
f 802//953 682//953 805//953
f 805//954 682//954 681//954
f 805//955 681//955 804//955
f 804//956 681//956 679//956
f 798//957 800//957 806//957
f 806//958 800//958 807//958
f 806//959 807//959 808//959
f 808//960 807//960 809//960
f 808//961 809//961 810//961
f 810//962 809//962 811//962
f 810//963 811//963 812//963
f 812//964 811//964 813//964
f 812//965 813//965 814//965
f 814//966 813//966 815//966
f 814//967 815//967 816//967
f 799//968 817//968 800//968
f 800//969 817//969 818//969
f 800//970 818//970 807//970
f 807//971 818//971 819//971
f 807//972 819//972 809//972
f 809//973 819//973 820//973
f 809//974 820//974 811//974
f 811//975 820//975 821//975
f 811//976 821//976 813//976
f 813//977 821//977 822//977
f 813//978 822//978 815//978
f 823//979 824//979 825//979
f 826//980 827//980 828//980
f 828//981 827//981 829//981
f 828//980 829//980 823//980
f 824//979 830//979 825//979
f 825//979 830//979 831//979
f 825//982 831//982 832//982
f 832//983 831//983 833//983
f 832//984 833//984 834//984
f 834//985 833//985 835//985
f 836//986 837//986 838//986
f 838//987 837//987 839//987
f 840//988 841//988 842//988
f 842//989 841//989 843//989
f 842//990 843//990 844//990
f 689//991 841//991 840//991
f 689//992 840//992 690//992
f 845//993 846//993 841//993
f 841//993 846//993 847//993
f 692//994 691//994 848//994
f 691//994 690//994 848//994
f 848//995 690//995 840//995
f 848//996 840//996 838//996
f 838//997 840//997 842//997
f 838//998 842//998 836//998
f 836//999 842//999 844//999
f 849//1000 826//1000 843//1000
f 847//1001 850//1001 841//1001
f 841//1001 850//1001 851//1001
f 841//1002 851//1002 843//1002
f 843//1003 851//1003 852//1003
f 843//1003 852//1003 849//1003
f 678//1004 684//1004 803//1004
f 803//1005 684//1005 683//1005
f 803//1006 683//1006 853//1006
f 853//1007 683//1007 686//1007
f 853//1008 686//1008 719//1008
f 719//1009 686//1009 688//1009
f 288//1010 287//1010 734//1010
f 734//1011 287//1011 742//1011
f 734//1012 742//1012 854//1012
f 854//1013 742//1013 743//1013
f 854//1014 743//1014 855//1014
f 856//1015 857//1015 855//1015
f 855//1016 857//1016 858//1016
f 855//1017 858//1017 854//1017
f 855//1018 859//1018 856//1018
f 856//1019 859//1019 860//1019
f 856//1020 860//1020 861//1020
f 861//1021 860//1021 862//1021
f 863//1022 864//1022 865//1022
f 865//1023 864//1023 741//1023
f 865//1024 741//1024 740//1024
f 740//1025 741//1025 235//1025
f 740//888 235//888 234//888
f 866//1026 863//1026 867//1026
f 867//1027 863//1027 865//1027
f 867//1028 865//1028 868//1028
f 868//1029 865//1029 740//1029
f 868//1030 740//1030 739//1030
f 739//1031 740//1031 242//1031
f 739//887 242//887 246//887
f 869//1032 862//1032 870//1032
f 870//1033 862//1033 860//1033
f 870//1034 860//1034 866//1034
f 866//1035 860//1035 859//1035
f 866//1036 859//1036 863//1036
f 863//1037 859//1037 855//1037
f 863//1038 855//1038 864//1038
f 864//1039 855//1039 743//1039
f 864//1040 743//1040 741//1040
f 741//1041 743//1041 241//1041
f 741//890 241//890 237//890
f 871//1042 872//1042 718//1042
f 823//1043 825//1043 828//1043
f 828//1044 825//1044 873//1044
f 828//1045 873//1045 874//1045
f 874//1046 873//1046 875//1046
f 874//1047 875//1047 876//1047
f 876//1048 875//1048 877//1048
f 876//1049 877//1049 878//1049
f 878//1050 877//1050 879//1050
f 878//1051 879//1051 880//1051
f 880//1052 879//1052 881//1052
f 880//1053 881//1053 882//1053
f 882//1054 881//1054 883//1054
f 882//1055 883//1055 884//1055
f 884//1056 883//1056 885//1056
f 884//1057 885//1057 886//1057
f 886//1058 885//1058 887//1058
f 886//1059 887//1059 888//1059
f 888//1060 887//1060 889//1060
f 888//1061 889//1061 890//1061
f 717//1062 799//1062 718//1062
f 718//1063 799//1063 798//1063
f 718//1064 798//1064 871//1064
f 871//1065 798//1065 806//1065
f 871//1066 806//1066 891//1066
f 891//1067 806//1067 808//1067
f 891//1068 808//1068 892//1068
f 892//1069 808//1069 810//1069
f 892//1070 810//1070 790//1070
f 790//1071 810//1071 812//1071
f 790//1072 812//1072 787//1072
f 787//1073 812//1073 814//1073
f 787//1074 814//1074 785//1074
f 785//1075 814//1075 816//1075
f 785//1076 816//1076 728//1076
f 868//1077 893//1077 867//1077
f 867//1078 893//1078 894//1078
f 867//1079 894//1079 866//1079
f 866//1080 894//1080 716//1080
f 866//1081 716//1081 870//1081
f 870//1082 716//1082 718//1082
f 870//1083 718//1083 869//1083
f 869//1084 718//1084 872//1084
f 895//1085 896//1085 897//1085
f 232//1086 737//1086 738//1086
f 738//1087 737//1087 898//1087
f 738//1088 898//1088 897//1088
f 897//1089 898//1089 895//1089
f 895//1090 898//1090 899//1090
f 895//1091 899//1091 715//1091
f 190//1092 695//1092 737//1092
f 737//1093 695//1093 898//1093
f 898//1094 695//1094 694//1094
f 898//1095 694//1095 899//1095
f 899//1096 694//1096 673//1096
f 899//1097 673//1097 715//1097
f 715//1098 673//1098 672//1098
f 900//1099 901//1099 896//1099
f 720//1100 722//1100 902//1100
f 902//1101 722//1101 903//1101
f 902//1102 903//1102 904//1102
f 904//1103 903//1103 905//1103
f 904//1104 905//1104 906//1104
f 906//1105 905//1105 907//1105
f 906//1106 907//1106 908//1106
f 889//1107 901//1107 890//1107
f 890//1108 901//1108 900//1108
f 890//1109 900//1109 909//1109
f 909//1110 900//1110 713//1110
f 909//1111 713//1111 714//1111
f 714//1112 713//1112 699//1112
f 714//1113 699//1113 697//1113
f 692//1114 848//1114 719//1114
f 719//1115 848//1115 838//1115
f 719//1116 838//1116 853//1116
f 853//1117 838//1117 839//1117
f 853//1118 839//1118 803//1118
f 803//1119 839//1119 910//1119
f 803//1120 910//1120 804//1120
f 804//1121 910//1121 911//1121
f 804//1122 911//1122 805//1122
f 805//1123 911//1123 912//1123
f 805//1124 912//1124 802//1124
f 802//1125 912//1125 913//1125
f 802//1126 913//1126 801//1126
f 801//1127 913//1127 914//1127
f 801//1128 914//1128 915//1128
f 667//1129 666//1129 915//1129
f 837//1130 721//1130 839//1130
f 839//1131 721//1131 720//1131
f 839//1132 720//1132 910//1132
f 910//1133 720//1133 902//1133
f 910//1134 902//1134 911//1134
f 911//1135 902//1135 904//1135
f 911//1136 904//1136 912//1136
f 912//1137 904//1137 906//1137
f 912//1138 906//1138 913//1138
f 913//1139 906//1139 908//1139
f 913//1140 908//1140 914//1140
f 896//1141 895//1141 900//1141
f 900//1142 895//1142 715//1142
f 900//1143 715//1143 713//1143
f 713//1144 715//1144 700//1144
f 826//1145 828//1145 843//1145
f 843//1146 828//1146 874//1146
f 843//1147 874//1147 844//1147
f 844//1148 874//1148 876//1148
f 844//1149 876//1149 836//1149
f 836//1150 876//1150 878//1150
f 836//1151 878//1151 837//1151
f 837//1152 878//1152 880//1152
f 837//1153 880//1153 721//1153
f 721//1154 880//1154 882//1154
f 721//1155 882//1155 722//1155
f 722//1156 882//1156 884//1156
f 722//1157 884//1157 903//1157
f 903//1158 884//1158 886//1158
f 903//1159 886//1159 905//1159
f 905//1160 886//1160 888//1160
f 905//1161 888//1161 907//1161
f 907//1162 888//1162 890//1162
f 907//1163 890//1163 908//1163
f 908//1164 890//1164 909//1164
f 908//1165 909//1165 914//1165
f 914//1166 909//1166 714//1166
f 914//1167 714//1167 915//1167
f 915//1168 714//1168 667//1168
f 266//1169 269//1169 736//1169
f 736//1170 269//1170 732//1170
f 736//1171 732//1171 916//1171
f 916//1172 732//1172 917//1172
f 918//1173 919//1173 920//1173
f 920//1173 919//1173 921//1173
f 920//1174 921//1174 922//1174
f 922//1175 921//1175 923//1175
f 922//1176 923//1176 732//1176
f 732//1172 923//1172 924//1172
f 732//1172 924//1172 917//1172
f 732//1177 925//1177 922//1177
f 922//1178 925//1178 926//1178
f 922//1179 926//1179 920//1179
f 920//1180 926//1180 927//1180
f 277//1181 280//1181 711//1181
f 711//1182 280//1182 735//1182
f 711//1183 735//1183 712//1183
f 712//1184 735//1184 928//1184
f 712//1185 928//1185 929//1185
f 258//881 274//881 733//881
f 733//1186 274//1186 710//1186
f 733//1187 710//1187 930//1187
f 930//1188 710//1188 712//1188
f 930//1189 712//1189 931//1189
f 931//1190 712//1190 929//1190
f 709//1191 708//1191 927//1191
f 927//1192 708//1192 932//1192
f 927//1193 932//1193 933//1193
f 933//1194 934//1194 927//1194
f 927//1195 934//1195 935//1195
f 927//1196 935//1196 920//1196
f 920//1197 935//1197 936//1197
f 920//1198 936//1198 918//1198
f 937//1199 938//1199 939//1199
f 939//1200 940//1200 937//1200
f 937//1200 940//1200 941//1200
f 937//1201 941//1201 709//1201
f 709//1202 941//1202 942//1202
f 709//1203 942//1203 707//1203
f 746//896 943//896 744//896
f 744//896 943//896 944//896
f 744//1204 944//1204 938//1204
f 938//1205 944//1205 945//1205
f 938//1205 945//1205 939//1205
f 929//1206 946//1206 931//1206
f 931//1207 946//1207 947//1207
f 931//1208 947//1208 948//1208
f 948//1209 947//1209 949//1209
f 948//1210 949//1210 950//1210
f 950//1211 949//1211 951//1211
f 950//1212 951//1212 952//1212
f 952//1213 951//1213 953//1213
f 952//1214 953//1214 954//1214
f 954//1215 953//1215 955//1215
f 954//1216 955//1216 956//1216
f 956//1217 955//1217 957//1217
f 956//1218 957//1218 958//1218
f 958//1219 957//1219 959//1219
f 958//1220 959//1220 780//1220
f 780//1221 959//1221 960//1221
f 780//1222 960//1222 779//1222
f 779//1223 960//1223 961//1223
f 779//1224 961//1224 778//1224
f 778//1225 961//1225 962//1225
f 778//1226 962//1226 777//1226
f 748//1227 751//1227 750//1227
f 750//1228 751//1228 753//1228
f 750//1229 753//1229 780//1229
f 780//1230 753//1230 757//1230
f 780//1231 757//1231 958//1231
f 958//1232 757//1232 731//1232
f 958//1233 731//1233 956//1233
f 956//1234 731//1234 744//1234
f 956//1235 744//1235 954//1235
f 954//1236 744//1236 938//1236
f 954//1237 938//1237 952//1237
f 952//1238 938//1238 937//1238
f 952//1239 937//1239 950//1239
f 950//1240 937//1240 709//1240
f 950//1241 709//1241 948//1241
f 948//1242 709//1242 927//1242
f 948//1243 927//1243 931//1243
f 931//1244 927//1244 926//1244
f 931//1245 926//1245 930//1245
f 930//1246 926//1246 925//1246
f 930//1247 925//1247 733//1247
f 733//1248 925//1248 732//1248
f 733//1249 732//1249 267//1249
f 267//872 732//872 268//872
f 689//1250 706//1250 841//1250
f 841//1251 706//1251 665//1251
f 841//1252 665//1252 845//1252
f 845//1253 665//1253 664//1253
f 963//1254 964//1254 965//1254
f 834//1255 835//1255 966//1255
f 834//1256 966//1256 965//1256
f 965//1254 966//1254 967//1254
f 965//1254 967//1254 963//1254
f 245//1257 738//1257 739//1257
f 739//1258 738//1258 897//1258
f 739//1259 897//1259 868//1259
f 868//1260 897//1260 896//1260
f 868//1261 896//1261 893//1261
f 893//1262 896//1262 901//1262
f 893//1263 901//1263 894//1263
f 894//1264 901//1264 889//1264
f 894//1265 889//1265 716//1265
f 716//1266 889//1266 887//1266
f 716//1267 887//1267 717//1267
f 717//1268 887//1268 885//1268
f 717//1269 885//1269 799//1269
f 799//1270 885//1270 883//1270
f 799//1271 883//1271 817//1271
f 817//1272 883//1272 881//1272
f 817//1273 881//1273 818//1273
f 818//1274 881//1274 879//1274
f 818//1275 879//1275 819//1275
f 819//1276 879//1276 877//1276
f 819//1277 877//1277 820//1277
f 820//1278 877//1278 875//1278
f 820//1279 875//1279 821//1279
f 821//1280 875//1280 873//1280
f 821//1281 873//1281 822//1281
f 822//1282 873//1282 825//1282
f 822//1283 825//1283 815//1283
f 815//1284 825//1284 832//1284
f 815//1285 832//1285 816//1285
f 816//1286 832//1286 834//1286
f 816//1287 834//1287 728//1287
f 728//1288 834//1288 965//1288
f 728//1289 965//1289 726//1289
f 726//1290 965//1290 964//1290
f 726//1291 964//1291 788//1291
f 666//1292 670//1292 915//1292
f 915//1293 670//1293 801//1293
f 801//1294 670//1294 669//1294
f 801//1294 669//1294 702//1294
f 784//1295 776//1295 783//1295
f 783//1296 776//1296 777//1296
f 783//1297 777//1297 781//1297
f 781//1298 777//1298 962//1298
f 781//1299 962//1299 790//1299
f 790//1300 962//1300 961//1300
f 790//1301 961//1301 892//1301
f 892//1302 961//1302 960//1302
f 892//1303 960//1303 891//1303
f 891//1304 960//1304 959//1304
f 891//1305 959//1305 871//1305
f 871//1306 959//1306 957//1306
f 871//1307 957//1307 872//1307
f 872//1308 957//1308 955//1308
f 872//1309 955//1309 869//1309
f 869//1310 955//1310 953//1310
f 869//1311 953//1311 862//1311
f 862//1312 953//1312 951//1312
f 862//1313 951//1313 861//1313
f 861//1314 951//1314 949//1314
f 861//1315 949//1315 856//1315
f 856//1316 949//1316 947//1316
f 856//1317 947//1317 857//1317
f 857//1318 947//1318 946//1318
f 857//1319 946//1319 858//1319
f 858//1320 946//1320 929//1320
f 858//1321 929//1321 854//1321
f 854//1322 929//1322 928//1322
f 854//1323 928//1323 734//1323
f 734//1324 928//1324 735//1324
f 734//1325 735//1325 282//1325
f 282//877 735//877 284//877
f 934//1326 933//1326 968//1326
f 730//1327 729//1327 969//1327
f 970//1328 971//1328 972//1328
f 973//1329 974//1329 975//1329
f 336//1330 334//1330 976//1330
f 334//1330 333//1330 976//1330
f 976//1331 333//1331 338//1331
f 976//1331 338//1331 340//1331
f 977//1332 978//1332 979//1332
f 337//1333 977//1333 331//1333
f 331//1334 977//1334 979//1334
f 331//1335 979//1335 332//1335
f 980//1336 981//1336 982//1336
f 980//1337 982//1337 983//1337
f 983//1338 982//1338 984//1338
f 983//1339 984//1339 985//1339
f 985//1340 984//1340 986//1340
f 985//1341 986//1341 977//1341
f 977//1332 986//1332 978//1332
f 981//1336 980//1336 987//1336
f 987//1342 980//1342 988//1342
f 987//1343 988//1343 989//1343
f 990//1344 991//1344 992//1344
f 992//1345 991//1345 993//1345
f 992//1346 993//1346 988//1346
f 988//1343 993//1343 989//1343
f 994//1347 995//1347 996//1347
f 996//1348 995//1348 997//1348
f 996//1349 997//1349 992//1349
f 992//1344 997//1344 990//1344
f 998//1350 999//1350 996//1350
f 996//1347 999//1347 994//1347
f 1000//1351 1001//1351 1002//1351
f 1000//1352 1002//1352 998//1352
f 998//1353 1002//1353 999//1353
f 1003//1354 1004//1354 1005//1354
f 1003//1355 1005//1355 1006//1355
f 1006//1356 1005//1356 1007//1356
f 1007//1357 1008//1357 1006//1357
f 1006//1358 1008//1358 1000//1358
f 1000//1359 1008//1359 1009//1359
f 1000//1351 1009//1351 1001//1351
f 1010//1360 1011//1360 1012//1360
f 1010//1361 1012//1361 1003//1361
f 1003//1362 1012//1362 1013//1362
f 1003//1354 1013//1354 1004//1354
f 1011//1363 1010//1363 1014//1363
f 1011//1364 1014//1364 1015//1364
f 1016//1365 1017//1365 1018//1365
f 1018//1366 1017//1366 1019//1366
f 1018//1367 1019//1367 1014//1367
f 1014//1368 1019//1368 1015//1368
f 1016//1369 1018//1369 1020//1369
f 1016//1370 1020//1370 1021//1370
f 1022//1371 1023//1371 1024//1371
f 1024//1372 1023//1372 1025//1372
f 1024//1373 1025//1373 1020//1373
f 1020//1374 1025//1374 1021//1374
f 1026//1375 1027//1375 1028//1375
f 1026//1376 1028//1376 1024//1376
f 1024//1371 1028//1371 1022//1371
f 1029//1377 1030//1377 1031//1377
f 1029//1378 1031//1378 1026//1378
f 1026//1375 1031//1375 1027//1375
f 1032//1379 1033//1379 1034//1379
f 1032//1380 1034//1380 1029//1380
f 1029//1377 1034//1377 1030//1377
f 1035//1381 1036//1381 1037//1381
f 1035//1382 1037//1382 1032//1382
f 1032//1379 1037//1379 1033//1379
f 975//1383 974//1383 1035//1383
f 1035//1384 974//1384 1038//1384
f 1035//1381 1038//1381 1036//1381
f 1039//1385 1040//1385 1041//1385
f 973//1386 975//1386 1041//1386
f 1041//1387 975//1387 1042//1387
f 1041//1385 1042//1385 1039//1385
f 792//1388 791//1388 970//1388
f 792//1389 970//1389 795//1389
f 795//1390 970//1390 972//1390
f 795//1391 972//1391 796//1391
f 796//1392 972//1392 797//1392
f 797//1393 972//1393 1043//1393
f 797//1394 1043//1394 771//1394
f 771//1395 1043//1395 772//1395
f 772//1396 1043//1396 1044//1396
f 772//1397 1044//1397 774//1397
f 1045//1398 767//1398 1044//1398
f 1044//1397 767//1397 766//1397
f 1044//1399 766//1399 774//1399
f 776//1400 784//1400 1046//1400
f 1046//1400 784//1400 770//1400
f 1046//1401 770//1401 1045//1401
f 1045//1402 770//1402 769//1402
f 1045//1402 769//1402 767//1402
f 762//1403 761//1403 1047//1403
f 1047//1404 761//1404 765//1404
f 1047//1405 765//1405 1048//1405
f 1048//1406 765//1406 764//1406
f 1048//1406 764//1406 763//1406
f 762//1404 1047//1404 747//1404
f 747//1407 1047//1407 1049//1407
f 747//1408 1049//1408 748//1408
f 1050//1409 752//1409 1049//1409
f 1049//1408 752//1408 751//1408
f 1049//1408 751//1408 748//1408
f 758//1410 756//1410 1051//1410
f 1051//1410 756//1410 755//1410
f 1051//1411 755//1411 1050//1411
f 1050//1412 755//1412 754//1412
f 1050//1413 754//1413 752//1413
f 969//1414 729//1414 1051//1414
f 1051//1415 729//1415 759//1415
f 1051//1410 759//1410 758//1410
f 944//1416 943//1416 1052//1416
f 1052//1416 943//1416 746//1416
f 1052//1417 746//1417 969//1417
f 969//1418 746//1418 745//1418
f 969//1327 745//1327 730//1327
f 944//1419 1052//1419 945//1419
f 945//1420 1052//1420 1053//1420
f 945//1421 1053//1421 939//1421
f 939//1422 1053//1422 1054//1422
f 939//1423 1054//1423 940//1423
f 1055//1424 942//1424 1054//1424
f 1054//1423 942//1423 941//1423
f 1054//1423 941//1423 940//1423
f 933//1425 932//1425 968//1425
f 968//1426 932//1426 708//1426
f 968//1427 708//1427 1055//1427
f 1055//1428 708//1428 707//1428
f 1055//1428 707//1428 942//1428
f 934//1429 968//1429 935//1429
f 935//1430 968//1430 1056//1430
f 935//1431 1056//1431 936//1431
f 1057//1432 924//1432 1058//1432
f 1058//1433 924//1433 923//1433
f 1058//1434 923//1434 1059//1434
f 1059//1435 923//1435 921//1435
f 1059//1436 921//1436 1060//1436
f 1060//1437 921//1437 919//1437
f 1060//1438 919//1438 1056//1438
f 1056//1439 919//1439 918//1439
f 1056//1440 918//1440 936//1440
f 736//1441 916//1441 1057//1441
f 1057//1442 916//1442 917//1442
f 1057//1442 917//1442 924//1442
f 343//1443 342//1443 1057//1443
f 1057//1443 342//1443 341//1443
f 265//1444 736//1444 263//1444
f 263//1445 736//1445 1057//1445
f 263//1446 1057//1446 261//1446
f 261//1446 1057//1446 341//1446
f 340//1447 343//1447 976//1447
f 976//1448 343//1448 1057//1448
f 976//1449 1057//1449 1061//1449
f 1061//1450 1057//1450 1058//1450
f 1061//1451 1058//1451 1062//1451
f 1062//1452 1058//1452 1059//1452
f 1062//1453 1059//1453 1063//1453
f 1063//1454 1059//1454 1060//1454
f 1063//1455 1060//1455 1064//1455
f 1064//1456 1060//1456 1056//1456
f 1064//1457 1056//1457 1065//1457
f 1065//1458 1056//1458 968//1458
f 1065//1459 968//1459 1066//1459
f 1066//1460 968//1460 1055//1460
f 1066//1461 1055//1461 1067//1461
f 1067//1462 1055//1462 1054//1462
f 1067//1463 1054//1463 1068//1463
f 1068//1464 1054//1464 1053//1464
f 1068//1465 1053//1465 1069//1465
f 1069//1466 1053//1466 1052//1466
f 1069//1467 1052//1467 1070//1467
f 1070//1468 1052//1468 969//1468
f 1070//1469 969//1469 1071//1469
f 1071//1470 969//1470 1051//1470
f 1071//1471 1051//1471 1072//1471
f 1072//1472 1051//1472 1050//1472
f 1072//1473 1050//1473 1073//1473
f 1073//1474 1050//1474 1049//1474
f 1073//1475 1049//1475 1074//1475
f 1074//1476 1049//1476 1047//1476
f 1074//1477 1047//1477 1075//1477
f 1075//1478 1047//1478 1048//1478
f 1075//1479 1048//1479 1046//1479
f 1046//1480 1048//1480 763//1480
f 1046//1400 763//1400 776//1400
f 971//1481 1042//1481 972//1481
f 972//1482 1042//1482 975//1482
f 972//1483 975//1483 1043//1483
f 1043//1484 975//1484 1035//1484
f 1043//1485 1035//1485 1044//1485
f 1044//1486 1035//1486 1032//1486
f 1044//1487 1032//1487 1045//1487
f 1045//1488 1032//1488 1029//1488
f 1045//1489 1029//1489 1046//1489
f 1046//1490 1029//1490 1026//1490
f 1046//1491 1026//1491 1075//1491
f 1075//1492 1026//1492 1024//1492
f 1075//1493 1024//1493 1074//1493
f 1074//1494 1024//1494 1020//1494
f 1074//1495 1020//1495 1073//1495
f 1073//1496 1020//1496 1018//1496
f 1073//1497 1018//1497 1072//1497
f 1072//1498 1018//1498 1014//1498
f 1072//1499 1014//1499 1071//1499
f 1071//1500 1014//1500 1010//1500
f 1071//1501 1010//1501 1070//1501
f 1070//1502 1010//1502 1003//1502
f 1070//1503 1003//1503 1069//1503
f 1069//1504 1003//1504 1006//1504
f 1069//1505 1006//1505 1068//1505
f 1068//1506 1006//1506 1000//1506
f 1068//1507 1000//1507 1067//1507
f 1067//1508 1000//1508 998//1508
f 1067//1509 998//1509 1066//1509
f 1066//1510 998//1510 996//1510
f 1066//1511 996//1511 1065//1511
f 1065//1512 996//1512 992//1512
f 1065//1513 992//1513 1064//1513
f 1064//1514 992//1514 988//1514
f 1064//1515 988//1515 1063//1515
f 1063//1516 988//1516 980//1516
f 1063//1517 980//1517 1062//1517
f 1062//1518 980//1518 983//1518
f 1062//1519 983//1519 1061//1519
f 1061//1520 983//1520 985//1520
f 1061//1521 985//1521 976//1521
f 976//1522 985//1522 977//1522
f 976//1523 977//1523 336//1523
f 336//1524 977//1524 337//1524
f 1076//1525 1077//1525 1078//1525
f 1078//1526 1077//1526 1079//1526
f 1080//1527 1081//1527 1082//1527
f 1083//1528 1084//1528 1085//1528
f 440//1529 442//1529 1086//1529
f 1086//1530 442//1530 1087//1530
f 1086//1531 1087//1531 1088//1531
f 1088//1532 1087//1532 1089//1532
f 1088//1532 1089//1532 1090//1532
f 1091//1533 1092//1533 1093//1533
f 1093//1534 1092//1534 1094//1534
f 1093//1535 1094//1535 1085//1535
f 1085//1536 1094//1536 1095//1536
f 1085//1537 1095//1537 1083//1537
f 1083//1538 1095//1538 1096//1538
f 1082//1539 1097//1539 1080//1539
f 1080//1540 1097//1540 1098//1540
f 1080//1541 1098//1541 1091//1541
f 1091//1542 1098//1542 1099//1542
f 1091//1543 1099//1543 1092//1543
f 1100//1544 1101//1544 1102//1544
f 1102//1544 1101//1544 1103//1544
f 1102//1545 1103//1545 1081//1545
f 1081//1546 1103//1546 1104//1546
f 1081//1547 1104//1547 1082//1547
f 1100//1544 1102//1544 1105//1544
f 1105//1548 1102//1548 1106//1548
f 1105//1549 1106//1549 1107//1549
f 1107//1550 1106//1550 1108//1550
f 1107//1551 1108//1551 1109//1551
f 1109//1551 1108//1551 1110//1551
f 1110//1552 1108//1552 1111//1552
f 1110//1553 1111//1553 1112//1553
f 1112//1554 1111//1554 1113//1554
f 1112//1555 1113//1555 1114//1555
f 1077//1556 1115//1556 1079//1556
f 1079//1557 1115//1557 1116//1557
f 1079//1558 1116//1558 1117//1558
f 1117//1559 1116//1559 1118//1559
f 1117//1560 1118//1560 1113//1560
f 1113//1561 1118//1561 1119//1561
f 1113//1555 1119//1555 1114//1555
f 1120//1562 1121//1562 1122//1562
f 1122//1563 1121//1563 1123//1563
f 1122//1564 1123//1564 1078//1564
f 1078//1565 1123//1565 1124//1565
f 1078//1525 1124//1525 1076//1525
f 1090//1532 1125//1532 1088//1532
f 1088//1566 1125//1566 1126//1566
f 1088//1567 1126//1567 1127//1567
f 1127//1568 1126//1568 1128//1568
f 1127//1569 1128//1569 1129//1569
f 1129//1570 1128//1570 1130//1570
f 1129//1571 1130//1571 1120//1571
f 1120//1572 1130//1572 1131//1572
f 1120//1572 1131//1572 1121//1572
f 439//1573 440//1573 1086//1573
f 1117//1574 515//1574 1079//1574
f 1079//1575 515//1575 511//1575
f 1079//1576 511//1576 1078//1576
f 1108//1577 534//1577 1111//1577
f 1111//1578 534//1578 536//1578
f 1111//1579 536//1579 1113//1579
f 536//1580 535//1580 1113//1580
f 1113//1581 535//1581 518//1581
f 1113//1582 518//1582 1117//1582
f 1117//1583 518//1583 516//1583
f 1117//1584 516//1584 515//1584
f 1102//1585 1081//1585 520//1585
f 1091//1586 528//1586 1080//1586
f 1080//1587 528//1587 526//1587
f 1080//1588 526//1588 1081//1588
f 1081//1589 526//1589 525//1589
f 1081//1590 525//1590 520//1590
f 520//1591 522//1591 1102//1591
f 1102//1591 522//1591 524//1591
f 1102//1592 524//1592 1106//1592
f 1106//1593 524//1593 531//1593
f 1106//1594 531//1594 1108//1594
f 1108//1595 531//1595 533//1595
f 1108//1595 533//1595 534//1595
f 545//1596 1127//1596 546//1596
f 546//1597 1127//1597 1129//1597
f 546//1598 1129//1598 548//1598
f 548//1599 1129//1599 1120//1599
f 437//1600 439//1600 508//1600
f 508//1601 439//1601 1086//1601
f 508//1602 1086//1602 552//1602
f 552//1603 1086//1603 1088//1603
f 552//1604 1088//1604 553//1604
f 553//1605 1088//1605 1127//1605
f 553//1596 1127//1596 554//1596
f 554//1596 1127//1596 545//1596
f 1132//1606 562//1606 561//1606
f 1084//1607 1132//1607 1085//1607
f 1085//1608 1132//1608 561//1608
f 1085//1609 561//1609 1093//1609
f 1093//1610 561//1610 559//1610
f 1093//1611 559//1611 1091//1611
f 1091//1612 559//1612 558//1612
f 1091//1612 558//1612 528//1612
f 511//1613 510//1613 1078//1613
f 1078//1614 510//1614 565//1614
f 1078//1615 565//1615 1122//1615
f 1122//1616 565//1616 564//1616
f 1122//1617 564//1617 1120//1617
f 1120//1618 564//1618 563//1618
f 1120//1618 563//1618 548//1618
f 1133//1619 1134//1619 1135//1619
f 1136//1620 1137//1620 1138//1620
f 1139//1621 1140//1621 1141//1621
f 1137//1620 1142//1620 1138//1620
f 1138//1620 1142//1620 1143//1620
f 1138//1622 1143//1622 1139//1622
f 1139//1621 1143//1621 1144//1621
f 1139//1621 1144//1621 1140//1621
f 1145//1623 1139//1623 1146//1623
f 1146//1624 1139//1624 1141//1624
f 1146//1625 1141//1625 1147//1625
f 1133//1626 1148//1626 1136//1626
f 1135//1627 1149//1627 1133//1627
f 1133//1626 1149//1626 1150//1626
f 1133//1628 1150//1628 1148//1628
f 1136//1629 1138//1629 1133//1629
f 1133//1630 1138//1630 1151//1630
f 1133//1619 1151//1619 1134//1619
f 1145//1631 1152//1631 1139//1631
f 1139//1632 1152//1632 1153//1632
f 1139//1633 1153//1633 1138//1633
f 1138//1634 1153//1634 1154//1634
f 1138//1634 1154//1634 1151//1634
f 1155//1635 1156//1635 1157//1635
f 1157//1636 1156//1636 1158//1636
f 1159//1637 1160//1637 1161//1637
f 1161//1638 1160//1638 1162//1638
f 1161//1639 1162//1639 1158//1639
f 1158//1640 1162//1640 1163//1640
f 1158//1641 1163//1641 1157//1641
f 1164//1642 1165//1642 1166//1642
f 1166//1643 1165//1643 1167//1643
f 1167//1644 1165//1644 1168//1644
f 1167//1645 1168//1645 1169//1645
f 1170//1646 1171//1646 1159//1646
f 1159//1647 1171//1647 1172//1647
f 1159//1647 1172//1647 1160//1647
f 1166//1648 1173//1648 1164//1648
f 1164//1648 1173//1648 1174//1648
f 1164//1649 1174//1649 1170//1649
f 1170//1650 1174//1650 1175//1650
f 1170//1651 1175//1651 1171//1651
f 1155//1635 1176//1635 1156//1635
f 1156//1635 1176//1635 1177//1635
f 1156//1652 1177//1652 1178//1652
f 1178//1653 1177//1653 1179//1653
f 1178//1654 1179//1654 1135//1654
f 1135//1655 1179//1655 1180//1655
f 1135//1655 1180//1655 1149//1655
f 1181//1656 1182//1656 1183//1656
f 475//1657 1181//1657 476//1657
f 476//1658 1181//1658 1183//1658
f 476//1659 1183//1659 472//1659
f 1184//1660 1185//1660 1186//1660
f 1186//1661 1185//1661 1187//1661
f 1186//1662 1187//1662 1188//1662
f 1184//1663 1189//1663 1185//1663
f 1185//1660 1189//1660 1190//1660
f 1185//1664 1190//1664 1181//1664
f 1181//1665 1190//1665 1191//1665
f 1181//1666 1191//1666 1182//1666
f 408//1667 1192//1667 474//1667
f 474//1668 1192//1668 1193//1668
f 474//1669 1193//1669 475//1669
f 475//1670 1193//1670 1181//1670
f 1181//1671 1193//1671 1194//1671
f 1181//1672 1194//1672 1185//1672
f 1195//1673 1196//1673 1197//1673
f 1197//1674 1196//1674 1198//1674
f 1197//1675 1198//1675 1187//1675
f 1187//1662 1198//1662 1199//1662
f 1187//1676 1199//1676 1188//1676
f 1195//1677 1197//1677 1200//1677
f 1200//1678 1197//1678 1201//1678
f 1200//1679 1201//1679 1202//1679
f 1203//1680 1204//1680 1205//1680
f 1205//1681 1204//1681 1206//1681
f 1205//1682 1206//1682 1207//1682
f 1203//1680 1208//1680 1204//1680
f 1204//1680 1208//1680 1209//1680
f 1204//1683 1209//1683 1201//1683
f 1201//1679 1209//1679 1210//1679
f 1201//1679 1210//1679 1202//1679
f 1211//1684 1204//1684 1212//1684
f 1212//1685 1204//1685 1201//1685
f 1212//1686 1201//1686 1213//1686
f 1213//1687 1201//1687 1197//1687
f 1147//1688 1214//1688 1146//1688
f 1146//1689 1214//1689 1215//1689
f 1146//1690 1215//1690 1206//1690
f 1206//1682 1215//1682 1216//1682
f 1206//1691 1216//1691 1207//1691
f 1194//1692 1217//1692 1185//1692
f 1185//1692 1217//1692 1218//1692
f 1185//1693 1218//1693 1187//1693
f 1187//1694 1218//1694 1219//1694
f 1187//1695 1219//1695 1197//1695
f 1197//1696 1219//1696 1220//1696
f 1197//1697 1220//1697 1213//1697
f 1221//1698 1222//1698 1223//1698
f 1223//1699 1222//1699 1169//1699
f 1223//1700 1169//1700 1224//1700
f 1224//1701 1169//1701 1168//1701
f 1224//1702 1168//1702 1225//1702
f 1204//1684 1211//1684 1226//1684
f 1204//1703 1226//1703 1206//1703
f 1206//1704 1226//1704 1227//1704
f 1206//1705 1227//1705 1146//1705
f 1146//1706 1227//1706 1228//1706
f 1146//1706 1228//1706 1145//1706
f 1229//1707 1230//1707 1231//1707
f 1136//1708 1148//1708 1232//1708
f 1177//1709 1176//1709 1233//1709
f 1121//1710 1131//1710 1234//1710
f 1128//1711 1126//1711 1235//1711
f 468//1712 470//1712 1236//1712
f 1236//1713 470//1713 473//1713
f 460//1714 465//1714 1237//1714
f 1237//1715 465//1715 467//1715
f 1238//1716 461//1716 460//1716
f 458//1717 464//1717 1239//1717
f 1239//1717 464//1717 463//1717
f 1239//1718 463//1718 1238//1718
f 1238//1719 463//1719 462//1719
f 1238//1719 462//1719 461//1719
f 458//1717 1239//1717 456//1717
f 456//1720 1239//1720 1240//1720
f 456//1721 1240//1721 451//1721
f 449//1722 455//1722 1241//1722
f 1241//1722 455//1722 454//1722
f 1241//1723 454//1723 1240//1723
f 1240//1721 454//1721 452//1721
f 1240//1724 452//1724 451//1724
f 446//1725 444//1725 1242//1725
f 1242//1725 444//1725 443//1725
f 1090//1726 1089//1726 1242//1726
f 1242//1726 1089//1726 1087//1726
f 446//1727 1242//1727 447//1727
f 447//1728 1242//1728 1087//1728
f 447//1729 1087//1729 442//1729
f 1235//1730 1126//1730 1242//1730
f 1242//1731 1126//1731 1125//1731
f 1242//1726 1125//1726 1090//1726
f 1234//1732 1131//1732 1235//1732
f 1235//1733 1131//1733 1130//1733
f 1235//1734 1130//1734 1128//1734
f 1077//1735 1076//1735 1243//1735
f 1243//1736 1076//1736 1124//1736
f 1243//1737 1124//1737 1123//1737
f 1077//1736 1243//1736 1115//1736
f 1115//1738 1243//1738 1244//1738
f 1115//1739 1244//1739 1116//1739
f 1112//1740 1114//1740 1245//1740
f 1245//1741 1114//1741 1119//1741
f 1245//1742 1119//1742 1244//1742
f 1244//1739 1119//1739 1118//1739
f 1244//1739 1118//1739 1116//1739
f 1105//1743 1107//1743 1246//1743
f 1246//1743 1107//1743 1109//1743
f 1246//1744 1109//1744 1245//1744
f 1245//1745 1109//1745 1110//1745
f 1245//1740 1110//1740 1112//1740
f 1105//1746 1246//1746 1100//1746
f 1100//1747 1246//1747 1247//1747
f 1100//1748 1247//1748 1101//1748
f 1101//1748 1247//1748 1103//1748
f 1103//1749 1247//1749 1248//1749
f 1103//1750 1248//1750 1104//1750
f 1249//1751 1097//1751 1248//1751
f 1248//1752 1097//1752 1082//1752
f 1248//1752 1082//1752 1104//1752
f 1092//1753 1099//1753 1249//1753
f 1249//1754 1099//1754 1098//1754
f 1249//1755 1098//1755 1097//1755
f 1250//1756 1251//1756 1252//1756
f 1252//1757 1251//1757 1253//1757
f 1092//1758 1249//1758 1094//1758
f 1094//1759 1249//1759 1252//1759
f 1094//1760 1252//1760 1095//1760
f 1095//1761 1252//1761 1253//1761
f 1095//1762 1253//1762 1096//1762
f 1222//1763 1254//1763 1169//1763
f 1169//1764 1254//1764 1167//1764
f 1167//1765 1254//1765 1166//1765
f 1166//1766 1254//1766 1255//1766
f 1166//1767 1255//1767 1173//1767
f 1171//1768 1175//1768 1255//1768
f 1255//1767 1175//1767 1174//1767
f 1255//1769 1174//1769 1173//1769
f 1256//1770 1162//1770 1257//1770
f 1257//1771 1162//1771 1160//1771
f 1257//1771 1160//1771 1172//1771
f 1176//1772 1155//1772 1233//1772
f 1233//1709 1155//1709 1157//1709
f 1233//1773 1157//1773 1256//1773
f 1256//1774 1157//1774 1163//1774
f 1256//1775 1163//1775 1162//1775
f 1258//1776 1180//1776 1179//1776
f 1148//1708 1150//1708 1232//1708
f 1232//1708 1150//1708 1149//1708
f 1232//1777 1149//1777 1180//1777
f 1137//1778 1136//1778 1259//1778
f 1140//1779 1144//1779 1260//1779
f 1260//1779 1144//1779 1143//1779
f 1260//1780 1143//1780 1259//1780
f 1259//1778 1143//1778 1142//1778
f 1259//1781 1142//1781 1137//1781
f 1215//1782 1214//1782 1261//1782
f 1261//1783 1214//1783 1147//1783
f 1261//1784 1147//1784 1260//1784
f 1260//1785 1147//1785 1141//1785
f 1260//1779 1141//1779 1140//1779
f 1215//1782 1261//1782 1216//1782
f 1216//1786 1261//1786 1262//1786
f 1216//1787 1262//1787 1207//1787
f 1207//1787 1262//1787 1205//1787
f 1205//1788 1262//1788 1263//1788
f 1205//1789 1263//1789 1203//1789
f 1202//1790 1210//1790 1264//1790
f 1264//1790 1210//1790 1209//1790
f 1264//1791 1209//1791 1263//1791
f 1263//1789 1209//1789 1208//1789
f 1263//1792 1208//1792 1203//1792
f 1202//1790 1264//1790 1200//1790
f 1200//1793 1264//1793 1265//1793
f 1200//1794 1265//1794 1195//1794
f 1188//1795 1199//1795 1266//1795
f 1266//1796 1199//1796 1198//1796
f 1266//1797 1198//1797 1265//1797
f 1265//1798 1198//1798 1196//1798
f 1265//1794 1196//1794 1195//1794
f 1188//1796 1266//1796 1186//1796
f 1186//1799 1266//1799 1267//1799
f 1186//1800 1267//1800 1184//1800
f 1182//1801 1236//1801 1183//1801
f 1183//1802 1236//1802 473//1802
f 1183//1803 473//1803 472//1803
f 1182//1804 1191//1804 1236//1804
f 1236//1805 1191//1805 1190//1805
f 1236//1806 1190//1806 1267//1806
f 1267//1807 1190//1807 1189//1807
f 1267//1800 1189//1800 1184//1800
f 1268//1808 1269//1808 1258//1808
f 1268//1809 1258//1809 1270//1809
f 1271//1810 1268//1810 1272//1810
f 1272//1811 1268//1811 1270//1811
f 1272//1812 1270//1812 1273//1812
f 1273//1813 1270//1813 1274//1813
f 1257//1814 1274//1814 1256//1814
f 1256//1815 1274//1815 1270//1815
f 1256//1816 1270//1816 1233//1816
f 1233//1817 1270//1817 1258//1817
f 1233//1818 1258//1818 1177//1818
f 1177//1819 1258//1819 1179//1819
f 1254//1820 1231//1820 1255//1820
f 1255//1821 1231//1821 1275//1821
f 1255//1822 1275//1822 1276//1822
f 1221//1823 1277//1823 1222//1823
f 1222//1823 1277//1823 1278//1823
f 1222//1824 1278//1824 1254//1824
f 1254//1825 1278//1825 1279//1825
f 1254//1826 1279//1826 1231//1826
f 1231//1827 1279//1827 1280//1827
f 1231//1827 1280//1827 1229//1827
f 1269//1828 1268//1828 1281//1828
f 1281//1829 1268//1829 1271//1829
f 1281//1830 1271//1830 1282//1830
f 1282//1831 1271//1831 1283//1831
f 1282//1832 1283//1832 1284//1832
f 1284//1833 1283//1833 1285//1833
f 1284//1834 1285//1834 1286//1834
f 1286//1835 1285//1835 1287//1835
f 1286//1836 1287//1836 1288//1836
f 1288//1837 1287//1837 1289//1837
f 1288//1838 1289//1838 1290//1838
f 1290//1839 1289//1839 1291//1839
f 1290//1840 1291//1840 1292//1840
f 1292//1841 1291//1841 1293//1841
f 1292//1842 1293//1842 1294//1842
f 1136//1843 1232//1843 1259//1843
f 1259//1844 1232//1844 1295//1844
f 1259//1845 1295//1845 1260//1845
f 1260//1846 1295//1846 1296//1846
f 1260//1847 1296//1847 1261//1847
f 1261//1848 1296//1848 1297//1848
f 1261//1849 1297//1849 1262//1849
f 1262//1850 1297//1850 1298//1850
f 1262//1851 1298//1851 1263//1851
f 1263//1852 1298//1852 1299//1852
f 1263//1853 1299//1853 1264//1853
f 1264//1854 1299//1854 1300//1854
f 1264//1855 1300//1855 1265//1855
f 1265//1856 1300//1856 1301//1856
f 1265//1857 1301//1857 1266//1857
f 1266//1858 1301//1858 1302//1858
f 1266//1859 1302//1859 1267//1859
f 1267//1860 1302//1860 1303//1860
f 1267//1861 1303//1861 1236//1861
f 1180//1862 1258//1862 1232//1862
f 1232//1863 1258//1863 1269//1863
f 1232//1864 1269//1864 1295//1864
f 1295//1865 1269//1865 1281//1865
f 1295//1866 1281//1866 1296//1866
f 1296//1867 1281//1867 1282//1867
f 1296//1868 1282//1868 1297//1868
f 1297//1869 1282//1869 1284//1869
f 1297//1870 1284//1870 1298//1870
f 1298//1871 1284//1871 1286//1871
f 1298//1872 1286//1872 1299//1872
f 1299//1873 1286//1873 1288//1873
f 1299//1874 1288//1874 1300//1874
f 1300//1875 1288//1875 1290//1875
f 1300//1876 1290//1876 1301//1876
f 1301//1877 1290//1877 1292//1877
f 1301//1878 1292//1878 1302//1878
f 1302//1879 1292//1879 1294//1879
f 1302//1880 1294//1880 1303//1880
f 1304//1881 1305//1881 1306//1881
f 1306//1882 1305//1882 1307//1882
f 1306//1883 1307//1883 1308//1883
f 1238//1884 1308//1884 1239//1884
f 1239//1885 1308//1885 1307//1885
f 1239//1886 1307//1886 1240//1886
f 1240//1887 1307//1887 1305//1887
f 1240//1888 1305//1888 1241//1888
f 1241//1889 1305//1889 450//1889
f 1241//1722 450//1722 449//1722
f 1309//1890 1234//1890 1310//1890
f 1310//1891 1234//1891 1235//1891
f 1310//1892 1235//1892 1304//1892
f 1304//1893 1235//1893 1242//1893
f 1304//1894 1242//1894 1305//1894
f 1305//1895 1242//1895 443//1895
f 1305//1896 443//1896 450//1896
f 460//1897 1237//1897 1238//1897
f 1238//1898 1237//1898 1311//1898
f 1238//1899 1311//1899 1308//1899
f 1308//1900 1311//1900 1312//1900
f 1308//1901 1312//1901 1306//1901
f 1306//1902 1312//1902 1313//1902
f 1306//1903 1313//1903 1304//1903
f 1304//1904 1313//1904 1314//1904
f 1304//1905 1314//1905 1310//1905
f 1310//1906 1314//1906 1315//1906
f 1310//1907 1315//1907 1309//1907
f 1309//1908 1315//1908 1316//1908
f 1309//1909 1316//1909 1317//1909
f 1317//1910 1316//1910 1318//1910
f 1317//1911 1318//1911 1319//1911
f 1319//1912 1318//1912 1320//1912
f 1319//1913 1320//1913 1321//1913
f 1321//1914 1320//1914 1322//1914
f 1321//1915 1322//1915 1323//1915
f 1323//1916 1322//1916 1324//1916
f 1323//1917 1324//1917 1276//1917
f 1230//1707 1250//1707 1231//1707
f 1231//1918 1250//1918 1252//1918
f 1231//1919 1252//1919 1275//1919
f 1275//1920 1252//1920 1249//1920
f 1275//1921 1249//1921 1276//1921
f 1276//1922 1249//1922 1248//1922
f 1276//1923 1248//1923 1323//1923
f 1323//1924 1248//1924 1247//1924
f 1323//1925 1247//1925 1321//1925
f 1321//1926 1247//1926 1246//1926
f 1321//1927 1246//1927 1319//1927
f 1319//1928 1246//1928 1245//1928
f 1319//1929 1245//1929 1317//1929
f 1317//1930 1245//1930 1244//1930
f 1317//1931 1244//1931 1309//1931
f 1309//1932 1244//1932 1243//1932
f 1309//1933 1243//1933 1234//1933
f 1234//1934 1243//1934 1123//1934
f 1234//1710 1123//1710 1121//1710
f 1172//1771 1171//1771 1257//1771
f 1257//1935 1171//1935 1255//1935
f 1257//1936 1255//1936 1274//1936
f 1274//1937 1255//1937 1276//1937
f 1274//1938 1276//1938 1273//1938
f 1273//1939 1276//1939 1324//1939
f 1273//1940 1324//1940 1272//1940
f 1272//1941 1324//1941 1322//1941
f 1272//1942 1322//1942 1271//1942
f 1271//1943 1322//1943 1320//1943
f 1271//1944 1320//1944 1283//1944
f 1283//1945 1320//1945 1318//1945
f 1283//1946 1318//1946 1285//1946
f 1285//1947 1318//1947 1316//1947
f 1285//1948 1316//1948 1287//1948
f 1287//1949 1316//1949 1315//1949
f 1287//1950 1315//1950 1289//1950
f 1289//1951 1315//1951 1314//1951
f 1289//1952 1314//1952 1291//1952
f 1291//1953 1314//1953 1313//1953
f 1291//1954 1313//1954 1293//1954
f 1293//1955 1313//1955 1312//1955
f 1293//1956 1312//1956 1294//1956
f 1294//1957 1312//1957 1311//1957
f 1294//1958 1311//1958 1303//1958
f 1303//1959 1311//1959 1237//1959
f 1303//1960 1237//1960 1236//1960
f 1236//1961 1237//1961 467//1961
f 1236//1962 467//1962 468//1962
f 1325//1963 1326//1963 1327//1963
f 1218//1964 1217//1964 1328//1964
f 1329//1965 1330//1965 1331//1965
f 1332//1966 1333//1966 1334//1966
f 1335//1967 1336//1967 1337//1967
f 1338//1968 1339//1968 1340//1968
f 1341//1969 1342//1969 1343//1969
f 1344//1970 1345//1970 1346//1970
f 1347//1971 1348//1971 1349//1971
f 1350//1972 1351//1972 1352//1972
f 1145//1973 1228//1973 1353//1973
f 1354//1974 974//1974 973//1974
f 1354//1975 973//1975 1355//1975
f 1355//1976 973//1976 1041//1976
f 1355//1977 1041//1977 1040//1977
f 974//1974 1354//1974 1038//1974
f 1038//1978 1354//1978 1356//1978
f 1038//1979 1356//1979 1036//1979
f 1034//1980 1357//1980 1030//1980
f 1030//1981 1357//1981 1358//1981
f 1034//1982 1033//1982 1357//1982
f 1357//1983 1033//1983 1356//1983
f 1356//1984 1033//1984 1037//1984
f 1356//1979 1037//1979 1036//1979
f 1028//1985 1359//1985 1022//1985
f 1022//1986 1359//1986 1360//1986
f 1028//1987 1027//1987 1359//1987
f 1359//1988 1027//1988 1358//1988
f 1358//1989 1027//1989 1031//1989
f 1358//1990 1031//1990 1030//1990
f 1016//1991 1021//1991 1361//1991
f 1021//1992 1025//1992 1361//1992
f 1361//1993 1025//1993 1360//1993
f 1360//1994 1025//1994 1023//1994
f 1360//1995 1023//1995 1022//1995
f 1019//1996 1017//1996 1362//1996
f 1362//1997 1017//1997 1016//1997
f 1363//1998 1015//1998 1364//1998
f 1364//1999 1015//1999 1019//1999
f 1012//2000 1363//2000 1013//2000
f 1013//2001 1363//2001 1365//2001
f 1012//2002 1011//2002 1363//2002
f 1363//2002 1011//2002 1015//2002
f 1005//2003 1365//2003 1007//2003
f 1007//2004 1365//2004 1366//2004
f 1005//2005 1004//2005 1365//2005
f 1365//2005 1004//2005 1013//2005
f 1009//2006 1008//2006 1366//2006
f 1366//2007 1008//2007 1007//2007
f 1001//2008 1367//2008 1002//2008
f 999//2009 1002//2009 1368//2009
f 997//2010 995//2010 1369//2010
f 1369//2011 995//2011 994//2011
f 993//2012 991//2012 1370//2012
f 1370//2013 991//2013 990//2013
f 989//2014 1371//2014 987//2014
f 981//2015 1372//2015 982//2015
f 1373//2016 978//2016 986//2016
f 324//2017 326//2017 1373//2017
f 1373//2017 326//2017 328//2017
f 1373//2018 328//2018 978//2018
f 978//2019 328//2019 329//2019
f 978//2020 329//2020 979//2020
f 979//2021 329//2021 332//2021
f 1374//2022 1154//2022 1153//2022
f 1375//2023 1134//2023 1151//2023
f 1134//2023 1375//2023 1135//2023
f 1135//2024 1375//2024 1376//2024
f 1135//2025 1376//2025 1178//2025
f 1377//2026 1378//2026 1379//2026
f 1379//2027 1378//2027 1380//2027
f 1379//2028 1380//2028 1353//2028
f 1353//2029 1380//2029 1152//2029
f 1353//2030 1152//2030 1145//2030
f 1381//2031 1382//2031 1383//2031
f 1383//2032 1382//2032 1384//2032
f 1383//2033 1384//2033 1385//2033
f 1385//2034 1384//2034 1386//2034
f 1385//2035 1386//2035 1387//2035
f 1388//2036 1387//2036 1389//2036
f 1389//2037 1387//2037 1386//2037
f 1389//2038 1386//2038 1390//2038
f 1390//2039 1386//2039 1384//2039
f 1390//2040 1384//2040 1391//2040
f 1391//2041 1384//2041 1382//2041
f 1353//2042 1388//2042 1379//2042
f 1379//2043 1388//2043 1389//2043
f 1379//2044 1389//2044 1377//2044
f 1377//2045 1389//2045 1390//2045
f 1377//2046 1390//2046 1392//2046
f 1392//2047 1390//2047 1391//2047
f 1391//2048 1393//2048 1392//2048
f 1392//2049 1393//2049 1394//2049
f 1392//2050 1394//2050 1377//2050
f 1377//2051 1394//2051 1395//2051
f 1377//2052 1395//2052 1378//2052
f 1378//2053 1395//2053 1374//2053
f 1378//2054 1374//2054 1380//2054
f 1380//2055 1374//2055 1153//2055
f 1380//2056 1153//2056 1152//2056
f 1350//2057 1352//2057 1396//2057
f 1159//2058 1161//2058 1397//2058
f 1397//2059 1161//2059 1158//2059
f 1397//2060 1158//2060 1376//2060
f 1376//2061 1158//2061 1156//2061
f 1376//2061 1156//2061 1178//2061
f 1159//2058 1397//2058 1170//2058
f 1170//2062 1397//2062 1398//2062
f 1170//2063 1398//2063 1164//2063
f 1399//2064 1400//2064 1401//2064
f 1401//2064 1400//2064 1402//2064
f 1164//2063 1398//2063 1165//2063
f 1165//2065 1398//2065 1401//2065
f 1165//2066 1401//2066 1168//2066
f 1168//2067 1401//2067 1402//2067
f 1168//2068 1402//2068 1225//2068
f 1403//2069 1401//2069 1404//2069
f 1404//2070 1401//2070 1398//2070
f 1404//2071 1398//2071 1405//2071
f 1405//2072 1398//2072 1397//2072
f 1405//2073 1397//2073 1406//2073
f 1406//2074 1397//2074 1376//2074
f 1406//2075 1376//2075 1395//2075
f 1395//2076 1376//2076 1375//2076
f 1395//2077 1375//2077 1374//2077
f 1374//2078 1375//2078 1151//2078
f 1374//2079 1151//2079 1154//2079
f 1382//2080 1407//2080 1391//2080
f 1391//2081 1407//2081 1408//2081
f 1391//2082 1408//2082 1393//2082
f 1393//2083 1408//2083 1409//2083
f 1393//2084 1409//2084 1394//2084
f 1394//2085 1409//2085 1410//2085
f 1394//2086 1410//2086 1395//2086
f 1395//2087 1410//2087 1411//2087
f 1395//2088 1411//2088 1406//2088
f 1406//2089 1411//2089 1412//2089
f 1406//2090 1412//2090 1405//2090
f 1405//2091 1412//2091 1413//2091
f 1405//2092 1413//2092 1404//2092
f 1404//2093 1413//2093 1414//2093
f 1404//2094 1414//2094 1403//2094
f 1415//2095 1416//2095 1417//2095
f 1396//2096 1352//2096 1418//2096
f 1418//2097 1352//2097 1419//2097
f 1418//2098 1419//2098 1420//2098
f 1420//2099 1419//2099 1421//2099
f 1420//2100 1421//2100 1422//2100
f 1422//2101 1421//2101 1415//2101
f 1422//2102 1415//2102 1423//2102
f 1423//2103 1415//2103 1417//2103
f 1423//2104 1417//2104 1424//2104
f 1407//2105 1351//2105 1408//2105
f 1408//2106 1351//2106 1350//2106
f 1408//2107 1350//2107 1409//2107
f 1409//2108 1350//2108 1396//2108
f 1409//2109 1396//2109 1410//2109
f 1410//2110 1396//2110 1418//2110
f 1410//2111 1418//2111 1411//2111
f 1411//2112 1418//2112 1420//2112
f 1411//2113 1420//2113 1412//2113
f 1412//2114 1420//2114 1422//2114
f 1412//2115 1422//2115 1413//2115
f 1413//2116 1422//2116 1423//2116
f 1413//2117 1423//2117 1414//2117
f 1414//2118 1423//2118 1424//2118
f 1414//2119 1424//2119 1425//2119
f 1425//2119 1426//2119 1414//2119
f 1414//2119 1426//2119 1427//2119
f 1414//2120 1427//2120 1403//2120
f 1403//2121 1427//2121 1428//2121
f 1403//2122 1428//2122 1401//2122
f 1401//2123 1428//2123 1429//2123
f 1401//2123 1429//2123 1399//2123
f 1430//2124 1348//2124 1431//2124
f 1431//2125 1348//2125 1347//2125
f 1431//2126 1347//2126 1432//2126
f 1346//2127 1345//2127 1433//2127
f 1433//2128 1345//2128 1434//2128
f 1433//2129 1434//2129 1435//2129
f 1435//2130 1434//2130 1436//2130
f 1435//2131 1436//2131 1437//2131
f 1437//2132 1436//2132 1438//2132
f 1437//2133 1438//2133 1439//2133
f 1440//2134 1441//2134 1442//2134
f 1443//2135 1444//2135 1438//2135
f 1438//2136 1444//2136 1445//2136
f 1438//2136 1445//2136 1439//2136
f 1345//2137 1441//2137 1434//2137
f 1434//2138 1441//2138 1440//2138
f 1434//2139 1440//2139 1436//2139
f 1436//2140 1440//2140 1446//2140
f 1436//2141 1446//2141 1438//2141
f 1438//2142 1446//2142 1447//2142
f 1438//2143 1447//2143 1443//2143
f 1439//2144 1448//2144 1437//2144
f 1437//2145 1448//2145 1449//2145
f 1437//2145 1449//2145 1450//2145
f 1451//2146 1452//2146 1453//2146
f 1453//2147 1452//2147 1454//2147
f 1453//2148 1454//2148 1455//2148
f 1455//2149 1454//2149 1456//2149
f 1455//2150 1456//2150 1457//2150
f 1457//2151 1456//2151 1458//2151
f 1457//2152 1458//2152 1459//2152
f 1459//2153 1458//2153 1460//2153
f 1001//2008 1009//2008 1367//2008
f 1367//2154 1009//2154 1366//2154
f 1367//2155 1366//2155 1461//2155
f 1461//2156 1366//2156 1365//2156
f 1461//2157 1365//2157 1451//2157
f 1451//2158 1365//2158 1363//2158
f 1451//2159 1363//2159 1452//2159
f 1452//2160 1363//2160 1364//2160
f 1452//2161 1364//2161 1454//2161
f 1454//2162 1364//2162 1462//2162
f 1454//2163 1462//2163 1456//2163
f 1456//2164 1462//2164 1463//2164
f 1456//2165 1463//2165 1458//2165
f 1458//2166 1463//2166 1464//2166
f 1458//2167 1464//2167 1460//2167
f 1364//2168 1019//2168 1362//2168
f 1364//2169 1362//2169 1462//2169
f 1462//2170 1362//2170 1465//2170
f 1462//2171 1465//2171 1463//2171
f 1463//2172 1465//2172 1466//2172
f 1463//2173 1466//2173 1464//2173
f 1341//2174 1343//2174 1467//2174
f 1336//1967 1467//1967 1337//1967
f 1337//2175 1467//2175 1343//2175
f 1337//2176 1343//2176 1468//2176
f 1468//2177 1343//2177 1469//2177
f 1468//2178 1469//2178 1470//2178
f 1470//2179 1469//2179 1471//2179
f 1470//2180 1471//2180 1472//2180
f 1472//2181 1471//2181 1473//2181
f 1472//2182 1473//2182 1474//2182
f 1355//2183 1338//2183 1354//2183
f 1354//2184 1338//2184 1340//2184
f 1354//2185 1340//2185 1356//2185
f 1356//2186 1340//2186 1475//2186
f 1356//2187 1475//2187 1357//2187
f 1357//2188 1475//2188 1476//2188
f 1357//2189 1476//2189 1358//2189
f 1358//2190 1476//2190 1477//2190
f 1358//2191 1477//2191 1359//2191
f 1359//2192 1477//2192 1478//2192
f 1359//2193 1478//2193 1360//2193
f 1360//2194 1478//2194 1479//2194
f 1360//2195 1479//2195 1361//2195
f 1339//1968 1335//1968 1340//1968
f 1340//2196 1335//2196 1337//2196
f 1340//2197 1337//2197 1475//2197
f 1475//2198 1337//2198 1468//2198
f 1475//2199 1468//2199 1476//2199
f 1476//2200 1468//2200 1470//2200
f 1476//2201 1470//2201 1477//2201
f 1477//2202 1470//2202 1472//2202
f 1477//2203 1472//2203 1478//2203
f 1478//2204 1472//2204 1474//2204
f 1478//2205 1474//2205 1479//2205
f 362//2206 1480//2206 396//2206
f 396//2207 1480//2207 1481//2207
f 396//2208 1481//2208 397//2208
f 397//2208 1481//2208 398//2208
f 1482//2209 1334//2209 1480//2209
f 1480//2210 1334//2210 1333//2210
f 1480//2211 1333//2211 1481//2211
f 362//2206 361//2206 1480//2206
f 1480//2206 361//2206 360//2206
f 1480//2212 360//2212 1482//2212
f 1482//2213 360//2213 359//2213
f 1482//2214 359//2214 309//2214
f 308//2215 307//2215 1483//2215
f 1483//2216 307//2216 315//2216
f 1484//2217 1332//2217 1485//2217
f 1485//2218 1332//2218 1334//2218
f 1485//2219 1334//2219 1486//2219
f 1486//2220 1334//2220 1482//2220
f 1486//2221 1482//2221 1483//2221
f 1483//2222 1482//2222 309//2222
f 1483//2215 309//2215 308//2215
f 1330//2223 1329//2223 1487//2223
f 1487//2224 1329//2224 1488//2224
f 1487//2225 1488//2225 1489//2225
f 1490//2226 1491//2226 1492//2226
f 1492//2227 1491//2227 1493//2227
f 1492//2228 1493//2228 1349//2228
f 1349//2229 1493//2229 1494//2229
f 1349//2230 1494//2230 1347//2230
f 1347//2231 1494//2231 1495//2231
f 1347//2232 1495//2232 1432//2232
f 1432//2233 1495//2233 1496//2233
f 1497//2234 314//2234 320//2234
f 1497//2235 320//2235 1498//2235
f 1498//2236 320//2236 319//2236
f 1498//2236 319//2236 317//2236
f 1330//2237 1497//2237 1331//2237
f 1331//2238 1497//2238 1498//2238
f 1331//2239 1498//2239 1499//2239
f 1499//2240 1498//2240 1500//2240
f 317//2241 316//2241 1498//2241
f 1498//2241 316//2241 323//2241
f 1498//2242 323//2242 1500//2242
f 1500//2243 323//2243 322//2243
f 1500//2243 322//2243 324//2243
f 324//2244 1373//2244 1500//2244
f 1500//2245 1373//2245 1501//2245
f 1500//2246 1501//2246 1499//2246
f 1499//2247 1501//2247 1502//2247
f 1499//2248 1502//2248 1331//2248
f 1331//2249 1502//2249 1503//2249
f 1331//2250 1503//2250 1329//2250
f 1329//2251 1503//2251 1504//2251
f 1329//2252 1504//2252 1488//2252
f 1488//2253 1504//2253 1505//2253
f 1488//2254 1505//2254 1489//2254
f 981//2015 987//2015 1372//2015
f 1372//2255 987//2255 1371//2255
f 1372//2256 1371//2256 1506//2256
f 1506//2257 1371//2257 1507//2257
f 1506//2258 1507//2258 1508//2258
f 1508//2259 1507//2259 1509//2259
f 1508//2260 1509//2260 1510//2260
f 1510//2261 1509//2261 1511//2261
f 1510//2262 1511//2262 1512//2262
f 989//2014 993//2014 1371//2014
f 1371//2263 993//2263 1370//2263
f 1371//2264 1370//2264 1507//2264
f 1507//2265 1370//2265 1513//2265
f 1507//2266 1513//2266 1509//2266
f 1509//2267 1513//2267 1514//2267
f 1509//2268 1514//2268 1511//2268
f 1511//2269 1514//2269 1515//2269
f 1511//2270 1515//2270 1512//2270
f 990//2271 997//2271 1370//2271
f 1370//2272 997//2272 1369//2272
f 1370//2273 1369//2273 1513//2273
f 1513//2274 1369//2274 1516//2274
f 1513//2275 1516//2275 1514//2275
f 1514//2276 1516//2276 1517//2276
f 1514//2277 1517//2277 1515//2277
f 1515//2278 1517//2278 1518//2278
f 1515//2279 1518//2279 1519//2279
f 1519//2280 1518//2280 1520//2280
f 1519//2281 1520//2281 1521//2281
f 1521//2282 1520//2282 1522//2282
f 1521//2283 1522//2283 1523//2283
f 1368//2284 1002//2284 1367//2284
f 1368//2285 1367//2285 1524//2285
f 1524//2286 1367//2286 1461//2286
f 1524//2287 1461//2287 1525//2287
f 1525//2288 1461//2288 1451//2288
f 1525//2289 1451//2289 1526//2289
f 1526//2290 1451//2290 1453//2290
f 1526//2291 1453//2291 1527//2291
f 1527//2292 1453//2292 1455//2292
f 1527//2293 1455//2293 1528//2293
f 1528//2294 1455//2294 1457//2294
f 1528//2295 1457//2295 1529//2295
f 1529//2296 1457//2296 1459//2296
f 994//2011 999//2011 1369//2011
f 1369//2297 999//2297 1368//2297
f 1369//2298 1368//2298 1516//2298
f 1516//2299 1368//2299 1524//2299
f 1516//2300 1524//2300 1517//2300
f 1517//2301 1524//2301 1525//2301
f 1517//2302 1525//2302 1518//2302
f 1518//2303 1525//2303 1526//2303
f 1518//2304 1526//2304 1520//2304
f 1520//2305 1526//2305 1527//2305
f 1520//2306 1527//2306 1522//2306
f 1522//2307 1527//2307 1528//2307
f 1522//2308 1528//2308 1523//2308
f 1523//2309 1528//2309 1529//2309
f 1523//2310 1529//2310 1344//2310
f 1344//2311 1529//2311 1459//2311
f 1344//2312 1459//2312 1345//2312
f 1345//2313 1459//2313 1460//2313
f 1345//2314 1460//2314 1441//2314
f 1441//2315 1460//2315 1464//2315
f 1441//2316 1464//2316 1442//2316
f 1442//2317 1464//2317 1466//2317
f 984//2318 982//2318 1530//2318
f 1530//2319 982//2319 1372//2319
f 1530//2320 1372//2320 1531//2320
f 1531//2321 1372//2321 1506//2321
f 1531//2322 1506//2322 1532//2322
f 1532//2323 1506//2323 1508//2323
f 1532//2324 1508//2324 1533//2324
f 1533//2325 1508//2325 1510//2325
f 1533//2326 1510//2326 1534//2326
f 1534//2327 1510//2327 1512//2327
f 1534//2328 1512//2328 1490//2328
f 1490//2329 1512//2329 1515//2329
f 1490//2330 1515//2330 1491//2330
f 1491//2331 1515//2331 1519//2331
f 1491//2332 1519//2332 1493//2332
f 1493//2333 1519//2333 1521//2333
f 1493//2334 1521//2334 1494//2334
f 1494//2335 1521//2335 1523//2335
f 1494//2336 1523//2336 1495//2336
f 1495//2337 1523//2337 1344//2337
f 1495//2338 1344//2338 1496//2338
f 1496//2339 1344//2339 1346//2339
f 407//2340 374//2340 1535//2340
f 408//2341 407//2341 1192//2341
f 1192//2342 407//2342 1535//2342
f 1192//2343 1535//2343 1193//2343
f 1193//2343 1535//2343 1194//2343
f 379//2344 1536//2344 376//2344
f 376//2345 1536//2345 1535//2345
f 376//2346 1535//2346 373//2346
f 373//2346 1535//2346 374//2346
f 379//2344 378//2344 1536//2344
f 1536//2347 378//2347 384//2347
f 1536//2348 384//2348 1537//2348
f 384//2349 383//2349 1537//2349
f 1537//2349 383//2349 381//2349
f 1537//2350 381//2350 1538//2350
f 388//2351 1539//2351 389//2351
f 389//2352 1539//2352 1538//2352
f 389//2353 1538//2353 380//2353
f 380//2353 1538//2353 381//2353
f 388//2351 386//2351 1539//2351
f 1539//2351 386//2351 385//2351
f 1539//2354 385//2354 1540//2354
f 385//2355 390//2355 1540//2355
f 1540//2355 390//2355 392//2355
f 1540//2356 392//2356 1541//2356
f 1541//2357 392//2357 393//2357
f 1541//2358 393//2358 395//2358
f 1541//2359 1542//2359 1540//2359
f 1540//2360 1542//2360 1543//2360
f 1540//2361 1543//2361 1539//2361
f 1539//2362 1543//2362 1544//2362
f 1539//2363 1544//2363 1538//2363
f 1538//2364 1544//2364 1545//2364
f 1538//2365 1545//2365 1537//2365
f 1537//2366 1545//2366 1546//2366
f 1537//2367 1546//2367 1536//2367
f 1536//2368 1546//2368 1547//2368
f 1536//2369 1547//2369 1535//2369
f 1535//2370 1547//2370 1328//2370
f 1535//2371 1328//2371 1194//2371
f 1194//1964 1328//1964 1217//1964
f 1219//2372 1218//2372 1548//2372
f 1548//2373 1218//2373 1328//2373
f 1548//2374 1328//2374 1549//2374
f 1549//2375 1328//2375 1547//2375
f 1549//2376 1547//2376 1550//2376
f 1550//2377 1547//2377 1546//2377
f 1550//2378 1546//2378 1551//2378
f 1551//2379 1546//2379 1545//2379
f 1551//2380 1545//2380 1552//2380
f 1552//2381 1545//2381 1544//2381
f 1552//2382 1544//2382 1553//2382
f 1553//2383 1544//2383 1543//2383
f 1553//2384 1543//2384 1554//2384
f 1554//2385 1543//2385 1542//2385
f 1212//2386 1327//2386 1211//2386
f 1212//2387 1213//2387 1327//2387
f 1327//2388 1213//2388 1555//2388
f 1556//2389 1557//2389 1558//2389
f 1558//2390 1557//2390 1559//2390
f 1558//2391 1559//2391 1555//2391
f 1211//2386 1327//2386 1226//2386
f 1226//2392 1327//2392 1326//2392
f 1226//2393 1326//2393 1227//2393
f 1555//2394 1559//2394 1327//2394
f 1327//2395 1559//2395 1560//2395
f 1327//2396 1560//2396 1325//2396
f 1213//2397 1220//2397 1555//2397
f 1555//2398 1220//2398 1561//2398
f 1555//2399 1561//2399 1558//2399
f 1558//2400 1561//2400 1562//2400
f 1558//2401 1562//2401 1556//2401
f 1556//2402 1562//2402 1563//2402
f 1556//2403 1563//2403 1564//2403
f 1564//2404 1563//2404 1565//2404
f 1564//2405 1565//2405 1566//2405
f 1566//2406 1565//2406 1567//2406
f 1566//2407 1567//2407 1568//2407
f 1568//2408 1567//2408 1569//2408
f 1568//2409 1569//2409 1484//2409
f 1484//2410 1570//2410 1568//2410
f 1568//2411 1570//2411 1571//2411
f 1568//2412 1571//2412 1566//2412
f 1566//2413 1571//2413 1572//2413
f 1566//2414 1572//2414 1564//2414
f 1564//2415 1572//2415 1573//2415
f 1564//2416 1573//2416 1556//2416
f 1556//2417 1573//2417 1574//2417
f 1556//2418 1574//2418 1557//2418
f 1557//2419 1574//2419 1575//2419
f 1557//2420 1575//2420 1559//2420
f 1559//2421 1575//2421 1576//2421
f 1559//2422 1576//2422 1560//2422
f 1228//2423 1227//2423 1353//2423
f 1353//2424 1227//2424 1326//2424
f 1353//2425 1326//2425 1388//2425
f 1388//2426 1326//2426 1325//2426
f 1388//2427 1325//2427 1387//2427
f 1387//2428 1325//2428 1560//2428
f 1387//2429 1560//2429 1385//2429
f 1385//2430 1560//2430 1576//2430
f 1385//2431 1576//2431 1383//2431
f 1383//2432 1576//2432 1575//2432
f 1383//2433 1575//2433 1381//2433
f 1381//2434 1575//2434 1574//2434
f 1381//2435 1574//2435 1577//2435
f 1577//2436 1574//2436 1573//2436
f 1577//2437 1573//2437 1578//2437
f 1578//2438 1573//2438 1572//2438
f 1578//2439 1572//2439 1579//2439
f 1579//2440 1572//2440 1571//2440
f 1579//2441 1571//2441 1580//2441
f 1580//2442 1571//2442 1570//2442
f 1580//2443 1570//2443 1505//2443
f 1505//2444 1570//2444 1484//2444
f 1505//2445 1484//2445 1489//2445
f 1489//2446 1484//2446 1485//2446
f 1489//2447 1485//2447 1487//2447
f 1487//2448 1485//2448 1486//2448
f 1487//2449 1486//2449 1330//2449
f 1330//2450 1486//2450 1483//2450
f 1330//2451 1483//2451 1497//2451
f 1497//2452 1483//2452 315//2452
f 1497//2234 315//2234 314//2234
f 1220//2453 1219//2453 1561//2453
f 1561//2454 1219//2454 1548//2454
f 1561//2455 1548//2455 1562//2455
f 1562//2456 1548//2456 1549//2456
f 1562//2457 1549//2457 1563//2457
f 1563//2458 1549//2458 1550//2458
f 1563//2459 1550//2459 1565//2459
f 1565//2460 1550//2460 1551//2460
f 1565//2461 1551//2461 1567//2461
f 1567//2462 1551//2462 1552//2462
f 1567//2463 1552//2463 1569//2463
f 1569//2464 1552//2464 1553//2464
f 1569//2465 1553//2465 1484//2465
f 1484//2466 1553//2466 1554//2466
f 1484//2467 1554//2467 1332//2467
f 1332//2468 1554//2468 1542//2468
f 1332//2469 1542//2469 1333//2469
f 1333//2470 1542//2470 1541//2470
f 1333//2471 1541//2471 1481//2471
f 1481//2472 1541//2472 395//2472
f 1481//2208 395//2208 398//2208
f 1581//2473 1582//2473 1447//2473
f 1447//2474 1582//2474 1583//2474
f 1447//2474 1583//2474 1443//2474
f 1342//2475 1581//2475 1343//2475
f 1343//2476 1581//2476 1447//2476
f 1343//2477 1447//2477 1469//2477
f 1469//2478 1447//2478 1446//2478
f 1469//2479 1446//2479 1471//2479
f 1471//2480 1446//2480 1440//2480
f 1471//2481 1440//2481 1473//2481
f 1473//2482 1440//2482 1442//2482
f 1473//2483 1442//2483 1474//2483
f 1474//2484 1442//2484 1466//2484
f 1474//2485 1466//2485 1479//2485
f 1479//2486 1466//2486 1465//2486
f 1479//2487 1465//2487 1361//2487
f 1361//2488 1465//2488 1362//2488
f 1361//2489 1362//2489 1016//2489
f 986//2490 984//2490 1373//2490
f 1373//2491 984//2491 1530//2491
f 1373//2492 1530//2492 1501//2492
f 1501//2493 1530//2493 1531//2493
f 1501//2494 1531//2494 1502//2494
f 1502//2495 1531//2495 1532//2495
f 1502//2496 1532//2496 1503//2496
f 1503//2497 1532//2497 1533//2497
f 1503//2498 1533//2498 1504//2498
f 1504//2499 1533//2499 1534//2499
f 1504//2500 1534//2500 1505//2500
f 1505//2501 1534//2501 1490//2501
f 1505//2502 1490//2502 1580//2502
f 1580//2503 1490//2503 1492//2503
f 1580//2504 1492//2504 1579//2504
f 1579//2505 1492//2505 1349//2505
f 1579//2506 1349//2506 1578//2506
f 1578//2507 1349//2507 1348//2507
f 1578//2508 1348//2508 1577//2508
f 1577//2509 1348//2509 1430//2509
f 1577//2510 1430//2510 1381//2510
f 1381//2511 1430//2511 1431//2511
f 1381//2512 1431//2512 1382//2512
f 1382//2513 1431//2513 1432//2513
f 1382//2514 1432//2514 1407//2514
f 1407//2515 1432//2515 1496//2515
f 1407//2516 1496//2516 1351//2516
f 1351//2517 1496//2517 1346//2517
f 1351//2518 1346//2518 1352//2518
f 1352//2519 1346//2519 1433//2519
f 1352//2520 1433//2520 1419//2520
f 1419//2521 1433//2521 1435//2521
f 1419//2522 1435//2522 1421//2522
f 1421//2523 1435//2523 1437//2523
f 1421//2524 1437//2524 1415//2524
f 1415//2525 1437//2525 1450//2525
f 1415//2526 1450//2526 1416//2526
f 607//2527 610//2527 1584//2527
f 1585//2528 1586//2528 1587//2528
f 830//2529 824//2529 1587//2529
f 1588//2530 1589//2530 1590//2530
f 1591//2531 1592//2531 1593//2531
f 1594//2532 1595//2532 1596//2532
f 1596//2533 1595//2533 1597//2533
f 1598//2534 1599//2534 1594//2534
f 1594//2535 1599//2535 1600//2535
f 1594//2536 1600//2536 1595//2536
f 1596//2537 1040//2537 1594//2537
f 1594//2538 1040//2538 1039//2538
f 1594//2538 1039//2538 1042//2538
f 1042//2538 971//2538 1594//2538
f 1594//2539 971//2539 1601//2539
f 1594//2540 1601//2540 1598//2540
f 1598//2541 1601//2541 1602//2541
f 1592//2531 1603//2531 1593//2531
f 1593//2542 1603//2542 1604//2542
f 1593//2543 1604//2543 1601//2543
f 1601//2544 1604//2544 1605//2544
f 1601//2541 1605//2541 1602//2541
f 793//2545 1593//2545 791//2545
f 791//2546 1593//2546 1601//2546
f 791//2547 1601//2547 970//2547
f 970//2547 1601//2547 971//2547
f 793//2545 794//2545 1593//2545
f 1593//2548 794//2548 724//2548
f 1593//2549 724//2549 1606//2549
f 1606//2550 724//2550 723//2550
f 1606//2551 723//2551 1607//2551
f 1591//2531 1593//2531 1608//2531
f 1608//2552 1593//2552 1606//2552
f 1608//2553 1606//2553 1609//2553
f 1609//2554 1606//2554 1607//2554
f 1609//2555 1607//2555 1610//2555
f 1610//2555 1607//2555 1611//2555
f 1611//2556 1607//2556 1612//2556
f 1611//2557 1612//2557 1613//2557
f 964//2558 1612//2558 788//2558
f 788//2559 1612//2559 1607//2559
f 788//2560 1607//2560 789//2560
f 789//2560 1607//2560 723//2560
f 1613//2561 1612//2561 1614//2561
f 1614//2562 1612//2562 1615//2562
f 1614//2563 1615//2563 1616//2563
f 966//2564 1615//2564 967//2564
f 967//2565 1615//2565 1612//2565
f 967//2566 1612//2566 963//2566
f 963//2566 1612//2566 964//2566
f 1589//2530 1617//2530 1590//2530
f 1590//2530 1617//2530 1618//2530
f 1590//2567 1618//2567 1615//2567
f 1615//2568 1618//2568 1619//2568
f 1615//2563 1619//2563 1616//2563
f 966//2569 835//2569 1615//2569
f 1615//2570 835//2570 1590//2570
f 1590//2571 835//2571 833//2571
f 1590//2571 833//2571 831//2571
f 831//2572 830//2572 1590//2572
f 1590//2573 830//2573 1587//2573
f 1590//2574 1587//2574 1588//2574
f 1588//2575 1587//2575 1586//2575
f 824//2529 823//2529 1587//2529
f 1587//2576 823//2576 1620//2576
f 1587//2577 1620//2577 1585//2577
f 1621//2578 1622//2578 1623//2578
f 1623//2578 1622//2578 1624//2578
f 1623//2579 1624//2579 1620//2579
f 1620//2580 1624//2580 1625//2580
f 1620//2581 1625//2581 1585//2581
f 823//2582 829//2582 1620//2582
f 1620//2582 829//2582 827//2582
f 1620//2583 827//2583 1623//2583
f 1623//2584 827//2584 826//2584
f 1623//2584 826//2584 849//2584
f 1626//2585 1627//2585 1628//2585
f 1628//2586 1627//2586 1629//2586
f 1628//2587 1629//2587 1623//2587
f 1623//2588 1629//2588 1621//2588
f 849//2589 852//2589 1623//2589
f 1623//2589 852//2589 851//2589
f 1623//2590 851//2590 1628//2590
f 1628//2591 851//2591 850//2591
f 1628//2591 850//2591 847//2591
f 847//2592 846//2592 1628//2592
f 1628//2593 846//2593 1630//2593
f 1628//2594 1630//2594 1626//2594
f 1626//2595 1630//2595 1631//2595
f 1631//2595 1630//2595 1632//2595
f 1632//2596 1630//2596 1633//2596
f 1632//2597 1633//2597 1634//2597
f 846//2598 845//2598 1630//2598
f 1630//2598 845//2598 664//2598
f 1630//2599 664//2599 1633//2599
f 1633//2600 664//2600 663//2600
f 1633//2601 663//2601 705//2601
f 1635//2602 1636//2602 1584//2602
f 1584//2603 1636//2603 1637//2603
f 1584//2604 1637//2604 1633//2604
f 1633//2597 1637//2597 1638//2597
f 1633//2605 1638//2605 1634//2605
f 705//2601 613//2601 1633//2601
f 1633//2606 613//2606 612//2606
f 1633//2607 612//2607 1584//2607
f 1584//2608 612//2608 608//2608
f 1584//2609 608//2609 607//2609
f 1639//2610 1640//2610 1641//2610
f 1639//2611 1641//2611 1584//2611
f 1584//2602 1641//2602 1642//2602
f 1584//2602 1642//2602 1635//2602
f 610//2527 556//2527 1584//2527
f 1584//2612 556//2612 555//2612
f 1584//2613 555//2613 1639//2613
f 1639//2614 555//2614 562//2614
f 1639//2615 562//2615 1132//2615
f 1132//2616 1084//2616 1639//2616
f 1639//2617 1084//2617 1083//2617
f 1639//2618 1083//2618 1096//2618
f 1643//2619 1644//2619 1645//2619
f 1639//2620 1096//2620 1253//2620
f 1639//2621 1253//2621 1645//2621
f 1640//2622 1639//2622 1646//2622
f 1646//2623 1639//2623 1645//2623
f 1646//2624 1645//2624 1647//2624
f 1647//2619 1645//2619 1644//2619
f 1648//2625 1649//2625 1650//2625
f 1650//2626 1649//2626 1596//2626
f 1650//2627 1596//2627 1597//2627
f 1040//2628 1596//2628 1355//2628
f 1355//2629 1596//2629 1649//2629
f 1355//2630 1649//2630 1338//2630
f 1338//2630 1649//2630 1339//2630
f 1643//2619 1645//2619 1651//2619
f 1651//2631 1645//2631 1652//2631
f 1651//2632 1652//2632 1653//2632
f 1253//2633 1251//2633 1645//2633
f 1645//2633 1251//2633 1250//2633
f 1645//2634 1250//2634 1652//2634
f 1652//2635 1250//2635 1230//2635
f 1652//2636 1230//2636 1229//2636
f 1654//2637 1655//2637 1656//2637
f 1656//2638 1655//2638 1657//2638
f 1656//2639 1657//2639 1652//2639
f 1652//2640 1657//2640 1658//2640
f 1652//2641 1658//2641 1653//2641
f 1278//2642 1656//2642 1279//2642
f 1279//2643 1656//2643 1652//2643
f 1279//2644 1652//2644 1280//2644
f 1280//2644 1652//2644 1229//2644
f 1659//2645 1660//2645 1656//2645
f 1656//2637 1660//2637 1661//2637
f 1656//2637 1661//2637 1654//2637
f 1278//2646 1277//2646 1656//2646
f 1656//2646 1277//2646 1221//2646
f 1656//2647 1221//2647 1659//2647
f 1662//2648 1663//2648 1659//2648
f 1659//2649 1663//2649 1664//2649
f 1659//2649 1664//2649 1660//2649
f 1221//2650 1223//2650 1659//2650
f 1659//2651 1223//2651 1224//2651
f 1659//2652 1224//2652 1662//2652
f 1224//2653 1225//2653 1662//2653
f 1662//2654 1225//2654 1402//2654
f 1662//2655 1402//2655 1665//2655
f 1665//2656 1402//2656 1400//2656
f 1666//2657 1667//2657 1668//2657
f 1668//2658 1667//2658 1669//2658
f 1668//2659 1669//2659 1665//2659
f 1665//2660 1669//2660 1670//2660
f 1665//2661 1670//2661 1662//2661
f 1662//2662 1670//2662 1671//2662
f 1662//2662 1671//2662 1663//2662
f 1400//2656 1399//2656 1665//2656
f 1665//2663 1399//2663 1429//2663
f 1665//2664 1429//2664 1668//2664
f 1668//2665 1429//2665 1428//2665
f 1668//2665 1428//2665 1427//2665
f 1427//2666 1426//2666 1668//2666
f 1668//2667 1426//2667 1425//2667
f 1668//2668 1425//2668 1672//2668
f 1672//2669 1425//2669 1424//2669
f 1672//2670 1424//2670 1673//2670
f 1673//2671 1674//2671 1672//2671
f 1672//2672 1674//2672 1675//2672
f 1672//2673 1675//2673 1668//2673
f 1668//2674 1675//2674 1676//2674
f 1668//2658 1676//2658 1666//2658
f 1677//2675 1678//2675 1679//2675
f 1679//2676 1678//2676 1680//2676
f 1679//2677 1680//2677 1673//2677
f 1673//2678 1680//2678 1681//2678
f 1673//2679 1681//2679 1674//2679
f 1424//2680 1417//2680 1673//2680
f 1673//2680 1417//2680 1416//2680
f 1673//2681 1416//2681 1679//2681
f 1679//2682 1416//2682 1450//2682
f 1679//2682 1450//2682 1449//2682
f 1449//2682 1448//2682 1679//2682
f 1679//2683 1448//2683 1682//2683
f 1679//2684 1682//2684 1677//2684
f 1677//2685 1682//2685 1683//2685
f 1683//2685 1682//2685 1684//2685
f 1684//2686 1682//2686 1685//2686
f 1684//2687 1685//2687 1686//2687
f 1448//2688 1439//2688 1682//2688
f 1682//2689 1439//2689 1445//2689
f 1682//2690 1445//2690 1685//2690
f 1685//2691 1445//2691 1444//2691
f 1685//2692 1444//2692 1443//2692
f 1687//2693 1688//2693 1685//2693
f 1685//2694 1688//2694 1689//2694
f 1685//2687 1689//2687 1686//2687
f 1581//2695 1687//2695 1582//2695
f 1582//2696 1687//2696 1685//2696
f 1582//2692 1685//2692 1583//2692
f 1583//2692 1685//2692 1443//2692
f 1690//2697 1687//2697 1691//2697
f 1690//2698 1692//2698 1687//2698
f 1687//2699 1692//2699 1693//2699
f 1687//2700 1693//2700 1688//2700
f 1581//2701 1342//2701 1687//2701
f 1687//2695 1342//2695 1341//2695
f 1687//2702 1341//2702 1691//2702
f 1648//2703 1694//2703 1649//2703
f 1649//2703 1694//2703 1695//2703
f 1649//2704 1695//2704 1691//2704
f 1691//2705 1695//2705 1690//2705
f 1341//2706 1467//2706 1691//2706
f 1691//2706 1467//2706 1336//2706
f 1691//2707 1336//2707 1649//2707
f 1649//2708 1336//2708 1335//2708
f 1649//2630 1335//2630 1339//2630
f 1696//2709 1697//2709 1698//2709
f 1699//2710 1700//2710 1701//2710
f 1702//2711 1703//2711 1704//2711
f 1705//2712 1706//2712 1707//2712
f 1708//2713 1709//2713 1710//2713
f 1711//2714 1712//2714 1713//2714
f 1714//2715 1715//2715 1716//2715
f 1717//2716 1718//2716 1719//2716
f 1719//2717 1718//2717 1720//2717
f 1719//2718 1720//2718 1721//2718
f 1713//2719 1722//2719 1723//2719
f 1724//2720 1725//2720 1726//2720
f 1726//2721 1725//2721 1727//2721
f 1726//2722 1727//2722 1728//2722
f 1722//2719 1713//2719 1726//2719
f 1726//2723 1713//2723 1712//2723
f 1726//2724 1712//2724 1724//2724
f 1729//2725 1730//2725 1731//2725
f 1731//2726 1730//2726 1732//2726
f 1731//2727 1732//2727 1733//2727
f 1734//2728 1735//2728 1736//2728
f 1736//2729 1735//2729 1737//2729
f 1736//2730 1737//2730 1732//2730
f 1732//2727 1737//2727 1738//2727
f 1732//2727 1738//2727 1733//2727
f 1739//2731 1740//2731 1741//2731
f 1741//2731 1740//2731 1742//2731
f 1741//2732 1742//2732 1736//2732
f 1736//2733 1742//2733 1743//2733
f 1736//2733 1743//2733 1734//2733
f 1744//2734 1745//2734 1746//2734
f 1746//2734 1745//2734 1747//2734
f 1746//2735 1747//2735 1741//2735
f 1741//2736 1747//2736 1748//2736
f 1741//2731 1748//2731 1739//2731
f 1749//2737 1750//2737 1751//2737
f 1749//2738 1751//2738 1746//2738
f 1746//2739 1751//2739 1752//2739
f 1746//2734 1752//2734 1744//2734
f 1753//2740 1754//2740 1755//2740
f 1755//2740 1754//2740 1756//2740
f 1755//2741 1756//2741 1749//2741
f 1749//2742 1756//2742 1757//2742
f 1749//2737 1757//2737 1750//2737
f 1758//2743 1753//2743 1759//2743
f 1759//2744 1753//2744 1755//2744
f 1759//2745 1755//2745 1760//2745
f 1760//2746 1755//2746 1761//2746
f 1762//2747 1763//2747 1759//2747
f 1759//2743 1763//2743 1764//2743
f 1759//2748 1764//2748 1758//2748
f 1765//2749 1766//2749 1767//2749
f 1767//2749 1766//2749 1768//2749
f 1767//2749 1768//2749 1769//2749
f 1770//2750 1771//2750 1772//2750
f 1773//2751 1774//2751 1770//2751
f 1770//2750 1774//2750 1775//2750
f 1770//2750 1775//2750 1771//2750
f 1776//2752 1777//2752 1778//2752
f 1778//2752 1777//2752 1779//2752
f 1778//2752 1779//2752 1773//2752
f 1780//2753 1781//2753 1782//2753
f 1782//2753 1781//2753 1783//2753
f 1782//2754 1783//2754 1784//2754
f 1785//2755 1786//2755 1787//2755
f 1787//2755 1786//2755 1788//2755
f 1787//2755 1788//2755 1780//2755
f 1789//2756 1790//2756 1710//2756
f 1710//2757 1790//2757 1791//2757
f 1709//2713 1792//2713 1710//2713
f 1710//2758 1792//2758 1793//2758
f 1710//2757 1793//2757 1789//2757
f 1794//2759 1795//2759 1796//2759
f 1796//2759 1795//2759 1797//2759
f 1796//2760 1797//2760 1710//2760
f 1710//2761 1797//2761 1798//2761
f 1710//2713 1798//2713 1708//2713
f 1794//2759 1796//2759 1799//2759
f 1799//2762 1796//2762 1800//2762
f 1799//2763 1800//2763 1801//2763
f 1802//2764 1803//2764 1804//2764
f 1804//2765 1803//2765 1805//2765
f 1804//2766 1805//2766 1800//2766
f 1800//2763 1805//2763 1806//2763
f 1800//2763 1806//2763 1801//2763
f 1802//2765 1804//2765 1807//2765
f 1807//2767 1804//2767 1808//2767
f 1807//2768 1808//2768 1809//2768
f 1810//2769 1811//2769 1812//2769
f 1812//2770 1811//2770 1813//2770
f 1812//2771 1813//2771 1808//2771
f 1808//2768 1813//2768 1814//2768
f 1808//2768 1814//2768 1809//2768
f 1815//2772 1816//2772 1812//2772
f 1812//2773 1816//2773 1817//2773
f 1812//2769 1817//2769 1810//2769
f 1818//2774 1819//2774 1815//2774
f 1815//2775 1819//2775 1820//2775
f 1815//2774 1820//2774 1816//2774
f 1821//2776 1822//2776 1823//2776
f 1823//2777 1822//2777 1824//2777
f 1823//2777 1824//2777 1825//2777
f 1705//2778 1707//2778 1826//2778
f 1827//2779 1699//2779 1828//2779
f 1828//2780 1699//2780 1701//2780
f 1828//2781 1701//2781 1829//2781
f 1829//2782 1701//2782 1830//2782
f 1829//2783 1830//2783 1831//2783
f 1831//2784 1830//2784 1832//2784
f 1831//2785 1832//2785 1833//2785
f 1833//2786 1832//2786 1834//2786
f 1833//2787 1834//2787 1835//2787
f 1835//2788 1834//2788 1836//2788
f 1835//2789 1836//2789 1837//2789
f 1837//2790 1836//2790 1838//2790
f 1837//2791 1838//2791 1839//2791
f 1839//2792 1838//2792 1840//2792
f 1839//2793 1840//2793 1719//2793
f 1719//2794 1840//2794 1713//2794
f 1719//2795 1713//2795 1717//2795
f 1717//2719 1713//2719 1723//2719
f 1697//2796 1761//2796 1698//2796
f 1698//2797 1761//2797 1755//2797
f 1698//2798 1755//2798 1841//2798
f 1841//2799 1755//2799 1749//2799
f 1841//2800 1749//2800 1842//2800
f 1842//2801 1749//2801 1746//2801
f 1842//2802 1746//2802 1843//2802
f 1843//2803 1746//2803 1741//2803
f 1843//2804 1741//2804 1844//2804
f 1844//2805 1741//2805 1736//2805
f 1844//2806 1736//2806 1845//2806
f 1845//2807 1736//2807 1732//2807
f 1845//2808 1732//2808 1846//2808
f 1846//2809 1732//2809 1730//2809
f 1846//2810 1730//2810 1847//2810
f 1847//2811 1730//2811 1729//2811
f 1700//2812 1696//2812 1701//2812
f 1701//2813 1696//2813 1698//2813
f 1701//2814 1698//2814 1830//2814
f 1830//2815 1698//2815 1841//2815
f 1830//2816 1841//2816 1832//2816
f 1832//2817 1841//2817 1842//2817
f 1832//2818 1842//2818 1834//2818
f 1834//2819 1842//2819 1843//2819
f 1834//2820 1843//2820 1836//2820
f 1836//2821 1843//2821 1844//2821
f 1836//2822 1844//2822 1838//2822
f 1838//2823 1844//2823 1845//2823
f 1838//2824 1845//2824 1840//2824
f 1840//2825 1845//2825 1846//2825
f 1840//2826 1846//2826 1713//2826
f 1713//2827 1846//2827 1847//2827
f 1713//2828 1847//2828 1711//2828
f 1827//2829 1848//2829 1849//2829
f 1850//2830 1851//2830 1852//2830
f 1825//2777 1818//2777 1823//2777
f 1823//2831 1818//2831 1815//2831
f 1823//2832 1815//2832 1853//2832
f 1827//2833 1849//2833 1699//2833
f 1699//2834 1849//2834 1854//2834
f 1699//2835 1854//2835 1700//2835
f 1700//2836 1854//2836 1855//2836
f 1700//2837 1855//2837 1696//2837
f 1696//2838 1855//2838 1856//2838
f 1696//2839 1856//2839 1697//2839
f 1697//2840 1856//2840 1857//2840
f 1697//2841 1857//2841 1761//2841
f 1761//2842 1857//2842 1858//2842
f 1761//2843 1858//2843 1760//2843
f 1760//2844 1858//2844 1859//2844
f 1760//2845 1859//2845 1759//2845
f 1759//2846 1859//2846 1860//2846
f 1759//2847 1860//2847 1762//2847
f 1773//2848 1770//2848 1778//2848
f 1778//2849 1770//2849 1861//2849
f 1778//2850 1861//2850 1862//2850
f 1862//2851 1861//2851 1863//2851
f 1862//2852 1863//2852 1864//2852
f 1864//2853 1863//2853 1865//2853
f 1864//2854 1865//2854 1866//2854
f 1866//2855 1865//2855 1867//2855
f 1866//2856 1867//2856 1868//2856
f 1868//2857 1867//2857 1869//2857
f 1868//2858 1869//2858 1870//2858
f 1870//2859 1869//2859 1871//2859
f 1870//2860 1871//2860 1872//2860
f 1872//2861 1871//2861 1873//2861
f 1872//2862 1873//2862 1850//2862
f 1850//2863 1852//2863 1872//2863
f 1872//2864 1852//2864 1874//2864
f 1872//2865 1874//2865 1870//2865
f 1870//2866 1874//2866 1875//2866
f 1870//2867 1875//2867 1868//2867
f 1868//2868 1875//2868 1876//2868
f 1868//2869 1876//2869 1866//2869
f 1866//2870 1876//2870 1877//2870
f 1866//2871 1877//2871 1864//2871
f 1864//2872 1877//2872 1878//2872
f 1864//2873 1878//2873 1862//2873
f 1862//2874 1878//2874 1782//2874
f 1862//2875 1782//2875 1778//2875
f 1778//2876 1782//2876 1784//2876
f 1778//2877 1784//2877 1776//2877
f 1780//2878 1782//2878 1787//2878
f 1787//2879 1782//2879 1878//2879
f 1787//2880 1878//2880 1879//2880
f 1879//2881 1878//2881 1877//2881
f 1879//2882 1877//2882 1880//2882
f 1880//2883 1877//2883 1876//2883
f 1880//2884 1876//2884 1881//2884
f 1881//2885 1876//2885 1875//2885
f 1881//2886 1875//2886 1882//2886
f 1882//2887 1875//2887 1874//2887
f 1882//2888 1874//2888 1883//2888
f 1883//2889 1874//2889 1852//2889
f 1883//2890 1852//2890 1884//2890
f 1884//2891 1852//2891 1851//2891
f 1884//2892 1851//2892 1853//2892
f 1853//2893 1815//2893 1884//2893
f 1884//2894 1815//2894 1812//2894
f 1884//2895 1812//2895 1883//2895
f 1883//2896 1812//2896 1808//2896
f 1883//2897 1808//2897 1882//2897
f 1882//2898 1808//2898 1804//2898
f 1882//2899 1804//2899 1881//2899
f 1881//2900 1804//2900 1800//2900
f 1881//2901 1800//2901 1880//2901
f 1880//2902 1800//2902 1796//2902
f 1880//2903 1796//2903 1879//2903
f 1879//2904 1796//2904 1710//2904
f 1879//2905 1710//2905 1787//2905
f 1787//2906 1710//2906 1791//2906
f 1787//2907 1791//2907 1785//2907
f 1885//2908 1586//2908 1886//2908
f 1886//2909 1586//2909 1585//2909
f 1886//2910 1585//2910 1625//2910
f 1625//2911 1624//2911 1886//2911
f 1886//2912 1624//2912 1622//2912
f 1886//2913 1622//2913 1887//2913
f 1887//2914 1622//2914 1621//2914
f 1888//2915 1889//2915 1890//2915
f 1890//2916 1889//2916 1891//2916
f 1890//2917 1891//2917 1892//2917
f 1892//2918 1891//2918 1893//2918
f 1892//2919 1893//2919 1894//2919
f 1894//2920 1893//2920 1895//2920
f 1894//2921 1895//2921 1896//2921
f 1896//2922 1895//2922 1897//2922
f 1896//2923 1897//2923 1898//2923
f 1898//2924 1897//2924 1899//2924
f 1898//2925 1899//2925 1900//2925
f 1900//2926 1899//2926 1901//2926
f 1900//2927 1901//2927 1902//2927
f 1902//2928 1901//2928 1903//2928
f 1902//2929 1903//2929 1904//2929
f 1904//2930 1903//2930 1905//2930
f 1904//2931 1905//2931 1767//2931
f 1767//2932 1905//2932 1906//2932
f 1767//2933 1906//2933 1765//2933
f 1888//2934 1890//2934 1907//2934
f 1907//2935 1890//2935 1892//2935
f 1907//2936 1892//2936 1848//2936
f 1848//2937 1892//2937 1894//2937
f 1848//2938 1894//2938 1849//2938
f 1849//2939 1894//2939 1896//2939
f 1849//2940 1896//2940 1854//2940
f 1854//2941 1896//2941 1898//2941
f 1854//2942 1898//2942 1855//2942
f 1855//2943 1898//2943 1900//2943
f 1855//2944 1900//2944 1856//2944
f 1856//2945 1900//2945 1902//2945
f 1856//2946 1902//2946 1857//2946
f 1857//2947 1902//2947 1904//2947
f 1857//2948 1904//2948 1858//2948
f 1858//2949 1904//2949 1767//2949
f 1858//2950 1767//2950 1859//2950
f 1859//2951 1767//2951 1769//2951
f 1859//2952 1769//2952 1860//2952
f 1629//2953 1627//2953 1908//2953
f 1908//2954 1627//2954 1626//2954
f 1908//2955 1626//2955 1909//2955
f 1909//2956 1626//2956 1631//2956
f 1909//2957 1631//2957 1910//2957
f 1910//2958 1631//2958 1632//2958
f 1640//2959 1702//2959 1641//2959
f 1641//2960 1702//2960 1704//2960
f 1641//2961 1704//2961 1642//2961
f 1642//2962 1704//2962 1911//2962
f 1642//2963 1911//2963 1635//2963
f 1632//2964 1634//2964 1910//2964
f 1910//2964 1634//2964 1638//2964
f 1910//2965 1638//2965 1912//2965
f 1912//2966 1638//2966 1637//2966
f 1912//2967 1637//2967 1911//2967
f 1911//2968 1637//2968 1636//2968
f 1911//2963 1636//2963 1635//2963
f 1888//2969 1908//2969 1889//2969
f 1889//2970 1908//2970 1909//2970
f 1889//2971 1909//2971 1913//2971
f 1913//2972 1909//2972 1910//2972
f 1913//2973 1910//2973 1914//2973
f 1914//2974 1910//2974 1912//2974
f 1914//2975 1912//2975 1915//2975
f 1915//2976 1912//2976 1911//2976
f 1915//2977 1911//2977 1707//2977
f 1707//2978 1911//2978 1704//2978
f 1707//2979 1704//2979 1826//2979
f 1826//2980 1704//2980 1703//2980
f 1706//2778 1821//2778 1707//2778
f 1707//2981 1821//2981 1823//2981
f 1707//2982 1823//2982 1915//2982
f 1915//2983 1823//2983 1853//2983
f 1915//2984 1853//2984 1914//2984
f 1914//2985 1853//2985 1851//2985
f 1914//2986 1851//2986 1913//2986
f 1913//2987 1851//2987 1850//2987
f 1913//2988 1850//2988 1889//2988
f 1889//2989 1850//2989 1873//2989
f 1889//2990 1873//2990 1891//2990
f 1891//2991 1873//2991 1871//2991
f 1891//2992 1871//2992 1893//2992
f 1893//2993 1871//2993 1869//2993
f 1893//2994 1869//2994 1895//2994
f 1895//2995 1869//2995 1867//2995
f 1895//2996 1867//2996 1897//2996
f 1897//2997 1867//2997 1865//2997
f 1897//2998 1865//2998 1899//2998
f 1899//2999 1865//2999 1863//2999
f 1899//3000 1863//3000 1901//3000
f 1901//3001 1863//3001 1861//3001
f 1901//3002 1861//3002 1903//3002
f 1903//3003 1861//3003 1770//3003
f 1903//3004 1770//3004 1905//3004
f 1905//3005 1770//3005 1772//3005
f 1905//3006 1772//3006 1906//3006
f 1916//3007 1917//3007 1918//3007
f 1918//3008 1917//3008 1597//3008
f 1918//3009 1597//3009 1595//3009
f 1595//3009 1600//3009 1918//3009
f 1918//3010 1600//3010 1599//3010
f 1918//3011 1599//3011 1919//3011
f 1920//3012 1603//3012 1592//3012
f 1920//3013 1592//3013 1921//3013
f 1616//3014 1619//3014 1922//3014
f 1922//3015 1619//3015 1618//3015
f 1922//3016 1618//3016 1923//3016
f 1609//3017 1924//3017 1608//3017
f 1608//3018 1924//3018 1921//3018
f 1608//3019 1921//3019 1591//3019
f 1591//3019 1921//3019 1592//3019
f 1609//3020 1610//3020 1924//3020
f 1924//3020 1610//3020 1611//3020
f 1924//3021 1611//3021 1925//3021
f 1925//3022 1611//3022 1613//3022
f 1925//3023 1613//3023 1614//3023
f 1599//3024 1598//3024 1919//3024
f 1919//3024 1598//3024 1602//3024
f 1919//3025 1602//3025 1926//3025
f 1926//3026 1602//3026 1605//3026
f 1926//3027 1605//3027 1920//3027
f 1920//3028 1605//3028 1604//3028
f 1920//3028 1604//3028 1603//3028
f 1927//3029 1928//3029 1918//3029
f 1918//3007 1928//3007 1929//3007
f 1918//3030 1929//3030 1916//3030
f 1715//3031 1927//3031 1716//3031
f 1716//3032 1927//3032 1918//3032
f 1716//3033 1918//3033 1930//3033
f 1930//3034 1918//3034 1919//3034
f 1930//3035 1919//3035 1931//3035
f 1931//3036 1919//3036 1926//3036
f 1931//3037 1926//3037 1932//3037
f 1932//3038 1926//3038 1920//3038
f 1932//3039 1920//3039 1933//3039
f 1933//3040 1920//3040 1921//3040
f 1933//3041 1921//3041 1934//3041
f 1934//3042 1921//3042 1924//3042
f 1934//3043 1924//3043 1935//3043
f 1935//3044 1924//3044 1925//3044
f 1935//3045 1925//3045 1936//3045
f 1887//3046 1937//3046 1886//3046
f 1886//3047 1937//3047 1938//3047
f 1886//3048 1938//3048 1885//3048
f 1885//3049 1938//3049 1939//3049
f 1885//3050 1939//3050 1923//3050
f 1923//3051 1939//3051 1936//3051
f 1923//3052 1936//3052 1922//3052
f 1922//3053 1936//3053 1925//3053
f 1922//3054 1925//3054 1616//3054
f 1616//3023 1925//3023 1614//3023
f 1618//3055 1617//3055 1923//3055
f 1923//3055 1617//3055 1589//3055
f 1923//3056 1589//3056 1885//3056
f 1885//3057 1589//3057 1588//3057
f 1885//3058 1588//3058 1586//3058
f 1721//3059 1714//3059 1719//3059
f 1719//3060 1714//3060 1716//3060
f 1719//3061 1716//3061 1839//3061
f 1839//3062 1716//3062 1930//3062
f 1839//3063 1930//3063 1837//3063
f 1837//3064 1930//3064 1931//3064
f 1837//3065 1931//3065 1835//3065
f 1835//3066 1931//3066 1932//3066
f 1835//3067 1932//3067 1833//3067
f 1833//3068 1932//3068 1933//3068
f 1833//3069 1933//3069 1831//3069
f 1831//3070 1933//3070 1934//3070
f 1831//3071 1934//3071 1829//3071
f 1829//3072 1934//3072 1935//3072
f 1829//3073 1935//3073 1828//3073
f 1828//3074 1935//3074 1936//3074
f 1828//3075 1936//3075 1827//3075
f 1827//3076 1936//3076 1939//3076
f 1827//3077 1939//3077 1848//3077
f 1848//3078 1939//3078 1938//3078
f 1848//3079 1938//3079 1907//3079
f 1907//3080 1938//3080 1937//3080
f 1907//3081 1937//3081 1888//3081
f 1888//3082 1937//3082 1887//3082
f 1888//3083 1887//3083 1908//3083
f 1908//3084 1887//3084 1621//3084
f 1908//2953 1621//2953 1629//2953
f 1940//3085 1941//3085 1942//3085
f 1943//3086 1944//3086 1945//3086
f 1946//3087 1947//3087 1948//3087
f 1947//3088 1946//3088 1949//3088
f 1950//3089 1951//3089 1952//3089
f 1953//3090 1954//3090 1955//3090
f 1795//3091 1794//3091 1956//3091
f 1801//3092 1806//3092 1957//3092
f 1803//3093 1802//3093 1958//3093
f 1809//3094 1814//3094 1959//3094
f 1718//3095 1717//3095 1960//3095
f 1722//3096 1726//3096 1961//3096
f 1962//3097 1723//3097 1722//3097
f 1728//3098 1963//3098 1726//3098
f 1726//3099 1963//3099 1964//3099
f 1726//3100 1964//3100 1961//3100
f 1718//3101 1960//3101 1720//3101
f 1927//3102 1715//3102 1965//3102
f 1965//3103 1715//3103 1714//3103
f 1965//3104 1714//3104 1721//3104
f 1597//3105 1917//3105 1966//3105
f 1966//3106 1917//3106 1916//3106
f 1966//3107 1916//3107 1929//3107
f 1646//3108 1967//3108 1640//3108
f 1640//3109 1967//3109 1702//3109
f 1705//3110 1826//3110 1967//3110
f 1967//3109 1826//3109 1703//3109
f 1967//3111 1703//3111 1702//3111
f 1821//3112 1706//3112 1968//3112
f 1821//3113 1968//3113 1822//3113
f 1950//3114 1818//3114 1951//3114
f 1951//3115 1818//3115 1825//3115
f 1951//3116 1825//3116 1824//3116
f 1816//3117 1820//3117 1950//3117
f 1950//3117 1820//3117 1819//3117
f 1950//3117 1819//3117 1818//3117
f 1813//3118 1811//3118 1969//3118
f 1969//3119 1811//3119 1810//3119
f 1969//3119 1810//3119 1817//3119
f 1809//3120 1959//3120 1807//3120
f 1803//3093 1958//3093 1805//3093
f 1801//3092 1957//3092 1799//3092
f 1795//3091 1956//3091 1797//3091
f 1709//3121 1708//3121 1955//3121
f 1955//3122 1708//3122 1798//3122
f 1970//3123 1792//3123 1709//3123
f 1954//3090 1971//3090 1955//3090
f 1955//3124 1971//3124 1972//3124
f 1955//3125 1972//3125 1709//3125
f 1709//3126 1972//3126 1973//3126
f 1709//3126 1973//3126 1970//3126
f 1974//3127 1975//3127 1976//3127
f 1976//3128 1975//3128 1977//3128
f 1976//3128 1977//3128 1978//3128
f 1979//3129 1980//3129 1981//3129
f 1981//3129 1980//3129 1982//3129
f 1981//3129 1982//3129 1983//3129
f 1984//3130 1985//3130 1986//3130
f 1986//3130 1985//3130 1987//3130
f 1988//3131 1989//3131 1990//3131
f 1990//3131 1989//3131 1991//3131
f 1990//3131 1991//3131 1992//3131
f 1993//3132 1994//3132 1995//3132
f 1995//3132 1994//3132 1996//3132
f 1997//3133 1998//3133 1999//3133
f 1997//3134 1999//3134 1995//3134
f 1995//3135 1999//3135 2000//3135
f 1995//3132 2000//3132 1993//3132
f 2001//3136 2002//3136 2003//3136
f 2004//3137 2005//3137 2006//3137
f 2006//3137 2005//3137 2007//3137
f 2006//3138 2007//3138 2001//3138
f 2001//3136 2007//3136 2008//3136
f 2001//3139 2008//3139 2002//3139
f 2004//3140 2006//3140 2009//3140
f 2009//3141 2006//3141 2010//3141
f 2009//3142 2010//3142 2011//3142
f 2011//3143 2010//3143 2012//3143
f 2011//3144 2012//3144 2013//3144
f 2014//3145 2015//3145 2016//3145
f 2016//3145 2015//3145 2017//3145
f 2016//3146 2017//3146 2012//3146
f 2012//3147 2017//3147 2018//3147
f 2012//3148 2018//3148 2013//3148
f 2019//3149 2020//3149 2021//3149
f 2019//3150 2021//3150 2022//3150
f 2021//3151 2023//3151 2022//3151
f 2022//3152 2023//3152 2024//3152
f 2022//3153 2024//3153 2016//3153
f 2016//3154 2024//3154 2025//3154
f 2016//3145 2025//3145 2014//3145
f 2026//3155 2027//3155 2028//3155
f 2028//3155 2027//3155 2029//3155
f 2028//3156 2029//3156 2019//3156
f 2019//3157 2029//3157 2030//3157
f 2019//3149 2030//3149 2020//3149
f 2026//3155 2028//3155 2031//3155
f 2031//3158 2028//3158 2032//3158
f 2031//3159 2032//3159 2033//3159
f 2034//3160 2035//3160 2032//3160
f 2032//3159 2035//3159 2036//3159
f 2032//3159 2036//3159 2033//3159
f 1722//3161 1961//3161 1962//3161
f 1962//3162 1961//3162 2037//3162
f 1962//3163 2037//3163 2038//3163
f 1817//3164 1816//3164 1969//3164
f 1969//3165 1816//3165 1950//3165
f 1969//3166 1950//3166 2039//3166
f 2039//3167 1950//3167 1952//3167
f 2039//3168 1952//3168 2040//3168
f 1814//3120 1813//3120 1959//3120
f 1959//3118 1813//3118 1969//3118
f 1959//3169 1969//3169 2041//3169
f 2041//3170 1969//3170 2039//3170
f 2041//3171 2039//3171 2042//3171
f 2042//3172 2039//3172 2040//3172
f 2042//3173 2040//3173 2043//3173
f 1802//3093 1807//3093 1958//3093
f 1958//3174 1807//3174 1959//3174
f 1958//3175 1959//3175 2044//3175
f 2044//3176 1959//3176 2041//3176
f 2044//3177 2041//3177 2045//3177
f 2045//3178 2041//3178 2042//3178
f 2045//3179 2042//3179 2046//3179
f 2046//3180 2042//3180 2043//3180
f 2046//3181 2043//3181 2047//3181
f 1806//3092 1805//3092 1957//3092
f 1957//3182 1805//3182 1958//3182
f 1957//3183 1958//3183 2048//3183
f 2048//3184 1958//3184 2044//3184
f 2048//3185 2044//3185 2049//3185
f 2049//3186 2044//3186 2045//3186
f 2049//3187 2045//3187 2050//3187
f 2050//3188 2045//3188 2046//3188
f 2050//3189 2046//3189 2051//3189
f 2051//3190 2046//3190 2047//3190
f 2051//3191 2047//3191 2052//3191
f 2052//3192 2053//3192 2051//3192
f 2051//3193 2053//3193 2054//3193
f 2051//3194 2054//3194 2050//3194
f 2050//3195 2054//3195 2055//3195
f 2050//3196 2055//3196 2049//3196
f 2049//3197 2055//3197 2056//3197
f 2049//3198 2056//3198 2048//3198
f 2048//3199 2056//3199 2057//3199
f 2048//3200 2057//3200 1957//3200
f 1957//3201 2057//3201 1956//3201
f 1957//3202 1956//3202 1799//3202
f 1799//3091 1956//3091 1794//3091
f 1798//3203 1797//3203 1955//3203
f 1955//3204 1797//3204 1956//3204
f 1955//3205 1956//3205 2058//3205
f 2058//3206 1956//3206 2057//3206
f 2058//3207 2057//3207 2059//3207
f 2059//3208 2057//3208 2056//3208
f 2059//3209 2056//3209 2060//3209
f 2060//3210 2056//3210 2055//3210
f 2060//3211 2055//3211 2061//3211
f 2061//3212 2055//3212 2054//3212
f 2061//3213 2054//3213 2062//3213
f 2062//3214 2054//3214 2053//3214
f 2062//3215 2053//3215 1946//3215
f 1946//3216 2053//3216 2052//3216
f 1946//3217 2052//3217 1949//3217
f 1944//3218 1943//3218 2063//3218
f 2063//3219 1943//3219 2064//3219
f 2063//3220 2064//3220 2065//3220
f 2065//3221 2064//3221 2066//3221
f 2065//3222 2066//3222 2067//3222
f 2067//3223 2066//3223 2068//3223
f 2067//3224 2068//3224 2069//3224
f 2069//3225 2068//3225 2070//3225
f 2069//3226 2070//3226 2071//3226
f 2071//3227 2070//3227 2072//3227
f 2071//3228 2072//3228 2073//3228
f 2073//3229 2072//3229 1981//3229
f 2073//3230 1981//3230 1976//3230
f 1976//3231 1981//3231 1983//3231
f 1976//3232 1983//3232 1974//3232
f 1941//3233 1940//3233 2074//3233
f 2074//3234 1940//3234 2075//3234
f 2074//3235 2075//3235 2076//3235
f 2076//3236 2075//3236 2077//3236
f 2076//3237 2077//3237 2078//3237
f 2078//3238 2077//3238 2079//3238
f 2078//3239 2079//3239 2080//3239
f 2080//3240 2079//3240 1990//3240
f 2080//3241 1990//3241 1986//3241
f 1986//3242 1990//3242 1992//3242
f 1986//3130 1992//3130 1984//3130
f 2003//3243 1998//3243 2001//3243
f 2001//3244 1998//3244 1997//3244
f 2001//3245 1997//3245 2081//3245
f 2081//3246 1997//3246 1995//3246
f 1721//3104 1720//3104 1965//3104
f 1965//3247 1720//3247 1960//3247
f 1965//3248 1960//3248 2082//3248
f 2082//3249 1960//3249 2083//3249
f 2082//3250 2083//3250 2084//3250
f 2084//3251 2083//3251 2085//3251
f 2084//3252 2085//3252 2086//3252
f 2086//3253 2085//3253 2087//3253
f 2086//3254 2087//3254 2088//3254
f 2088//3255 2087//3255 2089//3255
f 2088//3256 2089//3256 2090//3256
f 2090//3257 2089//3257 2091//3257
f 2090//3258 2091//3258 2092//3258
f 2092//3259 2091//3259 2093//3259
f 2092//3260 2093//3260 2094//3260
f 2094//3261 2093//3261 1945//3261
f 2094//3262 1945//3262 2095//3262
f 2095//3263 1945//3263 1944//3263
f 2095//3264 1944//3264 1948//3264
f 1948//3265 1944//3265 2063//3265
f 1948//3266 2063//3266 1946//3266
f 1946//3267 2063//3267 2065//3267
f 1946//3268 2065//3268 2062//3268
f 2062//3269 2065//3269 2067//3269
f 2062//3270 2067//3270 2061//3270
f 2061//3271 2067//3271 2069//3271
f 2061//3272 2069//3272 2060//3272
f 2060//3273 2069//3273 2071//3273
f 2060//3274 2071//3274 2059//3274
f 2059//3275 2071//3275 2073//3275
f 2059//3276 2073//3276 2058//3276
f 2058//3277 2073//3277 1976//3277
f 2058//3278 1976//3278 1955//3278
f 1955//3279 1976//3279 1978//3279
f 1955//3090 1978//3090 1953//3090
f 1717//3095 1723//3095 1960//3095
f 1960//3280 1723//3280 1962//3280
f 1960//3281 1962//3281 2083//3281
f 2083//3282 1962//3282 2038//3282
f 2083//3283 2038//3283 2085//3283
f 2085//3284 2038//3284 2096//3284
f 2085//3285 2096//3285 2087//3285
f 2087//3286 2096//3286 2097//3286
f 2087//3287 2097//3287 2089//3287
f 2089//3288 2097//3288 2098//3288
f 2089//3289 2098//3289 2091//3289
f 2091//3290 2098//3290 2099//3290
f 2091//3291 2099//3291 2093//3291
f 2093//3292 2099//3292 2100//3292
f 2093//3293 2100//3293 1945//3293
f 1945//3294 2100//3294 1942//3294
f 1945//3295 1942//3295 1943//3295
f 1943//3296 1942//3296 1941//3296
f 1943//3297 1941//3297 2064//3297
f 2064//3298 1941//3298 2074//3298
f 2064//3299 2074//3299 2066//3299
f 2066//3300 2074//3300 2076//3300
f 2066//3301 2076//3301 2068//3301
f 2068//3302 2076//3302 2078//3302
f 2068//3303 2078//3303 2070//3303
f 2070//3304 2078//3304 2080//3304
f 2070//3305 2080//3305 2072//3305
f 2072//3306 2080//3306 1986//3306
f 2072//3307 1986//3307 1981//3307
f 1981//3308 1986//3308 1987//3308
f 1981//3309 1987//3309 1979//3309
f 2037//3310 2034//3310 2038//3310
f 2038//3311 2034//3311 2032//3311
f 2038//3312 2032//3312 2096//3312
f 2096//3313 2032//3313 2028//3313
f 2096//3314 2028//3314 2097//3314
f 2097//3315 2028//3315 2019//3315
f 2097//3316 2019//3316 2098//3316
f 2098//3317 2019//3317 2022//3317
f 2098//3318 2022//3318 2099//3318
f 2099//3319 2022//3319 2016//3319
f 2099//3320 2016//3320 2100//3320
f 2100//3321 2016//3321 2012//3321
f 2100//3322 2012//3322 1942//3322
f 1942//3323 2012//3323 2010//3323
f 1942//3324 2010//3324 1940//3324
f 1940//3325 2010//3325 2006//3325
f 1940//3326 2006//3326 2075//3326
f 2075//3327 2006//3327 2001//3327
f 2075//3328 2001//3328 2077//3328
f 2077//3329 2001//3329 2081//3329
f 2077//3330 2081//3330 2079//3330
f 2079//3331 2081//3331 1995//3331
f 2079//3332 1995//3332 1990//3332
f 1990//3333 1995//3333 1996//3333
f 1990//3334 1996//3334 1988//3334
f 1680//3335 2101//3335 1681//3335
f 1681//3336 2101//3336 2102//3336
f 1681//3337 2102//3337 1674//3337
f 1680//3338 1678//3338 2103//3338
f 1678//3339 1677//3339 2103//3339
f 2103//3339 1677//3339 1683//3339
f 2103//3340 1683//3340 2104//3340
f 1688//3341 2105//3341 2106//3341
f 1683//3342 1684//3342 2104//3342
f 2104//3343 1684//3343 1686//3343
f 2104//3344 1686//3344 2106//3344
f 2106//3345 1686//3345 1689//3345
f 2106//3346 1689//3346 1688//3346
f 2107//3347 2108//3347 1695//3347
f 1695//3348 1694//3348 2107//3348
f 2107//3348 1694//3348 1648//3348
f 2107//3349 1648//3349 1966//3349
f 1966//3350 1648//3350 1650//3350
f 1966//3350 1650//3350 1597//3350
f 1688//3351 1693//3351 2105//3351
f 2105//3351 1693//3351 1692//3351
f 2105//3352 1692//3352 2109//3352
f 2109//3353 1692//3353 1690//3353
f 2109//3354 1690//3354 2108//3354
f 2108//3355 1690//3355 1695//3355
f 2110//3356 2103//3356 2111//3356
f 2111//3357 2103//3357 2104//3357
f 2111//3358 2104//3358 2112//3358
f 2112//3359 2104//3359 2106//3359
f 2112//3360 2106//3360 2113//3360
f 2113//3361 2106//3361 2105//3361
f 2113//3362 2105//3362 2114//3362
f 2114//3363 2105//3363 2109//3363
f 2114//3364 2109//3364 2115//3364
f 2115//3365 2109//3365 2108//3365
f 2115//3366 2108//3366 2116//3366
f 2116//3367 2108//3367 2107//3367
f 2116//3368 2107//3368 2117//3368
f 2117//3369 2107//3369 1966//3369
f 2117//3370 1966//3370 1928//3370
f 1928//3106 1966//3106 1929//3106
f 1651//3371 2118//3371 1643//3371
f 1643//3372 2118//3372 2119//3372
f 1643//3373 2119//3373 1644//3373
f 1644//3374 2119//3374 1967//3374
f 1644//3375 1967//3375 1647//3375
f 1647//3376 1967//3376 1646//3376
f 1655//3377 1654//3377 2120//3377
f 2120//3378 1654//3378 2121//3378
f 1667//3379 2122//3379 2123//3379
f 1663//3380 1671//3380 2124//3380
f 2124//3381 1671//3381 1670//3381
f 2124//3382 1670//3382 2123//3382
f 2123//3383 1670//3383 1669//3383
f 2123//3383 1669//3383 1667//3383
f 1654//3384 1661//3384 2121//3384
f 2121//3384 1661//3384 1660//3384
f 2121//3385 1660//3385 2124//3385
f 2124//3381 1660//3381 1664//3381
f 2124//3381 1664//3381 1663//3381
f 1651//3386 1653//3386 2118//3386
f 2118//3371 1653//3371 1658//3371
f 2118//3387 1658//3387 2120//3387
f 2120//3388 1658//3388 1657//3388
f 2120//3389 1657//3389 1655//3389
f 2124//3390 2125//3390 2121//3390
f 2121//3391 2125//3391 2126//3391
f 2121//3392 2126//3392 2120//3392
f 2120//3393 2126//3393 2127//3393
f 2120//3394 2127//3394 2118//3394
f 2118//3395 2127//3395 2128//3395
f 2118//3396 2128//3396 2119//3396
f 2119//3397 2128//3397 2129//3397
f 2119//3398 2129//3398 1967//3398
f 1967//3399 2129//3399 1968//3399
f 1967//3400 1968//3400 1705//3400
f 1705//3112 1968//3112 1706//3112
f 1680//3401 2103//3401 2101//3401
f 2101//3402 2103//3402 2110//3402
f 2101//3403 2110//3403 2102//3403
f 2102//3404 2110//3404 2130//3404
f 2102//3405 2130//3405 2122//3405
f 2122//3406 2130//3406 2131//3406
f 2122//3407 2131//3407 2123//3407
f 2123//3408 2131//3408 2132//3408
f 2123//3409 2132//3409 2124//3409
f 2124//3410 2132//3410 2133//3410
f 2124//3411 2133//3411 2125//3411
f 1667//3412 1666//3412 2122//3412
f 2122//3412 1666//3412 1676//3412
f 2122//3413 1676//3413 2102//3413
f 2102//3414 1676//3414 1675//3414
f 2102//3414 1675//3414 1674//3414
f 1928//3415 1927//3415 2117//3415
f 2117//3416 1927//3416 1965//3416
f 2117//3417 1965//3417 2116//3417
f 2116//3418 1965//3418 2082//3418
f 2116//3419 2082//3419 2115//3419
f 2115//3420 2082//3420 2084//3420
f 2115//3421 2084//3421 2114//3421
f 2114//3422 2084//3422 2086//3422
f 2114//3423 2086//3423 2113//3423
f 2113//3424 2086//3424 2088//3424
f 2113//3425 2088//3425 2112//3425
f 2112//3426 2088//3426 2090//3426
f 2112//3427 2090//3427 2111//3427
f 2111//3428 2090//3428 2092//3428
f 2111//3429 2092//3429 2110//3429
f 2110//3430 2092//3430 2094//3430
f 2110//3431 2094//3431 2130//3431
f 2130//3432 2094//3432 2095//3432
f 2130//3433 2095//3433 2131//3433
f 2131//3434 2095//3434 1948//3434
f 2131//3435 1948//3435 2132//3435
f 2132//3436 1948//3436 1947//3436
f 2132//3437 1947//3437 2133//3437
f 2133//3438 1947//3438 1949//3438
f 2133//3439 1949//3439 2125//3439
f 2125//3440 1949//3440 2052//3440
f 2125//3441 2052//3441 2126//3441
f 2126//3442 2052//3442 2047//3442
f 2126//3443 2047//3443 2127//3443
f 2127//3444 2047//3444 2043//3444
f 2127//3445 2043//3445 2128//3445
f 2128//3446 2043//3446 2040//3446
f 2128//3447 2040//3447 2129//3447
f 2129//3448 2040//3448 1952//3448
f 2129//3449 1952//3449 1968//3449
f 1968//3450 1952//3450 1951//3450
f 1968//3451 1951//3451 1822//3451
f 1822//3115 1951//3115 1824//3115
f 2134//3452 2135//3452 2136//3452
f 1961//3453 1964//3453 2137//3453
f 2137//3454 1964//3454 1963//3454
f 2136//3455 2033//3455 2036//3455
f 2036//3455 2035//3455 2136//3455
f 2136//3456 2035//3456 2034//3456
f 2136//3457 2034//3457 2137//3457
f 2137//3458 2034//3458 2037//3458
f 2137//3454 2037//3454 1961//3454
f 2033//3455 2136//3455 2031//3455
f 2031//3459 2136//3459 2138//3459
f 2031//3460 2138//3460 2026//3460
f 2030//3461 2029//3461 2138//3461
f 2138//3460 2029//3460 2027//3460
f 2138//3460 2027//3460 2026//3460
f 2024//3462 2023//3462 2139//3462
f 2139//3463 2023//3463 2021//3463
f 2139//3463 2021//3463 2020//3463
f 2140//3464 2015//3464 2014//3464
f 2013//3465 2018//3465 2141//3465
f 2141//3466 2018//3466 2140//3466
f 2140//3467 2018//3467 2017//3467
f 2140//3464 2017//3464 2015//3464
f 2142//3468 2007//3468 2005//3468
f 2005//3469 2004//3469 2142//3469
f 2142//3470 2004//3470 2009//3470
f 2142//3471 2009//3471 2141//3471
f 2141//3465 2009//3465 2011//3465
f 2141//3465 2011//3465 2013//3465
f 2143//3472 2144//3472 2141//3472
f 2141//3472 2144//3472 2145//3472
f 2141//3473 2145//3473 2142//3473
f 2142//3474 2145//3474 2146//3474
f 2147//3475 2148//3475 2146//3475
f 2146//3476 2148//3476 2149//3476
f 2146//3476 2149//3476 2142//3476
f 2150//3477 2151//3477 2140//3477
f 2140//3477 2151//3477 2152//3477
f 2140//3478 2152//3478 2141//3478
f 2141//3479 2152//3479 2153//3479
f 2141//3472 2153//3472 2143//3472
f 2154//3480 2150//3480 2155//3480
f 2155//3481 2150//3481 2140//3481
f 2155//3482 2140//3482 2025//3482
f 2025//3464 2140//3464 2014//3464
f 2156//3483 2157//3483 2155//3483
f 2155//3484 2157//3484 2158//3484
f 2155//3484 2158//3484 2154//3484
f 2159//3485 2156//3485 2139//3485
f 2139//3486 2156//3486 2155//3486
f 2139//3487 2155//3487 2024//3487
f 2024//3488 2155//3488 2025//3488
f 2160//3489 2161//3489 2139//3489
f 2139//3490 2161//3490 2162//3490
f 2139//3490 2162//3490 2159//3490
f 2163//3491 2160//3491 2138//3491
f 2138//3492 2160//3492 2139//3492
f 2138//3493 2139//3493 2030//3493
f 2030//3463 2139//3463 2020//3463
f 2135//3452 2164//3452 2136//3452
f 2136//3494 2164//3494 2165//3494
f 2136//3495 2165//3495 2138//3495
f 2138//3496 2165//3496 2166//3496
f 2138//3496 2166//3496 2163//3496
f 2134//3497 2136//3497 2167//3497
f 2167//3498 2136//3498 2137//3498
f 2167//3499 2137//3499 2168//3499
f 2169//3500 2170//3500 2137//3500
f 2137//3501 2170//3501 2171//3501
f 2137//3501 2171//3501 2168//3501
f 2172//3502 2173//3502 2169//3502
f 2172//3503 2169//3503 2174//3503
f 2174//3504 2169//3504 2137//3504
f 2174//3505 2137//3505 2175//3505
f 2175//3506 2137//3506 1963//3506
f 2175//3507 1963//3507 1728//3507
f 2176//3508 2177//3508 2178//3508
f 2179//3509 2180//3509 2178//3509
f 2178//3510 2180//3510 2181//3510
f 2178//3511 2181//3511 2176//3511
f 2176//3512 2181//3512 2182//3512
f 2176//3513 2182//3513 2183//3513
f 2183//3514 2182//3514 2184//3514
f 1791//3515 1790//3515 2185//3515
f 2185//3515 1790//3515 1789//3515
f 2185//3515 1789//3515 1793//3515
f 2179//3509 2178//3509 2186//3509
f 2186//3516 2178//3516 2185//3516
f 2186//3517 2185//3517 2187//3517
f 2187//3518 2185//3518 1793//3518
f 2187//3519 1793//3519 1792//3519
f 2175//3520 1728//3520 2174//3520
f 2174//3521 1728//3521 1727//3521
f 2174//3522 1727//3522 2172//3522
f 2172//3523 1727//3523 2188//3523
f 2189//3524 2190//3524 2188//3524
f 2188//3524 2190//3524 2191//3524
f 2188//3525 2191//3525 2172//3525
f 2172//3526 2191//3526 2192//3526
f 2172//3527 2192//3527 2173//3527
f 2193//3528 2194//3528 2195//3528
f 2195//3528 2194//3528 2196//3528
f 2197//3529 2198//3529 2199//3529
f 2199//3529 2198//3529 2200//3529
f 2199//3530 2200//3530 2195//3530
f 2195//3531 2200//3531 2201//3531
f 2195//3531 2201//3531 2193//3531
f 2202//3532 2203//3532 2204//3532
f 2202//3533 2204//3533 2199//3533
f 2199//3534 2204//3534 2205//3534
f 2199//3534 2205//3534 2197//3534
f 2206//3535 2207//3535 2202//3535
f 2202//3532 2207//3532 2208//3532
f 2202//3532 2208//3532 2203//3532
f 2209//3536 2210//3536 2211//3536
f 2211//3536 2210//3536 2212//3536
f 2211//3537 2212//3537 2206//3537
f 2206//3538 2212//3538 2213//3538
f 2206//3539 2213//3539 2207//3539
f 2214//3540 2215//3540 2216//3540
f 2216//3540 2215//3540 2217//3540
f 2216//3541 2217//3541 2211//3541
f 2211//3542 2217//3542 2218//3542
f 2211//3542 2218//3542 2209//3542
f 2219//3543 2220//3543 2221//3543
f 2221//3544 2222//3544 2219//3544
f 2219//3544 2222//3544 2223//3544
f 2219//3545 2223//3545 2216//3545
f 2216//3546 2223//3546 2224//3546
f 2216//3546 2224//3546 2214//3546
f 2220//3543 2219//3543 2225//3543
f 2225//3547 2219//3547 2226//3547
f 2225//3548 2226//3548 2227//3548
f 2228//3549 2229//3549 2230//3549
f 2230//3549 2231//3549 2228//3549
f 2228//3550 2231//3550 2232//3550
f 2228//3551 2232//3551 2226//3551
f 2226//3548 2232//3548 2233//3548
f 2226//3548 2233//3548 2227//3548
f 2229//3549 2228//3549 2234//3549
f 2234//3552 2228//3552 2235//3552
f 2234//3553 2235//3553 2236//3553
f 2237//3554 2238//3554 2235//3554
f 2235//3555 2238//3555 2239//3555
f 2235//3555 2239//3555 2236//3555
f 2240//3556 2241//3556 2237//3556
f 2237//3556 2241//3556 2242//3556
f 2237//3556 2242//3556 2238//3556
f 2240//3557 2237//3557 2243//3557
f 2243//3558 2237//3558 2244//3558
f 2243//3559 2244//3559 2245//3559
f 2246//3560 2247//3560 2244//3560
f 2244//3559 2247//3559 2248//3559
f 2244//3559 2248//3559 2245//3559
f 2249//3561 2250//3561 2246//3561
f 2250//3561 2251//3561 2246//3561
f 2246//3562 2251//3562 2252//3562
f 2246//3562 2252//3562 2247//3562
f 2216//3563 1750//3563 1757//3563
f 1754//3564 1753//3564 2219//3564
f 2216//3565 1757//3565 2219//3565
f 2219//3566 1757//3566 1756//3566
f 2219//3564 1756//3564 1754//3564
f 1740//3567 1739//3567 2206//3567
f 2206//3567 1739//3567 1748//3567
f 2206//3568 1748//3568 2211//3568
f 2211//3569 1748//3569 1747//3569
f 2211//3570 1747//3570 1745//3570
f 1745//3571 1744//3571 2211//3571
f 2211//3570 1744//3570 1752//3570
f 2211//3572 1752//3572 2216//3572
f 2216//3573 1752//3573 1751//3573
f 2216//3563 1751//3563 1750//3563
f 1733//3574 1738//3574 2199//3574
f 2199//3575 1738//3575 1737//3575
f 2199//3576 1737//3576 2202//3576
f 2202//3577 1737//3577 1735//3577
f 1727//3578 1725//3578 2188//3578
f 2188//3579 1725//3579 1724//3579
f 2188//3579 1724//3579 1712//3579
f 1712//3579 1711//3579 2188//3579
f 2188//3580 1711//3580 2195//3580
f 2188//3581 2195//3581 2189//3581
f 2189//3582 2195//3582 2196//3582
f 1711//3583 1847//3583 2195//3583
f 2195//3584 1847//3584 1729//3584
f 2195//3585 1729//3585 2199//3585
f 2199//3586 1729//3586 1731//3586
f 2199//3575 1731//3575 1733//3575
f 1735//3587 1734//3587 2202//3587
f 2202//3587 1734//3587 1743//3587
f 2202//3588 1743//3588 2206//3588
f 2206//3589 1743//3589 1742//3589
f 2206//3567 1742//3567 1740//3567
f 2253//3590 1786//3590 1785//3590
f 1783//3591 1781//3591 2244//3591
f 2244//3592 1781//3592 2246//3592
f 2246//3593 1781//3593 1780//3593
f 2246//3594 1780//3594 2253//3594
f 2253//3590 1780//3590 1788//3590
f 2253//3595 1788//3595 1786//3595
f 2177//3508 2249//3508 2178//3508
f 2178//3596 2249//3596 2246//3596
f 2178//3597 2246//3597 2185//3597
f 2185//3598 2246//3598 2253//3598
f 2185//3599 2253//3599 1791//3599
f 1791//3600 2253//3600 1785//3600
f 1771//3601 1775//3601 2235//3601
f 2235//3601 1775//3601 1774//3601
f 2235//3602 1774//3602 2237//3602
f 2237//3603 1774//3603 1773//3603
f 2237//3604 1773//3604 1779//3604
f 1768//3605 1766//3605 2226//3605
f 2226//3605 1766//3605 1765//3605
f 2226//3606 1765//3606 2228//3606
f 2228//3607 1765//3607 1906//3607
f 2228//3608 1906//3608 2235//3608
f 2235//3609 1906//3609 1772//3609
f 2235//3601 1772//3601 1771//3601
f 1779//3604 1777//3604 2237//3604
f 2237//3604 1777//3604 1776//3604
f 2237//3610 1776//3610 2244//3610
f 2244//3611 1776//3611 1784//3611
f 2244//3612 1784//3612 1783//3612
f 1753//3613 1758//3613 2219//3613
f 2219//3613 1758//3613 1764//3613
f 2219//3613 1764//3613 1763//3613
f 1763//3614 1762//3614 2219//3614
f 2219//3615 1762//3615 1860//3615
f 2219//3616 1860//3616 2226//3616
f 2226//3617 1860//3617 1769//3617
f 2226//3605 1769//3605 1768//3605
f 2182//3618 2181//3618 2254//3618
f 2254//3619 2181//3619 2180//3619
f 2255//3620 2256//3620 2257//3620
f 2257//3620 2256//3620 2258//3620
f 2257//3621 2258//3621 2254//3621
f 2254//3622 2258//3622 2259//3622
f 2254//3623 2259//3623 2182//3623
f 2182//3624 2259//3624 2260//3624
f 2182//3625 2260//3625 2184//3625
f 2261//3626 2262//3626 2263//3626
f 2263//3626 2262//3626 2264//3626
f 2263//3627 2264//3627 2257//3627
f 2257//3628 2264//3628 2265//3628
f 2257//3620 2265//3620 2255//3620
f 2266//3629 2267//3629 2263//3629
f 2263//3630 2267//3630 2268//3630
f 2263//3626 2268//3626 2261//3626
f 2269//3631 2270//3631 2271//3631
f 2271//3632 2270//3632 2272//3632
f 2271//3633 2272//3633 2266//3633
f 2266//3634 2272//3634 2273//3634
f 2266//3635 2273//3635 2267//3635
f 2274//3636 2275//3636 2271//3636
f 2271//3631 2275//3631 2276//3631
f 2271//3637 2276//3637 2269//3637
f 2277//3638 2278//3638 2279//3638
f 2280//3639 2281//3639 2282//3639
f 2282//3640 2281//3640 2283//3640
f 2283//3641 2284//3641 2282//3641
f 2282//3641 2284//3641 2285//3641
f 2282//3641 2285//3641 2286//3641
f 2180//3642 2179//3642 2254//3642
f 2254//3642 2179//3642 2186//3642
f 1973//3643 2187//3643 1970//3643
f 1970//3644 2187//3644 1792//3644
f 1971//3645 1954//3645 2257//3645
f 1971//3646 2257//3646 1972//3646
f 1972//3647 2257//3647 2254//3647
f 1972//3648 2254//3648 1973//3648
f 1973//3649 2254//3649 2186//3649
f 1973//3650 2186//3650 2187//3650
f 1954//3651 1953//3651 2257//3651
f 2257//3651 1953//3651 1978//3651
f 2257//3652 1978//3652 2263//3652
f 2263//3653 1978//3653 1977//3653
f 2263//3653 1977//3653 1975//3653
f 1975//3654 1974//3654 2263//3654
f 2263//3654 1974//3654 1983//3654
f 2263//3655 1983//3655 2266//3655
f 2266//3656 1983//3656 1982//3656
f 2266//3656 1982//3656 1980//3656
f 1980//3656 1979//3656 2266//3656
f 2266//3657 1979//3657 1987//3657
f 2266//3658 1987//3658 2271//3658
f 2271//3659 1987//3659 1985//3659
f 2271//3659 1985//3659 1984//3659
f 1984//3659 1992//3659 2271//3659
f 2271//3660 1992//3660 2279//3660
f 2271//3661 2279//3661 2274//3661
f 2274//3662 2279//3662 2278//3662
f 1992//3663 1991//3663 2279//3663
f 2279//3663 1991//3663 1989//3663
f 2279//3663 1989//3663 1988//3663
f 1988//3664 1996//3664 2279//3664
f 2279//3665 1996//3665 2282//3665
f 2279//3666 2282//3666 2277//3666
f 2277//3667 2282//3667 2286//3667
f 2000//3668 1999//3668 2287//3668
f 1996//3669 1994//3669 2282//3669
f 2282//3669 1994//3669 1993//3669
f 2282//3669 1993//3669 2000//3669
f 2000//3670 2287//3670 2282//3670
f 2282//3671 2287//3671 2288//3671
f 2282//3639 2288//3639 2280//3639
f 2258//3672 77//3672 2259//3672
f 2259//3673 77//3673 76//3673
f 2259//3674 76//3674 2260//3674
f 2260//3675 76//3675 2184//3675
f 2264//3676 74//3676 75//3676
f 2258//3677 2256//3677 77//3677
f 77//3677 2256//3677 2255//3677
f 77//3678 2255//3678 75//3678
f 75//3679 2255//3679 2265//3679
f 75//3628 2265//3628 2264//3628
f 2267//3680 72//3680 2268//3680
f 2268//3681 72//3681 73//3681
f 2268//3682 73//3682 2261//3682
f 2261//3683 73//3683 74//3683
f 2261//3684 74//3684 2262//3684
f 2262//3684 74//3684 2264//3684
f 2275//3685 2274//3685 70//3685
f 2267//3680 2273//3680 72//3680
f 72//3686 2273//3686 2272//3686
f 72//3687 2272//3687 68//3687
f 68//3688 2272//3688 2270//3688
f 68//3689 2270//3689 69//3689
f 69//3690 2270//3690 2269//3690
f 69//3691 2269//3691 70//3691
f 70//3692 2269//3692 2276//3692
f 70//3693 2276//3693 2275//3693
f 2285//3694 66//3694 2286//3694
f 2286//3695 66//3695 71//3695
f 2286//3696 71//3696 2277//3696
f 2277//3697 71//3697 70//3697
f 2277//3698 70//3698 2278//3698
f 2278//3685 70//3685 2274//3685
f 2285//3694 2284//3694 66//3694
f 66//3694 2284//3694 2283//3694
f 66//3699 2283//3699 67//3699
f 67//3700 2283//3700 2281//3700
f 67//3701 2281//3701 64//3701
f 2147//3702 2146//3702 62//3702
f 62//3703 2146//3703 2145//3703
f 62//3704 2145//3704 58//3704
f 2145//3705 2144//3705 58//3705
f 58//3705 2144//3705 2143//3705
f 58//3706 2143//3706 59//3706
f 59//3707 2143//3707 2153//3707
f 59//3708 2153//3708 60//3708
f 60//3709 2153//3709 2152//3709
f 2157//3710 56//3710 2158//3710
f 2158//3711 56//3711 61//3711
f 2152//3712 2151//3712 60//3712
f 60//3712 2151//3712 2150//3712
f 60//3713 2150//3713 61//3713
f 61//3714 2150//3714 2154//3714
f 61//3715 2154//3715 2158//3715
f 2157//3716 2156//3716 56//3716
f 56//3716 2156//3716 2159//3716
f 56//3717 2159//3717 57//3717
f 2159//3718 2162//3718 57//3718
f 57//3718 2162//3718 2161//3718
f 57//3719 2161//3719 54//3719
f 54//3720 2161//3720 2160//3720
f 54//3721 2160//3721 55//3721
f 2160//3722 2163//3722 55//3722
f 55//3723 2163//3723 2166//3723
f 55//3724 2166//3724 53//3724
f 53//3725 2166//3725 2165//3725
f 53//3726 2165//3726 2164//3726
f 2164//3726 2135//3726 53//3726
f 53//3726 2135//3726 2134//3726
f 53//3727 2134//3727 52//3727
f 52//3728 2134//3728 2167//3728
f 52//3729 2167//3729 51//3729
f 2167//3730 2168//3730 51//3730
f 51//3731 2168//3731 2171//3731
f 51//3732 2171//3732 50//3732
f 2169//3733 2173//3733 47//3733
f 2171//3734 2170//3734 50//3734
f 50//3735 2170//3735 2169//3735
f 50//3736 2169//3736 46//3736
f 46//3737 2169//3737 47//3737
f 2191//3738 48//3738 2192//3738
f 2192//3739 48//3739 47//3739
f 2192//3740 47//3740 2173//3740
f 2191//3741 2190//3741 48//3741
f 48//3741 2190//3741 2189//3741
f 48//3742 2189//3742 49//3742
f 49//3743 2189//3743 2196//3743
f 49//3744 2196//3744 44//3744
f 2196//3745 2194//3745 44//3745
f 44//3745 2194//3745 2193//3745
f 44//3746 2193//3746 45//3746
f 45//3747 2193//3747 2201//3747
f 45//3748 2201//3748 43//3748
f 2197//3749 42//3749 2198//3749
f 2198//3750 42//3750 43//3750
f 2198//3751 43//3751 2200//3751
f 2200//3752 43//3752 2201//3752
f 2197//3753 2205//3753 42//3753
f 42//3753 2205//3753 2204//3753
f 42//3754 2204//3754 41//3754
f 41//3755 2204//3755 2203//3755
f 41//3756 2203//3756 40//3756
f 2203//3757 2208//3757 40//3757
f 40//3757 2208//3757 2207//3757
f 40//3758 2207//3758 36//3758
f 2210//3759 37//3759 2212//3759
f 2212//3760 37//3760 36//3760
f 2212//3761 36//3761 2213//3761
f 2213//3761 36//3761 2207//3761
f 2217//3762 38//3762 2218//3762
f 2218//3763 38//3763 37//3763
f 2218//3764 37//3764 2209//3764
f 2209//3759 37//3759 2210//3759
f 2217//3765 2215//3765 38//3765
f 38//3765 2215//3765 2214//3765
f 38//3766 2214//3766 39//3766
f 2214//3767 2224//3767 39//3767
f 39//3767 2224//3767 2223//3767
f 39//3768 2223//3768 34//3768
f 34//3769 2223//3769 2222//3769
f 34//3770 2222//3770 35//3770
f 2225//3771 32//3771 2220//3771
f 2220//3772 32//3772 35//3772
f 2220//3773 35//3773 2221//3773
f 2221//3774 35//3774 2222//3774
f 2230//3775 30//3775 2231//3775
f 2231//3776 30//3776 33//3776
f 2225//3777 2227//3777 32//3777
f 32//3777 2227//3777 2233//3777
f 32//3778 2233//3778 33//3778
f 33//3779 2233//3779 2232//3779
f 33//3780 2232//3780 2231//3780
f 2230//3775 2229//3775 30//3775
f 30//3775 2229//3775 2234//3775
f 30//3781 2234//3781 31//3781
f 31//3782 2234//3782 2236//3782
f 31//3783 2236//3783 28//3783
f 28//3784 2236//3784 2239//3784
f 28//3785 2239//3785 29//3785
f 2239//3786 2238//3786 29//3786
f 29//3787 2238//3787 2242//3787
f 29//3788 2242//3788 26//3788
f 2242//3789 2241//3789 26//3789
f 26//3789 2241//3789 2240//3789
f 26//3790 2240//3790 27//3790
f 27//3791 2240//3791 2243//3791
f 2243//3792 2245//3792 27//3792
f 27//3792 2245//3792 2248//3792
f 27//3793 2248//3793 80//3793
f 80//3794 2248//3794 2247//3794
f 80//3795 2247//3795 81//3795
f 81//3796 2247//3796 2252//3796
f 2252//3796 2251//3796 81//3796
f 81//3797 2251//3797 2250//3797
f 81//3798 2250//3798 82//3798
f 82//3799 2250//3799 2249//3799
f 82//3800 2249//3800 78//3800
f 78//3801 2249//3801 2177//3801
f 2183//3802 2184//3802 76//3802
f 2177//3803 2176//3803 78//3803
f 78//3801 2176//3801 2183//3801
f 78//3804 2183//3804 79//3804
f 79//3805 2183//3805 76//3805
f 2289//3806 2290//3806 2291//3806
f 2290//3807 2281//3807 2280//3807
f 2291//3808 2149//3808 2148//3808
f 2289//3809 2291//3809 2148//3809
f 2289//3810 2148//3810 2147//3810
f 2149//3808 2291//3808 2142//3808
f 2142//3811 2291//3811 2008//3811
f 2142//3812 2008//3812 2007//3812
f 2290//3813 2280//3813 2291//3813
f 2291//3814 2280//3814 2288//3814
f 2291//3815 2288//3815 2287//3815
f 1999//3816 1998//3816 2287//3816
f 2287//3816 1998//3816 2003//3816
f 2287//3817 2003//3817 2291//3817
f 2291//3818 2003//3818 2002//3818
f 2291//3819 2002//3819 2008//3819
f 64//3820 2281//3820 65//3820
f 65//3821 2281//3821 2290//3821
f 65//3822 2290//3822 2289//3822
f 2289//3823 2147//3823 62//3823
f 2289//3824 62//3824 63//3824
f 2289//3825 63//3825 65//3825
