# Blender 4.3.2
# www.blender.org
mtllib link6.mtl
o link6.001
v 0.005750 -0.051612 -0.010802
v 0.004089 -0.051612 -0.008845
v -0.000000 -0.051612 -0.014000
v 0.005154 -0.051612 -0.018089
v 0.006327 -0.051612 -0.015805
v 0.006536 -0.051612 -0.013247
v -0.001806 -0.051612 -0.020327
v 0.000753 -0.051612 -0.020537
v 0.003197 -0.051612 -0.019751
v -0.006537 -0.051612 -0.014753
v -0.005751 -0.051612 -0.017197
v -0.004090 -0.051612 -0.019155
v -0.003198 -0.051612 -0.008249
v -0.005155 -0.051612 -0.009911
v -0.006328 -0.051612 -0.012195
v 0.001805 -0.051612 -0.007673
v -0.000754 -0.051612 -0.007463
v -0.005751 -0.044242 -0.017197
v -0.006537 -0.044242 -0.014753
v -0.006328 -0.044242 -0.012195
v -0.005155 -0.044242 -0.009911
v -0.003198 -0.044242 -0.008249
v -0.000754 -0.044242 -0.007463
v 0.001805 -0.044242 -0.007673
v 0.004089 -0.044242 -0.008845
v 0.005751 -0.044242 -0.010802
v 0.006536 -0.044242 -0.013247
v 0.006327 -0.044242 -0.015805
v 0.005155 -0.044242 -0.018089
v 0.003197 -0.044242 -0.019751
v 0.000753 -0.044242 -0.020537
v -0.001806 -0.044242 -0.020327
v -0.004090 -0.044242 -0.019155
v 0.007516 -0.044242 -0.011487
v 0.006926 -0.044242 -0.010149
v 0.006100 -0.044242 -0.008942
v 0.003861 -0.044242 -0.007079
v 0.001101 -0.044242 -0.006152
v -0.001809 -0.044242 -0.006284
v -0.004474 -0.044242 -0.007459
v -0.006535 -0.044242 -0.009516
v -0.007713 -0.044242 -0.012180
v -0.007850 -0.044242 -0.015089
v -0.006927 -0.044242 -0.017851
v -0.005068 -0.044242 -0.020093
v -0.002525 -0.044242 -0.021512
v 0.000360 -0.044242 -0.021917
v 0.003195 -0.044242 -0.021252
v 0.005599 -0.044242 -0.019608
v 0.007247 -0.044242 -0.017207
v 0.007916 -0.044242 -0.014372
v 0.006926 -0.040242 -0.010149
v 0.007516 -0.040242 -0.011487
v 0.007916 -0.040242 -0.014372
v 0.007247 -0.040242 -0.017207
v 0.005599 -0.040242 -0.019608
v 0.003195 -0.040242 -0.021252
v 0.000360 -0.040242 -0.021917
v -0.002524 -0.040242 -0.021512
v -0.005068 -0.040242 -0.020093
v -0.006927 -0.040242 -0.017851
v -0.007850 -0.040242 -0.015089
v -0.007713 -0.040242 -0.012180
v -0.006535 -0.040242 -0.009516
v -0.004474 -0.040242 -0.007459
v -0.001809 -0.040242 -0.006284
v 0.001101 -0.040242 -0.006152
v 0.003861 -0.040242 -0.007079
v 0.006101 -0.040242 -0.008942
v 0.005330 -0.040242 -0.023587
v 0.010968 -0.040242 -0.014177
v -0.005638 -0.040242 -0.023410
v -0.005331 -0.040242 -0.004413
v -0.010969 -0.040242 -0.013823
v 0.005637 -0.040242 -0.004590
v 0.005330 -0.038242 -0.023587
v -0.005638 -0.038242 -0.023410
v 0.010968 -0.038242 -0.014177
v 0.005637 -0.038242 -0.004590
v -0.005331 -0.038242 -0.004413
v -0.010969 -0.038242 -0.013823
v 0.005255 -0.037742 -0.023452
v -0.005341 -0.037376 -0.022915
v 0.005050 -0.037376 -0.023083
v -0.005044 -0.037242 -0.022420
v 0.004769 -0.037242 -0.022578
v 0.005311 -0.037983 -0.023553
v -0.005618 -0.037983 -0.023376
v -0.005558 -0.037742 -0.023277
v 0.010929 -0.037983 -0.014177
v 0.010813 -0.037742 -0.014175
v 0.010391 -0.037376 -0.014168
v 0.009813 -0.037242 -0.014159
v 0.005617 -0.037983 -0.004624
v 0.005558 -0.037742 -0.004723
v 0.005341 -0.037376 -0.005085
v 0.005044 -0.037242 -0.005580
v -0.005312 -0.037983 -0.004447
v -0.005256 -0.037742 -0.004548
v -0.005050 -0.037376 -0.004917
v -0.004770 -0.037242 -0.005422
v -0.010929 -0.037983 -0.013823
v -0.010814 -0.037742 -0.013825
v -0.010391 -0.037376 -0.013832
v -0.009814 -0.037242 -0.013841
v -0.012001 -0.037242 -0.001185
v 0.011999 -0.037242 -0.001185
v 0.012000 -0.037242 -0.026815
v -0.012000 -0.037242 -0.026815
v -0.012500 -0.037242 -0.026681
v 0.012500 -0.037242 -0.026681
v 0.012866 -0.037242 -0.026315
v -0.012501 -0.037242 -0.001319
v -0.012867 -0.037242 -0.001685
v 0.012499 -0.037242 -0.001319
v 0.012865 -0.037242 -0.001685
v 0.012999 -0.037242 -0.002185
v 0.013000 -0.037242 -0.025815
v -0.013001 -0.037242 -0.002185
v -0.013000 -0.037242 -0.025815
v -0.012866 -0.037242 -0.026315
v -0.002000 0.003464 -0.005000
v -0.003464 0.002000 -0.005000
v 0.000000 0.000000 -0.005000
v -0.004000 0.000000 -0.005000
v -0.003464 -0.002000 -0.005000
v 0.003464 0.002000 -0.005000
v 0.002000 0.003464 -0.005000
v 0.000000 0.004000 -0.005000
v 0.002000 -0.003464 -0.005000
v 0.003464 -0.002000 -0.005000
v 0.004000 -0.000000 -0.005000
v -0.002000 -0.003464 -0.005000
v -0.000000 -0.004000 -0.005000
v 0.003875 0.013207 -0.005000
v 0.002502 0.011834 -0.005000
v 0.005750 0.009959 -0.005000
v 0.002000 0.009959 -0.005000
v 0.002502 0.008084 -0.005000
v 0.008998 0.011834 -0.005000
v 0.007625 0.013207 -0.005000
v 0.005750 0.013709 -0.005000
v 0.007625 0.006712 -0.005000
v 0.008998 0.008084 -0.005000
v 0.009500 0.009959 -0.005000
v 0.003875 0.006712 -0.005000
v 0.005750 0.006209 -0.005000
v 0.009625 0.003248 -0.005000
v 0.008252 0.001875 -0.005000
v 0.011500 -0.000000 -0.005000
v 0.007750 -0.000000 -0.005000
v 0.008252 -0.001875 -0.005000
v 0.014748 0.001875 -0.005000
v 0.013375 0.003247 -0.005000
v 0.011500 0.003750 -0.005000
v 0.013375 -0.003248 -0.005000
v 0.014748 -0.001875 -0.005000
v 0.015250 -0.000000 -0.005000
v 0.009625 -0.003248 -0.005000
v 0.011500 -0.003750 -0.005000
v 0.003875 -0.006712 -0.005000
v 0.002502 -0.008084 -0.005000
v 0.005750 -0.009959 -0.005000
v 0.002000 -0.009959 -0.005000
v 0.002502 -0.011834 -0.005000
v 0.008998 -0.008084 -0.005000
v 0.007625 -0.006712 -0.005000
v 0.005750 -0.006209 -0.005000
v 0.007625 -0.013207 -0.005000
v 0.008998 -0.011834 -0.005000
v 0.009500 -0.009959 -0.005000
v 0.003875 -0.013207 -0.005000
v 0.005750 -0.013709 -0.005000
v -0.007625 -0.006712 -0.005000
v -0.008998 -0.008084 -0.005000
v -0.005750 -0.009959 -0.005000
v -0.009500 -0.009959 -0.005000
v -0.008998 -0.011834 -0.005000
v -0.002502 -0.008084 -0.005000
v -0.003875 -0.006712 -0.005000
v -0.005750 -0.006209 -0.005000
v -0.003875 -0.013207 -0.005000
v -0.002502 -0.011834 -0.005000
v -0.002000 -0.009959 -0.005000
v -0.007625 -0.013207 -0.005000
v -0.005750 -0.013709 -0.005000
v -0.007625 0.013207 -0.005000
v -0.008998 0.011834 -0.005000
v -0.005750 0.009959 -0.005000
v -0.009500 0.009959 -0.005000
v -0.008998 0.008084 -0.005000
v -0.002502 0.011834 -0.005000
v -0.003875 0.013207 -0.005000
v -0.005750 0.013709 -0.005000
v -0.003875 0.006712 -0.005000
v -0.002502 0.008084 -0.005000
v -0.002000 0.009959 -0.005000
v -0.007625 0.006712 -0.005000
v -0.005750 0.006209 -0.005000
v -0.013375 0.003248 -0.005000
v -0.014748 0.001875 -0.005000
v -0.011500 0.000000 -0.005000
v -0.015250 0.000000 -0.005000
v -0.014748 -0.001875 -0.005000
v -0.008252 0.001875 -0.005000
v -0.009625 0.003248 -0.005000
v -0.011500 0.003750 -0.005000
v -0.009625 -0.003248 -0.005000
v -0.008252 -0.001875 -0.005000
v -0.007750 0.000000 -0.005000
v -0.013375 -0.003247 -0.005000
v -0.011500 -0.003750 -0.005000
v 0.000467 0.003875 -0.000600
v 0.000000 0.004000 -0.000600
v -0.000466 0.003875 -0.000600
v -0.002000 0.003464 -0.000600
v -0.003464 0.002000 -0.000600
v -0.004000 0.000000 -0.000600
v -0.003464 -0.002000 -0.000600
v -0.002000 -0.003464 -0.000600
v -0.000467 -0.003875 -0.000600
v -0.000000 -0.004000 -0.000600
v 0.000466 -0.003875 -0.000600
v 0.002000 -0.003464 -0.000600
v 0.003464 -0.002000 -0.000600
v 0.004000 -0.000000 -0.000600
v 0.003464 0.002000 -0.000600
v 0.002000 0.003464 -0.000600
v 0.005875 0.013676 -0.000600
v 0.005750 0.013709 -0.000600
v 0.003875 0.013207 -0.000600
v 0.002502 0.011834 -0.000600
v 0.002000 0.009959 -0.000600
v 0.002502 0.008084 -0.000600
v 0.003875 0.006712 -0.000600
v 0.005750 0.006209 -0.000600
v 0.005875 0.006243 -0.000600
v 0.007625 0.006712 -0.000600
v 0.008998 0.008084 -0.000600
v 0.009500 0.009959 -0.000600
v 0.008998 0.011834 -0.000600
v 0.007625 0.013207 -0.000600
v 0.012375 0.003515 -0.000600
v 0.011500 0.003750 -0.000600
v 0.009625 0.003248 -0.000600
v 0.008252 0.001875 -0.000600
v 0.007750 -0.000000 -0.000600
v 0.008252 -0.001875 -0.000600
v 0.009625 -0.003248 -0.000600
v 0.011500 -0.003750 -0.000600
v 0.012375 -0.003516 -0.000600
v 0.013375 -0.003248 -0.000600
v 0.014748 -0.001875 -0.000600
v 0.015250 -0.000000 -0.000600
v 0.014748 0.001875 -0.000600
v 0.013375 0.003247 -0.000600
v 0.005875 -0.006243 -0.000600
v 0.005750 -0.006209 -0.000600
v 0.003875 -0.006712 -0.000600
v 0.002502 -0.008084 -0.000600
v 0.002000 -0.009959 -0.000600
v 0.002502 -0.011834 -0.000600
v 0.003875 -0.013207 -0.000600
v 0.005750 -0.013709 -0.000600
v 0.005875 -0.013676 -0.000600
v 0.007625 -0.013207 -0.000600
v 0.008998 -0.011834 -0.000600
v 0.009500 -0.009959 -0.000600
v 0.008998 -0.008084 -0.000600
v 0.007625 -0.006712 -0.000600
v -0.005875 -0.006243 -0.000600
v -0.007625 -0.006712 -0.000600
v -0.008998 -0.008084 -0.000600
v -0.009500 -0.009959 -0.000600
v -0.008998 -0.011834 -0.000600
v -0.007625 -0.013207 -0.000600
v -0.005875 -0.013676 -0.000600
v -0.005750 -0.013709 -0.000600
v -0.003875 -0.013207 -0.000600
v -0.002502 -0.011834 -0.000600
v -0.002000 -0.009959 -0.000600
v -0.002502 -0.008084 -0.000600
v -0.003875 -0.006712 -0.000600
v -0.005750 -0.006209 -0.000600
v -0.005875 0.013676 -0.000600
v -0.007625 0.013207 -0.000600
v -0.008998 0.011834 -0.000600
v -0.009500 0.009959 -0.000600
v -0.008998 0.008084 -0.000600
v -0.007625 0.006712 -0.000600
v -0.005875 0.006243 -0.000600
v -0.005750 0.006209 -0.000600
v -0.003875 0.006712 -0.000600
v -0.002502 0.008084 -0.000600
v -0.002000 0.009959 -0.000600
v -0.002502 0.011834 -0.000600
v -0.003875 0.013207 -0.000600
v -0.005750 0.013709 -0.000600
v -0.012375 0.003516 -0.000600
v -0.013375 0.003248 -0.000600
v -0.014748 0.001875 -0.000600
v -0.015250 0.000000 -0.000600
v -0.014748 -0.001875 -0.000600
v -0.013375 -0.003247 -0.000600
v -0.012375 -0.003515 -0.000600
v -0.011500 -0.003750 -0.000600
v -0.009625 -0.003248 -0.000600
v -0.008252 -0.001875 -0.000600
v -0.007750 0.000000 -0.000600
v -0.008252 0.001875 -0.000600
v -0.009625 0.003248 -0.000600
v -0.011500 0.003750 -0.000600
v 0.016430 0.019845 -0.005000
v 0.015515 0.018930 -0.005000
v 0.017680 0.017680 -0.005000
v 0.015180 0.017680 -0.005000
v 0.015515 0.016430 -0.005000
v 0.019845 0.018930 -0.005000
v 0.018930 0.019845 -0.005000
v 0.017680 0.020180 -0.005000
v 0.018930 0.015515 -0.005000
v 0.019845 0.016430 -0.005000
v 0.020180 0.017680 -0.005000
v 0.016430 0.015515 -0.005000
v 0.017680 0.015180 -0.005000
v -0.018625 -0.023917 -0.005000
v -0.019083 -0.024375 -0.005000
v -0.018000 -0.025000 -0.005000
v -0.019250 -0.025000 -0.005000
v -0.019083 -0.025625 -0.005000
v -0.016918 -0.024375 -0.005000
v -0.017375 -0.023917 -0.005000
v -0.018000 -0.023750 -0.005000
v -0.017375 -0.026082 -0.005000
v -0.016918 -0.025625 -0.005000
v -0.016750 -0.025000 -0.005000
v -0.018625 -0.026082 -0.005000
v -0.018000 -0.026250 -0.005000
v -0.018625 0.026083 -0.005000
v -0.019082 0.025625 -0.005000
v -0.018000 0.025000 -0.005000
v -0.019250 0.025000 -0.005000
v -0.019082 0.024375 -0.005000
v -0.016917 0.025625 -0.005000
v -0.017375 0.026083 -0.005000
v -0.018000 0.026250 -0.005000
v -0.017375 0.023918 -0.005000
v -0.016917 0.024375 -0.005000
v -0.016750 0.025000 -0.005000
v -0.018625 0.023918 -0.005000
v -0.018000 0.023750 -0.005000
v 0.017375 0.026082 -0.005000
v 0.016918 0.025625 -0.005000
v 0.018000 0.025000 -0.005000
v 0.016750 0.025000 -0.005000
v 0.016918 0.024375 -0.005000
v 0.019083 0.025625 -0.005000
v 0.018625 0.026082 -0.005000
v 0.018000 0.026250 -0.005000
v 0.018625 0.023917 -0.005000
v 0.019083 0.024375 -0.005000
v 0.019250 0.025000 -0.005000
v 0.017375 0.023917 -0.005000
v 0.018000 0.023750 -0.005000
v 0.017375 -0.023918 -0.005000
v 0.016917 -0.024375 -0.005000
v 0.018000 -0.025000 -0.005000
v 0.016750 -0.025000 -0.005000
v 0.016917 -0.025625 -0.005000
v 0.019082 -0.024375 -0.005000
v 0.018625 -0.023918 -0.005000
v 0.018000 -0.023750 -0.005000
v 0.018625 -0.026083 -0.005000
v 0.019082 -0.025625 -0.005000
v 0.019250 -0.025000 -0.005000
v 0.017375 -0.026083 -0.005000
v 0.018000 -0.026250 -0.005000
v -0.012375 -0.003875 -0.000600
v 0.012375 0.003875 -0.000600
v -0.005875 0.003875 -0.000600
v 0.005875 -0.003875 -0.000600
v 0.005875 0.003875 -0.000600
v 0.005875 0.005105 -0.000600
v 0.000000 0.005105 -0.000600
v -0.005875 -0.003875 -0.000600
v -0.000000 -0.005105 -0.000600
v 0.011943 0.016042 -0.000600
v 0.012375 0.015635 -0.000600
v 0.012375 0.005105 -0.000600
v 0.000000 0.019898 -0.000600
v 0.003473 0.019696 -0.000600
v 0.005875 0.018977 -0.000600
v 0.007922 0.018364 -0.000600
v 0.019547 -0.003875 -0.000600
v 0.020000 -0.000000 -0.000600
v 0.019547 0.003875 -0.000600
v 0.012375 -0.003875 -0.000600
v 0.012375 -0.015635 -0.000600
v 0.012375 -0.005105 -0.000600
v 0.005875 -0.005105 -0.000600
v 0.011943 -0.016043 -0.000600
v 0.010536 -0.016855 -0.000600
v 0.005875 -0.016855 -0.000600
v 0.007921 -0.018364 -0.000600
v -0.000000 -0.016855 -0.000600
v -0.005875 -0.005105 -0.000600
v -0.005875 -0.016855 -0.000600
v -0.012375 -0.015552 -0.000600
v -0.010626 -0.016855 -0.000600
v -0.012375 -0.005105 -0.000600
v -0.005875 0.005105 -0.000600
v -0.012375 0.005105 -0.000600
v -0.001163 0.019966 -0.000600
v -0.005736 0.019160 -0.000600
v -0.005875 0.019100 -0.000600
v -0.010000 0.017321 -0.000600
v -0.012375 0.015552 -0.000600
v -0.012375 0.003875 -0.000600
v -0.019497 -0.003875 -0.000600
v -0.019865 -0.002322 -0.000600
v -0.019865 0.002322 -0.000600
v -0.019497 0.003875 -0.000600
v 0.017873 -0.008976 -0.000600
v 0.019282 -0.005105 -0.000600
v 0.019461 -0.004612 -0.000600
v 0.015321 -0.012856 -0.000600
v -0.001163 -0.019966 -0.000600
v -0.000000 -0.019898 -0.000600
v 0.003473 -0.019696 -0.000600
v 0.005875 -0.018977 -0.000600
v -0.005736 -0.019160 -0.000600
v -0.005875 -0.019100 -0.000600
v -0.010000 -0.017320 -0.000600
v -0.013725 -0.014547 -0.000600
v -0.016710 -0.010990 -0.000600
v -0.019205 -0.005105 -0.000600
v -0.018794 -0.006840 -0.000600
v -0.013725 0.014548 -0.000600
v -0.016710 0.010990 -0.000600
v -0.018794 0.006841 -0.000600
v -0.019205 0.005105 -0.000600
v 0.019282 0.005105 -0.000600
v 0.017873 0.008976 -0.000600
v 0.015321 0.012856 -0.000600
v 0.019461 0.004612 -0.000600
v -0.001250 -0.022835 -0.005000
v -0.002165 -0.023750 -0.005000
v -0.000000 -0.025000 -0.005000
v -0.002500 -0.025000 -0.005000
v -0.002165 -0.026250 -0.005000
v 0.002165 -0.023750 -0.005000
v 0.001250 -0.022835 -0.005000
v -0.000000 -0.022500 -0.005000
v 0.001250 -0.027165 -0.005000
v 0.002165 -0.026250 -0.005000
v 0.002500 -0.025000 -0.005000
v -0.001250 -0.027165 -0.005000
v -0.000000 -0.027500 -0.005000
v 0.021024 -0.020109 -0.005000
v 0.020109 -0.021024 -0.005000
v 0.022274 -0.022274 -0.005000
v 0.019774 -0.022274 -0.005000
v 0.020109 -0.023524 -0.005000
v 0.024439 -0.021024 -0.005000
v 0.023524 -0.020109 -0.005000
v 0.022274 -0.019774 -0.005000
v 0.023524 -0.024439 -0.005000
v 0.024439 -0.023524 -0.005000
v 0.024774 -0.022274 -0.005000
v 0.021024 -0.024439 -0.005000
v 0.022274 -0.024774 -0.005000
v 0.027852 -0.009890 -0.005000
v 0.026937 -0.010805 -0.005000
v 0.029102 -0.012055 -0.005000
v 0.026602 -0.012055 -0.005000
v 0.026937 -0.013305 -0.005000
v 0.031267 -0.010805 -0.005000
v 0.030352 -0.009890 -0.005000
v 0.029102 -0.009555 -0.005000
v 0.030352 -0.014220 -0.005000
v 0.031267 -0.013305 -0.005000
v 0.031602 -0.012055 -0.005000
v 0.027852 -0.014220 -0.005000
v 0.029102 -0.014555 -0.005000
v 0.023750 0.002165 -0.005000
v 0.022835 0.001250 -0.005000
v 0.025000 -0.000000 -0.005000
v 0.022500 -0.000000 -0.005000
v 0.022835 -0.001250 -0.005000
v 0.027165 0.001250 -0.005000
v 0.026250 0.002165 -0.005000
v 0.025000 0.002500 -0.005000
v 0.026250 -0.002165 -0.005000
v 0.027165 -0.001250 -0.005000
v 0.027500 -0.000000 -0.005000
v 0.023750 -0.002165 -0.005000
v 0.025000 -0.002500 -0.005000
v 0.030250 0.002165 -0.005000
v 0.029335 0.001250 -0.005000
v 0.031500 -0.000000 -0.005000
v 0.029000 -0.000000 -0.005000
v 0.029335 -0.001250 -0.005000
v 0.033665 0.001250 -0.005000
v 0.032750 0.002165 -0.005000
v 0.031500 0.002500 -0.005000
v 0.032750 -0.002165 -0.005000
v 0.033665 -0.001250 -0.005000
v 0.034000 -0.000000 -0.005000
v 0.030250 -0.002165 -0.005000
v 0.031500 -0.002500 -0.005000
v 0.027852 0.014219 -0.005000
v 0.026937 0.013304 -0.005000
v 0.029102 0.012054 -0.005000
v 0.026602 0.012054 -0.005000
v 0.026937 0.010804 -0.005000
v 0.031267 0.013304 -0.005000
v 0.030352 0.014219 -0.005000
v 0.029102 0.014554 -0.005000
v 0.030352 0.009889 -0.005000
v 0.031267 0.010804 -0.005000
v 0.031602 0.012054 -0.005000
v 0.027852 0.009889 -0.005000
v 0.029102 0.009554 -0.005000
v 0.021024 0.024439 -0.005000
v 0.020109 0.023524 -0.005000
v 0.022274 0.022274 -0.005000
v 0.019774 0.022274 -0.005000
v 0.020109 0.021024 -0.005000
v 0.024439 0.023524 -0.005000
v 0.023524 0.024439 -0.005000
v 0.022274 0.024774 -0.005000
v 0.023524 0.020109 -0.005000
v 0.024439 0.021024 -0.005000
v 0.024774 0.022274 -0.005000
v 0.021024 0.020109 -0.005000
v 0.022274 0.019774 -0.005000
v -0.001250 0.027165 -0.005000
v -0.002165 0.026250 -0.005000
v 0.000000 0.025000 -0.005000
v -0.002500 0.025000 -0.005000
v -0.002165 0.023750 -0.005000
v 0.002165 0.026250 -0.005000
v 0.001250 0.027165 -0.005000
v 0.000000 0.027500 -0.005000
v 0.001250 0.022835 -0.005000
v 0.002165 0.023750 -0.005000
v 0.002500 0.025000 -0.005000
v -0.001250 0.022835 -0.005000
v 0.000000 0.022500 -0.005000
v -0.023524 0.024439 -0.005000
v -0.024439 0.023524 -0.005000
v -0.022274 0.022274 -0.005000
v -0.024774 0.022274 -0.005000
v -0.024439 0.021024 -0.005000
v -0.020109 0.023524 -0.005000
v -0.021024 0.024439 -0.005000
v -0.022274 0.024774 -0.005000
v -0.021024 0.020109 -0.005000
v -0.020109 0.021024 -0.005000
v -0.019774 0.022274 -0.005000
v -0.023524 0.020109 -0.005000
v -0.022274 0.019774 -0.005000
v -0.030352 0.014220 -0.005000
v -0.031267 0.013305 -0.005000
v -0.029102 0.012055 -0.005000
v -0.031602 0.012055 -0.005000
v -0.031267 0.010805 -0.005000
v -0.026937 0.013305 -0.005000
v -0.027852 0.014220 -0.005000
v -0.029102 0.014555 -0.005000
v -0.027852 0.009890 -0.005000
v -0.026937 0.010805 -0.005000
v -0.026602 0.012055 -0.005000
v -0.030352 0.009890 -0.005000
v -0.029102 0.009555 -0.005000
v -0.023524 -0.020109 -0.005000
v -0.024439 -0.021024 -0.005000
v -0.022274 -0.022274 -0.005000
v -0.024774 -0.022274 -0.005000
v -0.024439 -0.023524 -0.005000
v -0.020109 -0.021024 -0.005000
v -0.021024 -0.020109 -0.005000
v -0.022274 -0.019774 -0.005000
v -0.021024 -0.024439 -0.005000
v -0.020109 -0.023524 -0.005000
v -0.019774 -0.022274 -0.005000
v -0.023524 -0.024439 -0.005000
v -0.022274 -0.024774 -0.005000
v -0.030352 -0.009889 -0.005000
v -0.031267 -0.010804 -0.005000
v -0.029102 -0.012054 -0.005000
v -0.031602 -0.012054 -0.005000
v -0.031267 -0.013304 -0.005000
v -0.026937 -0.010804 -0.005000
v -0.027852 -0.009889 -0.005000
v -0.029102 -0.009554 -0.005000
v -0.027852 -0.014219 -0.005000
v -0.026937 -0.013304 -0.005000
v -0.026602 -0.012054 -0.005000
v -0.030352 -0.014219 -0.005000
v -0.029102 -0.014554 -0.005000
v -0.026250 0.002165 -0.005000
v -0.027165 0.001250 -0.005000
v -0.025000 0.000000 -0.005000
v -0.027500 0.000000 -0.005000
v -0.027165 -0.001250 -0.005000
v -0.022835 0.001250 -0.005000
v -0.023750 0.002165 -0.005000
v -0.025000 0.002500 -0.005000
v -0.023750 -0.002165 -0.005000
v -0.022835 -0.001250 -0.005000
v -0.022500 0.000000 -0.005000
v -0.026250 -0.002165 -0.005000
v -0.025000 -0.002500 -0.005000
v -0.032750 0.002165 -0.005000
v -0.033665 0.001250 -0.005000
v -0.031500 0.000000 -0.005000
v -0.034000 0.000000 -0.005000
v -0.033665 -0.001250 -0.005000
v -0.029335 0.001250 -0.005000
v -0.030250 0.002165 -0.005000
v -0.031500 0.002500 -0.005000
v -0.030250 -0.002165 -0.005000
v -0.029335 -0.001250 -0.005000
v -0.029000 0.000000 -0.005000
v -0.032750 -0.002165 -0.005000
v -0.031500 -0.002500 -0.005000
v 0.020180 0.017680 -0.000500
v 0.019845 0.018930 -0.000500
v 0.018930 0.019845 -0.000500
v 0.017680 0.020180 -0.000500
v 0.016430 0.019845 -0.000500
v 0.015515 0.018930 -0.000500
v 0.015180 0.017680 -0.000500
v 0.015515 0.016430 -0.000500
v 0.016430 0.015515 -0.000500
v 0.017680 0.015180 -0.000500
v 0.018930 0.015515 -0.000500
v 0.019845 0.016430 -0.000500
v -0.016887 -0.025512 -0.000000
v -0.016750 -0.025000 -0.000000
v -0.016918 -0.024375 -0.000000
v -0.017375 -0.023917 -0.000000
v -0.018000 -0.023750 -0.000000
v -0.018625 -0.023917 -0.000000
v -0.019083 -0.024375 -0.000000
v -0.019250 -0.025000 -0.000000
v -0.019113 -0.025512 -0.000000
v -0.019083 -0.025625 -0.000000
v -0.018625 -0.026082 -0.000000
v -0.018000 -0.026250 -0.000000
v -0.017375 -0.026082 -0.000000
v -0.016918 -0.025625 -0.000000
v -0.019250 0.025000 -0.000000
v -0.019082 0.025625 -0.000000
v -0.018625 0.026083 -0.000000
v -0.018000 0.026250 -0.000000
v -0.017375 0.026083 -0.000000
v -0.016917 0.025625 -0.000000
v -0.016750 0.025000 -0.000000
v -0.016917 0.024375 -0.000000
v -0.017375 0.023918 -0.000000
v -0.018000 0.023750 -0.000000
v -0.018625 0.023918 -0.000000
v -0.019082 0.024375 -0.000000
v 0.016750 0.025000 -0.000000
v 0.016918 0.025625 -0.000000
v 0.017375 0.026082 -0.000000
v 0.018000 0.026250 -0.000000
v 0.018625 0.026082 -0.000000
v 0.019083 0.025625 -0.000000
v 0.019250 0.025000 -0.000000
v 0.019083 0.024375 -0.000000
v 0.018625 0.023917 -0.000000
v 0.018000 0.023750 -0.000000
v 0.017375 0.023917 -0.000000
v 0.016918 0.024375 -0.000000
v 0.019113 -0.025512 -0.000000
v 0.019250 -0.025000 -0.000000
v 0.019082 -0.024375 -0.000000
v 0.018625 -0.023918 -0.000000
v 0.018000 -0.023750 -0.000000
v 0.017375 -0.023918 -0.000000
v 0.016917 -0.024375 -0.000000
v 0.016750 -0.025000 -0.000000
v 0.016887 -0.025512 -0.000000
v 0.016917 -0.025625 -0.000000
v 0.017375 -0.026083 -0.000000
v 0.018000 -0.026250 -0.000000
v 0.018625 -0.026083 -0.000000
v 0.019082 -0.025625 -0.000000
v 0.015321 0.012856 -0.000000
v 0.013454 0.014617 -0.000000
v 0.011943 0.016042 -0.000000
v 0.009892 0.017227 -0.000000
v 0.008590 0.017978 -0.000000
v 0.007922 0.018364 -0.000000
v 0.003473 0.019696 -0.000000
v -0.001163 0.019966 -0.000000
v -0.005736 0.019160 -0.000000
v -0.009625 0.017482 -0.000000
v -0.010210 -0.017164 -0.000000
v -0.013725 -0.014547 -0.000000
v -0.010000 0.017321 -0.000000
v -0.010126 0.017227 -0.000000
v -0.013631 0.014617 -0.000000
v -0.013725 0.014548 -0.000000
v -0.016710 0.010990 -0.000000
v -0.018794 0.006841 -0.000000
v -0.018987 0.006027 -0.000000
v -0.019512 0.003811 -0.000000
v -0.019865 0.002322 -0.000000
v -0.019865 -0.002322 -0.000000
v -0.019512 -0.003810 -0.000000
v -0.018987 -0.006027 -0.000000
v -0.018794 -0.006840 -0.000000
v -0.016710 -0.010990 -0.000000
v -0.005736 -0.019160 -0.000000
v -0.009625 -0.017482 -0.000000
v -0.010000 -0.017320 -0.000000
v -0.001163 -0.019966 -0.000000
v 0.011943 -0.016043 -0.000000
v 0.010000 -0.017164 -0.000000
v 0.008590 -0.017978 -0.000000
v 0.007921 -0.018364 -0.000000
v 0.003473 -0.019696 -0.000000
v 0.019461 -0.004612 -0.000000
v 0.015321 -0.012856 -0.000000
v 0.015715 -0.012257 -0.000000
v 0.017873 -0.008976 -0.000000
v 0.018946 -0.006027 -0.000000
v 0.019512 -0.004176 -0.000000
v 0.020000 -0.000000 -0.000000
v 0.019512 0.004176 -0.000000
v 0.019461 0.004612 -0.000000
v 0.018946 0.006027 -0.000000
v 0.017873 0.008976 -0.000000
v 0.015715 0.012256 -0.000000
v -0.002363 -0.025512 -0.000000
v -0.002165 -0.026250 -0.000000
v -0.001250 -0.027165 -0.000000
v -0.000000 -0.027500 -0.000000
v 0.001250 -0.027165 -0.000000
v 0.002165 -0.026250 -0.000000
v 0.002363 -0.025512 -0.000000
v 0.002500 -0.025000 -0.000000
v 0.002165 -0.023750 -0.000000
v 0.001250 -0.022835 -0.000000
v -0.000000 -0.022500 -0.000000
v -0.001250 -0.022835 -0.000000
v -0.002165 -0.023750 -0.000000
v -0.002500 -0.025000 -0.000000
v 0.024499 -0.021250 -0.000000
v 0.024439 -0.021024 -0.000000
v 0.023524 -0.020109 -0.000000
v 0.022274 -0.019774 -0.000000
v 0.021590 -0.019957 -0.000000
v 0.021024 -0.020109 -0.000000
v 0.020109 -0.021024 -0.000000
v 0.020048 -0.021250 -0.000000
v 0.019774 -0.022274 -0.000000
v 0.020109 -0.023524 -0.000000
v 0.021024 -0.024439 -0.000000
v 0.021590 -0.024591 -0.000000
v 0.022274 -0.024774 -0.000000
v 0.023524 -0.024439 -0.000000
v 0.024439 -0.023524 -0.000000
v 0.024774 -0.022274 -0.000000
v 0.028250 -0.009783 -0.000000
v 0.027852 -0.009890 -0.000000
v 0.026937 -0.010805 -0.000000
v 0.026602 -0.012055 -0.000000
v 0.026937 -0.013305 -0.000000
v 0.027852 -0.014220 -0.000000
v 0.028250 -0.014326 -0.000000
v 0.029102 -0.014555 -0.000000
v 0.030352 -0.014220 -0.000000
v 0.031267 -0.013305 -0.000000
v 0.031602 -0.012055 -0.000000
v 0.031267 -0.010805 -0.000000
v 0.030352 -0.009890 -0.000000
v 0.029102 -0.009555 -0.000000
v 0.025688 0.002315 -0.000000
v 0.025000 0.002500 -0.000000
v 0.023750 0.002165 -0.000000
v 0.022835 0.001250 -0.000000
v 0.022500 -0.000000 -0.000000
v 0.022835 -0.001250 -0.000000
v 0.023750 -0.002165 -0.000000
v 0.025000 -0.002500 -0.000000
v 0.025688 -0.002316 -0.000000
v 0.026250 -0.002165 -0.000000
v 0.027165 -0.001250 -0.000000
v 0.027500 -0.000000 -0.000000
v 0.027165 0.001250 -0.000000
v 0.026250 0.002165 -0.000000
v 0.034000 -0.000000 -0.000000
v 0.033665 0.001250 -0.000000
v 0.032750 0.002165 -0.000000
v 0.031500 0.002500 -0.000000
v 0.030250 0.002165 -0.000000
v 0.029335 0.001250 -0.000000
v 0.029000 -0.000000 -0.000000
v 0.029335 -0.001250 -0.000000
v 0.030250 -0.002165 -0.000000
v 0.031500 -0.002500 -0.000000
v 0.032750 -0.002165 -0.000000
v 0.033665 -0.001250 -0.000000
v 0.028250 0.014326 -0.000000
v 0.027852 0.014219 -0.000000
v 0.026937 0.013304 -0.000000
v 0.026602 0.012054 -0.000000
v 0.026937 0.010804 -0.000000
v 0.027852 0.009889 -0.000000
v 0.028250 0.009783 -0.000000
v 0.029102 0.009554 -0.000000
v 0.030352 0.009889 -0.000000
v 0.031267 0.010804 -0.000000
v 0.031602 0.012054 -0.000000
v 0.031267 0.013304 -0.000000
v 0.030352 0.014219 -0.000000
v 0.029102 0.014554 -0.000000
v 0.024546 0.023125 -0.000000
v 0.024439 0.023524 -0.000000
v 0.023524 0.024439 -0.000000
v 0.022274 0.024774 -0.000000
v 0.021590 0.024590 -0.000000
v 0.021024 0.024439 -0.000000
v 0.020109 0.023524 -0.000000
v 0.020002 0.023125 -0.000000
v 0.019774 0.022274 -0.000000
v 0.019957 0.021590 -0.000000
v 0.020109 0.021024 -0.000000
v 0.021024 0.020109 -0.000000
v 0.021590 0.019957 -0.000000
v 0.022274 0.019774 -0.000000
v 0.023524 0.020109 -0.000000
v 0.024439 0.021024 -0.000000
v 0.024591 0.021590 -0.000000
v 0.024774 0.022274 -0.000000
v -0.001540 0.023125 -0.000000
v -0.001250 0.022835 -0.000000
v 0.000000 0.022500 -0.000000
v 0.001250 0.022835 -0.000000
v 0.001540 0.023125 -0.000000
v 0.002165 0.023750 -0.000000
v 0.002500 0.025000 -0.000000
v 0.002165 0.026250 -0.000000
v 0.001250 0.027165 -0.000000
v 0.000000 0.027500 -0.000000
v -0.001250 0.027165 -0.000000
v -0.002165 0.026250 -0.000000
v -0.002500 0.025000 -0.000000
v -0.002165 0.023750 -0.000000
v -0.020002 0.023125 -0.000000
v -0.020109 0.023524 -0.000000
v -0.021024 0.024439 -0.000000
v -0.021250 0.024500 -0.000000
v -0.022274 0.024774 -0.000000
v -0.023524 0.024439 -0.000000
v -0.024439 0.023524 -0.000000
v -0.024546 0.023125 -0.000000
v -0.024774 0.022274 -0.000000
v -0.024590 0.021590 -0.000000
v -0.024439 0.021024 -0.000000
v -0.023524 0.020109 -0.000000
v -0.022274 0.019774 -0.000000
v -0.021250 0.020048 -0.000000
v -0.021024 0.020109 -0.000000
v -0.020109 0.021024 -0.000000
v -0.019957 0.021590 -0.000000
v -0.019774 0.022274 -0.000000
v -0.028250 0.014326 -0.000000
v -0.029102 0.014555 -0.000000
v -0.030352 0.014220 -0.000000
v -0.031267 0.013305 -0.000000
v -0.031602 0.012055 -0.000000
v -0.031267 0.010805 -0.000000
v -0.030352 0.009890 -0.000000
v -0.029102 0.009555 -0.000000
v -0.028250 0.009783 -0.000000
v -0.027852 0.009890 -0.000000
v -0.026937 0.010805 -0.000000
v -0.026602 0.012055 -0.000000
v -0.026937 0.013305 -0.000000
v -0.027852 0.014220 -0.000000
v -0.020048 -0.021250 -0.000000
v -0.020109 -0.021024 -0.000000
v -0.021024 -0.020109 -0.000000
v -0.021250 -0.020048 -0.000000
v -0.022274 -0.019774 -0.000000
v -0.023524 -0.020109 -0.000000
v -0.024439 -0.021024 -0.000000
v -0.024500 -0.021250 -0.000000
v -0.024774 -0.022274 -0.000000
v -0.024439 -0.023524 -0.000000
v -0.023524 -0.024439 -0.000000
v -0.022274 -0.024774 -0.000000
v -0.021250 -0.024499 -0.000000
v -0.021024 -0.024439 -0.000000
v -0.020109 -0.023524 -0.000000
v -0.019774 -0.022274 -0.000000
v -0.028250 -0.009783 -0.000000
v -0.029102 -0.009554 -0.000000
v -0.030352 -0.009889 -0.000000
v -0.031267 -0.010804 -0.000000
v -0.031602 -0.012054 -0.000000
v -0.031267 -0.013304 -0.000000
v -0.030352 -0.014219 -0.000000
v -0.029102 -0.014554 -0.000000
v -0.028250 -0.014326 -0.000000
v -0.027852 -0.014219 -0.000000
v -0.026937 -0.013304 -0.000000
v -0.026602 -0.012054 -0.000000
v -0.026937 -0.010804 -0.000000
v -0.027852 -0.009889 -0.000000
v -0.025688 0.002316 -0.000000
v -0.026250 0.002165 -0.000000
v -0.027165 0.001250 -0.000000
v -0.027500 0.000000 -0.000000
v -0.027165 -0.001250 -0.000000
v -0.026250 -0.002165 -0.000000
v -0.025688 -0.002315 -0.000000
v -0.025000 -0.002500 -0.000000
v -0.023750 -0.002165 -0.000000
v -0.022835 -0.001250 -0.000000
v -0.022500 0.000000 -0.000000
v -0.022835 0.001250 -0.000000
v -0.023750 0.002165 -0.000000
v -0.025000 0.002500 -0.000000
v -0.029000 0.000000 -0.000000
v -0.029335 0.001250 -0.000000
v -0.030250 0.002165 -0.000000
v -0.031500 0.002500 -0.000000
v -0.032750 0.002165 -0.000000
v -0.033665 0.001250 -0.000000
v -0.034000 0.000000 -0.000000
v -0.033665 -0.001250 -0.000000
v -0.032750 -0.002165 -0.000000
v -0.031500 -0.002500 -0.000000
v -0.030250 -0.002165 -0.000000
v -0.029335 -0.001250 -0.000000
v 0.020559 0.017227 -0.000000
v 0.020680 0.017680 -0.000000
v 0.019512 0.015414 -0.000000
v 0.020278 0.016180 -0.000000
v 0.016180 0.015082 -0.000000
v 0.017680 0.014680 -0.000000
v 0.019180 0.015082 -0.000000
v 0.014802 0.017227 -0.000000
v 0.015082 0.016180 -0.000000
v 0.015715 0.015547 -0.000000
v 0.015715 0.019813 -0.000000
v 0.015082 0.019180 -0.000000
v 0.014680 0.017680 -0.000000
v 0.020278 0.019180 -0.000000
v 0.019512 0.019946 -0.000000
v 0.019180 0.020278 -0.000000
v 0.017680 0.020680 -0.000000
v 0.016180 0.020278 -0.000000
v -0.021250 -0.017164 -0.000000
v -0.021250 0.017227 -0.000000
v 0.021590 0.017227 -0.000000
v -0.019512 0.006027 -0.000000
v 0.019512 0.006027 -0.000000
v -0.009625 -0.025512 -0.000000
v 0.017067 -0.032264 -0.000000
v 0.019229 -0.030871 -0.000000
v 0.015715 -0.030871 -0.000000
v 0.022316 -0.028883 -0.000000
v 0.025688 -0.025783 -0.000000
v 0.025688 -0.025512 -0.000000
v 0.028250 0.022931 -0.000000
v 0.028250 0.021590 -0.000000
v 0.029413 0.021590 -0.000000
v 0.025688 0.025886 -0.000000
v 0.025688 0.023125 -0.000000
v 0.028082 0.023125 -0.000000
v -0.028082 0.023125 -0.000000
v -0.025688 0.023125 -0.000000
v -0.025688 0.025886 -0.000000
v -0.029413 0.021590 -0.000000
v -0.028250 0.021590 -0.000000
v -0.028250 0.022931 -0.000000
v -0.017067 -0.032264 -0.000000
v -0.012638 -0.034242 -0.000000
v -0.009625 -0.034242 -0.000000
v -0.009625 -0.030871 -0.000000
v -0.019230 -0.030871 -0.000000
v -0.019512 -0.030689 -0.000000
v -0.019512 -0.025512 -0.000000
v -0.025688 -0.025783 -0.000000
v -0.022317 -0.028883 -0.000000
v -0.021250 -0.025512 -0.000000
v -0.021250 -0.029570 -0.000000
v -0.025983 -0.025512 -0.000000
v -0.025688 -0.025512 -0.000000
v -0.026914 -0.024656 -0.000000
v -0.025688 -0.021250 -0.000000
v -0.028250 -0.022919 -0.000000
v -0.029535 -0.021250 -0.000000
v -0.028250 -0.021250 -0.000000
v -0.030722 -0.019707 -0.000000
v -0.028250 -0.017164 -0.000000
v -0.032062 -0.017164 -0.000000
v -0.035557 -0.008242 -0.000000
v -0.035874 -0.006027 -0.000000
v -0.028250 -0.006027 -0.000000
v -0.033632 -0.014182 -0.000000
v -0.028250 0.006027 -0.000000
v -0.036442 -0.002060 -0.000000
v -0.036260 0.004182 -0.000000
v -0.035885 0.006028 -0.000000
v -0.028250 0.014617 -0.000000
v -0.033333 0.014618 -0.000000
v -0.035016 0.010301 -0.000000
v -0.028250 0.017227 -0.000000
v -0.029521 0.021465 -0.000000
v -0.032079 0.017227 -0.000000
v -0.032748 0.016119 -0.000000
v -0.025688 0.021590 -0.000000
v -0.021250 0.029600 -0.000000
v -0.020595 0.030135 -0.000000
v -0.019512 0.030746 -0.000000
v -0.019512 0.023125 -0.000000
v -0.015157 0.033204 -0.000000
v -0.009625 0.035177 -0.000000
v -0.009625 0.023125 -0.000000
v 0.008590 0.023125 -0.000000
v 0.008590 0.035420 -0.000000
v 0.003123 0.036366 -0.000000
v -0.003122 0.036366 -0.000000
v -0.009275 0.035302 -0.000000
v 0.019512 0.023125 -0.000000
v 0.015715 0.023125 -0.000000
v 0.015715 0.032889 -0.000000
v 0.015157 0.033204 -0.000000
v 0.009276 0.035302 -0.000000
v 0.019512 0.030746 -0.000000
v 0.020595 0.030134 -0.000000
v 0.021590 0.029321 -0.000000
v 0.025688 0.021590 -0.000000
v 0.028250 0.017227 -0.000000
v 0.032079 0.017227 -0.000000
v 0.029521 0.021465 -0.000000
v 0.028250 0.014617 -0.000000
v 0.033334 0.014617 -0.000000
v 0.032748 0.016119 -0.000000
v 0.035016 0.010301 -0.000000
v 0.035885 0.006027 -0.000000
v 0.028250 0.006027 -0.000000
v 0.028250 -0.006027 -0.000000
v 0.036442 -0.002061 -0.000000
v 0.035874 -0.006028 -0.000000
v 0.036260 0.004181 -0.000000
v 0.035557 -0.008242 -0.000000
v 0.028250 -0.017164 -0.000000
v 0.032062 -0.017164 -0.000000
v 0.033632 -0.014183 -0.000000
v 0.026913 -0.024656 -0.000000
v 0.028250 -0.022920 -0.000000
v 0.028250 -0.021250 -0.000000
v 0.029535 -0.021250 -0.000000
v 0.030722 -0.019708 -0.000000
v 0.021590 -0.025512 -0.000000
v 0.019512 -0.025512 -0.000000
v 0.021590 -0.029351 -0.000000
v 0.019512 -0.030689 -0.000000
v 0.015715 -0.025512 -0.000000
v -0.019512 -0.021250 -0.000000
v -0.009625 -0.021250 -0.000000
v 0.015715 -0.021250 -0.000000
v 0.019512 -0.021250 -0.000000
v 0.021590 -0.006027 -0.000000
v 0.021590 0.006027 -0.000000
v 0.019512 0.014617 -0.000000
v 0.015715 0.014617 -0.000000
v 0.015715 0.021590 -0.000000
v 0.008590 0.021590 -0.000000
v -0.009625 0.021590 -0.000000
v -0.019512 0.014617 -0.000000
v -0.021250 0.006027 -0.000000
v -0.021250 -0.006027 -0.000000
v -0.019512 -0.006027 -0.000000
v -0.019512 -0.017164 -0.000000
v 0.008590 -0.021250 -0.000000
v 0.015715 -0.017164 -0.000000
v 0.019512 -0.006027 -0.000000
v 0.008590 -0.025512 -0.000000
v 0.008590 -0.030871 -0.000000
v 0.025688 -0.021250 -0.000000
v 0.025982 -0.025512 -0.000000
v 0.021590 -0.017164 -0.000000
v 0.025688 -0.017164 -0.000000
v 0.019512 -0.017164 -0.000000
v 0.025688 -0.006027 -0.000000
v 0.025688 0.006027 -0.000000
v 0.025688 0.014617 -0.000000
v 0.025431 0.026183 -0.000000
v 0.019512 0.021590 -0.000000
v 0.025688 0.017227 -0.000000
v -0.025430 0.026183 -0.000000
v -0.025688 0.017227 -0.000000
v -0.019512 0.021590 -0.000000
v -0.019512 0.017227 -0.000000
v -0.025688 0.014617 -0.000000
v -0.025688 0.006027 -0.000000
v -0.025688 -0.017164 -0.000000
v -0.025688 -0.006027 -0.000000
v 0.021590 0.014617 -0.000000
v -0.021250 0.014617 -0.000000
v 0.008590 -0.034242 -0.000000
v 0.012638 -0.034242 -0.000000
v 0.015715 -0.032868 -0.000000
v 0.012638 -0.034242 -0.028000
v -0.012638 -0.034242 -0.028000
v -0.017067 -0.032264 -0.028000
v -0.003122 0.036366 -0.028000
v 0.017067 -0.032264 -0.028000
v -0.009275 0.035302 -0.028000
v -0.015157 0.033204 -0.028000
v -0.020595 0.030135 -0.028000
v -0.025430 0.026183 -0.028000
v 0.003123 0.036366 -0.028000
v 0.009276 0.035302 -0.028000
v 0.015157 0.033204 -0.028000
v -0.036260 0.004182 -0.028000
v -0.035016 0.010301 -0.028000
v 0.020595 0.030134 -0.028000
v 0.025431 0.026183 -0.028000
v 0.029521 0.021465 -0.028000
v 0.032748 0.016119 -0.028000
v 0.035016 0.010301 -0.028000
v 0.036260 0.004181 -0.028000
v 0.036442 -0.002061 -0.028000
v 0.035557 -0.008242 -0.028000
v 0.033632 -0.014183 -0.028000
v 0.030722 -0.019708 -0.028000
v -0.032748 0.016119 -0.028000
v -0.029521 0.021465 -0.028000
v 0.026913 -0.024656 -0.028000
v 0.022316 -0.028883 -0.028000
v -0.022317 -0.028883 -0.028000
v -0.026914 -0.024656 -0.028000
v -0.030722 -0.019707 -0.028000
v -0.033632 -0.014182 -0.028000
v -0.035557 -0.008242 -0.028000
v -0.036442 -0.002060 -0.028000
v -0.012816 -0.035242 -0.027000
v 0.017534 -0.033148 -0.027000
v 0.012815 -0.035242 -0.027000
v -0.017535 -0.033148 -0.027000
v -0.018525 -0.032510 -0.027000
v -0.022928 -0.029674 -0.027000
v -0.023739 -0.028928 -0.027000
v -0.027651 -0.025331 -0.027000
v -0.028276 -0.024519 -0.027000
v -0.031564 -0.020247 -0.027000
v -0.032007 -0.019407 -0.027000
v -0.034553 -0.014571 -0.027000
v -0.034823 -0.013740 -0.027000
v -0.036531 -0.008468 -0.027000
v -0.036644 -0.007678 -0.027000
v -0.037440 -0.002117 -0.027000
v -0.037419 -0.001396 -0.027000
v -0.037253 0.004296 -0.027000
v -0.037125 0.004929 -0.027000
v -0.035976 0.010583 -0.027000
v -0.035769 0.011114 -0.027000
v -0.033645 0.016561 -0.027000
v -0.033390 0.016983 -0.027000
v -0.030330 0.022053 -0.027000
v -0.030056 0.022369 -0.027000
v -0.026127 0.026901 -0.027000
v -0.025862 0.027117 -0.027000
v -0.021159 0.030960 -0.027000
v -0.020928 0.031091 -0.027000
v -0.015572 0.034114 -0.027000
v -0.015393 0.034178 -0.027000
v -0.009529 0.036269 -0.027000
v -0.009417 0.036288 -0.027000
v 0.003170 0.037363 -0.027000
v -0.003170 0.037363 -0.027000
v -0.003208 0.037363 -0.027000
v 0.003208 0.037363 -0.027000
v 0.009418 0.036288 -0.027000
v 0.009530 0.036269 -0.027000
v 0.015394 0.034177 -0.027000
v 0.015573 0.034114 -0.027000
v 0.020928 0.031091 -0.027000
v 0.021160 0.030960 -0.027000
v 0.025863 0.027116 -0.027000
v 0.026127 0.026900 -0.027000
v 0.030057 0.022368 -0.027000
v 0.030330 0.022053 -0.027000
v 0.033390 0.016983 -0.027000
v 0.033645 0.016560 -0.027000
v 0.035769 0.011113 -0.027000
v 0.035976 0.010583 -0.027000
v 0.037125 0.004928 -0.027000
v 0.037253 0.004296 -0.027000
v 0.037419 -0.001396 -0.027000
v 0.037440 -0.002117 -0.027000
v 0.036644 -0.007679 -0.027000
v 0.036531 -0.008468 -0.027000
v 0.034823 -0.013740 -0.027000
v 0.034553 -0.014571 -0.027000
v 0.032006 -0.019408 -0.027000
v 0.031564 -0.020248 -0.027000
v 0.028276 -0.024519 -0.027000
v 0.027650 -0.025332 -0.027000
v 0.023739 -0.028929 -0.027000
v 0.022928 -0.029674 -0.027000
v 0.018524 -0.032511 -0.027000
v -0.026127 0.026901 -0.001000
v 0.012815 -0.035242 -0.001000
v 0.017534 -0.033148 -0.001000
v 0.018524 -0.032511 -0.001000
v 0.027650 -0.025332 -0.001000
v 0.023739 -0.028929 -0.001000
v 0.022928 -0.029674 -0.001000
v 0.028276 -0.024519 -0.001000
v 0.031564 -0.020248 -0.001000
v 0.032006 -0.019408 -0.001000
v 0.034553 -0.014571 -0.001000
v 0.034823 -0.013740 -0.001000
v 0.036531 -0.008468 -0.001000
v 0.036644 -0.007679 -0.001000
v 0.037440 -0.002117 -0.001000
v 0.037419 -0.001396 -0.001000
v 0.037253 0.004296 -0.001000
v 0.037125 0.004928 -0.001000
v 0.035976 0.010583 -0.001000
v 0.035769 0.011113 -0.001000
v 0.033645 0.016560 -0.001000
v 0.033390 0.016983 -0.001000
v 0.030330 0.022053 -0.001000
v 0.030057 0.022368 -0.001000
v 0.021160 0.030960 -0.001000
v 0.025863 0.027116 -0.001000
v 0.026127 0.026900 -0.001000
v 0.020928 0.031091 -0.001000
v 0.015573 0.034114 -0.001000
v 0.015394 0.034177 -0.001000
v 0.009530 0.036269 -0.001000
v 0.009418 0.036288 -0.001000
v -0.003170 0.037363 -0.001000
v 0.003170 0.037363 -0.001000
v 0.003208 0.037363 -0.001000
v -0.003208 0.037363 -0.001000
v -0.009417 0.036288 -0.001000
v -0.009529 0.036269 -0.001000
v -0.015393 0.034178 -0.001000
v -0.015572 0.034114 -0.001000
v -0.020928 0.031091 -0.001000
v -0.021159 0.030960 -0.001000
v -0.025862 0.027117 -0.001000
v -0.030056 0.022369 -0.001000
v -0.033645 0.016561 -0.001000
v -0.033390 0.016983 -0.001000
v -0.030330 0.022053 -0.001000
v -0.035769 0.011114 -0.001000
v -0.035976 0.010583 -0.001000
v -0.037125 0.004929 -0.001000
v -0.037253 0.004296 -0.001000
v -0.037419 -0.001396 -0.001000
v -0.037440 -0.002117 -0.001000
v -0.036644 -0.007678 -0.001000
v -0.036531 -0.008468 -0.001000
v -0.034823 -0.013740 -0.001000
v -0.034553 -0.014571 -0.001000
v -0.032007 -0.019407 -0.001000
v -0.031564 -0.020247 -0.001000
v -0.027651 -0.025331 -0.001000
v -0.028276 -0.024519 -0.001000
v -0.023739 -0.028928 -0.001000
v -0.022928 -0.029674 -0.001000
v -0.012816 -0.035242 -0.001000
v -0.017535 -0.033148 -0.001000
v -0.018525 -0.032510 -0.001000
v 0.012815 -0.035242 -0.026394
v 0.012815 -0.035242 -0.001606
v -0.012816 -0.035242 -0.026394
v -0.012816 -0.035242 -0.001606
v -0.012501 -0.035242 -0.001319
v -0.012001 -0.035242 -0.001185
v 0.011999 -0.035242 -0.001185
v 0.012499 -0.035242 -0.001319
v 0.013000 -0.035242 -0.025815
v 0.012866 -0.035242 -0.026315
v 0.012999 -0.035242 -0.002185
v 0.012865 -0.035242 -0.001685
v 0.012500 -0.035242 -0.026681
v 0.012000 -0.035242 -0.026815
v -0.012000 -0.035242 -0.026815
v -0.012500 -0.035242 -0.026681
v -0.013001 -0.035242 -0.002185
v -0.012867 -0.035242 -0.001685
v -0.013000 -0.035242 -0.025815
v -0.012866 -0.035242 -0.026315
vn -0.0000 -1.0000 -0.0000
vn -0.8740 -0.0000 -0.4859
vn -0.9934 -0.0000 -0.1145
vn -0.9616 -0.0000 0.2744
vn -0.7834 -0.0000 0.6215
vn -0.4859 -0.0000 0.8740
vn -0.1145 -0.0000 0.9934
vn 0.2744 -0.0000 0.9616
vn 0.6215 -0.0000 0.7834
vn 0.8740 -0.0000 0.4859
vn 0.9934 -0.0000 0.1145
vn 0.9616 -0.0000 -0.2744
vn 0.7834 -0.0000 -0.6215
vn 0.4859 -0.0000 -0.8740
vn 0.1145 -0.0000 -0.9934
vn -0.2744 -0.0000 -0.9616
vn -0.6215 -0.0000 -0.7834
vn 0.7395 -0.0000 0.6731
vn 0.9620 -0.0000 0.2729
vn 0.9989 -0.0000 -0.0469
vn 0.9145 -0.0000 -0.4046
vn 0.7066 -0.0000 -0.7076
vn 0.4032 -0.0000 -0.9151
vn 0.0454 -0.0000 -0.9990
vn -0.3185 -0.0000 -0.9479
vn -0.6394 -0.0000 -0.7689
vn -0.6394 -0.0000 -0.7688
vn -0.9905 -0.0000 -0.1374
vn -0.9733 -0.0000 0.2297
vn -0.8246 -0.0000 0.5658
vn -0.5645 -0.0000 0.8254
vn -0.2282 -0.0000 0.9736
vn 0.1389 -0.0000 0.9903
vn 0.4873 -0.0000 0.8733
vn -0.0161 0.0638 -0.9978
vn -0.0162 -0.0000 -0.9999
vn 0.8561 0.0638 -0.5129
vn 0.8578 -0.0000 -0.5139
vn 0.8722 0.0638 0.4850
vn 0.0161 0.0638 0.9978
vn 0.0162 -0.0000 0.9999
vn -0.8561 0.0638 0.5129
vn -0.8578 -0.0000 0.5139
vn -0.8722 0.0638 -0.4850
vn -0.8722 0.0638 -0.4849
vn -0.0138 0.5215 -0.8532
vn -0.0114 0.7071 -0.7070
vn 0.1098 0.9741 -0.1976
vn -0.1162 0.9741 -0.1939
vn -0.0157 0.2464 -0.9690
vn 0.8314 0.2464 -0.4981
vn 0.7320 0.5215 -0.4385
vn 0.6066 0.7071 -0.3634
vn 0.2260 0.9741 -0.0036
vn 0.8470 0.2464 0.4710
vn 0.7458 0.5215 0.4146
vn 0.6180 0.7071 0.3436
vn 0.0687 0.8845 0.4615
vn 0.1162 0.9741 0.1939
vn 0.0157 0.2464 0.9690
vn 0.0138 0.5215 0.8532
vn -0.2489 0.8589 0.4476
vn -0.1098 0.9741 0.1976
vn -0.8314 0.2464 0.4981
vn -0.7320 0.5215 0.4385
vn -0.4283 0.8845 0.1852
vn -0.2260 0.9741 0.0037
vn -0.7458 0.5215 -0.4146
vn -0.6180 0.7071 -0.3436
vn -0.8470 0.2464 -0.4710
vn -0.7457 0.5215 -0.4147
vn -0.0000 -0.0000 1.0000
vn -0.2588 -0.9659 -0.0000
vn 0.2588 -0.9659 -0.0000
vn 0.7071 -0.7071 -0.0000
vn 0.8660 -0.5000 -0.0000
vn 1.0000 -0.0000 -0.0000
vn 0.8660 0.5000 -0.0000
vn 0.7071 0.7071 -0.0000
vn 0.2588 0.9659 -0.0000
vn -0.2588 0.9659 -0.0000
vn -0.7071 0.7071 -0.0000
vn -0.9659 0.2588 -0.0000
vn -1.0000 -0.0000 -0.0000
vn -0.9659 -0.2588 -0.0000
vn -0.7071 -0.7071 -0.0000
vn -0.5000 -0.8660 -0.0000
vn 0.5000 -0.8660 -0.0000
vn 0.5000 0.8660 -0.0000
vn 0.9659 -0.2588 -0.0000
vn -0.0000 1.0000 -0.0000
vn -0.5000 0.8660 -0.0000
vn -0.8660 0.5000 -0.0000
vn 0.9659 0.2588 -0.0000
vn -0.8660 -0.5000 -0.0000
vn -0.6862 -0.7274 -0.0000
vn -0.7660 -0.6428 -0.0000
vn -0.7661 -0.6428 -0.0000
vn -0.5972 -0.8021 -0.0000
vn -0.3961 -0.9182 -0.0000
vn -0.2868 -0.9580 -0.0000
vn -0.1737 -0.9848 -0.0000
vn 0.0581 -0.9983 -0.0000
vn -0.0582 -0.9983 -0.0000
vn 0.2868 -0.9580 -0.0000
vn 0.3961 -0.9182 -0.0000
vn 0.5972 0.8021 -0.0000
vn 0.6863 0.7274 -0.0000
vn 0.5972 -0.8021 -0.0000
vn 0.6862 -0.7274 -0.0000
vn 0.8355 -0.5495 -0.0000
vn 0.9397 -0.3420 -0.0000
vn 0.9730 -0.2306 -0.0000
vn 0.9932 -0.1161 -0.0000
vn 0.9932 0.1161 -0.0000
vn 0.9730 0.2306 -0.0000
vn 0.9397 0.3420 -0.0000
vn 0.8355 0.5495 -0.0000
vn 0.6862 0.7274 -0.0000
vn 0.2868 0.9580 -0.0000
vn 0.3961 0.9182 -0.0000
vn 0.0582 0.9983 -0.0000
vn -0.7660 0.6428 -0.0000
vn -0.6862 0.7274 -0.0000
vn -0.5972 0.8021 -0.0000
vn -0.3961 0.9182 -0.0000
vn -0.2868 0.9580 -0.0000
vn -0.1736 0.9848 -0.0000
vn -0.0581 0.9983 -0.0000
vn -0.9730 0.2306 -0.0000
vn -0.9397 0.3420 -0.0000
vn -0.8355 0.5495 -0.0000
vn -0.8936 0.4488 -0.0000
vn -0.9932 0.1161 -0.0000
vn -0.9932 -0.1161 -0.0000
vn -0.9730 -0.2306 -0.0000
vn -0.9397 -0.3420 -0.0000
vn -0.8936 -0.4488 -0.0000
vn -0.8355 -0.5495 -0.0000
vn -0.6124 0.3536 0.7071
vn -0.6947 0.1862 0.6947
vn -0.7071 -0.0000 0.7071
vn -0.6124 -0.3536 0.7071
vn -0.3536 0.6124 0.7071
vn -0.5086 0.5086 0.6947
vn 0.3536 0.6124 0.7071
vn -0.0000 0.7071 0.7071
vn 0.7071 -0.0000 0.7071
vn 0.6947 0.1862 0.6947
vn 0.6124 0.3535 0.7071
vn 0.5086 0.5086 0.6947
vn 0.3536 -0.6124 0.7071
vn 0.5086 -0.5086 0.6947
vn 0.6124 -0.3536 0.7071
vn -0.6124 -0.3535 0.7071
vn -0.5086 -0.5086 0.6947
vn -0.3536 -0.6124 0.7071
vn -0.0000 -0.7071 0.7071
vn 0.3535 -0.6124 0.7071
vn -0.0000 -0.0000 -1.0000
vn -0.3364 -0.6224 -0.7067
vn -0.1489 -0.6859 -0.7123
vn -0.1441 -0.6864 -0.7128
vn 0.3368 -0.6218 -0.7071
vn 0.3365 -0.6224 -0.7067
vn 0.1481 -0.6857 -0.7127
vn 0.1436 -0.6869 -0.7124
vn -0.3357 -0.6224 -0.7071
vn -0.3836 -0.5956 -0.7058
vn -0.4323 -0.5595 -0.7071
vn -0.4795 -0.5215 -0.7058
vn -0.5214 -0.4777 -0.7071
vn -0.5614 -0.4321 -0.7058
vn -0.5952 -0.3818 -0.7071
vn -0.6268 -0.3301 -0.7058
vn -0.6515 -0.2747 -0.7071
vn -0.6739 -0.2184 -0.7058
vn -0.6888 -0.1597 -0.7071
vn -0.7013 -0.1003 -0.7058
vn -0.7060 -0.0399 -0.7071
vn -0.7081 0.0207 -0.7058
vn -0.7025 0.0810 -0.7071
vn -0.7024 0.0810 -0.7071
vn -0.6942 0.1411 -0.7058
vn -0.6784 0.1996 -0.7071
vn -0.6600 0.2573 -0.7058
vn -0.6344 0.3123 -0.7071
vn -0.6065 0.3661 -0.7058
vn -0.5719 0.4158 -0.7071
vn -0.5352 0.4641 -0.7058
vn -0.4927 0.5072 -0.7071
vn -0.4483 0.5485 -0.7058
vn -0.3990 0.5838 -0.7071
vn -0.3482 0.6169 -0.7058
vn -0.2936 0.6433 -0.7071
vn -0.2380 0.6672 -0.7058
vn -0.1797 0.6839 -0.7071
vn -0.1207 0.6980 -0.7058
vn -0.0605 0.7045 -0.7071
vn -0.0000 0.7084 -0.7058
vn 0.0605 0.7045 -0.7071
vn 0.1207 0.6980 -0.7058
vn 0.1797 0.6839 -0.7071
vn 0.2380 0.6672 -0.7058
vn 0.2936 0.6433 -0.7071
vn 0.3482 0.6169 -0.7058
vn 0.3990 0.5838 -0.7071
vn 0.4483 0.5485 -0.7058
vn 0.4927 0.5072 -0.7071
vn 0.5352 0.4641 -0.7058
vn 0.5719 0.4158 -0.7071
vn 0.6065 0.3661 -0.7058
vn 0.6344 0.3123 -0.7071
vn 0.6600 0.2573 -0.7058
vn 0.6784 0.1995 -0.7071
vn 0.6784 0.1996 -0.7071
vn 0.6942 0.1410 -0.7058
vn 0.7025 0.0810 -0.7071
vn 0.7081 0.0207 -0.7058
vn 0.7060 -0.0399 -0.7071
vn 0.7013 -0.1004 -0.7058
vn 0.6888 -0.1597 -0.7071
vn 0.6739 -0.2184 -0.7058
vn 0.6515 -0.2748 -0.7071
vn 0.5952 -0.3818 -0.7071
vn 0.6268 -0.3301 -0.7058
vn 0.5214 -0.4777 -0.7071
vn 0.5614 -0.4321 -0.7058
vn 0.4323 -0.5595 -0.7071
vn 0.4795 -0.5215 -0.7058
vn 0.3836 -0.5956 -0.7058
vn -0.5352 0.4641 0.7058
vn -0.4927 0.5072 0.7071
vn 0.1489 -0.6859 0.7123
vn 0.1441 -0.6864 0.7128
vn 0.2882 -0.6480 0.7050
vn 0.3362 -0.6224 0.7068
vn 0.3836 -0.5956 0.7058
vn 0.3368 -0.6218 0.7071
vn 0.5214 -0.4777 0.7071
vn 0.4795 -0.5215 0.7058
vn 0.4323 -0.5595 0.7071
vn 0.5614 -0.4321 0.7058
vn 0.5952 -0.3818 0.7071
vn 0.6268 -0.3301 0.7058
vn 0.6515 -0.2748 0.7071
vn 0.6739 -0.2184 0.7058
vn 0.6888 -0.1597 0.7071
vn 0.7013 -0.1004 0.7058
vn 0.7013 -0.1003 0.7058
vn 0.7060 -0.0399 0.7071
vn 0.7081 0.0207 0.7058
vn 0.7025 0.0810 0.7071
vn 0.6942 0.1410 0.7058
vn 0.6784 0.1995 0.7071
vn 0.6784 0.1996 0.7071
vn 0.6600 0.2573 0.7058
vn 0.6344 0.3123 0.7071
vn 0.6065 0.3661 0.7058
vn 0.5719 0.4158 0.7071
vn 0.5352 0.4641 0.7058
vn 0.3990 0.5838 0.7071
vn 0.4483 0.5485 0.7058
vn 0.4927 0.5072 0.7071
vn 0.3482 0.6169 0.7058
vn 0.2936 0.6433 0.7071
vn 0.2380 0.6672 0.7058
vn 0.1797 0.6839 0.7071
vn 0.1208 0.6980 0.7058
vn 0.1207 0.6980 0.7058
vn 0.0605 0.7045 0.7071
vn -0.0000 0.7084 0.7058
vn -0.0605 0.7045 0.7071
vn -0.1207 0.6980 0.7058
vn -0.1797 0.6839 0.7071
vn -0.2380 0.6672 0.7058
vn -0.2936 0.6433 0.7071
vn -0.3482 0.6169 0.7058
vn -0.3990 0.5838 0.7071
vn -0.4483 0.5485 0.7058
vn -0.6784 0.1996 0.7071
vn -0.6600 0.2573 0.7058
vn -0.6344 0.3123 0.7071
vn -0.6065 0.3661 0.7058
vn -0.5719 0.4158 0.7071
vn -0.6942 0.1411 0.7058
vn -0.7025 0.0810 0.7071
vn -0.7081 0.0207 0.7058
vn -0.7060 -0.0399 0.7071
vn -0.7013 -0.1003 0.7058
vn -0.6888 -0.1597 0.7071
vn -0.6739 -0.2184 0.7058
vn -0.6515 -0.2747 0.7071
vn -0.6268 -0.3301 0.7058
vn -0.5952 -0.3818 0.7071
vn -0.4795 -0.5215 0.7058
vn -0.5214 -0.4777 0.7071
vn -0.5614 -0.4321 0.7058
vn -0.4323 -0.5595 0.7071
vn -0.1436 -0.6869 0.7124
vn -0.1481 -0.6857 0.7127
vn -0.3365 -0.6224 0.7067
vn -0.3368 -0.6217 0.7071
vn -0.3836 -0.5956 0.7058
vn 0.3253 -0.9456 -0.0000
vn 0.2073 -0.9783 -0.0000
vn 0.4750 -0.8800 -0.0000
vn 0.3254 -0.9456 -0.0000
vn 0.5415 -0.8407 -0.0000
vn 0.6114 -0.7913 -0.0000
vn 0.6769 -0.7361 -0.0000
vn 0.7373 -0.6755 -0.0000
vn 0.7924 -0.6100 -0.0000
vn 0.8417 -0.5399 -0.0000
vn 0.8848 -0.4660 -0.0000
vn 0.9214 -0.3886 -0.0000
vn 0.9513 -0.3083 -0.0000
vn 0.9742 -0.2258 -0.0000
vn 0.9899 -0.1417 -0.0000
vn 0.9984 -0.0565 -0.0000
vn 0.9996 0.0291 -0.0000
vn 0.9934 0.1145 -0.0000
vn 0.9800 0.1991 -0.0000
vn 0.9594 0.2822 -0.0000
vn 0.9317 0.3632 -0.0000
vn 0.8972 0.4416 -0.0000
vn 0.8561 0.5167 -0.0000
vn 0.8088 0.5881 -0.0000
vn 0.7555 0.6551 -0.0000
vn 0.6967 0.7173 -0.0000
vn 0.6328 0.7743 -0.0000
vn 0.5643 0.8256 -0.0000
vn 0.4916 0.8708 -0.0000
vn 0.4153 0.9097 -0.0000
vn 0.3359 0.9419 -0.0000
vn 0.2541 0.9672 -0.0000
vn 0.1705 0.9854 -0.0000
vn 0.0855 0.9963 -0.0000
vn -0.4893 -0.8721 -0.0000
vn -0.6114 -0.7913 -0.0000
vn -0.6769 -0.7361 -0.0000
vn -0.7374 -0.6755 -0.0000
vn -0.7924 -0.6100 -0.0000
vn -0.8417 -0.5399 -0.0000
vn -0.8848 -0.4660 -0.0000
vn -0.9214 -0.3886 -0.0000
vn -0.9513 -0.3083 -0.0000
vn -0.9742 -0.2258 -0.0000
vn -0.9899 -0.1416 -0.0000
vn -0.9984 -0.0564 -0.0000
vn -0.9996 0.0292 -0.0000
vn -0.9934 0.1146 -0.0000
vn -0.9800 0.1991 -0.0000
vn -0.9593 0.2822 -0.0000
vn -0.9594 0.2822 -0.0000
vn -0.9317 0.3633 -0.0000
vn -0.9317 0.3632 -0.0000
vn -0.8972 0.4416 -0.0000
vn -0.8561 0.5168 -0.0000
vn -0.8561 0.5167 -0.0000
vn -0.8088 0.5881 -0.0000
vn -0.7555 0.6551 -0.0000
vn -0.6967 0.7173 -0.0000
vn -0.6328 0.7743 -0.0000
vn -0.5642 0.8256 -0.0000
vn -0.4916 0.8708 -0.0000
vn -0.4152 0.9097 -0.0000
vn -0.3359 0.9419 -0.0000
vn -0.2541 0.9672 -0.0000
vn -0.1704 0.9854 -0.0000
vn -0.0855 0.9963 -0.0000
vn -0.4056 -0.9140 -0.0000
vn -0.2073 -0.9783 -0.0000
vn -0.2633 -0.9647 -0.0000
vn -0.2632 -0.9647 -0.0000
vn -0.3284 -0.5099 -0.7951
vn -0.4316 -0.9020 -0.0000
vn -0.3285 -0.5101 0.7949
vn -0.1306 -0.0000 0.9914
vn -0.4795 -0.0000 0.8775
vn -0.4973 -0.0045 0.8676
vn -0.7638 -0.0008 0.6454
vn -0.8676 -0.0050 0.4972
vn -0.9146 -0.0000 0.4043
vn -0.9914 -0.0000 0.1305
vn 0.1305 -0.0000 0.9914
vn 0.9914 -0.0000 0.1306
vn 0.9147 -0.0000 0.4041
vn 0.8676 -0.0050 0.4973
vn 0.7642 -0.0008 0.6450
vn 0.4973 -0.0044 0.8676
vn 0.4797 -0.0000 0.8774
vn 0.9914 -0.0000 -0.1305
vn 0.1306 -0.0000 -0.9914
vn 0.4795 -0.0000 -0.8775
vn 0.4973 -0.0045 -0.8676
vn 0.7638 -0.0008 -0.6454
vn 0.8676 -0.0050 -0.4972
vn 0.9146 -0.0000 -0.4043
vn -0.1305 -0.0000 -0.9914
vn -0.9914 -0.0000 -0.1306
vn -0.9147 -0.0000 -0.4041
vn -0.8676 -0.0050 -0.4973
vn -0.7642 -0.0008 -0.6450
vn -0.4973 -0.0044 -0.8676
vn -0.4797 -0.0000 -0.8774
s 1
f 1//1 2//1 3//1
f 4//1 5//1 3//1
f 3//1 5//1 6//1
f 3//1 6//1 1//1
f 7//1 8//1 3//1
f 3//1 8//1 9//1
f 3//1 9//1 4//1
f 10//1 11//1 3//1
f 3//1 11//1 12//1
f 3//1 12//1 7//1
f 13//1 14//1 3//1
f 3//1 14//1 15//1
f 3//1 15//1 10//1
f 2//1 16//1 3//1
f 3//1 16//1 17//1
f 3//1 17//1 13//1
f 18//2 10//3 19//3
f 19//3 10//3 15//4
f 19//3 15//4 20//4
f 20//4 15//4 14//5
f 20//4 14//5 21//5
f 21//5 14//5 13//6
f 21//5 13//6 22//6
f 22//6 13//6 17//7
f 22//6 17//7 23//7
f 23//7 17//7 16//8
f 23//7 16//8 24//8
f 24//8 16//8 2//9
f 24//8 2//9 25//9
f 25//9 2//9 1//10
f 25//9 1//10 26//10
f 26//10 1//10 6//11
f 26//10 6//11 27//11
f 27//11 6//11 5//12
f 27//11 5//12 28//12
f 28//12 5//12 4//13
f 28//12 4//13 29//13
f 29//13 4//13 9//14
f 29//13 9//14 30//14
f 30//14 9//14 8//15
f 30//14 8//15 31//15
f 31//15 8//15 7//16
f 31//15 7//16 32//16
f 32//16 7//16 12//17
f 32//16 12//17 33//17
f 33//17 12//17 11//2
f 33//17 11//2 18//2
f 18//2 11//2 10//3
f 34//1 35//1 26//1
f 26//1 35//1 36//1
f 26//1 36//1 25//1
f 25//1 36//1 37//1
f 25//1 37//1 24//1
f 24//1 37//1 38//1
f 24//1 38//1 23//1
f 23//1 38//1 39//1
f 23//1 39//1 22//1
f 22//1 39//1 40//1
f 22//1 40//1 21//1
f 21//1 40//1 41//1
f 21//1 41//1 20//1
f 20//1 41//1 42//1
f 20//1 42//1 19//1
f 19//1 42//1 43//1
f 19//1 43//1 18//1
f 18//1 43//1 44//1
f 18//1 44//1 33//1
f 33//1 44//1 45//1
f 33//1 45//1 32//1
f 32//1 45//1 46//1
f 32//1 46//1 31//1
f 31//1 46//1 47//1
f 31//1 47//1 30//1
f 30//1 47//1 48//1
f 30//1 48//1 29//1
f 29//1 48//1 49//1
f 29//1 49//1 28//1
f 28//1 49//1 50//1
f 28//1 50//1 27//1
f 27//1 50//1 51//1
f 27//1 51//1 26//1
f 26//1 51//1 34//1
f 36//18 35//10 52//10
f 52//10 35//10 53//19
f 35//10 34//19 53//19
f 53//19 34//19 51//20
f 53//19 51//20 54//20
f 54//20 51//20 50//21
f 54//20 50//21 55//21
f 55//21 50//21 49//22
f 55//21 49//22 56//22
f 56//22 49//22 48//23
f 56//22 48//23 57//23
f 57//23 48//23 47//24
f 57//23 47//24 58//24
f 58//24 47//24 46//25
f 58//24 46//25 59//25
f 59//25 46//25 45//26
f 59//25 45//26 60//27
f 60//27 45//26 44//2
f 60//27 44//2 61//2
f 61//2 44//2 43//28
f 61//2 43//28 62//28
f 62//28 43//28 42//29
f 62//28 42//29 63//29
f 63//29 42//29 41//30
f 63//29 41//30 64//30
f 64//30 41//30 40//31
f 64//30 40//31 65//31
f 65//31 40//31 39//32
f 65//31 39//32 66//32
f 66//32 39//32 38//33
f 66//32 38//33 67//33
f 67//33 38//33 37//34
f 67//33 37//34 68//34
f 68//34 37//34 36//18
f 68//34 36//18 69//18
f 69//18 36//18 52//10
f 56//1 70//1 55//1
f 55//1 70//1 71//1
f 55//1 71//1 54//1
f 59//1 72//1 58//1
f 58//1 72//1 70//1
f 58//1 70//1 57//1
f 57//1 70//1 56//1
f 65//1 73//1 64//1
f 64//1 73//1 74//1
f 64//1 74//1 63//1
f 65//1 66//1 73//1
f 73//1 66//1 67//1
f 73//1 67//1 75//1
f 75//1 67//1 68//1
f 59//1 60//1 72//1
f 72//1 60//1 61//1
f 72//1 61//1 74//1
f 74//1 61//1 62//1
f 74//1 62//1 63//1
f 68//1 69//1 75//1
f 75//1 69//1 52//1
f 75//1 52//1 71//1
f 71//1 52//1 53//1
f 71//1 53//1 54//1
f 76//35 70//36 77//35
f 77//35 70//36 72//36
f 78//37 71//38 76//37
f 76//37 71//38 70//38
f 79//39 75//10 78//39
f 78//39 75//10 71//10
f 80//40 73//41 79//40
f 79//40 73//41 75//41
f 81//42 74//43 80//42
f 80//42 74//43 73//43
f 77//44 72//2 81//45
f 81//45 72//2 74//2
f 82//46 83//47 84//47
f 84//48 83//49 85//49
f 84//48 85//49 86//48
f 76//35 77//35 87//50
f 87//50 77//35 88//50
f 87//50 88//50 82//46
f 82//46 88//50 89//46
f 82//46 89//46 83//47
f 78//37 76//37 87//51
f 78//37 87//51 90//51
f 90//51 87//51 82//52
f 90//51 82//52 91//52
f 91//52 82//52 84//53
f 91//52 84//53 92//53
f 92//54 84//48 86//48
f 92//54 86//48 93//54
f 79//39 78//39 90//55
f 79//39 90//55 94//55
f 94//55 90//55 91//56
f 94//55 91//56 95//56
f 95//56 91//56 92//57
f 95//56 92//57 96//57
f 96//58 92//54 93//54
f 96//58 93//54 97//59
f 80//40 79//40 98//60
f 98//60 79//40 94//60
f 98//60 94//60 99//61
f 94//60 95//61 99//61
f 99//61 95//61 96//58
f 99//61 96//58 100//62
f 100//62 96//58 97//59
f 100//62 97//59 101//63
f 81//42 80//42 98//64
f 81//42 98//64 102//64
f 102//64 98//64 99//65
f 102//64 99//65 103//65
f 103//65 99//65 100//62
f 103//65 100//62 104//66
f 104//66 100//62 101//63
f 104//66 101//63 105//67
f 89//68 104//69 83//69
f 83//49 104//66 105//67
f 83//49 105//67 85//49
f 77//44 81//45 88//70
f 88//70 81//45 102//70
f 88//70 102//70 89//68
f 89//68 102//70 103//71
f 89//68 103//71 104//69
f 106//1 101//1 107//1
f 107//1 101//1 97//1
f 108//1 86//1 109//1
f 109//1 86//1 85//1
f 109//1 85//1 110//1
f 108//1 111//1 86//1
f 86//1 111//1 112//1
f 86//1 112//1 93//1
f 106//1 113//1 101//1
f 101//1 113//1 114//1
f 101//1 114//1 105//1
f 115//1 107//1 116//1
f 116//1 107//1 97//1
f 116//1 97//1 117//1
f 117//1 97//1 93//1
f 117//1 93//1 118//1
f 118//1 93//1 112//1
f 114//1 119//1 105//1
f 105//1 119//1 120//1
f 105//1 120//1 85//1
f 85//1 120//1 121//1
f 85//1 121//1 110//1
f 122//72 123//72 124//72
f 124//72 123//72 125//72
f 124//72 125//72 126//72
f 127//72 128//72 124//72
f 124//72 128//72 129//72
f 124//72 129//72 122//72
f 130//72 131//72 124//72
f 124//72 131//72 132//72
f 124//72 132//72 127//72
f 126//72 133//72 124//72
f 124//72 133//72 134//72
f 124//72 134//72 130//72
f 135//72 136//72 137//72
f 137//72 136//72 138//72
f 137//72 138//72 139//72
f 140//72 141//72 137//72
f 137//72 141//72 142//72
f 137//72 142//72 135//72
f 143//72 144//72 137//72
f 137//72 144//72 145//72
f 137//72 145//72 140//72
f 139//72 146//72 137//72
f 137//72 146//72 147//72
f 137//72 147//72 143//72
f 148//72 149//72 150//72
f 150//72 149//72 151//72
f 150//72 151//72 152//72
f 153//72 154//72 150//72
f 150//72 154//72 155//72
f 150//72 155//72 148//72
f 156//72 157//72 150//72
f 150//72 157//72 158//72
f 150//72 158//72 153//72
f 152//72 159//72 150//72
f 150//72 159//72 160//72
f 150//72 160//72 156//72
f 161//72 162//72 163//72
f 163//72 162//72 164//72
f 163//72 164//72 165//72
f 166//72 167//72 163//72
f 163//72 167//72 168//72
f 163//72 168//72 161//72
f 169//72 170//72 163//72
f 163//72 170//72 171//72
f 163//72 171//72 166//72
f 165//72 172//72 163//72
f 163//72 172//72 173//72
f 163//72 173//72 169//72
f 174//72 175//72 176//72
f 176//72 175//72 177//72
f 176//72 177//72 178//72
f 179//72 180//72 176//72
f 176//72 180//72 181//72
f 176//72 181//72 174//72
f 182//72 183//72 176//72
f 176//72 183//72 184//72
f 176//72 184//72 179//72
f 178//72 185//72 176//72
f 176//72 185//72 186//72
f 176//72 186//72 182//72
f 187//72 188//72 189//72
f 189//72 188//72 190//72
f 189//72 190//72 191//72
f 192//72 193//72 189//72
f 189//72 193//72 194//72
f 189//72 194//72 187//72
f 195//72 196//72 189//72
f 189//72 196//72 197//72
f 189//72 197//72 192//72
f 191//72 198//72 189//72
f 189//72 198//72 199//72
f 189//72 199//72 195//72
f 200//72 201//72 202//72
f 202//72 201//72 203//72
f 202//72 203//72 204//72
f 205//72 206//72 202//72
f 202//72 206//72 207//72
f 202//72 207//72 200//72
f 208//72 209//72 202//72
f 202//72 209//72 210//72
f 202//72 210//72 205//72
f 204//72 211//72 202//72
f 202//72 211//72 212//72
f 202//72 212//72 208//72
f 213//73 129//73 128//73
f 213//73 214//73 129//73
f 129//74 214//74 215//74
f 129//74 215//74 122//74
f 122//74 215//74 216//74
f 122//75 216//75 123//76
f 123//76 216//75 217//76
f 123//76 217//76 125//77
f 125//77 217//76 218//77
f 125//77 218//77 126//78
f 126//78 218//77 219//78
f 126//78 219//78 133//79
f 219//78 220//79 133//79
f 133//80 220//80 221//80
f 133//80 221//80 134//80
f 221//80 222//80 134//80
f 134//81 222//81 223//81
f 134//81 223//81 130//81
f 130//81 223//81 224//81
f 130//82 224//82 131//82
f 131//82 224//82 225//82
f 131//83 225//83 132//84
f 132//84 225//83 226//84
f 132//84 226//84 127//85
f 127//85 226//84 227//85
f 127//86 227//86 128//86
f 128//86 227//86 228//86
f 128//73 228//73 213//73
f 141//87 229//73 142//73
f 142//73 229//73 230//73
f 142//74 230//74 135//88
f 135//88 230//74 231//88
f 135//88 231//88 136//76
f 136//76 231//88 232//76
f 136//76 232//76 138//77
f 138//77 232//76 233//77
f 138//77 233//77 139//78
f 139//78 233//77 234//78
f 139//78 234//78 146//89
f 146//89 234//78 235//89
f 146//89 235//89 147//80
f 235//89 236//80 147//80
f 147//81 236//81 237//81
f 147//81 237//81 143//81
f 143//81 237//81 238//81
f 143//82 238//82 144//82
f 144//82 238//82 239//82
f 144//83 239//83 145//84
f 145//84 239//83 240//84
f 145//84 240//84 140//85
f 140//85 240//84 241//85
f 140//86 241//86 141//87
f 141//87 241//86 242//87
f 141//87 242//87 229//73
f 154//73 243//73 155//73
f 155//73 243//73 244//73
f 155//74 244//74 148//88
f 148//88 244//74 245//88
f 148//88 245//88 149//75
f 149//75 245//88 246//75
f 149//90 246//90 151//77
f 151//77 246//90 247//77
f 151//77 247//77 152//78
f 152//78 247//77 248//78
f 152//78 248//78 159//89
f 159//89 248//78 249//89
f 159//89 249//89 160//91
f 249//89 250//91 160//91
f 160//91 250//91 251//81
f 160//91 251//81 156//92
f 156//92 251//81 252//92
f 156//92 252//92 157//82
f 157//82 252//92 253//82
f 157//83 253//83 158//84
f 158//84 253//83 254//84
f 158//84 254//84 153//85
f 153//85 254//84 255//85
f 153//86 255//86 154//86
f 154//86 255//86 256//86
f 154//73 256//73 243//73
f 167//73 257//73 168//1
f 168//1 257//73 258//1
f 168//1 258//1 161//74
f 161//74 258//1 259//74
f 161//75 259//75 162//76
f 162//76 259//75 260//76
f 162//76 260//76 164//77
f 164//77 260//76 261//77
f 164//77 261//77 165//78
f 165//78 261//77 262//78
f 165//78 262//78 172//79
f 172//79 262//78 263//79
f 172//80 263//80 173//80
f 263//80 264//80 173//80
f 173//81 264//81 265//81
f 173//81 265//81 169//81
f 169//81 265//81 266//81
f 169//82 266//82 170//93
f 170//93 266//82 267//93
f 170//93 267//93 171//84
f 171//84 267//93 268//84
f 171//84 268//84 166//85
f 166//85 268//84 269//85
f 166//86 269//86 167//86
f 167//86 269//86 270//86
f 167//73 270//73 257//73
f 181//1 271//74 174//74
f 174//74 271//74 272//74
f 174//75 272//75 175//76
f 175//76 272//75 273//76
f 175//76 273//76 177//90
f 177//90 273//76 274//90
f 177//94 274//94 178//78
f 178//78 274//94 275//78
f 178//78 275//78 185//79
f 275//78 276//79 185//79
f 185//80 276//80 277//80
f 185//80 277//80 186//80
f 186//80 277//80 278//80
f 186//81 278//81 182//92
f 182//92 278//81 279//92
f 182//92 279//92 183//93
f 183//93 279//92 280//93
f 183//93 280//93 184//84
f 184//84 280//93 281//84
f 184//84 281//84 179//85
f 179//85 281//84 282//85
f 179//86 282//86 180//87
f 180//87 282//86 283//87
f 180//87 283//87 181//1
f 181//1 283//87 284//1
f 181//1 284//1 271//74
f 194//74 285//74 187//88
f 187//88 285//74 286//88
f 187//88 286//88 188//76
f 188//76 286//88 287//76
f 188//76 287//76 190//90
f 190//90 287//76 288//90
f 190//94 288//94 191//78
f 191//78 288//94 289//78
f 191//78 289//78 198//79
f 289//78 290//79 198//79
f 198//80 290//80 291//80
f 198//80 291//80 199//80
f 199//80 291//80 292//80
f 199//81 292//81 195//92
f 195//92 292//81 293//92
f 195//92 293//92 196//93
f 196//93 293//92 294//93
f 196//93 294//93 197//84
f 197//84 294//93 295//84
f 197//84 295//84 192//85
f 192//85 295//84 296//85
f 192//86 296//86 193//87
f 193//87 296//86 297//87
f 193//87 297//87 194//73
f 194//73 297//87 298//73
f 194//74 298//74 285//74
f 207//74 299//74 200//88
f 200//88 299//74 300//88
f 200//88 300//88 201//75
f 201//75 300//88 301//75
f 201//90 301//90 203//77
f 203//77 301//90 302//77
f 203//77 302//77 204//94
f 204//94 302//77 303//94
f 204//79 303//79 211//89
f 303//79 304//89 211//89
f 211//89 304//89 305//80
f 211//89 305//80 212//91
f 212//91 305//80 306//91
f 212//91 306//91 208//81
f 208//81 306//91 307//81
f 208//82 307//82 209//93
f 209//93 307//82 308//93
f 209//93 308//93 210//84
f 210//84 308//93 309//84
f 210//84 309//84 205//95
f 205//95 309//84 310//95
f 205//95 310//95 206//86
f 206//86 310//95 311//86
f 206//73 311//73 207//73
f 207//73 311//73 312//73
f 207//74 312//74 299//74
f 313//72 314//72 315//72
f 315//72 314//72 316//72
f 315//72 316//72 317//72
f 318//72 319//72 315//72
f 315//72 319//72 320//72
f 315//72 320//72 313//72
f 321//72 322//72 315//72
f 315//72 322//72 323//72
f 315//72 323//72 318//72
f 317//72 324//72 315//72
f 315//72 324//72 325//72
f 315//72 325//72 321//72
f 326//72 327//72 328//72
f 328//72 327//72 329//72
f 328//72 329//72 330//72
f 331//72 332//72 328//72
f 328//72 332//72 333//72
f 328//72 333//72 326//72
f 334//72 335//72 328//72
f 328//72 335//72 336//72
f 328//72 336//72 331//72
f 330//72 337//72 328//72
f 328//72 337//72 338//72
f 328//72 338//72 334//72
f 339//72 340//72 341//72
f 341//72 340//72 342//72
f 341//72 342//72 343//72
f 344//72 345//72 341//72
f 341//72 345//72 346//72
f 341//72 346//72 339//72
f 347//72 348//72 341//72
f 341//72 348//72 349//72
f 341//72 349//72 344//72
f 343//72 350//72 341//72
f 341//72 350//72 351//72
f 341//72 351//72 347//72
f 352//72 353//72 354//72
f 354//72 353//72 355//72
f 354//72 355//72 356//72
f 357//72 358//72 354//72
f 354//72 358//72 359//72
f 354//72 359//72 352//72
f 360//72 361//72 354//72
f 354//72 361//72 362//72
f 354//72 362//72 357//72
f 356//72 363//72 354//72
f 354//72 363//72 364//72
f 354//72 364//72 360//72
f 365//72 366//72 367//72
f 367//72 366//72 368//72
f 367//72 368//72 369//72
f 370//72 371//72 367//72
f 367//72 371//72 372//72
f 367//72 372//72 365//72
f 373//72 374//72 367//72
f 367//72 374//72 375//72
f 367//72 375//72 370//72
f 369//72 376//72 367//72
f 367//72 376//72 377//72
f 367//72 377//72 373//72
f 306//72 305//72 378//72
f 244//72 243//72 379//72
f 216//72 215//72 380//72
f 224//72 223//72 381//72
f 228//72 227//72 382//72
f 382//72 227//72 226//72
f 382//72 226//72 381//72
f 381//72 226//72 225//72
f 381//72 225//72 224//72
f 228//72 382//72 213//72
f 213//72 382//72 383//72
f 213//72 383//72 384//72
f 220//72 219//72 385//72
f 385//72 219//72 218//72
f 385//72 218//72 380//72
f 380//72 218//72 217//72
f 380//72 217//72 216//72
f 386//72 222//72 221//72
f 229//72 242//72 387//72
f 387//72 242//72 388//72
f 242//72 241//72 388//72
f 388//72 241//72 240//72
f 388//72 240//72 389//72
f 389//72 240//72 239//72
f 238//72 237//72 383//72
f 383//72 237//72 236//72
f 383//72 236//72 384//72
f 384//72 236//72 235//72
f 384//72 235//72 234//72
f 233//72 232//72 390//72
f 390//72 232//72 231//72
f 390//72 231//72 391//72
f 391//72 231//72 230//72
f 391//72 230//72 392//72
f 392//72 230//72 229//72
f 392//72 229//72 393//72
f 393//72 229//72 387//72
f 394//72 395//72 254//72
f 254//72 395//72 255//72
f 255//72 395//72 396//72
f 255//72 396//72 256//72
f 254//72 253//72 394//72
f 394//72 253//72 252//72
f 394//72 252//72 397//72
f 249//72 381//72 250//72
f 250//72 381//72 397//72
f 250//72 397//72 251//72
f 251//72 397//72 252//72
f 249//72 248//72 381//72
f 381//72 248//72 247//72
f 381//72 247//72 382//72
f 382//72 247//72 246//72
f 382//72 246//72 245//72
f 268//72 267//72 398//72
f 399//72 400//72 257//72
f 398//72 267//72 401//72
f 401//72 267//72 266//72
f 401//72 266//72 402//72
f 402//72 266//72 403//72
f 402//72 403//72 404//72
f 257//72 270//72 399//72
f 399//72 270//72 269//72
f 399//72 269//72 268//72
f 266//72 265//72 403//72
f 403//72 265//72 264//72
f 403//72 264//72 405//72
f 405//72 264//72 263//72
f 405//72 263//72 262//72
f 261//72 260//72 386//72
f 386//72 260//72 259//72
f 386//72 259//72 400//72
f 400//72 259//72 258//72
f 400//72 258//72 257//72
f 272//72 271//72 406//72
f 406//72 271//72 284//72
f 283//72 282//72 386//72
f 220//72 385//72 221//72
f 221//72 385//72 406//72
f 221//72 406//72 386//72
f 386//72 406//72 284//72
f 386//72 284//72 283//72
f 282//72 281//72 386//72
f 386//72 281//72 405//72
f 386//72 405//72 261//72
f 261//72 405//72 262//72
f 281//72 280//72 405//72
f 405//72 280//72 279//72
f 405//72 279//72 407//72
f 407//72 279//72 278//72
f 407//72 278//72 277//72
f 275//72 408//72 276//72
f 276//72 408//72 409//72
f 276//72 409//72 277//72
f 274//72 273//72 410//72
f 234//72 233//72 384//72
f 384//72 233//72 390//72
f 384//72 390//72 295//72
f 295//72 390//72 296//72
f 295//72 294//72 384//72
f 384//72 294//72 293//72
f 384//72 293//72 411//72
f 293//72 292//72 411//72
f 411//72 292//72 291//72
f 411//72 291//72 412//72
f 291//72 290//72 412//72
f 412//72 290//72 289//72
f 412//72 289//72 288//72
f 296//72 390//72 297//72
f 297//72 390//72 413//72
f 297//72 413//72 298//72
f 298//72 413//72 414//72
f 298//72 414//72 285//72
f 285//72 414//72 415//72
f 285//72 415//72 286//72
f 286//72 415//72 416//72
f 286//72 416//72 287//72
f 287//72 416//72 417//72
f 287//72 417//72 288//72
f 311//72 380//72 312//72
f 312//72 380//72 418//72
f 312//72 418//72 299//72
f 299//72 418//72 300//72
f 311//72 310//72 380//72
f 380//72 310//72 309//72
f 380//72 309//72 385//72
f 385//72 309//72 308//72
f 385//72 308//72 307//72
f 305//72 304//72 419//72
f 419//72 304//72 303//72
f 419//72 303//72 420//72
f 420//72 303//72 302//72
f 420//72 302//72 421//72
f 421//72 302//72 301//72
f 421//72 301//72 422//72
f 423//72 424//72 399//72
f 399//72 424//72 425//72
f 268//72 398//72 399//72
f 399//72 398//72 426//72
f 399//72 426//72 423//72
f 427//72 428//72 405//72
f 405//72 428//72 429//72
f 405//72 429//72 403//72
f 403//72 429//72 430//72
f 403//72 430//72 404//72
f 427//72 405//72 431//72
f 431//72 405//72 407//72
f 431//72 407//72 432//72
f 277//72 409//72 407//72
f 407//72 409//72 433//72
f 407//72 433//72 432//72
f 275//72 274//72 408//72
f 408//72 274//72 410//72
f 408//72 410//72 434//72
f 434//72 410//72 435//72
f 305//72 419//72 378//72
f 378//72 419//72 436//72
f 378//72 436//72 410//72
f 410//72 436//72 437//72
f 410//72 437//72 435//72
f 288//72 417//72 412//72
f 412//72 417//72 438//72
f 412//72 438//72 439//72
f 439//72 440//72 412//72
f 412//72 440//72 441//72
f 412//72 441//72 422//72
f 442//72 443//72 389//72
f 389//72 443//72 444//72
f 389//72 444//72 388//72
f 442//72 389//72 445//72
f 445//72 389//72 379//72
f 445//72 379//72 396//72
f 396//72 379//72 243//72
f 396//72 243//72 256//72
f 239//72 238//72 389//72
f 389//72 238//72 383//72
f 389//72 383//72 379//72
f 379//72 383//72 382//72
f 379//72 382//72 244//72
f 244//72 382//72 245//72
f 301//72 300//72 422//72
f 422//72 300//72 418//72
f 422//72 418//72 412//72
f 412//72 418//72 380//72
f 412//72 380//72 411//72
f 411//72 380//72 215//72
f 411//72 215//72 384//72
f 384//72 215//72 214//72
f 384//72 214//72 213//72
f 222//72 386//72 223//72
f 223//72 386//72 400//72
f 223//72 400//72 381//72
f 381//72 400//72 399//72
f 381//72 399//72 397//72
f 397//72 399//72 425//72
f 397//72 425//72 394//72
f 307//72 306//72 385//72
f 385//72 306//72 378//72
f 385//72 378//72 406//72
f 406//72 378//72 410//72
f 406//72 410//72 272//72
f 272//72 410//72 273//72
f 446//72 447//72 448//72
f 448//72 447//72 449//72
f 448//72 449//72 450//72
f 451//72 452//72 448//72
f 448//72 452//72 453//72
f 448//72 453//72 446//72
f 454//72 455//72 448//72
f 448//72 455//72 456//72
f 448//72 456//72 451//72
f 450//72 457//72 448//72
f 448//72 457//72 458//72
f 448//72 458//72 454//72
f 459//72 460//72 461//72
f 461//72 460//72 462//72
f 461//72 462//72 463//72
f 464//72 465//72 461//72
f 461//72 465//72 466//72
f 461//72 466//72 459//72
f 467//72 468//72 461//72
f 461//72 468//72 469//72
f 461//72 469//72 464//72
f 463//72 470//72 461//72
f 461//72 470//72 471//72
f 461//72 471//72 467//72
f 472//72 473//72 474//72
f 474//72 473//72 475//72
f 474//72 475//72 476//72
f 477//72 478//72 474//72
f 474//72 478//72 479//72
f 474//72 479//72 472//72
f 480//72 481//72 474//72
f 474//72 481//72 482//72
f 474//72 482//72 477//72
f 476//72 483//72 474//72
f 474//72 483//72 484//72
f 474//72 484//72 480//72
f 485//72 486//72 487//72
f 487//72 486//72 488//72
f 487//72 488//72 489//72
f 490//72 491//72 487//72
f 487//72 491//72 492//72
f 487//72 492//72 485//72
f 493//72 494//72 487//72
f 487//72 494//72 495//72
f 487//72 495//72 490//72
f 489//72 496//72 487//72
f 487//72 496//72 497//72
f 487//72 497//72 493//72
f 498//72 499//72 500//72
f 500//72 499//72 501//72
f 500//72 501//72 502//72
f 503//72 504//72 500//72
f 500//72 504//72 505//72
f 500//72 505//72 498//72
f 506//72 507//72 500//72
f 500//72 507//72 508//72
f 500//72 508//72 503//72
f 502//72 509//72 500//72
f 500//72 509//72 510//72
f 500//72 510//72 506//72
f 511//72 512//72 513//72
f 513//72 512//72 514//72
f 513//72 514//72 515//72
f 516//72 517//72 513//72
f 513//72 517//72 518//72
f 513//72 518//72 511//72
f 519//72 520//72 513//72
f 513//72 520//72 521//72
f 513//72 521//72 516//72
f 515//72 522//72 513//72
f 513//72 522//72 523//72
f 513//72 523//72 519//72
f 524//72 525//72 526//72
f 526//72 525//72 527//72
f 526//72 527//72 528//72
f 529//72 530//72 526//72
f 526//72 530//72 531//72
f 526//72 531//72 524//72
f 532//72 533//72 526//72
f 526//72 533//72 534//72
f 526//72 534//72 529//72
f 528//72 535//72 526//72
f 526//72 535//72 536//72
f 526//72 536//72 532//72
f 537//72 538//72 539//72
f 539//72 538//72 540//72
f 539//72 540//72 541//72
f 542//72 543//72 539//72
f 539//72 543//72 544//72
f 539//72 544//72 537//72
f 545//72 546//72 539//72
f 539//72 546//72 547//72
f 539//72 547//72 542//72
f 541//72 548//72 539//72
f 539//72 548//72 549//72
f 539//72 549//72 545//72
f 550//72 551//72 552//72
f 552//72 551//72 553//72
f 552//72 553//72 554//72
f 555//72 556//72 552//72
f 552//72 556//72 557//72
f 552//72 557//72 550//72
f 558//72 559//72 552//72
f 552//72 559//72 560//72
f 552//72 560//72 555//72
f 554//72 561//72 552//72
f 552//72 561//72 562//72
f 552//72 562//72 558//72
f 563//72 564//72 565//72
f 565//72 564//72 566//72
f 565//72 566//72 567//72
f 568//72 569//72 565//72
f 565//72 569//72 570//72
f 565//72 570//72 563//72
f 571//72 572//72 565//72
f 565//72 572//72 573//72
f 565//72 573//72 568//72
f 567//72 574//72 565//72
f 565//72 574//72 575//72
f 565//72 575//72 571//72
f 576//72 577//72 578//72
f 578//72 577//72 579//72
f 578//72 579//72 580//72
f 581//72 582//72 578//72
f 578//72 582//72 583//72
f 578//72 583//72 576//72
f 584//72 585//72 578//72
f 578//72 585//72 586//72
f 578//72 586//72 581//72
f 580//72 587//72 578//72
f 578//72 587//72 588//72
f 578//72 588//72 584//72
f 589//72 590//72 591//72
f 591//72 590//72 592//72
f 591//72 592//72 593//72
f 594//72 595//72 591//72
f 591//72 595//72 596//72
f 591//72 596//72 589//72
f 597//72 598//72 591//72
f 591//72 598//72 599//72
f 591//72 599//72 594//72
f 593//72 600//72 591//72
f 591//72 600//72 601//72
f 591//72 601//72 597//72
f 602//72 603//72 604//72
f 604//72 603//72 605//72
f 604//72 605//72 606//72
f 607//72 608//72 604//72
f 604//72 608//72 609//72
f 604//72 609//72 602//72
f 610//72 611//72 604//72
f 604//72 611//72 612//72
f 604//72 612//72 607//72
f 606//72 613//72 604//72
f 604//72 613//72 614//72
f 604//72 614//72 610//72
f 615//72 616//72 617//72
f 617//72 616//72 618//72
f 617//72 618//72 619//72
f 620//72 621//72 617//72
f 617//72 621//72 622//72
f 617//72 622//72 615//72
f 623//72 624//72 617//72
f 617//72 624//72 625//72
f 617//72 625//72 620//72
f 619//72 626//72 617//72
f 617//72 626//72 627//72
f 617//72 627//72 623//72
f 323//84 628//84 318//85
f 318//85 628//84 629//85
f 318//86 629//86 319//87
f 319//87 629//86 630//87
f 319//87 630//87 320//73
f 320//73 630//87 631//73
f 320//74 631//74 313//88
f 313//88 631//74 632//88
f 313//88 632//88 314//76
f 314//76 632//88 633//76
f 314//76 633//76 316//90
f 316//90 633//76 634//90
f 316//94 634//94 317//78
f 317//78 634//94 635//78
f 317//78 635//78 324//89
f 324//89 635//78 636//89
f 324//89 636//89 325//80
f 325//80 636//89 637//80
f 325//81 637//81 321//81
f 321//81 637//81 638//81
f 321//82 638//82 322//93
f 322//93 638//82 639//93
f 322//93 639//93 323//84
f 323//84 639//93 628//84
f 335//83 640//83 336//83
f 336//83 640//83 641//83
f 336//85 641//85 331//85
f 331//85 641//85 642//85
f 331//86 642//86 332//87
f 332//87 642//86 643//87
f 332//87 643//87 333//1
f 333//1 643//87 644//1
f 333//1 644//1 326//74
f 326//74 644//1 645//74
f 326//75 645//75 327//76
f 327//76 645//75 646//76
f 327//76 646//76 329//90
f 646//76 647//90 329//90
f 329//94 647//94 648//94
f 329//94 648//94 330//78
f 330//78 648//94 649//78
f 330//78 649//78 337//89
f 337//89 649//78 650//89
f 337//89 650//89 338//80
f 338//80 650//89 651//80
f 338//81 651//81 334//92
f 334//92 651//81 652//92
f 334//92 652//92 335//82
f 335//82 652//92 653//82
f 335//83 653//83 640//83
f 654//90 342//90 655//90
f 655//90 342//90 340//90
f 655//75 340//75 656//88
f 656//88 340//75 339//88
f 656//88 339//88 657//1
f 657//1 339//88 346//1
f 657//1 346//1 658//87
f 658//87 346//1 345//87
f 658//87 345//87 659//86
f 659//86 345//87 344//86
f 659//85 344//85 660//84
f 660//84 344//85 349//84
f 660//84 349//84 661//83
f 661//83 349//84 348//83
f 661//82 348//82 662//92
f 662//92 348//82 347//92
f 662//92 347//92 663//81
f 663//81 347//92 351//81
f 663//80 351//80 664//89
f 664//89 351//80 350//89
f 664//89 350//89 665//78
f 665//78 350//89 343//78
f 665//78 343//78 654//94
f 654//94 343//78 342//94
f 666//90 355//90 667//76
f 667//76 355//90 353//76
f 667//76 353//76 668//75
f 668//75 353//76 352//75
f 668//74 352//74 669//1
f 669//1 352//74 359//1
f 669//1 359//1 670//87
f 670//87 359//1 358//87
f 670//87 358//87 671//86
f 671//86 358//87 357//86
f 671//85 357//85 672//84
f 672//84 357//85 362//84
f 672//84 362//84 673//83
f 673//83 362//84 361//83
f 673//82 361//82 674//92
f 674//92 361//82 360//92
f 674//92 360//92 675//81
f 675//81 360//92 364//81
f 675//80 364//80 676//89
f 676//89 364//80 363//89
f 676//89 363//89 677//79
f 677//79 363//89 356//79
f 677//94 356//94 666//94
f 666//94 356//94 355//94
f 374//83 678//83 375//84
f 375//84 678//83 679//84
f 375//84 679//84 370//85
f 370//85 679//84 680//85
f 370//86 680//86 371//87
f 371//87 680//86 681//87
f 371//87 681//87 372//1
f 372//1 681//87 682//1
f 372//1 682//1 365//74
f 365//74 682//1 683//74
f 365//75 683//75 366//76
f 366//76 683//75 684//76
f 366//76 684//76 368//90
f 684//76 685//90 368//90
f 368//94 685//94 686//94
f 368//94 686//94 369//94
f 369//94 686//94 687//94
f 369//79 687//79 376//89
f 376//89 687//79 688//89
f 376//89 688//89 377//80
f 377//80 688//89 689//80
f 377//81 689//81 373//92
f 373//92 689//81 690//92
f 373//92 690//92 374//82
f 374//82 690//92 691//82
f 374//83 691//83 678//83
f 388//96 444//97 692//98
f 692//98 693//96 388//96
f 388//96 693//96 694//99
f 388//96 694//99 387//99
f 387//99 694//99 695//87
f 387//99 695//87 393//100
f 695//87 696//87 393//100
f 393//100 696//87 697//100
f 393//100 697//100 392//101
f 392//101 697//100 698//102
f 699//103 390//104 698//102
f 698//102 390//104 391//102
f 698//102 391//102 392//101
f 700//105 414//105 699//103
f 699//103 414//105 413//103
f 699//103 413//103 390//104
f 701//106 416//88 700//105
f 700//105 416//88 415//106
f 700//105 415//106 414//105
f 433//89 409//107 702//107
f 702//107 409//107 703//108
f 701//106 704//88 416//88
f 416//88 704//88 705//109
f 416//88 705//109 417//109
f 417//109 705//109 706//109
f 417//109 706//109 438//110
f 438//110 706//109 707//110
f 438//110 707//110 439//111
f 439//111 707//110 708//111
f 439//111 708//111 440//112
f 440//112 708//111 709//112
f 440//112 709//112 441//113
f 441//113 709//112 710//113
f 441//113 710//113 422//113
f 422//113 710//113 711//113
f 422//113 711//113 421//114
f 421//114 711//113 712//114
f 421//114 712//114 420//115
f 420//115 712//114 713//115
f 420//115 713//115 419//116
f 419//116 713//115 714//116
f 419//116 714//116 436//116
f 436//116 714//116 715//116
f 436//116 715//116 437//117
f 437//117 715//116 716//117
f 437//117 716//117 435//118
f 435//118 716//117 717//118
f 435//118 717//118 434//119
f 434//119 717//118 703//108
f 434//119 703//108 408//107
f 408//107 703//108 409//107
f 718//120 432//121 719//121
f 719//121 432//121 433//89
f 719//121 433//89 720//89
f 720//89 433//89 702//107
f 721//122 427//122 718//120
f 718//120 427//122 431//120
f 718//120 431//120 432//121
f 426//123 398//124 722//125
f 722//125 398//124 401//125
f 722//125 401//125 723//92
f 723//92 401//125 402//92
f 723//92 402//92 724//92
f 724//92 402//92 404//126
f 724//92 404//126 725//126
f 725//126 404//126 430//127
f 725//126 430//127 726//128
f 726//128 430//127 429//128
f 726//128 429//128 721//122
f 721//122 429//128 428//129
f 721//122 428//129 427//122
f 727//130 425//130 424//131
f 722//125 728//123 426//123
f 426//123 728//123 729//132
f 426//123 729//132 423//133
f 423//133 729//132 730//133
f 423//133 730//133 424//131
f 424//131 730//133 731//131
f 424//131 731//131 727//130
f 425//130 727//130 394//134
f 394//134 727//130 732//134
f 394//134 732//134 395//84
f 395//84 732//134 733//84
f 395//84 733//84 396//135
f 396//135 733//84 734//135
f 396//135 734//135 445//136
f 445//136 734//135 735//136
f 445//136 735//136 442//137
f 442//137 735//136 736//137
f 442//137 736//137 443//138
f 443//138 736//137 737//138
f 443//138 737//138 444//97
f 444//97 737//138 738//139
f 444//97 738//139 692//98
f 449//94 739//94 450//94
f 450//94 739//94 740//94
f 450//79 740//79 457//79
f 457//79 740//79 741//79
f 457//80 741//80 458//91
f 458//91 741//80 742//91
f 458//91 742//91 454//81
f 454//81 742//91 743//81
f 454//82 743//82 455//82
f 743//82 744//82 455//82
f 455//83 744//83 745//83
f 455//83 745//83 456//83
f 456//83 745//83 746//83
f 456//85 746//85 451//95
f 451//95 746//85 747//95
f 451//95 747//95 452//86
f 452//86 747//95 748//86
f 452//73 748//73 453//1
f 453//1 748//73 749//1
f 453//1 749//1 446//74
f 446//74 749//1 750//74
f 446//75 750//75 447//75
f 447//75 750//75 751//75
f 447//90 751//90 449//90
f 449//90 751//90 752//90
f 449//94 752//94 739//94
f 469//85 753//85 464//95
f 464//95 753//85 754//95
f 464//95 754//95 465//86
f 465//86 754//95 755//86
f 465//73 755//73 466//73
f 755//73 756//73 466//73
f 466//74 756//74 757//74
f 466//74 757//74 459//74
f 459//74 757//74 758//74
f 459//75 758//75 460//76
f 758//75 759//76 460//76
f 460//76 759//76 760//90
f 460//76 760//90 462//90
f 462//90 760//90 761//90
f 462//94 761//94 463//78
f 463//78 761//94 762//78
f 463//78 762//78 470//89
f 762//78 763//89 470//89
f 470//89 763//89 764//80
f 470//89 764//80 471//91
f 471//91 764//80 765//91
f 471//91 765//91 467//92
f 467//92 765//91 766//92
f 467//92 766//92 468//82
f 468//82 766//92 767//82
f 468//83 767//83 469//83
f 469//83 767//83 768//83
f 469//85 768//85 753//85
f 479//1 769//74 472//88
f 472//88 769//74 770//88
f 472//88 770//88 473//76
f 473//76 770//88 771//76
f 473//76 771//76 475//90
f 475//90 771//76 772//90
f 475//94 772//94 476//78
f 476//78 772//94 773//78
f 476//78 773//78 483//79
f 773//78 774//79 483//79
f 483//80 774//80 775//80
f 483//80 775//80 484//91
f 484//91 775//80 776//91
f 484//91 776//91 480//81
f 480//81 776//91 777//81
f 480//82 777//82 481//93
f 481//93 777//82 778//93
f 481//93 778//93 482//83
f 482//83 778//93 779//83
f 482//85 779//85 477//95
f 477//95 779//85 780//95
f 477//95 780//95 478//86
f 478//86 780//95 781//86
f 478//73 781//73 479//1
f 479//1 781//73 782//1
f 479//1 782//1 769//74
f 491//73 783//73 492//1
f 492//1 783//73 784//1
f 492//1 784//1 485//88
f 485//88 784//1 785//88
f 485//88 785//88 486//75
f 486//75 785//88 786//75
f 486//90 786//90 488//77
f 488//77 786//90 787//77
f 488//77 787//77 489//94
f 489//94 787//77 788//94
f 489//79 788//79 496//79
f 496//79 788//79 789//79
f 496//80 789//80 497//91
f 789//80 790//91 497//91
f 497//91 790//91 791//81
f 497//91 791//81 493//81
f 493//81 791//81 792//81
f 493//82 792//82 494//82
f 494//82 792//82 793//82
f 494//83 793//83 495//84
f 495//84 793//83 794//84
f 495//84 794//84 490//85
f 490//85 794//84 795//85
f 490//86 795//86 491//86
f 491//86 795//86 796//86
f 491//73 796//73 783//73
f 508//84 797//84 503//95
f 503//95 797//84 798//95
f 503//95 798//95 504//86
f 504//86 798//95 799//86
f 504//73 799//73 505//1
f 505//1 799//73 800//1
f 505//1 800//1 498//88
f 498//88 800//1 801//88
f 498//88 801//88 499//75
f 499//75 801//88 802//75
f 499//90 802//90 501//77
f 501//77 802//90 803//77
f 501//77 803//77 502//94
f 502//94 803//77 804//94
f 502//79 804//79 509//79
f 509//79 804//79 805//79
f 509//80 805//80 510//91
f 510//91 805//80 806//91
f 510//91 806//91 506//81
f 506//81 806//91 807//81
f 506//82 807//82 507//82
f 507//82 807//82 808//82
f 507//83 808//83 508//84
f 508//84 808//83 797//84
f 518//74 809//74 511//74
f 511//74 809//74 810//74
f 511//75 810//75 512//76
f 512//76 810//75 811//76
f 512//76 811//76 514//90
f 514//90 811//76 812//90
f 514//94 812//94 515//78
f 515//78 812//94 813//78
f 515//78 813//78 522//79
f 813//78 814//79 522//79
f 522//80 814//80 815//80
f 522//80 815//80 523//80
f 523//80 815//80 816//80
f 523//81 816//81 519//81
f 519//81 816//81 817//81
f 519//82 817//82 520//93
f 520//93 817//82 818//93
f 520//93 818//93 521//83
f 521//83 818//93 819//83
f 521//85 819//85 516//95
f 516//95 819//85 820//95
f 516//95 820//95 517//86
f 517//86 820//95 821//86
f 517//73 821//73 518//73
f 518//73 821//73 822//73
f 518//74 822//74 809//74
f 534//84 823//85 529//95
f 529//95 823//85 824//95
f 529//95 824//95 530//86
f 530//86 824//95 825//86
f 530//73 825//73 531//73
f 825//73 826//73 531//73
f 531//74 826//74 827//74
f 531//74 827//74 524//74
f 524//74 827//74 828//74
f 524//75 828//75 525//75
f 828//75 829//75 525//75
f 525//90 829//90 830//90
f 525//90 830//90 527//90
f 830//90 831//90 527//90
f 527//94 831//94 832//94
f 527//94 832//94 528//78
f 528//78 832//94 833//78
f 528//78 833//78 535//89
f 833//78 834//89 535//89
f 535//89 834//89 835//80
f 535//89 835//80 536//91
f 536//91 835//80 836//91
f 536//91 836//91 532//92
f 532//92 836//91 837//92
f 532//92 837//92 533//82
f 837//92 838//82 533//82
f 533//83 838//83 839//83
f 533//83 839//83 534//84
f 534//84 839//83 840//84
f 534//84 840//84 823//85
f 541//78 841//79 548//79
f 548//79 841//79 842//79
f 548//80 842//80 549//80
f 549//80 842//80 843//80
f 549//81 843//81 545//81
f 843//81 844//81 545//81
f 545//82 844//82 845//82
f 545//82 845//82 546//82
f 546//82 845//82 846//82
f 546//83 846//83 547//84
f 547//84 846//83 847//84
f 547//84 847//84 542//95
f 542//95 847//84 848//95
f 542//95 848//95 543//87
f 543//87 848//95 849//87
f 543//87 849//87 544//73
f 544//73 849//87 850//73
f 544//74 850//74 537//88
f 537//88 850//74 851//88
f 537//88 851//88 538//75
f 538//75 851//88 852//75
f 538//90 852//90 540//77
f 540//77 852//90 853//77
f 540//77 853//77 541//78
f 541//78 853//77 854//78
f 541//78 854//78 841//79
f 560//84 855//85 555//95
f 555//95 855//85 856//95
f 555//95 856//95 556//87
f 856//95 857//87 556//87
f 556//87 857//87 858//73
f 556//87 858//73 557//73
f 557//73 858//73 859//73
f 557//74 859//74 550//88
f 550//88 859//74 860//88
f 550//88 860//88 551//75
f 860//88 861//75 551//75
f 551//90 861//90 862//90
f 551//90 862//90 553//77
f 862//90 863//77 553//77
f 553//77 863//77 864//94
f 553//77 864//94 554//78
f 554//78 864//94 865//78
f 554//78 865//78 561//79
f 561//79 865//78 866//79
f 561//80 866//80 562//80
f 866//80 867//80 562//80
f 562//81 867//81 868//81
f 562//81 868//81 558//92
f 558//92 868//81 869//92
f 558//92 869//92 559//82
f 869//92 870//82 559//82
f 559//83 870//83 871//83
f 559//83 871//83 560//84
f 560//84 871//83 872//84
f 560//84 872//84 855//85
f 569//73 873//73 570//73
f 570//73 873//73 874//73
f 570//74 874//74 563//88
f 563//88 874//74 875//88
f 563//88 875//88 564//75
f 564//75 875//88 876//75
f 564//90 876//90 566//77
f 566//77 876//90 877//77
f 566//77 877//77 567//94
f 567//94 877//77 878//94
f 567//79 878//79 574//89
f 574//89 878//79 879//89
f 574//89 879//89 575//80
f 879//89 880//80 575//80
f 575//81 880//81 881//81
f 575//81 881//81 571//81
f 571//81 881//81 882//81
f 571//82 882//82 572//82
f 572//82 882//82 883//82
f 572//83 883//83 573//83
f 573//83 883//83 884//83
f 573//85 884//85 568//95
f 568//95 884//85 885//95
f 568//95 885//95 569//86
f 569//86 885//95 886//86
f 569//73 886//73 873//73
f 586//85 887//85 581//95
f 581//95 887//85 888//95
f 581//95 888//95 582//87
f 888//95 889//87 582//87
f 582//87 889//87 890//73
f 582//87 890//73 583//73
f 583//73 890//73 891//73
f 583//74 891//74 576//88
f 576//88 891//74 892//88
f 576//88 892//88 577//75
f 892//88 893//75 577//75
f 577//90 893//90 894//90
f 577//90 894//90 579//77
f 579//77 894//90 895//77
f 579//77 895//77 580//78
f 580//78 895//77 896//78
f 580//78 896//78 587//79
f 587//79 896//78 897//79
f 587//80 897//80 588//80
f 897//80 898//80 588//80
f 588//81 898//81 899//81
f 588//81 899//81 584//92
f 584//92 899//81 900//92
f 584//92 900//92 585//82
f 585//82 900//92 901//82
f 585//83 901//83 586//83
f 586//83 901//83 902//83
f 586//85 902//85 887//85
f 595//73 903//73 596//1
f 596//1 903//73 904//1
f 596//1 904//1 589//88
f 589//88 904//1 905//88
f 589//88 905//88 590//75
f 590//75 905//88 906//75
f 590//90 906//90 592//77
f 592//77 906//90 907//77
f 592//77 907//77 593//94
f 593//94 907//77 908//94
f 593//79 908//79 600//89
f 600//89 908//79 909//89
f 600//89 909//89 601//91
f 909//89 910//91 601//91
f 601//91 910//91 911//81
f 601//91 911//81 597//92
f 597//92 911//81 912//92
f 597//92 912//92 598//82
f 598//82 912//92 913//82
f 598//83 913//83 599//83
f 599//83 913//83 914//83
f 599//85 914//85 594//95
f 594//95 914//85 915//95
f 594//95 915//95 595//86
f 595//86 915//95 916//86
f 595//73 916//73 903//73
f 609//1 917//74 602//88
f 602//88 917//74 918//88
f 602//88 918//88 603//76
f 603//76 918//88 919//76
f 603//76 919//76 605//90
f 605//90 919//76 920//90
f 605//94 920//94 606//78
f 606//78 920//94 921//78
f 606//78 921//78 613//89
f 921//78 922//89 613//89
f 613//89 922//89 923//80
f 613//89 923//80 614//91
f 614//91 923//80 924//91
f 614//91 924//91 610//92
f 610//92 924//91 925//92
f 610//92 925//92 611//93
f 611//93 925//92 926//93
f 611//93 926//93 612//83
f 612//83 926//93 927//83
f 612//85 927//85 607//95
f 607//95 927//85 928//95
f 607//95 928//95 608//86
f 608//86 928//95 929//86
f 608//73 929//73 609//1
f 609//1 929//73 930//1
f 609//1 930//1 917//74
f 625//85 931//85 620//95
f 620//95 931//85 932//95
f 620//95 932//95 621//86
f 621//86 932//95 933//86
f 621//73 933//73 622//1
f 622//1 933//73 934//1
f 622//1 934//1 615//74
f 615//74 934//1 935//74
f 615//75 935//75 616//76
f 616//76 935//75 936//76
f 616//76 936//76 618//90
f 618//90 936//76 937//90
f 618//94 937//94 619//78
f 619//78 937//94 938//78
f 619//78 938//78 626//79
f 626//79 938//78 939//79
f 626//80 939//80 627//91
f 627//91 939//80 940//91
f 627//91 940//91 623//92
f 623//92 940//91 941//92
f 623//92 941//92 624//93
f 624//93 941//92 942//93
f 624//93 942//93 625//83
f 625//83 942//93 931//83
f 639//140 943//141 628//142
f 628//142 943//141 944//142
f 628//142 944//142 629//143
f 638//144 945//145 639//140
f 639//140 945//145 946//140
f 639//140 946//140 943//141
f 636//146 947//146 637//147
f 637//147 947//146 948//147
f 637//147 948//147 638//144
f 638//144 948//147 949//144
f 638//144 949//144 945//145
f 634//148 950//149 635//150
f 635//150 950//149 951//150
f 635//150 951//150 636//146
f 636//146 951//150 952//151
f 636//146 952//151 947//146
f 632//152 953//153 633//154
f 633//154 953//153 954//154
f 633//154 954//154 634//148
f 634//148 954//154 955//148
f 634//148 955//148 950//149
f 944//142 956//155 629//143
f 629//143 956//155 957//156
f 629//143 957//156 630//157
f 630//157 957//156 958//157
f 630//157 958//157 631//158
f 631//158 958//157 959//158
f 631//158 959//158 632//152
f 632//152 959//158 960//159
f 632//152 960//159 953//153
f 891//72 890//72 961//72
f 869//72 868//72 962//72
f 944//72 943//72 963//72
f 710//72 964//72 711//72
f 737//72 736//72 965//72
f 641//72 640//72 966//72
f 967//72 968//72 969//72
f 970//72 971//72 972//72
f 973//72 974//72 975//72
f 976//72 977//72 978//72
f 979//72 980//72 981//72
f 982//72 983//72 984//72
f 985//72 986//72 987//72
f 988//72 989//72 985//72
f 640//72 653//72 988//72
f 988//72 653//72 652//72
f 988//72 652//72 989//72
f 989//72 652//72 651//72
f 989//72 651//72 990//72
f 650//72 649//72 991//72
f 992//72 993//72 994//72
f 994//72 993//72 995//72
f 994//72 995//72 990//72
f 996//72 997//72 998//72
f 998//72 997//72 999//72
f 998//72 999//72 1000//72
f 1001//72 1002//72 1003//72
f 1003//72 1002//72 1004//72
f 1003//72 1004//72 1005//72
f 1006//72 906//72 1007//72
f 1007//72 906//72 905//72
f 1007//72 905//72 1008//72
f 912//72 911//72 1004//72
f 1004//72 911//72 910//72
f 1004//72 910//72 1005//72
f 1005//72 910//72 909//72
f 1005//72 909//72 1009//72
f 1009//72 909//72 908//72
f 1009//72 908//72 1006//72
f 1006//72 908//72 907//72
f 1006//72 907//72 906//72
f 933//72 932//72 1010//72
f 933//72 1010//72 934//72
f 931//72 942//72 1008//72
f 1011//72 937//72 1012//72
f 1012//72 937//72 936//72
f 1012//72 936//72 1013//72
f 1013//72 936//72 935//72
f 942//72 941//72 1008//72
f 1008//72 941//72 940//72
f 1008//72 940//72 1007//72
f 1007//72 940//72 939//72
f 1007//72 939//72 1011//72
f 1011//72 939//72 938//72
f 1011//72 938//72 937//72
f 880//72 1013//72 1010//72
f 1010//72 1013//72 935//72
f 1010//72 935//72 934//72
f 1014//72 1015//72 874//72
f 874//72 1015//72 875//72
f 880//72 879//72 1013//72
f 1013//72 879//72 878//72
f 1013//72 878//72 1016//72
f 1016//72 878//72 877//72
f 1016//72 877//72 1015//72
f 1015//72 877//72 876//72
f 1015//72 876//72 875//72
f 983//72 982//72 1017//72
f 982//72 1018//72 1017//72
f 1017//72 1018//72 1019//72
f 1017//72 1019//72 1014//72
f 1014//72 1019//72 1020//72
f 1014//72 1020//72 1015//72
f 980//72 979//72 1021//72
f 1022//72 858//72 1023//72
f 1023//72 858//72 857//72
f 1023//72 857//72 1024//72
f 1024//72 857//72 856//72
f 1024//72 856//72 1025//72
f 664//72 1025//72 663//72
f 663//72 1025//72 662//72
f 655//72 1024//72 654//72
f 654//72 1024//72 1025//72
f 654//72 1025//72 665//72
f 665//72 1025//72 664//72
f 655//72 656//72 1024//72
f 1024//72 656//72 657//72
f 1024//72 657//72 1026//72
f 1026//72 657//72 658//72
f 1026//72 658//72 1027//72
f 1027//72 658//72 659//72
f 1027//72 659//72 1028//72
f 1028//72 659//72 660//72
f 1028//72 660//72 661//72
f 845//72 1029//72 846//72
f 846//72 1029//72 847//72
f 847//72 1029//72 848//72
f 848//72 1029//72 1030//72
f 848//72 1030//72 849//72
f 849//72 1030//72 850//72
f 850//72 1030//72 1031//72
f 850//72 1031//72 851//72
f 1031//72 1032//72 851//72
f 851//72 1032//72 1033//72
f 851//72 1033//72 852//72
f 852//72 1033//72 1027//72
f 852//72 1027//72 853//72
f 853//72 1027//72 1028//72
f 853//72 1028//72 854//72
f 673//72 674//72 1034//72
f 1034//72 674//72 675//72
f 1034//72 675//72 1035//72
f 675//72 676//72 1035//72
f 1035//72 676//72 677//72
f 1035//72 677//72 666//72
f 666//72 1036//72 1035//72
f 1035//72 1036//72 1037//72
f 1035//72 1037//72 1029//72
f 1029//72 1037//72 1038//72
f 1029//72 1038//72 1030//72
f 666//72 667//72 1036//72
f 1036//72 667//72 668//72
f 1036//72 668//72 1039//72
f 1039//72 668//72 669//72
f 669//72 670//72 1039//72
f 1039//72 670//72 671//72
f 1039//72 671//72 672//72
f 830//72 1039//72 1034//72
f 1034//72 1039//72 672//72
f 1034//72 672//72 673//72
f 830//72 829//72 1039//72
f 1039//72 829//72 828//72
f 1039//72 828//72 1040//72
f 1040//72 828//72 1041//72
f 978//72 977//72 973//72
f 973//72 977//72 1042//72
f 973//72 1042//72 974//72
f 1043//72 1044//72 1045//72
f 1046//72 1047//72 1048//72
f 821//72 820//72 1047//72
f 1047//72 820//72 1049//72
f 1049//72 820//72 819//72
f 1049//72 819//72 1050//72
f 816//72 1051//72 817//72
f 817//72 1051//72 1050//72
f 817//72 1050//72 818//72
f 818//72 1050//72 819//72
f 821//72 1047//72 822//72
f 822//72 1047//72 1046//72
f 822//72 1046//72 809//72
f 802//72 1051//72 803//72
f 803//72 1051//72 1052//72
f 803//72 1052//72 804//72
f 804//72 1052//72 805//72
f 1053//72 808//72 1054//72
f 1054//72 808//72 807//72
f 1054//72 807//72 1052//72
f 1052//72 807//72 806//72
f 1052//72 806//72 805//72
f 802//72 801//72 1051//72
f 1051//72 801//72 800//72
f 1051//72 800//72 1050//72
f 1050//72 800//72 799//72
f 1050//72 799//72 1055//72
f 1055//72 799//72 798//72
f 1055//72 798//72 1053//72
f 1053//72 798//72 797//72
f 1053//72 797//72 808//72
f 1052//72 769//72 782//72
f 1052//72 782//72 1054//72
f 1054//72 782//72 781//72
f 1054//72 781//72 1056//72
f 776//72 1057//72 777//72
f 777//72 1057//72 1058//72
f 777//72 1058//72 778//72
f 778//72 1058//72 1059//72
f 778//72 1059//72 779//72
f 779//72 1059//72 1056//72
f 779//72 1056//72 780//72
f 780//72 1056//72 781//72
f 1060//72 1061//72 1062//72
f 1062//72 1061//72 1063//72
f 1062//72 1063//72 1057//72
f 1057//72 1063//72 1064//72
f 1057//72 1064//72 1058//72
f 1065//72 1066//72 1067//72
f 1067//72 1066//72 1068//72
f 1066//72 691//72 1068//72
f 1068//72 691//72 690//72
f 1068//72 690//72 968//72
f 968//72 690//72 689//72
f 968//72 689//72 969//72
f 969//72 689//72 688//72
f 969//72 688//72 1069//72
f 1069//72 688//72 687//72
f 649//72 648//72 991//72
f 991//72 648//72 647//72
f 991//72 647//72 1070//72
f 647//72 646//72 1070//72
f 1070//72 646//72 645//72
f 1070//72 645//72 644//72
f 644//72 643//72 1071//72
f 1071//72 643//72 642//72
f 641//72 966//72 642//72
f 684//72 1072//72 685//72
f 685//72 1072//72 1069//72
f 685//72 1069//72 686//72
f 686//72 1069//72 687//72
f 682//72 681//72 1073//72
f 682//72 1073//72 683//72
f 681//72 680//72 1073//72
f 1073//72 680//72 679//72
f 1073//72 679//72 1066//72
f 1066//72 679//72 678//72
f 1066//72 678//72 691//72
f 733//72 732//72 1074//72
f 736//72 735//72 965//72
f 965//72 735//72 734//72
f 965//72 734//72 1075//72
f 737//72 1076//72 738//72
f 738//72 1076//72 1077//72
f 738//72 1077//72 692//72
f 692//72 1077//72 693//72
f 1077//72 952//72 693//72
f 693//72 952//72 951//72
f 693//72 951//72 694//72
f 694//72 951//72 950//72
f 694//72 950//72 695//72
f 695//72 950//72 696//72
f 953//72 1078//72 954//72
f 954//72 1078//72 1079//72
f 954//72 1079//72 955//72
f 950//72 955//72 696//72
f 696//72 955//72 1079//72
f 696//72 1079//72 697//72
f 697//72 1079//72 698//72
f 698//72 1079//72 699//72
f 699//72 1079//72 1080//72
f 699//72 1080//72 700//72
f 705//72 704//72 1080//72
f 1080//72 704//72 701//72
f 1080//72 701//72 700//72
f 964//72 710//72 1081//72
f 1081//72 710//72 709//72
f 1081//72 709//72 708//72
f 708//72 707//72 1081//72
f 1081//72 707//72 706//72
f 1081//72 706//72 705//72
f 712//72 1082//72 713//72
f 713//72 1082//72 1083//72
f 713//72 1083//72 714//72
f 714//72 1083//72 1084//72
f 714//72 1084//72 715//72
f 1085//72 717//72 716//72
f 719//72 720//72 1071//72
f 1071//72 720//72 702//72
f 644//72 1071//72 1070//72
f 1070//72 1071//72 702//72
f 1070//72 702//72 1085//72
f 1085//72 702//72 703//72
f 1085//72 703//72 717//72
f 723//72 724//72 1086//72
f 1086//72 724//72 725//72
f 725//72 726//72 1086//72
f 1086//72 726//72 721//72
f 1086//72 721//72 1071//72
f 1071//72 721//72 718//72
f 1071//72 718//72 719//72
f 730//72 729//72 1087//72
f 1087//72 729//72 728//72
f 1074//72 732//72 1088//72
f 1088//72 732//72 727//72
f 1088//72 727//72 731//72
f 966//72 739//72 752//72
f 1089//72 1086//72 747//72
f 642//72 966//72 1071//72
f 1071//72 966//72 752//72
f 1071//72 752//72 751//72
f 751//72 750//72 1071//72
f 1071//72 750//72 749//72
f 1071//72 749//72 1086//72
f 1086//72 749//72 748//72
f 1086//72 748//72 747//72
f 747//72 746//72 1089//72
f 1089//72 746//72 745//72
f 1089//72 745//72 1090//72
f 1090//72 745//72 744//72
f 640//72 988//72 966//72
f 966//72 988//72 740//72
f 966//72 740//72 739//72
f 744//72 743//72 1090//72
f 1090//72 743//72 742//72
f 1090//72 742//72 988//72
f 988//72 742//72 741//72
f 988//72 741//72 740//72
f 768//72 767//72 972//72
f 753//72 768//72 1091//72
f 1091//72 768//72 972//72
f 1091//72 972//72 1092//72
f 1092//72 972//72 971//72
f 767//72 766//72 972//72
f 972//72 766//72 1065//72
f 972//72 1065//72 970//72
f 970//72 1065//72 1067//72
f 1093//72 756//72 1094//72
f 1094//72 756//72 755//72
f 1094//72 755//72 1091//72
f 1091//72 755//72 754//72
f 1091//72 754//72 753//72
f 1073//72 759//72 1095//72
f 1095//72 759//72 758//72
f 1095//72 758//72 1093//72
f 1093//72 758//72 757//72
f 1093//72 757//72 756//72
f 766//72 765//72 1065//72
f 1065//72 765//72 764//72
f 1065//72 764//72 1066//72
f 1066//72 764//72 763//72
f 763//72 762//72 1066//72
f 1066//72 762//72 761//72
f 1066//72 761//72 1073//72
f 1073//72 761//72 760//72
f 1073//72 760//72 759//72
f 1096//72 771//72 770//72
f 775//72 774//72 1094//72
f 1094//72 774//72 773//72
f 1094//72 773//72 772//72
f 783//72 796//72 1051//72
f 792//72 1096//72 1052//72
f 1052//72 1096//72 770//72
f 1052//72 770//72 769//72
f 796//72 795//72 1051//72
f 1051//72 795//72 794//72
f 1051//72 794//72 1052//72
f 1052//72 794//72 793//72
f 1052//72 793//72 792//72
f 734//72 733//72 1075//72
f 1075//72 733//72 1074//72
f 1075//72 1074//72 787//72
f 787//72 1074//72 788//72
f 787//72 786//72 1075//72
f 1075//72 786//72 785//72
f 1075//72 785//72 1097//72
f 1097//72 785//72 784//72
f 792//72 791//72 1096//72
f 1096//72 791//72 790//72
f 1096//72 790//72 1074//72
f 1074//72 790//72 789//72
f 1074//72 789//72 788//72
f 816//72 815//72 1051//72
f 1051//72 815//72 1097//72
f 1051//72 1097//72 783//72
f 783//72 1097//72 784//72
f 809//72 1046//72 810//72
f 810//72 1046//72 1098//72
f 810//72 1098//72 811//72
f 815//72 814//72 1097//72
f 1097//72 814//72 813//72
f 1097//72 813//72 812//72
f 828//72 827//72 1041//72
f 1041//72 827//72 826//72
f 1041//72 826//72 1099//72
f 1099//72 826//72 825//72
f 1099//72 825//72 976//72
f 976//72 825//72 824//72
f 976//72 824//72 977//72
f 977//72 824//72 823//72
f 977//72 823//72 1042//72
f 1042//72 823//72 840//72
f 1042//72 840//72 839//72
f 944//72 963//72 956//72
f 963//72 835//72 956//72
f 956//72 835//72 834//72
f 956//72 834//72 957//72
f 957//72 834//72 833//72
f 957//72 833//72 1100//72
f 1100//72 833//72 832//72
f 1100//72 832//72 831//72
f 839//72 838//72 1101//72
f 1101//72 838//72 837//72
f 1101//72 837//72 963//72
f 963//72 837//72 836//72
f 963//72 836//72 835//72
f 845//72 844//72 1079//72
f 1079//72 844//72 843//72
f 1079//72 843//72 1080//72
f 1080//72 843//72 842//72
f 1080//72 842//72 1028//72
f 1028//72 842//72 841//72
f 1028//72 841//72 854//72
f 1021//72 863//72 980//72
f 980//72 863//72 862//72
f 980//72 862//72 981//72
f 981//72 862//72 861//72
f 981//72 861//72 1102//72
f 1102//72 861//72 860//72
f 1102//72 860//72 1022//72
f 1022//72 860//72 859//72
f 1022//72 859//72 858//72
f 867//72 866//72 1103//72
f 1103//72 866//72 865//72
f 1103//72 865//72 1021//72
f 1021//72 865//72 864//72
f 1021//72 864//72 863//72
f 856//72 855//72 1025//72
f 1025//72 855//72 872//72
f 1025//72 872//72 1104//72
f 1104//72 872//72 871//72
f 1104//72 871//72 1105//72
f 1105//72 871//72 870//72
f 873//72 886//72 1106//72
f 1107//72 882//72 1010//72
f 1010//72 882//72 881//72
f 1010//72 881//72 880//72
f 886//72 885//72 1106//72
f 1106//72 885//72 884//72
f 1106//72 884//72 1107//72
f 1107//72 884//72 883//72
f 1107//72 883//72 882//72
f 991//72 901//72 900//72
f 901//72 991//72 902//72
f 902//72 991//72 1070//72
f 902//72 1070//72 887//72
f 651//72 650//72 990//72
f 990//72 650//72 991//72
f 990//72 991//72 994//72
f 994//72 991//72 900//72
f 994//72 900//72 899//72
f 961//72 890//72 1085//72
f 1085//72 890//72 889//72
f 1085//72 889//72 1070//72
f 1070//72 889//72 888//72
f 1070//72 888//72 887//72
f 891//72 961//72 892//72
f 892//72 961//72 1108//72
f 892//72 1108//72 893//72
f 893//72 1108//72 999//72
f 893//72 999//72 894//72
f 899//72 898//72 994//72
f 994//72 898//72 997//72
f 994//72 997//72 992//72
f 992//72 997//72 996//72
f 898//72 897//72 997//72
f 997//72 897//72 896//72
f 997//72 896//72 999//72
f 999//72 896//72 895//72
f 999//72 895//72 894//72
f 914//72 913//72 1108//72
f 905//72 904//72 1008//72
f 1008//72 904//72 903//72
f 1008//72 903//72 1109//72
f 903//72 916//72 1109//72
f 1109//72 916//72 915//72
f 1109//72 915//72 914//72
f 930//72 929//72 1082//72
f 1109//72 1083//72 925//72
f 929//72 928//72 1082//72
f 1082//72 928//72 927//72
f 1082//72 927//72 1083//72
f 1083//72 927//72 926//72
f 1083//72 926//72 925//72
f 917//72 1107//72 918//72
f 918//72 1107//72 1010//72
f 918//72 1010//72 919//72
f 919//72 1010//72 920//72
f 932//72 931//72 1010//72
f 1010//72 931//72 1008//72
f 1010//72 1008//72 920//72
f 920//72 1008//72 921//72
f 925//72 924//72 1109//72
f 1109//72 924//72 923//72
f 1109//72 923//72 1008//72
f 1008//72 923//72 922//72
f 1008//72 922//72 921//72
f 953//72 960//72 1078//72
f 1078//72 960//72 959//72
f 1078//72 959//72 1100//72
f 1100//72 959//72 958//72
f 1100//72 958//72 957//72
f 945//72 949//72 1076//72
f 1076//72 949//72 948//72
f 1076//72 948//72 1077//72
f 1077//72 948//72 947//72
f 1077//72 947//72 952//72
f 945//72 1076//72 946//72
f 946//72 1076//72 1110//72
f 946//72 1110//72 943//72
f 845//72 1079//72 1029//72
f 1029//72 1079//72 1078//72
f 1029//72 1078//72 1035//72
f 1035//72 1078//72 1100//72
f 1035//72 1100//72 1034//72
f 1034//72 1100//72 831//72
f 1034//72 831//72 830//72
f 661//72 662//72 1028//72
f 1028//72 662//72 1025//72
f 1028//72 1025//72 1080//72
f 1080//72 1025//72 1104//72
f 1080//72 1104//72 705//72
f 705//72 1104//72 1105//72
f 705//72 1105//72 1081//72
f 839//72 1101//72 1042//72
f 1042//72 1101//72 1043//72
f 1042//72 1043//72 974//72
f 974//72 1043//72 1045//72
f 974//72 1045//72 975//72
f 943//72 1110//72 963//72
f 963//72 1110//72 1098//72
f 963//72 1098//72 1101//72
f 1101//72 1098//72 1046//72
f 1101//72 1046//72 1043//72
f 1043//72 1046//72 1048//72
f 1043//72 1048//72 1044//72
f 979//72 984//72 1021//72
f 1021//72 984//72 983//72
f 1021//72 983//72 1103//72
f 1103//72 983//72 1017//72
f 1103//72 1017//72 1106//72
f 1106//72 1017//72 1014//72
f 1106//72 1014//72 873//72
f 873//72 1014//72 874//72
f 737//72 965//72 1076//72
f 1076//72 965//72 1075//72
f 1076//72 1075//72 1110//72
f 1110//72 1075//72 1097//72
f 1110//72 1097//72 1098//72
f 1098//72 1097//72 812//72
f 1098//72 812//72 811//72
f 870//72 869//72 1105//72
f 1105//72 869//72 962//72
f 1105//72 962//72 1081//72
f 1081//72 962//72 1111//72
f 1081//72 1111//72 964//72
f 964//72 1111//72 1082//72
f 964//72 1082//72 711//72
f 711//72 1082//72 712//72
f 868//72 867//72 962//72
f 962//72 867//72 1103//72
f 962//72 1103//72 1111//72
f 1111//72 1103//72 1106//72
f 1111//72 1106//72 1082//72
f 1082//72 1106//72 1107//72
f 1082//72 1107//72 930//72
f 930//72 1107//72 917//72
f 731//72 1095//72 1088//72
f 1088//72 1095//72 1093//72
f 1088//72 1093//72 1074//72
f 1074//72 1093//72 1094//72
f 1074//72 1094//72 1096//72
f 1096//72 1094//72 772//72
f 1096//72 772//72 771//72
f 914//72 1108//72 1109//72
f 1109//72 1108//72 961//72
f 1109//72 961//72 1083//72
f 1083//72 961//72 1085//72
f 1083//72 1085//72 1084//72
f 1084//72 1085//72 716//72
f 1084//72 716//72 715//72
f 776//72 775//72 1057//72
f 1057//72 775//72 1094//72
f 1057//72 1094//72 1062//72
f 1062//72 1094//72 1091//72
f 1062//72 1091//72 1060//72
f 1060//72 1091//72 1092//72
f 731//72 730//72 1095//72
f 1095//72 730//72 1087//72
f 1095//72 1087//72 1073//72
f 1073//72 1087//72 1072//72
f 1073//72 1072//72 683//72
f 683//72 1072//72 684//72
f 913//72 912//72 1108//72
f 1108//72 912//72 1004//72
f 1108//72 1004//72 999//72
f 999//72 1004//72 1002//72
f 999//72 1002//72 1000//72
f 1000//72 1002//72 1001//72
f 728//72 722//72 1087//72
f 1087//72 722//72 723//72
f 1087//72 723//72 1072//72
f 1072//72 723//72 1086//72
f 1072//72 1086//72 1069//72
f 1069//72 1086//72 1089//72
f 1069//72 1089//72 969//72
f 969//72 1089//72 1090//72
f 985//72 987//72 988//72
f 988//72 987//72 1112//72
f 988//72 1112//72 1090//72
f 1090//72 1112//72 1113//72
f 1090//72 1113//72 969//72
f 969//72 1113//72 1114//72
f 969//72 1114//72 967//72
f 1115//160 1116//160 1117//160
f 1118//160 1119//160 1120//160
f 1120//160 1119//160 1121//160
f 1119//160 1115//160 1121//160
f 1121//160 1115//160 1117//160
f 1121//160 1117//160 1122//160
f 1122//160 1117//160 1123//160
f 1118//160 1124//160 1119//160
f 1119//160 1124//160 1125//160
f 1119//160 1125//160 1126//160
f 1117//160 1127//160 1128//160
f 1129//160 1130//160 1126//160
f 1126//160 1130//160 1131//160
f 1126//160 1131//160 1132//160
f 1132//160 1133//160 1126//160
f 1126//160 1133//160 1134//160
f 1126//160 1134//160 1135//160
f 1135//160 1136//160 1126//160
f 1126//160 1136//160 1137//160
f 1126//160 1137//160 1138//160
f 1128//160 1139//160 1117//160
f 1117//160 1139//160 1140//160
f 1117//160 1140//160 1123//160
f 1138//160 1141//160 1126//160
f 1126//160 1141//160 1142//160
f 1126//160 1142//160 1119//160
f 1117//160 1143//160 1127//160
f 1127//160 1143//160 1144//160
f 1127//160 1144//160 1145//160
f 1145//160 1146//160 1127//160
f 1127//160 1146//160 1147//160
f 1127//160 1147//160 1148//160
f 1117//161 1116//162 1149//163
f 1119//164 1150//165 1115//166
f 1115//166 1150//165 1151//167
f 1149//163 1152//168 1117//161
f 1117//161 1152//168 1153//169
f 1117//161 1153//169 1143//170
f 1153//169 1154//170 1143//170
f 1143//170 1154//170 1155//171
f 1143//170 1155//171 1144//172
f 1155//171 1156//172 1144//172
f 1144//172 1156//172 1157//173
f 1144//172 1157//173 1145//174
f 1157//173 1158//174 1145//174
f 1145//174 1158//174 1159//175
f 1145//174 1159//175 1146//176
f 1159//175 1160//176 1146//176
f 1146//176 1160//176 1161//177
f 1146//176 1161//177 1147//178
f 1161//177 1162//178 1147//178
f 1147//178 1162//178 1163//179
f 1147//178 1163//179 1148//180
f 1163//179 1164//180 1148//180
f 1148//180 1164//180 1165//181
f 1148//180 1165//181 1127//182
f 1165//181 1166//183 1127//182
f 1127//182 1166//183 1167//184
f 1127//182 1167//184 1128//185
f 1167//184 1168//185 1128//185
f 1128//185 1168//185 1169//186
f 1128//185 1169//186 1139//187
f 1169//186 1170//187 1139//187
f 1139//187 1170//187 1171//188
f 1139//187 1171//188 1140//189
f 1171//188 1172//189 1140//189
f 1140//189 1172//189 1173//190
f 1140//189 1173//190 1123//191
f 1173//190 1174//191 1123//191
f 1123//191 1174//191 1175//192
f 1123//191 1175//192 1122//193
f 1175//192 1176//193 1122//193
f 1122//193 1176//193 1177//194
f 1122//193 1177//194 1121//195
f 1177//194 1178//195 1121//195
f 1121//195 1178//195 1179//196
f 1121//195 1179//196 1120//197
f 1179//196 1180//197 1120//197
f 1120//197 1180//197 1181//198
f 1120//197 1181//198 1118//199
f 1182//200 1124//201 1183//200
f 1183//200 1124//201 1118//199
f 1183//200 1118//199 1184//199
f 1184//199 1118//199 1181//198
f 1182//200 1185//201 1124//201
f 1124//201 1185//201 1186//202
f 1124//201 1186//202 1125//203
f 1186//202 1187//203 1125//203
f 1125//203 1187//203 1188//204
f 1125//203 1188//204 1126//205
f 1188//204 1189//205 1126//205
f 1126//205 1189//205 1190//206
f 1126//205 1190//206 1129//207
f 1190//206 1191//207 1129//207
f 1129//207 1191//207 1192//208
f 1129//207 1192//208 1130//209
f 1192//208 1193//209 1130//209
f 1130//209 1193//209 1194//210
f 1130//209 1194//210 1131//211
f 1194//210 1195//211 1131//211
f 1131//211 1195//211 1196//212
f 1131//211 1196//212 1132//213
f 1196//212 1197//213 1132//213
f 1132//213 1197//213 1198//214
f 1132//213 1198//214 1133//215
f 1198//214 1199//216 1133//215
f 1133//215 1199//216 1200//217
f 1133//215 1200//217 1134//218
f 1200//217 1201//218 1134//218
f 1134//218 1201//218 1202//219
f 1134//218 1202//219 1135//220
f 1202//219 1203//220 1135//220
f 1135//220 1203//220 1204//221
f 1135//220 1204//221 1136//222
f 1204//221 1205//222 1136//222
f 1136//222 1205//222 1206//223
f 1136//222 1206//223 1137//224
f 1137//224 1206//223 1207//224
f 1137//224 1207//224 1138//225
f 1207//224 1208//226 1138//225
f 1138//225 1208//226 1209//225
f 1138//225 1209//225 1141//227
f 1209//225 1210//228 1141//227
f 1141//227 1210//228 1211//227
f 1141//227 1211//227 1142//229
f 1211//227 1212//230 1142//229
f 1142//229 1212//230 1213//229
f 1142//229 1213//229 1119//164
f 1119//164 1213//229 1214//231
f 1119//164 1214//231 1150//165
f 981//232 1102//233 1215//233
f 1113//234 1216//235 1114//236
f 1114//236 1216//235 1217//237
f 1218//238 968//238 1217//237
f 1217//237 968//238 967//239
f 1217//237 967//239 1114//236
f 1060//240 1092//241 1219//240
f 1219//240 1092//241 971//241
f 1219//240 971//241 1220//241
f 1220//241 971//241 970//242
f 1220//241 970//242 1221//242
f 1221//242 970//242 1067//238
f 1221//242 1067//238 1218//238
f 1218//238 1067//238 1068//238
f 1218//238 1068//238 968//238
f 1060//240 1219//240 1061//243
f 1061//243 1219//240 1222//243
f 1061//243 1222//243 1063//243
f 1063//243 1222//243 1223//244
f 1063//243 1223//244 1064//244
f 1064//244 1223//244 1058//245
f 1058//245 1223//244 1224//245
f 1058//245 1224//245 1059//246
f 1224//245 1225//246 1059//246
f 1059//246 1225//246 1226//247
f 1059//246 1226//247 1056//248
f 1056//248 1226//247 1227//248
f 1056//248 1227//248 1054//249
f 1054//249 1227//248 1228//250
f 1054//249 1228//250 1053//251
f 1228//250 1229//251 1053//251
f 1053//251 1229//251 1230//252
f 1053//251 1230//252 1055//253
f 1055//253 1230//252 1231//253
f 1055//253 1231//253 1050//254
f 1050//254 1231//253 1232//254
f 1050//254 1232//254 1049//255
f 1232//254 1233//256 1049//255
f 1049//255 1233//256 1234//257
f 1049//255 1234//257 1047//257
f 1047//257 1234//257 1235//258
f 1047//257 1235//258 1048//258
f 1048//258 1235//258 1044//259
f 1044//259 1235//258 1236//259
f 1044//259 1236//259 1045//260
f 1045//260 1236//259 1237//260
f 1045//260 1237//260 975//261
f 975//261 1237//260 1238//261
f 975//261 1238//261 973//261
f 1239//262 1040//262 1041//263
f 1239//262 1041//263 1240//263
f 1240//263 1041//263 1099//264
f 1240//263 1099//264 1241//264
f 1241//264 1099//264 976//261
f 1241//264 976//261 1238//261
f 1238//261 976//261 978//261
f 1238//261 978//261 973//261
f 1040//262 1239//262 1039//265
f 1039//265 1239//262 1242//265
f 1039//265 1242//265 1036//265
f 1036//265 1242//265 1243//266
f 1036//265 1243//266 1037//266
f 1037//266 1243//266 1244//267
f 1037//266 1244//267 1038//268
f 1038//268 1244//267 1245//268
f 1038//268 1245//268 1030//269
f 1030//269 1245//268 1246//270
f 1030//269 1246//270 1031//271
f 1247//272 1032//273 1248//272
f 1248//272 1032//273 1031//271
f 1248//272 1031//271 1249//271
f 1249//271 1031//271 1246//270
f 1247//272 1250//273 1032//273
f 1032//273 1250//273 1251//274
f 1032//273 1251//274 1033//275
f 1033//275 1251//274 1252//275
f 1033//275 1252//275 1027//276
f 1027//276 1252//275 1253//276
f 1027//276 1253//276 1026//277
f 1026//277 1253//276 1254//277
f 1026//277 1254//277 1024//278
f 1024//278 1254//277 1255//278
f 1024//278 1255//278 1023//279
f 1023//279 1255//278 1256//279
f 1023//279 1256//279 1022//280
f 1022//280 1256//279 1102//233
f 1102//233 1256//279 1257//280
f 1102//233 1257//280 1215//233
f 981//232 1215//233 979//232
f 979//232 1215//233 1258//232
f 979//232 1258//232 984//232
f 1016//281 1015//282 1259//283
f 1259//283 1015//282 1020//283
f 1259//283 1020//283 1260//284
f 1260//284 1020//283 1019//284
f 1260//284 1019//284 1261//285
f 1261//285 1019//284 1018//285
f 1261//285 1018//285 1258//232
f 1258//232 1018//285 982//232
f 1258//232 982//232 984//232
f 1259//283 1262//282 1016//281
f 1016//281 1262//282 1263//281
f 1016//281 1263//281 1013//286
f 1013//286 1263//281 1264//286
f 1013//286 1264//286 1012//287
f 1264//286 1265//287 1012//287
f 1012//287 1265//287 1266//288
f 1012//287 1266//288 1011//289
f 1011//289 1266//288 1267//289
f 1011//289 1267//289 1007//290
f 1007//290 1267//289 1268//290
f 1007//290 1268//290 1006//291
f 1268//290 1269//291 1006//291
f 1006//291 1269//291 1270//292
f 1006//291 1270//292 1009//293
f 1009//293 1270//292 1271//293
f 1009//293 1271//293 1005//294
f 1005//294 1271//293 1272//294
f 1005//294 1272//294 1003//295
f 1003//295 1272//294 1273//295
f 992//296 996//296 1274//297
f 1274//297 996//296 998//297
f 1274//297 998//297 1275//298
f 1275//298 998//297 1000//298
f 1275//298 1000//298 1273//295
f 1273//295 1000//298 1001//298
f 1273//295 1001//298 1003//295
f 992//296 1274//297 993//299
f 993//299 1274//297 1276//296
f 993//299 1276//296 1277//299
f 1278//300 986//301 1279//302
f 1279//302 986//301 985//303
f 1279//302 985//303 1280//304
f 985//303 989//304 1280//304
f 1280//304 989//304 990//304
f 1280//304 990//304 1277//299
f 1277//299 990//304 995//304
f 1277//299 995//304 993//299
f 1216//235 1113//234 1112//158
f 1216//235 1112//158 1278//300
f 1278//300 1112//158 987//158
f 1278//300 987//158 986//301
f 1115//166 1151//167 1116//162
f 1116//162 1151//167 1149//163
f 1281//305 1151//306 1150//307
f 1217//307 1216//306 1282//308
f 1282//308 1281//305 1217//307
f 1217//307 1281//305 1150//307
f 1217//307 1150//307 1218//309
f 1218//309 1150//307 1214//309
f 1218//309 1214//309 1221//310
f 1221//310 1214//309 1213//310
f 1221//310 1213//310 1220//311
f 1220//311 1213//310 1212//311
f 1220//311 1212//311 1219//312
f 1219//312 1212//311 1211//312
f 1219//312 1211//312 1222//313
f 1222//313 1211//312 1210//313
f 1222//313 1210//313 1223//314
f 1223//314 1210//313 1209//314
f 1223//314 1209//314 1224//315
f 1224//315 1209//314 1208//315
f 1224//315 1208//315 1225//316
f 1225//316 1208//315 1207//316
f 1225//316 1207//316 1226//317
f 1226//317 1207//316 1206//317
f 1226//317 1206//317 1227//318
f 1227//318 1206//317 1205//318
f 1227//318 1205//318 1228//319
f 1228//319 1205//318 1204//319
f 1228//319 1204//319 1229//320
f 1229//320 1204//319 1203//320
f 1229//320 1203//320 1230//321
f 1230//321 1203//320 1202//321
f 1230//321 1202//321 1231//322
f 1231//322 1202//321 1201//322
f 1231//322 1201//322 1232//323
f 1232//323 1201//322 1200//323
f 1232//323 1200//323 1233//324
f 1233//324 1200//323 1199//324
f 1233//324 1199//324 1234//325
f 1234//325 1199//324 1198//325
f 1234//325 1198//325 1235//326
f 1235//326 1198//325 1197//326
f 1235//326 1197//326 1236//327
f 1236//327 1197//326 1196//327
f 1236//327 1196//327 1237//328
f 1237//328 1196//327 1195//328
f 1237//328 1195//328 1238//329
f 1238//329 1195//328 1194//329
f 1238//329 1194//329 1241//330
f 1241//330 1194//329 1193//330
f 1241//330 1193//330 1240//331
f 1240//331 1193//330 1192//331
f 1240//331 1192//331 1239//332
f 1239//332 1192//331 1191//332
f 1239//332 1191//332 1242//333
f 1242//333 1191//332 1190//333
f 1242//333 1190//333 1243//334
f 1243//334 1190//333 1189//334
f 1243//334 1189//334 1244//335
f 1244//335 1189//334 1188//335
f 1244//335 1188//335 1245//336
f 1245//336 1188//335 1187//336
f 1245//336 1187//336 1246//337
f 1246//337 1187//336 1186//337
f 1246//337 1186//337 1249//338
f 1249//338 1186//337 1185//338
f 1249//338 1185//338 1248//91
f 1248//91 1185//338 1182//91
f 1248//91 1182//91 1183//91
f 1153//339 1280//339 1154//340
f 1154//340 1280//339 1277//340
f 1154//340 1277//340 1155//341
f 1155//341 1277//340 1276//341
f 1155//341 1276//341 1156//342
f 1156//342 1276//341 1274//342
f 1156//342 1274//342 1157//343
f 1157//343 1274//342 1275//343
f 1157//343 1275//343 1158//344
f 1158//344 1275//343 1273//344
f 1158//344 1273//344 1159//345
f 1159//345 1273//344 1272//345
f 1159//345 1272//345 1160//346
f 1160//346 1272//345 1271//346
f 1160//346 1271//346 1161//347
f 1161//347 1271//346 1270//347
f 1161//347 1270//347 1162//348
f 1162//348 1270//347 1269//348
f 1162//348 1269//348 1163//349
f 1163//349 1269//348 1268//349
f 1163//349 1268//349 1164//350
f 1164//350 1268//349 1267//350
f 1164//350 1267//350 1165//351
f 1165//351 1267//350 1266//351
f 1165//351 1266//351 1166//352
f 1166//352 1266//351 1265//352
f 1166//352 1265//352 1167//353
f 1167//353 1265//352 1264//353
f 1167//353 1264//353 1168//354
f 1168//354 1264//353 1263//355
f 1168//354 1263//355 1169//356
f 1169//356 1263//355 1262//357
f 1169//356 1262//357 1170//358
f 1170//358 1262//357 1259//358
f 1170//358 1259//358 1171//359
f 1171//359 1259//358 1260//360
f 1171//359 1260//360 1172//361
f 1172//361 1260//360 1261//361
f 1172//361 1261//361 1173//362
f 1173//362 1261//361 1258//362
f 1173//362 1258//362 1174//363
f 1174//363 1258//362 1215//363
f 1174//363 1215//363 1175//364
f 1175//364 1215//363 1257//364
f 1175//364 1257//364 1176//365
f 1176//365 1257//364 1256//365
f 1176//365 1256//365 1177//366
f 1177//366 1256//365 1255//366
f 1177//366 1255//366 1178//367
f 1178//367 1255//366 1254//367
f 1178//367 1254//367 1179//368
f 1179//368 1254//367 1253//368
f 1179//368 1253//368 1180//369
f 1180//369 1253//368 1252//369
f 1180//369 1252//369 1181//370
f 1181//370 1252//369 1251//370
f 1181//370 1251//370 1184//371
f 1184//371 1251//370 1250//371
f 1184//371 1250//371 1183//91
f 1183//91 1250//371 1247//91
f 1183//91 1247//91 1248//91
f 1152//372 1149//373 1283//374
f 1278//373 1279//372 1284//375
f 1284//376 1279//376 1280//376
f 1284//377 1280//339 1283//377
f 1283//377 1280//339 1153//339
f 1283//378 1153//378 1152//378
f 1278//373 1284//375 1285//1
f 1285//1 1286//1 1278//373
f 1278//373 1286//1 1287//1
f 1278//373 1287//1 1216//306
f 1216//306 1287//1 1288//1
f 1216//306 1288//1 1282//308
f 1289//91 1290//91 1281//91
f 1289//91 1281//91 1291//91
f 1291//91 1281//91 1282//91
f 1291//91 1282//91 1292//91
f 1151//306 1281//305 1293//1
f 1293//1 1294//1 1151//306
f 1151//306 1294//1 1295//1
f 1151//306 1295//1 1149//373
f 1149//373 1295//1 1296//1
f 1149//373 1296//1 1283//374
f 1297//91 1298//91 1284//91
f 1297//91 1284//91 1299//91
f 1299//91 1284//91 1283//91
f 1299//91 1283//91 1300//91
f 106//379 1286//379 1285//380
f 106//379 1285//380 113//381
f 113//381 1285//380 1284//382
f 113//381 1284//382 114//383
f 1284//382 1298//384 114//383
f 114//383 1298//384 1297//385
f 114//383 1297//385 119//385
f 106//379 107//386 1286//379
f 1286//379 107//386 1287//386
f 117//387 1291//387 1292//388
f 117//387 1292//388 116//389
f 116//389 1292//388 1282//390
f 116//389 1282//390 115//391
f 1282//390 1288//392 115//391
f 115//391 1288//392 1287//386
f 115//391 1287//386 107//386
f 1289//393 1291//387 118//393
f 118//393 1291//387 117//387
f 108//394 1294//394 1293//395
f 108//394 1293//395 111//396
f 111//396 1293//395 1281//397
f 111//396 1281//397 112//398
f 1281//397 1290//399 112//398
f 112//398 1290//399 1289//393
f 112//398 1289//393 118//393
f 1295//400 1294//394 109//400
f 109//400 1294//394 108//394
f 120//401 1299//401 1300//402
f 120//401 1300//402 121//403
f 121//403 1300//402 1283//404
f 121//403 1283//404 110//405
f 1283//404 1296//406 110//405
f 110//405 1296//406 1295//400
f 110//405 1295//400 109//400
f 120//401 119//385 1299//401
f 1299//401 119//385 1297//385
