# File generated by ImageToStl.com - Free Image and 3D model conversion tools

o obj1
v -0.00072169 0.0143032 0.0417532
v 0 0.0143032 0.0417532
v -0.00038627 0.0143032 0.04181438
v -0.00073473 0.0143032 0.04199193
v -0.00101127 0.0143032 0.04226847
v -0.00108253 0.0143032 0.0423782
v 0.00038627 0.0143032 0.04181438
v 0.00072169 0.0143032 0.0417532
v 0.00108253 0.0143032 0.0423782
v 0.00101127 0.0143032 0.04226847
v 0.00073473 0.0143032 0.04199193
v 0.00144338 0.0143032 0.04300321
v 0.00108253 0.0143032 0.0436282
v 0.00118882 0.0143032 0.04338947
v 0.00125 0.0143032 0.04300321
v 0.00118882 0.0143032 0.04261693
v 0.00072169 0.0143032 0.0442532
v 0 0.0143032 0.0442532
v 0.00038627 0.0143032 0.04419202
v 0.00073473 0.0143032 0.04401448
v 0.00101127 0.0143032 0.04373794
v -0.00038627 0.0143032 0.04419202
v -0.00072169 0.0143032 0.0442532
v -0.00108253 0.0143032 0.0436282
v -0.00101127 0.0143032 0.04373794
v -0.00073473 0.0143032 0.04401448
v -0.00144338 0.0143032 0.04300321
v -0.00118882 0.0143032 0.04261693
v -0.00125 0.0143032 0.04300321
v -0.00118882 0.0143032 0.04338947
v 0.00144338 0.0130032 0.04300321
v 0.00226949 0.0130032 0.04230316
v 0.00234847 0.0130032 0.04264923
v -0.00148079 0.0130032 0.04114635
v -0.0011875 0.0130032 0.04094639
v -0.00072169 0.0130032 0.0417532
v -0.00086768 0.0130032 0.04079238
v 0.00052849 0.0130032 0.04068775
v 0.00086768 0.0130032 0.04079238
v 0.00072169 0.0130032 0.0417532
v 0.0011875 0.0130032 0.04094639
v 0.00148079 0.0130032 0.04114635
v 0.00148079 0.0130032 0.04486005
v 0.0011875 0.0130032 0.04506001
v 0.00072169 0.0130032 0.0442532
v 0.00086768 0.0130032 0.04521403
v 0.001741 0.0130032 0.04138779
v 0.00196232 0.0130032 0.04166532
v 0.0021398 0.0130032 0.04197273
v -0.00234847 0.0130032 0.04335718
v -0.002375 0.0130032 0.04300321
v -0.00144338 0.0130032 0.04300321
v -0.00234847 0.0130032 0.04264923
v -0.00226949 0.0130032 0.04230316
v -0.0021398 0.0130032 0.04197273
v -0.00196232 0.0130032 0.04166532
v -0.001741 0.0130032 0.04138779
v -0.00072169 0.0130032 0.0442532
v -0.00148079 0.0130032 0.04486005
v -0.001741 0.0130032 0.04461861
v -0.00196232 0.0130032 0.04434109
v -0.0021398 0.0130032 0.04403368
v -0.00226949 0.0130032 0.04370325
v -0.00052849 0.0130032 0.04531866
v -0.00086768 0.0130032 0.04521403
v -0.0011875 0.0130032 0.04506001
v 0.002375 0.0130032 0.04300321
v 0.00234847 0.0130032 0.04335718
v 0.00226949 0.0130032 0.04370325
v 0.0021398 0.0130032 0.04403368
v 0.00196232 0.0130032 0.04434109
v 0.001741 0.0130032 0.04461861
v -0.00052849 0.0130032 0.04068775
v -0.00017748 0.0130032 0.04063484
v 0.00017748 0.0130032 0.04063484
v 0.00052849 0.0130032 0.04531866
v 0.00017748 0.0130032 0.04537156
v -0.00017748 0.0130032 0.04537156
v -0.00126188 0.0160032 0.04219224
v -0.00251225 0.0160032 0.04188468
v -0.00143924 0.0160032 0.0425806
v -0.00268991 0.0160032 0.04243145
v -0.0015 0.0160032 0.04300321
v -0.00275 0.0160032 0.04300321
v -0.00143924 0.0160032 0.0434258
v -0.00021347 0.0160032 0.04151847
v -0.0008498 0.0160032 0.0403878
v -0.00062312 0.0160032 0.04163875
v -0.001375 0.0160032 0.04062163
v -0.00098229 0.0160032 0.04186958
v -0.00184011 0.0160032 0.04095956
v -0.0022248 0.0160032 0.04138679
v 0.00062312 0.0160032 0.04163875
v 0.0008498 0.0160032 0.0403878
v 0.00021347 0.0160032 0.04151847
v 0.00028745 0.0160032 0.04026827
v -0.00028745 0.0160032 0.04026827
v 0.00143924 0.0160032 0.0425806
v 0.00251225 0.0160032 0.04188468
v 0.00126188 0.0160032 0.04219224
v 0.0022248 0.0160032 0.04138679
v 0.00098229 0.0160032 0.04186958
v 0.00184011 0.0160032 0.04095956
v 0.001375 0.0160032 0.04062163
v 0.00126188 0.0160032 0.04381416
v 0.00251225 0.0160032 0.04412173
v 0.00143924 0.0160032 0.0434258
v 0.00268991 0.0160032 0.04357496
v 0.0015 0.0160032 0.04300321
v 0.00275 0.0160032 0.04300321
v 0.00268991 0.0160032 0.04243145
v 0.00021347 0.0160032 0.04448793
v 0.0008498 0.0160032 0.04561861
v 0.00062312 0.0160032 0.04436765
v 0.001375 0.0160032 0.04538477
v 0.00098229 0.0160032 0.04413683
v 0.00184011 0.0160032 0.04504685
v 0.0022248 0.0160032 0.04461961
v -0.00062312 0.0160032 0.04436765
v -0.0008498 0.0160032 0.04561861
v -0.00021347 0.0160032 0.04448793
v -0.00028745 0.0160032 0.04573814
v 0.00028745 0.0160032 0.04573814
v -0.00268991 0.0160032 0.04357496
v -0.00251225 0.0160032 0.04412173
v -0.00126188 0.0160032 0.04381416
v -0.0022248 0.0160032 0.04461961
v -0.00098229 0.0160032 0.04413683
v -0.00184011 0.0160032 0.04504685
v -0.001375 0.0160032 0.04538477
v 0.00271928 0.0133782 0.04259334
v 0.00250767 0.0133782 0.04188647
v 0.00262783 0.0133782 0.04219263
v 0.00268271 0.0133782 0.04243309
v 0.00247766 0.0133782 0.04181002
v 0.00227216 0.0133782 0.04145407
v 0.00222095 0.0133782 0.04138986
v 0.00201589 0.0133782 0.04113273
v 0.00183509 0.0133782 0.04096496
v 0.0017146 0.0133782 0.04085317
v 0.001375 0.0133782 0.04062163
v 0.00100469 0.0133782 0.0404433
v 0.00028672 0.0133782 0.04027313
v 0.00061193 0.0133782 0.04032215
v 0.00084762 0.0133782 0.04039485
v 0.00020551 0.0133782 0.04026089
v -0.00020551 0.0133782 0.04026089
v -0.00028672 0.0133782 0.04027313
v -0.00061193 0.0133782 0.04032215
v -0.00084762 0.0133782 0.04039485
v -0.00100469 0.0133782 0.0404433
v -0.001375 0.0133782 0.04062163
v -0.0017146 0.0133782 0.04085317
v -0.00222095 0.0133782 0.04138986
v -0.00201589 0.0133782 0.04113273
v -0.00183509 0.0133782 0.04096496
v -0.00227216 0.0133782 0.04145407
v -0.00247766 0.0133782 0.04181002
v -0.00250767 0.0133782 0.04188647
v -0.00262783 0.0133782 0.04219263
v -0.00268271 0.0133782 0.04243309
v -0.00271928 0.0133782 0.04259334
v -0.00275 0.0133782 0.04300321
v -0.00271928 0.0133782 0.04341307
v -0.00250767 0.0133782 0.04411993
v -0.00262783 0.0133782 0.04381378
v -0.00268271 0.0133782 0.04357332
v -0.00247766 0.0133782 0.04419638
v -0.00227216 0.0133782 0.04455233
v -0.00222095 0.0133782 0.04461655
v -0.00201589 0.0133782 0.04487368
v -0.00183509 0.0133782 0.04504144
v -0.0017146 0.0133782 0.04515324
v -0.001375 0.0133782 0.04538477
v -0.00100469 0.0133782 0.04556311
v -0.00028672 0.0133782 0.04573327
v -0.00061193 0.0133782 0.04568426
v -0.00084762 0.0133782 0.04561156
v -0.00020551 0.0133782 0.04574551
v 0.00020551 0.0133782 0.04574551
v 0.00028672 0.0133782 0.04573327
v 0.00061193 0.0133782 0.04568426
v 0.00084762 0.0133782 0.04561156
v 0.00100469 0.0133782 0.04556311
v 0.001375 0.0133782 0.04538477
v 0.0017146 0.0133782 0.04515324
v 0.00222095 0.0133782 0.04461655
v 0.00201589 0.0133782 0.04487368
v 0.00183509 0.0133782 0.04504144
v 0.00227216 0.0133782 0.04455233
v 0.00247766 0.0133782 0.04419638
v 0.00250767 0.0133782 0.04411993
v 0.00262783 0.0133782 0.04381378
v 0.00268271 0.0133782 0.04357332
v 0.00271928 0.0133782 0.04341307
v 0.00275 0.0133782 0.04300321
v 0.00143924 0.0239032 0.0434258
v 0.00126188 0.0239032 0.04381416
v 0.00098229 0.0239032 0.04413683
v 0.00062312 0.0239032 0.04436765
v 0.00021347 0.0239032 0.04448793
v -0.00021347 0.0239032 0.04448793
v -0.00062312 0.0239032 0.04436765
v -0.00098229 0.0239032 0.04413683
v -0.00126188 0.0239032 0.04381416
v -0.00143924 0.0239032 0.0434258
v -0.0015 0.0239032 0.04300321
v -0.00143924 0.0239032 0.0425806
v -0.00126188 0.0239032 0.04219224
v -0.00098229 0.0239032 0.04186958
v -0.00062312 0.0239032 0.04163875
v -0.00021347 0.0239032 0.04151847
v 0.00021347 0.0239032 0.04151847
v 0.00062312 0.0239032 0.04163875
v 0.00098229 0.0239032 0.04186958
v 0.00126188 0.0239032 0.04219224
v 0.00143924 0.0239032 0.0425806
v 0.0015 0.0239032 0.04300321
v -0.0014 0.0240032 0.04300321
v -0.00134329 0.0240032 0.04339763
v 0 0.0240032 0.04300321
v -0.00091681 0.0240032 0.04194516
v -0.00117775 0.0240032 0.0422463
v -0.00134329 0.0240032 0.04260878
v 0.00019924 0.0240032 0.04161745
v -0.00019924 0.0240032 0.04161745
v -0.00058158 0.0240032 0.04172972
v 0.00117775 0.0240032 0.0422463
v 0.00091681 0.0240032 0.04194516
v 0.00058158 0.0240032 0.04172972
v 0.00134329 0.0240032 0.04339763
v 0.0014 0.0240032 0.04300321
v 0.00134329 0.0240032 0.04260878
v 0.00058158 0.0240032 0.04427669
v 0.00091681 0.0240032 0.04406125
v 0.00117775 0.0240032 0.0437601
v -0.00058158 0.0240032 0.04427669
v -0.00019924 0.0240032 0.04438895
v 0.00019924 0.0240032 0.04438895
v -0.00117775 0.0240032 0.0437601
v -0.00091681 0.0240032 0.04406125
v 0 0.01502489 0.04300321
v -0.00245195 0.0132347 0.04182241
v -0.00260055 0.0132347 0.04220104
v -0.00224857 0.0132347 0.04147016
v -0.00199497 0.0132347 0.04115215
v -0.0016968 0.0132347 0.04087548
v -0.00136073 0.0132347 0.04064636
v -0.00099426 0.0132347 0.04046987
v -0.00060558 0.0132347 0.04034998
v -0.00020337 0.0132347 0.04028936
v 0.00020337 0.0132347 0.04028936
v 0.00060558 0.0132347 0.04034998
v 0.00099426 0.0132347 0.04046987
v 0.00136073 0.0132347 0.04064636
v 0.0016968 0.0132347 0.04087548
v 0.00199497 0.0132347 0.04115215
v 0.00224857 0.0132347 0.04147016
v 0.00245195 0.0132347 0.04182241
v 0.00260055 0.0132347 0.04220104
v 0.00269106 0.0132347 0.04259759
v 0.00272145 0.0132347 0.04300321
v 0.00269106 0.0132347 0.04340881
v 0.00260055 0.0132347 0.04380536
v 0.00245195 0.0132347 0.044184
v 0.00224857 0.0132347 0.04453626
v 0.00199497 0.0132347 0.04485426
v 0.0016968 0.0132347 0.04513092
v 0.00136073 0.0132347 0.04536005
v 0.00099426 0.0132347 0.04553653
v 0.00060558 0.0132347 0.04565642
v 0.00020337 0.0132347 0.04571705
v -0.00020337 0.0132347 0.04571705
v -0.00060558 0.0132347 0.04565642
v -0.00099426 0.0132347 0.04553653
v -0.00136073 0.0132347 0.04536005
v -0.0016968 0.0132347 0.04513092
v -0.00199497 0.0132347 0.04485426
v -0.00224857 0.0132347 0.04453626
v -0.00245195 0.0132347 0.044184
v -0.00260055 0.0132347 0.04380536
v -0.00269106 0.0132347 0.04340881
v -0.00272145 0.0132347 0.04300321
v -0.00269106 0.0132347 0.04259759
v -0.00261068 0.01311304 0.0433967
v -0.00252287 0.01311304 0.04378141
v -0.00237871 0.01311304 0.04414873
v -0.00218141 0.01311304 0.04449046
v -0.00193538 0.01311304 0.04479897
v -0.00164612 0.01311304 0.04506737
v -0.00132008 0.01311304 0.04528965
v -0.00096456 0.01311304 0.04546086
v -0.00058749 0.01311304 0.04557718
v -0.0001973 0.01311304 0.04563599
v 0.0001973 0.01311304 0.04563599
v 0.00058749 0.01311304 0.04557718
v 0.00096456 0.01311304 0.04546086
v 0.00132008 0.01311304 0.04528965
v 0.00164612 0.01311304 0.04506737
v 0.00193538 0.01311304 0.04479897
v 0.00218141 0.01311304 0.04449046
v 0.00237871 0.01311304 0.04414873
v 0.00252287 0.01311304 0.04378141
v 0.00261068 0.01311304 0.0433967
v 0.00264017 0.01311304 0.04300321
v 0.00261068 0.01311304 0.04260971
v 0.00252287 0.01311304 0.042225
v 0.00237871 0.01311304 0.04185768
v 0.00218141 0.01311304 0.04151595
v 0.00193538 0.01311304 0.04120744
v 0.00164612 0.01311304 0.04093904
v 0.00132008 0.01311304 0.04071675
v 0.00096456 0.01311304 0.04054554
v 0.00058749 0.01311304 0.04042923
v 0.0001973 0.01311304 0.04037042
v -0.0001973 0.01311304 0.04037042
v -0.00058749 0.01311304 0.04042923
v -0.00096456 0.01311304 0.04054554
v -0.00132008 0.01311304 0.04071675
v -0.00164612 0.01311304 0.04093904
v -0.00193538 0.01311304 0.04120744
v -0.00218141 0.01311304 0.04151595
v -0.00237871 0.01311304 0.04185768
v -0.00252287 0.01311304 0.042225
v -0.00261068 0.01311304 0.04260971
v -0.00264017 0.01311304 0.04300321
v -0.00249038 0.01303175 0.04337857
v -0.00240662 0.01303175 0.04374555
v -0.0022691 0.01303175 0.04409594
v -0.00208089 0.01303175 0.04442193
v -0.0018462 0.01303175 0.04471622
v -0.00157026 0.01303175 0.04497225
v -0.00125925 0.01303175 0.0451843
v -0.00092011 0.01303175 0.04534762
v -0.00056042 0.01303175 0.04545857
v -0.00018821 0.01303175 0.04551467
v 0.00018821 0.01303175 0.04551467
v 0.00056042 0.01303175 0.04545857
v 0.00092011 0.01303175 0.04534762
v 0.00125925 0.01303175 0.0451843
v 0.00157026 0.01303175 0.04497225
v 0.0018462 0.01303175 0.04471622
v 0.00208089 0.01303175 0.04442193
v 0.0022691 0.01303175 0.04409594
v 0.00240662 0.01303175 0.04374555
v 0.00249038 0.01303175 0.04337857
v 0.00251851 0.01303175 0.04300321
v 0.00249038 0.01303175 0.04262784
v 0.00240662 0.01303175 0.04226086
v 0.0022691 0.01303175 0.04191047
v 0.00208089 0.01303175 0.04158448
v 0.0018462 0.01303175 0.04129018
v 0.00157026 0.01303175 0.04103415
v 0.00125925 0.01303175 0.04082211
v 0.00092011 0.01303175 0.04065879
v 0.00056042 0.01303175 0.04054784
v 0.00018821 0.01303175 0.04049174
v -0.00018821 0.01303175 0.04049174
v -0.00056042 0.01303175 0.04054784
v -0.00092011 0.01303175 0.04065879
v -0.00125925 0.01303175 0.04082211
v -0.00157026 0.01303175 0.04103415
v -0.0018462 0.01303175 0.04129018
v -0.00208089 0.01303175 0.04158448
v -0.0022691 0.01303175 0.04191047
v -0.00240662 0.01303175 0.04226086
v -0.00249038 0.01303175 0.04262784
v -0.00251851 0.01303175 0.04300321
v -0.00072169 0.0143032 0.0297532
v 0 0.0143032 0.0297532
v -0.00038627 0.0143032 0.02981438
v -0.00073473 0.0143032 0.02999193
v -0.00101127 0.0143032 0.03026847
v -0.00108253 0.0143032 0.0303782
v 0.00038627 0.0143032 0.02981438
v 0.00072169 0.0143032 0.0297532
v 0.00108253 0.0143032 0.0303782
v 0.00101127 0.0143032 0.03026847
v 0.00073473 0.0143032 0.02999193
v 0.00144338 0.0143032 0.0310032
v 0.00108253 0.0143032 0.0316282
v 0.00118882 0.0143032 0.03138947
v 0.00125 0.0143032 0.0310032
v 0.00118882 0.0143032 0.03061693
v 0.00072169 0.0143032 0.0322532
v 0 0.0143032 0.0322532
v 0.00038627 0.0143032 0.03219203
v 0.00073473 0.0143032 0.03201447
v 0.00101127 0.0143032 0.03173793
v -0.00038627 0.0143032 0.03219203
v -0.00072169 0.0143032 0.0322532
v -0.00108253 0.0143032 0.0316282
v -0.00101127 0.0143032 0.03173793
v -0.00073473 0.0143032 0.03201447
v -0.00144338 0.0143032 0.0310032
v -0.00118882 0.0143032 0.03061693
v -0.00125 0.0143032 0.0310032
v -0.00118882 0.0143032 0.03138947
v 0.00144338 0.0130032 0.0310032
v 0.00226949 0.0130032 0.03030316
v 0.00234847 0.0130032 0.03064923
v -0.00148079 0.0130032 0.02914635
v -0.0011875 0.0130032 0.02894639
v -0.00072169 0.0130032 0.0297532
v -0.00086768 0.0130032 0.02879238
v 0.00052849 0.0130032 0.02868775
v 0.00086768 0.0130032 0.02879238
v 0.00072169 0.0130032 0.0297532
v 0.0011875 0.0130032 0.02894639
v 0.00148079 0.0130032 0.02914635
v 0.00148079 0.0130032 0.03286005
v 0.0011875 0.0130032 0.03306001
v 0.00072169 0.0130032 0.0322532
v 0.00086768 0.0130032 0.03321403
v 0.001741 0.0130032 0.02938779
v 0.00196232 0.0130032 0.02966532
v 0.0021398 0.0130032 0.02997273
v -0.00234847 0.0130032 0.03135718
v -0.002375 0.0130032 0.0310032
v -0.00144338 0.0130032 0.0310032
v -0.00234847 0.0130032 0.03064923
v -0.00226949 0.0130032 0.03030316
v -0.0021398 0.0130032 0.02997273
v -0.00196232 0.0130032 0.02966532
v -0.001741 0.0130032 0.02938779
v -0.00072169 0.0130032 0.0322532
v -0.00148079 0.0130032 0.03286005
v -0.001741 0.0130032 0.03261861
v -0.00196232 0.0130032 0.03234109
v -0.0021398 0.0130032 0.03203368
v -0.00226949 0.0130032 0.03170325
v -0.00052849 0.0130032 0.03331866
v -0.00086768 0.0130032 0.03321403
v -0.0011875 0.0130032 0.03306001
v 0.002375 0.0130032 0.0310032
v 0.00234847 0.0130032 0.03135718
v 0.00226949 0.0130032 0.03170325
v 0.0021398 0.0130032 0.03203368
v 0.00196232 0.0130032 0.03234109
v 0.001741 0.0130032 0.03261861
v -0.00052849 0.0130032 0.02868775
v -0.00017748 0.0130032 0.02863484
v 0.00017748 0.0130032 0.02863484
v 0.00052849 0.0130032 0.03331866
v 0.00017748 0.0130032 0.03337156
v -0.00017748 0.0130032 0.03337156
v -0.00126188 0.0160032 0.03019224
v -0.00251225 0.0160032 0.02988468
v -0.00143924 0.0160032 0.0305806
v -0.00268991 0.0160032 0.03043145
v -0.0015 0.0160032 0.0310032
v -0.00275 0.0160032 0.0310032
v -0.00143924 0.0160032 0.0314258
v -0.00021347 0.0160032 0.02951847
v -0.0008498 0.0160032 0.0283878
v -0.00062312 0.0160032 0.02963876
v -0.001375 0.0160032 0.02862163
v -0.00098229 0.0160032 0.02986958
v -0.00184011 0.0160032 0.02895956
v -0.0022248 0.0160032 0.02938679
v 0.00062312 0.0160032 0.02963876
v 0.0008498 0.0160032 0.0283878
v 0.00021347 0.0160032 0.02951847
v 0.00028745 0.0160032 0.02826827
v -0.00028745 0.0160032 0.02826827
v 0.00143924 0.0160032 0.0305806
v 0.00251225 0.0160032 0.02988468
v 0.00126188 0.0160032 0.03019224
v 0.0022248 0.0160032 0.02938679
v 0.00098229 0.0160032 0.02986958
v 0.00184011 0.0160032 0.02895956
v 0.001375 0.0160032 0.02862163
v 0.00126188 0.0160032 0.03181417
v 0.00251225 0.0160032 0.03212173
v 0.00143924 0.0160032 0.0314258
v 0.00268991 0.0160032 0.03157496
v 0.0015 0.0160032 0.0310032
v 0.00275 0.0160032 0.0310032
v 0.00268991 0.0160032 0.03043145
v 0.00021347 0.0160032 0.03248794
v 0.0008498 0.0160032 0.03361861
v 0.00062312 0.0160032 0.03236765
v 0.001375 0.0160032 0.03338477
v 0.00098229 0.0160032 0.03213683
v 0.00184011 0.0160032 0.03304685
v 0.0022248 0.0160032 0.03261961
v -0.00062312 0.0160032 0.03236765
v -0.0008498 0.0160032 0.03361861
v -0.00021347 0.0160032 0.03248794
v -0.00028745 0.0160032 0.03373814
v 0.00028745 0.0160032 0.03373814
v -0.00268991 0.0160032 0.03157496
v -0.00251225 0.0160032 0.03212173
v -0.00126188 0.0160032 0.03181417
v -0.0022248 0.0160032 0.03261961
v -0.00098229 0.0160032 0.03213683
v -0.00184011 0.0160032 0.03304685
v -0.001375 0.0160032 0.03338477
v 0.00271928 0.0133782 0.03059334
v 0.00250767 0.0133782 0.02988647
v 0.00262783 0.0133782 0.03019263
v 0.00268271 0.0133782 0.03043309
v 0.00247766 0.0133782 0.02981002
v 0.00227216 0.0133782 0.02945407
v 0.00222095 0.0133782 0.02938986
v 0.00201589 0.0133782 0.02913273
v 0.00183509 0.0133782 0.02896497
v 0.0017146 0.0133782 0.02885317
v 0.001375 0.0133782 0.02862163
v 0.00100469 0.0133782 0.0284433
v 0.00028672 0.0133782 0.02827313
v 0.00061193 0.0133782 0.02832215
v 0.00084762 0.0133782 0.02839485
v 0.00020551 0.0133782 0.02826089
v -0.00020551 0.0133782 0.02826089
v -0.00028672 0.0133782 0.02827313
v -0.00061193 0.0133782 0.02832215
v -0.00084762 0.0133782 0.02839485
v -0.00100469 0.0133782 0.0284433
v -0.001375 0.0133782 0.02862163
v -0.0017146 0.0133782 0.02885317
v -0.00222095 0.0133782 0.02938986
v -0.00201589 0.0133782 0.02913273
v -0.00183509 0.0133782 0.02896497
v -0.00227216 0.0133782 0.02945407
v -0.00247766 0.0133782 0.02981002
v -0.00250767 0.0133782 0.02988647
v -0.00262783 0.0133782 0.03019263
v -0.00268271 0.0133782 0.03043309
v -0.00271928 0.0133782 0.03059334
v -0.00275 0.0133782 0.0310032
v -0.00271928 0.0133782 0.03141307
v -0.00250767 0.0133782 0.03211993
v -0.00262783 0.0133782 0.03181378
v -0.00268271 0.0133782 0.03157332
v -0.00247766 0.0133782 0.03219638
v -0.00227216 0.0133782 0.03255234
v -0.00222095 0.0133782 0.03261654
v -0.00201589 0.0133782 0.03287368
v -0.00183509 0.0133782 0.03304144
v -0.0017146 0.0133782 0.03315324
v -0.001375 0.0133782 0.03338477
v -0.00100469 0.0133782 0.03356311
v -0.00028672 0.0133782 0.03373327
v -0.00061193 0.0133782 0.03368425
v -0.00084762 0.0133782 0.03361155
v -0.00020551 0.0133782 0.03374551
v 0.00020551 0.0133782 0.03374551
v 0.00028672 0.0133782 0.03373327
v 0.00061193 0.0133782 0.03368425
v 0.00084762 0.0133782 0.03361155
v 0.00100469 0.0133782 0.03356311
v 0.001375 0.0133782 0.03338477
v 0.0017146 0.0133782 0.03315324
v 0.00222095 0.0133782 0.03261654
v 0.00201589 0.0133782 0.03287368
v 0.00183509 0.0133782 0.03304144
v 0.00227216 0.0133782 0.03255234
v 0.00247766 0.0133782 0.03219638
v 0.00250767 0.0133782 0.03211993
v 0.00262783 0.0133782 0.03181378
v 0.00268271 0.0133782 0.03157332
v 0.00271928 0.0133782 0.03141307
v 0.00275 0.0133782 0.0310032
v 0.00143924 0.0239032 0.0314258
v 0.00126188 0.0239032 0.03181417
v 0.00098229 0.0239032 0.03213683
v 0.00062312 0.0239032 0.03236765
v 0.00021347 0.0239032 0.03248794
v -0.00021347 0.0239032 0.03248794
v -0.00062312 0.0239032 0.03236765
v -0.00098229 0.0239032 0.03213683
v -0.00126188 0.0239032 0.03181417
v -0.00143924 0.0239032 0.0314258
v -0.0015 0.0239032 0.0310032
v -0.00143924 0.0239032 0.0305806
v -0.00126188 0.0239032 0.03019224
v -0.00098229 0.0239032 0.02986958
v -0.00062312 0.0239032 0.02963876
v -0.00021347 0.0239032 0.02951847
v 0.00021347 0.0239032 0.02951847
v 0.00062312 0.0239032 0.02963876
v 0.00098229 0.0239032 0.02986958
v 0.00126188 0.0239032 0.03019224
v 0.00143924 0.0239032 0.0305806
v 0.0015 0.0239032 0.0310032
v -0.0014 0.0240032 0.0310032
v -0.00134329 0.0240032 0.03139763
v 0 0.0240032 0.0310032
v -0.00091681 0.0240032 0.02994515
v -0.00117775 0.0240032 0.03024631
v -0.00134329 0.0240032 0.03060878
v 0.00019924 0.0240032 0.02961745
v -0.00019924 0.0240032 0.02961745
v -0.00058158 0.0240032 0.02972972
v 0.00117775 0.0240032 0.03024631
v 0.00091681 0.0240032 0.02994515
v 0.00058158 0.0240032 0.02972972
v 0.00134329 0.0240032 0.03139763
v 0.0014 0.0240032 0.0310032
v 0.00134329 0.0240032 0.03060878
v 0.00058158 0.0240032 0.03227669
v 0.00091681 0.0240032 0.03206125
v 0.00117775 0.0240032 0.0317601
v -0.00058158 0.0240032 0.03227669
v -0.00019924 0.0240032 0.03238895
v 0.00019924 0.0240032 0.03238895
v -0.00117775 0.0240032 0.0317601
v -0.00091681 0.0240032 0.03206125
v 0 0.01502489 0.0310032
v -0.00245195 0.0132347 0.02982241
v -0.00260055 0.0132347 0.03020104
v -0.00224857 0.0132347 0.02947015
v -0.00199497 0.0132347 0.02915214
v -0.0016968 0.0132347 0.02887549
v -0.00136073 0.0132347 0.02864635
v -0.00099426 0.0132347 0.02846987
v -0.00060558 0.0132347 0.02834998
v -0.00020337 0.0132347 0.02828936
v 0.00020337 0.0132347 0.02828936
v 0.00060558 0.0132347 0.02834998
v 0.00099426 0.0132347 0.02846987
v 0.00136073 0.0132347 0.02864635
v 0.0016968 0.0132347 0.02887549
v 0.00199497 0.0132347 0.02915214
v 0.00224857 0.0132347 0.02947015
v 0.00245195 0.0132347 0.02982241
v 0.00260055 0.0132347 0.03020104
v 0.00269106 0.0132347 0.03059759
v 0.00272145 0.0132347 0.0310032
v 0.00269106 0.0132347 0.03140882
v 0.00260055 0.0132347 0.03180537
v 0.00245195 0.0132347 0.032184
v 0.00224857 0.0132347 0.03253625
v 0.00199497 0.0132347 0.03285426
v 0.0016968 0.0132347 0.03313092
v 0.00136073 0.0132347 0.03336005
v 0.00099426 0.0132347 0.03353653
v 0.00060558 0.0132347 0.03365643
v 0.00020337 0.0132347 0.03371705
v -0.00020337 0.0132347 0.03371705
v -0.00060558 0.0132347 0.03365643
v -0.00099426 0.0132347 0.03353653
v -0.00136073 0.0132347 0.03336005
v -0.0016968 0.0132347 0.03313092
v -0.00199497 0.0132347 0.03285426
v -0.00224857 0.0132347 0.03253625
v -0.00245195 0.0132347 0.032184
v -0.00260055 0.0132347 0.03180537
v -0.00269106 0.0132347 0.03140882
v -0.00272145 0.0132347 0.0310032
v -0.00269106 0.0132347 0.03059759
v -0.00261068 0.01311304 0.0313967
v -0.00252287 0.01311304 0.03178141
v -0.00237871 0.01311304 0.03214873
v -0.00218141 0.01311304 0.03249046
v -0.00193538 0.01311304 0.03279897
v -0.00164612 0.01311304 0.03306737
v -0.00132008 0.01311304 0.03328965
v -0.00096456 0.01311304 0.03346086
v -0.00058749 0.01311304 0.03357717
v -0.0001973 0.01311304 0.03363599
v 0.0001973 0.01311304 0.03363599
v 0.00058749 0.01311304 0.03357717
v 0.00096456 0.01311304 0.03346086
v 0.00132008 0.01311304 0.03328965
v 0.00164612 0.01311304 0.03306737
v 0.00193538 0.01311304 0.03279897
v 0.00218141 0.01311304 0.03249046
v 0.00237871 0.01311304 0.03214873
v 0.00252287 0.01311304 0.03178141
v 0.00261068 0.01311304 0.0313967
v 0.00264017 0.01311304 0.0310032
v 0.00261068 0.01311304 0.03060971
v 0.00252287 0.01311304 0.030225
v 0.00237871 0.01311304 0.02985768
v 0.00218141 0.01311304 0.02951595
v 0.00193538 0.01311304 0.02920743
v 0.00164612 0.01311304 0.02893904
v 0.00132008 0.01311304 0.02871675
v 0.00096456 0.01311304 0.02854554
v 0.00058749 0.01311304 0.02842923
v 0.0001973 0.01311304 0.02837042
v -0.0001973 0.01311304 0.02837042
v -0.00058749 0.01311304 0.02842923
v -0.00096456 0.01311304 0.02854554
v -0.00132008 0.01311304 0.02871675
v -0.00164612 0.01311304 0.02893904
v -0.00193538 0.01311304 0.02920743
v -0.00218141 0.01311304 0.02951595
v -0.00237871 0.01311304 0.02985768
v -0.00252287 0.01311304 0.030225
v -0.00261068 0.01311304 0.03060971
v -0.00264017 0.01311304 0.0310032
v -0.00249038 0.01303175 0.03137857
v -0.00240662 0.01303175 0.03174555
v -0.0022691 0.01303175 0.03209594
v -0.00208089 0.01303175 0.03242193
v -0.0018462 0.01303175 0.03271622
v -0.00157026 0.01303175 0.03297225
v -0.00125925 0.01303175 0.03318429
v -0.00092011 0.01303175 0.03334761
v -0.00056042 0.01303175 0.03345856
v -0.00018821 0.01303175 0.03351467
v 0.00018821 0.01303175 0.03351467
v 0.00056042 0.01303175 0.03345856
v 0.00092011 0.01303175 0.03334761
v 0.00125925 0.01303175 0.03318429
v 0.00157026 0.01303175 0.03297225
v 0.0018462 0.01303175 0.03271622
v 0.00208089 0.01303175 0.03242193
v 0.0022691 0.01303175 0.03209594
v 0.00240662 0.01303175 0.03174555
v 0.00249038 0.01303175 0.03137857
v 0.00251851 0.01303175 0.0310032
v 0.00249038 0.01303175 0.03062784
v 0.00240662 0.01303175 0.03026086
v 0.0022691 0.01303175 0.02991046
v 0.00208089 0.01303175 0.02958448
v 0.0018462 0.01303175 0.02929018
v 0.00157026 0.01303175 0.02903416
v 0.00125925 0.01303175 0.02882211
v 0.00092011 0.01303175 0.02865879
v 0.00056042 0.01303175 0.02854784
v 0.00018821 0.01303175 0.02849174
v -0.00018821 0.01303175 0.02849174
v -0.00056042 0.01303175 0.02854784
v -0.00092011 0.01303175 0.02865879
v -0.00125925 0.01303175 0.02882211
v -0.00157026 0.01303175 0.02903416
v -0.0018462 0.01303175 0.02929018
v -0.00208089 0.01303175 0.02958448
v -0.0022691 0.01303175 0.02991046
v -0.00240662 0.01303175 0.03026086
v -0.00249038 0.01303175 0.03062784
v -0.00251851 0.01303175 0.0310032
v -0 0.0160032 0.0326032
v -0 0.01900321 0.0326032
v 0.0008 0.0160032 0.03238884
v 0.0008 0.01900321 0.03238884
v 0.00138564 0.0160032 0.0318032
v 0.00138564 0.01900321 0.0318032
v 0.0016 0.0160032 0.0310032
v 0.0016 0.01900321 0.0310032
v 0.00138564 0.0160032 0.0302032
v 0.00138564 0.01900321 0.0302032
v 0.0008 0.0160032 0.02961756
v 0.0008 0.01900321 0.02961756
v -0 0.0160032 0.0294032
v -0 0.01900321 0.0294032
v -0.0008 0.0160032 0.02961756
v -0.0008 0.01900321 0.02961756
v -0.00138564 0.0160032 0.0302032
v -0.00138564 0.01900321 0.0302032
v -0.0016 0.0160032 0.0310032
v -0.0016 0.01900321 0.0310032
v -0.00138564 0.0160032 0.0318032
v -0.00138564 0.01900321 0.0318032
v -0.0008 0.0160032 0.03238884
v -0.0008 0.01900321 0.03238884
v -0 0.0160032 0.0446032
v -0 0.01900321 0.0446032
v 0.0008 0.0160032 0.04438885
v 0.0008 0.01900321 0.04438885
v 0.00138564 0.0160032 0.0438032
v 0.00138564 0.01900321 0.0438032
v 0.0016 0.0160032 0.04300321
v 0.0016 0.01900321 0.04300321
v 0.00138564 0.0160032 0.0422032
v 0.00138564 0.01900321 0.0422032
v 0.0008 0.0160032 0.04161756
v 0.0008 0.01900321 0.04161756
v -0 0.0160032 0.0414032
v -0 0.01900321 0.0414032
v -0.0008 0.0160032 0.04161756
v -0.0008 0.01900321 0.04161756
v -0.00138564 0.0160032 0.0422032
v -0.00138564 0.01900321 0.0422032
v -0.0016 0.0160032 0.04300321
v -0.0016 0.01900321 0.04300321
v -0.00138564 0.0160032 0.0438032
v -0.00138564 0.01900321 0.0438032
v -0.0008 0.0160032 0.04438885
v -0.0008 0.01900321 0.04438885
v 0.008 -0.00424264 0.00424264
v 0.0048 -0.00424264 0.00424264
v 0.0048 -0.00534604 0.00272394
v 0.008 -0.00534604 0.00272394
v 0.0048 -0.00592613 0.00093861
v 0.008 -0.00592613 0.00093861
v 0.0048 -0.00592613 -0.00093861
v 0.008 -0.00592613 -0.00093861
v 0.0048 -0.00534604 -0.00272395
v 0.008 -0.00534604 -0.00272395
v 0.0048 -0.00424264 -0.00424264
v 0.008 -0.00424264 -0.00424264
v 0.0048 -0.00272394 -0.00534604
v 0.008 -0.00272394 -0.00534604
v 0.0048 -0.00093861 -0.00592613
v 0.008 -0.00093861 -0.00592613
v 0.0048 0.00093861 -0.00592613
v 0.008 0.00093861 -0.00592613
v 0.0048 0.00272394 -0.00534604
v 0.008 0.00272394 -0.00534604
v 0.0048 0.00424264 -0.00424264
v 0.008 0.00424264 -0.00424264
v 0.008 -0.00346308 -0.00200176
v 0.0048 -0.00346308 -0.00200176
v 0.008 -0.00396551 -0.00052413
v 0.0048 -0.00396551 -0.00052413
v 0.008 -0.00386423 0.00103331
v 0.0048 -0.00386423 0.00103331
v 0.008 -0.00317465 0.00243343
v 0.0048 -0.00317465 0.00243343
v 0.008 -0.00200177 0.00346308
v 0.0048 -0.00200177 0.00346308
v 0.008 -0.00052413 0.00396551
v 0.0048 -0.00052413 0.00396551
v 0.008 0.00103331 0.00386423
v 0.0048 0.00103331 0.00386423
v 0.008 0.00243343 0.00317466
v 0.0048 0.00243343 0.00317466
v 0.008 0.00346308 0.00200177
v 0.0048 0.00346308 0.00200177
v 0.008 0.00396551 0.00052413
v 0.0048 0.00396551 0.00052413
v 0.008 0.00386423 -0.00103331
v 0.0048 0.00386423 -0.00103331
v 0.008 0.00317465 -0.00243343
v 0.0048 0.00317465 -0.00243343
v 0.008 0.00200177 -0.00346308
v 0.0048 0.00200177 -0.00346308
v 0.008 0.00052413 -0.00396551
v 0.0048 0.00052413 -0.00396551
v 0.008 -0.00103331 -0.00386423
v 0.0048 -0.00103331 -0.00386423
v 0.008 -0.00243343 -0.00317465
v 0.0048 -0.00243343 -0.00317465
v 0.0048 0.00919239 0.00070711
v -0.0048 0.00424264 -0.00424264
v -0.008 0.00424264 -0.00424264
v -0.0048 0.00919239 0.00070711
v -0.008 0.0240032 0.01551792
v 0.008 0.0240032 0.01551792
v 0.008 0.0240032 0.0210032
v -0.008 0.0240032 0.0210032
v -0.00127799 0.0120032 0.0285682
v -0.008 0.0120032 0.02048849
v -0 0.0120032 0.0282532
v 0.008 0.0120032 0.02048849
v 0.00127799 0.0120032 0.0285682
v -0.002 0.0120032 0.0530032
v -0.00065812 0.0120032 0.04567329
v 0.002 0.0120032 0.0530032
v 0.00065812 0.0120032 0.04567329
v 0.0038541 0.0120032 0.05270954
v -0 0.0120032 0.0402532
v -0.00065812 0.0120032 0.03367329
v 0.00127799 0.0120032 0.0405682
v 0.00065812 0.0120032 0.03367329
v 0.00226321 0.0120032 0.04144103
v 0.00182359 0.0120032 0.03306161
v 0.00257129 0.0120032 0.03197837
v 0.00272995 0.0120032 0.03067173
v 0.00226321 0.0120032 0.02944103
v -0.00226321 0.0120032 0.02944103
v -0.00272995 0.0120032 0.03067173
v -0.00257129 0.0120032 0.03197837
v -0.008 0.0120032 0.0470032
v -0.00226321 0.0120032 0.04144103
v 0.00272995 0.0120032 0.04267173
v 0.008 0.0120032 0.0470032
v 0.00257129 0.0120032 0.04397837
v 0.00770634 0.0120032 0.04885731
v 0.00182359 0.0120032 0.04506161
v 0.0068541 0.0120032 0.05052992
v 0.00552671 0.0120032 0.0518573
v -0.00127799 0.0120032 0.0405682
v -0.00182359 0.0120032 0.03306161
v -0.00272995 0.0120032 0.04267173
v -0.00257129 0.0120032 0.04397837
v -0.00770634 0.0120032 0.04885731
v -0.00182359 0.0120032 0.04506161
v -0.0038541 0.0120032 0.05270954
v -0.00552671 0.0120032 0.0518573
v -0.0068541 0.0120032 0.05052992
v -0.008 -0.00424264 0.00424264
v -0.0048 -0.00424264 0.00424264
v -0.0048 0.00070711 0.00919239
v 0.0048 0.00070711 0.00919239
v -0.008 -0.00534604 0.00272394
v -0.0048 -0.00534604 0.00272394
v -0.008 -0.00592613 0.00093861
v -0.0048 -0.00592613 0.00093861
v -0.008 -0.00592613 -0.00093861
v -0.0048 -0.00592613 -0.00093861
v -0.008 -0.00534604 -0.00272395
v -0.0048 -0.00534604 -0.00272395
v -0.008 -0.00424264 -0.00424264
v -0.0048 -0.00424264 -0.00424264
v -0.008 -0.00272394 -0.00534604
v -0.0048 -0.00272394 -0.00534604
v -0.008 -0.00093861 -0.00592613
v -0.0048 -0.00093861 -0.00592613
v -0.008 0.00093861 -0.00592613
v -0.0048 0.00093861 -0.00592613
v -0.008 0.00272394 -0.00534604
v -0.0048 0.00272394 -0.00534604
v -0.0048 -0.00346308 -0.00200176
v -0.008 -0.00346308 -0.00200176
v -0.0048 -0.00396551 -0.00052413
v -0.008 -0.00396551 -0.00052413
v -0.0048 -0.00386423 0.00103331
v -0.008 -0.00386423 0.00103331
v -0.0048 -0.00317465 0.00243343
v -0.008 -0.00317465 0.00243343
v -0.0048 -0.00200177 0.00346308
v -0.008 -0.00200177 0.00346308
v -0.0048 -0.00052413 0.00396551
v -0.008 -0.00052413 0.00396551
v -0.0048 0.00103331 0.00386423
v -0.008 0.00103331 0.00386423
v -0.0048 0.00243343 0.00317466
v -0.008 0.00243343 0.00317466
v -0.0048 0.00346308 0.00200177
v -0.008 0.00346308 0.00200177
v -0.0048 0.00396551 0.00052413
v -0.008 0.00396551 0.00052413
v -0.0048 0.00386423 -0.00103331
v -0.008 0.00386423 -0.00103331
v -0.0048 0.00317465 -0.00243343
v -0.008 0.00317465 -0.00243343
v -0.0048 0.00200177 -0.00346308
v -0.008 0.00200177 -0.00346308
v -0.0048 0.00052413 -0.00396551
v -0.008 0.00052413 -0.00396551
v -0.0048 -0.00103331 -0.00386423
v -0.008 -0.00103331 -0.00386423
v -0.0048 -0.00243343 -0.00317465
v -0.008 -0.00243343 -0.00317465
v 0.008 0.01500064 0.01375
v 0.008 0.01437555 0.01391715
v 0.008 0.01375 0.01499936
v 0.008 0.01391779 0.01437445
v 0.008 0.01391715 0.01562445
v 0.008 0.01437445 0.01608221
v 0.008 0.01900321 0.0210032
v 0.008 0.01608285 0.01437555
v 0.008 0.01562555 0.01391779
v 0.008 0.01499936 0.01625
v 0.008 0.01562445 0.01608285
v 0.008 0.01608221 0.01562555
v 0.008 0.01625 0.01500064
v 0.008 0.01900321 0.0470032
v -0.008 0.01900321 0.0470032
v -0.008 0.01900321 0.0210032
v -0.008 0.01437445 0.01608221
v -0.008 0.01391715 0.01562445
v -0.008 0.01608285 0.01437555
v -0.008 0.01625 0.01500064
v -0.008 0.01562555 0.01391779
v -0.008 0.01500064 0.01375
v -0.008 0.01437555 0.01391715
v -0.008 0.01608221 0.01562555
v -0.008 0.01562445 0.01608285
v -0.008 0.01499936 0.01625
v -0.008 0.01391779 0.01437445
v -0.008 0.01375 0.01499936
v -0.002 0.01900321 0.0530032
v 0.002 0.01900321 0.0530032
v -0.00552671 0.01900321 0.0518573
v -0.0038541 0.01900321 0.05270954
v -0.00770634 0.01900321 0.04885731
v -0.0068541 0.01900321 0.05052992
v 0.00552671 0.01900321 0.0518573
v 0.0038541 0.01900321 0.05270954
v 0.00770634 0.01900321 0.04885731
v 0.0068541 0.01900321 0.05052992
v -0.00065812 0.0160032 0.04567329
v -0.00182359 0.0160032 0.04506161
v -0.00257129 0.0160032 0.04397837
v -0.00272995 0.0160032 0.04267173
v -0.00226321 0.0160032 0.04144103
v -0.00127799 0.0160032 0.0405682
v -0 0.0160032 0.0402532
v 0.00127799 0.0160032 0.0405682
v 0.00226321 0.0160032 0.04144103
v 0.00272995 0.0160032 0.04267173
v 0.00257129 0.0160032 0.04397837
v 0.00182359 0.0160032 0.04506161
v 0.00065812 0.0160032 0.04567329
v -0.00065812 0.0160032 0.03367329
v -0.00182359 0.0160032 0.03306161
v -0.00257129 0.0160032 0.03197837
v -0.00272995 0.0160032 0.03067173
v -0.00226321 0.0160032 0.02944103
v -0.00127799 0.0160032 0.0285682
v -0 0.0160032 0.0282532
v 0.00127799 0.0160032 0.0285682
v 0.00226321 0.0160032 0.02944103
v 0.00272995 0.0160032 0.03067173
v 0.00257129 0.0160032 0.03197837
v 0.00182359 0.0160032 0.03306161
v 0.00065812 0.0160032 0.03367329
v -0.0086 0.00177811 -0.00091559
v -0.0086 0.0020328 -0.00136757
v -0.0086 0.00149455 -0.00132903
v -0.0086 0.00167752 -0.00178562
v -0.0086 0.00111708 -0.00165895
v -0.0086 0.00123812 -0.00211413
v -0.0086 0.00066942 -0.00188464
v -0.0086 0.00073664 -0.00233663
v -0.0086 0.0001797 -0.00199191
v -0.0086 0.00019822 -0.00244197
v -0.0086 -0.00032131 -0.00197402
v -0.0086 -0.00035014 -0.00242485
v -0.0086 -0.00080214 -0.0018321
v -0.0086 -0.00088094 -0.00228614
v -0.0086 -0.00123256 -0.00157505
v -0.0086 -0.00136757 -0.0020328
v -0.0086 -0.00158554 -0.00121904
v -0.0086 7.137E-05 0.00199873
v -0.0086 0.00035014 0.00242485
v -0.0086 0.00056619 0.00191818
v -0.0086 0.00088094 0.00228614
v -0.0086 0.00102544 0.00171711
v -0.0086 0.00136757 0.0020328
v -0.0086 0.00142025 0.00140815
v -0.0086 0.00178562 0.00167752
v -0.0086 0.00172582 0.00101071
v -0.0086 0.00211413 0.00123812
v -0.0086 0.00192296 0.00054976
v -0.0086 0.00233663 0.00073664
v -0.0086 0.00199926 5.427E-05
v -0.0086 0.00244197 0.00019822
v -0.0086 0.00194995 -0.00044463
v -0.0086 0.00242485 -0.00035014
v -0.0086 0.00228614 -0.00088094
v -0.0086 -0.00178562 -0.00167752
v -0.0086 -0.00211413 -0.00123812
v -0.0086 -0.00183889 -0.00078644
v -0.0086 -0.00233663 -0.00073664
v -0.0086 -0.0019767 -0.00030442
v -0.0086 -0.00244197 -0.00019822
v -0.0086 -0.0019903 0.00019673
v -0.0086 -0.00242485 0.00035014
v -0.0086 -0.00187885 0.00068552
v -0.0086 -0.00228614 0.00088094
v -0.0086 -0.00164934 0.00113123
v -0.0086 -0.0020328 0.00136757
v -0.0086 -0.0013162 0.00150587
v -0.0086 -0.00167752 0.00178562
v -0.0086 -0.00090035 0.00178588
v -0.0086 -0.00123812 0.00211413
v -0.0086 -0.00042793 0.00195368
v -0.0086 -0.00073664 0.00233663
v -0.0086 -0.00019822 0.00244197
v -0.0083 -0.00233663 -0.00073664
v -0.0083 -0.00244197 -0.00019822
v -0.0083 -0.00242485 0.00035014
v -0.0083 -0.00228614 0.00088094
v -0.0083 -0.0020328 0.00136757
v -0.0083 -0.00167752 0.00178562
v -0.0083 -0.00123812 0.00211413
v -0.0083 -0.00073664 0.00233663
v -0.0083 -0.00019822 0.00244197
v -0.0083 0.00035014 0.00242485
v -0.0083 0.00088094 0.00228614
v -0.0083 0.00136757 0.0020328
v -0.0083 0.00178562 0.00167752
v -0.0083 0.00211413 0.00123812
v -0.0083 0.00233663 0.00073664
v -0.0083 0.00244197 0.00019822
v -0.0083 0.00242485 -0.00035014
v -0.0083 0.00228614 -0.00088094
v -0.0083 0.0020328 -0.00136757
v -0.0083 0.00167752 -0.00178562
v -0.0083 0.00123812 -0.00211413
v -0.0083 0.00073664 -0.00233663
v -0.0083 0.00019822 -0.00244197
v -0.0083 -0.00035014 -0.00242485
v -0.0083 -0.00088094 -0.00228614
v -0.0083 -0.00136757 -0.0020328
v -0.0083 -0.00178562 -0.00167752
v -0.0083 -0.00211413 -0.00123812
v -0.0056 0.00172582 0.00101071
v -0.0056 0.00142025 0.00140815
v -0.0056 0.00102544 0.00171711
v -0.0056 0.00056619 0.00191818
v -0.0056 7.137E-05 0.00199873
v -0.0056 -0.00042793 0.00195368
v -0.0056 -0.00090035 0.00178588
v -0.0056 -0.0013162 0.00150587
v -0.0056 -0.00164934 0.00113123
v -0.0056 -0.00187885 0.00068552
v -0.0056 -0.0019903 0.00019673
v -0.0056 -0.0019767 -0.00030442
v -0.0056 -0.00183889 -0.00078644
v -0.0056 -0.00158554 -0.00121904
v -0.0056 -0.00123256 -0.00157505
v -0.0056 -0.00080214 -0.0018321
v -0.0056 -0.00032131 -0.00197402
v -0.0056 0.0001797 -0.00199191
v -0.0056 0.00066942 -0.00188464
v -0.0056 0.00111708 -0.00165895
v -0.0056 0.00149455 -0.00132903
v -0.0056 0.00177811 -0.00091559
v -0.0056 0.00194995 -0.00044463
v -0.0056 0.00199926 5.427E-05
v -0.0056 0.00192296 0.00054976
v -0.0083 -0.00153922 -0.00303163
v -0.0083 -0.00208514 -0.00268555
v -0.0083 -0.00255571 -0.0022424
v -0.0083 -0.0029339 -0.00171821
v -0.0083 -0.00320605 -0.00113191
v -0.0083 0.00258329 -0.00221057
v -0.0083 0.00211826 -0.00265951
v -0.0083 0.00157666 -0.00301233
v -0.0083 0.00097808 -0.00325628
v -0.0083 0.00034415 -0.00338254
v -0.0083 -0.00030222 -0.00338654
v -0.0083 -0.00093766 -0.00326815
v -0.0083 -0.00336233 -0.00050471
v -0.0083 -0.00339709 0.00014074
v -0.0083 -0.00330906 0.0007811
v -0.0083 -0.00310144 0.00139322
v -0.0083 -0.00278172 0.001955
v -0.0083 -0.00236147 0.00244611
v -0.0083 -0.00185586 0.00284882
v -0.0083 0.00275729 0.00198931
v -0.0083 0.00308394 0.00143154
v -0.0083 0.00329913 0.00082203
v -0.0083 0.00339508 0.00018281
v -0.0083 0.00336833 -0.00046301
v -0.0083 0.00321983 -0.00109211
v -0.0083 0.00295496 -0.00168173
v -0.0083 -0.00128318 0.00314856
v -0.0083 -0.00066412 0.00333451
v -0.0083 -2.106E-05 0.00339993
v -0.0083 0.00062276 0.00334248
v -0.0083 0.00124407 0.00316422
v -0.0083 0.00182042 0.00287159
v -0.0083 0.00233098 0.00247518
v -0.0056 -0.00178562 -0.00167752
v -0.0056 -0.00136757 -0.0020328
v -0.0056 -0.00088094 -0.00228614
v -0.0056 -0.00035014 -0.00242485
v -0.0056 0.00019822 -0.00244197
v -0.0056 0.00073664 -0.00233663
v -0.0056 0.00123812 -0.00211413
v -0.0056 0.00167752 -0.00178562
v -0.0056 -0.00019822 0.00244197
v -0.0056 -0.00073664 0.00233663
v -0.0056 -0.00123812 0.00211413
v -0.0056 -0.00167752 0.00178562
v -0.0056 -0.0020328 0.00136757
v -0.0056 -0.00228614 0.00088094
v -0.0056 -0.00242485 0.00035014
v -0.0056 -0.00244197 -0.00019822
v -0.0056 -0.00233663 -0.00073664
v -0.0056 -0.00211413 -0.00123812
v -0.0056 0.0020328 -0.00136757
v -0.0056 0.00228614 -0.00088094
v -0.0056 0.00242485 -0.00035014
v -0.0056 0.00244197 0.00019822
v -0.0056 0.00233663 0.00073664
v -0.0056 0.00211413 0.00123812
v -0.0056 0.00178562 0.00167752
v -0.0056 0.00136757 0.0020328
v -0.0056 0.00088094 0.00228614
v -0.0056 0.00035014 0.00242485
v -0.0086 -0.0029339 -0.00171821
v -0.0086 -0.00320605 -0.00113191
v -0.0086 -0.00336233 -0.00050471
v -0.0086 -0.00339709 0.00014074
v -0.0086 -0.00330906 0.0007811
v -0.0086 -0.00310144 0.00139322
v -0.0086 -0.00278172 0.001955
v -0.0086 -0.00236147 0.00244611
v -0.0086 -0.00185586 0.00284882
v -0.0086 -0.00128318 0.00314856
v -0.0086 -0.00066412 0.00333451
v -0.0086 -2.106E-05 0.00339993
v -0.0086 0.00062276 0.00334248
v -0.0086 0.00124407 0.00316422
v -0.0086 0.00182042 0.00287159
v -0.0086 0.00233098 0.00247518
v -0.0086 0.00275729 0.00198931
v -0.0086 0.00308394 0.00143154
v -0.0086 0.00329913 0.00082203
v -0.0086 0.00339508 0.00018281
v -0.0086 0.00336833 -0.00046301
v -0.0086 0.00321983 -0.00109211
v -0.0086 0.00295496 -0.00168173
v -0.0086 0.00258329 -0.00221057
v -0.0086 0.00211826 -0.00265951
v -0.0086 0.00157666 -0.00301233
v -0.0086 0.00097808 -0.00325628
v -0.0086 0.00034415 -0.00338254
v -0.0086 -0.00030222 -0.00338654
v -0.0086 -0.00093766 -0.00326815
v -0.0086 -0.00153922 -0.00303163
v -0.0086 -0.00208514 -0.00268555
v -0.0086 -0.00255571 -0.0022424
v -0.0059 0.00178562 0.00167752
v -0.0059 0.00136757 0.0020328
v -0.0059 0.00088094 0.00228614
v -0.0059 0.00035014 0.00242485
v -0.0059 -0.00019822 0.00244197
v -0.0059 -0.00073664 0.00233663
v -0.0059 -0.00123812 0.00211413
v -0.0059 -0.00167752 0.00178562
v -0.0059 -0.0020328 0.00136757
v -0.0059 -0.00228614 0.00088094
v -0.0059 -0.00242485 0.00035014
v -0.0059 -0.00244197 -0.00019822
v -0.0059 -0.00233663 -0.00073664
v -0.0059 -0.00211413 -0.00123812
v -0.0059 -0.00178562 -0.00167752
v -0.0059 -0.00136757 -0.0020328
v -0.0059 -0.00088094 -0.00228614
v -0.0059 -0.00035014 -0.00242485
v -0.0059 0.00019822 -0.00244197
v -0.0059 0.00073664 -0.00233663
v -0.0059 0.00123812 -0.00211413
v -0.0059 0.00167752 -0.00178562
v -0.0059 0.0020328 -0.00136757
v -0.0059 0.00228614 -0.00088094
v -0.0059 0.00242485 -0.00035014
v -0.0059 0.00244197 0.00019822
v -0.0059 0.00233663 0.00073664
v -0.0059 0.00211413 0.00123812
v -0.0086 -0.00170459 -0.00427251
v -0.0086 -0.00238457 -0.00393368
v -0.0086 -0.00299951 -0.00348754
v -0.0086 -0.00353263 -0.00294627
v -0.0086 -0.00396939 -0.00232464
v -0.0086 -0.00429788 -0.00163959
v -0.0086 -0.00450913 -0.00090982
v -0.0086 -0.00459738 -0.00015523
v -0.0086 -0.00456023 0.00060359
v -0.0086 -0.00439869 0.00134594
v -0.0086 -0.00411716 0.00205159
v -0.0086 -0.00372333 0.00270127
v -0.0086 -0.00322793 0.00327727
v -0.0086 -0.00264449 0.00376387
v -0.0086 0.00322793 -0.00327727
v -0.0086 0.00264449 -0.00376387
v -0.0086 0.00198891 -0.0041478
v -0.0086 0.00127907 -0.00441859
v -0.0086 0.00053435 -0.00456886
v -0.0086 -0.00022494 -0.0045945
v -0.0086 -0.00097811 -0.00449481
v -0.0086 0.00396939 0.00232464
v -0.0086 0.00429788 0.00163959
v -0.0086 0.00450913 0.00090982
v -0.0086 0.00459738 0.00015523
v -0.0086 0.00456023 -0.00060359
v -0.0086 0.00439869 -0.00134594
v -0.0086 0.00411716 -0.00205159
v -0.0086 0.00372333 -0.00270127
v -0.0086 -0.00198891 0.0041478
v -0.0086 -0.00127907 0.00441859
v -0.0086 -0.00053435 0.00456886
v -0.0086 0.00022494 0.0045945
v -0.0086 0.00097811 0.00449481
v -0.0086 0.00170459 0.00427251
v -0.0086 0.00238457 0.00393368
v -0.0086 0.00299951 0.00348754
v -0.0086 0.00353263 0.00294627
v -0.0059 0.00339709 -0.00014074
v -0.0059 0.00336233 0.00050471
v -0.0059 0.00320605 0.00113191
v -0.0059 0.0029339 0.00171821
v -0.0059 0.00255571 0.0022424
v -0.0059 0.00066412 -0.00333451
v -0.0059 0.00128318 -0.00314856
v -0.0059 0.00185586 -0.00284882
v -0.0059 0.00236147 -0.00244611
v -0.0059 0.00278172 -0.001955
v -0.0059 0.00310144 -0.00139322
v -0.0059 0.00330906 -0.0007811
v -0.0059 0.00208514 0.00268555
v -0.0059 0.00153922 0.00303163
v -0.0059 0.00093766 0.00326815
v -0.0059 0.00030222 0.00338654
v -0.0059 -0.00034415 0.00338254
v -0.0059 -0.00097808 0.00325628
v -0.0059 -0.00157666 0.00301233
v -0.0059 -0.00308394 -0.00143154
v -0.0059 -0.00275729 -0.00198931
v -0.0059 -0.00233098 -0.00247518
v -0.0059 -0.00182042 -0.00287159
v -0.0059 -0.00124407 -0.00316422
v -0.0059 -0.00062276 -0.00334248
v -0.0059 2.106E-05 -0.00339993
v -0.0059 -0.00211826 0.00265951
v -0.0059 -0.00258329 0.00221057
v -0.0059 -0.00295496 0.00168173
v -0.0059 -0.00321983 0.00109211
v -0.0059 -0.00336833 0.00046301
v -0.0059 -0.00339508 -0.00018281
v -0.0059 -0.00329913 -0.00082203
v -0.008 0.00396939 0.00232464
v -0.008 0.00353263 0.00294627
v -0.008 0.00299951 0.00348754
v -0.008 0.00238457 0.00393368
v -0.008 0.00170459 0.00427251
v -0.008 0.00097811 0.00449481
v -0.008 0.00022494 0.0045945
v -0.008 -0.00053435 0.00456886
v -0.008 -0.00127907 0.00441859
v -0.008 -0.00198891 0.0041478
v -0.008 -0.00264449 0.00376387
v -0.008 -0.00322793 0.00327727
v -0.008 -0.00372333 0.00270127
v -0.008 -0.00411716 0.00205159
v -0.008 -0.00439869 0.00134594
v -0.008 -0.00456023 0.00060359
v -0.008 -0.00459738 -0.00015523
v -0.008 -0.00450913 -0.00090982
v -0.008 -0.00429788 -0.00163959
v -0.008 -0.00396939 -0.00232464
v -0.008 -0.00353263 -0.00294627
v -0.008 -0.00299951 -0.00348754
v -0.008 -0.00238457 -0.00393368
v -0.008 -0.00170459 -0.00427251
v -0.008 -0.00097811 -0.00449481
v -0.008 -0.00022494 -0.0045945
v -0.008 0.00053435 -0.00456886
v -0.008 0.00127907 -0.00441859
v -0.008 0.00198891 -0.0041478
v -0.008 0.00264449 -0.00376387
v -0.008 0.00322793 -0.00327727
v -0.008 0.00372333 -0.00270127
v -0.008 0.00411716 -0.00205159
v -0.008 0.00439869 -0.00134594
v -0.008 0.00456023 -0.00060359
v -0.008 0.00459738 0.00015523
v -0.008 0.00450913 0.00090982
v -0.008 0.00429788 0.00163959
v -0.0056 0.0029339 0.00171821
v -0.0056 0.00255571 0.0022424
v -0.0056 0.00208514 0.00268555
v -0.0056 0.00153922 0.00303163
v -0.0056 0.00093766 0.00326815
v -0.0056 0.00030222 0.00338654
v -0.0056 -0.00034415 0.00338254
v -0.0056 -0.00097808 0.00325628
v -0.0056 -0.00157666 0.00301233
v -0.0056 -0.00211826 0.00265951
v -0.0056 -0.00258329 0.00221057
v -0.0056 -0.00295496 0.00168173
v -0.0056 -0.00321983 0.00109211
v -0.0056 -0.00336833 0.00046301
v -0.0056 -0.00339508 -0.00018281
v -0.0056 -0.00329913 -0.00082203
v -0.0056 -0.00308394 -0.00143154
v -0.0056 -0.00275729 -0.00198931
v -0.0056 -0.00233098 -0.00247518
v -0.0056 -0.00182042 -0.00287159
v -0.0056 -0.00124407 -0.00316422
v -0.0056 -0.00062276 -0.00334248
v -0.0056 2.106E-05 -0.00339993
v -0.0056 0.00066412 -0.00333451
v -0.0056 0.00128318 -0.00314856
v -0.0056 0.00185586 -0.00284882
v -0.0056 0.00236147 -0.00244611
v -0.0056 0.00278172 -0.001955
v -0.0056 0.00310144 -0.00139322
v -0.0056 0.00330906 -0.0007811
v -0.0056 0.00339709 -0.00014074
v -0.0056 0.00336233 0.00050471
v -0.0056 0.00320605 0.00113191
v -0.008 -0.00202142 0.00345165
v -0.008 -0.00259008 0.00304819
v -0.008 -0.00308005 0.00255212
v -0.008 -0.00347643 0.0019785
v -0.008 -0.00376717 0.00134477
v -0.008 -0.00394346 0.00067018
v -0.008 -0.00399992 -2.478E-05
v -0.008 -0.00393485 -0.00071898
v -0.008 -0.00375022 -0.00139134
v -0.008 -0.00345165 -0.00202142
v -0.008 -0.00304819 -0.00259008
v -0.008 -0.00255212 -0.00308005
v -0.008 -0.0019785 -0.00347643
v -0.008 -0.00134477 -0.00376717
v -0.008 -0.00067018 -0.00394346
v -0.008 2.478E-05 -0.00399992
v -0.008 0.00071898 -0.00393485
v -0.008 0.00139134 -0.00375022
v -0.008 0.00202142 -0.00345165
v -0.008 0.00259008 -0.00304819
v -0.008 0.00308005 -0.00255212
v -0.008 0.00347643 -0.0019785
v -0.008 0.00376717 -0.00134477
v -0.008 0.00394346 -0.00067018
v -0.008 0.00399992 2.478E-05
v -0.008 0.00393485 0.00071898
v -0.008 0.00375022 0.00139134
v -0.008 0.00345165 0.00202142
v -0.008 0.00304819 0.00259008
v -0.008 0.00255212 0.00308005
v -0.008 0.0019785 0.00347643
v -0.008 0.00134477 0.00376717
v -0.008 0.00067018 0.00394346
v -0.008 -2.478E-05 0.00399992
v -0.008 -0.00071898 0.00393485
v -0.008 -0.00139134 0.00375022
v -0.0056 0.00376717 -0.00134477
v -0.0056 0.00394346 -0.00067018
v -0.0056 0.00399992 2.478E-05
v -0.0056 0.00393485 0.00071898
v -0.0056 0.00375022 0.00139134
v -0.0056 0.00345165 0.00202142
v -0.0056 0.00304819 0.00259008
v -0.0056 0.00255212 0.00308005
v -0.0056 0.0019785 0.00347643
v -0.0056 0.00134477 0.00376717
v -0.0056 0.00067018 0.00394346
v -0.0056 -0.00304819 -0.00259008
v -0.0056 -0.00255212 -0.00308005
v -0.0056 -0.0019785 -0.00347643
v -0.0056 -0.00134477 -0.00376717
v -0.0056 -0.00067018 -0.00394346
v -0.0056 2.478E-05 -0.00399992
v -0.0056 0.00071898 -0.00393485
v -0.0056 0.00139134 -0.00375022
v -0.0056 0.00202142 -0.00345165
v -0.0056 0.00259008 -0.00304819
v -0.0056 0.00308005 -0.00255212
v -0.0056 0.00347643 -0.0019785
v -0.0056 -2.478E-05 0.00399992
v -0.0056 -0.00071898 0.00393485
v -0.0056 -0.00139134 0.00375022
v -0.0056 -0.00202142 0.00345165
v -0.0056 -0.00259008 0.00304819
v -0.0056 -0.00308005 0.00255212
v -0.0056 -0.00347643 0.0019785
v -0.0056 -0.00376717 0.00134477
v -0.0056 -0.00394346 0.00067018
v -0.0056 -0.00399992 -2.478E-05
v -0.0056 -0.00393485 -0.00071898
v -0.0056 -0.00375022 -0.00139134
v -0.0056 -0.00345165 -0.00202142
v 0.0086 0.00149288 0.00133091
v 0.0086 0.00162653 0.00183219
v 0.0086 0.00111499 0.00166036
v 0.0086 0.00117805 0.00214819
v 0.0086 0.00066705 0.00188548
v 0.0086 0.00067049 0.00235647
v 0.0086 0.00017719 0.00199214
v 0.0086 0.00012932 0.00244658
v 0.0086 -0.0003238 0.00197361
v 0.0086 -0.00041834 0.00241402
v 0.0086 -0.00080444 0.00183108
v 0.0086 -0.00094502 0.00226041
v 0.0086 -0.00123454 0.0015735
v 0.0086 -0.00142431 0.00199345
v 0.0086 -0.00158707 0.00121705
v 0.0086 -0.00183219 0.00162653
v 0.0086 -0.00183988 0.00078412
v 0.0086 0.00056861 -0.00191747
v 0.0086 0.00094502 -0.00226041
v 0.0086 0.0010276 -0.00171582
v 0.0086 0.00142431 -0.00199345
v 0.0086 0.00142202 -0.00140636
v 0.0086 0.00183219 -0.00162653
v 0.0086 0.00172709 -0.00100854
v 0.0086 0.00214819 -0.00117805
v 0.0086 0.00192365 -0.00054734
v 0.0086 0.00235647 -0.00067049
v 0.0086 0.00199933 -5.175E-05
v 0.0086 0.00244658 -0.00012932
v 0.0086 0.00194939 0.00044708
v 0.0086 0.00241402 0.00041834
v 0.0086 0.00177696 0.00091783
v 0.0086 0.00226041 0.00094502
v 0.0086 0.00199345 0.00142431
v 0.0086 -0.00214819 0.00117805
v 0.0086 -0.00235647 0.00067049
v 0.0086 -0.00197708 0.00030193
v 0.0086 -0.00244658 0.00012932
v 0.0086 -0.00199005 -0.00019924
v 0.0086 -0.00241402 -0.00041834
v 0.0086 -0.00187798 -0.00068788
v 0.0086 -0.00226041 -0.00094502
v 0.0086 -0.00164791 -0.00113331
v 0.0086 -0.00199345 -0.00142431
v 0.0086 -0.0013143 -0.00150752
v 0.0086 -0.00162653 -0.00183219
v 0.0086 -0.0008981 -0.00178701
v 0.0086 -0.00117805 -0.00214819
v 0.0086 -0.00042548 -0.00195422
v 0.0086 -0.00067049 -0.00235647
v 0.0086 7.389E-05 -0.00199863
v 0.0086 -0.00012932 -0.00244658
v 0.0086 0.00041834 -0.00241402
v 0.0083 -0.00244658 0.00012932
v 0.0083 -0.00241402 -0.00041834
v 0.0083 -0.00226041 -0.00094502
v 0.0083 -0.00199345 -0.00142431
v 0.0083 -0.00162653 -0.00183219
v 0.0083 -0.00117805 -0.00214819
v 0.0083 -0.00067049 -0.00235647
v 0.0083 -0.00012932 -0.00244658
v 0.0083 0.00041834 -0.00241402
v 0.0083 0.00094502 -0.00226041
v 0.0083 0.00142431 -0.00199345
v 0.0083 0.00183219 -0.00162653
v 0.0083 0.00214819 -0.00117805
v 0.0083 0.00235647 -0.00067049
v 0.0083 0.00244658 -0.00012932
v 0.0083 0.00241402 0.00041834
v 0.0083 0.00226041 0.00094502
v 0.0083 0.00199345 0.00142431
v 0.0083 0.00162653 0.00183219
v 0.0083 0.00117805 0.00214819
v 0.0083 0.00067049 0.00235647
v 0.0083 0.00012932 0.00244658
v 0.0083 -0.00041834 0.00241402
v 0.0083 -0.00094502 0.00226041
v 0.0083 -0.00142431 0.00199345
v 0.0083 -0.00183219 0.00162653
v 0.0083 -0.00214819 0.00117805
v 0.0083 -0.00235647 0.00067049
v 0.0056 0.00192365 -0.00054734
v 0.0056 0.00172709 -0.00100854
v 0.0056 0.00142202 -0.00140636
v 0.0056 0.0010276 -0.00171582
v 0.0056 0.00056861 -0.00191747
v 0.0056 7.389E-05 -0.00199863
v 0.0056 -0.00042548 -0.00195422
v 0.0056 -0.0008981 -0.00178701
v 0.0056 -0.0013143 -0.00150752
v 0.0056 -0.00164791 -0.00113331
v 0.0056 -0.00187798 -0.00068788
v 0.0056 -0.00199005 -0.00019924
v 0.0056 -0.00197708 0.00030193
v 0.0056 -0.00183988 0.00078412
v 0.0056 -0.00158707 0.00121705
v 0.0056 -0.00123454 0.0015735
v 0.0056 -0.00080444 0.00183108
v 0.0056 -0.0003238 0.00197361
v 0.0056 0.00017719 0.00199214
v 0.0056 0.00066705 0.00188548
v 0.0056 0.00111499 0.00166036
v 0.0056 0.00149288 0.00133091
v 0.0056 0.00177696 0.00091783
v 0.0056 0.00194939 0.00044708
v 0.0056 0.00199933 -5.175E-05
v 0.0083 -0.00224801 0.00255077
v 0.0083 -0.00269012 0.00207924
v 0.0083 -0.00303501 0.00153256
v 0.0083 -0.0032702 0.00093048
v 0.0083 -0.0033872 0.00029478
v 0.0083 0.00194888 0.00278601
v 0.0083 0.00138641 0.00310449
v 0.0083 0.00077382 0.00331077
v 0.0083 0.00013327 0.00339739
v 0.0083 -0.00051209 0.00336121
v 0.0083 -0.00113895 0.00320356
v 0.0083 -0.00172465 0.00293012
v 0.0083 -0.00338177 -0.00035158
v 0.0083 -0.00325412 -0.00098523
v 0.0083 -0.00300886 -0.00158328
v 0.0083 -0.00265485 -0.00212409
v 0.0083 -0.00220489 -0.00258814
v 0.0083 -0.00167523 -0.00295865
v 0.0083 -0.00108503 -0.00322222
v 0.0083 0.00316694 -0.00123712
v 0.0083 0.00334384 -0.00061542
v 0.0083 0.00339988 2.853E-05
v 0.0083 0.00333304 0.00067145
v 0.0083 0.00314574 0.0012901
v 0.0083 0.00284474 0.00186212
v 0.0083 0.00244092 0.00236684
v 0.0083 -0.00045561 -0.00336933
v 0.0083 0.00019027 -0.00339467
v 0.0083 0.00082928 -0.00329732
v 0.0083 0.00143831 -0.00308079
v 0.0083 0.00199537 -0.00275291
v 0.0083 0.0024803 -0.00232554
v 0.0083 0.00287559 -0.00181411
v 0.0056 -0.00214819 0.00117805
v 0.0056 -0.00183219 0.00162653
v 0.0056 -0.00142431 0.00199345
v 0.0056 -0.00094502 0.00226041
v 0.0056 -0.00041834 0.00241402
v 0.0056 0.00012932 0.00244658
v 0.0056 0.00067049 0.00235647
v 0.0056 0.00117805 0.00214819
v 0.0056 0.00041834 -0.00241402
v 0.0056 -0.00012932 -0.00244658
v 0.0056 -0.00067049 -0.00235647
v 0.0056 -0.00117805 -0.00214819
v 0.0056 -0.00162653 -0.00183219
v 0.0056 -0.00199345 -0.00142431
v 0.0056 -0.00226041 -0.00094502
v 0.0056 -0.00241402 -0.00041834
v 0.0056 -0.00244658 0.00012932
v 0.0056 -0.00235647 0.00067049
v 0.0056 0.00162653 0.00183219
v 0.0056 0.00199345 0.00142431
v 0.0056 0.00226041 0.00094502
v 0.0056 0.00241402 0.00041834
v 0.0056 0.00244658 -0.00012932
v 0.0056 0.00235647 -0.00067049
v 0.0056 0.00214819 -0.00117805
v 0.0056 0.00183219 -0.00162653
v 0.0056 0.00142431 -0.00199345
v 0.0056 0.00094502 -0.00226041
v 0.0086 -0.0032702 0.00093048
v 0.0086 -0.0033872 0.00029478
v 0.0086 -0.00338177 -0.00035158
v 0.0086 -0.00325412 -0.00098523
v 0.0086 -0.00300886 -0.00158328
v 0.0086 -0.00265485 -0.00212409
v 0.0086 -0.00220489 -0.00258814
v 0.0086 -0.00167523 -0.00295865
v 0.0086 -0.00108503 -0.00322222
v 0.0086 -0.00045561 -0.00336933
v 0.0086 0.00019027 -0.00339467
v 0.0086 0.00082928 -0.00329732
v 0.0086 0.00143831 -0.00308079
v 0.0086 0.00199537 -0.00275291
v 0.0086 0.0024803 -0.00232554
v 0.0086 0.00287559 -0.00181411
v 0.0086 0.00316694 -0.00123712
v 0.0086 0.00334384 -0.00061542
v 0.0086 0.00339988 2.853E-05
v 0.0086 0.00333304 0.00067145
v 0.0086 0.00314574 0.0012901
v 0.0086 0.00284474 0.00186212
v 0.0086 0.00244092 0.00236684
v 0.0086 0.00194888 0.00278601
v 0.0086 0.00138641 0.00310449
v 0.0086 0.00077382 0.00331077
v 0.0086 0.00013327 0.00339739
v 0.0086 -0.00051209 0.00336121
v 0.0086 -0.00113895 0.00320356
v 0.0086 -0.00172465 0.00293012
v 0.0086 -0.00224801 0.00255077
v 0.0086 -0.00269012 0.00207924
v 0.0086 -0.00303501 0.00153256
v 0.0059 0.00214819 -0.00117805
v 0.0059 0.00183219 -0.00162653
v 0.0059 0.00142431 -0.00199345
v 0.0059 0.00094502 -0.00226041
v 0.0059 0.00041834 -0.00241402
v 0.0059 -0.00012932 -0.00244658
v 0.0059 -0.00067049 -0.00235647
v 0.0059 -0.00117805 -0.00214819
v 0.0059 -0.00162653 -0.00183219
v 0.0059 -0.00199345 -0.00142431
v 0.0059 -0.00226041 -0.00094502
v 0.0059 -0.00241402 -0.00041834
v 0.0059 -0.00244658 0.00012932
v 0.0059 -0.00235647 0.00067049
v 0.0059 -0.00214819 0.00117805
v 0.0059 -0.00183219 0.00162653
v 0.0059 -0.00142431 0.00199345
v 0.0059 -0.00094502 0.00226041
v 0.0059 -0.00041834 0.00241402
v 0.0059 0.00012932 0.00244658
v 0.0059 0.00067049 0.00235647
v 0.0059 0.00117805 0.00214819
v 0.0059 0.00162653 0.00183219
v 0.0059 0.00199345 0.00142431
v 0.0059 0.00226041 0.00094502
v 0.0059 0.00241402 0.00041834
v 0.0059 0.00244658 -0.00012932
v 0.0059 0.00235647 -0.00067049
v 0.0086 -0.00271824 0.00371095
v 0.0086 -0.00329197 0.00321293
v 0.0086 -0.0037759 0.00262727
v 0.0086 -0.00415684 0.00196995
v 0.0086 -0.00442439 0.00125889
v 0.0086 -0.00457125 0.00051349
v 0.0086 -0.00459342 -0.00024592
v 0.0086 -0.0044903 -0.00099862
v 0.0086 -0.00426469 -0.00172408
v 0.0086 -0.00392275 -0.00240251
v 0.0086 -0.00347381 -0.0030154
v 0.0086 -0.00293011 -0.00354605
v 0.0086 -0.00230649 -0.00397996
v 0.0086 -0.00161995 -0.00430532
v 0.0086 0.00230649 0.00397996
v 0.0086 0.00161995 0.00430532
v 0.0086 0.00088922 0.00451323
v 0.0086 0.00013424 0.00459804
v 0.0086 -0.0006244 0.00455743
v 0.0086 -0.00136601 0.00439249
v 0.0086 -0.00207036 0.00410775
v 0.0086 0.00442439 -0.00125889
v 0.0086 0.00457125 -0.00051349
v 0.0086 0.00459342 0.00024592
v 0.0086 0.0044903 0.00099862
v 0.0086 0.00426469 0.00172408
v 0.0086 0.00392275 0.00240251
v 0.0086 0.00347381 0.0030154
v 0.0086 0.00293011 0.00354605
v 0.0086 -0.00088922 -0.00451323
v 0.0086 -0.00013424 -0.00459804
v 0.0086 0.0006244 -0.00455743
v 0.0086 0.00136601 -0.00439249
v 0.0086 0.00207036 -0.00410775
v 0.0086 0.00271824 -0.00371095
v 0.0086 0.00329197 -0.00321293
v 0.0086 0.0037759 -0.00262727
v 0.0086 0.00415684 -0.00196995
v 0.0059 0.00325412 0.00098523
v 0.0059 0.00338177 0.00035158
v 0.0059 0.0033872 -0.00029478
v 0.0059 0.0032702 -0.00093048
v 0.0059 0.00303501 -0.00153256
v 0.0059 -0.00019027 0.00339467
v 0.0059 0.00045561 0.00336933
v 0.0059 0.00108503 0.00322222
v 0.0059 0.00167523 0.00295865
v 0.0059 0.00220489 0.00258814
v 0.0059 0.00265485 0.00212409
v 0.0059 0.00300886 0.00158328
v 0.0059 0.00269012 -0.00207924
v 0.0059 0.00224801 -0.00255077
v 0.0059 0.00172465 -0.00293012
v 0.0059 0.00113895 -0.00320356
v 0.0059 0.00051209 -0.00336121
v 0.0059 -0.00013327 -0.00339739
v 0.0059 -0.00077382 -0.00331077
v 0.0059 -0.00334384 0.00061542
v 0.0059 -0.00316694 0.00123712
v 0.0059 -0.00287559 0.00181411
v 0.0059 -0.0024803 0.00232554
v 0.0059 -0.00199537 0.00275291
v 0.0059 -0.00143831 0.00308079
v 0.0059 -0.00082928 0.00329732
v 0.0059 -0.00138641 -0.00310449
v 0.0059 -0.00194888 -0.00278601
v 0.0059 -0.00244092 -0.00236684
v 0.0059 -0.00284474 -0.00186212
v 0.0059 -0.00314574 -0.0012901
v 0.0059 -0.00333304 -0.00067145
v 0.0059 -0.00339988 -2.853E-05
v 0.008 0.00442439 -0.00125889
v 0.008 0.00415684 -0.00196995
v 0.008 0.0037759 -0.00262727
v 0.008 0.00329197 -0.00321293
v 0.008 0.00271824 -0.00371095
v 0.008 0.00207036 -0.00410775
v 0.008 0.00136601 -0.00439249
v 0.008 0.0006244 -0.00455743
v 0.008 -0.00013424 -0.00459804
v 0.008 -0.00088922 -0.00451323
v 0.008 -0.00161995 -0.00430532
v 0.008 -0.00230649 -0.00397996
v 0.008 -0.00293011 -0.00354605
v 0.008 -0.00347381 -0.0030154
v 0.008 -0.00392275 -0.00240251
v 0.008 -0.00426469 -0.00172408
v 0.008 -0.0044903 -0.00099862
v 0.008 -0.00459342 -0.00024592
v 0.008 -0.00457125 0.00051349
v 0.008 -0.00442439 0.00125889
v 0.008 -0.00415684 0.00196995
v 0.008 -0.0037759 0.00262727
v 0.008 -0.00329197 0.00321293
v 0.008 -0.00271824 0.00371095
v 0.008 -0.00207036 0.00410775
v 0.008 -0.00136601 0.00439249
v 0.008 -0.0006244 0.00455743
v 0.008 0.00013424 0.00459804
v 0.008 0.00088922 0.00451323
v 0.008 0.00161995 0.00430532
v 0.008 0.00230649 0.00397996
v 0.008 0.00293011 0.00354605
v 0.008 0.00347381 0.0030154
v 0.008 0.00392275 0.00240251
v 0.008 0.00426469 0.00172408
v 0.008 0.0044903 0.00099862
v 0.008 0.00459342 0.00024592
v 0.008 0.00457125 -0.00051349
v 0.0056 0.0032702 -0.00093048
v 0.0056 0.00303501 -0.00153256
v 0.0056 0.00269012 -0.00207924
v 0.0056 0.00224801 -0.00255077
v 0.0056 0.00172465 -0.00293012
v 0.0056 0.00113895 -0.00320356
v 0.0056 0.00051209 -0.00336121
v 0.0056 -0.00013327 -0.00339739
v 0.0056 -0.00077382 -0.00331077
v 0.0056 -0.00138641 -0.00310449
v 0.0056 -0.00194888 -0.00278601
v 0.0056 -0.00244092 -0.00236684
v 0.0056 -0.00284474 -0.00186212
v 0.0056 -0.00314574 -0.0012901
v 0.0056 -0.00333304 -0.00067145
v 0.0056 -0.00339988 -2.853E-05
v 0.0056 -0.00334384 0.00061542
v 0.0056 -0.00316694 0.00123712
v 0.0056 -0.00287559 0.00181411
v 0.0056 -0.0024803 0.00232554
v 0.0056 -0.00199537 0.00275291
v 0.0056 -0.00143831 0.00308079
v 0.0056 -0.00082928 0.00329732
v 0.0056 -0.00019027 0.00339467
v 0.0056 0.00045561 0.00336933
v 0.0056 0.00108503 0.00322222
v 0.0056 0.00167523 0.00295865
v 0.0056 0.00220489 0.00258814
v 0.0056 0.00265485 0.00212409
v 0.0056 0.00300886 0.00158328
v 0.0056 0.00325412 0.00098523
v 0.0056 0.00338177 0.00035158
v 0.0056 0.0033872 -0.00029478
v 0.008 -0.00109468 -0.00384729
v 0.008 -0.00174613 -0.00359875
v 0.008 -0.00234452 -0.00324087
v 0.008 -0.00287167 -0.00278451
v 0.008 -0.00331157 -0.00224355
v 0.008 -0.00365085 -0.00163442
v 0.008 -0.0038792 -0.00097562
v 0.008 -0.00398968 -0.00028719
v 0.008 -0.00397893 0.00040998
v 0.008 -0.00384729 0.00109468
v 0.008 -0.00359875 0.00174613
v 0.008 -0.00324087 0.00234452
v 0.008 -0.00278451 0.00287167
v 0.008 -0.00224355 0.00331157
v 0.008 -0.00163442 0.00365085
v 0.008 -0.00097562 0.0038792
v 0.008 -0.00028719 0.00398968
v 0.008 0.00040998 0.00397893
v 0.008 0.00109468 0.00384729
v 0.008 0.00174613 0.00359875
v 0.008 0.00234452 0.00324087
v 0.008 0.00287167 0.00278451
v 0.008 0.00331157 0.00224355
v 0.008 0.00365085 0.00163442
v 0.008 0.0038792 0.00097562
v 0.008 0.00398968 0.00028719
v 0.008 0.00397893 -0.00040998
v 0.008 0.00384729 -0.00109468
v 0.008 0.00359875 -0.00174613
v 0.008 0.00324087 -0.00234452
v 0.008 0.00278451 -0.00287167
v 0.008 0.00224355 -0.00331157
v 0.008 0.00163442 -0.00365085
v 0.008 0.00097562 -0.0038792
v 0.008 0.00028719 -0.00398968
v 0.008 -0.00040998 -0.00397893
v 0.0056 0.00331157 0.00224355
v 0.0056 0.00365085 0.00163442
v 0.0056 0.0038792 0.00097562
v 0.0056 0.00398968 0.00028719
v 0.0056 0.00397893 -0.00040998
v 0.0056 0.00384729 -0.00109468
v 0.0056 0.00359875 -0.00174613
v 0.0056 0.00324087 -0.00234452
v 0.0056 0.00278451 -0.00287167
v 0.0056 0.00224355 -0.00331157
v 0.0056 0.00163442 -0.00365085
v 0.0056 -0.00359875 0.00174613
v 0.0056 -0.00324087 0.00234452
v 0.0056 -0.00278451 0.00287167
v 0.0056 -0.00224355 0.00331157
v 0.0056 -0.00163442 0.00365085
v 0.0056 -0.00097562 0.0038792
v 0.0056 -0.00028719 0.00398968
v 0.0056 0.00040998 0.00397893
v 0.0056 0.00109468 0.00384729
v 0.0056 0.00174613 0.00359875
v 0.0056 0.00234452 0.00324087
v 0.0056 0.00287167 0.00278451
v 0.0056 0.00097562 -0.0038792
v 0.0056 0.00028719 -0.00398968
v 0.0056 -0.00040998 -0.00397893
v 0.0056 -0.00109468 -0.00384729
v 0.0056 -0.00174613 -0.00359875
v 0.0056 -0.00234452 -0.00324087
v 0.0056 -0.00287167 -0.00278451
v 0.0056 -0.00331157 -0.00224355
v 0.0056 -0.00365085 -0.00163442
v 0.0056 -0.0038792 -0.00097562
v 0.0056 -0.00398968 -0.00028719
v 0.0056 -0.00397893 0.00040998
v 0.0056 -0.00384729 0.00109468
v -0.01475 0.0260032 0.0567532
v -0.01475 0.0260032 0.0252532
v -0.01475 0.0230032 0.0567532
v -0.01475 0.0230032 0.0252532
v 0.01475 0.0230032 0.0567532
v 0.01475 0.0230032 0.0252532
v 0.01475 0.0260032 0.0567532
v 0.01475 0.0260032 0.0252532
v 0.01351336 0.0260032 0.02282615
v 0.01267705 0.0260032 0.02240003
v 0.01417705 0.0260032 0.02348985
v 0.01175 0.0260032 0.0222532
v 0.01460317 0.0260032 0.02432615
v -0.01175 0.0260032 0.0222532
v -0.01460317 0.0260032 0.05768025
v -0.01175 0.0260032 0.0597532
v -0.01417705 0.0260032 0.05851656
v -0.01267705 0.0260032 0.05960637
v -0.01351336 0.0260032 0.05918026
v -0.01267705 0.0260032 0.02240003
v -0.01351336 0.0260032 0.02282615
v -0.01460317 0.0260032 0.02432615
v -0.01417705 0.0260032 0.02348985
v 0.01175 0.0260032 0.0597532
v 0.01267705 0.0260032 0.05960637
v 0.01351336 0.0260032 0.05918026
v 0.01417705 0.0260032 0.05851656
v 0.01460317 0.0260032 0.05768025
v -0.01417705 0.0230032 0.02348985
v -0.01351336 0.0230032 0.02282615
v -0.01460317 0.0230032 0.02432615
v 0.01351336 0.0230032 0.02282615
v 0.01417705 0.0230032 0.02348985
v 0.01267705 0.0230032 0.02240003
v 0.01175 0.0230032 0.0222532
v -0.01267705 0.0230032 0.02240003
v -0.01175 0.0230032 0.0222532
v 0.01460317 0.0230032 0.02432615
v 0.01417705 0.0230032 0.05851656
v 0.01351336 0.0230032 0.05918026
v 0.01460317 0.0230032 0.05768025
v 0.01267705 0.0230032 0.05960637
v 0.01175 0.0230032 0.0597532
v -0.01351336 0.0230032 0.05918026
v -0.01417705 0.0230032 0.05851656
v -0.01267705 0.0230032 0.05960637
v -0.01175 0.0230032 0.0597532
v -0.01460317 0.0230032 0.05768025
v -0.0086 0.00044168 0.00195062
v -0.0086 0.00029058 0.00298589
v -0.0086 -5.73E-05 0.00199918
v -0.0086 -0.00033658 0.00298106
v -0.0086 -0.00055267 0.00192212
v -0.0086 -0.00094902 0.00284594
v -0.0086 -0.00101332 0.00172429
v -0.0086 -0.00151998 0.00258644
v -0.0086 -0.0014103 0.00141812
v -0.0086 -0.00202452 0.00221389
v -0.0086 -0.00171866 0.00102284
v -0.0086 0.00199164 0.00018271
v -0.0086 0.00292955 0.00064634
v -0.0086 0.00188363 0.00067227
v -0.0086 0.00273115 0.0012413
v -0.0086 0.00165726 0.00111959
v -0.0086 0.00241339 0.00178201
v -0.0086 0.00132676 0.00149656
v -0.0086 0.00199015 0.00224484
v -0.0086 0.0009129 0.0017795
v -0.0086 0.00147993 0.00260956
v -0.0086 0.00090503 0.00286023
v -0.0086 0.00078922 -0.0018377
v -0.0086 0.00151998 -0.00258644
v -0.0086 0.00122144 -0.00158369
v -0.0086 0.00202452 -0.00221389
v -0.0086 0.00157692 -0.00123018
v -0.0086 0.00244057 -0.00174459
v -0.0086 0.00183331 -0.00079936
v -0.0086 0.00274996 -0.00119905
v -0.0086 0.0019745 -0.00031833
v -0.0086 0.00293916 -0.00060109
v -0.0086 0.00299991 2.313E-05
v -0.0086 -0.00244057 0.00174459
v -0.0086 -0.00274996 0.00119905
v -0.0086 -0.00191904 0.00056329
v -0.0086 -0.00293916 0.00060109
v -0.0086 -0.00199883 6.834E-05
v -0.0086 -0.00299991 -2.313E-05
v -0.0086 -0.00195303 -0.00043089
v -0.0086 -0.00292955 -0.00064634
v -0.0086 -0.00178451 -0.00090305
v -0.0086 -0.00273115 -0.0012413
v -0.0086 -0.00150387 -0.00131847
v -0.0086 -0.00241339 -0.00178201
v -0.0086 -0.00132676 -0.00149656
v -0.0086 -0.00199015 -0.00224484
v -0.0086 -0.00112873 -0.00165105
v -0.0086 -0.00147993 -0.00260956
v -0.0086 -0.00068267 -0.00187988
v -0.0086 -0.00090503 -0.00286023
v -0.0086 -0.00019372 -0.0019906
v -0.0086 -0.00029058 -0.00298589
v -0.0086 0.00030741 -0.00197623
v -0.0086 0.00033658 -0.00298106
v -0.0086 0.00094902 -0.00284594
v -0.0101 0.00112805 0.00277984
v -0.0101 -0.00262461 -0.00145308
v -0.0101 0.00090503 0.00286023
v -0.0101 -0.00273115 -0.0012413
v -0.0101 0.00029058 0.00298589
v -0.0101 -0.00033658 0.00298106
v -0.0101 -0.00292955 -0.00064634
v -0.0101 -0.00299991 -2.313E-05
v -0.0101 -0.00293916 0.00060109
v -0.0101 -0.00244057 0.00174459
v -0.0101 -0.00202452 0.00221389
v -0.0101 -0.00151998 0.00258644
v -0.0101 -0.00274996 0.00119905
v -0.0101 -0.00094902 0.00284594
v -0.0091 0.00147993 0.00260956
v -0.0091 0.00112805 0.00277984
v -0.0091 0.00199015 0.00224484
v -0.0091 0.00241339 0.00178201
v -0.0091 0.00262461 0.00145308
v -0.0101 0.00262461 0.00145308
v -0.0091 -0.00147993 -0.00260956
v -0.0091 -0.00112805 -0.00277984
v -0.0091 -0.00199015 -0.00224484
v -0.0091 -0.00241339 -0.00178201
v -0.0091 -0.00262461 -0.00145308
v -0.0101 0.00273115 0.0012413
v -0.0101 0.00292955 0.00064634
v -0.0101 0.00299991 2.313E-05
v -0.0101 0.00293916 -0.00060109
v -0.0101 0.00274996 -0.00119905
v -0.0101 0.00244057 -0.00174459
v -0.0101 0.00202452 -0.00221389
v -0.0101 0.00151998 -0.00258644
v -0.0101 0.00094902 -0.00284594
v -0.0101 0.00033658 -0.00298106
v -0.0101 -0.00029058 -0.00298589
v -0.0101 -0.00090503 -0.00286023
v -0.0101 -0.00112805 -0.00277984
v -0.0056 -0.00112873 -0.00165105
v -0.0056 -0.00132676 -0.00149656
v -0.0056 -0.00150387 -0.00131847
v -0.0056 -0.00178451 -0.00090305
v -0.0056 -0.00195303 -0.00043089
v -0.0056 -0.00199883 6.834E-05
v -0.0056 -0.00191904 0.00056329
v -0.0056 -0.00171866 0.00102284
v -0.0056 -0.0014103 0.00141812
v -0.0056 -0.00101332 0.00172429
v -0.0056 -0.00055267 0.00192212
v -0.0056 -5.73E-05 0.00199918
v -0.0056 0.00044168 0.00195062
v -0.0056 0.0009129 0.0017795
v -0.0056 0.00132676 0.00149656
v -0.0056 0.00165726 0.00111959
v -0.0056 0.00188363 0.00067227
v -0.0056 0.00199164 0.00018271
v -0.0056 0.0019745 -0.00031833
v -0.0056 0.00183331 -0.00079936
v -0.0056 0.00157692 -0.00123018
v -0.0056 0.00122144 -0.00158369
v -0.0056 0.00078922 -0.0018377
v -0.0056 0.00030741 -0.00197623
v -0.0056 -0.00019372 -0.0019906
v -0.0056 -0.00068267 -0.00187988
v -0.0056 -0.00099507 -0.00112242
v -0.0056 -0.00127099 -0.00079661
v -0.0056 -0.00060762 0.00137142
v -0.0056 -0.00096938 0.00114468
v -0.0056 -0.00125261 0.00082521
v -0.0056 -0.00143436 0.00043888
v -0.0056 -0.0014999 1.7E-05
v -0.0056 -0.00144394 -0.00040626
v -0.0056 0.00143436 -0.00043888
v -0.0056 0.0014999 -1.7E-05
v -0.0056 0.00144394 0.00040626
v -0.0056 0.00127099 0.00079661
v -0.0056 0.00099507 0.00112242
v -0.0056 0.00063854 0.0013573
v -0.0056 0.00023028 0.00148222
v -0.0056 -0.00019664 0.00148706
v -0.0056 -0.00063854 -0.0013573
v -0.0056 -0.00023028 -0.00148222
v -0.0056 0.00019664 -0.00148706
v -0.0056 0.00060762 -0.00137142
v -0.0056 0.00096938 -0.00114468
v -0.0056 0.00125261 -0.00082521
v 0.0009 -0.00079606 -0.00089794
v 0.0009 -0.00051083 -0.00108584
v 0.0009 -0 -0
v 0.0009 -0.00119992 1.36E-05
v 0.0009 -0.00115515 -0.00032501
v 0.0009 -0.00101679 -0.00063729
v 0.0009 -0.00077551 0.00091575
v 0.0009 -0.00100209 0.00066017
v 0.0009 -0.00114749 0.0003511
v 0.0009 0.00018423 0.00118577
v 0.0009 -0.00015731 0.00118964
v 0.0009 -0.0004861 0.00109714
v 0.0009 0.00101679 0.00063729
v 0.0009 0.00079606 0.00089794
v 0.0009 0.00051083 0.00108584
v 0.0009 0.00114749 -0.0003511
v 0.0009 0.00119992 -1.36E-05
v 0.0009 0.00115515 0.00032501
v 0.0009 0.0004861 -0.00109714
v 0.0009 0.00077551 -0.00091575
v 0.0009 0.00100209 -0.00066017
v 0.0009 -0.00018423 -0.00118577
v 0.0009 0.00015731 -0.00118964
v 0.0006 0.00099507 0.00112242
v 0.0006 0.00127099 0.00079661
v 0.0006 0.00144394 0.00040626
v 0.0006 0.0014999 -1.7E-05
v 0.0006 0.00143436 -0.00043888
v 0.0006 0.00125261 -0.00082521
v 0.0006 0.00096938 -0.00114468
v 0.0006 0.00060762 -0.00137142
v 0.0006 0.00019664 -0.00148706
v 0.0006 -0.00023028 -0.00148222
v 0.0006 -0.00063854 -0.0013573
v 0.0006 -0.00099507 -0.00112242
v 0.0006 -0.00127099 -0.00079661
v 0.0006 -0.00144394 -0.00040626
v 0.0006 -0.0014999 1.7E-05
v 0.0006 -0.00143436 0.00043888
v 0.0006 -0.00125261 0.00082521
v 0.0006 -0.00096938 0.00114468
v 0.0006 -0.00060762 0.00137142
v 0.0006 -0.00019664 0.00148706
v 0.0006 0.00023028 0.00148222
v 0.0006 0.00063854 0.0013573
v 0.0086 -0.00140615 0.00142223
v 0.0086 -0.00182522 0.00238088
v 0.0086 -0.00100828 0.00172724
v 0.0086 -0.00129032 0.00270833
v 0.0086 -0.00054706 0.00192373
v 0.0086 -0.00069903 0.00291742
v 0.0086 -5.146E-05 0.00199934
v 0.0086 -7.719E-05 0.00299901
v 0.0086 0.00044737 0.00194932
v 0.0086 0.00054803 0.00294952
v 0.0086 0.0009181 0.00177682
v 0.0086 -0.00178715 -0.00089784
v 0.0086 -0.00282837 -0.00100015
v 0.0086 -0.00195428 -0.00042518
v 0.0086 -0.00297451 -0.00039024
v 0.0086 -0.00199862 7.418E-05
v 0.0086 -0.00299065 0.00023672
v 0.0086 -0.00191738 0.00056889
v 0.0086 -0.00287608 0.00085334
v 0.0086 -0.00171567 0.00102785
v 0.0086 -0.00263581 0.00143266
v 0.0086 -0.00228034 0.00194937
v 0.0086 0.00030163 -0.00197712
v 0.0086 7.719E-05 -0.00299901
v 0.0086 -0.00019953 -0.00199002
v 0.0086 -0.00054803 -0.00294952
v 0.0086 -0.00068816 -0.00187788
v 0.0086 -0.00114929 -0.00277112
v 0.0086 -0.00113355 -0.00164774
v 0.0086 -0.00170033 -0.00247162
v 0.0086 -0.00150772 -0.00131407
v 0.0086 -0.00217705 -0.00206409
v 0.0086 -0.00255862 -0.00156635
v 0.0086 0.00114929 0.00277112
v 0.0086 0.00170033 0.00247162
v 0.0086 0.00133113 0.00149268
v 0.0086 0.00217705 0.00206409
v 0.0086 0.00166052 0.00111475
v 0.0086 0.00255862 0.00156635
v 0.0086 0.00188558 0.00066677
v 0.0086 0.00282837 0.00100015
v 0.0086 0.00199216 0.0001769
v 0.0086 0.00297451 0.00039024
v 0.0086 0.00197357 -0.00032409
v 0.0086 0.00299065 -0.00023672
v 0.0086 0.00191738 -0.00056889
v 0.0086 0.00287608 -0.00085334
v 0.0086 0.00183096 -0.00080472
v 0.0086 0.00263581 -0.00143266
v 0.0086 0.00157332 -0.00123478
v 0.0086 0.00228034 -0.00194937
v 0.0086 0.00121681 -0.00158725
v 0.0086 0.00182522 -0.00238088
v 0.0086 0.00078385 -0.00183999
v 0.0086 0.00129032 -0.00270833
v 0.0086 0.00069903 -0.00291742
v 0.0101 -0.00242715 0.00176323
v 0.0101 0.00299604 0.00015416
v 0.0101 -0.00228034 0.00194937
v 0.0101 0.00297451 0.00039024
v 0.0101 -0.00182522 0.00238088
v 0.0101 -0.00129032 0.00270833
v 0.0101 0.00282837 0.00100015
v 0.0101 0.00255862 0.00156635
v 0.0101 0.00217705 0.00206409
v 0.0101 0.00114929 0.00277112
v 0.0101 0.00054803 0.00294952
v 0.0101 -7.719E-05 0.00299901
v 0.0101 0.00170033 0.00247162
v 0.0101 -0.00069903 0.00291742
v 0.0091 -0.00263581 0.00143266
v 0.0091 -0.00242715 0.00176323
v 0.0091 -0.00287608 0.00085334
v 0.0091 -0.00299065 0.00023672
v 0.0091 -0.00299604 -0.00015416
v 0.0101 -0.00299604 -0.00015416
v 0.0091 0.00263581 -0.00143266
v 0.0091 0.00242715 -0.00176323
v 0.0091 0.00287608 -0.00085334
v 0.0091 0.00299065 -0.00023672
v 0.0091 0.00299604 0.00015416
v 0.0101 -0.00297451 -0.00039024
v 0.0101 -0.00282837 -0.00100015
v 0.0101 -0.00255862 -0.00156635
v 0.0101 -0.00217705 -0.00206409
v 0.0101 -0.00170033 -0.00247162
v 0.0101 -0.00114929 -0.00277112
v 0.0101 -0.00054803 -0.00294952
v 0.0101 7.719E-05 -0.00299901
v 0.0101 0.00069903 -0.00291742
v 0.0101 0.00129032 -0.00270833
v 0.0101 0.00182522 -0.00238088
v 0.0101 0.00228034 -0.00194937
v 0.0101 0.00242715 -0.00176323
v 0.0056 0.00183096 -0.00080472
v 0.0056 0.00191738 -0.00056889
v 0.0056 0.00197357 -0.00032409
v 0.0056 0.00199216 0.0001769
v 0.0056 0.00188558 0.00066677
v 0.0056 0.00166052 0.00111475
v 0.0056 0.00133113 0.00149268
v 0.0056 0.0009181 0.00177682
v 0.0056 0.00044737 0.00194932
v 0.0056 -5.146E-05 0.00199934
v 0.0056 -0.00054706 0.00192373
v 0.0056 -0.00100828 0.00172724
v 0.0056 -0.00140615 0.00142223
v 0.0056 -0.00171567 0.00102785
v 0.0056 -0.00191738 0.00056889
v 0.0056 -0.00199862 7.418E-05
v 0.0056 -0.00195428 -0.00042518
v 0.0056 -0.00178715 -0.00089784
v 0.0056 -0.00150772 -0.00131407
v 0.0056 -0.00113355 -0.00164774
v 0.0056 -0.00068816 -0.00187788
v 0.0056 -0.00019953 -0.00199002
v 0.0056 0.00030163 -0.00197712
v 0.0056 0.00078385 -0.00183999
v 0.0056 0.00121681 -0.00158725
v 0.0056 0.00157332 -0.00123478
v 0.0056 0.00143804 -0.00042667
v 0.0056 0.00149999 -4.24E-06
v 0.0056 -0.00020927 0.00148533
v 0.0056 0.00021767 0.00148412
v 0.0056 0.00062698 0.00136268
v 0.0056 0.00098549 0.00113084
v 0.0056 0.00126417 0.00080739
v 0.0056 0.00144043 0.00041853
v 0.0056 -0.00098549 -0.00113084
v 0.0056 -0.00126417 -0.00080739
v 0.0056 -0.00144043 -0.00041853
v 0.0056 -0.00149999 4.24E-06
v 0.0056 -0.00143804 0.00042667
v 0.0056 -0.00125958 0.00081453
v 0.0056 -0.00097908 0.0011364
v 0.0056 -0.00061926 0.00136621
v 0.0056 0.00125958 -0.00081453
v 0.0056 0.00097908 -0.0011364
v 0.0056 0.00061926 -0.00136621
v 0.0056 0.00020927 -0.00148533
v 0.0056 -0.00021767 -0.00148412
v 0.0056 -0.00062698 -0.00136268
v -0.0009 0.00115043 -0.00034133
v -0.0009 0.00100767 -0.00065162
v -0.0009 0 -0
v -0.0009 0.00101134 0.00064591
v -0.0009 0.00115234 0.00033482
v -0.0009 0.0012 -3.39E-06
v -0.0009 0.00017414 0.0011873
v -0.0009 0.00050158 0.00109014
v -0.0009 0.00078839 0.00090467
v -0.0009 -0.00078326 0.00090912
v -0.0009 -0.00049541 0.00109296
v -0.0009 -0.00016742 0.00118826
v -0.0009 -0.0012 3.39E-06
v -0.0009 -0.00115043 0.00034133
v -0.0009 -0.00100767 0.00065162
v -0.0009 -0.00078839 -0.00090467
v -0.0009 -0.00101134 -0.00064591
v -0.0009 -0.00115234 -0.00033482
v -0.0009 0.00016742 -0.00118826
v -0.0009 -0.00017414 -0.0011873
v -0.0009 -0.00050158 -0.00109014
v -0.0009 0.00078326 -0.00090912
v -0.0009 0.00049541 -0.00109296
v -0.0006 -0.00143804 0.00042667
v -0.0006 -0.00149999 4.24E-06
v -0.0006 -0.00144043 -0.00041853
v -0.0006 -0.00126417 -0.00080739
v -0.0006 -0.00098549 -0.00113084
v -0.0006 -0.00062698 -0.00136268
v -0.0006 -0.00021767 -0.00148412
v -0.0006 0.00020927 -0.00148533
v -0.0006 0.00061926 -0.00136621
v -0.0006 0.00097908 -0.0011364
v -0.0006 0.00125958 -0.00081453
v -0.0006 0.00143804 -0.00042667
v -0.0006 0.00149999 -4.24E-06
v -0.0006 0.00144043 0.00041853
v -0.0006 0.00126417 0.00080739
v -0.0006 0.00098549 0.00113084
v -0.0006 0.00062698 0.00136268
v -0.0006 0.00021767 0.00148412
v -0.0006 -0.00020927 0.00148533
v -0.0006 -0.00061926 0.00136621
v -0.0006 -0.00097908 0.0011364
v -0.0006 -0.00125958 0.00081453
v 0.01314805 0.0230032 0.05977484
v 0.01412132 0.0230032 0.05912453
v 0.01477164 0.0230032 0.05815125
v 0.012 0.0230032 0.0600032
v 0.000625 0.0230032 0.04408573
v -0.012 0.0230032 0.0600032
v -0 0.0230032 0.0442532
v -0.000625 0.0230032 0.04408573
v 0.01477164 0.0230032 0.02385515
v 0.00108253 0.0230032 0.0303782
v 0.00125 0.0230032 0.0310032
v 0.00108253 0.0230032 0.0316282
v 0.015 0.0230032 0.0570032
v 0.015 0.0230032 0.0250032
v -0.01314805 0.0230032 0.05977484
v -0.01412132 0.0230032 0.05912453
v -0.01477164 0.0230032 0.05815125
v -0.015 0.0230032 0.0570032
v -0.00108253 0.0230032 0.0436282
v -0.00125 0.0230032 0.04300321
v -0.015 0.0230032 0.0250032
v -0.00108253 0.0230032 0.0423782
v -0.000625 0.0230032 0.03208574
v -0.000625 0.0230032 0.04192067
v -0 0.0230032 0.0322532
v -0 0.0230032 0.0417532
v 0.000625 0.0230032 0.03208574
v 0.000625 0.0230032 0.04192067
v 0.00108253 0.0230032 0.0423782
v -0.00108253 0.0230032 0.0316282
v -0.00125 0.0230032 0.0310032
v -0.01477164 0.0230032 0.02385515
v -0.00108253 0.0230032 0.0303782
v 0.00108253 0.0230032 0.0436282
v 0.00125 0.0230032 0.04300321
v -0.012 0.0230032 0.0220032
v -0.01314805 0.0230032 0.02223157
v -0.01412132 0.0230032 0.02288188
v -0.000625 0.0230032 0.02992067
v -0 0.0230032 0.0297532
v 0.012 0.0230032 0.0220032
v 0.000625 0.0230032 0.02992067
v 0.01314805 0.0230032 0.02223157
v 0.01412132 0.0230032 0.02288188
v 0.016 0.0240032 0.0210032
v 0.016 0.0190032 0.0210032
v -0.016 0.0240032 0.0210032
v -0.016 0.0190032 0.0210032
v -0.016 0.0240032 0.0570032
v -0.016 0.0190032 0.0570032
v 0.00108253 0.0190032 0.0303782
v 0.000625 0.0190032 0.02992067
v -0 0.0190032 0.0297532
v -0.000625 0.0190032 0.02992067
v -0.00108253 0.0190032 0.0303782
v -0.00108253 0.0190032 0.0423782
v 0.016 0.0190032 0.0570032
v 0.00108253 0.0190032 0.0316282
v 0.00125 0.0190032 0.0310032
v -0.00125 0.0190032 0.0310032
v -0.00108253 0.0190032 0.0316282
v -0.000625 0.0190032 0.03208574
v -0.000625 0.0190032 0.04192067
v 0.00108253 0.0190032 0.0436282
v 0.00125 0.0190032 0.04300321
v 0.00108253 0.0190032 0.0423782
v 0.000625 0.0190032 0.04192067
v 0.000625 0.0190032 0.04408573
v 0.01580423 0.0190032 0.05823927
v 0.01523607 0.0190032 0.05935435
v -0 0.0190032 0.0417532
v -0 0.0190032 0.0322532
v 0.000625 0.0190032 0.03208574
v 0.012 0.0190032 0.0610032
v -0 0.0190032 0.0442532
v -0.012 0.0190032 0.0610032
v -0.000625 0.0190032 0.04408573
v -0.01323607 0.0190032 0.06080743
v -0.01435114 0.0190032 0.06023927
v -0.00125 0.0190032 0.04300321
v -0.00108253 0.0190032 0.0436282
v -0.01580423 0.0190032 0.05823927
v -0.01523607 0.0190032 0.05935435
v 0.01435114 0.0190032 0.06023927
v 0.01323607 0.0190032 0.06080743
v -0.012 0.0240032 0.0610032
v 0.012 0.0240032 0.0610032
v 0.016 0.0240032 0.0570032
v 0.01323607 0.0240032 0.06080743
v 0.01435114 0.0240032 0.06023927
v 0.01523607 0.0240032 0.05935435
v 0.01580423 0.0240032 0.05823927
v -0.01580423 0.0240032 0.05823927
v -0.01523607 0.0240032 0.05935435
v -0.01435114 0.0240032 0.06023927
v -0.01323607 0.0240032 0.06080743
v -0.01412132 0.0240032 0.02288188
v -0.01314805 0.0240032 0.02223157
v -0.012 0.0240032 0.0220032
v 0.012 0.0240032 0.0220032
v 0.01314805 0.0240032 0.02223157
v 0.01412132 0.0240032 0.02288188
v -0.01477164 0.0240032 0.05815125
v -0.01412132 0.0240032 0.05912453
v -0.01314805 0.0240032 0.05977484
v -0.012 0.0240032 0.0600032
v 0.012 0.0240032 0.0600032
v 0.01314805 0.0240032 0.05977484
v 0.01412132 0.0240032 0.05912453
v 0.01477164 0.0240032 0.05815125
v 0.015 0.0240032 0.0570032
v 0.015 0.0240032 0.0250032
v 0.01477164 0.0240032 0.02385515
v -0.015 0.0240032 0.0570032
v -0.015 0.0240032 0.0250032
v -0.01477164 0.0240032 0.02385515
vn -0 -1 -0
vn 0 1 0
vn 0.99284 -0 -0.11945
vn 0.92902 -0 -0.37002
vn 0.95259 -0 -0.30425
vn 0.9715 -0 -0.23706
vn 0.9821 -0 -0.18835
vn 0.90943 -0 -0.41585
vn 0.88297 -0 -0.46943
vn 0.85325 -0 -0.52151
vn 0.81485 -0 -0.57967
vn 0.78496 -0 -0.61955
vn 0.73979 -0 -0.67284
vn 0.69105 -0 -0.72281
vn 0.65417 -0 -0.75635
vn 0.59986 -0 -0.8001
vn 0.54251 -0 -0.84005
vn 0.45625 -0 -0.88985
vn 0.39298 -0 -0.91955
vn 0.14406 -0 -0.98957
vn 0.2128 -0 -0.97709
vn 0.28045 -0 -0.95987
vn 0.32793 -0 -0.9447
vn 0.09458 -0 -0.99552
vn 0.03495 -0 -0.99939
vn -0.02502 0 -0.99969
vn -0.09458 0 -0.99552
vn -0.14406 0 -0.98957
vn -0.2128 0 -0.97709
vn -0.28045 0 -0.95987
vn -0.32793 0 -0.9447
vn -0.39298 0 -0.91955
vn -0.45625 0 -0.88985
vn -0.54251 0 -0.84005
vn -0.59986 0 -0.8001
vn -0.78496 0 -0.61955
vn -0.73979 0 -0.67284
vn -0.69105 0 -0.72281
vn -0.65417 0 -0.75635
vn -0.81485 0 -0.57967
vn -0.84802 0 -0.52996
vn -0.87826 0 -0.47818
vn -0.90943 0 -0.41585
vn -0.92902 0 -0.37002
vn -0.95259 0 -0.30425
vn -0.9715 0 -0.23706
vn -0.9821 0 -0.18835
vn -0.99284 0 -0.11945
vn -0.99876 0 -0.0498
vn -0.99876 0 0.0498
vn -0.99284 0 0.11945
vn -0.92902 0 0.37002
vn -0.95259 0 0.30425
vn -0.9715 0 0.23706
vn -0.9821 0 0.18835
vn -0.90943 0 0.41585
vn -0.88297 0 0.46943
vn -0.85325 0 0.52151
vn -0.81485 0 0.57967
vn -0.78496 0 0.61955
vn -0.73979 0 0.67284
vn -0.69105 0 0.72281
vn -0.65417 0 0.75635
vn -0.59986 0 0.8001
vn -0.54251 0 0.84005
vn -0.45625 0 0.88985
vn -0.39298 0 0.91955
vn -0.14406 0 0.98957
vn -0.2128 0 0.97709
vn -0.28045 0 0.95987
vn -0.32793 0 0.9447
vn -0.09458 0 0.99552
vn -0.03495 0 0.99939
vn 0.02502 -0 0.99969
vn 0.09458 -0 0.99552
vn 0.14406 -0 0.98957
vn 0.2128 -0 0.97709
vn 0.28045 -0 0.95987
vn 0.32793 -0 0.9447
vn 0.39298 -0 0.91955
vn 0.45625 -0 0.88985
vn 0.54251 -0 0.84005
vn 0.59986 -0 0.8001
vn 0.78496 -0 0.61955
vn 0.73979 -0 0.67284
vn 0.69105 -0 0.72281
vn 0.65417 -0 0.75635
vn 0.81485 -0 0.57967
vn 0.84802 -0 0.52996
vn 0.87826 -0 0.47818
vn 0.90943 -0 0.41585
vn 0.92902 -0 0.37002
vn 0.95259 -0 0.30425
vn 0.9715 -0 0.23706
vn 0.9821 -0 0.18835
vn 0.99284 -0 0.11945
vn 0.99876 -0 0.0498
vn 0.99876 -0 -0.0498
vn 0.98187 -0 0.18954
vn 0.92848 -0 0.37139
vn 0.8887 -0 0.45848
vn 0.78623 -0 0.61793
vn 0.72353 -0 0.69029
vn 0.58029 -0 0.81441
vn 0.49975 -0 0.86617
vn 0.32734 -0 0.94491
vn 0.23548 -0 0.97188
vn 0.04787 -0 0.99885
vn -0.04787 0 0.99885
vn -0.23548 0 0.97188
vn -0.32734 0 0.94491
vn -0.49975 0 0.86617
vn -0.58029 0 0.81441
vn -0.72353 0 0.69029
vn -0.78623 0 0.61793
vn -0.8887 0 0.45848
vn -0.92848 0 0.37139
vn -0.98187 0 0.18954
vn -0.9955 0 0.09477
vn -0.9955 0 -0.09477
vn -0.98187 0 -0.18954
vn -0.92848 0 -0.37139
vn -0.8887 0 -0.45848
vn -0.78623 0 -0.61793
vn -0.72353 0 -0.69029
vn -0.58029 0 -0.81441
vn -0.49975 0 -0.86617
vn -0.32734 0 -0.94491
vn -0.23548 0 -0.97188
vn -0.04787 0 -0.99885
vn 0.04787 -0 -0.99885
vn 0.23548 -0 -0.97188
vn 0.32734 -0 -0.94491
vn 0.49975 -0 -0.86617
vn 0.58029 -0 -0.81441
vn 0.72353 -0 -0.69029
vn 0.78623 -0 -0.61793
vn 0.8887 -0 -0.45848
vn 0.92848 -0 -0.37139
vn 0.98187 -0 -0.18954
vn 0.9955 -0 -0.09477
vn 0.9955 -0 0.09477
vn 0.86603 -0 0.5
vn 0.86603 -0 -0.5
vn -0 0 -1
vn -0.86603 0 -0.5
vn -0.86603 0 0.5
vn 0 -0 1
vn -0.41414 -0.86629 -0.27935
vn -0.05164 -0.86839 -0.49319
vn -0.20152 -0.86839 -0.45309
vn -0.33167 -0.86839 -0.36864
vn 0.36864 -0.86839 -0.33167
vn 0.24811 -0.86839 -0.42935
vn 0.10329 -0.86839 -0.48501
vn 0.48501 -0.86839 0.10329
vn 0.49319 -0.86839 -0.05164
vn 0.46192 -0.86708 -0.18657
vn 0.41414 -0.86629 0.27935
vn 0.05164 -0.86839 0.49319
vn 0.20152 -0.86839 0.45309
vn 0.33167 -0.86839 0.36864
vn -0.36864 -0.86839 0.33167
vn -0.24811 -0.86839 0.42935
vn -0.10329 -0.86839 0.48501
vn -0.49319 -0.86839 0.05164
vn -0.48501 -0.86839 -0.10329
vn -0.46192 -0.86708 0.18657
vn -0.42364 -0.86629 0.26471
vn 0.44773 -0.86708 0.21843
vn 0.42364 -0.86629 -0.26471
vn -0.44773 -0.86708 -0.21843
vn -0.89316 -0.26005 -0.36694
vn -0.89769 -0.12979 -0.42107
vn -0.87016 -0.1301 -0.47528
vn -0.82322 -0.26015 -0.50462
vn -0.81351 -0.12979 -0.56689
vn -0.76436 -0.26005 -0.59002
vn -0.75383 -0.12998 -0.64409
vn -0.67515 -0.26015 -0.69029
vn -0.67208 -0.13001 -0.72898
vn -0.63394 -0.12983 -0.76241
vn -0.57777 -0.1301 -0.80577
vn -0.52275 -0.26015 -0.81182
vn -0.45122 -0.1301 -0.88288
vn -0.39591 -0.26015 -0.88067
vn -0.3433 -0.12983 -0.93021
vn -0.28948 -0.26 -0.9212
vn -0.25021 -0.12989 -0.95944
vn -0.18089 -0.12998 -0.97488
vn -0.1288 -0.26005 -0.95697
vn -0.08418 -0.12979 -0.98796
vn -0.02347 -0.1301 -0.99122
vn 0.0254 -0.26015 -0.96524
vn 0.08418 -0.12979 -0.98796
vn 0.1288 -0.26005 -0.95697
vn 0.18089 -0.12998 -0.97488
vn 0.26024 -0.26015 -0.92984
vn 0.29527 -0.13001 -0.94652
vn 0.3433 -0.12983 -0.93021
vn 0.40893 -0.1301 -0.90325
vn 0.44168 -0.26015 -0.85863
vn 0.53898 -0.1301 -0.83221
vn 0.56472 -0.26015 -0.78321
vn 0.63394 -0.12983 -0.76241
vn 0.65304 -0.26 -0.7113
vn 0.7058 -0.12989 -0.69641
vn 0.75383 -0.12998 -0.64409
vn 0.76436 -0.26005 -0.59002
vn 0.81351 -0.12979 -0.56689
vn 0.84669 -0.1301 -0.51594
vn 0.84862 -0.26015 -0.46062
vn 0.89769 -0.12979 -0.42107
vn 0.89316 -0.26005 -0.36694
vn 0.93471 -0.12998 -0.33079
vn 0.93538 -0.26015 -0.23955
vn 0.96735 -0.13001 -0.21755
vn 0.97724 -0.12983 -0.1678
vn 0.9867 -0.1301 -0.09748
vn 0.96443 -0.26015 -0.0468
vn 0.99021 -0.1301 0.05067
vn 0.96064 -0.26015 0.09746
vn 0.97724 -0.12983 0.1678
vn 0.94252 -0.26 0.2099
vn 0.956 -0.12989 0.26303
vn 0.93471 -0.12998 0.33079
vn 0.89316 -0.26005 0.36694
vn 0.89769 -0.12979 0.42107
vn 0.87016 -0.1301 0.47528
vn 0.82322 -0.26015 0.50462
vn 0.81351 -0.12979 0.56689
vn 0.76436 -0.26005 0.59002
vn 0.75383 -0.12998 0.64409
vn 0.67515 -0.26015 0.69029
vn 0.67208 -0.13001 0.72898
vn 0.63394 -0.12983 0.76241
vn 0.57777 -0.1301 0.80577
vn 0.52275 -0.26015 0.81182
vn 0.45122 -0.1301 0.88288
vn 0.39591 -0.26015 0.88067
vn 0.3433 -0.12983 0.93021
vn 0.28948 -0.26 0.9212
vn 0.25021 -0.12989 0.95944
vn 0.18089 -0.12998 0.97488
vn 0.1288 -0.26005 0.95697
vn 0.08418 -0.12979 0.98796
vn 0.02347 -0.1301 0.99122
vn -0.0254 -0.26015 0.96524
vn -0.08418 -0.12979 0.98796
vn -0.1288 -0.26005 0.95697
vn -0.18089 -0.12998 0.97488
vn -0.26024 -0.26015 0.92984
vn -0.29527 -0.13001 0.94652
vn -0.3433 -0.12983 0.93021
vn -0.40893 -0.1301 0.90325
vn -0.44168 -0.26015 0.85863
vn -0.53898 -0.1301 0.83221
vn -0.56472 -0.26015 0.78321
vn -0.63394 -0.12983 0.76241
vn -0.65304 -0.26 0.7113
vn -0.7058 -0.12989 0.69641
vn -0.75383 -0.12998 0.64409
vn -0.76436 -0.26005 0.59002
vn -0.81351 -0.12979 0.56689
vn -0.84669 -0.1301 0.51594
vn -0.84862 -0.26015 0.46062
vn -0.89769 -0.12979 0.42107
vn -0.89316 -0.26005 0.36694
vn -0.93471 -0.12998 0.33079
vn -0.93538 -0.26015 0.23955
vn -0.96735 -0.13001 0.21755
vn -0.97724 -0.12983 0.1678
vn -0.9867 -0.1301 0.09748
vn -0.96443 -0.26015 0.0468
vn -0.99021 -0.1301 -0.05067
vn -0.96064 -0.26015 -0.09746
vn -0.97724 -0.12983 -0.1678
vn -0.94252 -0.26 -0.2099
vn -0.956 -0.12989 -0.26303
vn -0.93471 -0.12998 -0.33079
vn -0.8619 -0.50031 0.0826
vn -0.77721 -0.61027 0.15334
vn -0.83996 -0.50031 0.21013
vn -0.74568 -0.61027 0.26747
vn -0.79926 -0.50031 0.33297
vn -0.69749 -0.61027 0.37562
vn -0.7407 -0.50031 0.44838
vn -0.63371 -0.61027 0.47538
vn -0.6656 -0.50031 0.55377
vn -0.55578 -0.61027 0.56452
vn -0.57564 -0.50031 0.64678
vn -0.46544 -0.61027 0.64105
vn -0.47281 -0.50031 0.72535
vn -0.3647 -0.61027 0.70326
vn -0.35942 -0.50031 0.78772
vn -0.25581 -0.61027 0.74976
vn -0.238 -0.50031 0.83249
vn -0.14121 -0.61027 0.77951
vn -0.11127 -0.50031 0.85867
vn -0.02345 -0.61027 0.79185
vn 0.01795 -0.50031 0.86566
vn 0.09483 -0.61027 0.7865
vn 0.14677 -0.50031 0.85331
vn 0.211 -0.61027 0.76358
vn 0.27231 -0.50031 0.82191
vn 0.32244 -0.61027 0.7236
vn 0.39177 -0.50031 0.77214
vn 0.42669 -0.61027 0.66747
vn 0.50248 -0.50031 0.70513
vn 0.52141 -0.61027 0.59642
vn 0.60196 -0.50031 0.62236
vn 0.60447 -0.61027 0.51204
vn 0.68799 -0.50031 0.52569
vn 0.67404 -0.61027 0.41623
vn 0.75866 -0.50031 0.41728
vn 0.72854 -0.61027 0.31112
vn 0.81238 -0.50031 0.29955
vn 0.76678 -0.61027 0.19906
vn 0.84795 -0.50031 0.17512
vn 0.78788 -0.61027 0.08256
vn 0.86458 -0.50031 0.04679
vn 0.79139 -0.61027 -0.03579
vn 0.8619 -0.50031 -0.0826
vn 0.77721 -0.61027 -0.15334
vn 0.83996 -0.50031 -0.21013
vn 0.74568 -0.61027 -0.26747
vn 0.79926 -0.50031 -0.33297
vn 0.69749 -0.61027 -0.37562
vn 0.7407 -0.50031 -0.44838
vn 0.63371 -0.61027 -0.47538
vn 0.6656 -0.50031 -0.55377
vn 0.55578 -0.61027 -0.56452
vn 0.57564 -0.50031 -0.64678
vn 0.46544 -0.61027 -0.64105
vn 0.47281 -0.50031 -0.72535
vn 0.3647 -0.61027 -0.70326
vn 0.35942 -0.50031 -0.78772
vn 0.25581 -0.61027 -0.74976
vn 0.238 -0.50031 -0.83249
vn 0.14121 -0.61027 -0.77951
vn 0.11127 -0.50031 -0.85867
vn 0.02345 -0.61027 -0.79185
vn -0.01795 -0.50031 -0.86566
vn -0.09483 -0.61027 -0.7865
vn -0.14677 -0.50031 -0.85331
vn -0.211 -0.61027 -0.76358
vn -0.27231 -0.50031 -0.82191
vn -0.32244 -0.61027 -0.7236
vn -0.39177 -0.50031 -0.77214
vn -0.42669 -0.61027 -0.66747
vn -0.50248 -0.50031 -0.70513
vn -0.52141 -0.61027 -0.59642
vn -0.60196 -0.50031 -0.62236
vn -0.60447 -0.61027 -0.51204
vn -0.68799 -0.50031 -0.52569
vn -0.67404 -0.61027 -0.41623
vn -0.75866 -0.50031 -0.41728
vn -0.72854 -0.61027 -0.31112
vn -0.81238 -0.50031 -0.29955
vn -0.76678 -0.61027 -0.19906
vn -0.84795 -0.50031 -0.17512
vn -0.78788 -0.61027 -0.08256
vn -0.86458 -0.50031 -0.04679
vn -0.79139 -0.61027 0.03579
vn -0.60583 -0.79368 0.05514
vn -0.48971 -0.86687 0.09338
vn -0.59085 -0.79368 0.14482
vn -0.47033 -0.86687 0.16533
vn -0.56267 -0.79368 0.23126
vn -0.44043 -0.86687 0.23358
vn -0.52192 -0.79368 0.31254
vn -0.4007 -0.86687 0.29661
vn -0.4695 -0.79368 0.38683
vn -0.35202 -0.86687 0.35302
vn -0.40661 -0.79368 0.45249
vn -0.29547 -0.86687 0.40154
vn -0.33462 -0.79368 0.50804
vn -0.23232 -0.86687 0.4411
vn -0.25517 -0.79368 0.55224
vn -0.16398 -0.86687 0.4708
vn -0.17001 -0.79368 0.5841
vn -0.09198 -0.86687 0.48998
vn -0.08106 -0.79368 0.60291
vn -0.01793 -0.86687 0.49821
vn 0.00971 -0.79368 0.60826
vn 0.05653 -0.86687 0.49532
vn 0.10026 -0.79368 0.60002
vn 0.12972 -0.86687 0.48137
vn 0.18856 -0.79368 0.57838
vn 0.20001 -0.86687 0.45666
vn 0.27266 -0.79368 0.54381
vn 0.26584 -0.86687 0.42174
vn 0.35067 -0.79368 0.4971
vn 0.32573 -0.86687 0.37741
vn 0.42084 -0.79368 0.43928
vn 0.37834 -0.86687 0.32465
vn 0.48161 -0.79368 0.37165
vn 0.4225 -0.86687 0.26463
vn 0.53162 -0.79368 0.29572
vn 0.45722 -0.86687 0.19871
vn 0.56976 -0.79368 0.21319
vn 0.48173 -0.86687 0.12834
vn 0.59517 -0.79368 0.12589
vn 0.49548 -0.86687 0.05511
vn 0.60729 -0.79368 0.03577
vn 0.49816 -0.86687 -0.01935
vn 0.60583 -0.79368 -0.05514
vn 0.48971 -0.86687 -0.09338
vn 0.59085 -0.79368 -0.14482
vn 0.47033 -0.86687 -0.16533
vn 0.56267 -0.79368 -0.23126
vn 0.44043 -0.86687 -0.23358
vn 0.52192 -0.79368 -0.31254
vn 0.4007 -0.86687 -0.29661
vn 0.4695 -0.79368 -0.38683
vn 0.35202 -0.86687 -0.35302
vn 0.40661 -0.79368 -0.45249
vn 0.29547 -0.86687 -0.40154
vn 0.33462 -0.79368 -0.50804
vn 0.23232 -0.86687 -0.4411
vn 0.25517 -0.79368 -0.55224
vn 0.16398 -0.86687 -0.4708
vn 0.17001 -0.79368 -0.5841
vn 0.09198 -0.86687 -0.48998
vn 0.08106 -0.79368 -0.60291
vn 0.01793 -0.86687 -0.49821
vn -0.00971 -0.79368 -0.60826
vn -0.05653 -0.86687 -0.49532
vn -0.10026 -0.79368 -0.60002
vn -0.12972 -0.86687 -0.48137
vn -0.18856 -0.79368 -0.57838
vn -0.20001 -0.86687 -0.45666
vn -0.27266 -0.79368 -0.54381
vn -0.26584 -0.86687 -0.42174
vn -0.35067 -0.79368 -0.4971
vn -0.32573 -0.86687 -0.37741
vn -0.42084 -0.79368 -0.43928
vn -0.37834 -0.86687 -0.32465
vn -0.48161 -0.79368 -0.37165
vn -0.4225 -0.86687 -0.26463
vn -0.53162 -0.79368 -0.29572
vn -0.45722 -0.86687 -0.19871
vn -0.56976 -0.79368 -0.21319
vn -0.48173 -0.86687 -0.12834
vn -0.59517 -0.79368 -0.12589
vn -0.49548 -0.86687 -0.05511
vn -0.60729 -0.79368 -0.03577
vn -0.49816 -0.86687 0.01935
vn -0.25815 -0.96591 0.01935
vn -0.12833 -0.99154 0.01934
vn -0.25238 -0.96591 0.0576
vn -0.12401 -0.99154 0.03825
vn -0.24098 -0.96591 0.09458
vn -0.11692 -0.99154 0.05631
vn -0.22419 -0.96591 0.12944
vn -0.10723 -0.99154 0.07311
vn -0.2024 -0.96591 0.1614
vn -0.09513 -0.99154 0.08827
vn -0.17608 -0.96591 0.18977
vn -0.08091 -0.99154 0.10146
vn -0.14583 -0.96591 0.21389
vn -0.06489 -0.99154 0.11239
vn -0.11232 -0.96591 0.23324
vn -0.04741 -0.99154 0.1208
vn -0.0763 -0.96591 0.24737
vn -0.02888 -0.99154 0.12652
vn -0.03858 -0.96591 0.25598
vn -0.0097 -0.99154 0.12941
vn -0 -0.96591 0.25887
vn 0.0097 -0.99154 0.12941
vn 0.03858 -0.96591 0.25598
vn 0.02888 -0.99154 0.12652
vn 0.0763 -0.96591 0.24737
vn 0.04741 -0.99154 0.1208
vn 0.11232 -0.96591 0.23324
vn 0.06489 -0.99154 0.11239
vn 0.14583 -0.96591 0.21389
vn 0.08091 -0.99154 0.10146
vn 0.17608 -0.96591 0.18977
vn 0.09513 -0.99154 0.08827
vn 0.2024 -0.96591 0.1614
vn 0.10723 -0.99154 0.07311
vn 0.22419 -0.96591 0.12944
vn 0.11692 -0.99154 0.05631
vn 0.24098 -0.96591 0.09458
vn 0.12401 -0.99154 0.03825
vn 0.25238 -0.96591 0.0576
vn 0.12833 -0.99154 0.01934
vn 0.25815 -0.96591 0.01935
vn 0.12978 -0.99154 -0
vn 0.25815 -0.96591 -0.01935
vn 0.12833 -0.99154 -0.01934
vn 0.25238 -0.96591 -0.0576
vn 0.12401 -0.99154 -0.03825
vn 0.24098 -0.96591 -0.09458
vn 0.11692 -0.99154 -0.05631
vn 0.22419 -0.96591 -0.12944
vn 0.10723 -0.99154 -0.07311
vn 0.2024 -0.96591 -0.1614
vn 0.09513 -0.99154 -0.08827
vn 0.17608 -0.96591 -0.18977
vn 0.08091 -0.99154 -0.10146
vn 0.14583 -0.96591 -0.21389
vn 0.06489 -0.99154 -0.11239
vn 0.11232 -0.96591 -0.23324
vn 0.04741 -0.99154 -0.1208
vn 0.0763 -0.96591 -0.24737
vn 0.02888 -0.99154 -0.12652
vn 0.03858 -0.96591 -0.25598
vn 0.0097 -0.99154 -0.12941
vn -0 -0.96591 -0.25887
vn -0.0097 -0.99154 -0.12941
vn -0.03858 -0.96591 -0.25598
vn -0.02888 -0.99154 -0.12652
vn -0.0763 -0.96591 -0.24737
vn -0.04741 -0.99154 -0.1208
vn -0.11232 -0.96591 -0.23324
vn -0.06489 -0.99154 -0.11239
vn -0.14583 -0.96591 -0.21389
vn -0.08091 -0.99154 -0.10146
vn -0.17608 -0.96591 -0.18977
vn -0.09513 -0.99154 -0.08827
vn -0.2024 -0.96591 -0.1614
vn -0.10723 -0.99154 -0.07311
vn -0.22419 -0.96591 -0.12944
vn -0.11692 -0.99154 -0.05631
vn -0.24098 -0.96591 -0.09458
vn -0.12401 -0.99154 -0.03825
vn -0.25238 -0.96591 -0.0576
vn -0.12833 -0.99154 -0.01934
vn -0.25815 -0.96591 -0.01935
vn -0.12978 -0.99154 -0
vn 0.69113 0.71031 0.13341
vn 0.65354 0.71031 0.26142
vn 0.62555 0.71031 0.32272
vn 0.55342 0.71031 0.43495
vn 0.50929 0.71031 0.48589
vn 0.40846 0.71031 0.57325
vn 0.35177 0.71031 0.60969
vn 0.23041 0.71031 0.66511
vn 0.16575 0.71031 0.68409
vn 0.0337 0.71031 0.70308
vn -0.0337 0.71031 0.70308
vn -0.16575 0.71031 0.68409
vn -0.23041 0.71031 0.66511
vn -0.35177 0.71031 0.60969
vn -0.40846 0.71031 0.57325
vn -0.50929 0.71031 0.48589
vn -0.55342 0.71031 0.43495
vn -0.62555 0.71031 0.32272
vn -0.65354 0.71031 0.26142
vn -0.69113 0.71031 0.13341
vn -0.70072 0.71031 0.06671
vn -0.70072 0.71031 -0.06671
vn -0.69113 0.71031 -0.13341
vn -0.65354 0.71031 -0.26142
vn -0.62555 0.71031 -0.32272
vn -0.55342 0.71031 -0.43495
vn -0.50929 0.71031 -0.48589
vn -0.40846 0.71031 -0.57325
vn -0.35177 0.71031 -0.60969
vn -0.23041 0.71031 -0.66511
vn -0.16575 0.71031 -0.68409
vn -0.0337 0.71031 -0.70308
vn 0.0337 0.71031 -0.70308
vn 0.16575 0.71031 -0.68409
vn 0.23041 0.71031 -0.66511
vn 0.35177 0.71031 -0.60969
vn 0.40846 0.71031 -0.57325
vn 0.50929 0.71031 -0.48589
vn 0.55342 0.71031 -0.43495
vn 0.62555 0.71031 -0.32272
vn 0.65354 0.71031 -0.26142
vn 0.69113 0.71031 -0.13341
vn 0.70072 0.71031 -0.06671
vn 0.70072 0.71031 0.06671
vn -0.17186 0 -0.98512
vn -0.34372 0 -0.93907
vn -0.6414 0 -0.76721
vn -0.76721 0 -0.6414
vn -0.93907 0 -0.34372
vn -0.98512 0 -0.17186
vn -0.98512 0 0.17186
vn -0.93907 0 0.34372
vn -0.76721 0 0.6414
vn -0.6414 0 0.76721
vn -0.34372 0 0.93907
vn -0.17186 0 0.98512
vn 0.17186 -0 0.98512
vn 0.34372 -0 0.93907
vn 0.6414 -0 0.76721
vn 0.76721 -0 0.6414
vn 0.93907 -0 0.34372
vn 0.98512 -0 0.17186
vn 0.98512 -0 -0.17186
vn 0.93907 -0 -0.34372
vn 0.76721 -0 -0.6414
vn 0.6414 -0 -0.76721
vn 0.34372 -0 -0.93907
vn 0.17186 -0 -0.98512
vn -0 -0.7769 0.62962
vn -0 -0.83888 0.54432
vn -0 -0.93344 0.35873
vn -0 -0.96603 0.25845
vn -0 -0.99861 0.05272
vn -0 -0.99861 -0.05272
vn -0 -0.96603 -0.25845
vn -0 -0.93344 -0.35873
vn -0 -0.83888 -0.54432
vn -0 -0.7769 -0.62962
vn -0 -0.62962 -0.7769
vn -0 -0.54432 -0.83888
vn -0 -0.35873 -0.93344
vn -0 -0.25845 -0.96603
vn -0 -0.05272 -0.99861
vn 0 0.05272 -0.99861
vn 0 0.25845 -0.96603
vn 0 0.35873 -0.93344
vn 0 0.54432 -0.83888
vn 0 0.62962 -0.7769
vn 0 0.92339 0.38385
vn 0 0.96599 0.25858
vn 0 1 0.00127
vn 0 0.99141 -0.13077
vn 0 0.92436 -0.38151
vn 0 0.8659 -0.50021
vn 0 0.708 -0.70621
vn 0 0.60856 -0.7935
vn 0 0.38385 -0.92339
vn 0 0.25858 -0.96599
vn 0 0.00127 -1
vn -0 -0.13077 -0.99141
vn -0 -0.38151 -0.92436
vn -0 -0.50021 -0.8659
vn -0 -0.70621 -0.708
vn -0 -0.7935 -0.60856
vn -0 -0.92339 -0.38385
vn -0 -0.96599 -0.25858
vn -0 -1 -0.00127
vn -0 -0.99141 0.13077
vn -0 -0.92436 0.38151
vn -0 -0.8659 0.50021
vn -0 -0.708 0.70621
vn -0 -0.60856 0.7935
vn -0 -0.38385 0.92339
vn -0 -0.25858 0.96599
vn -0 -0.00127 1
vn 0 0.13077 0.99141
vn 0 0.38151 0.92436
vn 0 0.50021 0.8659
vn 0 0.70621 0.708
vn 0 0.7935 0.60856
vn 0 0.70711 -0.70711
vn 0 1 0
vn -0 -1 -0
vn -0 -0.70711 0.70711
vn 1 -0 -0
vn -1 0 0
vn -0 -0.76688 -0.64179
vn -0 -0.64101 -0.76754
vn -0 -0.34325 -0.93925
vn -0 -0.17136 -0.98521
vn 0 0.17236 -0.98503
vn 0 0.3442 -0.9389
vn 0 0.64179 -0.76688
vn 0 0.76754 -0.64101
vn 0 0.93925 -0.34325
vn 0 0.98521 -0.17136
vn 0 0.98503 0.17236
vn 0 0.9389 0.3442
vn 0 0.76688 0.64179
vn 0 0.64101 0.76754
vn 0 0.34325 0.93925
vn 0 0.17136 0.98521
vn -0 -0.17236 0.98503
vn -0 -0.3442 0.9389
vn -0 -0.64179 0.76688
vn -0 -0.76754 0.64101
vn -0 -0.93925 0.34325
vn -0 -0.98521 0.17136
vn -0 -0.98503 -0.17236
vn -0 -0.9389 -0.3442
vn -0 -0.70711 -0.70711
vn 0 -0 1
vn 0 1 0
vn -0.15901 0 0.98728
vn -0.31802 0 0.94809
vn -0.59961 0 0.8003
vn -0.72219 0 0.6917
vn -0.90284 0 0.42998
vn -0.96091 0 0.27685
vn -0.99925 0 -0.03885
vn -0.97951 0 -0.20142
vn -0.86674 0 -0.49877
vn -0.77371 0 -0.63355
vn -0.53567 0 -0.84443
vn -0.39066 0 -0.92054
vn -0.08188 0 -0.99664
vn 0.08188 -0 -0.99664
vn 0.39066 -0 -0.92054
vn 0.53567 -0 -0.84443
vn 0.77371 -0 -0.63355
vn 0.86674 -0 -0.49877
vn 0.97951 -0 -0.20142
vn 0.99925 -0 -0.03885
vn 0.96091 -0 0.27685
vn 0.90284 -0 0.42998
vn 0.72219 -0 0.6917
vn 0.59961 -0 0.8003
vn 0.31802 -0 0.94809
vn 0.15901 -0 0.98728
vn -0.99456 0 0.10414
vn -0.97807 0 0.20829
vn -0.9137 0 0.40638
vn -0.86583 0 0.50033
vn -0.7434 0 0.66884
vn -0.66884 0 0.7434
vn -0.50033 0 0.86583
vn -0.40638 0 0.9137
vn -0.20829 0 0.97807
vn -0.10414 0 0.99456
vn 0.99456 -0 0.10414
vn 0.97807 -0 0.20829
vn 0.9137 -0 0.40638
vn 0.86583 -0 0.50033
vn 0.7434 -0 0.66884
vn 0.66884 -0 0.7434
vn 0.50033 -0 0.86583
vn 0.40638 -0 0.9137
vn 0.20829 -0 0.97807
vn 0.10414 -0 0.99456
vn -1 0 0
vn -0 -0.92864 -0.37097
vn -0 -0.9735 -0.22869
vn -0 -0.98791 -0.15503
vn -0 -0.99998 -0.00634
vn -0 -0.99764 0.06869
vn -0 -0.97632 0.21634
vn -0 -0.95734 0.28896
vn -0 -0.9037 0.42817
vn -0 -0.86904 0.49475
vn -0 -0.78577 0.61852
vn -0 -0.73716 0.67572
vn -0 -0.62843 0.77787
vn -0 -0.56831 0.82281
vn -0 -0.43958 0.8982
vn -0 -0.37097 0.92864
vn -0 -0.22869 0.9735
vn -0 -0.15503 0.98791
vn -0 -0.00634 0.99998
vn 0 0.06869 0.99764
vn 0 0.21634 0.97632
vn 0 0.28896 0.95734
vn 0 0.42817 0.9037
vn 0 0.49475 0.86904
vn 0 0.61852 0.78577
vn 0 0.67572 0.73716
vn 0 0.77787 0.62843
vn 0 0.82281 0.56831
vn 0 0.8982 0.43958
vn 0 0.92864 0.37097
vn 0 0.9735 0.22869
vn 0 0.98791 0.15503
vn 0 0.99998 0.00634
vn 0 0.99764 -0.06869
vn 0 0.97632 -0.21634
vn 0 0.95734 -0.28896
vn 0 0.9037 -0.42817
vn 0 0.86904 -0.49475
vn 0 0.78577 -0.61852
vn 0 0.73716 -0.67572
vn 0 0.62843 -0.77787
vn 0 0.56831 -0.82281
vn 0 0.43958 -0.8982
vn 0 0.37097 -0.92864
vn 0 0.22869 -0.9735
vn 0 0.15503 -0.98791
vn 0 0.00634 -0.99998
vn -0 -0.06869 -0.99764
vn -0 -0.21634 -0.97632
vn -0 -0.28896 -0.95734
vn -0 -0.42817 -0.9037
vn -0 -0.49475 -0.86904
vn -0 -0.61852 -0.78577
vn -0 -0.67572 -0.73716
vn -0 -0.77787 -0.62843
vn -0 -0.82281 -0.56831
vn -0 -0.8982 -0.43958
vn -0 -0.81771 -0.57563
vn -0 -0.76642 -0.64234
vn -0 -0.64887 -0.7609
vn -0 -0.5826 -0.81276
vn -0 -0.43925 -0.89836
vn -0 -0.36217 -0.93211
vn -0 -0.20204 -0.97938
vn -0 -0.11899 -0.9929
vn 0 0.04787 -0.99885
vn 0 0.13167 -0.99129
vn 0 0.29477 -0.95557
vn 0 0.37406 -0.9274
vn 0 0.52315 -0.85224
vn 0 0.59294 -0.80524
vn 0 0.71866 -0.69537
vn 0 0.77457 -0.63249
vn 0 0.86901 -0.4948
vn 0 0.90753 -0.41999
vn 0 0.96476 -0.26314
vn 0 0.98346 -0.1811
vn 0 0.99989 -0.01495
vn 0 0.9976 0.06917
vn 0 0.97219 0.23419
vn 0 0.94906 0.31509
vn 0 0.88341 0.4686
vn 0 0.84089 0.54121
vn 0 0.73912 0.67358
vn 0 0.67987 0.73333
vn 0 0.54839 0.83623
vn 0 0.47614 0.87937
vn 0 0.3232 0.94633
vn 0 0.24249 0.97015
vn 0 0.0777 0.99698
vn -0 -0.00639 0.99998
vn -0 -0.17268 0.98498
vn -0 -0.25488 0.96697
vn -0 -0.41221 0.91109
vn -0 -0.48735 0.87321
vn -0 -0.62584 0.77995
vn -0 -0.68919 0.72458
vn -0 -0.80014 0.59981
vn -0 -0.84774 0.53042
vn -0 -0.92417 0.38198
vn -0 -0.95301 0.30293
vn -0 -0.99013 0.14015
vn -0 -0.99841 0.05641
vn -0 -0.99388 -0.11049
vn -0 -0.98107 -0.19366
vn -0 -0.93517 -0.35419
vn -0 -0.90209 -0.43155
vn 1 -0 -0
vn 0 0.89319 0.44969
vn 0 0.91998 0.39197
vn 0 0.96215 0.27252
vn 0 0.97753 0.21078
vn 0 0.99634 0.08551
vn 0 0.99976 0.02197
vn 0 0.99452 -0.10459
vn 0 0.98585 -0.16763
vn 0 0.95675 -0.29092
vn 0 0.93631 -0.35117
vn 0 0.8844 -0.46673
vn 0 0.85293 -0.52202
vn 0 0.78009 -0.62567
vn 0 0.73872 -0.67401
vn 0 0.64759 -0.76199
vn 0 0.59782 -0.80163
vn 0 0.49168 -0.87078
vn 0 0.4353 -0.90028
vn 0 0.31799 -0.94809
vn 0 0.25706 -0.9664
vn 0 0.13282 -0.99114
vn 0 0.06952 -0.99758
vn -0 -0.05715 -0.99837
vn -0 -0.12053 -0.99271
vn -0 -0.24506 -0.96951
vn -0 -0.30622 -0.95196
vn -0 -0.42412 -0.90561
vn -0 -0.48085 -0.8768
vn -0 -0.58784 -0.80898
vn -0 -0.6381 -0.76996
vn -0 -0.73032 -0.68311
vn -0 -0.77228 -0.63528
vn -0 -0.8464 -0.53255
vn -0 -0.87855 -0.47765
vn -0 -0.93189 -0.36275
vn -0 -0.95307 -0.30275
vn -0 -0.9837 -0.17983
vn -0 -0.99314 -0.11691
vn -0 -0.99995 0.00959
vn -0 -0.99732 0.07316
vn -0 -0.98007 0.19866
vn -0 -0.96545 0.26058
vn -0 -0.92476 0.38054
vn -0 -0.89869 0.43858
vn -0 -0.83603 0.54868
vn -0 -0.79945 0.60074
vn -0 -0.71709 0.69699
vn -0 -0.67131 0.74118
vn -0 -0.57222 0.8201
vn -0 -0.51891 0.85483
vn -0 -0.40668 0.91357
vn -0 -0.34775 0.93759
vn -0 -0.22643 0.97403
vn -0 -0.16403 0.98646
vn -0 -0.038 0.99928
vn 0 0.02562 0.99967
vn 0 0.1518 0.98841
vn 0 0.21435 0.97676
vn 0 0.33611 0.94182
vn 0 0.39533 0.91854
vn 0 0.50828 0.86119
vn 0 0.56202 0.82713
vn 0 0.66208 0.74944
vn 0 0.7084 0.70582
vn 0 0.79194 0.6106
vn 0 0.82917 0.559
vn 0 0.67572 0.73716
vn 0 0.28896 0.95734
vn 0 0.21634 0.97632
vn -0 -0.00634 0.99998
vn -0 -0.22869 0.9735
vn -0 -0.73716 0.67572
vn -0 -0.95734 0.28896
vn -0 -0.97632 0.21634
vn -0 -0.99998 -0.00634
vn -0 -0.9735 -0.22869
vn -0 -0.67572 -0.73716
vn -0 -0.28896 -0.95734
vn -0 -0.21634 -0.97632
vn 0 0.00634 -0.99998
vn 0 0.22869 -0.9735
vn 0 0.73716 -0.67572
vn 0 0.95734 -0.28896
vn 0 0.97632 -0.21634
vn 0 0.99998 0.00634
vn 0 0.9735 0.22869
vn 0 0.80205 0.59726
vn 0 0.73155 0.68179
vn 0 0.6928 0.72113
vn 0 0.60936 0.7929
vn 0 0.56466 0.82532
vn 0 0.47054 0.88238
vn 0 0.42111 0.90701
vn 0 0.31889 0.94779
vn 0 0.26608 0.96395
vn 0 0.15854 0.98735
vn 0 0.10379 0.9946
vn -0 -0.00614 0.99998
vn -0 -0.06133 0.99812
vn -0 -0.17065 0.98533
vn -0 -0.22478 0.97441
vn -0 -0.3305 0.94381
vn -0 -0.38209 0.92412
vn -0 -0.48134 0.87654
vn -0 -0.52899 0.84863
vn -0 -0.61905 0.78535
vn -0 -0.66145 0.74999
vn -0 -0.73987 0.67275
vn -0 -0.77588 0.63089
vn -0 -0.84051 0.5418
vn -0 -0.86913 0.49458
vn -0 -0.91822 0.39607
vn -0 -0.93868 0.34478
vn -0 -0.97089 0.23953
vn -0 -0.98263 0.18557
vn -0 -0.99707 0.07646
vn -0 -0.99977 0.02131
vn -0 -0.99606 -0.0887
vn -0 -0.98964 -0.14354
vn -0 -0.96787 -0.25143
vn -0 -0.95252 -0.30447
vn -0 -0.91329 -0.40731
vn -0 -0.88941 -0.4571
vn -0 -0.83379 -0.55208
vn -0 -0.80205 -0.59726
vn -0 -0.73155 -0.68179
vn -0 -0.6928 -0.72113
vn -0 -0.60936 -0.7929
vn -0 -0.56466 -0.82532
vn -0 -0.47054 -0.88238
vn -0 -0.42111 -0.90701
vn -0 -0.31889 -0.94779
vn -0 -0.26608 -0.96395
vn -0 -0.15854 -0.98735
vn -0 -0.10379 -0.9946
vn 0 0.00614 -0.99998
vn 0 0.06133 -0.99812
vn 0 0.17065 -0.98533
vn 0 0.22478 -0.97441
vn 0 0.3305 -0.94381
vn 0 0.38209 -0.92412
vn 0 0.48134 -0.87654
vn 0 0.52899 -0.84863
vn 0 0.61905 -0.78535
vn 0 0.66145 -0.74999
vn 0 0.73987 -0.67275
vn 0 0.77588 -0.63089
vn 0 0.84051 -0.5418
vn 0 0.86913 -0.49458
vn 0 0.91822 -0.39607
vn 0 0.93868 -0.34478
vn 0 0.97089 -0.23953
vn 0 0.98263 -0.18557
vn 0 0.99707 -0.07646
vn 0 0.99977 -0.02131
vn 0 0.99606 0.0887
vn 0 0.98964 0.14354
vn 0 0.96787 0.25143
vn 0 0.95252 0.30447
vn 0 0.91329 0.40731
vn 0 0.88941 0.4571
vn 0 0.83379 0.55208
vn -0 -0.82917 -0.559
vn -0 -0.79194 -0.6106
vn -0 -0.7084 -0.70582
vn -0 -0.66208 -0.74944
vn -0 -0.56202 -0.82713
vn -0 -0.50828 -0.86119
vn -0 -0.39533 -0.91854
vn -0 -0.33611 -0.94182
vn -0 -0.21435 -0.97676
vn -0 -0.1518 -0.98841
vn -0 -0.02562 -0.99967
vn 0 0.038 -0.99928
vn 0 0.16403 -0.98646
vn 0 0.22643 -0.97403
vn 0 0.34775 -0.93759
vn 0 0.40668 -0.91357
vn 0 0.51891 -0.85483
vn 0 0.57222 -0.8201
vn 0 0.67131 -0.74118
vn 0 0.71709 -0.69699
vn 0 0.79945 -0.60074
vn 0 0.83603 -0.54868
vn 0 0.89869 -0.43858
vn 0 0.92476 -0.38054
vn 0 0.96545 -0.26058
vn 0 0.98007 -0.19866
vn 0 0.99732 -0.07316
vn 0 0.99995 -0.00959
vn 0 0.99314 0.11691
vn 0 0.9837 0.17983
vn 0 0.95307 0.30275
vn 0 0.93189 0.36275
vn 0 0.87855 0.47765
vn 0 0.8464 0.53255
vn 0 0.77228 0.63528
vn 0 0.73032 0.68311
vn 0 0.6381 0.76996
vn 0 0.58784 0.80898
vn 0 0.48085 0.8768
vn 0 0.42412 0.90561
vn 0 0.30622 0.95196
vn 0 0.24506 0.96951
vn 0 0.12053 0.99271
vn 0 0.05715 0.99837
vn -0 -0.06952 0.99758
vn -0 -0.13282 0.99114
vn -0 -0.25706 0.9664
vn -0 -0.31799 0.94809
vn -0 -0.4353 0.90028
vn -0 -0.49168 0.87078
vn -0 -0.59782 0.80163
vn -0 -0.64759 0.76199
vn -0 -0.73872 0.67401
vn -0 -0.78009 0.62567
vn -0 -0.85293 0.52202
vn -0 -0.8844 0.46673
vn -0 -0.93631 0.35117
vn -0 -0.95675 0.29092
vn -0 -0.98585 0.16763
vn -0 -0.99452 0.10459
vn -0 -0.99976 -0.02197
vn -0 -0.99634 -0.08551
vn -0 -0.97753 -0.21078
vn -0 -0.96215 -0.27252
vn -0 -0.91998 -0.39197
vn -0 -0.89319 -0.44969
vn 0 0.79837 0.60217
vn 0 0.72315 0.69069
vn 0 0.68167 0.73166
vn 0 0.59223 0.80577
vn 0 0.54427 0.83891
vn 0 0.44331 0.89637
vn 0 0.39032 0.92068
vn 0 0.28093 0.95973
vn 0 0.22452 0.97447
vn 0 0.11 0.99393
vn 0 0.05189 0.99865
vn -0 -0.06426 0.99793
vn -0 -0.12231 0.99249
vn -0 -0.23658 0.97161
vn -0 -0.2928 0.95618
vn -0 -0.4017 0.91577
vn -0 -0.45439 0.89081
vn -0 -0.55462 0.8321
vn -0 -0.60217 0.79837
vn -0 -0.69069 0.72315
vn -0 -0.73166 0.68167
vn -0 -0.80577 0.59223
vn -0 -0.83891 0.54427
vn -0 -0.89637 0.44331
vn -0 -0.92068 0.39032
vn -0 -0.95973 0.28093
vn -0 -0.97447 0.22452
vn -0 -0.99393 0.11
vn -0 -0.99865 0.05189
vn -0 -0.99793 -0.06426
vn -0 -0.99249 -0.12231
vn -0 -0.97161 -0.23658
vn -0 -0.95618 -0.2928
vn -0 -0.91577 -0.4017
vn -0 -0.89081 -0.45439
vn -0 -0.8321 -0.55462
vn -0 -0.79837 -0.60217
vn -0 -0.72315 -0.69069
vn -0 -0.68167 -0.73166
vn -0 -0.59223 -0.80577
vn -0 -0.54427 -0.83891
vn -0 -0.44331 -0.89637
vn -0 -0.39032 -0.92068
vn -0 -0.28093 -0.95973
vn -0 -0.22452 -0.97447
vn -0 -0.11 -0.99393
vn -0 -0.05189 -0.99865
vn 0 0.06426 -0.99793
vn 0 0.12231 -0.99249
vn 0 0.23658 -0.97161
vn 0 0.2928 -0.95618
vn 0 0.4017 -0.91577
vn 0 0.45439 -0.89081
vn 0 0.55462 -0.8321
vn 0 0.60217 -0.79837
vn 0 0.69069 -0.72315
vn 0 0.73166 -0.68167
vn 0 0.80577 -0.59223
vn 0 0.83891 -0.54427
vn 0 0.89637 -0.44331
vn 0 0.92068 -0.39032
vn 0 0.95973 -0.28093
vn 0 0.97447 -0.22452
vn 0 0.99393 -0.11
vn 0 0.99865 -0.05189
vn 0 0.99793 0.06426
vn 0 0.99249 0.12231
vn 0 0.97161 0.23658
vn 0 0.95618 0.2928
vn 0 0.91577 0.4017
vn 0 0.89081 0.45439
vn 0 0.8321 0.55462
vn 1 -0 -0
vn -0 -0.99189 0.12712
vn -0 -0.99976 -0.02185
vn -0 -0.99531 -0.09678
vn -0 -0.96983 -0.24377
vn -0 -0.94882 -0.31583
vn -0 -0.89127 -0.45347
vn -0 -0.85475 -0.51904
vn -0 -0.76802 -0.64042
vn -0 -0.71782 -0.69623
vn -0 -0.60626 -0.79527
vn -0 -0.5449 -0.8385
vn -0 -0.41409 -0.91023
vn -0 -0.34465 -0.93873
vn -0 -0.20117 -0.97956
vn -0 -0.12712 -0.99189
vn 0 0.02185 -0.99976
vn 0 0.09678 -0.99531
vn 0 0.24377 -0.96983
vn 0 0.31583 -0.94882
vn 0 0.45347 -0.89127
vn 0 0.51904 -0.85475
vn 0 0.64042 -0.76802
vn 0 0.69623 -0.71782
vn 0 0.79527 -0.60626
vn 0 0.8385 -0.5449
vn 0 0.91023 -0.41409
vn 0 0.93873 -0.34465
vn 0 0.97956 -0.20117
vn 0 0.99189 -0.12712
vn 0 0.99976 0.02185
vn 0 0.99531 0.09678
vn 0 0.96983 0.24377
vn 0 0.94882 0.31583
vn 0 0.89127 0.45347
vn 0 0.85475 0.51904
vn 0 0.76802 0.64042
vn 0 0.71782 0.69623
vn 0 0.60626 0.79527
vn 0 0.5449 0.8385
vn 0 0.41409 0.91023
vn 0 0.34465 0.93873
vn 0 0.20117 0.97956
vn 0 0.12712 0.99189
vn -0 -0.02185 0.99976
vn -0 -0.09678 0.99531
vn -0 -0.24377 0.96983
vn -0 -0.31583 0.94882
vn -0 -0.45347 0.89127
vn -0 -0.51904 0.85475
vn -0 -0.64042 0.76802
vn -0 -0.69623 0.71782
vn -0 -0.79527 0.60626
vn -0 -0.8385 0.5449
vn -0 -0.91023 0.41409
vn -0 -0.93873 0.34465
vn -0 -0.97956 0.20117
vn -0 -0.93562 0.35301
vn -0 -0.90263 0.43042
vn -0 -0.81844 0.5746
vn -0 -0.76723 0.64137
vn -0 -0.64983 0.76008
vn -0 -0.58362 0.81202
vn -0 -0.44039 0.89781
vn -0 -0.36335 0.93165
vn -0 -0.20327 0.97912
vn -0 -0.12024 0.99274
vn 0 0.04661 0.99891
vn 0 0.13042 0.99146
vn 0 0.29357 0.95594
vn 0 0.37289 0.92787
vn 0 0.52207 0.8529
vn 0 0.59193 0.80599
vn 0 0.71778 0.69627
vn 0 0.77378 0.63346
vn 0 0.86839 0.49589
vn 0 0.907 0.42113
vn 0 0.96443 0.26435
vn 0 0.98324 0.18234
vn 0 0.99987 0.0162
vn 0 0.99769 -0.06791
vn 0 0.97249 -0.23296
vn 0 0.94946 -0.31389
vn 0 0.884 -0.46749
vn 0 0.84157 -0.54015
vn 0 0.73997 -0.67264
vn 0 0.6808 -0.73247
vn 0 0.54944 -0.83553
vn 0 0.47725 -0.87877
vn 0 0.32439 -0.94592
vn 0 0.24371 -0.96985
vn 0 0.07895 -0.99688
vn -0 -0.00513 -0.99999
vn -0 -0.17144 -0.98519
vn -0 -0.25366 -0.96729
vn -0 -0.41106 -0.91161
vn -0 -0.48625 -0.87382
vn -0 -0.62485 -0.78074
vn -0 -0.68828 -0.72545
vn -0 -0.79939 -0.60082
vn -0 -0.84707 -0.53149
vn -0 -0.92369 -0.38314
vn -0 -0.95263 -0.30413
vn -0 -0.98995 -0.14139
vn -0 -0.99834 -0.05767
vn -0 -0.99402 0.10924
vn -0 -0.98131 0.19242
vn -1 0 0
vn 0 0.97723 -0.2122
vn 0 0.98874 -0.14963
vn 0 0.99973 -0.02342
vn 0 0.99919 0.0402
vn 0 0.98609 0.1662
vn 0 0.97353 0.22857
vn 0 0.93682 0.34981
vn 0 0.91268 0.40868
vn 0 0.85369 0.52079
vn 0 0.81884 0.57402
vn 0 0.7397 0.67294
vn 0 0.69541 0.71861
vn 0 0.59898 0.80076
vn 0 0.54684 0.83724
vn 0 0.43661 0.89965
vn 0 0.37851 0.9256
vn 0 0.25846 0.96602
vn 0 0.1965 0.9805
vn 0 0.07097 0.99748
vn 0 0.00739 0.99997
vn -0 -0.11909 0.99288
vn -0 -0.18199 0.9833
vn -0 -0.30484 0.9524
vn -0 -0.36479 0.93109
vn -0 -0.47958 0.8775
vn -0 -0.53441 0.84523
vn -0 -0.63698 0.77088
vn -0 -0.68471 0.72881
vn -0 -0.77136 0.6364
vn -0 -0.81027 0.58606
vn -0 -0.87786 0.47892
vn -0 -0.90654 0.42213
vn -0 -0.95263 0.30413
vn -0 -0.97004 0.24293
vn -0 -0.99297 0.11835
vn -0 -0.99849 0.05496
vn -0 -0.99743 -0.07171
vn -0 -0.99085 -0.135
vn -0 -0.96583 -0.25918
vn -0 -0.94739 -0.32008
vn -0 -0.89933 -0.43728
vn -0 -0.8697 -0.49359
vn -0 -0.80032 -0.59958
vn -0 -0.76057 -0.64926
vn -0 -0.67238 -0.7402
vn -0 -0.62395 -0.78146
vn -0 -0.52015 -0.85408
vn -0 -0.46478 -0.88543
vn -0 -0.34911 -0.93708
vn -0 -0.28881 -0.95738
vn -0 -0.16546 -0.98622
vn -0 -0.10241 -0.99474
vn 0 0.02417 -0.99971
vn 0 0.0877 -0.99615
vn 0 0.21293 -0.97707
vn 0 0.27463 -0.96155
vn 0 0.39399 -0.91911
vn 0 0.45165 -0.8922
vn 0 0.56082 -0.82794
vn 0 0.61233 -0.7906
vn 0 0.70737 -0.70684
vn 0 0.75089 -0.66043
vn 0 0.82836 -0.5602
vn 0 0.86231 -0.50639
vn 0 0.91941 -0.39331
vn 0 0.94256 -0.33404
vn 0 0.8385 -0.5449
vn 0 0.69623 -0.71782
vn 0 0.51904 -0.85475
vn 0 0.45347 -0.89127
vn 0 0.24377 -0.96983
vn 0 0.02185 -0.99976
vn -0 -0.5449 -0.8385
vn -0 -0.71782 -0.69623
vn -0 -0.85475 -0.51904
vn -0 -0.89127 -0.45347
vn -0 -0.96983 -0.24377
vn -0 -0.99976 -0.02185
vn -0 -0.8385 0.5449
vn -0 -0.69623 0.71782
vn -0 -0.51904 0.85475
vn -0 -0.45347 0.89127
vn -0 -0.24377 0.96983
vn -0 -0.02185 0.99976
vn 0 0.5449 0.8385
vn 0 0.71782 0.69623
vn 0 0.85475 0.51904
vn 0 0.89127 0.45347
vn 0 0.96983 0.24377
vn 0 0.99976 0.02185
vn 0 0.92586 -0.37787
vn 0 0.87872 -0.47733
vn 0 0.85104 -0.52511
vn 0 0.78817 -0.61545
vn 0 0.753 -0.65802
vn 0 0.67612 -0.73679
vn 0 0.63442 -0.77299
vn 0 0.54563 -0.83803
vn 0 0.49854 -0.86687
vn 0 0.40025 -0.9164
vn 0 0.34906 -0.9371
vn 0 0.24396 -0.96979
vn 0 0.19006 -0.98177
vn 0 0.08101 -0.99671
vn 0 0.02587 -0.99967
vn -0 -0.08415 -0.99645
vn -0 -0.13902 -0.99029
vn -0 -0.24701 -0.96901
vn -0 -0.30012 -0.9539
vn -0 -0.40314 -0.91514
vn -0 -0.45304 -0.89149
vn -0 -0.54826 -0.8363
vn -0 -0.59359 -0.80477
vn -0 -0.67844 -0.73466
vn -0 -0.71796 -0.69609
vn -0 -0.79011 -0.61297
vn -0 -0.82274 -0.56842
vn -0 -0.88022 -0.47456
vn -0 -0.90508 -0.42525
vn -0 -0.94633 -0.32321
vn -0 -0.96273 -0.27048
vn -0 -0.98662 -0.16304
vn -0 -0.99411 -0.10833
vn -0 -1 0.00157
vn -0 -0.99839 0.05677
vn -0 -0.9861 0.16615
vn -0 -0.97543 0.22033
vn -0 -0.94531 0.32619
vn -0 -0.92586 0.37787
vn -0 -0.87872 0.47733
vn -0 -0.85104 0.52511
vn -0 -0.78817 0.61545
vn -0 -0.753 0.65802
vn -0 -0.67612 0.73679
vn -0 -0.63442 0.77299
vn -0 -0.54563 0.83803
vn -0 -0.49854 0.86687
vn -0 -0.40025 0.9164
vn -0 -0.34906 0.9371
vn -0 -0.24396 0.96979
vn -0 -0.19006 0.98177
vn -0 -0.08101 0.99671
vn -0 -0.02587 0.99967
vn 0 0.08415 0.99645
vn 0 0.13902 0.99029
vn 0 0.24701 0.96901
vn 0 0.30012 0.9539
vn 0 0.40314 0.91514
vn 0 0.45304 0.89149
vn 0 0.54826 0.8363
vn 0 0.59359 0.80477
vn 0 0.67844 0.73466
vn 0 0.71796 0.69609
vn 0 0.79011 0.61297
vn 0 0.82274 0.56842
vn 0 0.88022 0.47456
vn 0 0.90508 0.42525
vn 0 0.94633 0.32321
vn 0 0.96273 0.27048
vn 0 0.98662 0.16304
vn 0 0.99411 0.10833
vn 0 1 -0.00157
vn 0 0.99839 -0.05677
vn 0 0.9861 -0.16615
vn 0 0.97543 -0.22033
vn 0 0.94531 -0.32619
vn -0 -0.94256 0.33404
vn -0 -0.91941 0.39331
vn -0 -0.86231 0.50639
vn -0 -0.82836 0.5602
vn -0 -0.75089 0.66043
vn -0 -0.70737 0.70684
vn -0 -0.61233 0.7906
vn -0 -0.56082 0.82794
vn -0 -0.45165 0.8922
vn -0 -0.39399 0.91911
vn -0 -0.27463 0.96155
vn -0 -0.21293 0.97707
vn -0 -0.0877 0.99615
vn -0 -0.02417 0.99971
vn 0 0.10241 0.99474
vn 0 0.16546 0.98622
vn 0 0.28881 0.95738
vn 0 0.34911 0.93708
vn 0 0.46478 0.88543
vn 0 0.52015 0.85408
vn 0 0.62395 0.78146
vn 0 0.67238 0.7402
vn 0 0.76057 0.64926
vn 0 0.80032 0.59958
vn 0 0.8697 0.49359
vn 0 0.89933 0.43728
vn 0 0.94739 0.32008
vn 0 0.96583 0.25918
vn 0 0.99085 0.135
vn 0 0.99743 0.07171
vn 0 0.99849 -0.05496
vn 0 0.99297 -0.11835
vn 0 0.97004 -0.24293
vn 0 0.95263 -0.30413
vn 0 0.90654 -0.42213
vn 0 0.87786 -0.47892
vn 0 0.81027 -0.58606
vn 0 0.77136 -0.6364
vn 0 0.68471 -0.72881
vn 0 0.63698 -0.77088
vn 0 0.53441 -0.84523
vn 0 0.47958 -0.8775
vn 0 0.36479 -0.93109
vn 0 0.30484 -0.9524
vn 0 0.18199 -0.9833
vn 0 0.11909 -0.99288
vn -0 -0.00739 -0.99997
vn -0 -0.07097 -0.99748
vn -0 -0.1965 -0.9805
vn -0 -0.25846 -0.96602
vn -0 -0.37851 -0.9256
vn -0 -0.43661 -0.89965
vn -0 -0.54684 -0.83724
vn -0 -0.59898 -0.80076
vn -0 -0.69541 -0.71861
vn -0 -0.7397 -0.67294
vn -0 -0.81884 -0.57402
vn -0 -0.85369 -0.52079
vn -0 -0.91268 -0.40868
vn -0 -0.93682 -0.34981
vn -0 -0.97353 -0.22857
vn -0 -0.98609 -0.1662
vn -0 -0.99919 -0.0402
vn -0 -0.99973 0.02342
vn -0 -0.98874 0.14963
vn -0 -0.97723 0.2122
vn 0 0.92352 -0.38354
vn 0 0.87282 -0.48805
vn 0 0.84289 -0.53808
vn 0 0.77481 -0.6322
vn 0 0.73665 -0.67628
vn 0 0.65326 -0.75714
vn 0 0.60802 -0.79392
vn 0 0.51186 -0.85907
vn 0 0.46092 -0.88744
vn 0 0.3549 -0.9349
vn 0 0.29982 -0.954
vn 0 0.18717 -0.98233
vn 0 0.1296 -0.99157
vn 0 0.01375 -0.99991
vn -0 -0.04455 -0.99901
vn -0 -0.16009 -0.9871
vn -0 -0.21735 -0.97609
vn -0 -0.32907 -0.94431
vn -0 -0.38354 -0.92352
vn -0 -0.48805 -0.87282
vn -0 -0.53808 -0.84289
vn -0 -0.6322 -0.77481
vn -0 -0.67628 -0.73665
vn -0 -0.75714 -0.65326
vn -0 -0.79392 -0.60802
vn -0 -0.85907 -0.51186
vn -0 -0.88744 -0.46092
vn -0 -0.9349 -0.3549
vn -0 -0.954 -0.29982
vn -0 -0.98233 -0.18717
vn -0 -0.99157 -0.1296
vn -0 -0.99991 -0.01375
vn -0 -0.99901 0.04455
vn -0 -0.9871 0.16009
vn -0 -0.97609 0.21735
vn -0 -0.94431 0.32907
vn -0 -0.92352 0.38354
vn -0 -0.87282 0.48805
vn -0 -0.84289 0.53808
vn -0 -0.77481 0.6322
vn -0 -0.73665 0.67628
vn -0 -0.65326 0.75714
vn -0 -0.60802 0.79392
vn -0 -0.51186 0.85907
vn -0 -0.46092 0.88744
vn -0 -0.3549 0.9349
vn -0 -0.29982 0.954
vn -0 -0.18717 0.98233
vn -0 -0.1296 0.99157
vn -0 -0.01375 0.99991
vn 0 0.04455 0.99901
vn 0 0.16009 0.9871
vn 0 0.21735 0.97609
vn 0 0.32907 0.94431
vn 0 0.38354 0.92352
vn 0 0.48805 0.87282
vn 0 0.53808 0.84289
vn 0 0.6322 0.77481
vn 0 0.67628 0.73665
vn 0 0.75714 0.65326
vn 0 0.79392 0.60802
vn 0 0.85907 0.51186
vn 0 0.88744 0.46092
vn 0 0.9349 0.3549
vn 0 0.954 0.29982
vn 0 0.98233 0.18717
vn 0 0.99157 0.1296
vn 0 0.99991 0.01375
vn 0 0.99901 -0.04455
vn 0 0.9871 -0.16009
vn 0 0.97609 -0.21735
vn 0 0.94431 -0.32907
vn 0 1 0
vn -0 -1 -0
vn -0 0 -1
vn 0.99456 -0 -0.10414
vn 0.97807 -0 -0.20829
vn 0.9137 -0 -0.40638
vn 0.86583 -0 -0.50033
vn 0.7434 -0 -0.66884
vn 0.66884 -0 -0.7434
vn 0.50033 -0 -0.86583
vn 0.40638 -0 -0.9137
vn 0.20829 -0 -0.97807
vn 0.10414 -0 -0.99456
vn -0.10414 0 -0.99456
vn -0.20829 0 -0.97807
vn -0.40638 0 -0.9137
vn -0.50033 0 -0.86583
vn -0.66884 0 -0.7434
vn -0.7434 0 -0.66884
vn -0.86583 0 -0.50033
vn -0.9137 0 -0.40638
vn -0.97807 0 -0.20829
vn -0.99456 0 -0.10414
vn 0 -0 1
vn 0.99456 -0 0.10414
vn 0.97807 -0 0.20829
vn 0.9137 -0 0.40638
vn 0.86583 -0 0.50033
vn 0.7434 -0 0.66884
vn 0.66884 -0 0.7434
vn 0.50033 -0 0.86583
vn 0.40638 -0 0.9137
vn 0.20829 -0 0.97807
vn 0.10414 -0 0.99456
vn -0.10414 0 0.99456
vn -0.20829 0 0.97807
vn -0.40638 0 0.9137
vn -0.50033 0 0.86583
vn -0.66884 0 0.7434
vn -0.7434 0 0.66884
vn -0.86583 0 0.50033
vn -0.9137 0 0.40638
vn -0.97807 0 0.20829
vn -0.99456 0 0.10414
vn 1 -0 -0
vn -1 0 0
vn 0 0.39179 0.92005
vn 0 0.43153 0.9021
vn 0 0.55269 0.83339
vn 0 0.60966 0.79266
vn 0 0.71388 0.70026
vn 0 0.76114 0.64859
vn 0 0.8295 0.55851
vn 0 0.86647 0.49924
vn 0 0.88732 0.46115
vn -0 -0.39179 -0.92005
vn -0 -0.43153 -0.9021
vn -0 -0.55269 -0.83339
vn -0 -0.60966 -0.79266
vn -0 -0.71388 -0.70026
vn -0 -0.76114 -0.64859
vn -0 -0.8295 -0.55851
vn -0 -0.86647 -0.49924
vn -0 -0.88732 -0.46115
vn -0 -0.89917 -0.4376
vn -0 -0.93699 -0.34936
vn -0 -0.95914 -0.28293
vn -0 -0.98915 -0.14692
vn -0 -0.99701 -0.07733
vn -0 -0.99808 0.06195
vn -0 -0.9913 0.13165
vn -0 -0.96339 0.26811
vn -0 -0.94226 0.33487
vn -0 -0.88659 0.46255
vn -0 -0.85205 0.52346
vn -0 -0.77105 0.63678
vn -0 -0.7246 0.68917
vn -0 -0.62181 0.78317
vn -0 -0.56547 0.82477
vn -0 -0.44539 0.89534
vn -0 -0.38164 0.92431
vn -0 -0.2495 0.96837
vn -0 -0.18112 0.98346
vn -0 -0.04272 0.99909
vn 0 0.02731 0.99963
vn 0 0.16594 0.98614
vn 0 0.23455 0.97211
vn 0 0.32668 0.94513
vn 0 0.35148 0.9362
vn 0 0.89917 0.4376
vn 0 0.93699 0.34936
vn 0 0.95914 0.28293
vn 0 0.98915 0.14692
vn 0 0.99701 0.07733
vn 0 0.99808 -0.06195
vn 0 0.9913 -0.13165
vn 0 0.96339 -0.26811
vn 0 0.94226 -0.33487
vn 0 0.88659 -0.46255
vn 0 0.85205 -0.52346
vn 0 0.77105 -0.63678
vn 0 0.7246 -0.68917
vn 0 0.62181 -0.78317
vn 0 0.56547 -0.82477
vn 0 0.44539 -0.89534
vn 0 0.38164 -0.92431
vn 0 0.2495 -0.96837
vn 0 0.18112 -0.98346
vn 0 0.04272 -0.99909
vn -0 -0.02731 -0.99963
vn -0 -0.16594 -0.98614
vn -0 -0.23455 -0.97211
vn -0 -0.32668 -0.94513
vn -0 -0.35148 -0.9362
vn 0 0.74828 -0.66338
vn -0 -0.74828 0.66338
vn -0 -0.63148 -0.77539
vn -0 -0.69412 -0.71986
vn -0 -0.72369 -0.69013
vn -0 -0.80434 -0.59416
vn -0 -0.85145 -0.52444
vn -0 -0.92684 -0.37546
vn -0 -0.95512 -0.29622
vn -0 -0.99109 -0.13317
vn -0 -0.99878 -0.04938
vn -0 -0.99307 0.11749
vn -0 -0.97968 0.20056
vn -0 -0.93266 0.36076
vn -0 -0.89903 0.43789
vn -0 -0.81364 0.58137
vn -0 -0.76188 0.64772
vn -0 -0.6435 0.76545
vn -0 -0.57687 0.81684
vn -0 -0.43292 0.90143
vn -0 -0.3556 0.93464
vn -0 -0.19514 0.98078
vn -0 -0.112 0.99371
vn 0 0.0549 0.99849
vn 0 0.13865 0.99034
vn 0 0.30149 0.95347
vn 0 0.38058 0.92475
vn 0 0.52913 0.84854
vn 0 0.5986 0.80105
vn 0 0.72353 0.69029
vn 0 0.77901 0.62702
vn 0 0.87247 0.48867
vn 0 0.91046 0.41359
vn 0 0.96659 0.25634
vn 0 0.98472 0.17417
vn 0 0.99997 0.00791
vn 0 0.99709 -0.07619
vn 0 0.97052 -0.24102
vn 0 0.94682 -0.32176
vn 0 0.88009 -0.47481
vn 0 0.83705 -0.54712
vn 0 0.73436 -0.67876
vn 0 0.67469 -0.7381
vn 0 0.54249 -0.84007
vn 0 0.46994 -0.8827
vn 0 0.31653 -0.94858
vn 0 0.23566 -0.97184
vn 0 0.07068 -0.9975
vn -0 -0.01343 -0.99991
vn -0 -0.17961 -0.98374
vn -0 -0.26168 -0.96516
vn -0 -0.41861 -0.90816
vn -0 -0.49348 -0.86976
vn -0 -0.59842 -0.80118
vn 0.71031 0.55831 0.42866
vn 0.71031 0.62916 0.31561
vn 0.71031 0.65646 0.254
vn 0.71031 0.6926 0.12557
vn 0.71031 0.70143 0.05876
vn 0.71031 0.69992 -0.07464
vn 0.71031 0.68957 -0.14123
vn 0.71031 0.65054 -0.26881
vn 0.71031 0.62185 -0.32979
vn 0.71031 0.54846 -0.4412
vn 0.71031 0.50375 -0.49163
vn 0.71031 0.40194 -0.57784
vn 0.71031 0.34484 -0.61363
vn 0.71031 0.22286 -0.66768
vn 0.71031 0.15799 -0.68593
vn 0.71031 0.02573 -0.70342
vn 0.71031 -0.04166 -0.70265
vn 0.71031 -0.17349 -0.68217
vn 0.71031 -0.23793 -0.66245
vn 0.71031 -0.35865 -0.60566
vn 0.71031 -0.41493 -0.56859
vn 0.71031 -0.51476 -0.48008
vn 0.71031 -0.55831 -0.42866
vn 0.71031 -0.62916 -0.31561
vn 0.71031 -0.65646 -0.254
vn 0.71031 -0.6926 -0.12557
vn 0.71031 -0.70143 -0.05876
vn 0.71031 -0.69992 0.07464
vn 0.71031 -0.68957 0.14123
vn 0.71031 -0.65054 0.26881
vn 0.71031 -0.62185 0.32979
vn 0.71031 -0.54846 0.4412
vn 0.71031 -0.50375 0.49163
vn 0.71031 -0.40194 0.57784
vn 0.71031 -0.34484 0.61363
vn 0.71031 -0.22286 0.66768
vn 0.71031 -0.15799 0.68593
vn 0.71031 -0.02573 0.70342
vn 0.71031 0.04166 0.70265
vn 0.71031 0.17349 0.68217
vn 0.71031 0.23793 0.66245
vn 0.71031 0.35865 0.60566
vn 0.71031 0.41493 0.56859
vn 0.71031 0.51476 0.48008
vn 0 0.79318 0.60898
vn 0 0.89384 0.44838
vn 0 0.93262 0.36085
vn 0 0.98396 0.1784
vn 0 0.99651 0.08348
vn 0 0.99436 -0.10604
vn 0 0.97966 -0.20065
vn 0 0.92421 -0.38189
vn 0 0.88345 -0.46852
vn 0 0.77918 -0.6268
vn 0 0.71567 -0.69844
vn 0 0.57103 -0.82093
vn 0 0.4899 -0.87178
vn 0 0.31661 -0.94855
vn 0 0.22445 -0.97449
vn 0 0.03655 -0.99933
vn -0 -0.05919 -0.99825
vn -0 -0.24647 -0.96915
vn -0 -0.33803 -0.94114
vn -0 -0.50953 -0.86045
vn -0 -0.58948 -0.80778
vn -0 -0.73131 -0.68205
vn -0 -0.79318 -0.60898
vn -0 -0.89384 -0.44838
vn -0 -0.93262 -0.36085
vn -0 -0.98396 -0.1784
vn -0 -0.99651 -0.08348
vn -0 -0.99436 0.10604
vn -0 -0.97966 0.20065
vn -0 -0.92421 0.38189
vn -0 -0.88345 0.46852
vn -0 -0.77918 0.6268
vn -0 -0.71567 0.69844
vn -0 -0.57103 0.82093
vn -0 -0.4899 0.87178
vn -0 -0.31661 0.94855
vn -0 -0.22445 0.97449
vn -0 -0.03655 0.99933
vn 0 0.05919 0.99825
vn 0 0.24647 0.96915
vn 0 0.33803 0.94114
vn 0 0.50953 0.86045
vn 0 0.58948 0.80778
vn 0 0.73131 0.68205
vn -1 0 0
vn 1 -0 -0
vn -0 -0.81897 0.57383
vn -0 -0.84321 0.53758
vn -0 -0.90973 0.4152
vn -0 -0.93655 0.35052
vn -0 -0.97617 0.21699
vn -0 -0.98897 0.14814
vn -0 -0.99937 0.03554
vn -0 -0.99941 -0.03432
vn -0 -0.99698 -0.07767
vn 0 0.81897 -0.57383
vn 0 0.84321 -0.53758
vn 0 0.90973 -0.4152
vn 0 0.93655 -0.35052
vn 0 0.97617 -0.21699
vn 0 0.98897 -0.14814
vn 0 0.99937 -0.03554
vn 0 0.99941 0.03432
vn 0 0.99698 0.07767
vn 0 0.99459 0.10392
vn 0 0.98004 0.19882
vn 0 0.96372 0.26692
vn 0 0.91728 0.39823
vn 0 0.88717 0.46145
vn 0 0.81444 0.58025
vn 0 0.77184 0.63582
vn 0 0.676 0.7369
vn 0 0.62278 0.7824
vn 0 0.50802 0.86134
vn 0 0.4465 0.89478
vn 0 0.31784 0.94815
vn 0 0.2507 0.96806
vn 0 0.11376 0.99351
vn 0 0.04395 0.99903
vn -0 -0.09529 0.99545
vn -0 -0.16472 0.98634
vn -0 -0.30017 0.95389
vn -0 -0.36619 0.93054
vn -0 -0.49193 0.87063
vn -0 -0.55166 0.83407
vn -0 -0.6622 0.74933
vn -0 -0.71302 0.70115
vn -0 -0.77697 0.62954
vn -0 -0.79329 0.60885
vn -0 -0.99459 -0.10392
vn -0 -0.98004 -0.19882
vn -0 -0.96372 -0.26692
vn -0 -0.91728 -0.39823
vn -0 -0.88717 -0.46145
vn -0 -0.81444 -0.58025
vn -0 -0.77184 -0.63582
vn -0 -0.676 -0.7369
vn -0 -0.62278 -0.7824
vn -0 -0.50802 -0.86134
vn -0 -0.4465 -0.89478
vn -0 -0.31784 -0.94815
vn -0 -0.2507 -0.96806
vn -0 -0.11376 -0.99351
vn -0 -0.04395 -0.99903
vn 0 0.09529 -0.99545
vn 0 0.16472 -0.98634
vn 0 0.30017 -0.95389
vn 0 0.36619 -0.93054
vn 0 0.49193 -0.87063
vn 0 0.55166 -0.83407
vn 0 0.6622 -0.74933
vn 0 0.71302 -0.70115
vn 0 0.77697 -0.62954
vn 0 0.79329 -0.60885
vn -0 -0.28445 -0.95869
vn 0 0.28445 0.95869
vn 0 0.94595 -0.32432
vn 0 0.96976 -0.24407
vn 0 0.97914 -0.2032
vn 0 0.99687 -0.0791
vn 0 0.99999 0.00498
vn 0 0.98522 0.17129
vn 0 0.96733 0.25351
vn 0 0.91167 0.41093
vn 0 0.87389 0.48612
vn 0 0.78083 0.62474
vn 0 0.72555 0.68817
vn 0 0.60094 0.7993
vn 0 0.53161 0.84699
vn 0 0.38328 0.92363
vn 0 0.30427 0.95258
vn 0 0.14154 0.98993
vn 0 0.05782 0.99833
vn -0 -0.10909 0.99403
vn -0 -0.19228 0.98134
vn -0 -0.35287 0.93567
vn -0 -0.43028 0.90269
vn -0 -0.57448 0.81852
vn -0 -0.64126 0.76733
vn -0 -0.75999 0.64994
vn -0 -0.81194 0.58375
vn -0 -0.89774 0.44052
vn -0 -0.9316 0.36349
vn -0 -0.97909 0.20342
vn -0 -0.99273 0.12039
vn -0 -0.99892 -0.04646
vn -0 -0.99148 -0.13028
vn -0 -0.95598 -0.29342
vn -0 -0.92793 -0.37275
vn -0 -0.85298 -0.52195
vn -0 -0.80608 -0.59181
vn -0 -0.69638 -0.71768
vn -0 -0.63358 -0.77368
vn -0 -0.49602 -0.86831
vn -0 -0.42126 -0.90694
vn -0 -0.2645 -0.96439
vn -0 -0.18248 -0.98321
vn -0 -0.01635 -0.99987
vn 0 0.06776 -0.9977
vn 0 0.23282 -0.97252
vn 0 0.31375 -0.9495
vn 0 0.46736 -0.88407
vn 0 0.54003 -0.84165
vn 0 0.67253 -0.74007
vn 0 0.73237 -0.68091
vn 0 0.83545 -0.54956
vn 0 0.8787 -0.47738
vn 0 0.93152 -0.36369
vn -0.71031 -0.70053 0.06869
vn -0.71031 -0.70091 -0.06472
vn -0.71031 -0.6915 -0.13146
vn -0.71031 -0.65428 -0.25957
vn -0.71031 -0.62646 -0.32095
vn -0.71031 -0.55465 -0.43339
vn -0.71031 -0.51066 -0.48444
vn -0.71031 -0.41008 -0.57209
vn -0.71031 -0.35349 -0.60869
vn -0.71031 -0.23229 -0.66445
vn -0.71031 -0.16768 -0.68362
vn -0.71031 -0.03568 -0.70298
vn -0.71031 0.03171 -0.70317
vn -0.71031 0.16381 -0.68456
vn -0.71031 0.22853 -0.66576
vn -0.71031 0.35004 -0.61068
vn -0.71031 0.40684 -0.57441
vn -0.71031 0.50791 -0.48732
vn -0.71031 0.55219 -0.43652
vn -0.71031 0.62463 -0.32449
vn -0.71031 0.6528 -0.26327
vn -0.71031 0.69075 -0.13537
vn -0.71031 0.70053 -0.06869
vn -0.71031 0.70091 0.06472
vn -0.71031 0.6915 0.13146
vn -0.71031 0.65428 0.25957
vn -0.71031 0.62646 0.32095
vn -0.71031 0.55465 0.43339
vn -0.71031 0.51066 0.48444
vn -0.71031 0.41008 0.57209
vn -0.71031 0.35349 0.60869
vn -0.71031 0.23229 0.66445
vn -0.71031 0.16768 0.68362
vn -0.71031 0.03568 0.70298
vn -0.71031 -0.03171 0.70317
vn -0.71031 -0.16381 0.68456
vn -0.71031 -0.22853 0.66576
vn -0.71031 -0.35004 0.61068
vn -0.71031 -0.40684 0.57441
vn -0.71031 -0.50791 0.48732
vn -0.71031 -0.55219 0.43652
vn -0.71031 -0.62463 0.32449
vn -0.71031 -0.6528 0.26327
vn -0.71031 -0.69075 0.13537
vn -0 -0.99523 0.09758
vn -0 -0.99576 -0.09195
vn -0 -0.98241 -0.18676
vn -0 -0.92952 -0.36877
vn -0 -0.89 -0.45597
vn -0 -0.78798 -0.61571
vn -0 -0.72548 -0.68824
vn -0 -0.58259 -0.81276
vn -0 -0.5022 -0.86475
vn -0 -0.33001 -0.94398
vn -0 -0.23823 -0.97121
vn -0 -0.0507 -0.99871
vn 0 0.04505 -0.99898
vn 0 0.23273 -0.97254
vn 0 0.32467 -0.94583
vn 0 0.4973 -0.86758
vn 0 0.57799 -0.81605
vn 0 0.72158 -0.69233
vn 0 0.78448 -0.62015
vn 0 0.8874 -0.461
vn 0 0.92742 -0.37402
vn 0 0.98133 -0.19231
vn 0 0.99523 -0.09758
vn 0 0.99576 0.09195
vn 0 0.98241 0.18676
vn 0 0.92952 0.36877
vn 0 0.89 0.45597
vn 0 0.78798 0.61571
vn 0 0.72548 0.68824
vn 0 0.58259 0.81276
vn 0 0.5022 0.86475
vn 0 0.33001 0.94398
vn 0 0.23823 0.97121
vn 0 0.0507 0.99871
vn -0 -0.04505 0.99898
vn -0 -0.23273 0.97254
vn -0 -0.32467 0.94583
vn -0 -0.4973 0.86758
vn -0 -0.57799 0.81605
vn -0 -0.72158 0.69233
vn -0 -0.78448 0.62015
vn -0 -0.8874 0.461
vn -0 -0.92742 0.37402
vn -0 -0.98133 0.19231
vn -0 0 -1
vn -0 -1 -0
vn 0 -0 1
vn 1 -0 -0
vn 0.10414 -0 0.99456
vn 0.20829 -0 0.97807
vn 0.40638 -0 0.9137
vn 0.50033 -0 0.86583
vn 0.66884 -0 0.7434
vn 0.7434 -0 0.66884
vn 0.86583 -0 0.50033
vn 0.9137 -0 0.40638
vn 0.97807 -0 0.20829
vn 0.99456 -0 0.10414
vn -0.99456 0 0.10414
vn -0.97807 0 0.20829
vn -0.9137 0 0.40638
vn -0.86583 0 0.50033
vn -0.7434 0 0.66884
vn -0.66884 0 0.7434
vn -0.50033 0 0.86583
vn -0.40638 0 0.9137
vn -0.20829 0 0.97807
vn -0.10414 0 0.99456
vn 0.98512 -0 -0.17186
vn 0.93907 -0 -0.34372
vn 0.76721 -0 -0.6414
vn 0.6414 -0 -0.76721
vn 0.34372 -0 -0.93907
vn 0.17186 -0 -0.98512
vn -0.17186 0 -0.98512
vn -0.34372 0 -0.93907
vn -0.6414 0 -0.76721
vn -0.76721 0 -0.6414
vn -0.93907 0 -0.34372
vn -0.98512 0 -0.17186
vn -0.98512 0 0.17186
vn -0.93907 0 0.34372
vn -0.76721 0 0.6414
vn -0.6414 0 0.76721
vn -0.34372 0 0.93907
vn -0.17186 0 0.98512
vn 0.17186 -0 0.98512
vn 0.34372 -0 0.93907
vn 0.6414 -0 0.76721
vn 0.76721 -0 0.6414
vn 0.93907 -0 0.34372
vn 0.98512 -0 0.17186
vn 0.98512 -0 -0.17186
vn 0.93907 -0 -0.34372
vn 0.76721 -0 -0.6414
vn 0.6414 -0 -0.76721
vn 0.34372 -0 -0.93907
vn 0.17186 -0 -0.98512
vn -0.17186 0 -0.98512
vn -0.34372 0 -0.93907
vn -0.6414 0 -0.76721
vn -0.76721 0 -0.6414
vn -0.93907 0 -0.34372
vn -0.98512 0 -0.17186
vn -0.98512 0 0.17186
vn -0.93907 0 0.34372
vn -0.76721 0 0.6414
vn -0.6414 0 0.76721
vn -0.34372 0 0.93907
vn -0.17186 0 0.98512
vn 0.17186 -0 0.98512
vn 0.34372 -0 0.93907
vn 0.6414 -0 0.76721
vn 0.76721 -0 0.6414
vn 0.93907 -0 0.34372
vn 0.98512 -0 0.17186
vn 0 -0 1
vn 0.12978 -0 -0.99154
vn 0.25955 -0 -0.96573
vn 0.49934 -0 -0.8664
vn 0.60936 -0 -0.79289
vn 0.79289 -0 -0.60936
vn 0.8664 -0 -0.49934
vn 0.96573 -0 -0.25955
vn 0.99154 -0 -0.12978
vn -0.99154 0 -0.12978
vn -0.96573 0 -0.25955
vn -0.8664 0 -0.49934
vn -0.79289 0 -0.60936
vn -0.60936 0 -0.79289
vn -0.49934 0 -0.8664
vn -0.25955 0 -0.96573
vn -0.12978 0 -0.99154
vn -1 0 0
vn -0.99154 0 0.12978
vn -0.96573 0 0.25955
vn -0.8664 0 0.49934
vn -0.79289 0 0.60936
vn -0.60936 0 0.79289
vn -0.49934 0 0.8664
vn -0.25955 0 0.96573
vn -0.12978 0 0.99154
vn 0.12978 -0 0.99154
vn 0.25955 -0 0.96573
vn 0.49934 -0 0.8664
vn 0.60936 -0 0.79289
vn 0.79289 -0 0.60936
vn 0.8664 -0 0.49934
vn 0.96573 -0 0.25955
vn 0.99154 -0 0.12978
f 1//1 2//1 3//1
f 3//1 4//1 1//1
f 1//1 4//1 5//1
f 1//1 5//1 6//1
f 7//1 2//1 8//1
f 9//1 10//1 8//1
f 8//1 10//1 11//1
f 8//1 11//1 7//1
f 12//1 13//1 14//1
f 14//1 15//1 12//1
f 12//1 15//1 16//1
f 12//1 16//1 9//1
f 17//1 18//1 19//1
f 19//1 20//1 17//1
f 17//1 20//1 21//1
f 17//1 21//1 13//1
f 22//1 18//1 23//1
f 24//1 25//1 23//1
f 23//1 25//1 26//1
f 23//1 26//1 22//1
f 27//1 6//1 28//1
f 28//1 29//1 27//1
f 27//1 29//1 30//1
f 27//1 30//1 24//1
f 31//1 32//1 33//1
f 34//1 35//1 36//1
f 36//1 35//1 37//1
f 38//1 39//1 40//1
f 40//1 39//1 41//1
f 40//1 41//1 42//1
f 43//1 44//1 45//1
f 45//1 44//1 46//1
f 42//1 47//1 40//1
f 40//1 47//1 48//1
f 40//1 48//1 31//1
f 31//1 48//1 49//1
f 31//1 49//1 32//1
f 50//1 51//1 52//1
f 52//1 51//1 53//1
f 52//1 53//1 54//1
f 54//1 55//1 52//1
f 52//1 55//1 56//1
f 52//1 56//1 36//1
f 36//1 56//1 57//1
f 36//1 57//1 34//1
f 58//1 59//1 60//1
f 60//1 61//1 58//1
f 58//1 61//1 62//1
f 58//1 62//1 52//1
f 52//1 62//1 63//1
f 52//1 63//1 50//1
f 64//1 65//1 58//1
f 58//1 65//1 66//1
f 58//1 66//1 59//1
f 33//1 67//1 31//1
f 31//1 67//1 68//1
f 31//1 68//1 69//1
f 69//1 70//1 31//1
f 31//1 70//1 71//1
f 31//1 71//1 45//1
f 45//1 71//1 72//1
f 45//1 72//1 43//1
f 37//1 73//1 36//1
f 36//1 73//1 74//1
f 36//1 74//1 40//1
f 40//1 74//1 75//1
f 40//1 75//1 38//1
f 46//1 76//1 45//1
f 45//1 76//1 77//1
f 45//1 77//1 58//1
f 58//1 77//1 78//1
f 58//1 78//1 64//1
f 79//2 80//2 81//2
f 81//2 80//2 82//2
f 81//2 82//2 83//2
f 83//2 82//2 84//2
f 83//2 84//2 85//2
f 86//2 87//2 88//2
f 88//2 87//2 89//2
f 88//2 89//2 90//2
f 90//2 89//2 91//2
f 90//2 91//2 79//2
f 79//2 91//2 92//2
f 79//2 92//2 80//2
f 93//2 94//2 95//2
f 95//2 94//2 96//2
f 95//2 96//2 86//2
f 86//2 96//2 97//2
f 86//2 97//2 87//2
f 98//2 99//2 100//2
f 100//2 99//2 101//2
f 100//2 101//2 102//2
f 102//2 101//2 103//2
f 102//2 103//2 93//2
f 93//2 103//2 104//2
f 93//2 104//2 94//2
f 105//2 106//2 107//2
f 107//2 106//2 108//2
f 107//2 108//2 109//2
f 109//2 108//2 110//2
f 109//2 110//2 98//2
f 98//2 110//2 111//2
f 98//2 111//2 99//2
f 112//2 113//2 114//2
f 114//2 113//2 115//2
f 114//2 115//2 116//2
f 116//2 115//2 117//2
f 116//2 117//2 105//2
f 105//2 117//2 118//2
f 105//2 118//2 106//2
f 119//2 120//2 121//2
f 121//2 120//2 122//2
f 121//2 122//2 112//2
f 112//2 122//2 123//2
f 112//2 123//2 113//2
f 84//2 124//2 85//2
f 85//2 124//2 125//2
f 85//2 125//2 126//2
f 126//2 125//2 127//2
f 126//2 127//2 128//2
f 128//2 127//2 129//2
f 128//2 129//2 119//2
f 119//2 129//2 130//2
f 119//2 130//2 120//2
f 131//3 111//3 110//3
f 132//4 99//4 133//4
f 133//5 99//5 111//5
f 133//6 111//6 134//6
f 134//7 111//7 131//7
f 132//8 135//8 99//8
f 99//9 135//9 136//9
f 99//10 136//10 101//10
f 136//11 137//11 101//11
f 101//12 137//12 138//12
f 101//13 138//13 103//13
f 138//14 139//14 103//14
f 103//15 139//15 140//15
f 103//16 140//16 104//16
f 140//17 141//17 104//17
f 104//18 141//18 142//18
f 104//19 142//19 94//19
f 143//20 96//20 144//20
f 144//21 96//21 94//21
f 144//22 94//22 145//22
f 145//23 94//23 142//23
f 143//24 146//24 96//24
f 96//25 146//25 147//25
f 96//26 147//26 97//26
f 147//27 148//27 97//27
f 97//28 148//28 149//28
f 97//29 149//29 87//29
f 149//30 150//30 87//30
f 87//31 150//31 151//31
f 87//32 151//32 89//32
f 151//33 152//33 89//33
f 89//34 152//34 153//34
f 89//35 153//35 91//35
f 154//36 92//36 155//36
f 155//37 92//37 91//37
f 155//38 91//38 156//38
f 156//39 91//39 153//39
f 154//40 157//40 92//40
f 92//41 157//41 158//41
f 92//42 158//42 80//42
f 158//43 159//43 80//43
f 80//44 159//44 160//44
f 80//45 160//45 82//45
f 160//46 161//46 82//46
f 82//47 161//47 162//47
f 82//48 162//48 84//48
f 162//49 163//49 84//49
f 84//50 163//50 164//50
f 84//51 164//51 124//51
f 165//52 125//52 166//52
f 166//53 125//53 124//53
f 166//54 124//54 167//54
f 167//55 124//55 164//55
f 165//56 168//56 125//56
f 125//57 168//57 169//57
f 125//58 169//58 127//58
f 169//59 170//59 127//59
f 127//60 170//60 171//60
f 127//61 171//61 129//61
f 171//62 172//62 129//62
f 129//63 172//63 173//63
f 129//64 173//64 130//64
f 173//65 174//65 130//65
f 130//66 174//66 175//66
f 130//67 175//67 120//67
f 176//68 122//68 177//68
f 177//69 122//69 120//69
f 177//70 120//70 178//70
f 178//71 120//71 175//71
f 176//72 179//72 122//72
f 122//73 179//73 180//73
f 122//74 180//74 123//74
f 180//75 181//75 123//75
f 123//76 181//76 182//76
f 123//77 182//77 113//77
f 182//78 183//78 113//78
f 113//79 183//79 184//79
f 113//80 184//80 115//80
f 184//81 185//81 115//81
f 115//82 185//82 186//82
f 115//83 186//83 117//83
f 187//84 118//84 188//84
f 188//85 118//85 117//85
f 188//86 117//86 189//86
f 189//87 117//87 186//87
f 187//88 190//88 118//88
f 118//89 190//89 191//89
f 118//90 191//90 106//90
f 191//91 192//91 106//91
f 106//92 192//92 193//92
f 106//93 193//93 108//93
f 193//94 194//94 108//94
f 108//95 194//95 195//95
f 108//96 195//96 110//96
f 110//97 195//97 196//97
f 110//98 196//98 131//98
f 109//99 197//99 107//99
f 107//100 197//100 198//100
f 107//101 198//101 105//101
f 105//102 198//102 199//102
f 105//103 199//103 116//103
f 116//104 199//104 200//104
f 116//105 200//105 114//105
f 114//106 200//106 201//106
f 114//107 201//107 112//107
f 112//108 201//108 202//108
f 112//109 202//109 121//109
f 121//110 202//110 203//110
f 121//111 203//111 119//111
f 119//112 203//112 204//112
f 119//113 204//113 128//113
f 128//114 204//114 205//114
f 128//115 205//115 126//115
f 126//116 205//116 206//116
f 126//117 206//117 85//117
f 85//118 206//118 207//118
f 85//119 207//119 83//119
f 83//120 207//120 208//120
f 83//121 208//121 81//121
f 81//122 208//122 209//122
f 81//123 209//123 79//123
f 79//124 209//124 210//124
f 79//125 210//125 90//125
f 90//126 210//126 211//126
f 90//127 211//127 88//127
f 88//128 211//128 212//128
f 88//129 212//129 86//129
f 86//130 212//130 213//130
f 86//131 213//131 95//131
f 95//132 213//132 214//132
f 95//133 214//133 93//133
f 93//134 214//134 215//134
f 93//135 215//135 102//135
f 102//136 215//136 216//136
f 102//137 216//137 100//137
f 100//138 216//138 217//138
f 100//139 217//139 98//139
f 98//140 217//140 218//140
f 98//141 218//141 109//141
f 109//142 218//142 197//142
f 219//2 220//2 221//2
f 222//2 223//2 221//2
f 221//2 223//2 224//2
f 221//2 224//2 219//2
f 225//2 226//2 221//2
f 221//2 226//2 227//2
f 221//2 227//2 222//2
f 228//2 229//2 221//2
f 221//2 229//2 230//2
f 221//2 230//2 225//2
f 231//2 232//2 221//2
f 221//2 232//2 233//2
f 221//2 233//2 228//2
f 234//2 235//2 221//2
f 221//2 235//2 236//2
f 221//2 236//2 231//2
f 237//2 238//2 221//2
f 221//2 238//2 239//2
f 221//2 239//2 234//2
f 220//2 240//2 221//2
f 221//2 240//2 241//2
f 221//2 241//2 237//2
f 27//143 52//143 6//143
f 6//143 52//143 36//143
f 6//143 36//143 1//143
f 23//144 58//144 24//144
f 24//144 58//144 52//144
f 24//144 52//144 27//144
f 17//145 45//145 18//145
f 18//145 45//145 58//145
f 18//145 58//145 23//145
f 12//146 31//146 13//146
f 13//146 31//146 45//146
f 13//146 45//146 17//146
f 8//147 40//147 9//147
f 9//147 40//147 31//147
f 9//147 31//147 12//147
f 1//148 36//148 2//148
f 2//148 36//148 40//148
f 2//148 40//148 8//148
f 13//149 21//149 242//149
f 242//150 19//150 18//150
f 20//151 19//151 242//151
f 21//152 20//152 242//152
f 242//153 26//153 25//153
f 22//154 26//154 242//154
f 18//155 22//155 242//155
f 242//156 29//156 28//156
f 30//157 29//157 242//157
f 24//158 30//158 242//158
f 6//159 5//159 242//159
f 242//160 3//160 2//160
f 4//161 3//161 242//161
f 5//162 4//162 242//162
f 242//163 11//163 10//163
f 7//164 11//164 242//164
f 2//165 7//165 242//165
f 242//166 16//166 15//166
f 14//167 242//167 15//167
f 9//168 16//168 242//168
f 10//169 9//169 242//169
f 28//170 6//170 242//170
f 25//171 24//171 242//171
f 14//172 13//172 242//172
f 159//173 243//173 244//173
f 159//174 158//174 243//174
f 243//175 158//175 157//175
f 243//176 157//176 245//176
f 245//177 157//177 154//177
f 245//178 154//178 246//178
f 246//179 154//179 155//179
f 246//180 155//180 247//180
f 247//181 155//181 156//181
f 156//182 153//182 247//182
f 247//183 153//183 152//183
f 247//184 152//184 248//184
f 248//185 152//185 151//185
f 248//186 151//186 249//186
f 249//187 151//187 150//187
f 249//188 150//188 250//188
f 150//189 149//189 250//189
f 250//190 149//190 148//190
f 250//191 148//191 251//191
f 148//192 147//192 251//192
f 251//193 147//193 146//193
f 251//194 146//194 252//194
f 252//195 146//195 143//195
f 252//196 143//196 253//196
f 253//197 143//197 144//197
f 253//198 144//198 254//198
f 254//199 144//199 145//199
f 145//200 142//200 254//200
f 254//201 142//201 141//201
f 254//202 141//202 255//202
f 255//203 141//203 140//203
f 255//204 140//204 256//204
f 256//205 140//205 139//205
f 256//206 139//206 257//206
f 139//207 138//207 257//207
f 257//208 138//208 137//208
f 257//209 137//209 258//209
f 137//210 136//210 258//210
f 258//211 136//211 135//211
f 258//212 135//212 259//212
f 259//213 135//213 132//213
f 259//214 132//214 260//214
f 260//215 132//215 133//215
f 260//216 133//216 261//216
f 261//217 133//217 134//217
f 134//218 131//218 261//218
f 261//219 131//219 196//219
f 261//220 196//220 262//220
f 262//221 196//221 195//221
f 262//222 195//222 263//222
f 263//223 195//223 194//223
f 263//224 194//224 264//224
f 194//225 193//225 264//225
f 264//226 193//226 192//226
f 264//227 192//227 265//227
f 192//228 191//228 265//228
f 265//229 191//229 190//229
f 265//230 190//230 266//230
f 266//231 190//231 187//231
f 266//232 187//232 267//232
f 267//233 187//233 188//233
f 267//234 188//234 268//234
f 268//235 188//235 189//235
f 189//236 186//236 268//236
f 268//237 186//237 185//237
f 268//238 185//238 269//238
f 269//239 185//239 184//239
f 269//240 184//240 270//240
f 270//241 184//241 183//241
f 270//242 183//242 271//242
f 183//243 182//243 271//243
f 271//244 182//244 181//244
f 271//245 181//245 272//245
f 181//246 180//246 272//246
f 272//247 180//247 179//247
f 272//248 179//248 273//248
f 273//249 179//249 176//249
f 273//250 176//250 274//250
f 274//251 176//251 177//251
f 274//252 177//252 275//252
f 275//253 177//253 178//253
f 178//254 175//254 275//254
f 275//255 175//255 174//255
f 275//256 174//256 276//256
f 276//257 174//257 173//257
f 276//258 173//258 277//258
f 277//259 173//259 172//259
f 277//260 172//260 278//260
f 172//261 171//261 278//261
f 278//262 171//262 170//262
f 278//263 170//263 279//263
f 170//264 169//264 279//264
f 279//265 169//265 168//265
f 279//266 168//266 280//266
f 280//267 168//267 165//267
f 280//268 165//268 281//268
f 281//269 165//269 166//269
f 281//270 166//270 282//270
f 282//271 166//271 167//271
f 167//272 164//272 282//272
f 282//273 164//273 163//273
f 282//274 163//274 283//274
f 283//275 163//275 162//275
f 283//276 162//276 284//276
f 284//277 162//277 161//277
f 284//278 161//278 244//278
f 244//279 161//279 160//279
f 244//280 160//280 159//280
f 283//281 285//281 282//281
f 282//282 285//282 286//282
f 282//283 286//283 281//283
f 281//284 286//284 287//284
f 281//285 287//285 280//285
f 280//286 287//286 288//286
f 280//287 288//287 279//287
f 279//288 288//288 289//288
f 279//289 289//289 278//289
f 278//290 289//290 290//290
f 278//291 290//291 277//291
f 277//292 290//292 291//292
f 277//293 291//293 276//293
f 276//294 291//294 292//294
f 276//295 292//295 275//295
f 275//296 292//296 293//296
f 275//297 293//297 274//297
f 274//298 293//298 294//298
f 274//299 294//299 273//299
f 273//300 294//300 295//300
f 273//301 295//301 272//301
f 272//302 295//302 296//302
f 272//303 296//303 271//303
f 271//304 296//304 297//304
f 271//305 297//305 270//305
f 270//306 297//306 298//306
f 270//307 298//307 269//307
f 269//308 298//308 299//308
f 269//309 299//309 268//309
f 268//310 299//310 300//310
f 268//311 300//311 267//311
f 267//312 300//312 301//312
f 267//313 301//313 266//313
f 266//314 301//314 302//314
f 266//315 302//315 265//315
f 265//316 302//316 303//316
f 265//317 303//317 264//317
f 264//318 303//318 304//318
f 264//319 304//319 263//319
f 263//320 304//320 305//320
f 263//321 305//321 262//321
f 262//322 305//322 306//322
f 262//323 306//323 261//323
f 261//324 306//324 307//324
f 261//325 307//325 260//325
f 260//326 307//326 308//326
f 260//327 308//327 259//327
f 259//328 308//328 309//328
f 259//329 309//329 258//329
f 258//330 309//330 310//330
f 258//331 310//331 257//331
f 257//332 310//332 311//332
f 257//333 311//333 256//333
f 256//334 311//334 312//334
f 256//335 312//335 255//335
f 255//336 312//336 313//336
f 255//337 313//337 254//337
f 254//338 313//338 314//338
f 254//339 314//339 253//339
f 253//340 314//340 315//340
f 253//341 315//341 252//341
f 252//342 315//342 316//342
f 252//343 316//343 251//343
f 251//344 316//344 317//344
f 251//345 317//345 250//345
f 250//346 317//346 318//346
f 250//347 318//347 249//347
f 249//348 318//348 319//348
f 249//349 319//349 248//349
f 248//350 319//350 320//350
f 248//351 320//351 247//351
f 247//352 320//352 321//352
f 247//353 321//353 246//353
f 246//354 321//354 322//354
f 246//355 322//355 245//355
f 245//356 322//356 323//356
f 245//357 323//357 243//357
f 243//358 323//358 324//358
f 243//359 324//359 244//359
f 244//360 324//360 325//360
f 244//361 325//361 284//361
f 284//362 325//362 326//362
f 284//363 326//363 283//363
f 283//364 326//364 285//364
f 326//365 327//365 285//365
f 285//366 327//366 328//366
f 285//367 328//367 286//367
f 286//368 328//368 329//368
f 286//369 329//369 287//369
f 287//370 329//370 330//370
f 287//371 330//371 288//371
f 288//372 330//372 331//372
f 288//373 331//373 289//373
f 289//374 331//374 332//374
f 289//375 332//375 290//375
f 290//376 332//376 333//376
f 290//377 333//377 291//377
f 291//378 333//378 334//378
f 291//379 334//379 292//379
f 292//380 334//380 335//380
f 292//381 335//381 293//381
f 293//382 335//382 336//382
f 293//383 336//383 294//383
f 294//384 336//384 337//384
f 294//385 337//385 295//385
f 295//386 337//386 338//386
f 295//387 338//387 296//387
f 296//388 338//388 339//388
f 296//389 339//389 297//389
f 297//390 339//390 340//390
f 297//391 340//391 298//391
f 298//392 340//392 341//392
f 298//393 341//393 299//393
f 299//394 341//394 342//394
f 299//395 342//395 300//395
f 300//396 342//396 343//396
f 300//397 343//397 301//397
f 301//398 343//398 344//398
f 301//399 344//399 302//399
f 302//400 344//400 345//400
f 302//401 345//401 303//401
f 303//402 345//402 346//402
f 303//403 346//403 304//403
f 304//404 346//404 347//404
f 304//405 347//405 305//405
f 305//406 347//406 348//406
f 305//407 348//407 306//407
f 306//408 348//408 349//408
f 306//409 349//409 307//409
f 307//410 349//410 350//410
f 307//411 350//411 308//411
f 308//412 350//412 351//412
f 308//413 351//413 309//413
f 309//414 351//414 352//414
f 309//415 352//415 310//415
f 310//416 352//416 353//416
f 310//417 353//417 311//417
f 311//418 353//418 354//418
f 311//419 354//419 312//419
f 312//420 354//420 355//420
f 312//421 355//421 313//421
f 313//422 355//422 356//422
f 313//423 356//423 314//423
f 314//424 356//424 357//424
f 314//425 357//425 315//425
f 315//426 357//426 358//426
f 315//427 358//427 316//427
f 316//428 358//428 359//428
f 316//429 359//429 317//429
f 317//430 359//430 360//430
f 317//431 360//431 318//431
f 318//432 360//432 361//432
f 318//433 361//433 319//433
f 319//434 361//434 362//434
f 319//435 362//435 320//435
f 320//436 362//436 363//436
f 320//437 363//437 321//437
f 321//438 363//438 364//438
f 321//439 364//439 322//439
f 322//440 364//440 365//440
f 322//441 365//441 323//441
f 323//442 365//442 366//442
f 323//443 366//443 324//443
f 324//444 366//444 367//444
f 324//445 367//445 325//445
f 325//446 367//446 368//446
f 325//447 368//447 326//447
f 326//448 368//448 327//448
f 368//449 50//449 327//449
f 327//450 50//450 63//450
f 327//451 63//451 328//451
f 328//452 63//452 62//452
f 328//453 62//453 329//453
f 329//454 62//454 61//454
f 329//455 61//455 330//455
f 330//456 61//456 60//456
f 330//457 60//457 331//457
f 331//458 60//458 59//458
f 331//459 59//459 332//459
f 332//460 59//460 66//460
f 332//461 66//461 333//461
f 333//462 66//462 65//462
f 333//463 65//463 334//463
f 334//464 65//464 64//464
f 334//465 64//465 335//465
f 335//466 64//466 78//466
f 335//467 78//467 336//467
f 336//468 78//468 77//468
f 336//469 77//469 337//469
f 337//470 77//470 76//470
f 337//471 76//471 338//471
f 338//472 76//472 46//472
f 338//473 46//473 339//473
f 339//474 46//474 44//474
f 339//475 44//475 340//475
f 340//476 44//476 43//476
f 340//477 43//477 341//477
f 341//478 43//478 72//478
f 341//479 72//479 342//479
f 342//480 72//480 71//480
f 342//481 71//481 343//481
f 343//482 71//482 70//482
f 343//483 70//483 344//483
f 344//484 70//484 69//484
f 344//485 69//485 345//485
f 345//486 69//486 68//486
f 345//487 68//487 346//487
f 346//488 68//488 67//488
f 346//489 67//489 347//489
f 347//490 67//490 33//490
f 347//491 33//491 348//491
f 348//492 33//492 32//492
f 348//493 32//493 349//493
f 349//494 32//494 49//494
f 349//495 49//495 350//495
f 350//496 49//496 48//496
f 350//497 48//497 351//497
f 351//498 48//498 47//498
f 351//499 47//499 352//499
f 352//500 47//500 42//500
f 352//501 42//501 353//501
f 353//502 42//502 41//502
f 353//503 41//503 354//503
f 354//504 41//504 39//504
f 354//505 39//505 355//505
f 355//506 39//506 38//506
f 355//507 38//507 356//507
f 356//508 38//508 75//508
f 356//509 75//509 357//509
f 357//510 75//510 74//510
f 357//511 74//511 358//511
f 358//512 74//512 73//512
f 358//513 73//513 359//513
f 359//514 73//514 37//514
f 359//515 37//515 360//515
f 360//516 37//516 35//516
f 360//517 35//517 361//517
f 361//518 35//518 34//518
f 361//519 34//519 362//519
f 362//520 34//520 57//520
f 362//521 57//521 363//521
f 363//522 57//522 56//522
f 363//523 56//523 364//523
f 364//524 56//524 55//524
f 364//525 55//525 365//525
f 365//526 55//526 54//526
f 365//527 54//527 366//527
f 366//528 54//528 53//528
f 366//529 53//529 367//529
f 367//530 53//530 51//530
f 367//531 51//531 368//531
f 368//532 51//532 50//532
f 218//533 231//533 197//533
f 197//534 231//534 236//534
f 197//535 236//535 198//535
f 198//536 236//536 235//536
f 198//537 235//537 199//537
f 199//538 235//538 234//538
f 199//539 234//539 200//539
f 200//540 234//540 239//540
f 200//541 239//541 201//541
f 201//542 239//542 238//542
f 201//543 238//543 202//543
f 202//544 238//544 237//544
f 202//545 237//545 203//545
f 203//546 237//546 241//546
f 203//547 241//547 204//547
f 204//548 241//548 240//548
f 204//549 240//549 205//549
f 205//550 240//550 220//550
f 205//551 220//551 206//551
f 206//552 220//552 219//552
f 206//553 219//553 207//553
f 207//554 219//554 224//554
f 207//555 224//555 208//555
f 208//556 224//556 223//556
f 208//557 223//557 209//557
f 209//558 223//558 222//558
f 209//559 222//559 210//559
f 210//560 222//560 227//560
f 210//561 227//561 211//561
f 211//562 227//562 226//562
f 211//563 226//563 212//563
f 212//564 226//564 225//564
f 212//565 225//565 213//565
f 213//566 225//566 230//566
f 213//567 230//567 214//567
f 214//568 230//568 229//568
f 214//569 229//569 215//569
f 215//570 229//570 228//570
f 215//571 228//571 216//571
f 216//572 228//572 233//572
f 216//573 233//573 217//573
f 217//574 233//574 232//574
f 217//575 232//575 218//575
f 218//576 232//576 231//576
f 369//1 370//1 371//1
f 371//1 372//1 369//1
f 369//1 372//1 373//1
f 369//1 373//1 374//1
f 375//1 370//1 376//1
f 377//1 378//1 376//1
f 376//1 378//1 379//1
f 376//1 379//1 375//1
f 380//1 381//1 382//1
f 382//1 383//1 380//1
f 380//1 383//1 384//1
f 380//1 384//1 377//1
f 385//1 386//1 387//1
f 387//1 388//1 385//1
f 385//1 388//1 389//1
f 385//1 389//1 381//1
f 390//1 386//1 391//1
f 392//1 393//1 391//1
f 391//1 393//1 394//1
f 391//1 394//1 390//1
f 395//1 374//1 396//1
f 396//1 397//1 395//1
f 395//1 397//1 398//1
f 395//1 398//1 392//1
f 399//1 400//1 401//1
f 402//1 403//1 404//1
f 404//1 403//1 405//1
f 406//1 407//1 408//1
f 408//1 407//1 409//1
f 408//1 409//1 410//1
f 411//1 412//1 413//1
f 413//1 412//1 414//1
f 410//1 415//1 408//1
f 408//1 415//1 416//1
f 408//1 416//1 399//1
f 399//1 416//1 417//1
f 399//1 417//1 400//1
f 418//1 419//1 420//1
f 420//1 419//1 421//1
f 420//1 421//1 422//1
f 422//1 423//1 420//1
f 420//1 423//1 424//1
f 420//1 424//1 404//1
f 404//1 424//1 425//1
f 404//1 425//1 402//1
f 426//1 427//1 428//1
f 428//1 429//1 426//1
f 426//1 429//1 430//1
f 426//1 430//1 420//1
f 420//1 430//1 431//1
f 420//1 431//1 418//1
f 432//1 433//1 426//1
f 426//1 433//1 434//1
f 426//1 434//1 427//1
f 401//1 435//1 399//1
f 399//1 435//1 436//1
f 399//1 436//1 437//1
f 437//1 438//1 399//1
f 399//1 438//1 439//1
f 399//1 439//1 413//1
f 413//1 439//1 440//1
f 413//1 440//1 411//1
f 405//1 441//1 404//1
f 404//1 441//1 442//1
f 404//1 442//1 408//1
f 408//1 442//1 443//1
f 408//1 443//1 406//1
f 414//1 444//1 413//1
f 413//1 444//1 445//1
f 413//1 445//1 426//1
f 426//1 445//1 446//1
f 426//1 446//1 432//1
f 447//2 448//2 449//2
f 449//2 448//2 450//2
f 449//2 450//2 451//2
f 451//2 450//2 452//2
f 451//2 452//2 453//2
f 454//2 455//2 456//2
f 456//2 455//2 457//2
f 456//2 457//2 458//2
f 458//2 457//2 459//2
f 458//2 459//2 447//2
f 447//2 459//2 460//2
f 447//2 460//2 448//2
f 461//2 462//2 463//2
f 463//2 462//2 464//2
f 463//2 464//2 454//2
f 454//2 464//2 465//2
f 454//2 465//2 455//2
f 466//2 467//2 468//2
f 468//2 467//2 469//2
f 468//2 469//2 470//2
f 470//2 469//2 471//2
f 470//2 471//2 461//2
f 461//2 471//2 472//2
f 461//2 472//2 462//2
f 473//2 474//2 475//2
f 475//2 474//2 476//2
f 475//2 476//2 477//2
f 477//2 476//2 478//2
f 477//2 478//2 466//2
f 466//2 478//2 479//2
f 466//2 479//2 467//2
f 480//2 481//2 482//2
f 482//2 481//2 483//2
f 482//2 483//2 484//2
f 484//2 483//2 485//2
f 484//2 485//2 473//2
f 473//2 485//2 486//2
f 473//2 486//2 474//2
f 487//2 488//2 489//2
f 489//2 488//2 490//2
f 489//2 490//2 480//2
f 480//2 490//2 491//2
f 480//2 491//2 481//2
f 452//2 492//2 453//2
f 453//2 492//2 493//2
f 453//2 493//2 494//2
f 494//2 493//2 495//2
f 494//2 495//2 496//2
f 496//2 495//2 497//2
f 496//2 497//2 487//2
f 487//2 497//2 498//2
f 487//2 498//2 488//2
f 499//3 479//3 478//3
f 500//4 467//4 501//4
f 501//5 467//5 479//5
f 501//6 479//6 502//6
f 502//7 479//7 499//7
f 500//8 503//8 467//8
f 467//9 503//9 504//9
f 467//10 504//10 469//10
f 504//11 505//11 469//11
f 469//12 505//12 506//12
f 469//13 506//13 471//13
f 506//14 507//14 471//14
f 471//15 507//15 508//15
f 471//16 508//16 472//16
f 508//17 509//17 472//17
f 472//18 509//18 510//18
f 472//19 510//19 462//19
f 511//20 464//20 512//20
f 512//21 464//21 462//21
f 512//22 462//22 513//22
f 513//23 462//23 510//23
f 511//24 514//24 464//24
f 464//25 514//25 515//25
f 464//26 515//26 465//26
f 515//27 516//27 465//27
f 465//28 516//28 517//28
f 465//29 517//29 455//29
f 517//30 518//30 455//30
f 455//31 518//31 519//31
f 455//32 519//32 457//32
f 519//33 520//33 457//33
f 457//34 520//34 521//34
f 457//35 521//35 459//35
f 522//36 460//36 523//36
f 523//37 460//37 459//37
f 523//38 459//38 524//38
f 524//39 459//39 521//39
f 522//40 525//40 460//40
f 460//41 525//41 526//41
f 460//42 526//42 448//42
f 526//43 527//43 448//43
f 448//44 527//44 528//44
f 448//45 528//45 450//45
f 528//46 529//46 450//46
f 450//47 529//47 530//47
f 450//48 530//48 452//48
f 530//49 531//49 452//49
f 452//50 531//50 532//50
f 452//51 532//51 492//51
f 533//52 493//52 534//52
f 534//53 493//53 492//53
f 534//54 492//54 535//54
f 535//55 492//55 532//55
f 533//56 536//56 493//56
f 493//57 536//57 537//57
f 493//58 537//58 495//58
f 537//59 538//59 495//59
f 495//60 538//60 539//60
f 495//61 539//61 497//61
f 539//62 540//62 497//62
f 497//63 540//63 541//63
f 497//64 541//64 498//64
f 541//65 542//65 498//65
f 498//66 542//66 543//66
f 498//67 543//67 488//67
f 544//68 490//68 545//68
f 545//69 490//69 488//69
f 545//70 488//70 546//70
f 546//71 488//71 543//71
f 544//72 547//72 490//72
f 490//73 547//73 548//73
f 490//74 548//74 491//74
f 548//75 549//75 491//75
f 491//76 549//76 550//76
f 491//77 550//77 481//77
f 550//78 551//78 481//78
f 481//79 551//79 552//79
f 481//80 552//80 483//80
f 552//81 553//81 483//81
f 483//82 553//82 554//82
f 483//83 554//83 485//83
f 555//84 486//84 556//84
f 556//85 486//85 485//85
f 556//86 485//86 557//86
f 557//87 485//87 554//87
f 555//88 558//88 486//88
f 486//89 558//89 559//89
f 486//90 559//90 474//90
f 559//91 560//91 474//91
f 474//92 560//92 561//92
f 474//93 561//93 476//93
f 561//94 562//94 476//94
f 476//95 562//95 563//95
f 476//96 563//96 478//96
f 478//97 563//97 564//97
f 478//98 564//98 499//98
f 477//99 565//99 475//99
f 475//100 565//100 566//100
f 475//101 566//101 473//101
f 473//102 566//102 567//102
f 473//103 567//103 484//103
f 484//104 567//104 568//104
f 484//105 568//105 482//105
f 482//106 568//106 569//106
f 482//107 569//107 480//107
f 480//108 569//108 570//108
f 480//109 570//109 489//109
f 489//110 570//110 571//110
f 489//111 571//111 487//111
f 487//112 571//112 572//112
f 487//113 572//113 496//113
f 496//114 572//114 573//114
f 496//115 573//115 494//115
f 494//116 573//116 574//116
f 494//117 574//117 453//117
f 453//118 574//118 575//118
f 453//119 575//119 451//119
f 451//120 575//120 576//120
f 451//121 576//121 449//121
f 449//122 576//122 577//122
f 449//123 577//123 447//123
f 447//124 577//124 578//124
f 447//125 578//125 458//125
f 458//126 578//126 579//126
f 458//127 579//127 456//127
f 456//128 579//128 580//128
f 456//129 580//129 454//129
f 454//130 580//130 581//130
f 454//131 581//131 463//131
f 463//132 581//132 582//132
f 463//133 582//133 461//133
f 461//134 582//134 583//134
f 461//135 583//135 470//135
f 470//136 583//136 584//136
f 470//137 584//137 468//137
f 468//138 584//138 585//138
f 468//139 585//139 466//139
f 466//140 585//140 586//140
f 466//141 586//141 477//141
f 477//142 586//142 565//142
f 587//2 588//2 589//2
f 590//2 591//2 589//2
f 589//2 591//2 592//2
f 589//2 592//2 587//2
f 593//2 594//2 589//2
f 589//2 594//2 595//2
f 589//2 595//2 590//2
f 596//2 597//2 589//2
f 589//2 597//2 598//2
f 589//2 598//2 593//2
f 599//2 600//2 589//2
f 589//2 600//2 601//2
f 589//2 601//2 596//2
f 602//2 603//2 589//2
f 589//2 603//2 604//2
f 589//2 604//2 599//2
f 605//2 606//2 589//2
f 589//2 606//2 607//2
f 589//2 607//2 602//2
f 588//2 608//2 589//2
f 589//2 608//2 609//2
f 589//2 609//2 605//2
f 395//143 420//143 374//143
f 374//143 420//143 404//143
f 374//143 404//143 369//143
f 391//144 426//144 392//144
f 392//144 426//144 420//144
f 392//144 420//144 395//144
f 385//145 413//145 386//145
f 386//145 413//145 426//145
f 386//145 426//145 391//145
f 380//146 399//146 381//146
f 381//146 399//146 413//146
f 381//146 413//146 385//146
f 376//147 408//147 377//147
f 377//147 408//147 399//147
f 377//147 399//147 380//147
f 369//148 404//148 370//148
f 370//148 404//148 408//148
f 370//148 408//148 376//148
f 381//149 389//149 610//149
f 610//150 387//150 386//150
f 388//151 387//151 610//151
f 389//152 388//152 610//152
f 610//153 394//153 393//153
f 390//154 394//154 610//154
f 386//155 390//155 610//155
f 610//156 397//156 396//156
f 398//157 397//157 610//157
f 392//158 398//158 610//158
f 374//159 373//159 610//159
f 610//160 371//160 370//160
f 372//161 371//161 610//161
f 373//162 372//162 610//162
f 610//163 379//163 378//163
f 375//164 379//164 610//164
f 370//165 375//165 610//165
f 610//166 384//166 383//166
f 382//167 610//167 383//167
f 377//168 384//168 610//168
f 378//169 377//169 610//169
f 396//170 374//170 610//170
f 393//171 392//171 610//171
f 382//172 381//172 610//172
f 527//173 611//173 612//173
f 527//174 526//174 611//174
f 611//175 526//175 525//175
f 611//176 525//176 613//176
f 613//177 525//177 522//177
f 613//178 522//178 614//178
f 614//179 522//179 523//179
f 614//180 523//180 615//180
f 615//181 523//181 524//181
f 524//182 521//182 615//182
f 615//183 521//183 520//183
f 615//184 520//184 616//184
f 616//185 520//185 519//185
f 616//186 519//186 617//186
f 617//187 519//187 518//187
f 617//188 518//188 618//188
f 518//189 517//189 618//189
f 618//190 517//190 516//190
f 618//191 516//191 619//191
f 516//192 515//192 619//192
f 619//193 515//193 514//193
f 619//194 514//194 620//194
f 620//195 514//195 511//195
f 620//196 511//196 621//196
f 621//197 511//197 512//197
f 621//198 512//198 622//198
f 622//199 512//199 513//199
f 513//200 510//200 622//200
f 622//201 510//201 509//201
f 622//202 509//202 623//202
f 623//203 509//203 508//203
f 623//204 508//204 624//204
f 624//205 508//205 507//205
f 624//206 507//206 625//206
f 507//207 506//207 625//207
f 625//208 506//208 505//208
f 625//209 505//209 626//209
f 505//210 504//210 626//210
f 626//211 504//211 503//211
f 626//212 503//212 627//212
f 627//213 503//213 500//213
f 627//214 500//214 628//214
f 628//215 500//215 501//215
f 628//216 501//216 629//216
f 629//217 501//217 502//217
f 502//218 499//218 629//218
f 629//219 499//219 564//219
f 629//220 564//220 630//220
f 630//221 564//221 563//221
f 630//222 563//222 631//222
f 631//223 563//223 562//223
f 631//224 562//224 632//224
f 562//225 561//225 632//225
f 632//226 561//226 560//226
f 632//227 560//227 633//227
f 560//228 559//228 633//228
f 633//229 559//229 558//229
f 633//230 558//230 634//230
f 634//231 558//231 555//231
f 634//232 555//232 635//232
f 635//233 555//233 556//233
f 635//234 556//234 636//234
f 636//235 556//235 557//235
f 557//236 554//236 636//236
f 636//237 554//237 553//237
f 636//238 553//238 637//238
f 637//239 553//239 552//239
f 637//240 552//240 638//240
f 638//241 552//241 551//241
f 638//242 551//242 639//242
f 551//243 550//243 639//243
f 639//244 550//244 549//244
f 639//245 549//245 640//245
f 549//246 548//246 640//246
f 640//247 548//247 547//247
f 640//248 547//248 641//248
f 641//249 547//249 544//249
f 641//250 544//250 642//250
f 642//251 544//251 545//251
f 642//252 545//252 643//252
f 643//253 545//253 546//253
f 546//254 543//254 643//254
f 643//255 543//255 542//255
f 643//256 542//256 644//256
f 644//257 542//257 541//257
f 644//258 541//258 645//258
f 645//259 541//259 540//259
f 645//260 540//260 646//260
f 540//261 539//261 646//261
f 646//262 539//262 538//262
f 646//263 538//263 647//263
f 538//264 537//264 647//264
f 647//265 537//265 536//265
f 647//266 536//266 648//266
f 648//267 536//267 533//267
f 648//268 533//268 649//268
f 649//269 533//269 534//269
f 649//270 534//270 650//270
f 650//271 534//271 535//271
f 535//272 532//272 650//272
f 650//273 532//273 531//273
f 650//274 531//274 651//274
f 651//275 531//275 530//275
f 651//276 530//276 652//276
f 652//277 530//277 529//277
f 652//278 529//278 612//278
f 612//279 529//279 528//279
f 612//280 528//280 527//280
f 651//281 653//281 650//281
f 650//282 653//282 654//282
f 650//283 654//283 649//283
f 649//284 654//284 655//284
f 649//285 655//285 648//285
f 648//286 655//286 656//286
f 648//287 656//287 647//287
f 647//288 656//288 657//288
f 647//289 657//289 646//289
f 646//290 657//290 658//290
f 646//291 658//291 645//291
f 645//292 658//292 659//292
f 645//293 659//293 644//293
f 644//294 659//294 660//294
f 644//295 660//295 643//295
f 643//296 660//296 661//296
f 643//297 661//297 642//297
f 642//298 661//298 662//298
f 642//299 662//299 641//299
f 641//300 662//300 663//300
f 641//301 663//301 640//301
f 640//302 663//302 664//302
f 640//303 664//303 639//303
f 639//304 664//304 665//304
f 639//305 665//305 638//305
f 638//306 665//306 666//306
f 638//307 666//307 637//307
f 637//308 666//308 667//308
f 637//309 667//309 636//309
f 636//310 667//310 668//310
f 636//311 668//311 635//311
f 635//312 668//312 669//312
f 635//313 669//313 634//313
f 634//314 669//314 670//314
f 634//315 670//315 633//315
f 633//316 670//316 671//316
f 633//317 671//317 632//317
f 632//318 671//318 672//318
f 632//319 672//319 631//319
f 631//320 672//320 673//320
f 631//321 673//321 630//321
f 630//322 673//322 674//322
f 630//323 674//323 629//323
f 629//324 674//324 675//324
f 629//325 675//325 628//325
f 628//326 675//326 676//326
f 628//327 676//327 627//327
f 627//328 676//328 677//328
f 627//329 677//329 626//329
f 626//330 677//330 678//330
f 626//331 678//331 625//331
f 625//332 678//332 679//332
f 625//333 679//333 624//333
f 624//334 679//334 680//334
f 624//335 680//335 623//335
f 623//336 680//336 681//336
f 623//337 681//337 622//337
f 622//338 681//338 682//338
f 622//339 682//339 621//339
f 621//340 682//340 683//340
f 621//341 683//341 620//341
f 620//342 683//342 684//342
f 620//343 684//343 619//343
f 619//344 684//344 685//344
f 619//345 685//345 618//345
f 618//346 685//346 686//346
f 618//347 686//347 617//347
f 617//348 686//348 687//348
f 617//349 687//349 616//349
f 616//350 687//350 688//350
f 616//351 688//351 615//351
f 615//352 688//352 689//352
f 615//353 689//353 614//353
f 614//354 689//354 690//354
f 614//355 690//355 613//355
f 613//356 690//356 691//356
f 613//357 691//357 611//357
f 611//358 691//358 692//358
f 611//359 692//359 612//359
f 612//360 692//360 693//360
f 612//361 693//361 652//361
f 652//362 693//362 694//362
f 652//363 694//363 651//363
f 651//364 694//364 653//364
f 694//365 695//365 653//365
f 653//366 695//366 696//366
f 653//367 696//367 654//367
f 654//368 696//368 697//368
f 654//369 697//369 655//369
f 655//370 697//370 698//370
f 655//371 698//371 656//371
f 656//372 698//372 699//372
f 656//373 699//373 657//373
f 657//374 699//374 700//374
f 657//375 700//375 658//375
f 658//376 700//376 701//376
f 658//377 701//377 659//377
f 659//378 701//378 702//378
f 659//379 702//379 660//379
f 660//380 702//380 703//380
f 660//381 703//381 661//381
f 661//382 703//382 704//382
f 661//383 704//383 662//383
f 662//384 704//384 705//384
f 662//385 705//385 663//385
f 663//386 705//386 706//386
f 663//387 706//387 664//387
f 664//388 706//388 707//388
f 664//389 707//389 665//389
f 665//390 707//390 708//390
f 665//391 708//391 666//391
f 666//392 708//392 709//392
f 666//393 709//393 667//393
f 667//394 709//394 710//394
f 667//395 710//395 668//395
f 668//396 710//396 711//396
f 668//397 711//397 669//397
f 669//398 711//398 712//398
f 669//399 712//399 670//399
f 670//400 712//400 713//400
f 670//401 713//401 671//401
f 671//402 713//402 714//402
f 671//403 714//403 672//403
f 672//404 714//404 715//404
f 672//405 715//405 673//405
f 673//406 715//406 716//406
f 673//407 716//407 674//407
f 674//408 716//408 717//408
f 674//409 717//409 675//409
f 675//410 717//410 718//410
f 675//411 718//411 676//411
f 676//412 718//412 719//412
f 676//413 719//413 677//413
f 677//414 719//414 720//414
f 677//415 720//415 678//415
f 678//416 720//416 721//416
f 678//417 721//417 679//417
f 679//418 721//418 722//418
f 679//419 722//419 680//419
f 680//420 722//420 723//420
f 680//421 723//421 681//421
f 681//422 723//422 724//422
f 681//423 724//423 682//423
f 682//424 724//424 725//424
f 682//425 725//425 683//425
f 683//426 725//426 726//426
f 683//427 726//427 684//427
f 684//428 726//428 727//428
f 684//429 727//429 685//429
f 685//430 727//430 728//430
f 685//431 728//431 686//431
f 686//432 728//432 729//432
f 686//433 729//433 687//433
f 687//434 729//434 730//434
f 687//435 730//435 688//435
f 688//436 730//436 731//436
f 688//437 731//437 689//437
f 689//438 731//438 732//438
f 689//439 732//439 690//439
f 690//440 732//440 733//440
f 690//441 733//441 691//441
f 691//442 733//442 734//442
f 691//443 734//443 692//443
f 692//444 734//444 735//444
f 692//445 735//445 693//445
f 693//446 735//446 736//446
f 693//447 736//447 694//447
f 694//448 736//448 695//448
f 736//449 418//449 695//449
f 695//450 418//450 431//450
f 695//451 431//451 696//451
f 696//452 431//452 430//452
f 696//453 430//453 697//453
f 697//454 430//454 429//454
f 697//455 429//455 698//455
f 698//456 429//456 428//456
f 698//457 428//457 699//457
f 699//458 428//458 427//458
f 699//459 427//459 700//459
f 700//460 427//460 434//460
f 700//461 434//461 701//461
f 701//462 434//462 433//462
f 701//463 433//463 702//463
f 702//464 433//464 432//464
f 702//465 432//465 703//465
f 703//466 432//466 446//466
f 703//467 446//467 704//467
f 704//468 446//468 445//468
f 704//469 445//469 705//469
f 705//470 445//470 444//470
f 705//471 444//471 706//471
f 706//472 444//472 414//472
f 706//473 414//473 707//473
f 707//474 414//474 412//474
f 707//475 412//475 708//475
f 708//476 412//476 411//476
f 708//477 411//477 709//477
f 709//478 411//478 440//478
f 709//479 440//479 710//479
f 710//480 440//480 439//480
f 710//481 439//481 711//481
f 711//482 439//482 438//482
f 711//483 438//483 712//483
f 712//484 438//484 437//484
f 712//485 437//485 713//485
f 713//486 437//486 436//486
f 713//487 436//487 714//487
f 714//488 436//488 435//488
f 714//489 435//489 715//489
f 715//490 435//490 401//490
f 715//491 401//491 716//491
f 716//492 401//492 400//492
f 716//493 400//493 717//493
f 717//494 400//494 417//494
f 717//495 417//495 718//495
f 718//496 417//496 416//496
f 718//497 416//497 719//497
f 719//498 416//498 415//498
f 719//499 415//499 720//499
f 720//500 415//500 410//500
f 720//501 410//501 721//501
f 721//502 410//502 409//502
f 721//503 409//503 722//503
f 722//504 409//504 407//504
f 722//505 407//505 723//505
f 723//506 407//506 406//506
f 723//507 406//507 724//507
f 724//508 406//508 443//508
f 724//509 443//509 725//509
f 725//510 443//510 442//510
f 725//511 442//511 726//511
f 726//512 442//512 441//512
f 726//513 441//513 727//513
f 727//514 441//514 405//514
f 727//515 405//515 728//515
f 728//516 405//516 403//516
f 728//517 403//517 729//517
f 729//518 403//518 402//518
f 729//519 402//519 730//519
f 730//520 402//520 425//520
f 730//521 425//521 731//521
f 731//522 425//522 424//522
f 731//523 424//523 732//523
f 732//524 424//524 423//524
f 732//525 423//525 733//525
f 733//526 423//526 422//526
f 733//527 422//527 734//527
f 734//528 422//528 421//528
f 734//529 421//529 735//529
f 735//530 421//530 419//530
f 735//531 419//531 736//531
f 736//532 419//532 418//532
f 586//533 599//533 565//533
f 565//534 599//534 604//534
f 565//535 604//535 566//535
f 566//536 604//536 603//536
f 566//537 603//537 567//537
f 567//538 603//538 602//538
f 567//539 602//539 568//539
f 568//540 602//540 607//540
f 568//541 607//541 569//541
f 569//542 607//542 606//542
f 569//543 606//543 570//543
f 570//544 606//544 605//544
f 570//545 605//545 571//545
f 571//546 605//546 609//546
f 571//547 609//547 572//547
f 572//548 609//548 608//548
f 572//549 608//549 573//549
f 573//550 608//550 588//550
f 573//551 588//551 574//551
f 574//552 588//552 587//552
f 574//553 587//553 575//553
f 575//554 587//554 592//554
f 575//555 592//555 576//555
f 576//556 592//556 591//556
f 576//557 591//557 577//557
f 577//558 591//558 590//558
f 577//559 590//559 578//559
f 578//560 590//560 595//560
f 578//561 595//561 579//561
f 579//562 595//562 594//562
f 579//563 594//563 580//563
f 580//564 594//564 593//564
f 580//565 593//565 581//565
f 581//566 593//566 598//566
f 581//567 598//567 582//567
f 582//568 598//568 597//568
f 582//569 597//569 583//569
f 583//570 597//570 596//570
f 583//571 596//571 584//571
f 584//572 596//572 601//572
f 584//573 601//573 585//573
f 585//574 601//574 600//574
f 585//575 600//575 586//575
f 586//576 600//576 599//576
f 737//577 738//577 739//577
f 739//578 738//578 740//578
f 739//579 740//579 741//579
f 741//580 740//580 742//580
f 741//581 742//581 743//581
f 743//582 742//582 744//582
f 743//583 744//583 745//583
f 745//584 744//584 746//584
f 745//585 746//585 747//585
f 747//586 746//586 748//586
f 747//587 748//587 749//587
f 749//588 748//588 750//588
f 749//589 750//589 751//589
f 751//590 750//590 752//590
f 751//591 752//591 753//591
f 753//592 752//592 754//592
f 753//593 754//593 755//593
f 755//594 754//594 756//594
f 755//595 756//595 757//595
f 757//596 756//596 758//596
f 757//597 758//597 759//597
f 759//598 758//598 760//598
f 759//599 760//599 737//599
f 737//600 760//600 738//600
f 761//577 762//577 763//577
f 763//578 762//578 764//578
f 763//579 764//579 765//579
f 765//580 764//580 766//580
f 765//581 766//581 767//581
f 767//582 766//582 768//582
f 767//583 768//583 769//583
f 769//584 768//584 770//584
f 769//585 770//585 771//585
f 771//586 770//586 772//586
f 771//587 772//587 773//587
f 773//588 772//588 774//588
f 773//589 774//589 775//589
f 775//590 774//590 776//590
f 775//591 776//591 777//591
f 777//592 776//592 778//592
f 777//593 778//593 779//593
f 779//594 778//594 780//594
f 779//595 780//595 781//595
f 781//596 780//596 782//596
f 781//597 782//597 783//597
f 783//598 782//598 784//598
f 783//599 784//599 761//599
f 761//600 784//600 762//600
f 785//601 786//601 787//601
f 785//602 787//602 788//602
f 788//603 787//603 789//603
f 788//604 789//604 790//604
f 790//605 789//605 791//605
f 790//606 791//606 792//606
f 792//607 791//607 793//607
f 792//608 793//608 794//608
f 794//609 793//609 795//609
f 794//610 795//610 796//610
f 796//611 795//611 797//611
f 796//612 797//612 798//612
f 798//613 797//613 799//613
f 798//614 799//614 800//614
f 800//615 799//615 801//615
f 800//616 801//616 802//616
f 802//617 801//617 803//617
f 802//618 803//618 804//618
f 804//619 803//619 805//619
f 804//620 805//620 806//620
f 807//621 808//621 809//621
f 809//622 808//622 810//622
f 809//623 810//623 811//623
f 811//624 810//624 812//624
f 811//625 812//625 813//625
f 813//626 812//626 814//626
f 813//627 814//627 815//627
f 815//628 814//628 816//628
f 815//629 816//629 817//629
f 817//630 816//630 818//630
f 817//631 818//631 819//631
f 819//632 818//632 820//632
f 819//633 820//633 821//633
f 821//634 820//634 822//634
f 821//635 822//635 823//635
f 823//636 822//636 824//636
f 823//637 824//637 825//637
f 825//638 824//638 826//638
f 825//639 826//639 827//639
f 827//640 826//640 828//640
f 827//641 828//641 829//641
f 829//642 828//642 830//642
f 829//643 830//643 831//643
f 831//644 830//644 832//644
f 831//645 832//645 833//645
f 833//646 832//646 834//646
f 833//647 834//647 835//647
f 835//648 834//648 836//648
f 835//649 836//649 837//649
f 837//650 836//650 838//650
f 837//651 838//651 807//651
f 807//652 838//652 808//652
f 806//653 805//653 839//653
f 840//653 841//653 842//653
f 842//653 841//653 843//653
f 842//653 843//653 839//653
f 839//653 843//653 844//653
f 839//653 844//653 806//653
f 845//654 844//654 846//654
f 846//654 844//654 843//654
f 847//655 848//655 849//655
f 849//655 848//655 850//655
f 849//655 850//655 851//655
f 852//655 853//655 854//655
f 854//655 853//655 855//655
f 854//655 855//655 856//655
f 857//655 858//655 859//655
f 859//655 858//655 860//655
f 859//655 860//655 861//655
f 861//655 860//655 862//655
f 863//655 864//655 850//655
f 850//655 864//655 865//655
f 850//655 865//655 851//655
f 847//655 866//655 848//655
f 848//655 866//655 867//655
f 848//655 867//655 868//655
f 869//655 848//655 870//655
f 862//655 863//655 861//655
f 861//655 863//655 850//655
f 861//655 850//655 871//655
f 871//655 850//655 872//655
f 871//655 872//655 873//655
f 873//655 872//655 874//655
f 873//655 874//655 875//655
f 875//655 874//655 876//655
f 875//655 876//655 855//655
f 855//655 876//655 877//655
f 855//655 877//655 856//655
f 870//655 848//655 878//655
f 878//655 848//655 868//655
f 878//655 868//655 857//655
f 857//655 868//655 879//655
f 857//655 879//655 858//655
f 870//655 880//655 869//655
f 869//655 880//655 881//655
f 869//655 881//655 882//655
f 882//655 881//655 883//655
f 852//655 884//655 853//655
f 853//655 884//655 885//655
f 853//655 885//655 883//655
f 883//655 885//655 886//655
f 883//655 886//655 882//655
f 887//656 888//656 889//656
f 786//656 785//656 890//656
f 890//656 785//656 850//656
f 890//656 850//656 889//656
f 889//656 850//656 848//656
f 889//656 848//656 887//656
f 888//601 887//601 891//601
f 888//602 891//602 892//602
f 892//603 891//603 893//603
f 892//604 893//604 894//604
f 894//605 893//605 895//605
f 894//606 895//606 896//606
f 896//607 895//607 897//607
f 896//608 897//608 898//608
f 898//609 897//609 899//609
f 898//610 899//610 900//610
f 900//611 899//611 901//611
f 900//612 901//612 902//612
f 902//613 901//613 903//613
f 902//614 903//614 904//614
f 904//615 903//615 905//615
f 904//616 905//616 906//616
f 906//617 905//617 907//617
f 906//618 907//618 908//618
f 908//619 907//619 841//619
f 908//620 841//620 840//620
f 909//621 910//621 911//621
f 911//622 910//622 912//622
f 911//623 912//623 913//623
f 913//624 912//624 914//624
f 913//625 914//625 915//625
f 915//626 914//626 916//626
f 915//627 916//627 917//627
f 917//628 916//628 918//628
f 917//629 918//629 919//629
f 919//630 918//630 920//630
f 919//631 920//631 921//631
f 921//632 920//632 922//632
f 921//633 922//633 923//633
f 923//634 922//634 924//634
f 923//635 924//635 925//635
f 925//636 924//636 926//636
f 925//637 926//637 927//637
f 927//638 926//638 928//638
f 927//639 928//639 929//639
f 929//640 928//640 930//640
f 929//641 930//641 931//641
f 931//642 930//642 932//642
f 931//643 932//643 933//643
f 933//644 932//644 934//644
f 933//645 934//645 935//645
f 935//646 934//646 936//646
f 935//647 936//647 937//647
f 937//648 936//648 938//648
f 937//649 938//649 939//649
f 939//650 938//650 940//650
f 939//651 940//651 909//651
f 909//652 940//652 910//652
f 941//657 942//657 825//657
f 943//657 815//657 944//657
f 944//657 815//657 817//657
f 943//657 945//657 815//657
f 815//657 945//657 946//657
f 815//657 946//657 947//657
f 844//657 948//657 949//657
f 946//657 950//657 947//657
f 947//657 950//657 951//657
f 947//657 951//657 845//657
f 845//657 951//657 952//657
f 845//657 952//657 844//657
f 844//657 952//657 953//657
f 844//657 953//657 948//657
f 817//657 819//657 944//657
f 944//657 819//657 821//657
f 944//657 821//657 942//657
f 942//657 821//657 823//657
f 942//657 823//657 825//657
f 954//657 872//657 947//657
f 947//657 872//657 850//657
f 947//657 850//657 815//657
f 815//657 850//657 785//657
f 815//657 785//657 813//657
f 813//657 785//657 788//657
f 813//657 788//657 811//657
f 811//657 788//657 790//657
f 811//657 790//657 809//657
f 809//657 790//657 792//657
f 809//657 792//657 807//657
f 807//657 792//657 794//657
f 807//657 794//657 837//657
f 794//657 796//657 837//657
f 837//657 796//657 798//657
f 837//657 798//657 835//657
f 835//657 798//657 800//657
f 835//657 800//657 833//657
f 833//657 800//657 802//657
f 833//657 802//657 831//657
f 831//657 802//657 804//657
f 831//657 804//657 829//657
f 829//657 804//657 806//657
f 829//657 806//657 827//657
f 827//657 806//657 844//657
f 827//657 844//657 825//657
f 825//657 844//657 949//657
f 825//657 949//657 941//657
f 914//658 912//658 895//658
f 869//658 955//658 848//658
f 848//658 955//658 956//658
f 848//658 957//658 958//658
f 956//658 959//658 960//658
f 848//658 958//658 887//658
f 956//658 846//658 959//658
f 959//658 846//658 843//658
f 959//658 843//658 961//658
f 961//658 843//658 841//658
f 961//658 841//658 962//658
f 962//658 841//658 963//658
f 960//658 964//658 956//658
f 956//658 964//658 965//658
f 956//658 965//658 848//658
f 848//658 965//658 966//658
f 848//658 966//658 957//658
f 922//658 920//658 967//658
f 967//658 920//658 887//658
f 967//658 887//658 968//658
f 968//658 887//658 958//658
f 895//658 912//658 897//658
f 897//658 912//658 910//658
f 897//658 910//658 899//658
f 899//658 910//658 940//658
f 899//658 940//658 901//658
f 901//658 940//658 938//658
f 901//658 938//658 903//658
f 903//658 938//658 905//658
f 905//658 938//658 936//658
f 905//658 936//658 907//658
f 907//658 936//658 934//658
f 907//658 934//658 841//658
f 963//658 926//658 967//658
f 967//658 926//658 924//658
f 967//658 924//658 922//658
f 920//658 918//658 887//658
f 887//658 918//658 916//658
f 887//658 916//658 891//658
f 891//658 916//658 914//658
f 891//658 914//658 893//658
f 893//658 914//658 895//658
f 934//658 932//658 841//658
f 841//658 932//658 930//658
f 841//658 930//658 963//658
f 963//658 930//658 928//658
f 963//658 928//658 926//658
f 964//659 952//659 965//659
f 965//660 952//660 951//660
f 965//661 951//661 966//661
f 966//662 951//662 950//662
f 966//663 950//663 957//663
f 957//664 950//664 946//664
f 957//665 946//665 958//665
f 958//666 946//666 945//666
f 958//667 945//667 968//667
f 968//668 945//668 943//668
f 968//669 943//669 967//669
f 967//670 943//670 944//670
f 967//671 944//671 963//671
f 963//672 944//672 942//672
f 963//673 942//673 962//673
f 962//674 942//674 941//674
f 962//675 941//675 961//675
f 961//676 941//676 949//676
f 961//677 949//677 959//677
f 959//678 949//678 948//678
f 959//679 948//679 960//679
f 960//680 948//680 953//680
f 960//681 953//681 964//681
f 964//682 953//682 952//682
f 889//683 842//683 890//683
f 890//683 842//683 839//683
f 836//658 799//658 797//658
f 786//658 814//658 787//658
f 787//658 814//658 812//658
f 836//658 797//658 838//658
f 838//658 797//658 795//658
f 838//658 795//658 808//658
f 808//658 795//658 793//658
f 808//658 793//658 810//658
f 810//658 793//658 791//658
f 810//658 791//658 812//658
f 812//658 791//658 789//658
f 812//658 789//658 787//658
f 822//658 890//658 824//658
f 824//658 890//658 839//658
f 824//658 839//658 826//658
f 822//658 820//658 890//658
f 890//658 820//658 818//658
f 890//658 818//658 786//658
f 786//658 818//658 816//658
f 786//658 816//658 814//658
f 799//658 836//658 801//658
f 801//658 836//658 834//658
f 801//658 834//658 803//658
f 803//658 834//658 832//658
f 803//658 832//658 805//658
f 805//658 832//658 830//658
f 805//658 830//658 839//658
f 839//658 830//658 828//658
f 839//658 828//658 826//658
f 925//657 927//657 842//657
f 842//657 927//657 929//657
f 842//657 929//657 840//657
f 840//657 929//657 931//657
f 840//657 931//657 908//657
f 908//657 931//657 933//657
f 908//657 933//657 906//657
f 906//657 933//657 935//657
f 906//657 935//657 904//657
f 904//657 935//657 937//657
f 904//657 937//657 902//657
f 902//657 937//657 939//657
f 902//657 939//657 900//657
f 925//657 842//657 923//657
f 923//657 842//657 889//657
f 923//657 889//657 921//657
f 900//657 939//657 898//657
f 898//657 939//657 909//657
f 898//657 909//657 896//657
f 896//657 909//657 911//657
f 896//657 911//657 894//657
f 894//657 911//657 913//657
f 894//657 913//657 892//657
f 892//657 913//657 915//657
f 892//657 915//657 888//657
f 888//657 915//657 917//657
f 888//657 917//657 889//657
f 889//657 917//657 919//657
f 889//657 919//657 921//657
f 852//684 854//684 969//684
f 969//684 854//684 970//684
f 748//685 746//685 947//685
f 971//685 972//685 784//685
f 784//685 972//685 969//685
f 784//685 969//685 762//685
f 956//685 752//685 947//685
f 947//685 752//685 750//685
f 947//685 750//685 748//685
f 760//685 758//685 955//685
f 955//685 758//685 756//685
f 955//685 756//685 956//685
f 956//685 756//685 754//685
f 956//685 754//685 752//685
f 738//685 780//685 778//685
f 738//685 760//685 780//685
f 780//685 760//685 955//685
f 780//685 955//685 782//685
f 782//685 955//685 973//685
f 782//685 973//685 784//685
f 784//685 973//685 974//685
f 784//685 974//685 971//685
f 947//685 772//685 770//685
f 975//685 764//685 976//685
f 976//685 764//685 762//685
f 976//685 762//685 970//685
f 970//685 762//685 969//685
f 947//685 770//685 954//685
f 770//685 768//685 954//685
f 954//685 768//685 766//685
f 954//685 766//685 977//685
f 977//685 766//685 764//685
f 977//685 764//685 978//685
f 978//685 764//685 975//685
f 778//685 776//685 738//685
f 738//685 776//685 774//685
f 738//685 774//685 740//685
f 740//685 774//685 772//685
f 740//685 772//685 742//685
f 742//685 772//685 947//685
f 742//685 947//685 744//685
f 744//685 947//685 746//685
f 947//684 845//684 956//684
f 956//684 845//684 846//684
f 761//655 979//655 783//655
f 783//655 979//655 980//655
f 783//655 980//655 781//655
f 781//655 980//655 981//655
f 781//655 981//655 779//655
f 779//655 981//655 982//655
f 779//655 982//655 777//655
f 777//655 982//655 983//655
f 777//655 983//655 775//655
f 775//655 983//655 984//655
f 775//655 984//655 773//655
f 773//655 984//655 985//655
f 773//655 985//655 771//655
f 771//655 985//655 986//655
f 771//655 986//655 769//655
f 769//655 986//655 987//655
f 769//655 987//655 767//655
f 767//655 987//655 988//655
f 767//655 988//655 765//655
f 765//655 988//655 989//655
f 765//655 989//655 763//655
f 763//655 989//655 990//655
f 763//655 990//655 761//655
f 761//655 990//655 991//655
f 761//655 991//655 979//655
f 985//686 857//686 986//686
f 986//687 857//687 859//687
f 986//688 859//688 987//688
f 987//689 859//689 861//689
f 987//690 861//690 988//690
f 988//691 861//691 871//691
f 988//692 871//692 989//692
f 989//693 871//693 873//693
f 989//694 873//694 990//694
f 990//695 873//695 875//695
f 990//696 875//696 991//696
f 991//697 875//697 855//697
f 991//698 855//698 979//698
f 979//699 855//699 853//699
f 979//700 853//700 980//700
f 980//701 853//701 883//701
f 980//702 883//702 981//702
f 981//703 883//703 881//703
f 981//704 881//704 982//704
f 982//705 881//705 880//705
f 982//706 880//706 983//706
f 983//707 880//707 870//707
f 983//708 870//708 984//708
f 984//709 870//709 878//709
f 984//710 878//710 985//710
f 985//711 878//711 857//711
f 737//655 992//655 759//655
f 759//655 992//655 993//655
f 759//655 993//655 757//655
f 757//655 993//655 994//655
f 757//655 994//655 755//655
f 755//655 994//655 995//655
f 755//655 995//655 753//655
f 753//655 995//655 996//655
f 753//655 996//655 751//655
f 751//655 996//655 997//655
f 751//655 997//655 749//655
f 749//655 997//655 998//655
f 749//655 998//655 747//655
f 747//655 998//655 999//655
f 747//655 999//655 745//655
f 745//655 999//655 1000//655
f 745//655 1000//655 743//655
f 743//655 1000//655 1001//655
f 743//655 1001//655 741//655
f 741//655 1001//655 1002//655
f 741//655 1002//655 739//655
f 739//655 1002//655 1003//655
f 739//655 1003//655 737//655
f 737//655 1003//655 1004//655
f 737//655 1004//655 992//655
f 998//686 849//686 999//686
f 999//687 849//687 851//687
f 999//688 851//688 1000//688
f 1000//689 851//689 865//689
f 1000//690 865//690 1001//690
f 1001//691 865//691 864//691
f 1001//692 864//692 1002//692
f 1002//693 864//693 863//693
f 1002//694 863//694 1003//694
f 1003//695 863//695 862//695
f 1003//696 862//696 1004//696
f 1004//697 862//697 860//697
f 1004//698 860//698 992//698
f 992//699 860//699 858//699
f 992//700 858//700 993//700
f 993//701 858//701 879//701
f 993//702 879//702 994//702
f 994//703 879//703 868//703
f 994//704 868//704 995//704
f 995//705 868//705 867//705
f 995//706 867//706 996//706
f 996//707 867//707 866//707
f 996//708 866//708 997//708
f 997//709 866//709 847//709
f 997//710 847//710 998//710
f 998//711 847//711 849//711
f 955//712 869//712 882//712
f 955//713 882//713 973//713
f 973//714 882//714 886//714
f 973//715 886//715 974//715
f 974//716 886//716 885//716
f 974//717 885//717 971//717
f 971//718 885//718 884//718
f 971//719 884//719 972//719
f 972//720 884//720 852//720
f 972//721 852//721 969//721
f 872//722 954//722 977//722
f 872//723 977//723 874//723
f 874//724 977//724 978//724
f 874//725 978//725 876//725
f 876//726 978//726 975//726
f 876//727 975//727 877//727
f 877//728 975//728 976//728
f 877//729 976//729 856//729
f 856//730 976//730 970//730
f 856//731 970//731 854//731
f 1005//732 1006//732 1007//732
f 1007//732 1006//732 1008//732
f 1007//732 1008//732 1009//732
f 1009//732 1008//732 1010//732
f 1009//732 1010//732 1011//732
f 1011//732 1010//732 1012//732
f 1011//732 1012//732 1013//732
f 1013//732 1012//732 1014//732
f 1013//732 1014//732 1015//732
f 1015//732 1014//732 1016//732
f 1015//732 1016//732 1017//732
f 1017//732 1016//732 1018//732
f 1017//732 1018//732 1019//732
f 1019//732 1018//732 1020//732
f 1019//732 1020//732 1021//732
f 1022//732 1023//732 1024//732
f 1024//732 1023//732 1025//732
f 1024//732 1025//732 1026//732
f 1026//732 1025//732 1027//732
f 1026//732 1027//732 1028//732
f 1028//732 1027//732 1029//732
f 1028//732 1029//732 1030//732
f 1030//732 1029//732 1031//732
f 1030//732 1031//732 1032//732
f 1032//732 1031//732 1033//732
f 1032//732 1033//732 1034//732
f 1034//732 1033//732 1035//732
f 1034//732 1035//732 1036//732
f 1036//732 1035//732 1037//732
f 1036//732 1037//732 1005//732
f 1005//732 1037//732 1038//732
f 1005//732 1038//732 1006//732
f 1020//732 1039//732 1021//732
f 1021//732 1039//732 1040//732
f 1021//732 1040//732 1041//732
f 1041//732 1040//732 1042//732
f 1041//732 1042//732 1043//732
f 1043//732 1042//732 1044//732
f 1043//732 1044//732 1045//732
f 1045//732 1044//732 1046//732
f 1045//732 1046//732 1047//732
f 1047//732 1046//732 1048//732
f 1047//732 1048//732 1049//732
f 1049//732 1048//732 1050//732
f 1049//732 1050//732 1051//732
f 1051//732 1050//732 1052//732
f 1051//732 1052//732 1053//732
f 1053//732 1052//732 1054//732
f 1053//732 1054//732 1055//732
f 1055//732 1054//732 1056//732
f 1055//732 1056//732 1022//732
f 1022//732 1056//732 1057//732
f 1022//732 1057//732 1023//732
f 1040//733 1058//733 1042//733
f 1042//734 1058//734 1059//734
f 1042//735 1059//735 1044//735
f 1044//736 1059//736 1060//736
f 1044//737 1060//737 1046//737
f 1046//738 1060//738 1061//738
f 1046//739 1061//739 1048//739
f 1048//740 1061//740 1062//740
f 1048//741 1062//741 1050//741
f 1050//742 1062//742 1063//742
f 1050//743 1063//743 1052//743
f 1052//744 1063//744 1064//744
f 1052//745 1064//745 1054//745
f 1054//746 1064//746 1065//746
f 1054//747 1065//747 1056//747
f 1056//748 1065//748 1066//748
f 1056//749 1066//749 1057//749
f 1057//750 1066//750 1067//750
f 1057//751 1067//751 1023//751
f 1023//752 1067//752 1068//752
f 1023//753 1068//753 1025//753
f 1025//754 1068//754 1069//754
f 1025//755 1069//755 1027//755
f 1027//756 1069//756 1070//756
f 1027//757 1070//757 1029//757
f 1029//758 1070//758 1071//758
f 1029//759 1071//759 1031//759
f 1031//760 1071//760 1072//760
f 1031//761 1072//761 1033//761
f 1033//762 1072//762 1073//762
f 1033//763 1073//763 1035//763
f 1035//764 1073//764 1074//764
f 1035//765 1074//765 1037//765
f 1037//766 1074//766 1075//766
f 1037//767 1075//767 1038//767
f 1038//768 1075//768 1076//768
f 1038//769 1076//769 1006//769
f 1006//770 1076//770 1077//770
f 1006//771 1077//771 1008//771
f 1008//772 1077//772 1078//772
f 1008//773 1078//773 1010//773
f 1010//774 1078//774 1079//774
f 1010//775 1079//775 1012//775
f 1012//776 1079//776 1080//776
f 1012//777 1080//777 1014//777
f 1014//778 1080//778 1081//778
f 1014//779 1081//779 1016//779
f 1016//780 1081//780 1082//780
f 1016//781 1082//781 1018//781
f 1018//782 1082//782 1083//782
f 1018//783 1083//783 1020//783
f 1020//784 1083//784 1084//784
f 1020//785 1084//785 1039//785
f 1039//786 1084//786 1085//786
f 1039//787 1085//787 1040//787
f 1040//788 1085//788 1058//788
f 1030//789 1086//789 1028//789
f 1028//790 1086//790 1087//790
f 1028//791 1087//791 1026//791
f 1026//792 1087//792 1088//792
f 1026//793 1088//793 1024//793
f 1024//794 1088//794 1089//794
f 1024//795 1089//795 1022//795
f 1022//796 1089//796 1090//796
f 1022//797 1090//797 1055//797
f 1055//798 1090//798 1091//798
f 1055//799 1091//799 1053//799
f 1053//800 1091//800 1092//800
f 1053//801 1092//801 1051//801
f 1051//802 1092//802 1093//802
f 1051//803 1093//803 1049//803
f 1049//804 1093//804 1094//804
f 1049//805 1094//805 1047//805
f 1047//806 1094//806 1095//806
f 1047//807 1095//807 1045//807
f 1045//808 1095//808 1096//808
f 1045//809 1096//809 1043//809
f 1043//810 1096//810 1097//810
f 1043//811 1097//811 1041//811
f 1041//812 1097//812 1098//812
f 1041//813 1098//813 1021//813
f 1021//814 1098//814 1099//814
f 1021//815 1099//815 1019//815
f 1019//816 1099//816 1100//816
f 1019//817 1100//817 1017//817
f 1017//818 1100//818 1101//818
f 1017//819 1101//819 1015//819
f 1015//820 1101//820 1102//820
f 1015//821 1102//821 1013//821
f 1013//822 1102//822 1103//822
f 1013//823 1103//823 1011//823
f 1011//824 1103//824 1104//824
f 1011//825 1104//825 1009//825
f 1009//826 1104//826 1105//826
f 1009//827 1105//827 1007//827
f 1007//828 1105//828 1106//828
f 1007//829 1106//829 1005//829
f 1005//830 1106//830 1107//830
f 1005//831 1107//831 1036//831
f 1036//832 1107//832 1108//832
f 1036//833 1108//833 1034//833
f 1034//834 1108//834 1109//834
f 1034//835 1109//835 1032//835
f 1032//836 1109//836 1110//836
f 1032//837 1110//837 1030//837
f 1030//838 1110//838 1086//838
f 1082//732 1111//732 1083//732
f 1083//732 1111//732 1112//732
f 1083//732 1112//732 1084//732
f 1084//732 1112//732 1113//732
f 1084//732 1113//732 1085//732
f 1085//732 1113//732 1114//732
f 1085//732 1114//732 1058//732
f 1058//732 1114//732 1115//732
f 1058//732 1115//732 1059//732
f 1076//732 1116//732 1077//732
f 1077//732 1116//732 1117//732
f 1077//732 1117//732 1078//732
f 1078//732 1117//732 1118//732
f 1078//732 1118//732 1079//732
f 1079//732 1118//732 1119//732
f 1079//732 1119//732 1080//732
f 1080//732 1119//732 1120//732
f 1080//732 1120//732 1081//732
f 1081//732 1120//732 1121//732
f 1081//732 1121//732 1082//732
f 1082//732 1121//732 1122//732
f 1082//732 1122//732 1111//732
f 1115//732 1123//732 1059//732
f 1059//732 1123//732 1124//732
f 1059//732 1124//732 1060//732
f 1060//732 1124//732 1125//732
f 1060//732 1125//732 1061//732
f 1061//732 1125//732 1126//732
f 1061//732 1126//732 1062//732
f 1062//732 1126//732 1127//732
f 1062//732 1127//732 1063//732
f 1063//732 1127//732 1128//732
f 1063//732 1128//732 1064//732
f 1064//732 1128//732 1129//732
f 1064//732 1129//732 1065//732
f 1070//732 1130//732 1071//732
f 1071//732 1130//732 1131//732
f 1071//732 1131//732 1072//732
f 1072//732 1131//732 1132//732
f 1072//732 1132//732 1073//732
f 1073//732 1132//732 1133//732
f 1073//732 1133//732 1074//732
f 1074//732 1133//732 1134//732
f 1074//732 1134//732 1075//732
f 1075//732 1134//732 1135//732
f 1075//732 1135//732 1076//732
f 1076//732 1135//732 1136//732
f 1076//732 1136//732 1116//732
f 1129//732 1137//732 1065//732
f 1065//732 1137//732 1138//732
f 1065//732 1138//732 1066//732
f 1066//732 1138//732 1139//732
f 1066//732 1139//732 1067//732
f 1067//732 1139//732 1140//732
f 1067//732 1140//732 1068//732
f 1068//732 1140//732 1141//732
f 1068//732 1141//732 1069//732
f 1069//732 1141//732 1142//732
f 1069//732 1142//732 1070//732
f 1070//732 1142//732 1143//732
f 1070//732 1143//732 1130//732
f 1099//839 1144//839 1100//839
f 1100//839 1144//839 1145//839
f 1100//839 1145//839 1101//839
f 1101//839 1145//839 1146//839
f 1101//839 1146//839 1102//839
f 1102//839 1146//839 1147//839
f 1102//839 1147//839 1103//839
f 1103//839 1147//839 1148//839
f 1103//839 1148//839 1104//839
f 1104//839 1148//839 1149//839
f 1104//839 1149//839 1105//839
f 1105//839 1149//839 1150//839
f 1105//839 1150//839 1106//839
f 1106//839 1150//839 1151//839
f 1106//839 1151//839 1107//839
f 1090//839 1152//839 1091//839
f 1091//839 1152//839 1153//839
f 1091//839 1153//839 1092//839
f 1092//839 1153//839 1154//839
f 1092//839 1154//839 1093//839
f 1093//839 1154//839 1155//839
f 1093//839 1155//839 1094//839
f 1094//839 1155//839 1156//839
f 1094//839 1156//839 1095//839
f 1095//839 1156//839 1157//839
f 1095//839 1157//839 1096//839
f 1096//839 1157//839 1158//839
f 1096//839 1158//839 1097//839
f 1097//839 1158//839 1159//839
f 1097//839 1159//839 1098//839
f 1098//839 1159//839 1160//839
f 1098//839 1160//839 1099//839
f 1099//839 1160//839 1161//839
f 1099//839 1161//839 1144//839
f 1151//839 1162//839 1107//839
f 1107//839 1162//839 1163//839
f 1107//839 1163//839 1108//839
f 1108//839 1163//839 1164//839
f 1108//839 1164//839 1109//839
f 1109//839 1164//839 1165//839
f 1109//839 1165//839 1110//839
f 1110//839 1165//839 1166//839
f 1110//839 1166//839 1086//839
f 1086//839 1166//839 1167//839
f 1086//839 1167//839 1087//839
f 1087//839 1167//839 1168//839
f 1087//839 1168//839 1088//839
f 1088//839 1168//839 1169//839
f 1088//839 1169//839 1089//839
f 1089//839 1169//839 1170//839
f 1089//839 1170//839 1090//839
f 1090//839 1170//839 1171//839
f 1090//839 1171//839 1152//839
f 1114//840 1172//840 1115//840
f 1115//841 1172//841 1173//841
f 1115//842 1173//842 1123//842
f 1123//843 1173//843 1174//843
f 1123//844 1174//844 1124//844
f 1124//845 1174//845 1175//845
f 1124//846 1175//846 1125//846
f 1125//847 1175//847 1176//847
f 1125//848 1176//848 1126//848
f 1126//849 1176//849 1177//849
f 1126//850 1177//850 1127//850
f 1127//851 1177//851 1178//851
f 1127//852 1178//852 1128//852
f 1128//853 1178//853 1179//853
f 1128//854 1179//854 1129//854
f 1129//855 1179//855 1180//855
f 1129//856 1180//856 1137//856
f 1137//857 1180//857 1181//857
f 1137//858 1181//858 1138//858
f 1138//859 1181//859 1182//859
f 1138//860 1182//860 1139//860
f 1139//861 1182//861 1183//861
f 1139//862 1183//862 1140//862
f 1140//863 1183//863 1184//863
f 1140//864 1184//864 1141//864
f 1141//865 1184//865 1185//865
f 1141//866 1185//866 1142//866
f 1142//867 1185//867 1186//867
f 1142//868 1186//868 1143//868
f 1143//869 1186//869 1187//869
f 1143//870 1187//870 1130//870
f 1130//871 1187//871 1188//871
f 1130//872 1188//872 1131//872
f 1131//873 1188//873 1189//873
f 1131//874 1189//874 1132//874
f 1132//875 1189//875 1190//875
f 1132//876 1190//876 1133//876
f 1133//877 1190//877 1191//877
f 1133//878 1191//878 1134//878
f 1134//879 1191//879 1192//879
f 1134//880 1192//880 1135//880
f 1135//881 1192//881 1193//881
f 1135//882 1193//882 1136//882
f 1136//883 1193//883 1194//883
f 1136//884 1194//884 1116//884
f 1116//885 1194//885 1195//885
f 1116//886 1195//886 1117//886
f 1117//887 1195//887 1196//887
f 1117//888 1196//888 1118//888
f 1118//889 1196//889 1197//889
f 1118//890 1197//890 1119//890
f 1119//891 1197//891 1198//891
f 1119//892 1198//892 1120//892
f 1120//893 1198//893 1199//893
f 1120//894 1199//894 1121//894
f 1121//895 1199//895 1200//895
f 1121//896 1200//896 1122//896
f 1122//897 1200//897 1201//897
f 1122//898 1201//898 1111//898
f 1111//899 1201//899 1202//899
f 1111//900 1202//900 1112//900
f 1112//901 1202//901 1203//901
f 1112//902 1203//902 1113//902
f 1113//903 1203//903 1204//903
f 1113//904 1204//904 1114//904
f 1114//905 1204//905 1172//905
f 1167//758 1205//758 1168//758
f 1168//906 1205//906 1206//906
f 1168//756 1206//756 1169//756
f 1169//755 1206//755 1207//755
f 1169//754 1207//754 1170//754
f 1170//907 1207//907 1208//907
f 1170//908 1208//908 1171//908
f 1171//751 1208//751 1209//751
f 1171//909 1209//909 1152//909
f 1152//749 1209//749 1210//749
f 1152//910 1210//910 1153//910
f 1153//747 1210//747 1211//747
f 1153//746 1211//746 1154//746
f 1154//745 1211//745 1212//745
f 1154//744 1212//744 1155//744
f 1155//911 1212//911 1213//911
f 1155//742 1213//742 1156//742
f 1156//741 1213//741 1214//741
f 1156//740 1214//740 1157//740
f 1157//912 1214//912 1215//912
f 1157//913 1215//913 1158//913
f 1158//737 1215//737 1216//737
f 1158//914 1216//914 1159//914
f 1159//735 1216//735 1217//735
f 1159//915 1217//915 1160//915
f 1160//733 1217//733 1218//733
f 1160//788 1218//788 1161//788
f 1161//787 1218//787 1219//787
f 1161//786 1219//786 1144//786
f 1144//916 1219//916 1220//916
f 1144//784 1220//784 1145//784
f 1145//783 1220//783 1221//783
f 1145//782 1221//782 1146//782
f 1146//917 1221//917 1222//917
f 1146//918 1222//918 1147//918
f 1147//779 1222//779 1223//779
f 1147//919 1223//919 1148//919
f 1148//777 1223//777 1224//777
f 1148//920 1224//920 1149//920
f 1149//775 1224//775 1225//775
f 1149//774 1225//774 1150//774
f 1150//773 1225//773 1226//773
f 1150//772 1226//772 1151//772
f 1151//921 1226//921 1227//921
f 1151//770 1227//770 1162//770
f 1162//769 1227//769 1228//769
f 1162//768 1228//768 1163//768
f 1163//922 1228//922 1229//922
f 1163//923 1229//923 1164//923
f 1164//765 1229//765 1230//765
f 1164//924 1230//924 1165//924
f 1165//763 1230//763 1231//763
f 1165//925 1231//925 1166//925
f 1166//761 1231//761 1232//761
f 1166//760 1232//760 1167//760
f 1167//759 1232//759 1205//759
f 1201//732 1233//732 1202//732
f 1202//732 1233//732 1234//732
f 1202//732 1234//732 1203//732
f 1203//732 1234//732 1235//732
f 1203//732 1235//732 1204//732
f 1204//732 1235//732 1236//732
f 1204//732 1236//732 1172//732
f 1172//732 1236//732 1237//732
f 1172//732 1237//732 1173//732
f 1173//732 1237//732 1238//732
f 1173//732 1238//732 1174//732
f 1174//732 1238//732 1239//732
f 1174//732 1239//732 1175//732
f 1239//732 1240//732 1175//732
f 1175//732 1240//732 1241//732
f 1175//732 1241//732 1176//732
f 1176//732 1241//732 1242//732
f 1176//732 1242//732 1177//732
f 1177//732 1242//732 1243//732
f 1177//732 1243//732 1178//732
f 1178//732 1243//732 1244//732
f 1178//732 1244//732 1179//732
f 1179//732 1244//732 1245//732
f 1179//732 1245//732 1180//732
f 1180//732 1245//732 1246//732
f 1180//732 1246//732 1181//732
f 1195//732 1247//732 1196//732
f 1196//732 1247//732 1248//732
f 1196//732 1248//732 1197//732
f 1197//732 1248//732 1249//732
f 1197//732 1249//732 1198//732
f 1198//732 1249//732 1250//732
f 1198//732 1250//732 1199//732
f 1199//732 1250//732 1251//732
f 1199//732 1251//732 1200//732
f 1200//732 1251//732 1252//732
f 1200//732 1252//732 1201//732
f 1201//732 1252//732 1253//732
f 1201//732 1253//732 1233//732
f 1188//732 1254//732 1189//732
f 1189//732 1254//732 1255//732
f 1189//732 1255//732 1190//732
f 1190//732 1255//732 1256//732
f 1190//732 1256//732 1191//732
f 1191//732 1256//732 1257//732
f 1191//732 1257//732 1192//732
f 1192//732 1257//732 1258//732
f 1192//732 1258//732 1193//732
f 1193//732 1258//732 1259//732
f 1193//732 1259//732 1194//732
f 1194//732 1259//732 1260//732
f 1194//732 1260//732 1195//732
f 1195//732 1260//732 1261//732
f 1195//732 1261//732 1247//732
f 1246//732 1262//732 1181//732
f 1181//732 1262//732 1263//732
f 1181//732 1263//732 1182//732
f 1182//732 1263//732 1264//732
f 1182//732 1264//732 1183//732
f 1183//732 1264//732 1265//732
f 1183//732 1265//732 1184//732
f 1184//732 1265//732 1266//732
f 1184//732 1266//732 1185//732
f 1185//732 1266//732 1267//732
f 1185//732 1267//732 1186//732
f 1186//732 1267//732 1268//732
f 1186//732 1268//732 1187//732
f 1187//732 1268//732 1269//732
f 1187//732 1269//732 1188//732
f 1188//732 1269//732 1270//732
f 1188//732 1270//732 1254//732
f 1229//839 1271//839 1230//839
f 1230//839 1271//839 1272//839
f 1230//839 1272//839 1231//839
f 1231//839 1272//839 1273//839
f 1231//839 1273//839 1232//839
f 1232//839 1273//839 1274//839
f 1232//839 1274//839 1205//839
f 1205//839 1274//839 1275//839
f 1205//839 1275//839 1206//839
f 1223//839 1276//839 1224//839
f 1224//839 1276//839 1277//839
f 1224//839 1277//839 1225//839
f 1225//839 1277//839 1278//839
f 1225//839 1278//839 1226//839
f 1226//839 1278//839 1279//839
f 1226//839 1279//839 1227//839
f 1227//839 1279//839 1280//839
f 1227//839 1280//839 1228//839
f 1228//839 1280//839 1281//839
f 1228//839 1281//839 1229//839
f 1229//839 1281//839 1282//839
f 1229//839 1282//839 1271//839
f 1275//839 1283//839 1206//839
f 1206//839 1283//839 1284//839
f 1206//839 1284//839 1207//839
f 1207//839 1284//839 1285//839
f 1207//839 1285//839 1208//839
f 1208//839 1285//839 1286//839
f 1208//839 1286//839 1209//839
f 1209//839 1286//839 1287//839
f 1209//839 1287//839 1210//839
f 1210//839 1287//839 1288//839
f 1210//839 1288//839 1211//839
f 1211//839 1288//839 1289//839
f 1211//839 1289//839 1212//839
f 1217//839 1290//839 1218//839
f 1218//839 1290//839 1291//839
f 1218//839 1291//839 1219//839
f 1219//839 1291//839 1292//839
f 1219//839 1292//839 1220//839
f 1220//839 1292//839 1293//839
f 1220//839 1293//839 1221//839
f 1221//839 1293//839 1294//839
f 1221//839 1294//839 1222//839
f 1222//839 1294//839 1295//839
f 1222//839 1295//839 1223//839
f 1223//839 1295//839 1296//839
f 1223//839 1296//839 1276//839
f 1289//839 1297//839 1212//839
f 1212//839 1297//839 1298//839
f 1212//839 1298//839 1213//839
f 1213//839 1298//839 1299//839
f 1213//839 1299//839 1214//839
f 1214//839 1299//839 1300//839
f 1214//839 1300//839 1215//839
f 1215//839 1300//839 1301//839
f 1215//839 1301//839 1216//839
f 1216//839 1301//839 1302//839
f 1216//839 1302//839 1217//839
f 1217//839 1302//839 1303//839
f 1217//839 1303//839 1290//839
f 1304//926 1270//926 1305//926
f 1305//927 1270//927 1269//927
f 1305//928 1269//928 1306//928
f 1306//929 1269//929 1268//929
f 1306//930 1268//930 1307//930
f 1307//931 1268//931 1267//931
f 1307//932 1267//932 1308//932
f 1308//933 1267//933 1266//933
f 1308//934 1266//934 1309//934
f 1309//935 1266//935 1265//935
f 1309//936 1265//936 1310//936
f 1310//937 1265//937 1264//937
f 1310//938 1264//938 1311//938
f 1311//939 1264//939 1263//939
f 1311//940 1263//940 1312//940
f 1312//941 1263//941 1262//941
f 1312//942 1262//942 1313//942
f 1313//943 1262//943 1246//943
f 1313//944 1246//944 1314//944
f 1314//945 1246//945 1245//945
f 1314//946 1245//946 1315//946
f 1315//947 1245//947 1244//947
f 1315//948 1244//948 1316//948
f 1316//949 1244//949 1243//949
f 1316//950 1243//950 1317//950
f 1317//951 1243//951 1242//951
f 1317//952 1242//952 1318//952
f 1318//953 1242//953 1241//953
f 1318//954 1241//954 1319//954
f 1319//955 1241//955 1240//955
f 1319//956 1240//956 1320//956
f 1320//957 1240//957 1239//957
f 1320//958 1239//958 1321//958
f 1321//959 1239//959 1238//959
f 1321//960 1238//960 1322//960
f 1322//961 1238//961 1237//961
f 1322//962 1237//962 1323//962
f 1323//963 1237//963 1236//963
f 1323//964 1236//964 1324//964
f 1324//965 1236//965 1235//965
f 1324//966 1235//966 1325//966
f 1325//967 1235//967 1234//967
f 1325//968 1234//968 1326//968
f 1326//969 1234//969 1233//969
f 1326//970 1233//970 1327//970
f 1327//971 1233//971 1253//971
f 1327//972 1253//972 1328//972
f 1328//973 1253//973 1252//973
f 1328//974 1252//974 1329//974
f 1329//975 1252//975 1251//975
f 1329//976 1251//976 1330//976
f 1330//977 1251//977 1250//977
f 1330//978 1250//978 1331//978
f 1331//979 1250//979 1249//979
f 1331//980 1249//980 1332//980
f 1332//981 1249//981 1248//981
f 1332//982 1248//982 1333//982
f 1333//983 1248//983 1247//983
f 1333//984 1247//984 1334//984
f 1334//985 1247//985 1261//985
f 1334//986 1261//986 1335//986
f 1335//987 1261//987 1260//987
f 1335//988 1260//988 1336//988
f 1336//989 1260//989 1259//989
f 1336//990 1259//990 1337//990
f 1337//991 1259//991 1258//991
f 1337//992 1258//992 1338//992
f 1338//993 1258//993 1257//993
f 1338//994 1257//994 1339//994
f 1339//995 1257//995 1256//995
f 1339//996 1256//996 1340//996
f 1340//997 1256//997 1255//997
f 1340//998 1255//998 1341//998
f 1341//999 1255//999 1254//999
f 1341//1000 1254//1000 1304//1000
f 1304//1001 1254//1001 1270//1001
f 1274//1002 1342//1002 1275//1002
f 1275//1003 1342//1003 1343//1003
f 1275//1004 1343//1004 1283//1004
f 1283//1005 1343//1005 1344//1005
f 1283//1006 1344//1006 1284//1006
f 1284//1007 1344//1007 1345//1007
f 1284//1008 1345//1008 1285//1008
f 1285//1009 1345//1009 1346//1009
f 1285//1010 1346//1010 1286//1010
f 1286//1011 1346//1011 1347//1011
f 1286//1012 1347//1012 1287//1012
f 1287//1013 1347//1013 1348//1013
f 1287//1014 1348//1014 1288//1014
f 1288//1015 1348//1015 1349//1015
f 1288//1016 1349//1016 1289//1016
f 1289//1017 1349//1017 1350//1017
f 1289//1018 1350//1018 1297//1018
f 1297//1019 1350//1019 1351//1019
f 1297//1020 1351//1020 1298//1020
f 1298//1021 1351//1021 1352//1021
f 1298//1022 1352//1022 1299//1022
f 1299//1023 1352//1023 1353//1023
f 1299//1024 1353//1024 1300//1024
f 1300//1025 1353//1025 1354//1025
f 1300//1026 1354//1026 1301//1026
f 1301//1027 1354//1027 1355//1027
f 1301//1028 1355//1028 1302//1028
f 1302//1029 1355//1029 1356//1029
f 1302//1030 1356//1030 1303//1030
f 1303//1031 1356//1031 1357//1031
f 1303//1032 1357//1032 1290//1032
f 1290//1033 1357//1033 1358//1033
f 1290//1034 1358//1034 1291//1034
f 1291//1035 1358//1035 1359//1035
f 1291//1036 1359//1036 1292//1036
f 1292//1037 1359//1037 1360//1037
f 1292//1038 1360//1038 1293//1038
f 1293//1039 1360//1039 1361//1039
f 1293//1040 1361//1040 1294//1040
f 1294//1041 1361//1041 1362//1041
f 1294//1042 1362//1042 1295//1042
f 1295//1043 1362//1043 1363//1043
f 1295//1044 1363//1044 1296//1044
f 1296//1045 1363//1045 1364//1045
f 1296//1046 1364//1046 1276//1046
f 1276//1047 1364//1047 1365//1047
f 1276//1048 1365//1048 1277//1048
f 1277//1049 1365//1049 1366//1049
f 1277//1050 1366//1050 1278//1050
f 1278//1051 1366//1051 1367//1051
f 1278//1052 1367//1052 1279//1052
f 1279//1053 1367//1053 1368//1053
f 1279//1054 1368//1054 1280//1054
f 1280//1055 1368//1055 1369//1055
f 1280//1056 1369//1056 1281//1056
f 1281//1057 1369//1057 1370//1057
f 1281//1058 1370//1058 1282//1058
f 1282//1059 1370//1059 1371//1059
f 1282//1060 1371//1060 1271//1060
f 1271//1061 1371//1061 1372//1061
f 1271//1062 1372//1062 1272//1062
f 1272//1063 1372//1063 1373//1063
f 1272//1064 1373//1064 1273//1064
f 1273//1065 1373//1065 1374//1065
f 1273//1066 1374//1066 1274//1066
f 1274//1067 1374//1067 1342//1067
f 1375//839 1314//839 1376//839
f 1376//839 1314//839 1315//839
f 1376//839 1315//839 1377//839
f 1377//839 1315//839 1316//839
f 1377//839 1316//839 1378//839
f 1378//839 1316//839 1317//839
f 1378//839 1317//839 1379//839
f 1379//839 1317//839 1318//839
f 1379//839 1318//839 1380//839
f 1380//839 1318//839 1319//839
f 1380//839 1319//839 1381//839
f 1381//839 1319//839 1320//839
f 1381//839 1320//839 1382//839
f 1382//839 1320//839 1321//839
f 1382//839 1321//839 1383//839
f 1383//839 1321//839 1322//839
f 1383//839 1322//839 1384//839
f 1384//839 1322//839 1323//839
f 1384//839 1323//839 1385//839
f 1385//839 1323//839 1324//839
f 1385//839 1324//839 1386//839
f 1386//839 1324//839 1325//839
f 1386//839 1325//839 1387//839
f 1387//839 1325//839 1326//839
f 1387//839 1326//839 1388//839
f 1388//839 1326//839 1327//839
f 1388//839 1327//839 1389//839
f 1389//839 1327//839 1328//839
f 1389//839 1328//839 1390//839
f 1390//839 1328//839 1329//839
f 1390//839 1329//839 1391//839
f 1391//839 1329//839 1330//839
f 1391//839 1330//839 1392//839
f 1392//839 1330//839 1331//839
f 1392//839 1331//839 1393//839
f 1331//839 1332//839 1393//839
f 1393//839 1332//839 1333//839
f 1393//839 1333//839 1394//839
f 1394//839 1333//839 1334//839
f 1394//839 1334//839 1395//839
f 1395//839 1334//839 1335//839
f 1395//839 1335//839 1396//839
f 1396//839 1335//839 1336//839
f 1396//839 1336//839 1397//839
f 1397//839 1336//839 1337//839
f 1397//839 1337//839 1398//839
f 1398//839 1337//839 1338//839
f 1398//839 1338//839 1399//839
f 1399//839 1338//839 1339//839
f 1399//839 1339//839 1400//839
f 1400//839 1339//839 1340//839
f 1400//839 1340//839 1401//839
f 1401//839 1340//839 1341//839
f 1401//839 1341//839 1402//839
f 1402//839 1341//839 1304//839
f 1402//839 1304//839 1403//839
f 1403//839 1304//839 1305//839
f 1403//839 1305//839 1404//839
f 1404//839 1305//839 1306//839
f 1404//839 1306//839 1405//839
f 1405//839 1306//839 1307//839
f 1405//839 1307//839 1406//839
f 1406//839 1307//839 1308//839
f 1406//839 1308//839 1407//839
f 1407//839 1308//839 1309//839
f 1407//839 1309//839 1408//839
f 1408//839 1309//839 1310//839
f 1408//839 1310//839 1409//839
f 1409//839 1310//839 1311//839
f 1409//839 1311//839 1410//839
f 1410//839 1311//839 1312//839
f 1410//839 1312//839 1375//839
f 1375//839 1312//839 1313//839
f 1375//839 1313//839 1314//839
f 1370//839 1411//839 1371//839
f 1371//839 1411//839 1412//839
f 1371//839 1412//839 1372//839
f 1372//839 1412//839 1413//839
f 1372//839 1413//839 1373//839
f 1373//839 1413//839 1414//839
f 1373//839 1414//839 1374//839
f 1374//839 1414//839 1415//839
f 1374//839 1415//839 1342//839
f 1342//839 1415//839 1416//839
f 1342//839 1416//839 1343//839
f 1343//839 1416//839 1417//839
f 1343//839 1417//839 1344//839
f 1344//839 1417//839 1418//839
f 1344//839 1418//839 1345//839
f 1345//839 1418//839 1419//839
f 1345//839 1419//839 1346//839
f 1346//839 1419//839 1420//839
f 1346//839 1420//839 1347//839
f 1347//839 1420//839 1421//839
f 1347//839 1421//839 1348//839
f 1359//839 1422//839 1360//839
f 1360//839 1422//839 1423//839
f 1360//839 1423//839 1361//839
f 1361//839 1423//839 1424//839
f 1361//839 1424//839 1362//839
f 1362//839 1424//839 1425//839
f 1362//839 1425//839 1363//839
f 1363//839 1425//839 1426//839
f 1363//839 1426//839 1364//839
f 1364//839 1426//839 1427//839
f 1364//839 1427//839 1365//839
f 1365//839 1427//839 1428//839
f 1365//839 1428//839 1366//839
f 1366//839 1428//839 1429//839
f 1366//839 1429//839 1367//839
f 1367//839 1429//839 1430//839
f 1367//839 1430//839 1368//839
f 1368//839 1430//839 1431//839
f 1368//839 1431//839 1369//839
f 1369//839 1431//839 1432//839
f 1369//839 1432//839 1370//839
f 1370//839 1432//839 1433//839
f 1370//839 1433//839 1411//839
f 1421//839 1434//839 1348//839
f 1348//839 1434//839 1435//839
f 1348//839 1435//839 1349//839
f 1349//839 1435//839 1436//839
f 1349//839 1436//839 1350//839
f 1350//839 1436//839 1437//839
f 1350//839 1437//839 1351//839
f 1351//839 1437//839 1438//839
f 1351//839 1438//839 1352//839
f 1352//839 1438//839 1439//839
f 1352//839 1439//839 1353//839
f 1353//839 1439//839 1440//839
f 1353//839 1440//839 1354//839
f 1354//839 1440//839 1441//839
f 1354//839 1441//839 1355//839
f 1355//839 1441//839 1442//839
f 1355//839 1442//839 1356//839
f 1356//839 1442//839 1443//839
f 1356//839 1443//839 1357//839
f 1357//839 1443//839 1444//839
f 1357//839 1444//839 1358//839
f 1358//839 1444//839 1445//839
f 1358//839 1445//839 1359//839
f 1359//839 1445//839 1446//839
f 1359//839 1446//839 1422//839
f 1416//1068 1403//1068 1417//1068
f 1417//1069 1403//1069 1404//1069
f 1417//1070 1404//1070 1418//1070
f 1418//1071 1404//1071 1405//1071
f 1418//1072 1405//1072 1419//1072
f 1419//1073 1405//1073 1406//1073
f 1419//1074 1406//1074 1420//1074
f 1420//1075 1406//1075 1407//1075
f 1420//1076 1407//1076 1421//1076
f 1421//1077 1407//1077 1408//1077
f 1421//1078 1408//1078 1434//1078
f 1434//1079 1408//1079 1409//1079
f 1434//1080 1409//1080 1435//1080
f 1435//1081 1409//1081 1410//1081
f 1435//1082 1410//1082 1436//1082
f 1436//1083 1410//1083 1375//1083
f 1436//1084 1375//1084 1437//1084
f 1437//1085 1375//1085 1376//1085
f 1437//1086 1376//1086 1438//1086
f 1438//1087 1376//1087 1377//1087
f 1438//1088 1377//1088 1439//1088
f 1439//1089 1377//1089 1378//1089
f 1439//1090 1378//1090 1440//1090
f 1440//1091 1378//1091 1379//1091
f 1440//1092 1379//1092 1441//1092
f 1441//1093 1379//1093 1380//1093
f 1441//1094 1380//1094 1442//1094
f 1442//1095 1380//1095 1381//1095
f 1442//1096 1381//1096 1443//1096
f 1443//1097 1381//1097 1382//1097
f 1443//1098 1382//1098 1444//1098
f 1444//1099 1382//1099 1383//1099
f 1444//1100 1383//1100 1445//1100
f 1445//1101 1383//1101 1384//1101
f 1445//1102 1384//1102 1446//1102
f 1446//1103 1384//1103 1385//1103
f 1446//1104 1385//1104 1422//1104
f 1422//1105 1385//1105 1386//1105
f 1422//1106 1386//1106 1423//1106
f 1423//1107 1386//1107 1387//1107
f 1423//1108 1387//1108 1424//1108
f 1424//1109 1387//1109 1388//1109
f 1424//1110 1388//1110 1425//1110
f 1425//1111 1388//1111 1389//1111
f 1425//1112 1389//1112 1426//1112
f 1426//1113 1389//1113 1390//1113
f 1426//1114 1390//1114 1427//1114
f 1427//1115 1390//1115 1391//1115
f 1427//1116 1391//1116 1428//1116
f 1428//1117 1391//1117 1392//1117
f 1428//1118 1392//1118 1429//1118
f 1429//1119 1392//1119 1393//1119
f 1429//1120 1393//1120 1430//1120
f 1430//1121 1393//1121 1394//1121
f 1430//1122 1394//1122 1431//1122
f 1431//1123 1394//1123 1395//1123
f 1431//1124 1395//1124 1432//1124
f 1432//1125 1395//1125 1396//1125
f 1432//1126 1396//1126 1433//1126
f 1433//1127 1396//1127 1397//1127
f 1433//1128 1397//1128 1411//1128
f 1411//1129 1397//1129 1398//1129
f 1411//1130 1398//1130 1412//1130
f 1412//1131 1398//1131 1399//1131
f 1412//1132 1399//1132 1413//1132
f 1413//1133 1399//1133 1400//1133
f 1413//1134 1400//1134 1414//1134
f 1414//1135 1400//1135 1401//1135
f 1414//1136 1401//1136 1415//1136
f 1415//1137 1401//1137 1402//1137
f 1415//1138 1402//1138 1416//1138
f 1416//1139 1402//1139 1403//1139
f 1447//1140 1448//1140 1449//1140
f 1449//1140 1448//1140 1450//1140
f 1449//1140 1450//1140 1451//1140
f 1451//1140 1450//1140 1452//1140
f 1451//1140 1452//1140 1453//1140
f 1453//1140 1452//1140 1454//1140
f 1453//1140 1454//1140 1455//1140
f 1455//1140 1454//1140 1456//1140
f 1455//1140 1456//1140 1457//1140
f 1457//1140 1456//1140 1458//1140
f 1457//1140 1458//1140 1459//1140
f 1459//1140 1458//1140 1460//1140
f 1459//1140 1460//1140 1461//1140
f 1461//1140 1460//1140 1462//1140
f 1461//1140 1462//1140 1463//1140
f 1464//1140 1465//1140 1466//1140
f 1466//1140 1465//1140 1467//1140
f 1466//1140 1467//1140 1468//1140
f 1468//1140 1467//1140 1469//1140
f 1468//1140 1469//1140 1470//1140
f 1470//1140 1469//1140 1471//1140
f 1470//1140 1471//1140 1472//1140
f 1472//1140 1471//1140 1473//1140
f 1472//1140 1473//1140 1474//1140
f 1474//1140 1473//1140 1475//1140
f 1474//1140 1475//1140 1476//1140
f 1476//1140 1475//1140 1477//1140
f 1476//1140 1477//1140 1478//1140
f 1478//1140 1477//1140 1479//1140
f 1478//1140 1479//1140 1447//1140
f 1447//1140 1479//1140 1480//1140
f 1447//1140 1480//1140 1448//1140
f 1462//1140 1481//1140 1463//1140
f 1463//1140 1481//1140 1482//1140
f 1463//1140 1482//1140 1483//1140
f 1483//1140 1482//1140 1484//1140
f 1483//1140 1484//1140 1485//1140
f 1485//1140 1484//1140 1486//1140
f 1485//1140 1486//1140 1487//1140
f 1487//1140 1486//1140 1488//1140
f 1487//1140 1488//1140 1489//1140
f 1489//1140 1488//1140 1490//1140
f 1489//1140 1490//1140 1491//1140
f 1491//1140 1490//1140 1492//1140
f 1491//1140 1492//1140 1493//1140
f 1493//1140 1492//1140 1494//1140
f 1493//1140 1494//1140 1495//1140
f 1495//1140 1494//1140 1496//1140
f 1495//1140 1496//1140 1497//1140
f 1497//1140 1496//1140 1498//1140
f 1497//1140 1498//1140 1464//1140
f 1464//1140 1498//1140 1499//1140
f 1464//1140 1499//1140 1465//1140
f 1482//1141 1500//1141 1484//1141
f 1484//1142 1500//1142 1501//1142
f 1484//1143 1501//1143 1486//1143
f 1486//1144 1501//1144 1502//1144
f 1486//1145 1502//1145 1488//1145
f 1488//1146 1502//1146 1503//1146
f 1488//1147 1503//1147 1490//1147
f 1490//1148 1503//1148 1504//1148
f 1490//1149 1504//1149 1492//1149
f 1492//1150 1504//1150 1505//1150
f 1492//1151 1505//1151 1494//1151
f 1494//1152 1505//1152 1506//1152
f 1494//1153 1506//1153 1496//1153
f 1496//1154 1506//1154 1507//1154
f 1496//1155 1507//1155 1498//1155
f 1498//1156 1507//1156 1508//1156
f 1498//1157 1508//1157 1499//1157
f 1499//1158 1508//1158 1509//1158
f 1499//1159 1509//1159 1465//1159
f 1465//1160 1509//1160 1510//1160
f 1465//1161 1510//1161 1467//1161
f 1467//1162 1510//1162 1511//1162
f 1467//1163 1511//1163 1469//1163
f 1469//1164 1511//1164 1512//1164
f 1469//1165 1512//1165 1471//1165
f 1471//1166 1512//1166 1513//1166
f 1471//1167 1513//1167 1473//1167
f 1473//1168 1513//1168 1514//1168
f 1473//1169 1514//1169 1475//1169
f 1475//1170 1514//1170 1515//1170
f 1475//1171 1515//1171 1477//1171
f 1477//1172 1515//1172 1516//1172
f 1477//1173 1516//1173 1479//1173
f 1479//1174 1516//1174 1517//1174
f 1479//1175 1517//1175 1480//1175
f 1480//1176 1517//1176 1518//1176
f 1480//1177 1518//1177 1448//1177
f 1448//1178 1518//1178 1519//1178
f 1448//1179 1519//1179 1450//1179
f 1450//1180 1519//1180 1520//1180
f 1450//1181 1520//1181 1452//1181
f 1452//1182 1520//1182 1521//1182
f 1452//1183 1521//1183 1454//1183
f 1454//1184 1521//1184 1522//1184
f 1454//1185 1522//1185 1456//1185
f 1456//1186 1522//1186 1523//1186
f 1456//1187 1523//1187 1458//1187
f 1458//1188 1523//1188 1524//1188
f 1458//1189 1524//1189 1460//1189
f 1460//1190 1524//1190 1525//1190
f 1460//1191 1525//1191 1462//1191
f 1462//1192 1525//1192 1526//1192
f 1462//1193 1526//1193 1481//1193
f 1481//1194 1526//1194 1527//1194
f 1481//1195 1527//1195 1482//1195
f 1482//1196 1527//1196 1500//1196
f 1472//1197 1528//1197 1470//1197
f 1470//1198 1528//1198 1529//1198
f 1470//1199 1529//1199 1468//1199
f 1468//1200 1529//1200 1530//1200
f 1468//1201 1530//1201 1466//1201
f 1466//1202 1530//1202 1531//1202
f 1466//1203 1531//1203 1464//1203
f 1464//1204 1531//1204 1532//1204
f 1464//1205 1532//1205 1497//1205
f 1497//1206 1532//1206 1533//1206
f 1497//1207 1533//1207 1495//1207
f 1495//1208 1533//1208 1534//1208
f 1495//1209 1534//1209 1493//1209
f 1493//1210 1534//1210 1535//1210
f 1493//1211 1535//1211 1491//1211
f 1491//1212 1535//1212 1536//1212
f 1491//1213 1536//1213 1489//1213
f 1489//1214 1536//1214 1537//1214
f 1489//1215 1537//1215 1487//1215
f 1487//1216 1537//1216 1538//1216
f 1487//1217 1538//1217 1485//1217
f 1485//1218 1538//1218 1539//1218
f 1485//1219 1539//1219 1483//1219
f 1483//1220 1539//1220 1540//1220
f 1483//1221 1540//1221 1463//1221
f 1463//1222 1540//1222 1541//1222
f 1463//1223 1541//1223 1461//1223
f 1461//1224 1541//1224 1542//1224
f 1461//1225 1542//1225 1459//1225
f 1459//1226 1542//1226 1543//1226
f 1459//1227 1543//1227 1457//1227
f 1457//1228 1543//1228 1544//1228
f 1457//1229 1544//1229 1455//1229
f 1455//1230 1544//1230 1545//1230
f 1455//1231 1545//1231 1453//1231
f 1453//1232 1545//1232 1546//1232
f 1453//1233 1546//1233 1451//1233
f 1451//1234 1546//1234 1547//1234
f 1451//1235 1547//1235 1449//1235
f 1449//1236 1547//1236 1548//1236
f 1449//1237 1548//1237 1447//1237
f 1447//1238 1548//1238 1549//1238
f 1447//1239 1549//1239 1478//1239
f 1478//1240 1549//1240 1550//1240
f 1478//1241 1550//1241 1476//1241
f 1476//1242 1550//1242 1551//1242
f 1476//1243 1551//1243 1474//1243
f 1474//1244 1551//1244 1552//1244
f 1474//1245 1552//1245 1472//1245
f 1472//1246 1552//1246 1528//1246
f 1524//1140 1553//1140 1525//1140
f 1525//1140 1553//1140 1554//1140
f 1525//1140 1554//1140 1526//1140
f 1526//1140 1554//1140 1555//1140
f 1526//1140 1555//1140 1527//1140
f 1527//1140 1555//1140 1556//1140
f 1527//1140 1556//1140 1500//1140
f 1500//1140 1556//1140 1557//1140
f 1500//1140 1557//1140 1501//1140
f 1518//1140 1558//1140 1519//1140
f 1519//1140 1558//1140 1559//1140
f 1519//1140 1559//1140 1520//1140
f 1520//1140 1559//1140 1560//1140
f 1520//1140 1560//1140 1521//1140
f 1521//1140 1560//1140 1561//1140
f 1521//1140 1561//1140 1522//1140
f 1522//1140 1561//1140 1562//1140
f 1522//1140 1562//1140 1523//1140
f 1523//1140 1562//1140 1563//1140
f 1523//1140 1563//1140 1524//1140
f 1524//1140 1563//1140 1564//1140
f 1524//1140 1564//1140 1553//1140
f 1557//1140 1565//1140 1501//1140
f 1501//1140 1565//1140 1566//1140
f 1501//1140 1566//1140 1502//1140
f 1502//1140 1566//1140 1567//1140
f 1502//1140 1567//1140 1503//1140
f 1503//1140 1567//1140 1568//1140
f 1503//1140 1568//1140 1504//1140
f 1504//1140 1568//1140 1569//1140
f 1504//1140 1569//1140 1505//1140
f 1505//1140 1569//1140 1570//1140
f 1505//1140 1570//1140 1506//1140
f 1506//1140 1570//1140 1571//1140
f 1506//1140 1571//1140 1507//1140
f 1512//1140 1572//1140 1513//1140
f 1513//1140 1572//1140 1573//1140
f 1513//1140 1573//1140 1514//1140
f 1514//1140 1573//1140 1574//1140
f 1514//1140 1574//1140 1515//1140
f 1515//1140 1574//1140 1575//1140
f 1515//1140 1575//1140 1516//1140
f 1516//1140 1575//1140 1576//1140
f 1516//1140 1576//1140 1517//1140
f 1517//1140 1576//1140 1577//1140
f 1517//1140 1577//1140 1518//1140
f 1518//1140 1577//1140 1578//1140
f 1518//1140 1578//1140 1558//1140
f 1571//1140 1579//1140 1507//1140
f 1507//1140 1579//1140 1580//1140
f 1507//1140 1580//1140 1508//1140
f 1508//1140 1580//1140 1581//1140
f 1508//1140 1581//1140 1509//1140
f 1509//1140 1581//1140 1582//1140
f 1509//1140 1582//1140 1510//1140
f 1510//1140 1582//1140 1583//1140
f 1510//1140 1583//1140 1511//1140
f 1511//1140 1583//1140 1584//1140
f 1511//1140 1584//1140 1512//1140
f 1512//1140 1584//1140 1585//1140
f 1512//1140 1585//1140 1572//1140
f 1541//1247 1586//1247 1542//1247
f 1542//1247 1586//1247 1587//1247
f 1542//1247 1587//1247 1543//1247
f 1543//1247 1587//1247 1588//1247
f 1543//1247 1588//1247 1544//1247
f 1544//1247 1588//1247 1589//1247
f 1544//1247 1589//1247 1545//1247
f 1545//1247 1589//1247 1590//1247
f 1545//1247 1590//1247 1546//1247
f 1546//1247 1590//1247 1591//1247
f 1546//1247 1591//1247 1547//1247
f 1547//1247 1591//1247 1592//1247
f 1547//1247 1592//1247 1548//1247
f 1548//1247 1592//1247 1593//1247
f 1548//1247 1593//1247 1549//1247
f 1532//1247 1594//1247 1533//1247
f 1533//1247 1594//1247 1595//1247
f 1533//1247 1595//1247 1534//1247
f 1534//1247 1595//1247 1596//1247
f 1534//1247 1596//1247 1535//1247
f 1535//1247 1596//1247 1597//1247
f 1535//1247 1597//1247 1536//1247
f 1536//1247 1597//1247 1598//1247
f 1536//1247 1598//1247 1537//1247
f 1537//1247 1598//1247 1599//1247
f 1537//1247 1599//1247 1538//1247
f 1538//1247 1599//1247 1600//1247
f 1538//1247 1600//1247 1539//1247
f 1539//1247 1600//1247 1601//1247
f 1539//1247 1601//1247 1540//1247
f 1540//1247 1601//1247 1602//1247
f 1540//1247 1602//1247 1541//1247
f 1541//1247 1602//1247 1603//1247
f 1541//1247 1603//1247 1586//1247
f 1593//1247 1604//1247 1549//1247
f 1549//1247 1604//1247 1605//1247
f 1549//1247 1605//1247 1550//1247
f 1550//1247 1605//1247 1606//1247
f 1550//1247 1606//1247 1551//1247
f 1551//1247 1606//1247 1607//1247
f 1551//1247 1607//1247 1552//1247
f 1552//1247 1607//1247 1608//1247
f 1552//1247 1608//1247 1528//1247
f 1528//1247 1608//1247 1609//1247
f 1528//1247 1609//1247 1529//1247
f 1529//1247 1609//1247 1610//1247
f 1529//1247 1610//1247 1530//1247
f 1530//1247 1610//1247 1611//1247
f 1530//1247 1611//1247 1531//1247
f 1531//1247 1611//1247 1612//1247
f 1531//1247 1612//1247 1532//1247
f 1532//1247 1612//1247 1613//1247
f 1532//1247 1613//1247 1594//1247
f 1556//1248 1614//1248 1557//1248
f 1557//1249 1614//1249 1615//1249
f 1557//1250 1615//1250 1565//1250
f 1565//1251 1615//1251 1616//1251
f 1565//1252 1616//1252 1566//1252
f 1566//1253 1616//1253 1617//1253
f 1566//1254 1617//1254 1567//1254
f 1567//1255 1617//1255 1618//1255
f 1567//1256 1618//1256 1568//1256
f 1568//1257 1618//1257 1619//1257
f 1568//1258 1619//1258 1569//1258
f 1569//1259 1619//1259 1620//1259
f 1569//1260 1620//1260 1570//1260
f 1570//1261 1620//1261 1621//1261
f 1570//1262 1621//1262 1571//1262
f 1571//1263 1621//1263 1622//1263
f 1571//1264 1622//1264 1579//1264
f 1579//1265 1622//1265 1623//1265
f 1579//1266 1623//1266 1580//1266
f 1580//1267 1623//1267 1624//1267
f 1580//1268 1624//1268 1581//1268
f 1581//1269 1624//1269 1625//1269
f 1581//1270 1625//1270 1582//1270
f 1582//1271 1625//1271 1626//1271
f 1582//1272 1626//1272 1583//1272
f 1583//1273 1626//1273 1627//1273
f 1583//1274 1627//1274 1584//1274
f 1584//1275 1627//1275 1628//1275
f 1584//1276 1628//1276 1585//1276
f 1585//1277 1628//1277 1629//1277
f 1585//1278 1629//1278 1572//1278
f 1572//1279 1629//1279 1630//1279
f 1572//1280 1630//1280 1573//1280
f 1573//1281 1630//1281 1631//1281
f 1573//1282 1631//1282 1574//1282
f 1574//1283 1631//1283 1632//1283
f 1574//1284 1632//1284 1575//1284
f 1575//1285 1632//1285 1633//1285
f 1575//1286 1633//1286 1576//1286
f 1576//1287 1633//1287 1634//1287
f 1576//1288 1634//1288 1577//1288
f 1577//1289 1634//1289 1635//1289
f 1577//1290 1635//1290 1578//1290
f 1578//1291 1635//1291 1636//1291
f 1578//1292 1636//1292 1558//1292
f 1558//1293 1636//1293 1637//1293
f 1558//1294 1637//1294 1559//1294
f 1559//1295 1637//1295 1638//1295
f 1559//1296 1638//1296 1560//1296
f 1560//1297 1638//1297 1639//1297
f 1560//1298 1639//1298 1561//1298
f 1561//1299 1639//1299 1640//1299
f 1561//1300 1640//1300 1562//1300
f 1562//1301 1640//1301 1641//1301
f 1562//1302 1641//1302 1563//1302
f 1563//1303 1641//1303 1642//1303
f 1563//1304 1642//1304 1564//1304
f 1564//1305 1642//1305 1643//1305
f 1564//1306 1643//1306 1553//1306
f 1553//1307 1643//1307 1644//1307
f 1553//1308 1644//1308 1554//1308
f 1554//1309 1644//1309 1645//1309
f 1554//1310 1645//1310 1555//1310
f 1555//1311 1645//1311 1646//1311
f 1555//1312 1646//1312 1556//1312
f 1556//1313 1646//1313 1614//1313
f 1609//1166 1647//1166 1610//1166
f 1610//1314 1647//1314 1648//1314
f 1610//1164 1648//1164 1611//1164
f 1611//1315 1648//1315 1649//1315
f 1611//1162 1649//1162 1612//1162
f 1612//1316 1649//1316 1650//1316
f 1612//1317 1650//1317 1613//1317
f 1613//1159 1650//1159 1651//1159
f 1613//1318 1651//1318 1594//1318
f 1594//1157 1651//1157 1652//1157
f 1594//1319 1652//1319 1595//1319
f 1595//1155 1652//1155 1653//1155
f 1595//1154 1653//1154 1596//1154
f 1596//1153 1653//1153 1654//1153
f 1596//1152 1654//1152 1597//1152
f 1597//1320 1654//1320 1655//1320
f 1597//1150 1655//1150 1598//1150
f 1598//1321 1655//1321 1656//1321
f 1598//1148 1656//1148 1599//1148
f 1599//1322 1656//1322 1657//1322
f 1599//1323 1657//1323 1600//1323
f 1600//1145 1657//1145 1658//1145
f 1600//1324 1658//1324 1601//1324
f 1601//1143 1658//1143 1659//1143
f 1601//1325 1659//1325 1602//1325
f 1602//1141 1659//1141 1660//1141
f 1602//1196 1660//1196 1603//1196
f 1603//1195 1660//1195 1661//1195
f 1603//1194 1661//1194 1586//1194
f 1586//1326 1661//1326 1662//1326
f 1586//1192 1662//1192 1587//1192
f 1587//1327 1662//1327 1663//1327
f 1587//1190 1663//1190 1588//1190
f 1588//1328 1663//1328 1664//1328
f 1588//1329 1664//1329 1589//1329
f 1589//1187 1664//1187 1665//1187
f 1589//1330 1665//1330 1590//1330
f 1590//1185 1665//1185 1666//1185
f 1590//1331 1666//1331 1591//1331
f 1591//1183 1666//1183 1667//1183
f 1591//1182 1667//1182 1592//1182
f 1592//1181 1667//1181 1668//1181
f 1592//1180 1668//1180 1593//1180
f 1593//1332 1668//1332 1669//1332
f 1593//1178 1669//1178 1604//1178
f 1604//1333 1669//1333 1670//1333
f 1604//1176 1670//1176 1605//1176
f 1605//1334 1670//1334 1671//1334
f 1605//1335 1671//1335 1606//1335
f 1606//1173 1671//1173 1672//1173
f 1606//1336 1672//1336 1607//1336
f 1607//1171 1672//1171 1673//1171
f 1607//1337 1673//1337 1608//1337
f 1608//1169 1673//1169 1674//1169
f 1608//1168 1674//1168 1609//1168
f 1609//1167 1674//1167 1647//1167
f 1643//1140 1675//1140 1644//1140
f 1644//1140 1675//1140 1676//1140
f 1644//1140 1676//1140 1645//1140
f 1645//1140 1676//1140 1677//1140
f 1645//1140 1677//1140 1646//1140
f 1646//1140 1677//1140 1678//1140
f 1646//1140 1678//1140 1614//1140
f 1614//1140 1678//1140 1679//1140
f 1614//1140 1679//1140 1615//1140
f 1615//1140 1679//1140 1680//1140
f 1615//1140 1680//1140 1616//1140
f 1616//1140 1680//1140 1681//1140
f 1616//1140 1681//1140 1617//1140
f 1681//1140 1682//1140 1617//1140
f 1617//1140 1682//1140 1683//1140
f 1617//1140 1683//1140 1618//1140
f 1618//1140 1683//1140 1684//1140
f 1618//1140 1684//1140 1619//1140
f 1619//1140 1684//1140 1685//1140
f 1619//1140 1685//1140 1620//1140
f 1620//1140 1685//1140 1686//1140
f 1620//1140 1686//1140 1621//1140
f 1621//1140 1686//1140 1687//1140
f 1621//1140 1687//1140 1622//1140
f 1622//1140 1687//1140 1688//1140
f 1622//1140 1688//1140 1623//1140
f 1637//1140 1689//1140 1638//1140
f 1638//1140 1689//1140 1690//1140
f 1638//1140 1690//1140 1639//1140
f 1639//1140 1690//1140 1691//1140
f 1639//1140 1691//1140 1640//1140
f 1640//1140 1691//1140 1692//1140
f 1640//1140 1692//1140 1641//1140
f 1641//1140 1692//1140 1693//1140
f 1641//1140 1693//1140 1642//1140
f 1642//1140 1693//1140 1694//1140
f 1642//1140 1694//1140 1643//1140
f 1643//1140 1694//1140 1695//1140
f 1643//1140 1695//1140 1675//1140
f 1630//1140 1696//1140 1631//1140
f 1631//1140 1696//1140 1697//1140
f 1631//1140 1697//1140 1632//1140
f 1632//1140 1697//1140 1698//1140
f 1632//1140 1698//1140 1633//1140
f 1633//1140 1698//1140 1699//1140
f 1633//1140 1699//1140 1634//1140
f 1634//1140 1699//1140 1700//1140
f 1634//1140 1700//1140 1635//1140
f 1635//1140 1700//1140 1701//1140
f 1635//1140 1701//1140 1636//1140
f 1636//1140 1701//1140 1702//1140
f 1636//1140 1702//1140 1637//1140
f 1637//1140 1702//1140 1703//1140
f 1637//1140 1703//1140 1689//1140
f 1688//1140 1704//1140 1623//1140
f 1623//1140 1704//1140 1705//1140
f 1623//1140 1705//1140 1624//1140
f 1624//1140 1705//1140 1706//1140
f 1624//1140 1706//1140 1625//1140
f 1625//1140 1706//1140 1707//1140
f 1625//1140 1707//1140 1626//1140
f 1626//1140 1707//1140 1708//1140
f 1626//1140 1708//1140 1627//1140
f 1627//1140 1708//1140 1709//1140
f 1627//1140 1709//1140 1628//1140
f 1628//1140 1709//1140 1710//1140
f 1628//1140 1710//1140 1629//1140
f 1629//1140 1710//1140 1711//1140
f 1629//1140 1711//1140 1630//1140
f 1630//1140 1711//1140 1712//1140
f 1630//1140 1712//1140 1696//1140
f 1671//1247 1713//1247 1672//1247
f 1672//1247 1713//1247 1714//1247
f 1672//1247 1714//1247 1673//1247
f 1673//1247 1714//1247 1715//1247
f 1673//1247 1715//1247 1674//1247
f 1674//1247 1715//1247 1716//1247
f 1674//1247 1716//1247 1647//1247
f 1647//1247 1716//1247 1717//1247
f 1647//1247 1717//1247 1648//1247
f 1665//1247 1718//1247 1666//1247
f 1666//1247 1718//1247 1719//1247
f 1666//1247 1719//1247 1667//1247
f 1667//1247 1719//1247 1720//1247
f 1667//1247 1720//1247 1668//1247
f 1668//1247 1720//1247 1721//1247
f 1668//1247 1721//1247 1669//1247
f 1669//1247 1721//1247 1722//1247
f 1669//1247 1722//1247 1670//1247
f 1670//1247 1722//1247 1723//1247
f 1670//1247 1723//1247 1671//1247
f 1671//1247 1723//1247 1724//1247
f 1671//1247 1724//1247 1713//1247
f 1717//1247 1725//1247 1648//1247
f 1648//1247 1725//1247 1726//1247
f 1648//1247 1726//1247 1649//1247
f 1649//1247 1726//1247 1727//1247
f 1649//1247 1727//1247 1650//1247
f 1650//1247 1727//1247 1728//1247
f 1650//1247 1728//1247 1651//1247
f 1651//1247 1728//1247 1729//1247
f 1651//1247 1729//1247 1652//1247
f 1652//1247 1729//1247 1730//1247
f 1652//1247 1730//1247 1653//1247
f 1653//1247 1730//1247 1731//1247
f 1653//1247 1731//1247 1654//1247
f 1659//1247 1732//1247 1660//1247
f 1660//1247 1732//1247 1733//1247
f 1660//1247 1733//1247 1661//1247
f 1661//1247 1733//1247 1734//1247
f 1661//1247 1734//1247 1662//1247
f 1662//1247 1734//1247 1735//1247
f 1662//1247 1735//1247 1663//1247
f 1663//1247 1735//1247 1736//1247
f 1663//1247 1736//1247 1664//1247
f 1664//1247 1736//1247 1737//1247
f 1664//1247 1737//1247 1665//1247
f 1665//1247 1737//1247 1738//1247
f 1665//1247 1738//1247 1718//1247
f 1731//1247 1739//1247 1654//1247
f 1654//1247 1739//1247 1740//1247
f 1654//1247 1740//1247 1655//1247
f 1655//1247 1740//1247 1741//1247
f 1655//1247 1741//1247 1656//1247
f 1656//1247 1741//1247 1742//1247
f 1656//1247 1742//1247 1657//1247
f 1657//1247 1742//1247 1743//1247
f 1657//1247 1743//1247 1658//1247
f 1658//1247 1743//1247 1744//1247
f 1658//1247 1744//1247 1659//1247
f 1659//1247 1744//1247 1745//1247
f 1659//1247 1745//1247 1732//1247
f 1746//1338 1712//1338 1747//1338
f 1747//1339 1712//1339 1711//1339
f 1747//1340 1711//1340 1748//1340
f 1748//1341 1711//1341 1710//1341
f 1748//1342 1710//1342 1749//1342
f 1749//1343 1710//1343 1709//1343
f 1749//1344 1709//1344 1750//1344
f 1750//1345 1709//1345 1708//1345
f 1750//1346 1708//1346 1751//1346
f 1751//1347 1708//1347 1707//1347
f 1751//1348 1707//1348 1752//1348
f 1752//1349 1707//1349 1706//1349
f 1752//1350 1706//1350 1753//1350
f 1753//1351 1706//1351 1705//1351
f 1753//1352 1705//1352 1754//1352
f 1754//1353 1705//1353 1704//1353
f 1754//1354 1704//1354 1755//1354
f 1755//1355 1704//1355 1688//1355
f 1755//1356 1688//1356 1756//1356
f 1756//1357 1688//1357 1687//1357
f 1756//1358 1687//1358 1757//1358
f 1757//1359 1687//1359 1686//1359
f 1757//1360 1686//1360 1758//1360
f 1758//1361 1686//1361 1685//1361
f 1758//1362 1685//1362 1759//1362
f 1759//1363 1685//1363 1684//1363
f 1759//1364 1684//1364 1760//1364
f 1760//1365 1684//1365 1683//1365
f 1760//1366 1683//1366 1761//1366
f 1761//1367 1683//1367 1682//1367
f 1761//1368 1682//1368 1762//1368
f 1762//1369 1682//1369 1681//1369
f 1762//1370 1681//1370 1763//1370
f 1763//1371 1681//1371 1680//1371
f 1763//1372 1680//1372 1764//1372
f 1764//1373 1680//1373 1679//1373
f 1764//1374 1679//1374 1765//1374
f 1765//1375 1679//1375 1678//1375
f 1765//1376 1678//1376 1766//1376
f 1766//1377 1678//1377 1677//1377
f 1766//1378 1677//1378 1767//1378
f 1767//1379 1677//1379 1676//1379
f 1767//1380 1676//1380 1768//1380
f 1768//1381 1676//1381 1675//1381
f 1768//1382 1675//1382 1769//1382
f 1769//1383 1675//1383 1695//1383
f 1769//1384 1695//1384 1770//1384
f 1770//1385 1695//1385 1694//1385
f 1770//1386 1694//1386 1771//1386
f 1771//1387 1694//1387 1693//1387
f 1771//1388 1693//1388 1772//1388
f 1772//1389 1693//1389 1692//1389
f 1772//1390 1692//1390 1773//1390
f 1773//1391 1692//1391 1691//1391
f 1773//1392 1691//1392 1774//1392
f 1774//1393 1691//1393 1690//1393
f 1774//1394 1690//1394 1775//1394
f 1775//1395 1690//1395 1689//1395
f 1775//1396 1689//1396 1776//1396
f 1776//1397 1689//1397 1703//1397
f 1776//1398 1703//1398 1777//1398
f 1777//1399 1703//1399 1702//1399
f 1777//1400 1702//1400 1778//1400
f 1778//1401 1702//1401 1701//1401
f 1778//1402 1701//1402 1779//1402
f 1779//1403 1701//1403 1700//1403
f 1779//1404 1700//1404 1780//1404
f 1780//1405 1700//1405 1699//1405
f 1780//1406 1699//1406 1781//1406
f 1781//1407 1699//1407 1698//1407
f 1781//1408 1698//1408 1782//1408
f 1782//1409 1698//1409 1697//1409
f 1782//1410 1697//1410 1783//1410
f 1783//1411 1697//1411 1696//1411
f 1783//1412 1696//1412 1746//1412
f 1746//1413 1696//1413 1712//1413
f 1716//1414 1784//1414 1717//1414
f 1717//1415 1784//1415 1785//1415
f 1717//1416 1785//1416 1725//1416
f 1725//1417 1785//1417 1786//1417
f 1725//1418 1786//1418 1726//1418
f 1726//1419 1786//1419 1787//1419
f 1726//1420 1787//1420 1727//1420
f 1727//1421 1787//1421 1788//1421
f 1727//1422 1788//1422 1728//1422
f 1728//1423 1788//1423 1789//1423
f 1728//1424 1789//1424 1729//1424
f 1729//1425 1789//1425 1790//1425
f 1729//1426 1790//1426 1730//1426
f 1730//1427 1790//1427 1791//1427
f 1730//1428 1791//1428 1731//1428
f 1731//1429 1791//1429 1792//1429
f 1731//1430 1792//1430 1739//1430
f 1739//1431 1792//1431 1793//1431
f 1739//1432 1793//1432 1740//1432
f 1740//1433 1793//1433 1794//1433
f 1740//1434 1794//1434 1741//1434
f 1741//1435 1794//1435 1795//1435
f 1741//1436 1795//1436 1742//1436
f 1742//1437 1795//1437 1796//1437
f 1742//1438 1796//1438 1743//1438
f 1743//1439 1796//1439 1797//1439
f 1743//1440 1797//1440 1744//1440
f 1744//1441 1797//1441 1798//1441
f 1744//1442 1798//1442 1745//1442
f 1745//1443 1798//1443 1799//1443
f 1745//1444 1799//1444 1732//1444
f 1732//1445 1799//1445 1800//1445
f 1732//1446 1800//1446 1733//1446
f 1733//1447 1800//1447 1801//1447
f 1733//1448 1801//1448 1734//1448
f 1734//1449 1801//1449 1802//1449
f 1734//1450 1802//1450 1735//1450
f 1735//1451 1802//1451 1803//1451
f 1735//1452 1803//1452 1736//1452
f 1736//1453 1803//1453 1804//1453
f 1736//1454 1804//1454 1737//1454
f 1737//1455 1804//1455 1805//1455
f 1737//1456 1805//1456 1738//1456
f 1738//1457 1805//1457 1806//1457
f 1738//1458 1806//1458 1718//1458
f 1718//1459 1806//1459 1807//1459
f 1718//1460 1807//1460 1719//1460
f 1719//1461 1807//1461 1808//1461
f 1719//1462 1808//1462 1720//1462
f 1720//1463 1808//1463 1809//1463
f 1720//1464 1809//1464 1721//1464
f 1721//1465 1809//1465 1810//1465
f 1721//1466 1810//1466 1722//1466
f 1722//1467 1810//1467 1811//1467
f 1722//1468 1811//1468 1723//1468
f 1723//1469 1811//1469 1812//1469
f 1723//1470 1812//1470 1724//1470
f 1724//1471 1812//1471 1813//1471
f 1724//1472 1813//1472 1713//1472
f 1713//1473 1813//1473 1814//1473
f 1713//1474 1814//1474 1714//1474
f 1714//1475 1814//1475 1815//1475
f 1714//1476 1815//1476 1715//1476
f 1715//1477 1815//1477 1816//1477
f 1715//1478 1816//1478 1716//1478
f 1716//1479 1816//1479 1784//1479
f 1817//1247 1756//1247 1818//1247
f 1818//1247 1756//1247 1757//1247
f 1818//1247 1757//1247 1819//1247
f 1819//1247 1757//1247 1758//1247
f 1819//1247 1758//1247 1820//1247
f 1820//1247 1758//1247 1759//1247
f 1820//1247 1759//1247 1821//1247
f 1821//1247 1759//1247 1760//1247
f 1821//1247 1760//1247 1822//1247
f 1822//1247 1760//1247 1761//1247
f 1822//1247 1761//1247 1823//1247
f 1823//1247 1761//1247 1762//1247
f 1823//1247 1762//1247 1824//1247
f 1824//1247 1762//1247 1763//1247
f 1824//1247 1763//1247 1825//1247
f 1825//1247 1763//1247 1764//1247
f 1825//1247 1764//1247 1826//1247
f 1826//1247 1764//1247 1765//1247
f 1826//1247 1765//1247 1827//1247
f 1827//1247 1765//1247 1766//1247
f 1827//1247 1766//1247 1828//1247
f 1828//1247 1766//1247 1767//1247
f 1828//1247 1767//1247 1829//1247
f 1829//1247 1767//1247 1768//1247
f 1829//1247 1768//1247 1830//1247
f 1830//1247 1768//1247 1769//1247
f 1830//1247 1769//1247 1831//1247
f 1831//1247 1769//1247 1770//1247
f 1831//1247 1770//1247 1832//1247
f 1832//1247 1770//1247 1771//1247
f 1832//1247 1771//1247 1833//1247
f 1833//1247 1771//1247 1772//1247
f 1833//1247 1772//1247 1834//1247
f 1834//1247 1772//1247 1773//1247
f 1834//1247 1773//1247 1835//1247
f 1773//1247 1774//1247 1835//1247
f 1835//1247 1774//1247 1775//1247
f 1835//1247 1775//1247 1836//1247
f 1836//1247 1775//1247 1776//1247
f 1836//1247 1776//1247 1837//1247
f 1837//1247 1776//1247 1777//1247
f 1837//1247 1777//1247 1838//1247
f 1838//1247 1777//1247 1778//1247
f 1838//1247 1778//1247 1839//1247
f 1839//1247 1778//1247 1779//1247
f 1839//1247 1779//1247 1840//1247
f 1840//1247 1779//1247 1780//1247
f 1840//1247 1780//1247 1841//1247
f 1841//1247 1780//1247 1781//1247
f 1841//1247 1781//1247 1842//1247
f 1842//1247 1781//1247 1782//1247
f 1842//1247 1782//1247 1843//1247
f 1843//1247 1782//1247 1783//1247
f 1843//1247 1783//1247 1844//1247
f 1844//1247 1783//1247 1746//1247
f 1844//1247 1746//1247 1845//1247
f 1845//1247 1746//1247 1747//1247
f 1845//1247 1747//1247 1846//1247
f 1846//1247 1747//1247 1748//1247
f 1846//1247 1748//1247 1847//1247
f 1847//1247 1748//1247 1749//1247
f 1847//1247 1749//1247 1848//1247
f 1848//1247 1749//1247 1750//1247
f 1848//1247 1750//1247 1849//1247
f 1849//1247 1750//1247 1751//1247
f 1849//1247 1751//1247 1850//1247
f 1850//1247 1751//1247 1752//1247
f 1850//1247 1752//1247 1851//1247
f 1851//1247 1752//1247 1753//1247
f 1851//1247 1753//1247 1852//1247
f 1852//1247 1753//1247 1754//1247
f 1852//1247 1754//1247 1817//1247
f 1817//1247 1754//1247 1755//1247
f 1817//1247 1755//1247 1756//1247
f 1812//1247 1853//1247 1813//1247
f 1813//1247 1853//1247 1854//1247
f 1813//1247 1854//1247 1814//1247
f 1814//1247 1854//1247 1855//1247
f 1814//1247 1855//1247 1815//1247
f 1815//1247 1855//1247 1856//1247
f 1815//1247 1856//1247 1816//1247
f 1816//1247 1856//1247 1857//1247
f 1816//1247 1857//1247 1784//1247
f 1784//1247 1857//1247 1858//1247
f 1784//1247 1858//1247 1785//1247
f 1785//1247 1858//1247 1859//1247
f 1785//1247 1859//1247 1786//1247
f 1786//1247 1859//1247 1860//1247
f 1786//1247 1860//1247 1787//1247
f 1787//1247 1860//1247 1861//1247
f 1787//1247 1861//1247 1788//1247
f 1788//1247 1861//1247 1862//1247
f 1788//1247 1862//1247 1789//1247
f 1789//1247 1862//1247 1863//1247
f 1789//1247 1863//1247 1790//1247
f 1801//1247 1864//1247 1802//1247
f 1802//1247 1864//1247 1865//1247
f 1802//1247 1865//1247 1803//1247
f 1803//1247 1865//1247 1866//1247
f 1803//1247 1866//1247 1804//1247
f 1804//1247 1866//1247 1867//1247
f 1804//1247 1867//1247 1805//1247
f 1805//1247 1867//1247 1868//1247
f 1805//1247 1868//1247 1806//1247
f 1806//1247 1868//1247 1869//1247
f 1806//1247 1869//1247 1807//1247
f 1807//1247 1869//1247 1870//1247
f 1807//1247 1870//1247 1808//1247
f 1808//1247 1870//1247 1871//1247
f 1808//1247 1871//1247 1809//1247
f 1809//1247 1871//1247 1872//1247
f 1809//1247 1872//1247 1810//1247
f 1810//1247 1872//1247 1873//1247
f 1810//1247 1873//1247 1811//1247
f 1811//1247 1873//1247 1874//1247
f 1811//1247 1874//1247 1812//1247
f 1812//1247 1874//1247 1875//1247
f 1812//1247 1875//1247 1853//1247
f 1863//1247 1876//1247 1790//1247
f 1790//1247 1876//1247 1877//1247
f 1790//1247 1877//1247 1791//1247
f 1791//1247 1877//1247 1878//1247
f 1791//1247 1878//1247 1792//1247
f 1792//1247 1878//1247 1879//1247
f 1792//1247 1879//1247 1793//1247
f 1793//1247 1879//1247 1880//1247
f 1793//1247 1880//1247 1794//1247
f 1794//1247 1880//1247 1881//1247
f 1794//1247 1881//1247 1795//1247
f 1795//1247 1881//1247 1882//1247
f 1795//1247 1882//1247 1796//1247
f 1796//1247 1882//1247 1883//1247
f 1796//1247 1883//1247 1797//1247
f 1797//1247 1883//1247 1884//1247
f 1797//1247 1884//1247 1798//1247
f 1798//1247 1884//1247 1885//1247
f 1798//1247 1885//1247 1799//1247
f 1799//1247 1885//1247 1886//1247
f 1799//1247 1886//1247 1800//1247
f 1800//1247 1886//1247 1887//1247
f 1800//1247 1887//1247 1801//1247
f 1801//1247 1887//1247 1888//1247
f 1801//1247 1888//1247 1864//1247
f 1858//1480 1845//1480 1859//1480
f 1859//1481 1845//1481 1846//1481
f 1859//1482 1846//1482 1860//1482
f 1860//1483 1846//1483 1847//1483
f 1860//1484 1847//1484 1861//1484
f 1861//1485 1847//1485 1848//1485
f 1861//1486 1848//1486 1862//1486
f 1862//1487 1848//1487 1849//1487
f 1862//1488 1849//1488 1863//1488
f 1863//1489 1849//1489 1850//1489
f 1863//1490 1850//1490 1876//1490
f 1876//1491 1850//1491 1851//1491
f 1876//1492 1851//1492 1877//1492
f 1877//1493 1851//1493 1852//1493
f 1877//1494 1852//1494 1878//1494
f 1878//1495 1852//1495 1817//1495
f 1878//1496 1817//1496 1879//1496
f 1879//1497 1817//1497 1818//1497
f 1879//1498 1818//1498 1880//1498
f 1880//1499 1818//1499 1819//1499
f 1880//1500 1819//1500 1881//1500
f 1881//1501 1819//1501 1820//1501
f 1881//1502 1820//1502 1882//1502
f 1882//1503 1820//1503 1821//1503
f 1882//1504 1821//1504 1883//1504
f 1883//1505 1821//1505 1822//1505
f 1883//1506 1822//1506 1884//1506
f 1884//1507 1822//1507 1823//1507
f 1884//1508 1823//1508 1885//1508
f 1885//1509 1823//1509 1824//1509
f 1885//1510 1824//1510 1886//1510
f 1886//1511 1824//1511 1825//1511
f 1886//1512 1825//1512 1887//1512
f 1887//1513 1825//1513 1826//1513
f 1887//1514 1826//1514 1888//1514
f 1888//1515 1826//1515 1827//1515
f 1888//1516 1827//1516 1864//1516
f 1864//1517 1827//1517 1828//1517
f 1864//1518 1828//1518 1865//1518
f 1865//1519 1828//1519 1829//1519
f 1865//1520 1829//1520 1866//1520
f 1866//1521 1829//1521 1830//1521
f 1866//1522 1830//1522 1867//1522
f 1867//1523 1830//1523 1831//1523
f 1867//1524 1831//1524 1868//1524
f 1868//1525 1831//1525 1832//1525
f 1868//1526 1832//1526 1869//1526
f 1869//1527 1832//1527 1833//1527
f 1869//1528 1833//1528 1870//1528
f 1870//1529 1833//1529 1834//1529
f 1870//1530 1834//1530 1871//1530
f 1871//1531 1834//1531 1835//1531
f 1871//1532 1835//1532 1872//1532
f 1872//1533 1835//1533 1836//1533
f 1872//1534 1836//1534 1873//1534
f 1873//1535 1836//1535 1837//1535
f 1873//1536 1837//1536 1874//1536
f 1874//1537 1837//1537 1838//1537
f 1874//1538 1838//1538 1875//1538
f 1875//1539 1838//1539 1839//1539
f 1875//1540 1839//1540 1853//1540
f 1853//1541 1839//1541 1840//1541
f 1853//1542 1840//1542 1854//1542
f 1854//1543 1840//1543 1841//1543
f 1854//1544 1841//1544 1855//1544
f 1855//1545 1841//1545 1842//1545
f 1855//1546 1842//1546 1856//1546
f 1856//1547 1842//1547 1843//1547
f 1856//1548 1843//1548 1857//1548
f 1857//1549 1843//1549 1844//1549
f 1857//1550 1844//1550 1858//1550
f 1858//1551 1844//1551 1845//1551
f 1889//658 1890//658 1891//658
f 1891//658 1890//658 1892//658
f 1893//657 1894//657 1895//657
f 1895//657 1894//657 1896//657
f 1896//1552 1890//1552 1895//1552
f 1895//1552 1890//1552 1889//1552
f 1897//1552 1898//1552 1899//1552
f 1899//1552 1898//1552 1900//1552
f 1899//1552 1900//1552 1901//1552
f 1902//1552 1890//1552 1900//1552
f 1900//1552 1890//1552 1896//1552
f 1900//1552 1896//1552 1901//1552
f 1889//1552 1903//1552 1904//1552
f 1904//1552 1903//1552 1905//1552
f 1904//1552 1905//1552 1906//1552
f 1906//1552 1905//1552 1907//1552
f 1902//1552 1908//1552 1890//1552
f 1890//1552 1908//1552 1909//1552
f 1890//1552 1909//1552 1910//1552
f 1910//1552 1909//1552 1911//1552
f 1889//1552 1904//1552 1895//1552
f 1895//1552 1904//1552 1912//1552
f 1895//1552 1912//1552 1913//1552
f 1913//1552 1914//1552 1895//1552
f 1895//1552 1914//1552 1915//1552
f 1895//1552 1915//1552 1916//1552
f 1892//1553 1894//1553 1891//1553
f 1891//1553 1894//1553 1893//1553
f 1917//1553 1918//1553 1919//1553
f 1919//1553 1918//1553 1892//1553
f 1920//1553 1921//1553 1922//1553
f 1922//1553 1921//1553 1923//1553
f 1918//1553 1924//1553 1892//1553
f 1892//1553 1924//1553 1925//1553
f 1892//1553 1925//1553 1894//1553
f 1894//1553 1925//1553 1923//1553
f 1894//1553 1923//1553 1926//1553
f 1926//1553 1923//1553 1921//1553
f 1927//1553 1928//1553 1929//1553
f 1929//1553 1928//1553 1930//1553
f 1929//1553 1930//1553 1931//1553
f 1932//1553 1933//1553 1934//1553
f 1934//1553 1933//1553 1935//1553
f 1933//1553 1936//1553 1935//1553
f 1935//1553 1936//1553 1891//1553
f 1935//1553 1891//1553 1931//1553
f 1931//1553 1891//1553 1893//1553
f 1931//1553 1893//1553 1929//1553
f 1923//1554 1925//1554 1900//1554
f 1900//1554 1925//1554 1902//1554
f 1896//1555 1894//1555 1926//1555
f 1896//1556 1926//1556 1901//1556
f 1901//1557 1926//1557 1921//1557
f 1901//1558 1921//1558 1899//1558
f 1899//1559 1921//1559 1920//1559
f 1899//1560 1920//1560 1897//1560
f 1897//1561 1920//1561 1922//1561
f 1897//1562 1922//1562 1898//1562
f 1898//1563 1922//1563 1923//1563
f 1898//1564 1923//1564 1900//1564
f 1902//1565 1925//1565 1924//1565
f 1902//1566 1924//1566 1908//1566
f 1908//1567 1924//1567 1918//1567
f 1908//1568 1918//1568 1909//1568
f 1909//1569 1918//1569 1917//1569
f 1909//1570 1917//1570 1911//1570
f 1911//1571 1917//1571 1919//1571
f 1911//1572 1919//1572 1910//1572
f 1910//1573 1919//1573 1892//1573
f 1910//1574 1892//1574 1890//1574
f 1912//1575 1904//1575 1931//1575
f 1931//1575 1904//1575 1935//1575
f 1893//1576 1895//1576 1916//1576
f 1893//1577 1916//1577 1929//1577
f 1929//1578 1916//1578 1915//1578
f 1929//1579 1915//1579 1927//1579
f 1927//1580 1915//1580 1914//1580
f 1927//1581 1914//1581 1928//1581
f 1928//1582 1914//1582 1913//1582
f 1928//1583 1913//1583 1930//1583
f 1930//1584 1913//1584 1912//1584
f 1930//1585 1912//1585 1931//1585
f 1935//1586 1904//1586 1906//1586
f 1935//1587 1906//1587 1934//1587
f 1934//1588 1906//1588 1907//1588
f 1934//1589 1907//1589 1932//1589
f 1932//1590 1907//1590 1905//1590
f 1932//1591 1905//1591 1933//1591
f 1933//1592 1905//1592 1903//1592
f 1933//1593 1903//1593 1936//1593
f 1936//1594 1903//1594 1889//1594
f 1936//1595 1889//1595 1891//1595
f 1937//1596 1938//1596 1939//1596
f 1939//1596 1938//1596 1940//1596
f 1939//1596 1940//1596 1941//1596
f 1941//1596 1940//1596 1942//1596
f 1941//1596 1942//1596 1943//1596
f 1943//1596 1942//1596 1944//1596
f 1943//1596 1944//1596 1945//1596
f 1945//1596 1944//1596 1946//1596
f 1945//1596 1946//1596 1947//1596
f 1948//1596 1949//1596 1950//1596
f 1950//1596 1949//1596 1951//1596
f 1950//1596 1951//1596 1952//1596
f 1952//1596 1951//1596 1953//1596
f 1952//1596 1953//1596 1954//1596
f 1954//1596 1953//1596 1955//1596
f 1954//1596 1955//1596 1956//1596
f 1956//1596 1955//1596 1957//1596
f 1956//1596 1957//1596 1937//1596
f 1937//1596 1957//1596 1958//1596
f 1937//1596 1958//1596 1938//1596
f 1959//1596 1960//1596 1961//1596
f 1961//1596 1960//1596 1962//1596
f 1961//1596 1962//1596 1963//1596
f 1963//1596 1962//1596 1964//1596
f 1963//1596 1964//1596 1965//1596
f 1965//1596 1964//1596 1966//1596
f 1965//1596 1966//1596 1967//1596
f 1967//1596 1966//1596 1968//1596
f 1967//1596 1968//1596 1948//1596
f 1948//1596 1968//1596 1969//1596
f 1948//1596 1969//1596 1949//1596
f 1946//1596 1970//1596 1947//1596
f 1947//1596 1970//1596 1971//1596
f 1947//1596 1971//1596 1972//1596
f 1972//1596 1971//1596 1973//1596
f 1972//1596 1973//1596 1974//1596
f 1974//1596 1973//1596 1975//1596
f 1974//1596 1975//1596 1976//1596
f 1976//1596 1975//1596 1977//1596
f 1976//1596 1977//1596 1978//1596
f 1978//1596 1977//1596 1979//1596
f 1978//1596 1979//1596 1980//1596
f 1980//1596 1979//1596 1981//1596
f 1980//1596 1981//1596 1982//1596
f 1982//1596 1981//1596 1983//1596
f 1982//1596 1983//1596 1984//1596
f 1984//1596 1983//1596 1985//1596
f 1984//1596 1985//1596 1986//1596
f 1986//1596 1985//1596 1987//1596
f 1986//1596 1987//1596 1988//1596
f 1988//1596 1987//1596 1989//1596
f 1988//1596 1989//1596 1990//1596
f 1990//1596 1989//1596 1991//1596
f 1990//1596 1991//1596 1959//1596
f 1959//1596 1991//1596 1992//1596
f 1959//1596 1992//1596 1960//1596
f 1993//1597 1994//1597 1995//1597
f 1995//1597 1994//1597 1996//1597
f 1995//1597 1996//1597 1997//1597
f 1997//1597 1996//1597 1998//1597
f 1996//1597 1999//1597 1998//1597
f 1998//1597 1999//1597 2000//1597
f 1998//1597 2000//1597 2001//1597
f 2002//1597 2003//1597 2004//1597
f 2001//1597 2005//1597 1998//1597
f 1998//1597 2005//1597 2002//1597
f 1998//1597 2002//1597 2006//1597
f 2006//1597 2002//1597 2004//1597
f 2007//1598 2008//1598 1958//1598
f 1958//1599 1957//1599 2007//1599
f 2007//1600 1957//1600 1955//1600
f 2007//1601 1955//1601 2009//1601
f 2009//1602 1955//1602 1953//1602
f 2009//1603 1953//1603 2010//1603
f 2010//1604 1953//1604 2011//1604
f 2011//1605 1953//1605 1951//1605
f 2011//1606 1951//1606 2012//1606
f 2013//1607 2014//1607 1987//1607
f 1987//1608 1985//1608 2013//1608
f 2013//1609 1985//1609 1983//1609
f 2013//1610 1983//1610 2015//1610
f 2015//1611 1983//1611 1981//1611
f 2015//1612 1981//1612 2016//1612
f 2016//1613 1981//1613 2017//1613
f 2017//1614 1981//1614 1979//1614
f 2017//1615 1979//1615 1994//1615
f 1994//1616 1979//1616 1996//1616
f 1996//1617 1979//1617 1977//1617
f 1996//1618 1977//1618 1999//1618
f 1999//1619 1977//1619 1975//1619
f 1999//1620 1975//1620 2000//1620
f 2000//1621 1975//1621 1973//1621
f 2000//1622 1973//1622 2001//1622
f 2001//1623 1973//1623 1971//1623
f 2001//1624 1971//1624 2005//1624
f 2005//1625 1971//1625 1970//1625
f 2005//1626 1970//1626 2002//1626
f 2002//1627 1970//1627 1946//1627
f 2002//1628 1946//1628 2003//1628
f 2003//1629 1946//1629 1944//1629
f 2003//1630 1944//1630 2004//1630
f 2004//1631 1944//1631 1942//1631
f 2004//1632 1942//1632 2006//1632
f 2006//1633 1942//1633 1940//1633
f 2006//1634 1940//1634 1998//1634
f 1998//1635 1940//1635 1938//1635
f 1998//1636 1938//1636 1997//1636
f 1997//1637 1938//1637 1958//1637
f 1997//1638 1958//1638 1995//1638
f 1995//1639 1958//1639 2008//1639
f 1995//1640 2008//1640 1993//1640
f 2012//1641 1951//1641 2018//1641
f 2018//1642 1951//1642 1949//1642
f 2018//1643 1949//1643 2019//1643
f 2019//1644 1949//1644 1969//1644
f 2019//1645 1969//1645 2020//1645
f 2020//1646 1969//1646 1968//1646
f 2020//1647 1968//1647 2021//1647
f 2021//1648 1968//1648 1966//1648
f 2021//1649 1966//1649 2022//1649
f 2022//1650 1966//1650 1964//1650
f 2022//1651 1964//1651 2023//1651
f 2023//1652 1964//1652 1962//1652
f 2023//1653 1962//1653 2024//1653
f 2024//1654 1962//1654 1960//1654
f 2024//1655 1960//1655 2025//1655
f 2025//1656 1960//1656 1992//1656
f 2025//1657 1992//1657 2026//1657
f 2026//1658 1992//1658 1991//1658
f 2026//1659 1991//1659 2027//1659
f 2027//1660 1991//1660 1989//1660
f 2027//1661 1989//1661 2028//1661
f 2028//1662 1989//1662 1987//1662
f 2028//1663 1987//1663 2029//1663
f 2029//1664 1987//1664 2014//1664
f 2029//1665 2014//1665 2030//1665
f 2029//1597 2030//1597 2012//1597
f 2012//1597 2018//1597 2029//1597
f 2029//1597 2018//1597 2019//1597
f 2029//1597 2019//1597 2020//1597
f 2020//1597 2021//1597 2029//1597
f 2029//1597 2021//1597 2022//1597
f 2029//1597 2022//1597 2023//1597
f 2025//1597 2026//1597 2027//1597
f 2023//1597 2024//1597 2029//1597
f 2029//1597 2024//1597 2025//1597
f 2029//1597 2025//1597 2028//1597
f 2028//1597 2025//1597 2027//1597
f 2011//1597 2014//1597 2010//1597
f 2010//1597 2014//1597 2013//1597
f 2010//1597 2013//1597 2009//1597
f 2009//1597 2013//1597 2007//1597
f 2017//1597 2008//1597 2016//1597
f 2016//1597 2008//1597 2007//1597
f 2016//1597 2007//1597 2015//1597
f 2015//1597 2007//1597 2013//1597
f 1994//1666 1993//1666 2017//1666
f 2017//1666 1993//1666 2008//1666
f 2012//1667 2030//1667 2011//1667
f 2011//1667 2030//1667 2014//1667
f 2031//1668 2032//1668 1982//1668
f 1982//1669 2032//1669 1980//1669
f 2032//1670 2033//1670 1980//1670
f 1980//1671 2033//1671 2034//1671
f 1980//1672 2034//1672 1978//1672
f 1978//1673 2034//1673 2035//1673
f 1978//1674 2035//1674 1976//1674
f 1976//1675 2035//1675 2036//1675
f 1976//1676 2036//1676 1974//1676
f 1974//1677 2036//1677 2037//1677
f 1974//1678 2037//1678 1972//1678
f 1972//1679 2037//1679 2038//1679
f 1972//1680 2038//1680 1947//1680
f 1947//1681 2038//1681 2039//1681
f 1947//1682 2039//1682 1945//1682
f 1945//1683 2039//1683 2040//1683
f 1945//1684 2040//1684 1943//1684
f 1943//1685 2040//1685 2041//1685
f 1943//1686 2041//1686 1941//1686
f 1941//1687 2041//1687 2042//1687
f 1941//1688 2042//1688 1939//1688
f 1939//1689 2042//1689 2043//1689
f 1939//1690 2043//1690 1937//1690
f 1937//1691 2043//1691 2044//1691
f 1937//1692 2044//1692 1956//1692
f 1956//1693 2044//1693 2045//1693
f 1956//1694 2045//1694 1954//1694
f 1954//1695 2045//1695 2046//1695
f 1954//1696 2046//1696 1952//1696
f 1952//1697 2046//1697 2047//1697
f 1952//1698 2047//1698 1950//1698
f 1950//1699 2047//1699 2048//1699
f 1950//1700 2048//1700 1948//1700
f 1948//1701 2048//1701 2049//1701
f 1948//1702 2049//1702 1967//1702
f 1967//1703 2049//1703 2050//1703
f 1967//1704 2050//1704 1965//1704
f 1965//1705 2050//1705 2051//1705
f 1965//1706 2051//1706 1963//1706
f 1963//1707 2051//1707 2052//1707
f 1963//1708 2052//1708 1961//1708
f 1961//1709 2052//1709 2053//1709
f 1961//1710 2053//1710 1959//1710
f 1959//1711 2053//1711 2054//1711
f 1959//1712 2054//1712 1990//1712
f 1990//1713 2054//1713 2055//1713
f 1990//1714 2055//1714 1988//1714
f 1988//1715 2055//1715 2056//1715
f 1988//1716 2056//1716 1986//1716
f 1986//1717 2056//1717 2031//1717
f 1986//1718 2031//1718 1984//1718
f 1984//1719 2031//1719 1982//1719
f 2033//1596 2057//1596 2058//1596
f 2059//1596 2040//1596 2060//1596
f 2060//1596 2040//1596 2039//1596
f 2060//1596 2039//1596 2061//1596
f 2061//1596 2039//1596 2038//1596
f 2061//1596 2038//1596 2062//1596
f 2062//1596 2038//1596 2037//1596
f 2062//1596 2037//1596 2063//1596
f 2063//1596 2037//1596 2036//1596
f 2063//1596 2036//1596 2064//1596
f 2064//1596 2036//1596 2035//1596
f 2064//1596 2035//1596 2058//1596
f 2058//1596 2035//1596 2034//1596
f 2058//1596 2034//1596 2033//1596
f 2065//1596 2049//1596 2066//1596
f 2066//1596 2049//1596 2048//1596
f 2066//1596 2048//1596 2067//1596
f 2067//1596 2048//1596 2047//1596
f 2067//1596 2047//1596 2068//1596
f 2068//1596 2047//1596 2046//1596
f 2068//1596 2046//1596 2069//1596
f 2069//1596 2046//1596 2045//1596
f 2069//1596 2045//1596 2070//1596
f 2070//1596 2045//1596 2044//1596
f 2070//1596 2044//1596 2071//1596
f 2071//1596 2044//1596 2043//1596
f 2071//1596 2043//1596 2072//1596
f 2072//1596 2043//1596 2042//1596
f 2072//1596 2042//1596 2059//1596
f 2059//1596 2042//1596 2041//1596
f 2059//1596 2041//1596 2040//1596
f 2033//1596 2032//1596 2057//1596
f 2057//1596 2032//1596 2031//1596
f 2057//1596 2031//1596 2073//1596
f 2073//1596 2031//1596 2056//1596
f 2073//1596 2056//1596 2074//1596
f 2074//1596 2056//1596 2055//1596
f 2074//1596 2055//1596 2075//1596
f 2075//1596 2055//1596 2054//1596
f 2075//1596 2054//1596 2076//1596
f 2076//1596 2054//1596 2053//1596
f 2076//1596 2053//1596 2077//1596
f 2077//1596 2053//1596 2052//1596
f 2077//1596 2052//1596 2078//1596
f 2078//1596 2052//1596 2051//1596
f 2078//1596 2051//1596 2065//1596
f 2065//1596 2051//1596 2050//1596
f 2065//1596 2050//1596 2049//1596
f 2079//1596 2080//1596 2081//1596
f 2082//1596 2083//1596 2081//1596
f 2081//1596 2083//1596 2084//1596
f 2081//1596 2084//1596 2079//1596
f 2085//1596 2086//1596 2081//1596
f 2081//1596 2086//1596 2087//1596
f 2081//1596 2087//1596 2082//1596
f 2088//1596 2089//1596 2081//1596
f 2081//1596 2089//1596 2090//1596
f 2081//1596 2090//1596 2085//1596
f 2091//1596 2092//1596 2081//1596
f 2081//1596 2092//1596 2093//1596
f 2081//1596 2093//1596 2088//1596
f 2094//1596 2095//1596 2081//1596
f 2081//1596 2095//1596 2096//1596
f 2081//1596 2096//1596 2091//1596
f 2097//1596 2098//1596 2081//1596
f 2081//1596 2098//1596 2099//1596
f 2081//1596 2099//1596 2094//1596
f 2080//1596 2100//1596 2081//1596
f 2081//1596 2100//1596 2101//1596
f 2081//1596 2101//1596 2097//1596
f 2102//1720 2091//1720 2103//1720
f 2103//1721 2091//1721 2096//1721
f 2103//1722 2096//1722 2104//1722
f 2104//1723 2096//1723 2095//1723
f 2104//1724 2095//1724 2105//1724
f 2105//1725 2095//1725 2094//1725
f 2105//1726 2094//1726 2106//1726
f 2106//1727 2094//1727 2099//1727
f 2106//1728 2099//1728 2107//1728
f 2107//1729 2099//1729 2098//1729
f 2107//1730 2098//1730 2108//1730
f 2108//1731 2098//1731 2097//1731
f 2108//1732 2097//1732 2109//1732
f 2109//1733 2097//1733 2101//1733
f 2109//1734 2101//1734 2110//1734
f 2110//1735 2101//1735 2100//1735
f 2110//1736 2100//1736 2111//1736
f 2111//1737 2100//1737 2080//1737
f 2111//1738 2080//1738 2112//1738
f 2112//1739 2080//1739 2079//1739
f 2112//1740 2079//1740 2113//1740
f 2113//1741 2079//1741 2084//1741
f 2113//1742 2084//1742 2114//1742
f 2114//1743 2084//1743 2083//1743
f 2114//1744 2083//1744 2115//1744
f 2115//1745 2083//1745 2082//1745
f 2115//1746 2082//1746 2116//1746
f 2116//1747 2082//1747 2087//1747
f 2116//1748 2087//1748 2117//1748
f 2117//1749 2087//1749 2086//1749
f 2117//1750 2086//1750 2118//1750
f 2118//1751 2086//1751 2085//1751
f 2118//1752 2085//1752 2119//1752
f 2119//1753 2085//1753 2090//1753
f 2119//1754 2090//1754 2120//1754
f 2120//1755 2090//1755 2089//1755
f 2120//1756 2089//1756 2121//1756
f 2121//1757 2089//1757 2088//1757
f 2121//1758 2088//1758 2122//1758
f 2122//1759 2088//1759 2093//1759
f 2122//1760 2093//1760 2123//1760
f 2123//1761 2093//1761 2092//1761
f 2123//1762 2092//1762 2102//1762
f 2102//1763 2092//1763 2091//1763
f 2069//1764 2103//1764 2068//1764
f 2068//1765 2103//1765 2104//1765
f 2068//1766 2104//1766 2067//1766
f 2067//1767 2104//1767 2105//1767
f 2067//1768 2105//1768 2066//1768
f 2066//1769 2105//1769 2106//1769
f 2066//1770 2106//1770 2065//1770
f 2065//1771 2106//1771 2107//1771
f 2065//1772 2107//1772 2078//1772
f 2078//1773 2107//1773 2108//1773
f 2078//1774 2108//1774 2077//1774
f 2077//1775 2108//1775 2109//1775
f 2077//1776 2109//1776 2076//1776
f 2076//1777 2109//1777 2110//1777
f 2076//1778 2110//1778 2075//1778
f 2075//1779 2110//1779 2111//1779
f 2075//1780 2111//1780 2074//1780
f 2074//1781 2111//1781 2112//1781
f 2074//1782 2112//1782 2073//1782
f 2073//1783 2112//1783 2113//1783
f 2073//1784 2113//1784 2057//1784
f 2057//1785 2113//1785 2114//1785
f 2057//1786 2114//1786 2058//1786
f 2058//1787 2114//1787 2115//1787
f 2058//1788 2115//1788 2064//1788
f 2064//1789 2115//1789 2116//1789
f 2064//1790 2116//1790 2063//1790
f 2063//1791 2116//1791 2117//1791
f 2063//1792 2117//1792 2062//1792
f 2062//1793 2117//1793 2118//1793
f 2062//1794 2118//1794 2061//1794
f 2061//1795 2118//1795 2119//1795
f 2061//1796 2119//1796 2060//1796
f 2060//1797 2119//1797 2120//1797
f 2060//1798 2120//1798 2059//1798
f 2059//1799 2120//1799 2121//1799
f 2059//1800 2121//1800 2072//1800
f 2072//1801 2121//1801 2122//1801
f 2072//1802 2122//1802 2071//1802
f 2071//1803 2122//1803 2123//1803
f 2071//1804 2123//1804 2070//1804
f 2070//1805 2123//1805 2102//1805
f 2070//1806 2102//1806 2069//1806
f 2069//1807 2102//1807 2103//1807
f 2124//1808 2125//1808 2126//1808
f 2126//1808 2125//1808 2127//1808
f 2126//1808 2127//1808 2128//1808
f 2128//1808 2127//1808 2129//1808
f 2128//1808 2129//1808 2130//1808
f 2130//1808 2129//1808 2131//1808
f 2130//1808 2131//1808 2132//1808
f 2132//1808 2131//1808 2133//1808
f 2132//1808 2133//1808 2134//1808
f 2135//1808 2136//1808 2137//1808
f 2137//1808 2136//1808 2138//1808
f 2137//1808 2138//1808 2139//1808
f 2139//1808 2138//1808 2140//1808
f 2139//1808 2140//1808 2141//1808
f 2141//1808 2140//1808 2142//1808
f 2141//1808 2142//1808 2143//1808
f 2143//1808 2142//1808 2144//1808
f 2143//1808 2144//1808 2124//1808
f 2124//1808 2144//1808 2145//1808
f 2124//1808 2145//1808 2125//1808
f 2146//1808 2147//1808 2148//1808
f 2148//1808 2147//1808 2149//1808
f 2148//1808 2149//1808 2150//1808
f 2150//1808 2149//1808 2151//1808
f 2150//1808 2151//1808 2152//1808
f 2152//1808 2151//1808 2153//1808
f 2152//1808 2153//1808 2154//1808
f 2154//1808 2153//1808 2155//1808
f 2154//1808 2155//1808 2135//1808
f 2135//1808 2155//1808 2156//1808
f 2135//1808 2156//1808 2136//1808
f 2133//1808 2157//1808 2134//1808
f 2134//1808 2157//1808 2158//1808
f 2134//1808 2158//1808 2159//1808
f 2159//1808 2158//1808 2160//1808
f 2159//1808 2160//1808 2161//1808
f 2161//1808 2160//1808 2162//1808
f 2161//1808 2162//1808 2163//1808
f 2163//1808 2162//1808 2164//1808
f 2163//1808 2164//1808 2165//1808
f 2165//1808 2164//1808 2166//1808
f 2165//1808 2166//1808 2167//1808
f 2167//1808 2166//1808 2168//1808
f 2167//1808 2168//1808 2169//1808
f 2169//1808 2168//1808 2170//1808
f 2169//1808 2170//1808 2171//1808
f 2171//1808 2170//1808 2172//1808
f 2171//1808 2172//1808 2173//1808
f 2173//1808 2172//1808 2174//1808
f 2173//1808 2174//1808 2175//1808
f 2175//1808 2174//1808 2176//1808
f 2175//1808 2176//1808 2177//1808
f 2177//1808 2176//1808 2178//1808
f 2177//1808 2178//1808 2146//1808
f 2146//1808 2178//1808 2179//1808
f 2146//1808 2179//1808 2147//1808
f 2180//1809 2181//1809 2182//1809
f 2182//1809 2181//1809 2183//1809
f 2182//1809 2183//1809 2184//1809
f 2184//1809 2183//1809 2185//1809
f 2183//1809 2186//1809 2185//1809
f 2185//1809 2186//1809 2187//1809
f 2185//1809 2187//1809 2188//1809
f 2189//1809 2190//1809 2191//1809
f 2188//1809 2192//1809 2185//1809
f 2185//1809 2192//1809 2189//1809
f 2185//1809 2189//1809 2193//1809
f 2193//1809 2189//1809 2191//1809
f 2194//1810 2195//1810 2145//1810
f 2145//1811 2144//1811 2194//1811
f 2194//1812 2144//1812 2142//1812
f 2194//1813 2142//1813 2196//1813
f 2196//1814 2142//1814 2140//1814
f 2196//1815 2140//1815 2197//1815
f 2197//1816 2140//1816 2198//1816
f 2198//1817 2140//1817 2138//1817
f 2198//1818 2138//1818 2199//1818
f 2200//1819 2201//1819 2174//1819
f 2174//1820 2172//1820 2200//1820
f 2200//1821 2172//1821 2170//1821
f 2200//1822 2170//1822 2202//1822
f 2202//1823 2170//1823 2168//1823
f 2202//1824 2168//1824 2203//1824
f 2203//1825 2168//1825 2204//1825
f 2204//1826 2168//1826 2166//1826
f 2204//1827 2166//1827 2181//1827
f 2181//1828 2166//1828 2183//1828
f 2183//1829 2166//1829 2164//1829
f 2183//1830 2164//1830 2186//1830
f 2186//1831 2164//1831 2162//1831
f 2186//1832 2162//1832 2187//1832
f 2187//1833 2162//1833 2160//1833
f 2187//1834 2160//1834 2188//1834
f 2188//1835 2160//1835 2158//1835
f 2188//1836 2158//1836 2192//1836
f 2192//1837 2158//1837 2157//1837
f 2192//1838 2157//1838 2189//1838
f 2189//1839 2157//1839 2133//1839
f 2189//1840 2133//1840 2190//1840
f 2190//1841 2133//1841 2131//1841
f 2190//1842 2131//1842 2191//1842
f 2191//1843 2131//1843 2129//1843
f 2191//1844 2129//1844 2193//1844
f 2193//1845 2129//1845 2127//1845
f 2193//1846 2127//1846 2185//1846
f 2185//1847 2127//1847 2125//1847
f 2185//1848 2125//1848 2184//1848
f 2184//1849 2125//1849 2145//1849
f 2184//1850 2145//1850 2182//1850
f 2182//1851 2145//1851 2195//1851
f 2182//1852 2195//1852 2180//1852
f 2199//1853 2138//1853 2205//1853
f 2205//1854 2138//1854 2136//1854
f 2205//1855 2136//1855 2206//1855
f 2206//1856 2136//1856 2156//1856
f 2206//1857 2156//1857 2207//1857
f 2207//1858 2156//1858 2155//1858
f 2207//1859 2155//1859 2208//1859
f 2208//1860 2155//1860 2153//1860
f 2208//1861 2153//1861 2209//1861
f 2209//1862 2153//1862 2151//1862
f 2209//1863 2151//1863 2210//1863
f 2210//1864 2151//1864 2149//1864
f 2210//1865 2149//1865 2211//1865
f 2211//1866 2149//1866 2147//1866
f 2211//1867 2147//1867 2212//1867
f 2212//1868 2147//1868 2179//1868
f 2212//1869 2179//1869 2213//1869
f 2213//1870 2179//1870 2178//1870
f 2213//1871 2178//1871 2214//1871
f 2214//1872 2178//1872 2176//1872
f 2214//1873 2176//1873 2215//1873
f 2215//1874 2176//1874 2174//1874
f 2215//1875 2174//1875 2216//1875
f 2216//1876 2174//1876 2201//1876
f 2216//1877 2201//1877 2217//1877
f 2216//1809 2217//1809 2199//1809
f 2199//1809 2205//1809 2216//1809
f 2216//1809 2205//1809 2206//1809
f 2216//1809 2206//1809 2207//1809
f 2207//1809 2208//1809 2216//1809
f 2216//1809 2208//1809 2209//1809
f 2216//1809 2209//1809 2210//1809
f 2212//1809 2213//1809 2214//1809
f 2210//1809 2211//1809 2216//1809
f 2216//1809 2211//1809 2212//1809
f 2216//1809 2212//1809 2215//1809
f 2215//1809 2212//1809 2214//1809
f 2198//1809 2201//1809 2197//1809
f 2197//1809 2201//1809 2200//1809
f 2197//1809 2200//1809 2196//1809
f 2196//1809 2200//1809 2194//1809
f 2204//1809 2195//1809 2203//1809
f 2203//1809 2195//1809 2194//1809
f 2203//1809 2194//1809 2202//1809
f 2202//1809 2194//1809 2200//1809
f 2181//1878 2180//1878 2204//1878
f 2204//1878 2180//1878 2195//1878
f 2199//1879 2217//1879 2198//1879
f 2198//1879 2217//1879 2201//1879
f 2218//1880 2219//1880 2169//1880
f 2169//1881 2219//1881 2167//1881
f 2219//1882 2220//1882 2167//1882
f 2167//1883 2220//1883 2221//1883
f 2167//1884 2221//1884 2165//1884
f 2165//1885 2221//1885 2222//1885
f 2165//1886 2222//1886 2163//1886
f 2163//1887 2222//1887 2223//1887
f 2163//1888 2223//1888 2161//1888
f 2161//1889 2223//1889 2224//1889
f 2161//1890 2224//1890 2159//1890
f 2159//1891 2224//1891 2225//1891
f 2159//1892 2225//1892 2134//1892
f 2134//1893 2225//1893 2226//1893
f 2134//1894 2226//1894 2132//1894
f 2132//1895 2226//1895 2227//1895
f 2132//1896 2227//1896 2130//1896
f 2130//1897 2227//1897 2228//1897
f 2130//1898 2228//1898 2128//1898
f 2128//1899 2228//1899 2229//1899
f 2128//1900 2229//1900 2126//1900
f 2126//1901 2229//1901 2230//1901
f 2126//1902 2230//1902 2124//1902
f 2124//1903 2230//1903 2231//1903
f 2124//1904 2231//1904 2143//1904
f 2143//1905 2231//1905 2232//1905
f 2143//1906 2232//1906 2141//1906
f 2141//1907 2232//1907 2233//1907
f 2141//1908 2233//1908 2139//1908
f 2139//1909 2233//1909 2234//1909
f 2139//1910 2234//1910 2137//1910
f 2137//1911 2234//1911 2235//1911
f 2137//1912 2235//1912 2135//1912
f 2135//1913 2235//1913 2236//1913
f 2135//1914 2236//1914 2154//1914
f 2154//1915 2236//1915 2237//1915
f 2154//1916 2237//1916 2152//1916
f 2152//1917 2237//1917 2238//1917
f 2152//1918 2238//1918 2150//1918
f 2150//1919 2238//1919 2239//1919
f 2150//1920 2239//1920 2148//1920
f 2148//1921 2239//1921 2240//1921
f 2148//1922 2240//1922 2146//1922
f 2146//1923 2240//1923 2241//1923
f 2146//1924 2241//1924 2177//1924
f 2177//1925 2241//1925 2242//1925
f 2177//1926 2242//1926 2175//1926
f 2175//1927 2242//1927 2243//1927
f 2175//1928 2243//1928 2173//1928
f 2173//1929 2243//1929 2218//1929
f 2173//1930 2218//1930 2171//1930
f 2171//1931 2218//1931 2169//1931
f 2220//1808 2244//1808 2245//1808
f 2246//1808 2227//1808 2247//1808
f 2247//1808 2227//1808 2226//1808
f 2247//1808 2226//1808 2248//1808
f 2248//1808 2226//1808 2225//1808
f 2248//1808 2225//1808 2249//1808
f 2249//1808 2225//1808 2224//1808
f 2249//1808 2224//1808 2250//1808
f 2250//1808 2224//1808 2223//1808
f 2250//1808 2223//1808 2251//1808
f 2251//1808 2223//1808 2222//1808
f 2251//1808 2222//1808 2245//1808
f 2245//1808 2222//1808 2221//1808
f 2245//1808 2221//1808 2220//1808
f 2252//1808 2236//1808 2253//1808
f 2253//1808 2236//1808 2235//1808
f 2253//1808 2235//1808 2254//1808
f 2254//1808 2235//1808 2234//1808
f 2254//1808 2234//1808 2255//1808
f 2255//1808 2234//1808 2233//1808
f 2255//1808 2233//1808 2256//1808
f 2256//1808 2233//1808 2232//1808
f 2256//1808 2232//1808 2257//1808
f 2257//1808 2232//1808 2231//1808
f 2257//1808 2231//1808 2258//1808
f 2258//1808 2231//1808 2230//1808
f 2258//1808 2230//1808 2259//1808
f 2259//1808 2230//1808 2229//1808
f 2259//1808 2229//1808 2246//1808
f 2246//1808 2229//1808 2228//1808
f 2246//1808 2228//1808 2227//1808
f 2220//1808 2219//1808 2244//1808
f 2244//1808 2219//1808 2218//1808
f 2244//1808 2218//1808 2260//1808
f 2260//1808 2218//1808 2243//1808
f 2260//1808 2243//1808 2261//1808
f 2261//1808 2243//1808 2242//1808
f 2261//1808 2242//1808 2262//1808
f 2262//1808 2242//1808 2241//1808
f 2262//1808 2241//1808 2263//1808
f 2263//1808 2241//1808 2240//1808
f 2263//1808 2240//1808 2264//1808
f 2264//1808 2240//1808 2239//1808
f 2264//1808 2239//1808 2265//1808
f 2265//1808 2239//1808 2238//1808
f 2265//1808 2238//1808 2252//1808
f 2252//1808 2238//1808 2237//1808
f 2252//1808 2237//1808 2236//1808
f 2266//1808 2267//1808 2268//1808
f 2269//1808 2270//1808 2268//1808
f 2268//1808 2270//1808 2271//1808
f 2268//1808 2271//1808 2266//1808
f 2272//1808 2273//1808 2268//1808
f 2268//1808 2273//1808 2274//1808
f 2268//1808 2274//1808 2269//1808
f 2275//1808 2276//1808 2268//1808
f 2268//1808 2276//1808 2277//1808
f 2268//1808 2277//1808 2272//1808
f 2278//1808 2279//1808 2268//1808
f 2268//1808 2279//1808 2280//1808
f 2268//1808 2280//1808 2275//1808
f 2281//1808 2282//1808 2268//1808
f 2268//1808 2282//1808 2283//1808
f 2268//1808 2283//1808 2278//1808
f 2284//1808 2285//1808 2268//1808
f 2268//1808 2285//1808 2286//1808
f 2268//1808 2286//1808 2281//1808
f 2267//1808 2287//1808 2268//1808
f 2268//1808 2287//1808 2288//1808
f 2268//1808 2288//1808 2284//1808
f 2289//1932 2278//1932 2290//1932
f 2290//1933 2278//1933 2283//1933
f 2290//1934 2283//1934 2291//1934
f 2291//1935 2283//1935 2282//1935
f 2291//1936 2282//1936 2292//1936
f 2292//1937 2282//1937 2281//1937
f 2292//1938 2281//1938 2293//1938
f 2293//1939 2281//1939 2286//1939
f 2293//1940 2286//1940 2294//1940
f 2294//1941 2286//1941 2285//1941
f 2294//1942 2285//1942 2295//1942
f 2295//1943 2285//1943 2284//1943
f 2295//1944 2284//1944 2296//1944
f 2296//1945 2284//1945 2288//1945
f 2296//1946 2288//1946 2297//1946
f 2297//1947 2288//1947 2287//1947
f 2297//1948 2287//1948 2298//1948
f 2298//1949 2287//1949 2267//1949
f 2298//1950 2267//1950 2299//1950
f 2299//1951 2267//1951 2266//1951
f 2299//1952 2266//1952 2300//1952
f 2300//1953 2266//1953 2271//1953
f 2300//1954 2271//1954 2301//1954
f 2301//1955 2271//1955 2270//1955
f 2301//1956 2270//1956 2302//1956
f 2302//1957 2270//1957 2269//1957
f 2302//1958 2269//1958 2303//1958
f 2303//1959 2269//1959 2274//1959
f 2303//1960 2274//1960 2304//1960
f 2304//1961 2274//1961 2273//1961
f 2304//1962 2273//1962 2305//1962
f 2305//1963 2273//1963 2272//1963
f 2305//1964 2272//1964 2306//1964
f 2306//1965 2272//1965 2277//1965
f 2306//1966 2277//1966 2307//1966
f 2307//1967 2277//1967 2276//1967
f 2307//1968 2276//1968 2308//1968
f 2308//1969 2276//1969 2275//1969
f 2308//1970 2275//1970 2309//1970
f 2309//1971 2275//1971 2280//1971
f 2309//1972 2280//1972 2310//1972
f 2310//1973 2280//1973 2279//1973
f 2310//1974 2279//1974 2289//1974
f 2289//1975 2279//1975 2278//1975
f 2256//1976 2290//1976 2255//1976
f 2255//1977 2290//1977 2291//1977
f 2255//1978 2291//1978 2254//1978
f 2254//1979 2291//1979 2292//1979
f 2254//1980 2292//1980 2253//1980
f 2253//1981 2292//1981 2293//1981
f 2253//1982 2293//1982 2252//1982
f 2252//1983 2293//1983 2294//1983
f 2252//1984 2294//1984 2265//1984
f 2265//1985 2294//1985 2295//1985
f 2265//1986 2295//1986 2264//1986
f 2264//1987 2295//1987 2296//1987
f 2264//1988 2296//1988 2263//1988
f 2263//1989 2296//1989 2297//1989
f 2263//1990 2297//1990 2262//1990
f 2262//1991 2297//1991 2298//1991
f 2262//1992 2298//1992 2261//1992
f 2261//1993 2298//1993 2299//1993
f 2261//1994 2299//1994 2260//1994
f 2260//1995 2299//1995 2300//1995
f 2260//1996 2300//1996 2244//1996
f 2244//1997 2300//1997 2301//1997
f 2244//1998 2301//1998 2245//1998
f 2245//1999 2301//1999 2302//1999
f 2245//2000 2302//2000 2251//2000
f 2251//2001 2302//2001 2303//2001
f 2251//2002 2303//2002 2250//2002
f 2250//2003 2303//2003 2304//2003
f 2250//2004 2304//2004 2249//2004
f 2249//2005 2304//2005 2305//2005
f 2249//2006 2305//2006 2248//2006
f 2248//2007 2305//2007 2306//2007
f 2248//2008 2306//2008 2247//2008
f 2247//2009 2306//2009 2307//2009
f 2247//2010 2307//2010 2246//2010
f 2246//2011 2307//2011 2308//2011
f 2246//2012 2308//2012 2259//2012
f 2259//2013 2308//2013 2309//2013
f 2259//2014 2309//2014 2258//2014
f 2258//2015 2309//2015 2310//2015
f 2258//2016 2310//2016 2257//2016
f 2257//2017 2310//2017 2289//2017
f 2257//2018 2289//2018 2256//2018
f 2256//2019 2289//2019 2290//2019
f 2311//685 2312//685 2313//685
f 2314//685 2315//685 2316//685
f 2316//685 2315//685 2317//685
f 2316//685 2317//685 2318//685
f 2319//685 2320//685 2321//685
f 2322//685 2323//685 2321//685
f 2321//685 2323//685 2324//685
f 2321//685 2324//685 2319//685
f 2325//685 2316//685 2326//685
f 2326//685 2316//685 2318//685
f 2326//685 2318//685 2327//685
f 2327//685 2318//685 2328//685
f 2318//685 2329//685 2328//685
f 2328//685 2329//685 2330//685
f 2328//685 2330//685 2331//685
f 2331//685 2330//685 2332//685
f 2331//685 2332//685 2333//685
f 2333//685 2332//685 2334//685
f 2333//685 2334//685 2335//685
f 2335//685 2334//685 2336//685
f 2335//685 2336//685 2337//685
f 2337//685 2336//685 2338//685
f 2337//685 2338//685 2322//685
f 2322//685 2338//685 2339//685
f 2322//685 2339//685 2323//685
f 2333//685 2340//685 2331//685
f 2331//685 2340//685 2341//685
f 2331//685 2341//685 2342//685
f 2342//685 2341//685 2343//685
f 2314//685 2311//685 2315//685
f 2315//685 2311//685 2313//685
f 2315//685 2313//685 2344//685
f 2344//685 2313//685 2323//685
f 2344//685 2323//685 2345//685
f 2345//685 2323//685 2339//685
f 2346//685 2347//685 2343//685
f 2343//685 2347//685 2348//685
f 2343//685 2348//685 2342//685
f 2343//685 2349//685 2346//685
f 2346//685 2349//685 2350//685
f 2346//685 2350//685 2351//685
f 2351//685 2350//685 2352//685
f 2351//685 2352//685 2353//685
f 2353//685 2352//685 2320//685
f 2353//685 2320//685 2354//685
f 2354//685 2320//685 2319//685
f 2355//2020 2356//2020 2357//2020
f 2357//2020 2356//2020 2358//2020
f 2357//658 2358//658 2359//658
f 2359//658 2358//658 2360//658
f 2361//2021 2362//2021 2356//2021
f 2356//2021 2362//2021 2363//2021
f 2356//2021 2363//2021 2358//2021
f 2358//2021 2363//2021 2364//2021
f 2358//2021 2364//2021 2365//2021
f 2360//2021 2358//2021 2366//2021
f 2367//2021 2368//2021 2356//2021
f 2356//2021 2368//2021 2369//2021
f 2356//2021 2369//2021 2361//2021
f 2365//2021 2370//2021 2358//2021
f 2358//2021 2370//2021 2371//2021
f 2358//2021 2371//2021 2366//2021
f 2366//2021 2371//2021 2372//2021
f 2366//2021 2372//2021 2373//2021
f 2374//2021 2375//2021 2367//2021
f 2367//2021 2375//2021 2376//2021
f 2367//2021 2376//2021 2368//2021
f 2368//2021 2376//2021 2377//2021
f 2374//2021 2367//2021 2378//2021
f 2378//2021 2367//2021 2379//2021
f 2378//2021 2379//2021 2380//2021
f 2373//2021 2372//2021 2381//2021
f 2381//2021 2372//2021 2382//2021
f 2381//2021 2382//2021 2377//2021
f 2377//2021 2382//2021 2383//2021
f 2377//2021 2383//2021 2368//2021
f 2378//2021 2384//2021 2385//2021
f 2385//2021 2384//2021 2386//2021
f 2385//2021 2386//2021 2387//2021
f 2387//2021 2386//2021 2388//2021
f 2387//2021 2388//2021 2389//2021
f 2366//2021 2390//2021 2360//2021
f 2360//2021 2390//2021 2391//2021
f 2360//2021 2391//2021 2392//2021
f 2392//2021 2391//2021 2387//2021
f 2392//2021 2387//2021 2393//2021
f 2393//2021 2387//2021 2389//2021
f 2380//2021 2394//2021 2378//2021
f 2378//2021 2394//2021 2395//2021
f 2378//2021 2395//2021 2384//2021
f 2396//2022 2386//2022 2397//2022
f 2397//2022 2386//2022 2384//2022
f 2398//2023 2367//2023 2355//2023
f 2355//2023 2367//2023 2356//2023
f 2397//2024 2384//2024 2395//2024
f 2397//2025 2395//2025 2399//2025
f 2399//2026 2395//2026 2394//2026
f 2399//2027 2394//2027 2400//2027
f 2400//2028 2394//2028 2380//2028
f 2400//2029 2380//2029 2401//2029
f 2401//2030 2380//2030 2379//2030
f 2401//2031 2379//2031 2402//2031
f 2402//2032 2379//2032 2367//2032
f 2402//2033 2367//2033 2398//2033
f 2359//2034 2360//2034 2392//2034
f 2359//2035 2392//2035 2403//2035
f 2403//2036 2392//2036 2393//2036
f 2403//2037 2393//2037 2404//2037
f 2404//2038 2393//2038 2389//2038
f 2404//2039 2389//2039 2405//2039
f 2405//2040 2389//2040 2388//2040
f 2405//2041 2388//2041 2406//2041
f 2406//2042 2388//2042 2386//2042
f 2406//2043 2386//2043 2396//2043
f 2390//2044 2330//2044 2391//2044
f 2391//2045 2330//2045 2329//2045
f 2391//2046 2329//2046 2387//2046
f 2387//2047 2329//2047 2318//2047
f 2387//2048 2318//2048 2385//2048
f 2385//2049 2318//2049 2317//2049
f 2385//2050 2317//2050 2378//2050
f 2378//2051 2317//2051 2315//2051
f 2378//2052 2315//2052 2374//2052
f 2374//2053 2315//2053 2344//2053
f 2374//2054 2344//2054 2375//2054
f 2375//2055 2344//2055 2345//2055
f 2375//2056 2345//2056 2376//2056
f 2376//2057 2345//2057 2339//2057
f 2376//2058 2339//2058 2377//2058
f 2377//2059 2339//2059 2338//2059
f 2377//2060 2338//2060 2381//2060
f 2381//2061 2338//2061 2336//2061
f 2381//2062 2336//2062 2373//2062
f 2373//2063 2336//2063 2334//2063
f 2373//2064 2334//2064 2366//2064
f 2366//2065 2334//2065 2332//2065
f 2366//2066 2332//2066 2390//2066
f 2390//2067 2332//2067 2330//2067
f 2370//2068 2341//2068 2371//2068
f 2371//2069 2341//2069 2340//2069
f 2371//2070 2340//2070 2372//2070
f 2372//2071 2340//2071 2333//2071
f 2372//2072 2333//2072 2382//2072
f 2382//2073 2333//2073 2335//2073
f 2382//2074 2335//2074 2383//2074
f 2383//2075 2335//2075 2337//2075
f 2383//2076 2337//2076 2368//2076
f 2368//2077 2337//2077 2322//2077
f 2368//2078 2322//2078 2369//2078
f 2369//2079 2322//2079 2321//2079
f 2369//2080 2321//2080 2361//2080
f 2361//2081 2321//2081 2320//2081
f 2361//2082 2320//2082 2362//2082
f 2362//2083 2320//2083 2352//2083
f 2362//2084 2352//2084 2363//2084
f 2363//2085 2352//2085 2350//2085
f 2363//2086 2350//2086 2364//2086
f 2364//2087 2350//2087 2349//2087
f 2364//2088 2349//2088 2365//2088
f 2365//2089 2349//2089 2343//2089
f 2365//2090 2343//2090 2370//2090
f 2370//2091 2343//2091 2341//2091
f 2407//685 2408//685 2357//685
f 2357//685 2408//685 2409//685
f 2357//685 2409//685 2355//685
f 2409//685 2410//685 2355//685
f 2355//685 2410//685 2411//685
f 2355//685 2411//685 2412//685
f 2359//685 2403//685 2413//685
f 2413//685 2403//685 2404//685
f 2413//685 2404//685 2414//685
f 2414//685 2404//685 2405//685
f 2414//685 2405//685 2415//685
f 2415//685 2405//685 2406//685
f 2415//685 2406//685 2416//685
f 2416//685 2406//685 2396//685
f 2416//685 2396//685 2417//685
f 2417//685 2396//685 2397//685
f 2417//685 2397//685 2418//685
f 2397//685 2399//685 2418//685
f 2418//685 2399//685 2400//685
f 2418//685 2400//685 2419//685
f 2419//685 2400//685 2401//685
f 2419//685 2401//685 2420//685
f 2420//685 2401//685 2402//685
f 2420//685 2402//685 2421//685
f 2421//685 2402//685 2398//685
f 2421//685 2398//685 2422//685
f 2422//685 2398//685 2355//685
f 2422//685 2355//685 2423//685
f 2423//685 2355//685 2412//685
f 2413//685 2424//685 2359//685
f 2359//685 2424//685 2425//685
f 2359//685 2425//685 2357//685
f 2357//685 2425//685 2426//685
f 2357//685 2426//685 2407//685
f 2410//2092 2409//2092 2351//2092
f 2351//2092 2409//2092 2346//2092
f 2425//657 2424//657 2331//657
f 2331//657 2424//657 2328//657
f 2416//2093 2316//2093 2415//2093
f 2415//2094 2316//2094 2325//2094
f 2415//2095 2325//2095 2414//2095
f 2414//2096 2325//2096 2326//2096
f 2414//2097 2326//2097 2413//2097
f 2413//2098 2326//2098 2327//2098
f 2413//2099 2327//2099 2424//2099
f 2424//2100 2327//2100 2328//2100
f 2416//1554 2417//1554 2316//1554
f 2316//1554 2417//1554 2314//1554
f 2421//2101 2323//2101 2420//2101
f 2420//2102 2323//2102 2313//2102
f 2420//2103 2313//2103 2419//2103
f 2419//2104 2313//2104 2312//2104
f 2419//2105 2312//2105 2418//2105
f 2418//2106 2312//2106 2311//2106
f 2418//2107 2311//2107 2417//2107
f 2417//2108 2311//2108 2314//2108
f 2324//2109 2323//2109 2422//2109
f 2422//2109 2323//2109 2421//2109
f 2324//2110 2422//2110 2319//2110
f 2319//2111 2422//2111 2423//2111
f 2319//2112 2423//2112 2354//2112
f 2354//2113 2423//2113 2412//2113
f 2354//2114 2412//2114 2353//2114
f 2353//2115 2412//2115 2411//2115
f 2353//2116 2411//2116 2351//2116
f 2351//2117 2411//2117 2410//2117
f 2346//2118 2409//2118 2347//2118
f 2347//2119 2409//2119 2408//2119
f 2347//2120 2408//2120 2348//2120
f 2348//2121 2408//2121 2407//2121
f 2348//2122 2407//2122 2342//2122
f 2342//2123 2407//2123 2426//2123
f 2342//2124 2426//2124 2331//2124
f 2331//2125 2426//2125 2425//2125
# Vertices: 2426, normals: 2125, texture coordinates: 0, faces: 4852

