# File generated by ImageToStl.com - Free Image and 3D model conversion tools

o obj1
v 0.0138959 -0.02415923 0.02261868
v 0.01386597 -0.02427143 0.02262517
v 0.01386597 -0.02427143 0.02242368
v 0.0138959 -0.0216949 0.02243016
v 0.01386597 -0.02158271 0.02242368
v 0.01386597 -0.02158271 0.02262517
v 0.01386597 -0.02161274 0.02222443
v 0.01386597 -0.02167213 0.02301695
v 0.0139066 -0.02173339 0.02279442
v 0.01386597 -0.02161274 0.02282441
v 0.0138959 -0.0216949 0.02279442
v 0.0138959 -0.0216949 0.02261868
v 0.01399163 -0.02206621 0.02286228
v 0.01399098 -0.02204356 0.02279442
v 0.01398706 -0.0220227 0.02279442
v 0.01406001 -0.02243858 0.02280623
v 0.01405969 -0.02243478 0.02280466
v 0.01399163 -0.02212618 0.02298681
v 0.01404996 -0.02235707 0.02279442
v 0.0140221 -0.02220899 0.02279442
v 0.01406578 -0.02250707 0.02283461
v 0.01399163 -0.02220404 0.02310102
v 0.0140663 -0.02252266 0.02284657
v 0.01406785 -0.02256918 0.02288226
v 0.01399163 -0.02229805 0.02320234
v 0.01406734 -0.022581 0.02289767
v 0.01399163 -0.02240612 0.02328851
v 0.01406387 -0.02262621 0.02296699
v 0.01406578 -0.02261688 0.02294442
v 0.01399098 -0.02265707 0.02340793
v 0.01404996 -0.02265707 0.02309442
v 0.01399163 -0.02252582 0.02335762
v 0.01405081 -0.02265618 0.02308767
v 0.01405965 -0.02264691 0.02301702
v 0.0138959 -0.02273907 0.02375658
v 0.0138959 -0.02265707 0.02375658
v 0.01386597 -0.0225297 0.02381266
v 0.01398706 -0.02265707 0.02342879
v 0.01386597 -0.02234214 0.02373904
v 0.01386597 -0.023128 0.02385749
v 0.0138959 -0.02292707 0.02375658
v 0.01386597 -0.02292707 0.02387255
v 0.01386597 -0.02272614 0.02385749
v 0.01386597 -0.02332444 0.02381266
v 0.0138959 -0.02319707 0.02375658
v 0.0138959 -0.02311507 0.02375658
v 0.01405081 -0.02319796 0.02308767
v 0.01404996 -0.02319707 0.02309442
v 0.01399163 -0.02332832 0.02335762
v 0.01399098 -0.02319707 0.02340793
v 0.01405969 -0.02320731 0.02301671
v 0.01399163 -0.02344802 0.02328851
v 0.01406388 -0.02322792 0.02296697
v 0.01406578 -0.02323726 0.02294442
v 0.01399163 -0.02355608 0.02320234
v 0.01406734 -0.02327313 0.02289767
v 0.01406785 -0.02328491 0.02288231
v 0.01399163 -0.02365009 0.02310102
v 0.0140663 -0.02333148 0.02284658
v 0.01399163 -0.02378793 0.02286228
v 0.0140221 -0.02364514 0.02279442
v 0.01399163 -0.02372796 0.02298681
v 0.01404996 -0.02349707 0.02279442
v 0.01405965 -0.02341967 0.02280458
v 0.01406 -0.02341561 0.02280626
v 0.01406578 -0.02334707 0.02283461
v 0.0139066 -0.02412075 0.02279442
v 0.01398706 -0.02383144 0.02279442
v 0.01399098 -0.02381058 0.02279442
v 0.01386597 -0.02418201 0.02301695
v 0.01386597 -0.0242414 0.02282441
v 0.0138959 -0.02415923 0.02279442
v 0.01386597 -0.02418201 0.02203189
v 0.0139066 -0.02412075 0.02225442
v 0.01386597 -0.0242414 0.02222443
v 0.0138959 -0.02415923 0.02225442
v 0.0138959 -0.02415923 0.02243016
v 0.01399163 -0.02378793 0.02218656
v 0.01399098 -0.02381058 0.02225442
v 0.01398706 -0.02383144 0.02225442
v 0.01406001 -0.02341555 0.02224261
v 0.01405969 -0.02341935 0.02224418
v 0.01399163 -0.02372796 0.02206203
v 0.01404996 -0.02349707 0.02225442
v 0.0140221 -0.02364514 0.02225442
v 0.01406578 -0.02334707 0.02221423
v 0.01399163 -0.02365009 0.02194783
v 0.0140663 -0.02333148 0.02220227
v 0.01406785 -0.02328496 0.02216658
v 0.01399163 -0.02355608 0.0218465
v 0.01406734 -0.02327314 0.02215117
v 0.01399163 -0.02344802 0.02176033
v 0.01406387 -0.02322792 0.02208185
v 0.01406578 -0.02323726 0.02210442
v 0.01399088 -0.02319707 0.02164034
v 0.01404996 -0.02319707 0.02195442
v 0.01399163 -0.02332832 0.02169122
v 0.01405081 -0.02319795 0.02196117
v 0.01405965 -0.02320723 0.02203183
v 0.0138959 -0.02311507 0.02129226
v 0.0138959 -0.02319707 0.02129226
v 0.01386597 -0.02332444 0.02123618
v 0.01398706 -0.02319707 0.02162005
v 0.01386597 -0.023512 0.0213098
v 0.01386597 -0.02272614 0.02119135
v 0.0138959 -0.02292707 0.02129226
v 0.01386597 -0.02292707 0.02117629
v 0.01386597 -0.023128 0.02119135
v 0.01386597 -0.0225297 0.02123618
v 0.0138959 -0.02265707 0.02129226
v 0.0138959 -0.02273907 0.02129226
v 0.01405081 -0.02265618 0.02196117
v 0.01404996 -0.02265707 0.02195442
v 0.01399163 -0.02252582 0.02169122
v 0.01399088 -0.02265707 0.02164034
v 0.01405969 -0.02264683 0.02203213
v 0.01399163 -0.02240612 0.02176033
v 0.01406388 -0.02262622 0.02208187
v 0.01406578 -0.02261688 0.02210442
v 0.01399163 -0.02229805 0.0218465
v 0.01406734 -0.02258101 0.02215117
v 0.01406785 -0.02256923 0.02216653
v 0.01399163 -0.02220404 0.02194783
v 0.0140663 -0.02252266 0.02220226
v 0.01399163 -0.02206621 0.02218656
v 0.0140221 -0.02220899 0.02225442
v 0.01399163 -0.02212618 0.02206203
v 0.01404996 -0.02235707 0.02225442
v 0.01405965 -0.02243447 0.02224426
v 0.01406 -0.02243852 0.02224259
v 0.01406578 -0.02250707 0.02221423
v 0.0139066 -0.02173339 0.02225442
v 0.01398706 -0.0220227 0.02225442
v 0.01399098 -0.02204356 0.02225442
v 0.0138959 -0.0216949 0.02225442
v 0.01386597 -0.02167213 0.02203189
v 0.0132225 -0.02359493 0.02492911
v 0.01347905 -0.02355801 0.02456989
v 0.01347905 -0.0232461 0.02464108
v 0.0132225 -0.02366396 0.02491335
v 0.0132225 -0.02401178 0.02477684
v 0.01347905 -0.02385583 0.024453
v 0.0132225 -0.02409541 0.02472856
v 0.01347905 -0.02413289 0.02429304
v 0.0132225 -0.02433537 0.02459002
v 0.0132225 -0.02454192 0.0244253
v 0.01347905 -0.02438302 0.02409357
v 0.0132225 -0.0246275 0.02435705
v 0.0132225 -0.02488165 0.02408314
v 0.01347905 -0.02460063 0.02385904
v 0.0132225 -0.02491427 0.02403529
v 0.01347905 -0.02478085 0.0235947
v 0.0132225 -0.02509213 0.02377442
v 0.0132225 -0.02518998 0.02357124
v 0.01347905 -0.02491967 0.02330646
v 0.0132225 -0.02525425 0.02343777
v 0.0132225 -0.02536439 0.02308072
v 0.01347905 -0.02501397 0.02300074
v 0.0132225 -0.02536726 0.02306164
v 0.01347905 -0.02506165 0.02268439
v 0.0132225 -0.02542008 0.02271125
v 0.0132225 -0.02542707 0.02252442
v 0.01347905 -0.02506165 0.02236446
v 0.0132225 -0.02542008 0.0223376
v 0.0132225 -0.02536726 0.0219872
v 0.01347905 -0.02501397 0.0220481
v 0.0132225 -0.02536439 0.02196812
v 0.0132225 -0.02525425 0.02161107
v 0.01347905 -0.02491967 0.02174238
v 0.0132225 -0.02518998 0.0214776
v 0.01347905 -0.02478085 0.02145414
v 0.0132225 -0.02509213 0.02127442
v 0.0132225 -0.02491427 0.02101355
v 0.01347905 -0.02460063 0.0211898
v 0.0132225 -0.02488165 0.0209657
v 0.0132225 -0.0246275 0.02069179
v 0.01347905 -0.02438302 0.02095527
v 0.0132225 -0.02454192 0.02062354
v 0.01347905 -0.02413289 0.0207558
v 0.0132225 -0.02433537 0.02045882
v 0.0132225 -0.02409541 0.02032028
v 0.01347905 -0.02385583 0.02059584
v 0.0132225 -0.02401178 0.020272
v 0.0132225 -0.02366396 0.02013549
v 0.01347905 -0.02355801 0.02047895
v 0.0132225 -0.02359493 0.02011973
v 0.01347905 -0.0232461 0.02040776
v 0.0132225 -0.02329967 0.02005234
v 0.0132225 -0.02306193 0.02003453
v 0.01347905 -0.02292707 0.02038385
v 0.0132225 -0.02292707 0.02002442
v 0.0132225 -0.02255446 0.02005234
v 0.01347905 -0.02260803 0.02040776
v 0.0132225 -0.0225231 0.0200595
v 0.01347905 -0.02229613 0.02047895
v 0.0132225 -0.02219018 0.02013549
v 0.0132225 -0.02200427 0.02020846
v 0.01347905 -0.02199831 0.02059584
v 0.0132225 -0.02184236 0.020272
v 0.0132225 -0.02152434 0.02045561
v 0.01347905 -0.02172124 0.0207558
v 0.0132225 -0.02151877 0.02045882
v 0.0132225 -0.02122664 0.02069179
v 0.01347905 -0.02147111 0.02095527
v 0.0132225 -0.02111711 0.02080984
v 0.01347905 -0.02125351 0.0211898
v 0.0132225 -0.02097249 0.0209657
v 0.0132225 -0.02078738 0.02123721
v 0.01347905 -0.02107328 0.02145414
v 0.0132225 -0.02076201 0.02127442
v 0.0132225 -0.02059988 0.02161107
v 0.01347905 -0.02093447 0.02174238
v 0.0132225 -0.02056382 0.02172798
v 0.01347905 -0.02084017 0.0220481
v 0.0132225 -0.02048975 0.02196812
v 0.0132225 -0.02044653 0.02225485
v 0.01347905 -0.02079249 0.02236446
v 0.0132225 -0.02043406 0.0223376
v 0.0132225 -0.02043406 0.02271125
v 0.01347905 -0.02079249 0.02268439
v 0.0132225 -0.02044653 0.02279399
v 0.01347905 -0.02084017 0.02300074
v 0.0132225 -0.02048975 0.02308072
v 0.0132225 -0.02056382 0.02332086
v 0.01347905 -0.02093447 0.02330646
v 0.0132225 -0.02059988 0.02343777
v 0.0132225 -0.02076201 0.02377442
v 0.01347905 -0.02107328 0.0235947
v 0.0132225 -0.02078738 0.02381163
v 0.01347905 -0.02125351 0.02385904
v 0.0132225 -0.02097249 0.02408314
v 0.0132225 -0.02111711 0.02423901
v 0.01347905 -0.02147111 0.02409357
v 0.0132225 -0.02122664 0.02435705
v 0.0132225 -0.02151877 0.02459002
v 0.01347905 -0.02172124 0.02429304
v 0.0132225 -0.02152434 0.02459323
v 0.01347905 -0.02199831 0.024453
v 0.0132225 -0.02184236 0.02477684
v 0.0132225 -0.02200427 0.02484039
v 0.01347905 -0.02229613 0.02456989
v 0.0132225 -0.02219018 0.02491335
v 0.0132225 -0.0225231 0.02498934
v 0.01347905 -0.02260803 0.02464108
v 0.0132225 -0.02255446 0.0249965
v 0.0132225 -0.02292707 0.02502442
v 0.01347905 -0.02292707 0.02466499
v 0.0132225 -0.02306193 0.02501431
v 0.0132225 -0.02329967 0.0249965
v 0.01369441 -0.02266549 0.02425986
v 0.01369441 -0.02240976 0.02420149
v 0.01369441 -0.02216558 0.02410566
v 0.01369441 -0.02193842 0.02397451
v 0.01369441 -0.02173334 0.02381096
v 0.01369441 -0.02155492 0.02361867
v 0.01369441 -0.02140716 0.02340194
v 0.01369441 -0.02129334 0.02316561
v 0.01369441 -0.02121603 0.02291496
v 0.01369441 -0.02117693 0.02265557
v 0.01369441 -0.02117693 0.02239327
v 0.01369441 -0.02121603 0.02213389
v 0.01369441 -0.02129334 0.02188323
v 0.01369441 -0.02140716 0.0216469
v 0.01369441 -0.02155492 0.02143017
v 0.01369441 -0.02173334 0.02123788
v 0.01369441 -0.02193842 0.02107433
v 0.01369441 -0.02216558 0.02094318
v 0.01369441 -0.02240976 0.02084735
v 0.01369441 -0.02266549 0.02078898
v 0.01369441 -0.02292707 0.02076938
v 0.01369441 -0.02318865 0.02078898
v 0.01369441 -0.02344438 0.02084735
v 0.01369441 -0.02368855 0.02094318
v 0.01369441 -0.02391572 0.02107433
v 0.01369441 -0.0241208 0.02123788
v 0.01369441 -0.02429922 0.02143017
v 0.01369441 -0.02444698 0.0216469
v 0.01369441 -0.02456079 0.02188323
v 0.01369441 -0.02463811 0.02213389
v 0.01369441 -0.02467721 0.02239327
v 0.01369441 -0.02467721 0.02265557
v 0.01369441 -0.02463811 0.02291496
v 0.01369441 -0.02456079 0.02316561
v 0.01369441 -0.02444698 0.02340194
v 0.01369441 -0.02429922 0.02361867
v 0.01369441 -0.0241208 0.02381096
v 0.01369441 -0.02391572 0.02397451
v 0.01369441 -0.02368855 0.02410566
v 0.01369441 -0.02344438 0.02420149
v 0.01369441 -0.02318865 0.02425986
v 0.01369441 -0.02292707 0.02427946
v 0.01386597 -0.02216764 0.0236383
v 0.01386597 -0.02201011 0.02351267
v 0.01386597 -0.02187306 0.02336497
v 0.01386597 -0.02175955 0.02319849
v 0.01386597 -0.02175955 0.02185035
v 0.01386597 -0.02187306 0.02168388
v 0.01386597 -0.02201011 0.02153617
v 0.01386597 -0.02216764 0.02141054
v 0.01386597 -0.02234214 0.0213098
v 0.01386597 -0.0236865 0.02141054
v 0.01386597 -0.02384403 0.02153617
v 0.01386597 -0.02398108 0.02168388
v 0.01386597 -0.02409458 0.02185035
v 0.01386597 -0.02409458 0.02319849
v 0.01386597 -0.02398108 0.02336497
v 0.01386597 -0.02384403 0.02351267
v 0.01386597 -0.0236865 0.0236383
v 0.01386597 -0.023512 0.02373904
v 0.01398706 -0.02319707 0.02342879
v 0.01398706 -0.02265707 0.02162005
v 0.004 -0.02395987 0.02182027
v 0.004 -0.02412153 0.02215598
v 0.004 -0.02292707 0.02252442
v 0.004 -0.02417707 0.02252442
v 0.004 -0.02412153 0.02289286
v 0.004 -0.02302048 0.02127792
v 0.004 -0.02338375 0.02136083
v 0.004 -0.02370643 0.02154713
v 0.004 -0.02201075 0.0216742
v 0.004 -0.02230207 0.02144189
v 0.004 -0.02264892 0.02130576
v 0.004 -0.02169103 0.02271072
v 0.004 -0.02169103 0.02233812
v 0.004 -0.02180086 0.02198207
v 0.004 -0.02230207 0.02360695
v 0.004 -0.02201075 0.02337464
v 0.004 -0.02180086 0.02306678
v 0.004 -0.02338375 0.02368801
v 0.004 -0.02302048 0.02377092
v 0.004 -0.02264892 0.02374308
v 0.004 -0.02395987 0.02322857
v 0.004 -0.02370643 0.02350171
v 0.012 -0.02412153 0.02289286
v 0.012 -0.02395987 0.02322857
v 0.012 -0.02370643 0.02350171
v 0.012 -0.02338375 0.02368801
v 0.012 -0.02302048 0.02377092
v 0.012 -0.02264892 0.02374308
v 0.012 -0.02230207 0.02360695
v 0.012 -0.02201075 0.02337464
v 0.012 -0.02180086 0.02306678
v 0.012 -0.02169103 0.02271072
v 0.012 -0.02169103 0.02233812
v 0.012 -0.02180086 0.02198207
v 0.012 -0.02201075 0.0216742
v 0.012 -0.02230207 0.02144189
v 0.012 -0.02264892 0.02130576
v 0.012 -0.02302048 0.02127792
v 0.012 -0.02338375 0.02136083
v 0.012 -0.02370643 0.02154713
v 0.012 -0.02395987 0.02182027
v 0.012 -0.02412153 0.02215598
v 0.012 -0.02417707 0.02252442
v 0.012 -0.02519601 0.0214747
v 0.012 -0.02536862 0.02198699
v 0.012 -0.02542707 0.02252442
v 0.012 -0.02409809 0.02031564
v 0.012 -0.02454554 0.02061902
v 0.012 -0.0249173 0.02101148
v 0.012 -0.02200172 0.02020198
v 0.012 -0.02252261 0.02005735
v 0.012 -0.02306242 0.02002809
v 0.012 -0.02359589 0.02011555
v 0.012 -0.02200172 0.02484686
v 0.012 -0.0215241 0.02459364
v 0.012 -0.02111208 0.02424367
v 0.012 -0.02055794 0.02172617
v 0.012 -0.02078493 0.02123553
v 0.012 -0.02111208 0.02080517
v 0.012 -0.0215241 0.0204552
v 0.012 -0.02078493 0.02381331
v 0.012 -0.02055794 0.02332267
v 0.012 -0.02044172 0.02279472
v 0.012 -0.02044172 0.02225412
v 0.012 -0.02409809 0.0247332
v 0.012 -0.02359589 0.0249333
v 0.012 -0.02306242 0.02502075
v 0.012 -0.02252261 0.02499149
v 0.012 -0.02536862 0.02306185
v 0.012 -0.02519601 0.02357414
v 0.012 -0.0249173 0.02403736
v 0.012 -0.02454554 0.02442983
v 0.012749 -0.02235707 0.02279442
v 0.012749 -0.02235707 0.02225442
v 0.01263 -0.02242577 0.02224645
v 0.01263 -0.02242577 0.02280239
v 0.012749 -0.02265707 0.02195442
v 0.01263 -0.0226491 0.02202312
v 0.01263 -0.02320504 0.02202312
v 0.012749 -0.02319707 0.02195442
v 0.012749 -0.02349707 0.02225442
v 0.012749 -0.02349707 0.02279442
v 0.01263 -0.02342836 0.02280239
v 0.01263 -0.02342836 0.02224645
v 0.012749 -0.02319707 0.02309442
v 0.01263 -0.02320504 0.02302572
v 0.01263 -0.0226491 0.02302572
v 0.012749 -0.02265707 0.02309442
v 0.01263 -0.02261688 0.02294442
v 0.01263 -0.02323726 0.02294442
v 0.01263 -0.02250707 0.02283461
v 0.01263 -0.02323726 0.02210442
v 0.01263 -0.02261688 0.02210442
v 0.01263 -0.02250707 0.02221423
v 0.01263 -0.02334707 0.02221423
v 0.01263 -0.02334707 0.02283461
v -0.0138959 -0.01710887 0.02648757
v -0.01386597 -0.01699667 0.02649405
v -0.01386597 -0.01699667 0.02629256
v -0.0138959 -0.0195732 0.02629904
v -0.01386597 -0.01968539 0.02629256
v -0.01386597 -0.01968539 0.02649405
v -0.01386597 -0.01965536 0.02609332
v -0.01386597 -0.01959597 0.02688583
v -0.0139066 -0.01953471 0.02666331
v -0.01386597 -0.01965536 0.02669329
v -0.0138959 -0.0195732 0.02666331
v -0.0138959 -0.0195732 0.02648757
v -0.01399163 -0.01920189 0.02673117
v -0.01399098 -0.01922454 0.02666331
v -0.01398706 -0.0192454 0.02666331
v -0.01406001 -0.01882952 0.02667512
v -0.01405969 -0.01883332 0.02667355
v -0.01399163 -0.01914192 0.0268557
v -0.01404996 -0.01891103 0.02666331
v -0.0140221 -0.01905911 0.02666331
v -0.01406578 -0.01876103 0.0267035
v -0.01399163 -0.01906406 0.0269699
v -0.0140663 -0.01874544 0.02671546
v -0.01406785 -0.01869893 0.02675115
v -0.01399163 -0.01897005 0.02707122
v -0.01406734 -0.0186871 0.02676656
v -0.01399163 -0.01886198 0.0271574
v -0.01406387 -0.01864189 0.02683588
v -0.01406578 -0.01865122 0.0268133
v -0.01399098 -0.01861103 0.02727681
v -0.01404996 -0.01861103 0.0269633
v -0.01399163 -0.01874228 0.02722651
v -0.01405081 -0.01861192 0.02695655
v -0.01405965 -0.01862119 0.0268859
v -0.0138959 -0.01852903 0.02762547
v -0.0138959 -0.01861103 0.02762547
v -0.01386597 -0.0187384 0.02768154
v -0.01398706 -0.01861103 0.02729767
v -0.01386597 -0.01892596 0.02760793
v -0.01386597 -0.0181401 0.02772638
v -0.0138959 -0.01834103 0.02762547
v -0.01386597 -0.01834103 0.02774144
v -0.01386597 -0.01854196 0.02772638
v -0.01386597 -0.01794366 0.02768154
v -0.0138959 -0.01807103 0.02762547
v -0.0138959 -0.01815303 0.02762547
v -0.01405081 -0.01807014 0.02695656
v -0.01404996 -0.01807103 0.0269633
v -0.01399163 -0.01793978 0.02722651
v -0.01399098 -0.01807103 0.02727681
v -0.01405969 -0.01806079 0.02688559
v -0.01399163 -0.01782008 0.0271574
v -0.01406388 -0.01804018 0.02683586
v -0.01406578 -0.01803084 0.0268133
v -0.01399163 -0.01771202 0.02707122
v -0.01406734 -0.01799497 0.02676655
v -0.01406785 -0.01798319 0.0267512
v -0.01399163 -0.017618 0.0269699
v -0.0140663 -0.01793662 0.02671546
v -0.01399163 -0.01748017 0.02673117
v -0.0140221 -0.01762296 0.02666331
v -0.01399163 -0.01754014 0.0268557
v -0.01404996 -0.01777103 0.02666331
v -0.01405965 -0.01784844 0.02667346
v -0.01406 -0.01785249 0.02667514
v -0.01406578 -0.01792103 0.0267035
v -0.0139066 -0.01714735 0.02666331
v -0.01398706 -0.01743666 0.02666331
v -0.01399098 -0.01745752 0.02666331
v -0.01386597 -0.01708609 0.02688583
v -0.01386597 -0.0170267 0.02669329
v -0.0138959 -0.01710887 0.02666331
v -0.01386597 -0.01708609 0.02590078
v -0.0139066 -0.01714735 0.02612331
v -0.01386597 -0.0170267 0.02609332
v -0.0138959 -0.01710887 0.02612331
v -0.0138959 -0.01710887 0.02629904
v -0.01399163 -0.01748017 0.02605544
v -0.01399098 -0.01745752 0.02612331
v -0.01398706 -0.01743666 0.02612331
v -0.01406001 -0.01785254 0.02611149
v -0.01405969 -0.01784875 0.02611306
v -0.01399163 -0.01754014 0.02593091
v -0.01404996 -0.01777103 0.02612331
v -0.0140221 -0.01762296 0.02612331
v -0.01406578 -0.01792103 0.02608311
v -0.01399163 -0.017618 0.02581671
v -0.0140663 -0.01793662 0.02607115
v -0.01406785 -0.01798314 0.02603546
v -0.01399163 -0.01771202 0.02571539
v -0.01406734 -0.01799496 0.02602005
v -0.01399163 -0.01782008 0.02562921
v -0.01406387 -0.01804018 0.02595073
v -0.01406578 -0.01803084 0.02597331
v -0.01399088 -0.01807103 0.02550923
v -0.01404996 -0.01807103 0.0258233
v -0.01399163 -0.01793978 0.0255601
v -0.01405081 -0.01807015 0.02583006
v -0.01405965 -0.01806087 0.02590071
v -0.0138959 -0.01815303 0.02516114
v -0.0138959 -0.01807103 0.02516114
v -0.01386597 -0.01794366 0.02510507
v -0.01398706 -0.01807103 0.02548894
v -0.01386597 -0.0177561 0.02517868
v -0.01386597 -0.01854196 0.02506023
v -0.0138959 -0.01834103 0.02516114
v -0.01386597 -0.01834103 0.02504517
v -0.01386597 -0.0181401 0.02506023
v -0.01386597 -0.0187384 0.02510507
v -0.0138959 -0.01861103 0.02516114
v -0.0138959 -0.01852903 0.02516114
v -0.01405081 -0.01861192 0.02583005
v -0.01404996 -0.01861103 0.0258233
v -0.01399163 -0.01874228 0.0255601
v -0.01399088 -0.01861103 0.02550923
v -0.01405969 -0.01862127 0.02590102
v -0.01399163 -0.01886198 0.02562921
v -0.01406388 -0.01864188 0.02595075
v -0.01406578 -0.01865122 0.02597331
v -0.01399163 -0.01897005 0.02571539
v -0.01406734 -0.0186871 0.02602006
v -0.01406785 -0.01869887 0.02603541
v -0.01399163 -0.01906406 0.02581671
v -0.0140663 -0.01874544 0.02607115
v -0.01399163 -0.01920189 0.02605544
v -0.0140221 -0.01905911 0.02612331
v -0.01399163 -0.01914192 0.02593091
v -0.01404996 -0.01891103 0.02612331
v -0.01405965 -0.01883363 0.02611315
v -0.01406 -0.01882958 0.02611147
v -0.01406578 -0.01876103 0.02608311
v -0.0139066 -0.01953471 0.02612331
v -0.01398706 -0.0192454 0.02612331
v -0.01399098 -0.01922454 0.02612331
v -0.0138959 -0.0195732 0.02612331
v -0.01386597 -0.01959597 0.02590078
v -0.0132225 -0.01767317 0.02879799
v -0.01347905 -0.01771009 0.02843877
v -0.01347905 -0.018022 0.02850996
v -0.0132225 -0.01760414 0.02878224
v -0.0132225 -0.01725632 0.02864573
v -0.01347905 -0.01741228 0.02832189
v -0.0132225 -0.01717269 0.02859744
v -0.01347905 -0.01713521 0.02816192
v -0.0132225 -0.01693273 0.0284589
v -0.0132225 -0.01672618 0.02829418
v -0.01347905 -0.01688508 0.02796245
v -0.0132225 -0.0166406 0.02822593
v -0.0132225 -0.01638645 0.02795203
v -0.01347905 -0.01666747 0.02772793
v -0.0132225 -0.01635383 0.02790418
v -0.01347905 -0.01648725 0.02746359
v -0.0132225 -0.01617597 0.0276433
v -0.0132225 -0.01607812 0.02744013
v -0.01347905 -0.01634843 0.02717534
v -0.0132225 -0.01601385 0.02730666
v -0.0132225 -0.01590371 0.02694961
v -0.01347905 -0.01625413 0.02686963
v -0.0132225 -0.01590084 0.02693053
v -0.01347905 -0.01620645 0.02655327
v -0.0132225 -0.01584802 0.02658013
v -0.0132225 -0.01584103 0.02639331
v -0.01347905 -0.01620645 0.02623334
v -0.0132225 -0.01584802 0.02620648
v -0.0132225 -0.01590084 0.02585608
v -0.01347905 -0.01625413 0.02591698
v -0.0132225 -0.01590371 0.025837
v -0.0132225 -0.01601385 0.02547995
v -0.01347905 -0.01634843 0.02561127
v -0.0132225 -0.01607812 0.02534649
v -0.01347905 -0.01648725 0.02532302
v -0.0132225 -0.01617597 0.0251433
v -0.0132225 -0.01635383 0.02488243
v -0.01347905 -0.01666747 0.02505868
v -0.0132225 -0.01638645 0.02483458
v -0.0132225 -0.0166406 0.02456068
v -0.01347905 -0.01688508 0.02482416
v -0.0132225 -0.01672618 0.02449243
v -0.01347905 -0.01713521 0.02462468
v -0.0132225 -0.01693273 0.02432771
v -0.0132225 -0.01717269 0.02418917
v -0.01347905 -0.01741228 0.02446472
v -0.0132225 -0.01725632 0.02414088
v -0.0132225 -0.01760414 0.02400437
v -0.01347905 -0.01771009 0.02434784
v -0.0132225 -0.01767317 0.02398862
v -0.01347905 -0.018022 0.02427665
v -0.0132225 -0.01796843 0.02392123
v -0.0132225 -0.01820617 0.02390341
v -0.01347905 -0.01834103 0.02425274
v -0.0132225 -0.01834103 0.0238933
v -0.0132225 -0.01871364 0.02392123
v -0.01347905 -0.01866007 0.02427665
v -0.0132225 -0.018745 0.02392839
v -0.01347905 -0.01897198 0.02434784
v -0.0132225 -0.01907792 0.02400437
v -0.0132225 -0.01926384 0.02407734
v -0.01347905 -0.01926979 0.02446472
v -0.0132225 -0.01942574 0.02414088
v -0.0132225 -0.01974376 0.02432449
v -0.01347905 -0.01954686 0.02462468
v -0.0132225 -0.01974933 0.02432771
v -0.0132225 -0.02004146 0.02456068
v -0.01347905 -0.01979699 0.02482416
v -0.0132225 -0.02015099 0.02467872
v -0.01347905 -0.0200146 0.02505868
v -0.0132225 -0.02029561 0.02483458
v -0.0132225 -0.02048072 0.02510609
v -0.01347905 -0.02019482 0.02532302
v -0.0132225 -0.0205061 0.0251433
v -0.0132225 -0.02066822 0.02547995
v -0.01347905 -0.02033363 0.02561127
v -0.0132225 -0.02070428 0.02559687
v -0.01347905 -0.02042793 0.02591698
v -0.0132225 -0.02077835 0.025837
v -0.0132225 -0.02082157 0.02612373
v -0.01347905 -0.02047561 0.02623334
v -0.0132225 -0.02083404 0.02620648
v -0.0132225 -0.02083404 0.02658013
v -0.01347905 -0.02047561 0.02655327
v -0.0132225 -0.02082157 0.02666288
v -0.01347905 -0.02042793 0.02686963
v -0.0132225 -0.02077835 0.02694961
v -0.0132225 -0.02070428 0.02718974
v -0.01347905 -0.02033363 0.02717534
v -0.0132225 -0.02066822 0.02730666
v -0.0132225 -0.0205061 0.0276433
v -0.01347905 -0.02019482 0.02746359
v -0.0132225 -0.02048072 0.02768052
v -0.01347905 -0.0200146 0.02772793
v -0.0132225 -0.02029561 0.02795203
v -0.0132225 -0.02015099 0.02810789
v -0.01347905 -0.01979699 0.02796245
v -0.0132225 -0.02004146 0.02822593
v -0.0132225 -0.01974933 0.0284589
v -0.01347905 -0.01954686 0.02816192
v -0.0132225 -0.01974376 0.02846212
v -0.01347905 -0.01926979 0.02832189
v -0.0132225 -0.01942574 0.02864573
v -0.0132225 -0.01926384 0.02870927
v -0.01347905 -0.01897198 0.02843877
v -0.0132225 -0.01907792 0.02878224
v -0.0132225 -0.018745 0.02885822
v -0.01347905 -0.01866007 0.02850996
v -0.0132225 -0.01871364 0.02886538
v -0.0132225 -0.01834103 0.0288933
v -0.01347905 -0.01834103 0.02853387
v -0.0132225 -0.01820617 0.0288832
v -0.0132225 -0.01796843 0.02886538
v -0.01369441 -0.01860261 0.02812875
v -0.01369441 -0.01885834 0.02807038
v -0.01369441 -0.01910252 0.02797455
v -0.01369441 -0.01932968 0.02784339
v -0.01369441 -0.01953476 0.02767984
v -0.01369441 -0.01971318 0.02748756
v -0.01369441 -0.01986095 0.02727083
v -0.01369441 -0.01997476 0.0270345
v -0.01369441 -0.02005207 0.02678384
v -0.01369441 -0.02009117 0.02652446
v -0.01369441 -0.02009117 0.02626215
v -0.01369441 -0.02005207 0.02600277
v -0.01369441 -0.01997476 0.02575212
v -0.01369441 -0.01986095 0.02551578
v -0.01369441 -0.01971318 0.02529905
v -0.01369441 -0.01953476 0.02510677
v -0.01369441 -0.01932968 0.02494322
v -0.01369441 -0.01910252 0.02481207
v -0.01369441 -0.01885834 0.02471623
v -0.01369441 -0.01860261 0.02465786
v -0.01369441 -0.01834103 0.02463826
v -0.01369441 -0.01807946 0.02465786
v -0.01369441 -0.01782372 0.02471623
v -0.01369441 -0.01757955 0.02481207
v -0.01369441 -0.01735238 0.02494322
v -0.01369441 -0.0171473 0.02510677
v -0.01369441 -0.01696888 0.02529905
v -0.01369441 -0.01682112 0.02551578
v -0.01369441 -0.01670731 0.02575212
v -0.01369441 -0.01662999 0.02600277
v -0.01369441 -0.0165909 0.02626215
v -0.01369441 -0.0165909 0.02652446
v -0.01369441 -0.01662999 0.02678384
v -0.01369441 -0.01670731 0.0270345
v -0.01369441 -0.01682112 0.02727083
v -0.01369441 -0.01696888 0.02748756
v -0.01369441 -0.0171473 0.02767984
v -0.01369441 -0.01735238 0.02784339
v -0.01369441 -0.01757955 0.02797455
v -0.01369441 -0.01782372 0.02807038
v -0.01369441 -0.01807946 0.02812875
v -0.01369441 -0.01834103 0.02814835
v -0.01386597 -0.01910046 0.02750718
v -0.01386597 -0.01925799 0.02738155
v -0.01386597 -0.01939504 0.02723385
v -0.01386597 -0.01950855 0.02706737
v -0.01386597 -0.01950855 0.02571924
v -0.01386597 -0.01939504 0.02555276
v -0.01386597 -0.01925799 0.02540505
v -0.01386597 -0.01910046 0.02527943
v -0.01386597 -0.01892596 0.02517868
v -0.01386597 -0.0175816 0.02527943
v -0.01386597 -0.01742407 0.02540505
v -0.01386597 -0.01728702 0.02555276
v -0.01386597 -0.01717352 0.02571924
v -0.01386597 -0.01717352 0.02706737
v -0.01386597 -0.01728702 0.02723385
v -0.01386597 -0.01742407 0.02738155
v -0.01386597 -0.0175816 0.02750718
v -0.01386597 -0.0177561 0.02760793
v -0.01398706 -0.01807103 0.02729767
v -0.01398706 -0.01861103 0.02548894
v -0.004 -0.01730823 0.02568915
v -0.004 -0.01714657 0.02602486
v -0.004 -0.01834103 0.02639331
v -0.004 -0.01709103 0.02639331
v -0.004 -0.01714657 0.02676175
v -0.004 -0.01824762 0.0251468
v -0.004 -0.01788436 0.02522971
v -0.004 -0.01756167 0.02541601
v -0.004 -0.01925735 0.02554309
v -0.004 -0.01896603 0.02531077
v -0.004 -0.01861918 0.02517465
v -0.004 -0.01957707 0.02657961
v -0.004 -0.01957707 0.026207
v -0.004 -0.01946724 0.02585095
v -0.004 -0.01896603 0.02747584
v -0.004 -0.01925735 0.02724352
v -0.004 -0.01946724 0.02693566
v -0.004 -0.01788436 0.0275569
v -0.004 -0.01824762 0.02763981
v -0.004 -0.01861918 0.02761197
v -0.004 -0.01730823 0.02709745
v -0.004 -0.01756167 0.02737059
v -0.012 -0.01714657 0.02676175
v -0.012 -0.01730823 0.02709745
v -0.012 -0.01756167 0.02737059
v -0.012 -0.01788436 0.0275569
v -0.012 -0.01824762 0.02763981
v -0.012 -0.01861918 0.02761197
v -0.012 -0.01896603 0.02747584
v -0.012 -0.01925735 0.02724352
v -0.012 -0.01946724 0.02693566
v -0.012 -0.01957707 0.02657961
v -0.012 -0.01957707 0.026207
v -0.012 -0.01946724 0.02585095
v -0.012 -0.01925735 0.02554309
v -0.012 -0.01896603 0.02531077
v -0.012 -0.01861918 0.02517465
v -0.012 -0.01824762 0.0251468
v -0.012 -0.01788436 0.02522971
v -0.012 -0.01756167 0.02541601
v -0.012 -0.01730823 0.02568915
v -0.012 -0.01714657 0.02602486
v -0.012 -0.01709103 0.02639331
v -0.012 -0.01607209 0.02534358
v -0.012 -0.01589948 0.02585588
v -0.012 -0.01584103 0.02639331
v -0.012 -0.01717001 0.02418453
v -0.012 -0.01672257 0.0244879
v -0.012 -0.0163508 0.02488037
v -0.012 -0.01926638 0.02407086
v -0.012 -0.01874549 0.02392624
v -0.012 -0.01820569 0.02389697
v -0.012 -0.01767221 0.02398443
v -0.012 -0.01926638 0.02871575
v -0.012 -0.019744 0.02846253
v -0.012 -0.02015602 0.02811255
v -0.012 -0.02071016 0.02559505
v -0.012 -0.02048318 0.02510442
v -0.012 -0.02015602 0.02467406
v -0.012 -0.019744 0.02432408
v -0.012 -0.02048318 0.02768219
v -0.012 -0.02071016 0.02719156
v -0.012 -0.02082638 0.0266636
v -0.012 -0.02082638 0.02612301
v -0.012 -0.01717001 0.02860208
v -0.012 -0.01767221 0.02880218
v -0.012 -0.01820569 0.02888964
v -0.012 -0.01874549 0.02886037
v -0.012 -0.01589948 0.02693073
v -0.012 -0.01607209 0.02744303
v -0.012 -0.0163508 0.02790624
v -0.012 -0.01672257 0.02829871
v -0.012749 -0.01891103 0.02666331
v -0.012749 -0.01891103 0.02612331
v -0.01263 -0.01884233 0.02611533
v -0.01263 -0.01884233 0.02667128
v -0.012749 -0.01861103 0.0258233
v -0.01263 -0.018619 0.02589201
v -0.01263 -0.01806306 0.02589201
v -0.012749 -0.01807103 0.0258233
v -0.012749 -0.01777103 0.02612331
v -0.012749 -0.01777103 0.02666331
v -0.01263 -0.01783974 0.02667128
v -0.01263 -0.01783974 0.02611533
v -0.012749 -0.01807103 0.0269633
v -0.01263 -0.01806306 0.0268946
v -0.01263 -0.018619 0.0268946
v -0.012749 -0.01861103 0.0269633
v -0.01263 -0.01865122 0.0268133
v -0.01263 -0.01803084 0.0268133
v -0.01263 -0.01876103 0.0267035
v -0.01263 -0.01803084 0.02597331
v -0.01263 -0.01865122 0.02597331
v -0.01263 -0.01876103 0.02608311
v -0.01263 -0.01792103 0.02608311
v -0.01263 -0.01792103 0.0267035
v 0.0138959 -0.0195732 0.02648757
v 0.01386597 -0.01968539 0.02649405
v 0.01386597 -0.01968539 0.02629256
v 0.0138959 -0.01710887 0.02629904
v 0.01386597 -0.01699667 0.02629256
v 0.01386597 -0.01699667 0.02649405
v 0.01386597 -0.0170267 0.02609332
v 0.01386597 -0.01708609 0.02688583
v 0.0139066 -0.01714735 0.02666331
v 0.01386597 -0.0170267 0.02669329
v 0.0138959 -0.01710887 0.02666331
v 0.0138959 -0.01710887 0.02648757
v 0.01399163 -0.01748017 0.02673117
v 0.01399098 -0.01745752 0.02666331
v 0.01398706 -0.01743666 0.02666331
v 0.01406001 -0.01785254 0.02667512
v 0.01405969 -0.01784875 0.02667355
v 0.01399163 -0.01754014 0.0268557
v 0.01404996 -0.01777103 0.02666331
v 0.0140221 -0.01762296 0.02666331
v 0.01406578 -0.01792103 0.0267035
v 0.01399163 -0.017618 0.0269699
v 0.0140663 -0.01793662 0.02671546
v 0.01406785 -0.01798314 0.02675115
v 0.01399163 -0.01771202 0.02707122
v 0.01406734 -0.01799496 0.02676656
v 0.01399163 -0.01782008 0.0271574
v 0.01406387 -0.01804018 0.02683588
v 0.01406578 -0.01803084 0.0268133
v 0.01399098 -0.01807103 0.02727681
v 0.01404996 -0.01807103 0.0269633
v 0.01399163 -0.01793978 0.02722651
v 0.01405081 -0.01807015 0.02695655
v 0.01405965 -0.01806087 0.0268859
v 0.0138959 -0.01815303 0.02762547
v 0.0138959 -0.01807103 0.02762547
v 0.01386597 -0.01794366 0.02768154
v 0.01398706 -0.01807103 0.02729767
v 0.01386597 -0.0177561 0.02760793
v 0.01386597 -0.01854196 0.02772638
v 0.0138959 -0.01834103 0.02762547
v 0.01386597 -0.01834103 0.02774144
v 0.01386597 -0.0181401 0.02772638
v 0.01386597 -0.0187384 0.02768154
v 0.0138959 -0.01861103 0.02762547
v 0.0138959 -0.01852903 0.02762547
v 0.01405081 -0.01861192 0.02695656
v 0.01404996 -0.01861103 0.0269633
v 0.01399163 -0.01874228 0.02722651
v 0.01399098 -0.01861103 0.02727681
v 0.01405969 -0.01862127 0.02688559
v 0.01399163 -0.01886198 0.0271574
v 0.01406388 -0.01864188 0.02683586
v 0.01406578 -0.01865122 0.0268133
v 0.01399163 -0.01897005 0.02707122
v 0.01406734 -0.0186871 0.02676655
v 0.01406785 -0.01869887 0.0267512
v 0.01399163 -0.01906406 0.0269699
v 0.0140663 -0.01874544 0.02671546
v 0.01399163 -0.01920189 0.02673117
v 0.0140221 -0.01905911 0.02666331
v 0.01399163 -0.01914192 0.0268557
v 0.01404996 -0.01891103 0.02666331
v 0.01405965 -0.01883363 0.02667346
v 0.01406 -0.01882958 0.02667514
v 0.01406578 -0.01876103 0.0267035
v 0.0139066 -0.01953471 0.02666331
v 0.01398706 -0.0192454 0.02666331
v 0.01399098 -0.01922454 0.02666331
v 0.01386597 -0.01959597 0.02688583
v 0.01386597 -0.01965536 0.02669329
v 0.0138959 -0.0195732 0.02666331
v 0.01386597 -0.01959597 0.02590078
v 0.0139066 -0.01953471 0.02612331
v 0.01386597 -0.01965536 0.02609332
v 0.0138959 -0.0195732 0.02612331
v 0.0138959 -0.0195732 0.02629904
v 0.01399163 -0.01920189 0.02605544
v 0.01399098 -0.01922454 0.02612331
v 0.01398706 -0.0192454 0.02612331
v 0.01406001 -0.01882952 0.02611149
v 0.01405969 -0.01883332 0.02611306
v 0.01399163 -0.01914192 0.02593091
v 0.01404996 -0.01891103 0.02612331
v 0.0140221 -0.01905911 0.02612331
v 0.01406578 -0.01876103 0.02608311
v 0.01399163 -0.01906406 0.02581671
v 0.0140663 -0.01874544 0.02607115
v 0.01406785 -0.01869893 0.02603546
v 0.01399163 -0.01897005 0.02571539
v 0.01406734 -0.0186871 0.02602005
v 0.01399163 -0.01886198 0.02562921
v 0.01406387 -0.01864189 0.02595073
v 0.01406578 -0.01865122 0.02597331
v 0.01399088 -0.01861103 0.02550923
v 0.01404996 -0.01861103 0.0258233
v 0.01399163 -0.01874228 0.0255601
v 0.01405081 -0.01861192 0.02583006
v 0.01405965 -0.01862119 0.02590071
v 0.0138959 -0.01852903 0.02516114
v 0.0138959 -0.01861103 0.02516114
v 0.01386597 -0.0187384 0.02510507
v 0.01398706 -0.01861103 0.02548894
v 0.01386597 -0.01892596 0.02517868
v 0.01386597 -0.0181401 0.02506023
v 0.0138959 -0.01834103 0.02516114
v 0.01386597 -0.01834103 0.02504517
v 0.01386597 -0.01854196 0.02506023
v 0.01386597 -0.01794366 0.02510507
v 0.0138959 -0.01807103 0.02516114
v 0.0138959 -0.01815303 0.02516114
v 0.01405081 -0.01807014 0.02583005
v 0.01404996 -0.01807103 0.0258233
v 0.01399163 -0.01793978 0.0255601
v 0.01399088 -0.01807103 0.02550923
v 0.01405969 -0.01806079 0.02590102
v 0.01399163 -0.01782008 0.02562921
v 0.01406388 -0.01804018 0.02595075
v 0.01406578 -0.01803084 0.02597331
v 0.01399163 -0.01771202 0.02571539
v 0.01406734 -0.01799497 0.02602006
v 0.01406785 -0.01798319 0.02603541
v 0.01399163 -0.017618 0.02581671
v 0.0140663 -0.01793662 0.02607115
v 0.01399163 -0.01748017 0.02605544
v 0.0140221 -0.01762296 0.02612331
v 0.01399163 -0.01754014 0.02593091
v 0.01404996 -0.01777103 0.02612331
v 0.01405965 -0.01784844 0.02611315
v 0.01406 -0.01785249 0.02611147
v 0.01406578 -0.01792103 0.02608311
v 0.0139066 -0.01714735 0.02612331
v 0.01398706 -0.01743666 0.02612331
v 0.01399098 -0.01745752 0.02612331
v 0.0138959 -0.01710887 0.02612331
v 0.01386597 -0.01708609 0.02590078
v 0.0132225 -0.0190089 0.02879799
v 0.01347905 -0.01897198 0.02843877
v 0.01347905 -0.01866007 0.02850996
v 0.0132225 -0.01907792 0.02878224
v 0.0132225 -0.01942574 0.02864573
v 0.01347905 -0.01926979 0.02832189
v 0.0132225 -0.01950937 0.02859744
v 0.01347905 -0.01954686 0.02816192
v 0.0132225 -0.01974933 0.0284589
v 0.0132225 -0.01995589 0.02829418
v 0.01347905 -0.01979699 0.02796245
v 0.0132225 -0.02004146 0.02822593
v 0.0132225 -0.02029561 0.02795203
v 0.01347905 -0.0200146 0.02772793
v 0.0132225 -0.02032824 0.02790418
v 0.01347905 -0.02019482 0.02746359
v 0.0132225 -0.0205061 0.0276433
v 0.0132225 -0.02060394 0.02744013
v 0.01347905 -0.02033363 0.02717534
v 0.0132225 -0.02066822 0.02730666
v 0.0132225 -0.02077835 0.02694961
v 0.01347905 -0.02042793 0.02686963
v 0.0132225 -0.02078123 0.02693053
v 0.01347905 -0.02047561 0.02655327
v 0.0132225 -0.02083404 0.02658013
v 0.0132225 -0.02084103 0.02639331
v 0.01347905 -0.02047561 0.02623334
v 0.0132225 -0.02083404 0.02620648
v 0.0132225 -0.02078123 0.02585608
v 0.01347905 -0.02042793 0.02591698
v 0.0132225 -0.02077835 0.025837
v 0.0132225 -0.02066822 0.02547995
v 0.01347905 -0.02033363 0.02561127
v 0.0132225 -0.02060394 0.02534649
v 0.01347905 -0.02019482 0.02532302
v 0.0132225 -0.0205061 0.0251433
v 0.0132225 -0.02032824 0.02488243
v 0.01347905 -0.0200146 0.02505868
v 0.0132225 -0.02029561 0.02483458
v 0.0132225 -0.02004146 0.02456068
v 0.01347905 -0.01979699 0.02482416
v 0.0132225 -0.01995589 0.02449243
v 0.01347905 -0.01954686 0.02462468
v 0.0132225 -0.01974933 0.02432771
v 0.0132225 -0.01950937 0.02418917
v 0.01347905 -0.01926979 0.02446472
v 0.0132225 -0.01942574 0.02414088
v 0.0132225 -0.01907792 0.02400437
v 0.01347905 -0.01897198 0.02434784
v 0.0132225 -0.0190089 0.02398862
v 0.01347905 -0.01866007 0.02427665
v 0.0132225 -0.01871364 0.02392123
v 0.0132225 -0.0184759 0.02390341
v 0.01347905 -0.01834103 0.02425274
v 0.0132225 -0.01834103 0.0238933
v 0.0132225 -0.01796843 0.02392123
v 0.01347905 -0.018022 0.02427665
v 0.0132225 -0.01793707 0.02392839
v 0.01347905 -0.01771009 0.02434784
v 0.0132225 -0.01760414 0.02400437
v 0.0132225 -0.01741823 0.02407734
v 0.01347905 -0.01741228 0.02446472
v 0.0132225 -0.01725632 0.02414088
v 0.0132225 -0.0169383 0.02432449
v 0.01347905 -0.01713521 0.02462468
v 0.0132225 -0.01693273 0.02432771
v 0.0132225 -0.0166406 0.02456068
v 0.01347905 -0.01688508 0.02482416
v 0.0132225 -0.01653107 0.02467872
v 0.01347905 -0.01666747 0.02505868
v 0.0132225 -0.01638645 0.02483458
v 0.0132225 -0.01620134 0.02510609
v 0.01347905 -0.01648725 0.02532302
v 0.0132225 -0.01617597 0.0251433
v 0.0132225 -0.01601385 0.02547995
v 0.01347905 -0.01634843 0.02561127
v 0.0132225 -0.01597778 0.02559687
v 0.01347905 -0.01625413 0.02591698
v 0.0132225 -0.01590371 0.025837
v 0.0132225 -0.01586049 0.02612373
v 0.01347905 -0.01620645 0.02623334
v 0.0132225 -0.01584802 0.02620648
v 0.0132225 -0.01584802 0.02658013
v 0.01347905 -0.01620645 0.02655327
v 0.0132225 -0.01586049 0.02666288
v 0.01347905 -0.01625413 0.02686963
v 0.0132225 -0.01590371 0.02694961
v 0.0132225 -0.01597778 0.02718974
v 0.01347905 -0.01634843 0.02717534
v 0.0132225 -0.01601385 0.02730666
v 0.0132225 -0.01617597 0.0276433
v 0.01347905 -0.01648725 0.02746359
v 0.0132225 -0.01620134 0.02768052
v 0.01347905 -0.01666747 0.02772793
v 0.0132225 -0.01638645 0.02795203
v 0.0132225 -0.01653107 0.02810789
v 0.01347905 -0.01688508 0.02796245
v 0.0132225 -0.0166406 0.02822593
v 0.0132225 -0.01693273 0.0284589
v 0.01347905 -0.01713521 0.02816192
v 0.0132225 -0.0169383 0.02846212
v 0.01347905 -0.01741228 0.02832189
v 0.0132225 -0.01725632 0.02864573
v 0.0132225 -0.01741823 0.02870927
v 0.01347905 -0.01771009 0.02843877
v 0.0132225 -0.01760414 0.02878224
v 0.0132225 -0.01793707 0.02885822
v 0.01347905 -0.018022 0.02850996
v 0.0132225 -0.01796843 0.02886538
v 0.0132225 -0.01834103 0.0288933
v 0.01347905 -0.01834103 0.02853387
v 0.0132225 -0.0184759 0.0288832
v 0.0132225 -0.01871364 0.02886538
v 0.01369441 -0.01807946 0.02812875
v 0.01369441 -0.01782372 0.02807038
v 0.01369441 -0.01757955 0.02797455
v 0.01369441 -0.01735238 0.02784339
v 0.01369441 -0.0171473 0.02767984
v 0.01369441 -0.01696888 0.02748756
v 0.01369441 -0.01682112 0.02727083
v 0.01369441 -0.01670731 0.0270345
v 0.01369441 -0.01662999 0.02678384
v 0.01369441 -0.0165909 0.02652446
v 0.01369441 -0.0165909 0.02626215
v 0.01369441 -0.01662999 0.02600277
v 0.01369441 -0.01670731 0.02575212
v 0.01369441 -0.01682112 0.02551578
v 0.01369441 -0.01696888 0.02529905
v 0.01369441 -0.0171473 0.02510677
v 0.01369441 -0.01735238 0.02494322
v 0.01369441 -0.01757955 0.02481207
v 0.01369441 -0.01782372 0.02471623
v 0.01369441 -0.01807946 0.02465786
v 0.01369441 -0.01834103 0.02463826
v 0.01369441 -0.01860261 0.02465786
v 0.01369441 -0.01885834 0.02471623
v 0.01369441 -0.01910252 0.02481207
v 0.01369441 -0.01932968 0.02494322
v 0.01369441 -0.01953476 0.02510677
v 0.01369441 -0.01971318 0.02529905
v 0.01369441 -0.01986095 0.02551578
v 0.01369441 -0.01997476 0.02575212
v 0.01369441 -0.02005207 0.02600277
v 0.01369441 -0.02009117 0.02626215
v 0.01369441 -0.02009117 0.02652446
v 0.01369441 -0.02005207 0.02678384
v 0.01369441 -0.01997476 0.0270345
v 0.01369441 -0.01986095 0.02727083
v 0.01369441 -0.01971318 0.02748756
v 0.01369441 -0.01953476 0.02767984
v 0.01369441 -0.01932968 0.02784339
v 0.01369441 -0.01910252 0.02797455
v 0.01369441 -0.01885834 0.02807038
v 0.01369441 -0.01860261 0.02812875
v 0.01369441 -0.01834103 0.02814835
v 0.01386597 -0.0175816 0.02750718
v 0.01386597 -0.01742407 0.02738155
v 0.01386597 -0.01728702 0.02723385
v 0.01386597 -0.01717352 0.02706737
v 0.01386597 -0.01717352 0.02571924
v 0.01386597 -0.01728702 0.02555276
v 0.01386597 -0.01742407 0.02540505
v 0.01386597 -0.0175816 0.02527943
v 0.01386597 -0.0177561 0.02517868
v 0.01386597 -0.01910046 0.02527943
v 0.01386597 -0.01925799 0.02540505
v 0.01386597 -0.01939504 0.02555276
v 0.01386597 -0.01950855 0.02571924
v 0.01386597 -0.01950855 0.02706737
v 0.01386597 -0.01939504 0.02723385
v 0.01386597 -0.01925799 0.02738155
v 0.01386597 -0.01910046 0.02750718
v 0.01386597 -0.01892596 0.02760793
v 0.01398706 -0.01861103 0.02729767
v 0.01398706 -0.01807103 0.02548894
v 0.004 -0.01937383 0.02568915
v 0.004 -0.0195355 0.02602486
v 0.004 -0.01834103 0.02639331
v 0.004 -0.01959103 0.02639331
v 0.004 -0.0195355 0.02676175
v 0.004 -0.01843444 0.0251468
v 0.004 -0.01879771 0.02522971
v 0.004 -0.0191204 0.02541601
v 0.004 -0.01742472 0.02554309
v 0.004 -0.01771603 0.02531077
v 0.004 -0.01806288 0.02517465
v 0.004 -0.01710499 0.02657961
v 0.004 -0.01710499 0.026207
v 0.004 -0.01721482 0.02585095
v 0.004 -0.01771603 0.02747584
v 0.004 -0.01742472 0.02724352
v 0.004 -0.01721482 0.02693566
v 0.004 -0.01879771 0.0275569
v 0.004 -0.01843444 0.02763981
v 0.004 -0.01806288 0.02761197
v 0.004 -0.01937383 0.02709745
v 0.004 -0.0191204 0.02737059
v 0.012 -0.0195355 0.02676175
v 0.012 -0.01937383 0.02709745
v 0.012 -0.0191204 0.02737059
v 0.012 -0.01879771 0.0275569
v 0.012 -0.01843444 0.02763981
v 0.012 -0.01806288 0.02761197
v 0.012 -0.01771603 0.02747584
v 0.012 -0.01742472 0.02724352
v 0.012 -0.01721482 0.02693566
v 0.012 -0.01710499 0.02657961
v 0.012 -0.01710499 0.026207
v 0.012 -0.01721482 0.02585095
v 0.012 -0.01742472 0.02554309
v 0.012 -0.01771603 0.02531077
v 0.012 -0.01806288 0.02517465
v 0.012 -0.01843444 0.0251468
v 0.012 -0.01879771 0.02522971
v 0.012 -0.0191204 0.02541601
v 0.012 -0.01937383 0.02568915
v 0.012 -0.0195355 0.02602486
v 0.012 -0.01959103 0.02639331
v 0.012 -0.02060997 0.02534358
v 0.012 -0.02078258 0.02585588
v 0.012 -0.02084103 0.02639331
v 0.012 -0.01951205 0.02418453
v 0.012 -0.0199595 0.0244879
v 0.012 -0.02033127 0.02488037
v 0.012 -0.01741569 0.02407086
v 0.012 -0.01793658 0.02392624
v 0.012 -0.01847638 0.02389697
v 0.012 -0.01900985 0.02398443
v 0.012 -0.01741569 0.02871575
v 0.012 -0.01693806 0.02846253
v 0.012 -0.01652604 0.02811255
v 0.012 -0.0159719 0.02559505
v 0.012 -0.01619889 0.02510442
v 0.012 -0.01652604 0.02467406
v 0.012 -0.01693806 0.02432408
v 0.012 -0.01619889 0.02768219
v 0.012 -0.0159719 0.02719156
v 0.012 -0.01585569 0.0266636
v 0.012 -0.01585569 0.02612301
v 0.012 -0.01951205 0.02860208
v 0.012 -0.01900985 0.02880218
v 0.012 -0.01847638 0.02888964
v 0.012 -0.01793658 0.02886037
v 0.012 -0.02078258 0.02693073
v 0.012 -0.02060997 0.02744303
v 0.012 -0.02033127 0.02790624
v 0.012 -0.0199595 0.02829871
v 0.012749 -0.01777103 0.02666331
v 0.012749 -0.01777103 0.02612331
v 0.01263 -0.01783974 0.02611533
v 0.01263 -0.01783974 0.02667128
v 0.012749 -0.01807103 0.0258233
v 0.01263 -0.01806306 0.02589201
v 0.01263 -0.018619 0.02589201
v 0.012749 -0.01861103 0.0258233
v 0.012749 -0.01891103 0.02612331
v 0.012749 -0.01891103 0.02666331
v 0.01263 -0.01884233 0.02667128
v 0.01263 -0.01884233 0.02611533
v 0.012749 -0.01861103 0.0269633
v 0.01263 -0.018619 0.0268946
v 0.01263 -0.01806306 0.0268946
v 0.012749 -0.01807103 0.0269633
v 0.01263 -0.01803084 0.0268133
v 0.01263 -0.01865122 0.0268133
v 0.01263 -0.01792103 0.0267035
v 0.01263 -0.01865122 0.02597331
v 0.01263 -0.01803084 0.02597331
v 0.01263 -0.01792103 0.02608311
v 0.01263 -0.01876103 0.02608311
v 0.01263 -0.01876103 0.0267035
v -0.0138959 -0.0216949 0.02261868
v -0.01386597 -0.02158271 0.02262517
v -0.01386597 -0.02158271 0.02242368
v -0.0138959 -0.02415923 0.02243016
v -0.01386597 -0.02427143 0.02242368
v -0.01386597 -0.02427143 0.02262517
v -0.01386597 -0.0242414 0.02222443
v -0.01386597 -0.02418201 0.02301695
v -0.0139066 -0.02412075 0.02279442
v -0.01386597 -0.0242414 0.02282441
v -0.0138959 -0.02415923 0.02279442
v -0.0138959 -0.02415923 0.02261868
v -0.01399163 -0.02378793 0.02286228
v -0.01399098 -0.02381058 0.02279442
v -0.01398706 -0.02383144 0.02279442
v -0.01406001 -0.02341555 0.02280623
v -0.01405969 -0.02341935 0.02280466
v -0.01399163 -0.02372796 0.02298681
v -0.01404996 -0.02349707 0.02279442
v -0.0140221 -0.02364514 0.02279442
v -0.01406578 -0.02334707 0.02283461
v -0.01399163 -0.02365009 0.02310102
v -0.0140663 -0.02333148 0.02284657
v -0.01406785 -0.02328496 0.02288226
v -0.01399163 -0.02355608 0.02320234
v -0.01406734 -0.02327314 0.02289767
v -0.01399163 -0.02344802 0.02328851
v -0.01406387 -0.02322792 0.02296699
v -0.01406578 -0.02323726 0.02294442
v -0.01399098 -0.02319707 0.02340793
v -0.01404996 -0.02319707 0.02309442
v -0.01399163 -0.02332832 0.02335762
v -0.01405081 -0.02319795 0.02308767
v -0.01405965 -0.02320723 0.02301702
v -0.0138959 -0.02311507 0.02375658
v -0.0138959 -0.02319707 0.02375658
v -0.01386597 -0.02332444 0.02381266
v -0.01398706 -0.02319707 0.02342879
v -0.01386597 -0.023512 0.02373904
v -0.01386597 -0.02272614 0.02385749
v -0.0138959 -0.02292707 0.02375658
v -0.01386597 -0.02292707 0.02387255
v -0.01386597 -0.023128 0.02385749
v -0.01386597 -0.0225297 0.02381266
v -0.0138959 -0.02265707 0.02375658
v -0.0138959 -0.02273907 0.02375658
v -0.01405081 -0.02265618 0.02308767
v -0.01404996 -0.02265707 0.02309442
v -0.01399163 -0.02252582 0.02335762
v -0.01399098 -0.02265707 0.02340793
v -0.01405969 -0.02264683 0.02301671
v -0.01399163 -0.02240612 0.02328851
v -0.01406388 -0.02262622 0.02296697
v -0.01406578 -0.02261688 0.02294442
v -0.01399163 -0.02229805 0.02320234
v -0.01406734 -0.02258101 0.02289767
v -0.01406785 -0.02256923 0.02288231
v -0.01399163 -0.02220404 0.02310102
v -0.0140663 -0.02252266 0.02284658
v -0.01399163 -0.02206621 0.02286228
v -0.0140221 -0.02220899 0.02279442
v -0.01399163 -0.02212618 0.02298681
v -0.01404996 -0.02235707 0.02279442
v -0.01405965 -0.02243447 0.02280458
v -0.01406 -0.02243852 0.02280626
v -0.01406578 -0.02250707 0.02283461
v -0.0139066 -0.02173339 0.02279442
v -0.01398706 -0.0220227 0.02279442
v -0.01399098 -0.02204356 0.02279442
v -0.01386597 -0.02167213 0.02301695
v -0.01386597 -0.02161274 0.02282441
v -0.0138959 -0.0216949 0.02279442
v -0.01386597 -0.02167213 0.02203189
v -0.0139066 -0.02173339 0.02225442
v -0.01386597 -0.02161274 0.02222443
v -0.0138959 -0.0216949 0.02225442
v -0.0138959 -0.0216949 0.02243016
v -0.01399163 -0.02206621 0.02218656
v -0.01399098 -0.02204356 0.02225442
v -0.01398706 -0.0220227 0.02225442
v -0.01406001 -0.02243858 0.02224261
v -0.01405969 -0.02243478 0.02224418
v -0.01399163 -0.02212618 0.02206203
v -0.01404996 -0.02235707 0.02225442
v -0.0140221 -0.02220899 0.02225442
v -0.01406578 -0.02250707 0.02221423
v -0.01399163 -0.02220404 0.02194783
v -0.0140663 -0.02252266 0.02220227
v -0.01406785 -0.02256918 0.02216658
v -0.01399163 -0.02229805 0.0218465
v -0.01406734 -0.022581 0.02215117
v -0.01399163 -0.02240612 0.02176033
v -0.01406387 -0.02262621 0.02208185
v -0.01406578 -0.02261688 0.02210442
v -0.01399088 -0.02265707 0.02164034
v -0.01404996 -0.02265707 0.02195442
v -0.01399163 -0.02252582 0.02169122
v -0.01405081 -0.02265618 0.02196117
v -0.01405965 -0.02264691 0.02203183
v -0.0138959 -0.02273907 0.02129226
v -0.0138959 -0.02265707 0.02129226
v -0.01386597 -0.0225297 0.02123618
v -0.01398706 -0.02265707 0.02162005
v -0.01386597 -0.02234214 0.0213098
v -0.01386597 -0.023128 0.02119135
v -0.0138959 -0.02292707 0.02129226
v -0.01386597 -0.02292707 0.02117629
v -0.01386597 -0.02272614 0.02119135
v -0.01386597 -0.02332444 0.02123618
v -0.0138959 -0.02319707 0.02129226
v -0.0138959 -0.02311507 0.02129226
v -0.01405081 -0.02319796 0.02196117
v -0.01404996 -0.02319707 0.02195442
v -0.01399163 -0.02332832 0.02169122
v -0.01399088 -0.02319707 0.02164034
v -0.01405969 -0.02320731 0.02203213
v -0.01399163 -0.02344802 0.02176033
v -0.01406388 -0.02322792 0.02208187
v -0.01406578 -0.02323726 0.02210442
v -0.01399163 -0.02355608 0.0218465
v -0.01406734 -0.02327313 0.02215117
v -0.01406785 -0.02328491 0.02216653
v -0.01399163 -0.02365009 0.02194783
v -0.0140663 -0.02333148 0.02220226
v -0.01399163 -0.02378793 0.02218656
v -0.0140221 -0.02364514 0.02225442
v -0.01399163 -0.02372796 0.02206203
v -0.01404996 -0.02349707 0.02225442
v -0.01405965 -0.02341967 0.02224426
v -0.01406 -0.02341561 0.02224259
v -0.01406578 -0.02334707 0.02221423
v -0.0139066 -0.02412075 0.02225442
v -0.01398706 -0.02383144 0.02225442
v -0.01399098 -0.02381058 0.02225442
v -0.0138959 -0.02415923 0.02225442
v -0.01386597 -0.02418201 0.02203189
v -0.0132225 -0.0222592 0.02492911
v -0.01347905 -0.02229613 0.02456989
v -0.01347905 -0.02260803 0.02464108
v -0.0132225 -0.02219018 0.02491335
v -0.0132225 -0.02184236 0.02477684
v -0.01347905 -0.02199831 0.024453
v -0.0132225 -0.02175873 0.02472856
v -0.01347905 -0.02172124 0.02429304
v -0.0132225 -0.02151877 0.02459002
v -0.0132225 -0.02131221 0.0244253
v -0.01347905 -0.02147111 0.02409357
v -0.0132225 -0.02122664 0.02435705
v -0.0132225 -0.02097249 0.02408314
v -0.01347905 -0.02125351 0.02385904
v -0.0132225 -0.02093986 0.02403529
v -0.01347905 -0.02107328 0.0235947
v -0.0132225 -0.02076201 0.02377442
v -0.0132225 -0.02066416 0.02357124
v -0.01347905 -0.02093447 0.02330646
v -0.0132225 -0.02059988 0.02343777
v -0.0132225 -0.02048975 0.02308072
v -0.01347905 -0.02084017 0.02300074
v -0.0132225 -0.02048687 0.02306164
v -0.01347905 -0.02079249 0.02268439
v -0.0132225 -0.02043406 0.02271125
v -0.0132225 -0.02042707 0.02252442
v -0.01347905 -0.02079249 0.02236446
v -0.0132225 -0.02043406 0.0223376
v -0.0132225 -0.02048687 0.0219872
v -0.01347905 -0.02084017 0.0220481
v -0.0132225 -0.02048975 0.02196812
v -0.0132225 -0.02059988 0.02161107
v -0.01347905 -0.02093447 0.02174238
v -0.0132225 -0.02066416 0.0214776
v -0.01347905 -0.02107328 0.02145414
v -0.0132225 -0.02076201 0.02127442
v -0.0132225 -0.02093986 0.02101355
v -0.01347905 -0.02125351 0.0211898
v -0.0132225 -0.02097249 0.0209657
v -0.0132225 -0.02122664 0.02069179
v -0.01347905 -0.02147111 0.02095527
v -0.0132225 -0.02131221 0.02062354
v -0.01347905 -0.02172124 0.0207558
v -0.0132225 -0.02151877 0.02045882
v -0.0132225 -0.02175873 0.02032028
v -0.01347905 -0.02199831 0.02059584
v -0.0132225 -0.02184236 0.020272
v -0.0132225 -0.02219018 0.02013549
v -0.01347905 -0.02229613 0.02047895
v -0.0132225 -0.0222592 0.02011973
v -0.01347905 -0.02260803 0.02040776
v -0.0132225 -0.02255446 0.02005234
v -0.0132225 -0.0227922 0.02003453
v -0.01347905 -0.02292707 0.02038385
v -0.0132225 -0.02292707 0.02002442
v -0.0132225 -0.02329967 0.02005234
v -0.01347905 -0.0232461 0.02040776
v -0.0132225 -0.02333103 0.0200595
v -0.01347905 -0.02355801 0.02047895
v -0.0132225 -0.02366396 0.02013549
v -0.0132225 -0.02384987 0.02020846
v -0.01347905 -0.02385583 0.02059584
v -0.0132225 -0.02401178 0.020272
v -0.0132225 -0.0243298 0.02045561
v -0.01347905 -0.02413289 0.0207558
v -0.0132225 -0.02433537 0.02045882
v -0.0132225 -0.0246275 0.02069179
v -0.01347905 -0.02438302 0.02095527
v -0.0132225 -0.02473703 0.02080984
v -0.01347905 -0.02460063 0.0211898
v -0.0132225 -0.02488165 0.0209657
v -0.0132225 -0.02506676 0.02123721
v -0.01347905 -0.02478085 0.02145414
v -0.0132225 -0.02509213 0.02127442
v -0.0132225 -0.02525425 0.02161107
v -0.01347905 -0.02491967 0.02174238
v -0.0132225 -0.02529032 0.02172798
v -0.01347905 -0.02501397 0.0220481
v -0.0132225 -0.02536439 0.02196812
v -0.0132225 -0.02540761 0.02225485
v -0.01347905 -0.02506165 0.02236446
v -0.0132225 -0.02542008 0.0223376
v -0.0132225 -0.02542008 0.02271125
v -0.01347905 -0.02506165 0.02268439
v -0.0132225 -0.02540761 0.02279399
v -0.01347905 -0.02501397 0.02300074
v -0.0132225 -0.02536439 0.02308072
v -0.0132225 -0.02529032 0.02332086
v -0.01347905 -0.02491967 0.02330646
v -0.0132225 -0.02525425 0.02343777
v -0.0132225 -0.02509213 0.02377442
v -0.01347905 -0.02478085 0.0235947
v -0.0132225 -0.02506676 0.02381163
v -0.01347905 -0.02460063 0.02385904
v -0.0132225 -0.02488165 0.02408314
v -0.0132225 -0.02473703 0.02423901
v -0.01347905 -0.02438302 0.02409357
v -0.0132225 -0.0246275 0.02435705
v -0.0132225 -0.02433537 0.02459002
v -0.01347905 -0.02413289 0.02429304
v -0.0132225 -0.0243298 0.02459323
v -0.01347905 -0.02385583 0.024453
v -0.0132225 -0.02401178 0.02477684
v -0.0132225 -0.02384987 0.02484039
v -0.01347905 -0.02355801 0.02456989
v -0.0132225 -0.02366396 0.02491335
v -0.0132225 -0.02333103 0.02498934
v -0.01347905 -0.0232461 0.02464108
v -0.0132225 -0.02329967 0.0249965
v -0.0132225 -0.02292707 0.02502442
v -0.01347905 -0.02292707 0.02466499
v -0.0132225 -0.0227922 0.02501431
v -0.0132225 -0.02255446 0.0249965
v -0.01369441 -0.02318865 0.02425986
v -0.01369441 -0.02344438 0.02420149
v -0.01369441 -0.02368855 0.02410566
v -0.01369441 -0.02391572 0.02397451
v -0.01369441 -0.0241208 0.02381096
v -0.01369441 -0.02429922 0.02361867
v -0.01369441 -0.02444698 0.02340194
v -0.01369441 -0.02456079 0.02316561
v -0.01369441 -0.02463811 0.02291496
v -0.01369441 -0.02467721 0.02265557
v -0.01369441 -0.02467721 0.02239327
v -0.01369441 -0.02463811 0.02213389
v -0.01369441 -0.02456079 0.02188323
v -0.01369441 -0.02444698 0.0216469
v -0.01369441 -0.02429922 0.02143017
v -0.01369441 -0.0241208 0.02123788
v -0.01369441 -0.02391572 0.02107433
v -0.01369441 -0.02368855 0.02094318
v -0.01369441 -0.02344438 0.02084735
v -0.01369441 -0.02318865 0.02078898
v -0.01369441 -0.02292707 0.02076938
v -0.01369441 -0.02266549 0.02078898
v -0.01369441 -0.02240976 0.02084735
v -0.01369441 -0.02216558 0.02094318
v -0.01369441 -0.02193842 0.02107433
v -0.01369441 -0.02173334 0.02123788
v -0.01369441 -0.02155492 0.02143017
v -0.01369441 -0.02140716 0.0216469
v -0.01369441 -0.02129334 0.02188323
v -0.01369441 -0.02121603 0.02213389
v -0.01369441 -0.02117693 0.02239327
v -0.01369441 -0.02117693 0.02265557
v -0.01369441 -0.02121603 0.02291496
v -0.01369441 -0.02129334 0.02316561
v -0.01369441 -0.02140716 0.02340194
v -0.01369441 -0.02155492 0.02361867
v -0.01369441 -0.02173334 0.02381096
v -0.01369441 -0.02193842 0.02397451
v -0.01369441 -0.02216558 0.02410566
v -0.01369441 -0.02240976 0.02420149
v -0.01369441 -0.02266549 0.02425986
v -0.01369441 -0.02292707 0.02427946
v -0.01386597 -0.0236865 0.0236383
v -0.01386597 -0.02384403 0.02351267
v -0.01386597 -0.02398108 0.02336497
v -0.01386597 -0.02409458 0.02319849
v -0.01386597 -0.02409458 0.02185035
v -0.01386597 -0.02398108 0.02168388
v -0.01386597 -0.02384403 0.02153617
v -0.01386597 -0.0236865 0.02141054
v -0.01386597 -0.023512 0.0213098
v -0.01386597 -0.02216764 0.02141054
v -0.01386597 -0.02201011 0.02153617
v -0.01386597 -0.02187306 0.02168388
v -0.01386597 -0.02175955 0.02185035
v -0.01386597 -0.02175955 0.02319849
v -0.01386597 -0.02187306 0.02336497
v -0.01386597 -0.02201011 0.02351267
v -0.01386597 -0.02216764 0.0236383
v -0.01386597 -0.02234214 0.02373904
v -0.01398706 -0.02265707 0.02342879
v -0.01398706 -0.02319707 0.02162005
v -0.004 -0.02189427 0.02182027
v -0.004 -0.0217326 0.02215598
v -0.004 -0.02292707 0.02252442
v -0.004 -0.02167707 0.02252442
v -0.004 -0.0217326 0.02289286
v -0.004 -0.02283366 0.02127792
v -0.004 -0.02247039 0.02136083
v -0.004 -0.02214771 0.02154713
v -0.004 -0.02384338 0.0216742
v -0.004 -0.02355207 0.02144189
v -0.004 -0.02320522 0.02130576
v -0.004 -0.02416311 0.02271072
v -0.004 -0.02416311 0.02233812
v -0.004 -0.02405328 0.02198207
v -0.004 -0.02355207 0.02360695
v -0.004 -0.02384338 0.02337464
v -0.004 -0.02405328 0.02306678
v -0.004 -0.02247039 0.02368801
v -0.004 -0.02283366 0.02377092
v -0.004 -0.02320522 0.02374308
v -0.004 -0.02189427 0.02322857
v -0.004 -0.02214771 0.02350171
v -0.012 -0.0217326 0.02289286
v -0.012 -0.02189427 0.02322857
v -0.012 -0.02214771 0.02350171
v -0.012 -0.02247039 0.02368801
v -0.012 -0.02283366 0.02377092
v -0.012 -0.02320522 0.02374308
v -0.012 -0.02355207 0.02360695
v -0.012 -0.02384338 0.02337464
v -0.012 -0.02405328 0.02306678
v -0.012 -0.02416311 0.02271072
v -0.012 -0.02416311 0.02233812
v -0.012 -0.02405328 0.02198207
v -0.012 -0.02384338 0.0216742
v -0.012 -0.02355207 0.02144189
v -0.012 -0.02320522 0.02130576
v -0.012 -0.02283366 0.02127792
v -0.012 -0.02247039 0.02136083
v -0.012 -0.02214771 0.02154713
v -0.012 -0.02189427 0.02182027
v -0.012 -0.0217326 0.02215598
v -0.012 -0.02167707 0.02252442
v -0.012 -0.02065813 0.0214747
v -0.012 -0.02048552 0.02198699
v -0.012 -0.02042707 0.02252442
v -0.012 -0.02175605 0.02031564
v -0.012 -0.0213086 0.02061902
v -0.012 -0.02093684 0.02101148
v -0.012 -0.02385241 0.02020198
v -0.012 -0.02333152 0.02005735
v -0.012 -0.02279172 0.02002809
v -0.012 -0.02225825 0.02011555
v -0.012 -0.02385241 0.02484686
v -0.012 -0.02433004 0.02459364
v -0.012 -0.02474206 0.02424367
v -0.012 -0.0252962 0.02172617
v -0.012 -0.02506921 0.02123553
v -0.012 -0.02474206 0.02080517
v -0.012 -0.02433004 0.0204552
v -0.012 -0.02506921 0.02381331
v -0.012 -0.0252962 0.02332267
v -0.012 -0.02541241 0.02279472
v -0.012 -0.02541241 0.02225412
v -0.012 -0.02175605 0.0247332
v -0.012 -0.02225825 0.0249333
v -0.012 -0.02279172 0.02502075
v -0.012 -0.02333152 0.02499149
v -0.012 -0.02048552 0.02306185
v -0.012 -0.02065813 0.02357414
v -0.012 -0.02093684 0.02403736
v -0.012 -0.0213086 0.02442983
v -0.012749 -0.02349707 0.02279442
v -0.012749 -0.02349707 0.02225442
v -0.01263 -0.02342836 0.02224645
v -0.01263 -0.02342836 0.02280239
v -0.012749 -0.02319707 0.02195442
v -0.01263 -0.02320504 0.02202312
v -0.01263 -0.0226491 0.02202312
v -0.012749 -0.02265707 0.02195442
v -0.012749 -0.02235707 0.02225442
v -0.012749 -0.02235707 0.02279442
v -0.01263 -0.02242577 0.02280239
v -0.01263 -0.02242577 0.02224645
v -0.012749 -0.02265707 0.02309442
v -0.01263 -0.0226491 0.02302572
v -0.01263 -0.02320504 0.02302572
v -0.012749 -0.02319707 0.02309442
v -0.01263 -0.02323726 0.02294442
v -0.01263 -0.02261688 0.02294442
v -0.01263 -0.02334707 0.02283461
v -0.01263 -0.02261688 0.02210442
v -0.01263 -0.02323726 0.02210442
v -0.01263 -0.02334707 0.02221423
v -0.01263 -0.02250707 0.02221423
v -0.01263 -0.02250707 0.02283461
v -0.01 -0.01743829 0.02532323
v -0.012 -0.01743829 0.02532323
v -0.01 -0.01809427 0.02501522
v -0.012 -0.01809427 0.02501522
v -0.01 -0.01881637 0.02507647
v -0.012 -0.01881637 0.02507647
v -0.01 -0.01941111 0.02549057
v -0.012 -0.01941111 0.02549057
v -0.01 -0.01971911 0.02614655
v -0.012 -0.01971911 0.02614655
v -0.01 -0.01965787 0.02686865
v -0.012 -0.01965787 0.02686865
v -0.01 -0.01924377 0.02746338
v -0.012 -0.01924377 0.02746338
v -0.01 -0.01858779 0.02777139
v -0.012 -0.01858779 0.02777139
v -0.01 -0.01786569 0.02771014
v -0.012 -0.01786569 0.02771014
v -0.01 -0.01727096 0.02729604
v -0.012 -0.01727096 0.02729604
v -0.01 -0.01696295 0.02664006
v -0.012 -0.01696295 0.02664006
v -0.01 -0.0170242 0.02591796
v -0.012 -0.0170242 0.02591796
v -0.01 -0.02202433 0.02145435
v -0.012 -0.02202433 0.02145435
v -0.01 -0.02268031 0.02114634
v -0.012 -0.02268031 0.02114634
v -0.01 -0.02340241 0.02120759
v -0.012 -0.02340241 0.02120759
v -0.01 -0.02399714 0.02162168
v -0.012 -0.02399714 0.02162168
v -0.01 -0.02430515 0.02227766
v -0.012 -0.02430515 0.02227766
v -0.01 -0.0242439 0.02299976
v -0.012 -0.0242439 0.02299976
v -0.01 -0.02382981 0.0235945
v -0.012 -0.02382981 0.0235945
v -0.01 -0.02317383 0.0239025
v -0.012 -0.02317383 0.0239025
v -0.01 -0.02245173 0.02384125
v -0.012 -0.02245173 0.02384125
v -0.01 -0.02185699 0.02342716
v -0.012 -0.02185699 0.02342716
v -0.01 -0.02154899 0.02277118
v -0.012 -0.02154899 0.02277118
v -0.01 -0.02161024 0.02204908
v -0.012 -0.02161024 0.02204908
v -0.0135 -0.04005081 0.03816979
v -0.0085 -0.04005081 0.03816979
v -0.0085 -0.04102191 0.03977631
v -0.0135 -0.04102191 0.03977631
v -0.0085 -0.04144903 0.04160428
v -0.0135 -0.04144903 0.04160428
v -0.0085 -0.04129037 0.04347478
v -0.0135 -0.04129037 0.04347478
v -0.0085 -0.04056147 0.0452047
v -0.0135 -0.04056147 0.0452047
v -0.0085 -0.03933366 0.04662471
v -0.0135 -0.03933366 0.04662471
v -0.0085 -0.03772714 0.0475958
v -0.0135 -0.03772714 0.0475958
v -0.0085 -0.03589916 0.04802293
v -0.0135 -0.03589916 0.04802293
v -0.0135 -0.03470379 0.04792153
v -0.0085 -0.03402866 0.04786427
v -0.0135 -0.03402866 0.04786427
v -0.0085 -0.03229874 0.04713536
v -0.0135 -0.03229874 0.04713536
v -0.0085 -0.03087874 0.04590755
v -0.0135 -0.03087874 0.04590755
v -0.0109 -0.03998015 0.04351309
v -0.0109 -0.03914261 0.04504466
v -0.0109 -0.03804403 0.04509603
v -0.0109 -0.03780837 0.04617026
v -0.0109 -0.0366777 0.04585034
v -0.0109 -0.0361576 0.04673787
v -0.0109 -0.0351267 0.04602436
v -0.0109 -0.03441327 0.04667082
v -0.0109 -0.03362718 0.04559159
v -0.0109 -0.03281095 0.04597818
v -0.0109 -0.03240742 0.04461792
v -0.0109 -0.03156704 0.04475348
v -0.0109 -0.03165311 0.04325159
v -0.0109 -0.03084955 0.04316213
v -0.0109 -0.03147909 0.0417006
v -0.0109 -0.03075536 0.04141906
v -0.0109 -0.03191185 0.04020108
v -0.0109 -0.03129721 0.03975966
v -0.0109 -0.03288552 0.03898131
v -0.0109 -0.03240191 0.03840806
v -0.0109 -0.03425185 0.038227
v -0.0109 -0.03392027 0.03754679
v -0.0109 -0.03580284 0.03805298
v -0.0109 -0.03564722 0.03729217
v -0.0109 -0.03730237 0.03848575
v -0.0109 -0.03734953 0.0376786
v -0.0109 -0.03852213 0.03945941
v -0.0109 -0.03879729 0.03865388
v -0.0109 -0.03927644 0.04082575
v -0.0109 -0.03979499 0.04008629
v -0.0109 -0.03945046 0.04237674
v -0.0109 -0.04020786 0.04178238
v -0.0109 -0.0390177 0.04387626
v -0.0135 -0.03320978 0.04615058
v -0.0135 -0.03281095 0.04597818
v -0.0135 -0.03156704 0.04475348
v -0.0135 -0.03103425 0.04357179
v -0.0135 -0.03084955 0.04316213
v -0.0135 -0.03075536 0.04141906
v -0.0135 -0.03129721 0.03975966
v -0.0135 -0.03240191 0.03840806
v -0.0135 -0.03392027 0.03754679
v -0.0135 -0.03564722 0.03729217
v -0.0135 -0.03734953 0.0376786
v -0.0135 -0.03879729 0.03865388
v -0.0135 -0.03979499 0.04008629
v -0.0135 -0.04020786 0.04178238
v -0.0135 -0.03998015 0.04351309
v -0.0135 -0.03914261 0.04504466
v -0.0135 -0.03780837 0.04617026
v -0.0135 -0.0361576 0.04673787
v -0.0135 -0.03441327 0.04667082
v -0.0085 -0.03288552 0.03898131
v -0.0085 -0.03425185 0.038227
v -0.0085 -0.03580284 0.03805298
v -0.0085 -0.03730237 0.03848575
v -0.0085 -0.03852213 0.03945941
v -0.0085 -0.03927644 0.04082575
v -0.0085 -0.03945046 0.04237674
v -0.0085 -0.0390177 0.04387626
v -0.0085 -0.03804403 0.04509603
v -0.0085 -0.0366777 0.04585034
v -0.0085 -0.0351267 0.04602436
v -0.0085 -0.03362718 0.04559159
v -0.0085 -0.03240742 0.04461792
v -0.0085 -0.03165311 0.04325159
v -0.0085 -0.03147909 0.0417006
v -0.0085 -0.03191185 0.04020108
v -0.0085 -0.01798245 0.03062076
v -0.0085 -0.02715453 0.022883
v -0.0135 -0.01047823 0.01242052
v -0.0135 -0.01084796 0.01188951
v -0.0135 -0.01941676 0.01371092
v -0.0135 -0.01148674 0.02040087
v -0.0135 -0.00989253 0.01269552
v -0.0135 0.00033807 0.00398569
v -0.0135 -0.00886619 0.01050967
v -0.0135 0.00183759 0.00355292
v -0.0135 -0.00849647 0.01104068
v -0.0135 -0.01090264 0.01124477
v -0.0135 -0.01062764 0.01065907
v -0.0135 -0.00458604 -0.00386888
v -0.0135 -0.01009662 0.01028935
v -0.0135 -0.00945189 0.01023466
v -0.0135 -0.00398569 0.00033807
v -0.0135 -0.00033807 -0.00398569
v -0.0135 0.00121292 -0.00381167
v -0.0135 0.00226237 -0.00555713
v -0.0135 -0.00121292 0.00381167
v -0.0135 -0.00257926 0.00305736
v -0.0135 -0.00355292 0.00183759
v -0.0135 0.00386889 -0.00458604
v -0.0135 0.00257926 -0.00305736
v -0.0135 0.00509669 -0.00316603
v -0.0135 0.00355292 -0.00183759
v -0.0135 0.0058256 -0.00143611
v -0.0135 0.00398569 -0.00033807
v -0.0135 0.00592699 -0.00024074
v -0.0135 0.00381167 0.00121292
v -0.0135 0.00305736 0.00257926
v -0.0135 -0.00844178 0.01168541
v -0.0135 -0.00871679 0.01227111
v -0.0135 -0.0092478 0.01264084
v -0.0135 -0.00381167 -0.00121292
v -0.0135 -0.00305736 -0.00257926
v -0.0135 -0.00316603 -0.00509669
v -0.0135 -0.00183759 -0.00355292
v -0.0135 -0.00143611 -0.0058256
v -0.0135 0.00043439 -0.00598425
v -0.0135 -0.01024469 0.02144869
v -0.0135 0.00458604 0.00386888
v -0.0135 0.00555713 0.00226237
v -0.0135 0.00598426 0.00043439
v -0.0135 -0.01662127 0.02784414
v -0.0135 -0.01757709 0.02850964
v -0.0135 -0.01838532 0.0285782
v -0.0135 -0.02253049 0.02030965
v -0.0135 -0.02147624 0.02080466
v -0.0135 -0.0168902 0.02467354
v -0.0135 -0.01622469 0.02562936
v -0.0135 -0.01619481 0.02598165
v -0.0135 -0.01612626 0.02678988
v -0.0135 -0.02081073 0.02176048
v -0.0135 -0.02071229 0.022921
v -0.0135 -0.01794446 0.02417853
v -0.0135 -0.01873761 0.02860808
v -0.0135 -0.02464683 0.02107359
v -0.0135 -0.02369101 0.02040808
v -0.0135 -0.01979186 0.02811307
v -0.0135 -0.02045737 0.02715725
v -0.0135 -0.02332364 0.02473919
v -0.0135 -0.02216312 0.02464076
v -0.0135 -0.02055581 0.02599673
v -0.0135 -0.0212073 0.02397525
v -0.0135 -0.0200608 0.02494247
v -0.0135 -0.01910498 0.02427697
v -0.0135 -0.0243779 0.02424418
v -0.0135 -0.02504341 0.02328836
v -0.0135 -0.02514184 0.02212784
v -0.01 -0.0092478 0.01264084
v -0.01 -0.00886619 0.01050967
v -0.01 -0.00945189 0.01023466
v -0.01 -0.00458604 -0.00386888
v -0.01 -0.02715453 0.022883
v -0.01 -0.01798245 0.03062076
v -0.01 -0.00416757 0.00227901
v -0.01 -0.00306287 0.00363061
v -0.01 -0.00844178 0.01168541
v -0.01 -0.00871679 0.01227111
v -0.01 -0.01047823 0.01242052
v -0.01 -0.00989253 0.01269552
v -0.01 -0.00154451 0.00449188
v -0.01 -0.01084796 0.01188951
v -0.01 -0.01090264 0.01124477
v -0.01 -0.01062764 0.01065907
v -0.01 -0.01009662 0.01028935
v -0.01 -0.00389773 -0.00271481
v -0.01 -0.00461523 -0.00112346
v -0.01 0.00367784 -0.00300599
v -0.01 0.00509669 -0.00316603
v -0.01 0.00451537 -0.00147442
v -0.01 0.0058256 -0.00143611
v -0.01 0.00474308 0.00025629
v -0.01 0.00598426 0.00043439
v -0.01 0.00433021 0.00195238
v -0.01 0.00555713 0.00226237
v -0.01 0.00333252 0.00338479
v -0.01 0.00458604 0.00386888
v -0.01 0.00188475 0.00436007
v -0.01 0.00018244 0.0047465
v -0.01 -0.00265382 -0.00393951
v -0.01 -0.00316603 -0.00509669
v -0.01 -0.0010515 -0.00463215
v -0.01 -0.00143611 -0.0058256
v -0.01 0.00069283 -0.0046992
v -0.01 0.00043439 -0.00598425
v -0.01 0.00234359 -0.00413159
v -0.01 0.00226237 -0.00555713
v -0.01 0.00386889 -0.00458604
v -0.01 -0.00849647 0.01104068
v -0.01 -0.00470941 0.00061962
v -0.0111 -0.00257926 0.00305736
v -0.0111 -0.00355292 0.00183759
v -0.0111 -0.00398569 0.00033807
v -0.0111 -0.00381167 -0.00121292
v -0.0111 -0.00305736 -0.00257926
v -0.0111 -0.00183759 -0.00355292
v -0.0111 -0.00033807 -0.00398569
v -0.0111 0.00121292 -0.00381167
v -0.0111 0.00257926 -0.00305736
v -0.0111 0.00355292 -0.00183759
v -0.0111 0.00398569 -0.00033807
v -0.0111 0.00381167 0.00121292
v -0.0111 0.00305736 0.00257926
v -0.0111 0.00183759 0.00355292
v -0.0111 0.00033807 0.00398569
v -0.0111 -0.00121292 0.00381167
v -0.0111 -0.00306287 0.00363061
v -0.0111 -0.00416757 0.00227901
v -0.0111 -0.00470941 0.00061962
v -0.0111 -0.00461523 -0.00112346
v -0.0111 -0.00389773 -0.00271481
v -0.0111 -0.00265382 -0.00393951
v -0.0111 -0.0010515 -0.00463215
v -0.0111 0.00069283 -0.0046992
v -0.0111 0.00234359 -0.00413159
v -0.0111 0.00367784 -0.00300599
v -0.0111 0.00451537 -0.00147442
v -0.0111 0.00474308 0.00025629
v -0.0111 0.00433021 0.00195238
v -0.0111 0.00333252 0.00338479
v -0.0111 0.00188475 0.00436007
v -0.0111 0.00018244 0.0047465
v -0.0111 -0.00154451 0.00449188
v -0.012 -0.02464683 0.02107359
v -0.012 -0.02514184 0.02212784
v -0.012 -0.02504341 0.02328836
v -0.012 -0.0243779 0.02424418
v -0.012 -0.02332364 0.02473919
v -0.012 -0.02216312 0.02464076
v -0.012 -0.0212073 0.02397525
v -0.012 -0.02071229 0.022921
v -0.012 -0.02081073 0.02176048
v -0.012 -0.02147624 0.02080466
v -0.012 -0.02253049 0.02030965
v -0.012 -0.02369101 0.02040808
v -0.012 -0.0200608 0.02494247
v -0.012 -0.02055581 0.02599673
v -0.012 -0.02045737 0.02715725
v -0.012 -0.01979186 0.02811307
v -0.012 -0.01873761 0.02860808
v -0.012 -0.01757709 0.02850964
v -0.012 -0.01662127 0.02784414
v -0.012 -0.01612626 0.02678988
v -0.012 -0.01622469 0.02562936
v -0.012 -0.0168902 0.02467354
v -0.012 -0.01794446 0.02417853
v -0.012 -0.01910498 0.02427697
v 0.01 -0.02382981 0.0235945
v 0.012 -0.02382981 0.0235945
v 0.01 -0.0242439 0.02299976
v 0.012 -0.0242439 0.02299976
v 0.01 -0.02430515 0.02227766
v 0.012 -0.02430515 0.02227766
v 0.01 -0.02399714 0.02162168
v 0.012 -0.02399714 0.02162168
v 0.01 -0.02340241 0.02120759
v 0.012 -0.02340241 0.02120759
v 0.01 -0.02268031 0.02114634
v 0.012 -0.02268031 0.02114634
v 0.01 -0.02202433 0.02145435
v 0.012 -0.02202433 0.02145435
v 0.01 -0.02161024 0.02204908
v 0.012 -0.02161024 0.02204908
v 0.01 -0.02154899 0.02277118
v 0.012 -0.02154899 0.02277118
v 0.01 -0.02185699 0.02342716
v 0.012 -0.02185699 0.02342716
v 0.01 -0.02245173 0.02384125
v 0.012 -0.02245173 0.02384125
v 0.01 -0.02317383 0.0239025
v 0.012 -0.02317383 0.0239025
v 0.01 -0.01924377 0.02746338
v 0.012 -0.01924377 0.02746338
v 0.01 -0.01965787 0.02686865
v 0.012 -0.01965787 0.02686865
v 0.01 -0.01971911 0.02614655
v 0.012 -0.01971911 0.02614655
v 0.01 -0.01941111 0.02549057
v 0.012 -0.01941111 0.02549057
v 0.01 -0.01881637 0.02507647
v 0.012 -0.01881637 0.02507647
v 0.01 -0.01809427 0.02501522
v 0.012 -0.01809427 0.02501522
v 0.01 -0.01743829 0.02532323
v 0.012 -0.01743829 0.02532323
v 0.01 -0.0170242 0.02591796
v 0.012 -0.0170242 0.02591796
v 0.01 -0.01696295 0.02664006
v 0.012 -0.01696295 0.02664006
v 0.01 -0.01727096 0.02729604
v 0.012 -0.01727096 0.02729604
v 0.01 -0.01786569 0.02771014
v 0.012 -0.01786569 0.02771014
v 0.01 -0.01858779 0.02777139
v 0.012 -0.01858779 0.02777139
v 0.0135 -0.03087874 0.04590755
v 0.0085 -0.03087874 0.04590755
v 0.0085 -0.03229874 0.04713536
v 0.0135 -0.03229874 0.04713536
v 0.0085 -0.03402866 0.04786427
v 0.0135 -0.03402866 0.04786427
v 0.0085 -0.03589916 0.04802293
v 0.0135 -0.03589916 0.04802293
v 0.0085 -0.03772714 0.0475958
v 0.0135 -0.03772714 0.0475958
v 0.0085 -0.03933366 0.04662471
v 0.0135 -0.03933366 0.04662471
v 0.0085 -0.04056147 0.0452047
v 0.0135 -0.04056147 0.0452047
v 0.0085 -0.04129037 0.04347478
v 0.0135 -0.04129037 0.04347478
v 0.0135 -0.04139176 0.04227941
v 0.0085 -0.04144903 0.04160428
v 0.0135 -0.04144903 0.04160428
v 0.0085 -0.04102191 0.03977631
v 0.0135 -0.04102191 0.03977631
v 0.0085 -0.04005081 0.03816979
v 0.0135 -0.04005081 0.03816979
v 0.0109 -0.03477194 0.03733947
v 0.0109 -0.03312118 0.03790708
v 0.0109 -0.03288552 0.03898131
v 0.0109 -0.03178693 0.03903268
v 0.0109 -0.03191185 0.04020108
v 0.0109 -0.0309494 0.04056425
v 0.0109 -0.03147909 0.0417006
v 0.0109 -0.03072169 0.04229496
v 0.0109 -0.03165311 0.04325159
v 0.0109 -0.03113456 0.04399105
v 0.0109 -0.03240742 0.04461792
v 0.0109 -0.03213225 0.04542346
v 0.0109 -0.03362718 0.04559159
v 0.0109 -0.03358002 0.04639874
v 0.0109 -0.0351267 0.04602436
v 0.0109 -0.03528233 0.04678516
v 0.0109 -0.0366777 0.04585034
v 0.0109 -0.03700928 0.04653055
v 0.0109 -0.03804403 0.04509603
v 0.0109 -0.03852764 0.04566928
v 0.0109 -0.0390177 0.04387626
v 0.0109 -0.03963234 0.04431768
v 0.0109 -0.03945046 0.04237674
v 0.0109 -0.04017419 0.04265828
v 0.0109 -0.03927644 0.04082575
v 0.0109 -0.04008 0.04091521
v 0.0109 -0.03852213 0.03945941
v 0.0109 -0.03936251 0.03932386
v 0.0109 -0.03730237 0.03848575
v 0.0109 -0.0381186 0.03809916
v 0.0109 -0.03580284 0.03805298
v 0.0109 -0.03651628 0.03740652
v 0.0109 -0.03425185 0.038227
v 0.0135 -0.0398953 0.04050556
v 0.0135 -0.03936251 0.03932386
v 0.0135 -0.0381186 0.03809916
v 0.0135 -0.03771977 0.03792676
v 0.0135 -0.03651628 0.03740652
v 0.0135 -0.03477194 0.03733947
v 0.0135 -0.03312118 0.03790708
v 0.0135 -0.03178693 0.03903268
v 0.0135 -0.0309494 0.04056425
v 0.0135 -0.03072169 0.04229496
v 0.0135 -0.03113456 0.04399105
v 0.0135 -0.03213225 0.04542346
v 0.0135 -0.03358002 0.04639874
v 0.0135 -0.03528233 0.04678516
v 0.0135 -0.03700928 0.04653055
v 0.0135 -0.03852764 0.04566928
v 0.0135 -0.03963234 0.04431768
v 0.0135 -0.04017419 0.04265828
v 0.0135 -0.04008 0.04091521
v 0.0085 -0.03804403 0.04509603
v 0.0085 -0.0390177 0.04387626
v 0.0085 -0.03945046 0.04237674
v 0.0085 -0.03927644 0.04082575
v 0.0085 -0.03852213 0.03945941
v 0.0085 -0.03730237 0.03848575
v 0.0085 -0.03580284 0.03805298
v 0.0085 -0.03425185 0.038227
v 0.0085 -0.03288552 0.03898131
v 0.0085 -0.03191185 0.04020108
v 0.0085 -0.03147909 0.0417006
v 0.0085 -0.03165311 0.04325159
v 0.0085 -0.03240742 0.04461792
v 0.0085 -0.03362718 0.04559159
v 0.0085 -0.0351267 0.04602436
v 0.0085 -0.0366777 0.04585034
v 0.0085 -0.02715453 0.022883
v 0.0085 -0.01798245 0.03062076
v 0.0135 -0.00886619 0.01050967
v 0.0135 -0.00945189 0.01023466
v 0.0135 -0.00381167 -0.00121292
v 0.0135 -0.01009662 0.01028935
v 0.0135 -0.00257926 0.00305736
v 0.0135 -0.00849647 0.01104068
v 0.0135 -0.00355292 0.00183759
v 0.0135 -0.00398569 0.00033807
v 0.0135 -0.01062764 0.01065907
v 0.0135 -0.01090264 0.01124477
v 0.0135 -0.01817471 0.01475875
v 0.0135 -0.01084796 0.01188951
v 0.0135 -0.01047823 0.01242052
v 0.0135 -0.00989253 0.01269552
v 0.0135 -0.01024469 0.02144869
v 0.0135 -0.0092478 0.01264084
v 0.0135 -0.00871679 0.01227111
v 0.0135 0.00458604 0.00386888
v 0.0135 0.00033807 0.00398569
v 0.0135 -0.00033807 -0.00398569
v 0.0135 -0.00076098 -0.00588286
v 0.0135 0.00043439 -0.00598425
v 0.0135 -0.00121292 0.00381167
v 0.0135 -0.00844178 0.01168541
v 0.0135 0.00183759 0.00355292
v 0.0135 0.00305736 0.00257926
v 0.0135 0.00555713 0.00226237
v 0.0135 0.00381167 0.00121292
v 0.0135 0.00598426 0.00043439
v 0.0135 0.00398569 -0.00033807
v 0.0135 0.00121292 -0.00381167
v 0.0135 0.00226237 -0.00555713
v 0.0135 0.00257926 -0.00305736
v 0.0135 0.00386888 -0.00458604
v 0.0135 0.00355292 -0.00183759
v 0.0135 0.00509669 -0.00316603
v 0.0135 0.0058256 -0.00143611
v 0.0135 -0.00183759 -0.00355292
v 0.0135 -0.00305736 -0.00257926
v 0.0135 -0.01941676 0.01371092
v 0.0135 -0.00458604 -0.00386888
v 0.0135 -0.00143611 -0.0058256
v 0.0135 -0.00316603 -0.00509669
v 0.0135 -0.02514184 0.02212784
v 0.0135 -0.02464683 0.02107359
v 0.0135 -0.01662127 0.02784414
v 0.0135 -0.01612626 0.02678988
v 0.0135 -0.01622469 0.02562936
v 0.0135 -0.02081073 0.02176048
v 0.0135 -0.02147624 0.02080466
v 0.0135 -0.02253049 0.02030965
v 0.0135 -0.02288278 0.02033953
v 0.0135 -0.02369101 0.02040808
v 0.0135 -0.02504341 0.02328836
v 0.0135 -0.0243779 0.02424418
v 0.0135 -0.02507329 0.02293608
v 0.0135 -0.02055581 0.02599673
v 0.0135 -0.02045737 0.02715725
v 0.0135 -0.01979186 0.02811307
v 0.0135 -0.01873761 0.02860808
v 0.0135 -0.01757709 0.02850964
v 0.0135 -0.0168902 0.02467354
v 0.0135 -0.02071229 0.022921
v 0.0135 -0.01910498 0.02427697
v 0.0135 -0.01794446 0.02417853
v 0.0135 -0.02332364 0.02473919
v 0.0135 -0.0212073 0.02397525
v 0.0135 -0.0200608 0.02494247
v 0.0135 -0.02216312 0.02464076
v 0.01 -0.00871679 0.01227111
v 0.01 -0.0092478 0.01264084
v 0.01 -0.00989253 0.01269552
v 0.01 0.00458604 0.00386888
v 0.01 -0.01798245 0.03062076
v 0.01 -0.00844178 0.01168541
v 0.01 0.00018244 0.0047465
v 0.01 -0.00849647 0.01104068
v 0.01 -0.00154451 0.00449188
v 0.01 -0.00886619 0.01050967
v 0.01 -0.01047823 0.01242052
v 0.01 -0.01084796 0.01188951
v 0.01 -0.01090264 0.01124477
v 0.01 0.00333252 0.00338479
v 0.01 0.00188475 0.00436007
v 0.01 -0.02715453 0.022883
v 0.01 0.00433021 0.00195238
v 0.01 0.00555713 0.00226237
v 0.01 0.00474308 0.00025629
v 0.01 0.00598426 0.00043439
v 0.01 0.00451537 -0.00147442
v 0.01 0.0058256 -0.00143611
v 0.01 0.00367784 -0.00300599
v 0.01 0.00509669 -0.00316603
v 0.01 0.00234359 -0.00413159
v 0.01 -0.00306287 0.00363061
v 0.01 -0.00416757 0.00227901
v 0.01 -0.00945189 0.01023466
v 0.01 -0.00470941 0.00061962
v 0.01 -0.01009662 0.01028935
v 0.01 -0.01062764 0.01065907
v 0.01 -0.00458604 -0.00386888
v 0.01 0.00386888 -0.00458604
v 0.01 0.00226237 -0.00555713
v 0.01 0.00069283 -0.0046992
v 0.01 0.00043439 -0.00598425
v 0.01 -0.0010515 -0.00463215
v 0.01 -0.00143611 -0.0058256
v 0.01 -0.00265382 -0.00393951
v 0.01 -0.00316603 -0.00509669
v 0.01 -0.00389773 -0.00271481
v 0.01 -0.00461523 -0.00112346
v 0.0111 -0.00257926 0.00305736
v 0.0111 -0.00121292 0.00381167
v 0.0111 0.00033807 0.00398569
v 0.0111 0.00183759 0.00355292
v 0.0111 0.00305736 0.00257926
v 0.0111 0.00381167 0.00121292
v 0.0111 0.00398569 -0.00033807
v 0.0111 0.00355292 -0.00183759
v 0.0111 0.00257926 -0.00305736
v 0.0111 0.00121292 -0.00381167
v 0.0111 -0.00033807 -0.00398569
v 0.0111 -0.00183759 -0.00355292
v 0.0111 -0.00305736 -0.00257926
v 0.0111 -0.00381167 -0.00121292
v 0.0111 -0.00398569 0.00033807
v 0.0111 -0.00355292 0.00183759
v 0.0111 -0.00306287 0.00363061
v 0.0111 -0.00154451 0.00449188
v 0.0111 0.00018244 0.0047465
v 0.0111 0.00188475 0.00436007
v 0.0111 0.00333252 0.00338479
v 0.0111 0.00433021 0.00195238
v 0.0111 0.00474308 0.00025629
v 0.0111 0.00451537 -0.00147442
v 0.0111 0.00367784 -0.00300599
v 0.0111 0.00234359 -0.00413159
v 0.0111 0.00069283 -0.0046992
v 0.0111 -0.0010515 -0.00463215
v 0.0111 -0.00265382 -0.00393951
v 0.0111 -0.00389773 -0.00271481
v 0.0111 -0.00461523 -0.00112346
v 0.0111 -0.00470941 0.00061962
v 0.0111 -0.00416757 0.00227901
v 0.012 -0.01910498 0.02427697
v 0.012 -0.01794446 0.02417853
v 0.012 -0.0168902 0.02467354
v 0.012 -0.01622469 0.02562936
v 0.012 -0.01612626 0.02678988
v 0.012 -0.01662127 0.02784414
v 0.012 -0.01757709 0.02850964
v 0.012 -0.01873761 0.02860808
v 0.012 -0.01979186 0.02811307
v 0.012 -0.02045737 0.02715725
v 0.012 -0.02055581 0.02599673
v 0.012 -0.0200608 0.02494247
v 0.012 -0.02514184 0.02212784
v 0.012 -0.02464683 0.02107359
v 0.012 -0.02369101 0.02040808
v 0.012 -0.02253049 0.02030965
v 0.012 -0.02147624 0.02080466
v 0.012 -0.02081073 0.02176048
v 0.012 -0.02071229 0.022921
v 0.012 -0.0212073 0.02397525
v 0.012 -0.02216312 0.02464076
v 0.012 -0.02332364 0.02473919
v 0.012 -0.0243779 0.02424418
v 0.012 -0.02504341 0.02328836
v -0.0115 -0.03727955 0.04287925
v -0.0115 -0.03755288 0.0433202
v -0.0115 -0.0370135 0.04330416
v -0.0115 -0.03721536 0.04375271
v -0.0115 -0.03665013 0.04364955
v -0.0115 -0.03679006 0.04409928
v -0.0115 -0.03621228 0.04389373
v -0.0115 -0.0362983 0.04434252
v -0.0115 -0.03572746 0.04402135
v -0.0115 -0.03576475 0.04447024
v -0.0115 -0.03522614 0.04402438
v -0.0115 -0.03521615 0.04447602
v -0.0115 -0.03473981 0.04390265
v -0.0115 -0.03468003 0.04435959
v -0.0115 -0.03429903 0.0436638
v -0.0115 -0.03418325 0.04412678
v -0.0115 -0.0339315 0.04332283
v -0.0115 -0.03545266 0.04003871
v -0.0115 -0.03571339 0.03960132
v -0.0115 -0.03595041 0.04009853
v -0.0115 -0.03624952 0.03971775
v -0.0115 -0.03641764 0.04028025
v -0.0115 -0.0367463 0.03995056
v -0.0115 -0.03682501 0.04057246
v -0.0115 -0.03717882 0.04028808
v -0.0115 -0.03714691 0.0409568
v -0.0115 -0.03752539 0.04071338
v -0.0115 -0.03736311 0.04140912
v -0.0115 -0.03776862 0.04120514
v -0.0115 -0.03746003 0.041901
v -0.0115 -0.03789634 0.04173869
v -0.0115 -0.03743158 0.04240152
v -0.0115 -0.03790213 0.04228729
v -0.0115 -0.03778569 0.04282342
v -0.0115 -0.03375073 0.04378926
v -0.0115 -0.03340416 0.04336395
v -0.0115 -0.03366031 0.04290118
v -0.0115 -0.03316092 0.0428722
v -0.0115 -0.03350251 0.04242533
v -0.0115 -0.03303321 0.04233865
v -0.0115 -0.033468 0.04192518
v -0.0115 -0.03302742 0.04179005
v -0.0115 -0.03355895 0.04143217
v -0.0115 -0.03314386 0.04125392
v -0.0115 -0.03376966 0.04097727
v -0.0115 -0.03337667 0.04075715
v -0.0115 -0.03408687 0.04058906
v -0.0115 -0.03371419 0.04032463
v -0.0115 -0.03449066 0.04029193
v -0.0115 -0.03413949 0.03997806
v -0.0115 -0.03495567 0.04010455
v -0.0115 -0.03463124 0.03973482
v -0.0115 -0.0351648 0.0396071
v -0.0112 -0.03316092 0.0428722
v -0.0112 -0.03303321 0.04233865
v -0.0112 -0.03302742 0.04179005
v -0.0112 -0.03314386 0.04125392
v -0.0112 -0.03337667 0.04075715
v -0.0112 -0.03371419 0.04032463
v -0.0112 -0.03413949 0.03997806
v -0.0112 -0.03463124 0.03973482
v -0.0112 -0.0351648 0.0396071
v -0.0112 -0.03571339 0.03960132
v -0.0112 -0.03624952 0.03971775
v -0.0112 -0.0367463 0.03995056
v -0.0112 -0.03717882 0.04028808
v -0.0112 -0.03752539 0.04071338
v -0.0112 -0.03776862 0.04120514
v -0.0112 -0.03789634 0.04173869
v -0.0112 -0.03790213 0.04228729
v -0.0112 -0.03778569 0.04282342
v -0.0112 -0.03755288 0.0433202
v -0.0112 -0.03721536 0.04375271
v -0.0112 -0.03679006 0.04409928
v -0.0112 -0.0362983 0.04434252
v -0.0112 -0.03576475 0.04447024
v -0.0112 -0.03521615 0.04447602
v -0.0112 -0.03468003 0.04435959
v -0.0112 -0.03418325 0.04412678
v -0.0112 -0.03375073 0.04378926
v -0.0112 -0.03340416 0.04336395
v -0.0085 -0.03714691 0.0409568
v -0.0085 -0.03682501 0.04057246
v -0.0085 -0.03641764 0.04028025
v -0.0085 -0.03595041 0.04009853
v -0.0085 -0.03545266 0.04003871
v -0.0085 -0.03495567 0.04010455
v -0.0085 -0.03449066 0.04029193
v -0.0085 -0.03408687 0.04058906
v -0.0085 -0.03376966 0.04097727
v -0.0085 -0.03355895 0.04143217
v -0.0085 -0.033468 0.04192518
v -0.0085 -0.03350251 0.04242533
v -0.0085 -0.03366031 0.04290118
v -0.0085 -0.0339315 0.04332283
v -0.0085 -0.03429903 0.0436638
v -0.0085 -0.03473981 0.04390265
v -0.0085 -0.03522614 0.04402438
v -0.0085 -0.03572746 0.04402135
v -0.0085 -0.03621228 0.04389373
v -0.0085 -0.03665013 0.04364955
v -0.0085 -0.0370135 0.04330416
v -0.0085 -0.03727955 0.04287925
v -0.0085 -0.03743158 0.04240152
v -0.0085 -0.03746003 0.041901
v -0.0085 -0.03736311 0.04140912
v -0.0112 -0.03405344 0.04513191
v -0.0112 -0.03349354 0.04480891
v -0.0112 -0.03300489 0.04438579
v -0.0112 -0.03260515 0.04387784
v -0.0112 -0.03230876 0.04330342
v -0.0112 -0.03813808 0.04413948
v -0.0112 -0.03769219 0.04460745
v -0.0112 -0.0371658 0.04498257
v -0.0112 -0.03657792 0.04525129
v -0.0112 -0.03594982 0.04540389
v -0.0112 -0.03530417 0.04543487
v -0.0112 -0.03466434 0.04534311
v -0.0112 -0.03212644 0.04268328
v -0.0112 -0.03206477 0.04203985
v -0.0112 -0.03212599 0.04139638
v -0.0112 -0.03230789 0.04077611
v -0.0112 -0.03260387 0.04020149
v -0.0112 -0.03300326 0.03969325
v -0.0112 -0.03349162 0.0392698
v -0.0112 -0.03813662 0.039936
v -0.0112 -0.03848627 0.04047965
v -0.0112 -0.03872672 0.04107965
v -0.0112 -0.03884926 0.0417143
v -0.0112 -0.03884949 0.04236069
v -0.0112 -0.03872738 0.04299543
v -0.0112 -0.03848736 0.04359559
v -0.0112 -0.03405129 0.03894641
v -0.0112 -0.03466205 0.03873479
v -0.0112 -0.03530182 0.03864258
v -0.0112 -0.03594748 0.03867311
v -0.0112 -0.03657569 0.03882528
v -0.0112 -0.03716375 0.03909359
v -0.0112 -0.03769041 0.03946835
v -0.0085 -0.03375073 0.04378926
v -0.0085 -0.03418325 0.04412678
v -0.0085 -0.03468003 0.04435959
v -0.0085 -0.03521615 0.04447602
v -0.0085 -0.03576475 0.04447024
v -0.0085 -0.0362983 0.04434252
v -0.0085 -0.03679006 0.04409928
v -0.0085 -0.03721536 0.04375271
v -0.0085 -0.0351648 0.0396071
v -0.0085 -0.03463124 0.03973482
v -0.0085 -0.03413949 0.03997806
v -0.0085 -0.03371419 0.04032463
v -0.0085 -0.03337667 0.04075715
v -0.0085 -0.03314386 0.04125392
v -0.0085 -0.03302742 0.04179005
v -0.0085 -0.03303321 0.04233865
v -0.0085 -0.03316092 0.0428722
v -0.0085 -0.03340416 0.04336395
v -0.0085 -0.03755288 0.0433202
v -0.0085 -0.03778569 0.04282342
v -0.0085 -0.03790213 0.04228729
v -0.0085 -0.03789634 0.04173869
v -0.0085 -0.03776862 0.04120514
v -0.0085 -0.03752539 0.04071338
v -0.0085 -0.03717882 0.04028808
v -0.0085 -0.0367463 0.03995056
v -0.0085 -0.03624952 0.03971775
v -0.0085 -0.03571339 0.03960132
v -0.0115 -0.03260515 0.04387784
v -0.0115 -0.03230876 0.04330342
v -0.0115 -0.03212644 0.04268328
v -0.0115 -0.03206477 0.04203985
v -0.0115 -0.03212599 0.04139638
v -0.0115 -0.03230789 0.04077611
v -0.0115 -0.03260387 0.04020149
v -0.0115 -0.03300326 0.03969325
v -0.0115 -0.03349162 0.0392698
v -0.0115 -0.03405129 0.03894641
v -0.0115 -0.03466205 0.03873479
v -0.0115 -0.03530182 0.03864258
v -0.0115 -0.03594748 0.03867311
v -0.0115 -0.03657569 0.03882528
v -0.0115 -0.03716375 0.03909359
v -0.0115 -0.03769041 0.03946835
v -0.0115 -0.03813662 0.039936
v -0.0115 -0.03848627 0.04047965
v -0.0115 -0.03872672 0.04107965
v -0.0115 -0.03884926 0.0417143
v -0.0115 -0.03884949 0.04236069
v -0.0115 -0.03872738 0.04299543
v -0.0115 -0.03848736 0.04359559
v -0.0115 -0.03813808 0.04413948
v -0.0115 -0.03769219 0.04460745
v -0.0115 -0.0371658 0.04498257
v -0.0115 -0.03657792 0.04525129
v -0.0115 -0.03594982 0.04540389
v -0.0115 -0.03530417 0.04543487
v -0.0115 -0.03466434 0.04534311
v -0.0115 -0.03405344 0.04513191
v -0.0115 -0.03349354 0.04480891
v -0.0115 -0.03300489 0.04438579
v -0.0088 -0.03717882 0.04028808
v -0.0088 -0.0367463 0.03995056
v -0.0088 -0.03624952 0.03971775
v -0.0088 -0.03571339 0.03960132
v -0.0088 -0.0351648 0.0396071
v -0.0088 -0.03463124 0.03973482
v -0.0088 -0.03413949 0.03997806
v -0.0088 -0.03371419 0.04032463
v -0.0088 -0.03337667 0.04075715
v -0.0088 -0.03314386 0.04125392
v -0.0088 -0.03302742 0.04179005
v -0.0088 -0.03303321 0.04233865
v -0.0088 -0.03316092 0.0428722
v -0.0088 -0.03340416 0.04336395
v -0.0088 -0.03375073 0.04378926
v -0.0088 -0.03418325 0.04412678
v -0.0088 -0.03468003 0.04435959
v -0.0088 -0.03521615 0.04447602
v -0.0088 -0.03576475 0.04447024
v -0.0088 -0.0362983 0.04434252
v -0.0088 -0.03679006 0.04409928
v -0.0088 -0.03721536 0.04375271
v -0.0088 -0.03755288 0.0433202
v -0.0088 -0.03778569 0.04282342
v -0.0088 -0.03790213 0.04228729
v -0.0088 -0.03789634 0.04173869
v -0.0088 -0.03776862 0.04120514
v -0.0088 -0.03752539 0.04071338
v -0.0115 -0.03394001 0.04637861
v -0.0115 -0.03324647 0.04606845
v -0.0115 -0.03261345 0.04564837
v -0.0115 -0.0320582 0.04512982
v -0.0115 -0.03159587 0.04452696
v -0.0115 -0.03123908 0.04385623
v -0.0115 -0.03099755 0.04313591
v -0.0115 -0.03087788 0.04238566
v -0.0115 -0.03088333 0.04162595
v -0.0115 -0.03101374 0.0408775
v -0.0115 -0.03126557 0.04016072
v -0.0115 -0.03163194 0.03949517
v -0.0115 -0.03210286 0.03889899
v -0.0115 -0.03266549 0.03838846
v -0.0115 -0.03882669 0.04517835
v -0.0115 -0.03826406 0.04568888
v -0.0115 -0.03762507 0.04609984
v -0.0115 -0.03692717 0.04640003
v -0.0115 -0.03618937 0.04658124
v -0.0115 -0.0354318 0.04663855
v -0.0115 -0.03467513 0.04657039
v -0.0115 -0.03933368 0.03955038
v -0.0115 -0.03969047 0.04022112
v -0.0115 -0.03993199 0.04094143
v -0.0115 -0.04005167 0.04169168
v -0.0115 -0.04004622 0.04245139
v -0.0115 -0.03991581 0.04319984
v -0.0115 -0.03966398 0.04391662
v -0.0115 -0.03929761 0.04458217
v -0.0115 -0.03330447 0.0379775
v -0.0115 -0.03400238 0.03767731
v -0.0115 -0.03474018 0.0374961
v -0.0115 -0.03549775 0.03743879
v -0.0115 -0.03625441 0.03750695
v -0.0115 -0.03698954 0.03769873
v -0.0115 -0.03768308 0.03800889
v -0.0115 -0.0383161 0.03842897
v -0.0115 -0.03887135 0.03894752
v -0.0088 -0.03886477 0.04203749
v -0.0088 -0.03880311 0.04139405
v -0.0088 -0.03862078 0.04077392
v -0.0088 -0.0383244 0.0401995
v -0.0088 -0.03792465 0.03969155
v -0.0088 -0.0362675 0.04534255
v -0.0088 -0.03687826 0.04513093
v -0.0088 -0.03743793 0.04480754
v -0.0088 -0.03792629 0.04438408
v -0.0088 -0.03832567 0.04387585
v -0.0088 -0.03862166 0.04330122
v -0.0088 -0.03880356 0.04268096
v -0.0088 -0.037436 0.03926843
v -0.0088 -0.03687611 0.03894543
v -0.0088 -0.03626521 0.03873423
v -0.0088 -0.03562537 0.03864247
v -0.0088 -0.03497973 0.03867345
v -0.0088 -0.03435163 0.03882606
v -0.0088 -0.03376375 0.03909478
v -0.0088 -0.03244327 0.04359769
v -0.0088 -0.03279292 0.04414134
v -0.0088 -0.03323914 0.04460899
v -0.0088 -0.0337658 0.04498375
v -0.0088 -0.03435386 0.04525206
v -0.0088 -0.03498207 0.04540423
v -0.0088 -0.03562773 0.04543476
v -0.0088 -0.03323736 0.03946989
v -0.0088 -0.03279147 0.03993786
v -0.0088 -0.03244219 0.04048175
v -0.0088 -0.03220217 0.04108191
v -0.0088 -0.03208006 0.04171665
v -0.0088 -0.03208028 0.04236304
v -0.0088 -0.03220283 0.0429977
v -0.0109 -0.03933368 0.03955038
v -0.0109 -0.03887135 0.03894752
v -0.0109 -0.0383161 0.03842897
v -0.0109 -0.03768308 0.03800889
v -0.0109 -0.03698954 0.03769873
v -0.0109 -0.03625441 0.03750695
v -0.0109 -0.03549775 0.03743879
v -0.0109 -0.03474018 0.0374961
v -0.0109 -0.03400238 0.03767731
v -0.0109 -0.03330447 0.0379775
v -0.0109 -0.03266549 0.03838846
v -0.0109 -0.03210286 0.03889899
v -0.0109 -0.03163194 0.03949517
v -0.0109 -0.03126557 0.04016072
v -0.0109 -0.03101374 0.0408775
v -0.0109 -0.03088333 0.04162595
v -0.0109 -0.03087788 0.04238566
v -0.0109 -0.03099755 0.04313591
v -0.0109 -0.03123908 0.04385623
v -0.0109 -0.03159587 0.04452696
v -0.0109 -0.0320582 0.04512982
v -0.0109 -0.03261345 0.04564837
v -0.0109 -0.03324647 0.04606845
v -0.0109 -0.03394001 0.04637861
v -0.0109 -0.03467513 0.04657039
v -0.0109 -0.0354318 0.04663855
v -0.0109 -0.03618937 0.04658124
v -0.0109 -0.03692717 0.04640003
v -0.0109 -0.03762507 0.04609984
v -0.0109 -0.03826406 0.04568888
v -0.0109 -0.03882669 0.04517835
v -0.0109 -0.03929761 0.04458217
v -0.0109 -0.03966398 0.04391662
v -0.0109 -0.03991581 0.04319984
v -0.0109 -0.04004622 0.04245139
v -0.0109 -0.04005167 0.04169168
v -0.0109 -0.03993199 0.04094143
v -0.0109 -0.03969047 0.04022112
v -0.0085 -0.0383244 0.0401995
v -0.0085 -0.03792465 0.03969155
v -0.0085 -0.037436 0.03926843
v -0.0085 -0.03687611 0.03894543
v -0.0085 -0.03626521 0.03873423
v -0.0085 -0.03562537 0.03864247
v -0.0085 -0.03497973 0.03867345
v -0.0085 -0.03435163 0.03882606
v -0.0085 -0.03376375 0.03909478
v -0.0085 -0.03323736 0.03946989
v -0.0085 -0.03279147 0.03993786
v -0.0085 -0.03244219 0.04048175
v -0.0085 -0.03220217 0.04108191
v -0.0085 -0.03208006 0.04171665
v -0.0085 -0.03208028 0.04236304
v -0.0085 -0.03220283 0.0429977
v -0.0085 -0.03244327 0.04359769
v -0.0085 -0.03279292 0.04414134
v -0.0085 -0.03323914 0.04460899
v -0.0085 -0.0337658 0.04498375
v -0.0085 -0.03435386 0.04525206
v -0.0085 -0.03498207 0.04540423
v -0.0085 -0.03562773 0.04543476
v -0.0085 -0.0362675 0.04534255
v -0.0085 -0.03687826 0.04513093
v -0.0085 -0.03743793 0.04480754
v -0.0085 -0.03792629 0.04438408
v -0.0085 -0.03832567 0.04387585
v -0.0085 -0.03862166 0.04330122
v -0.0085 -0.03880356 0.04268096
v -0.0085 -0.03886477 0.04203749
v -0.0085 -0.03880311 0.04139405
v -0.0085 -0.03862078 0.04077392
v -0.0109 -0.03330104 0.03867441
v -0.0109 -0.03274972 0.03910125
v -0.0109 -0.03228088 0.03961734
v -0.0109 -0.0319088 0.040207
v -0.0109 -0.03164475 0.04085232
v -0.0109 -0.03149678 0.04153368
v -0.0109 -0.03146937 0.04223039
v -0.0109 -0.03156336 0.04292127
v -0.0109 -0.0317759 0.04358533
v -0.0109 -0.03210051 0.0442024
v -0.0109 -0.03252735 0.04475373
v -0.0109 -0.03304344 0.04522256
v -0.0109 -0.0336331 0.04559465
v -0.0109 -0.03427842 0.04585869
v -0.0109 -0.03495978 0.04600666
v -0.0109 -0.03565649 0.04603407
v -0.0109 -0.03634737 0.04594008
v -0.0109 -0.03701144 0.04572755
v -0.0109 -0.03762851 0.04540293
v -0.0109 -0.03817983 0.04497609
v -0.0109 -0.03864866 0.04446
v -0.0109 -0.03902075 0.04387034
v -0.0109 -0.0392848 0.04322502
v -0.0109 -0.03943277 0.04254366
v -0.0109 -0.03946018 0.04184695
v -0.0109 -0.03936619 0.04115607
v -0.0109 -0.03915365 0.04049201
v -0.0109 -0.03882904 0.03987494
v -0.0109 -0.0384022 0.03932361
v -0.0109 -0.03788611 0.03885478
v -0.0109 -0.03729644 0.03848269
v -0.0109 -0.03665113 0.03821865
v -0.0109 -0.03596976 0.03807067
v -0.0109 -0.03527306 0.03804327
v -0.0109 -0.03458218 0.03813726
v -0.0109 -0.03391811 0.03834979
v -0.0085 -0.0392848 0.04322502
v -0.0085 -0.03943277 0.04254366
v -0.0085 -0.03946018 0.04184695
v -0.0085 -0.03936619 0.04115607
v -0.0085 -0.03915365 0.04049201
v -0.0085 -0.03882904 0.03987494
v -0.0085 -0.0384022 0.03932361
v -0.0085 -0.03788611 0.03885478
v -0.0085 -0.03729644 0.03848269
v -0.0085 -0.03665113 0.03821865
v -0.0085 -0.03596976 0.03807067
v -0.0085 -0.03252735 0.04475373
v -0.0085 -0.03304344 0.04522256
v -0.0085 -0.0336331 0.04559465
v -0.0085 -0.03427842 0.04585869
v -0.0085 -0.03495978 0.04600666
v -0.0085 -0.03565649 0.04603407
v -0.0085 -0.03634737 0.04594008
v -0.0085 -0.03701144 0.04572755
v -0.0085 -0.03762851 0.04540293
v -0.0085 -0.03817983 0.04497609
v -0.0085 -0.03864866 0.04446
v -0.0085 -0.03902075 0.04387034
v -0.0085 -0.03527306 0.03804327
v -0.0085 -0.03458218 0.03813726
v -0.0085 -0.03391811 0.03834979
v -0.0085 -0.03330104 0.03867441
v -0.0085 -0.03274972 0.03910125
v -0.0085 -0.03228088 0.03961734
v -0.0085 -0.0319088 0.040207
v -0.0085 -0.03164475 0.04085232
v -0.0085 -0.03149678 0.04153368
v -0.0085 -0.03146937 0.04223039
v -0.0085 -0.03156336 0.04292127
v -0.0085 -0.0317759 0.04358533
v -0.0085 -0.03210051 0.0442024
v 0.0115 -0.0339719 0.04336958
v 0.0115 -0.03383825 0.04387086
v 0.0115 -0.03434978 0.04369903
v 0.0115 -0.03428673 0.04418686
v 0.0115 -0.03479772 0.04392415
v 0.0115 -0.03479428 0.04439514
v 0.0115 -0.03528758 0.0440308
v 0.0115 -0.03533546 0.04448526
v 0.0115 -0.03578857 0.04401229
v 0.0115 -0.03588311 0.04445269
v 0.0115 -0.03626922 0.04386976
v 0.0115 -0.0364098 0.04429908
v 0.0115 -0.03669932 0.04361217
v 0.0115 -0.03688909 0.04403212
v 0.0115 -0.03705185 0.04325572
v 0.0115 -0.03729696 0.0436652
v 0.0115 -0.03730465 0.04282279
v 0.0115 -0.03489617 0.0401212
v 0.0115 -0.03451975 0.03977826
v 0.0115 -0.03443718 0.04032285
v 0.0115 -0.03404046 0.04004522
v 0.0115 -0.03404275 0.04063231
v 0.0115 -0.03363259 0.04041214
v 0.0115 -0.03373768 0.04103013
v 0.0115 -0.03331659 0.04086062
v 0.0115 -0.03354113 0.04149133
v 0.0115 -0.03310831 0.04136818
v 0.0115 -0.03346545 0.04198692
v 0.0115 -0.03301819 0.04190935
v 0.0115 -0.03351539 0.04248575
v 0.0115 -0.03305075 0.04245701
v 0.0115 -0.03368782 0.0429565
v 0.0115 -0.03320437 0.04298369
v 0.0115 -0.03347133 0.04346298
v 0.0115 -0.03761296 0.04321672
v 0.0115 -0.03782124 0.04270916
v 0.0115 -0.03744185 0.0423406
v 0.0115 -0.03791136 0.04216799
v 0.0115 -0.03745482 0.04183944
v 0.0115 -0.03787879 0.04162033
v 0.0115 -0.03734276 0.04135079
v 0.0115 -0.03772518 0.04109365
v 0.0115 -0.03711269 0.04090536
v 0.0115 -0.03745822 0.04061436
v 0.0115 -0.03677907 0.04053115
v 0.0115 -0.0370913 0.04020648
v 0.0115 -0.03636288 0.04025166
v 0.0115 -0.03664282 0.03989048
v 0.0115 -0.03589025 0.04008445
v 0.0115 -0.03613527 0.0396822
v 0.0115 -0.03539089 0.04004003
v 0.0115 -0.03559409 0.03959209
v 0.0115 -0.03504644 0.03962465
v 0.0112 -0.03791136 0.04216799
v 0.0112 -0.03787879 0.04162033
v 0.0112 -0.03772518 0.04109365
v 0.0112 -0.03745822 0.04061436
v 0.0112 -0.0370913 0.04020648
v 0.0112 -0.03664282 0.03989048
v 0.0112 -0.03613527 0.0396822
v 0.0112 -0.03559409 0.03959209
v 0.0112 -0.03504644 0.03962465
v 0.0112 -0.03451975 0.03977826
v 0.0112 -0.03404046 0.04004522
v 0.0112 -0.03363259 0.04041214
v 0.0112 -0.03331659 0.04086062
v 0.0112 -0.03310831 0.04136818
v 0.0112 -0.03301819 0.04190935
v 0.0112 -0.03305075 0.04245701
v 0.0112 -0.03320437 0.04298369
v 0.0112 -0.03347133 0.04346298
v 0.0112 -0.03383825 0.04387086
v 0.0112 -0.03428673 0.04418686
v 0.0112 -0.03479428 0.04439514
v 0.0112 -0.03533546 0.04448526
v 0.0112 -0.03588311 0.04445269
v 0.0112 -0.0364098 0.04429908
v 0.0112 -0.03688909 0.04403212
v 0.0112 -0.03729696 0.0436652
v 0.0112 -0.03761296 0.04321672
v 0.0112 -0.03782124 0.04270916
v 0.0085 -0.03354113 0.04149133
v 0.0085 -0.03373768 0.04103013
v 0.0085 -0.03404275 0.04063231
v 0.0085 -0.03443718 0.04032285
v 0.0085 -0.03489617 0.0401212
v 0.0085 -0.03539089 0.04004003
v 0.0085 -0.03589025 0.04008445
v 0.0085 -0.03636288 0.04025166
v 0.0085 -0.03677907 0.04053115
v 0.0085 -0.03711269 0.04090536
v 0.0085 -0.03734276 0.04135079
v 0.0085 -0.03745482 0.04183944
v 0.0085 -0.03744185 0.0423406
v 0.0085 -0.03730465 0.04282279
v 0.0085 -0.03705185 0.04325572
v 0.0085 -0.03669932 0.04361217
v 0.0085 -0.03626922 0.04386976
v 0.0085 -0.03578857 0.04401229
v 0.0085 -0.03528758 0.0440308
v 0.0085 -0.03479772 0.04392415
v 0.0085 -0.03434978 0.04369903
v 0.0085 -0.0339719 0.04336958
v 0.0085 -0.03368782 0.0429565
v 0.0085 -0.03351539 0.04248575
v 0.0085 -0.03346545 0.04198692
v 0.0112 -0.03771279 0.04458944
v 0.0112 -0.0381549 0.04411791
v 0.0112 -0.03849978 0.04357123
v 0.0112 -0.03873497 0.04296915
v 0.0112 -0.03885197 0.04233345
v 0.0112 -0.03351589 0.04482468
v 0.0112 -0.03407837 0.04514316
v 0.0112 -0.03469095 0.04534944
v 0.0112 -0.0353315 0.04543606
v 0.0112 -0.03597687 0.04539989
v 0.0112 -0.03660373 0.04524223
v 0.0112 -0.03718942 0.04496879
v 0.0112 -0.03884655 0.04168709
v 0.0112 -0.0387189 0.04105344
v 0.0112 -0.03847364 0.04045539
v 0.0112 -0.03811963 0.03991458
v 0.0112 -0.03766966 0.03945053
v 0.0112 -0.03714 0.03908002
v 0.0112 -0.0365498 0.03881645
v 0.0112 -0.03229783 0.04080155
v 0.0112 -0.03212094 0.04142325
v 0.0112 -0.03206489 0.0420672
v 0.0112 -0.03213174 0.04271012
v 0.0112 -0.03231904 0.04332877
v 0.0112 -0.03262004 0.04390079
v 0.0112 -0.03302385 0.04440551
v 0.0112 -0.03592039 0.03866934
v 0.0112 -0.0352745 0.038644
v 0.0112 -0.0346355 0.03874135
v 0.0112 -0.03402646 0.03895788
v 0.0112 -0.03346941 0.03928576
v 0.0112 -0.03298448 0.03971313
v 0.0112 -0.03258919 0.04022456
v 0.0085 -0.03761296 0.04321672
v 0.0085 -0.03729696 0.0436652
v 0.0085 -0.03688909 0.04403212
v 0.0085 -0.0364098 0.04429908
v 0.0085 -0.03588311 0.04445269
v 0.0085 -0.03533546 0.04448526
v 0.0085 -0.03479428 0.04439514
v 0.0085 -0.03428673 0.04418686
v 0.0085 -0.03504644 0.03962465
v 0.0085 -0.03559409 0.03959209
v 0.0085 -0.03613527 0.0396822
v 0.0085 -0.03664282 0.03989048
v 0.0085 -0.0370913 0.04020648
v 0.0085 -0.03745822 0.04061436
v 0.0085 -0.03772518 0.04109365
v 0.0085 -0.03787879 0.04162033
v 0.0085 -0.03791136 0.04216799
v 0.0085 -0.03782124 0.04270916
v 0.0085 -0.03383825 0.04387086
v 0.0085 -0.03347133 0.04346298
v 0.0085 -0.03320437 0.04298369
v 0.0085 -0.03305075 0.04245701
v 0.0085 -0.03301819 0.04190935
v 0.0085 -0.03310831 0.04136818
v 0.0085 -0.03331659 0.04086062
v 0.0085 -0.03363259 0.04041214
v 0.0085 -0.03404046 0.04004522
v 0.0085 -0.03451975 0.03977826
v 0.0115 -0.03873497 0.04296915
v 0.0115 -0.03885197 0.04233345
v 0.0115 -0.03884655 0.04168709
v 0.0115 -0.0387189 0.04105344
v 0.0115 -0.03847364 0.04045539
v 0.0115 -0.03811963 0.03991458
v 0.0115 -0.03766966 0.03945053
v 0.0115 -0.03714 0.03908002
v 0.0115 -0.0365498 0.03881645
v 0.0115 -0.03592039 0.03866934
v 0.0115 -0.0352745 0.038644
v 0.0115 -0.0346355 0.03874135
v 0.0115 -0.03402646 0.03895788
v 0.0115 -0.03346941 0.03928576
v 0.0115 -0.03298448 0.03971313
v 0.0115 -0.03258919 0.04022456
v 0.0115 -0.03229783 0.04080155
v 0.0115 -0.03212094 0.04142325
v 0.0115 -0.03206489 0.0420672
v 0.0115 -0.03213174 0.04271012
v 0.0115 -0.03231904 0.04332877
v 0.0115 -0.03262004 0.04390079
v 0.0115 -0.03302385 0.04440551
v 0.0115 -0.03351589 0.04482468
v 0.0115 -0.03407837 0.04514316
v 0.0115 -0.03469095 0.04534944
v 0.0115 -0.0353315 0.04543606
v 0.0115 -0.03597687 0.04539989
v 0.0115 -0.03660373 0.04524223
v 0.0115 -0.03718942 0.04496879
v 0.0115 -0.03771279 0.04458944
v 0.0115 -0.0381549 0.04411791
v 0.0115 -0.03849978 0.04357123
v 0.0088 -0.03331659 0.04086062
v 0.0088 -0.03363259 0.04041214
v 0.0088 -0.03404046 0.04004522
v 0.0088 -0.03451975 0.03977826
v 0.0088 -0.03504644 0.03962465
v 0.0088 -0.03559409 0.03959209
v 0.0088 -0.03613527 0.0396822
v 0.0088 -0.03664282 0.03989048
v 0.0088 -0.0370913 0.04020648
v 0.0088 -0.03745822 0.04061436
v 0.0088 -0.03772518 0.04109365
v 0.0088 -0.03787879 0.04162033
v 0.0088 -0.03791136 0.04216799
v 0.0088 -0.03782124 0.04270916
v 0.0088 -0.03761296 0.04321672
v 0.0088 -0.03729696 0.0436652
v 0.0088 -0.03688909 0.04403212
v 0.0088 -0.0364098 0.04429908
v 0.0088 -0.03588311 0.04445269
v 0.0088 -0.03533546 0.04448526
v 0.0088 -0.03479428 0.04439514
v 0.0088 -0.03428673 0.04418686
v 0.0088 -0.03383825 0.04387086
v 0.0088 -0.03347133 0.04346298
v 0.0088 -0.03320437 0.04298369
v 0.0088 -0.03305075 0.04245701
v 0.0088 -0.03301819 0.04190935
v 0.0088 -0.03310831 0.04136818
v 0.0115 -0.03818301 0.04574962
v 0.0115 -0.03875674 0.0452516
v 0.0115 -0.03924068 0.04466594
v 0.0115 -0.03962161 0.04400862
v 0.0115 -0.03988916 0.04329756
v 0.0115 -0.04003603 0.04255216
v 0.0115 -0.0400582 0.04179275
v 0.0115 -0.03995507 0.04104005
v 0.0115 -0.03972946 0.04031459
v 0.0115 -0.03938752 0.03963616
v 0.0115 -0.03893858 0.03902327
v 0.0115 -0.03839488 0.03849262
v 0.0115 -0.03777126 0.03805871
v 0.0115 -0.03708472 0.03773335
v 0.0115 -0.03315829 0.04601863
v 0.0115 -0.03384482 0.04634399
v 0.0115 -0.03457555 0.04655191
v 0.0115 -0.03533053 0.04663671
v 0.0115 -0.03608917 0.04659609
v 0.0115 -0.03683079 0.04643117
v 0.0115 -0.03753514 0.04614642
v 0.0115 -0.03104039 0.04077978
v 0.0115 -0.03089352 0.04152519
v 0.0115 -0.03087135 0.04228459
v 0.0115 -0.03097448 0.04303729
v 0.0115 -0.03120009 0.04376275
v 0.0115 -0.03154203 0.04444118
v 0.0115 -0.03199097 0.04505407
v 0.0115 -0.03253466 0.04558472
v 0.0115 -0.036354 0.03752544
v 0.0115 -0.03559902 0.03744063
v 0.0115 -0.03484037 0.03748124
v 0.0115 -0.03409876 0.03764617
v 0.0115 -0.03339441 0.03793092
v 0.0115 -0.03274653 0.03832772
v 0.0115 -0.03217281 0.03882574
v 0.0115 -0.03168887 0.0394114
v 0.0115 -0.03130794 0.04006872
v 0.0088 -0.03221065 0.0430239
v 0.0088 -0.032083 0.04239025
v 0.0088 -0.03207758 0.04174389
v 0.0088 -0.03219457 0.04110819
v 0.0088 -0.03242977 0.04050611
v 0.0088 -0.03565505 0.04543334
v 0.0088 -0.03500916 0.04540801
v 0.0088 -0.03437974 0.04526089
v 0.0088 -0.03378954 0.04499732
v 0.0088 -0.03325989 0.04462681
v 0.0088 -0.03280992 0.04416277
v 0.0088 -0.03245591 0.04362195
v 0.0088 -0.03277465 0.03995943
v 0.0088 -0.03321676 0.03948789
v 0.0088 -0.03374013 0.03910855
v 0.0088 -0.03432582 0.03883511
v 0.0088 -0.03495268 0.03867746
v 0.0088 -0.03559805 0.03864129
v 0.0088 -0.0362386 0.0387279
v 0.0088 -0.03880861 0.04265409
v 0.0088 -0.03863172 0.04327579
v 0.0088 -0.03834036 0.04385278
v 0.0088 -0.03794507 0.04436421
v 0.0088 -0.03746014 0.04479158
v 0.0088 -0.03690309 0.04511946
v 0.0088 -0.03629405 0.04533599
v 0.0088 -0.03685118 0.03893418
v 0.0088 -0.03741366 0.03925266
v 0.0088 -0.03790569 0.03967183
v 0.0088 -0.03830951 0.04017656
v 0.0088 -0.03861051 0.04074857
v 0.0088 -0.03879781 0.04136722
v 0.0088 -0.03886465 0.04201014
v 0.0109 -0.03104039 0.04077978
v 0.0109 -0.03130794 0.04006872
v 0.0109 -0.03168887 0.0394114
v 0.0109 -0.03217281 0.03882574
v 0.0109 -0.03274653 0.03832772
v 0.0109 -0.03339441 0.03793092
v 0.0109 -0.03409876 0.03764617
v 0.0109 -0.03484037 0.03748124
v 0.0109 -0.03559902 0.03744063
v 0.0109 -0.036354 0.03752544
v 0.0109 -0.03708472 0.03773335
v 0.0109 -0.03777126 0.03805871
v 0.0109 -0.03839488 0.03849262
v 0.0109 -0.03893858 0.03902327
v 0.0109 -0.03938752 0.03963616
v 0.0109 -0.03972946 0.04031459
v 0.0109 -0.03995507 0.04104005
v 0.0109 -0.0400582 0.04179275
v 0.0109 -0.04003603 0.04255216
v 0.0109 -0.03988916 0.04329756
v 0.0109 -0.03962161 0.04400862
v 0.0109 -0.03924068 0.04466594
v 0.0109 -0.03875674 0.0452516
v 0.0109 -0.03818301 0.04574962
v 0.0109 -0.03753514 0.04614642
v 0.0109 -0.03683079 0.04643117
v 0.0109 -0.03608917 0.04659609
v 0.0109 -0.03533053 0.04663671
v 0.0109 -0.03457555 0.04655191
v 0.0109 -0.03384482 0.04634399
v 0.0109 -0.03315829 0.04601863
v 0.0109 -0.03253466 0.04558472
v 0.0109 -0.03199097 0.04505407
v 0.0109 -0.03154203 0.04444118
v 0.0109 -0.03120009 0.04376275
v 0.0109 -0.03097448 0.04303729
v 0.0109 -0.03087135 0.04228459
v 0.0109 -0.03089352 0.04152519
v 0.0085 -0.03219457 0.04110819
v 0.0085 -0.03242977 0.04050611
v 0.0085 -0.03277465 0.03995943
v 0.0085 -0.03321676 0.03948789
v 0.0085 -0.03374013 0.03910855
v 0.0085 -0.03432582 0.03883511
v 0.0085 -0.03495268 0.03867746
v 0.0085 -0.03559805 0.03864129
v 0.0085 -0.0362386 0.0387279
v 0.0085 -0.03685118 0.03893418
v 0.0085 -0.03741366 0.03925266
v 0.0085 -0.03790569 0.03967183
v 0.0085 -0.03830951 0.04017656
v 0.0085 -0.03861051 0.04074857
v 0.0085 -0.03879781 0.04136722
v 0.0085 -0.03886465 0.04201014
v 0.0085 -0.03880861 0.04265409
v 0.0085 -0.03863172 0.04327579
v 0.0085 -0.03834036 0.04385278
v 0.0085 -0.03794507 0.04436421
v 0.0085 -0.03746014 0.04479158
v 0.0085 -0.03690309 0.04511946
v 0.0085 -0.03629405 0.04533599
v 0.0085 -0.03565505 0.04543334
v 0.0085 -0.03500916 0.04540801
v 0.0085 -0.03437974 0.04526089
v 0.0085 -0.03378954 0.04499732
v 0.0085 -0.03325989 0.04462681
v 0.0085 -0.03280992 0.04416277
v 0.0085 -0.03245591 0.04362195
v 0.0085 -0.03221065 0.0430239
v 0.0085 -0.032083 0.04239025
v 0.0085 -0.03207758 0.04174389
v 0.0109 -0.03655946 0.03819138
v 0.0109 -0.0372109 0.03843991
v 0.0109 -0.03780929 0.0387978
v 0.0109 -0.03833644 0.03925416
v 0.0109 -0.03877634 0.03979512
v 0.0109 -0.03911562 0.04040425
v 0.0109 -0.03934397 0.04106305
v 0.0109 -0.03945445 0.04175149
v 0.0109 -0.03944371 0.04244865
v 0.0109 -0.03931207 0.04313336
v 0.0109 -0.03906353 0.0437848
v 0.0109 -0.03870564 0.04438319
v 0.0109 -0.03824929 0.04491034
v 0.0109 -0.03770832 0.04535024
v 0.0109 -0.03709919 0.04568952
v 0.0109 -0.0364404 0.04591786
v 0.0109 -0.03575196 0.04602835
v 0.0109 -0.0350548 0.04601761
v 0.0109 -0.03437009 0.04588597
v 0.0109 -0.03371865 0.04563743
v 0.0109 -0.03312026 0.04527954
v 0.0109 -0.0325931 0.04482318
v 0.0109 -0.0321532 0.04428222
v 0.0109 -0.03181393 0.04367309
v 0.0109 -0.03158558 0.04301429
v 0.0109 -0.0314751 0.04232585
v 0.0109 -0.03148584 0.04162869
v 0.0109 -0.03161748 0.04094399
v 0.0109 -0.03186602 0.04029254
v 0.0109 -0.03222391 0.03969415
v 0.0109 -0.03268026 0.039167
v 0.0109 -0.03322123 0.0387271
v 0.0109 -0.03383036 0.03838782
v 0.0109 -0.03448915 0.03815947
v 0.0109 -0.03517759 0.03804899
v 0.0109 -0.03587475 0.03805974
v 0.0085 -0.0321532 0.04428222
v 0.0085 -0.03181393 0.04367309
v 0.0085 -0.03158558 0.04301429
v 0.0085 -0.0314751 0.04232585
v 0.0085 -0.03148584 0.04162869
v 0.0085 -0.03161748 0.04094399
v 0.0085 -0.03186602 0.04029254
v 0.0085 -0.03222391 0.03969415
v 0.0085 -0.03268026 0.039167
v 0.0085 -0.03322123 0.0387271
v 0.0085 -0.03383036 0.03838782
v 0.0085 -0.03906353 0.0437848
v 0.0085 -0.03870564 0.04438319
v 0.0085 -0.03824929 0.04491034
v 0.0085 -0.03770832 0.04535024
v 0.0085 -0.03709919 0.04568952
v 0.0085 -0.0364404 0.04591786
v 0.0085 -0.03575196 0.04602835
v 0.0085 -0.0350548 0.04601761
v 0.0085 -0.03437009 0.04588597
v 0.0085 -0.03371865 0.04563743
v 0.0085 -0.03312026 0.04527954
v 0.0085 -0.0325931 0.04482318
v 0.0085 -0.03448915 0.03815947
v 0.0085 -0.03517759 0.03804899
v 0.0085 -0.03587475 0.03805974
v 0.0085 -0.03655946 0.03819138
v 0.0085 -0.0372109 0.03843991
v 0.0085 -0.03780929 0.0387978
v 0.0085 -0.03833644 0.03925416
v 0.0085 -0.03877634 0.03979512
v 0.0085 -0.03911562 0.04040425
v 0.0085 -0.03934397 0.04106305
v 0.0085 -0.03945445 0.04175149
v 0.0085 -0.03944371 0.04244865
v 0.0085 -0.03931207 0.04313336
v -0.01 -0.02252131 0.01894177
v -0.01 -0.01487791 0.02538992
v 0.01 -0.02252131 0.01894177
v 0.01 -0.01487791 0.02538992
v 0.01 -0.01733764 0.02985643
v 0.01 -0.01475839 0.02679907
v -0.01 -0.01733764 0.02985643
v -0.01 -0.01475839 0.02679907
v 0.01 -0.02639019 0.02352781
v 0.01 -0.0187468 0.02997595
v -0.01 -0.02639019 0.02352781
v -0.01 -0.0187468 0.02997595
v 0.01 -0.02393046 0.0190613
v 0.01 -0.02650972 0.02211866
v -0.01 -0.02393046 0.0190613
v -0.01 -0.02650972 0.02211866
v -0.01 -0.01456981 0.02645748
v -0.01 -0.0145263 0.02606974
v -0.01 -0.01463449 0.02569486
v -0.01 -0.0173484 0.02664886
v -0.01 -0.02286289 0.0187532
v -0.01 -0.0228988 0.02149981
v -0.01 -0.02245704 0.02161354
v -0.01 -0.02210837 0.02190769
v -0.01 -0.01733582 0.02619287
v -0.01 -0.01755758 0.02705424
v -0.01 -0.01792194 0.02732871
v -0.01 -0.01764258 0.03009984
v -0.01 -0.0183693 0.02741791
v -0.01 -0.01801746 0.03020803
v -0.01 -0.01840521 0.03016453
v -0.01 -0.01915973 0.02701004
v -0.01 -0.01934624 0.02659374
v -0.01 -0.02193444 0.02277998
v -0.01 -0.01933366 0.02613775
v -0.01 -0.02192186 0.02232398
v -0.01 -0.01912448 0.02573237
v -0.01 -0.01876013 0.0254579
v -0.01 -0.01752234 0.02577657
v -0.01 -0.017871 0.02548243
v -0.01 -0.01831277 0.02536869
v -0.01 -0.01881106 0.02730418
v -0.01 -0.0233971 0.0234353
v -0.01 -0.02374577 0.02314115
v -0.01 -0.02663361 0.02322287
v -0.01 -0.02393228 0.02272486
v -0.01 -0.02214362 0.02318536
v -0.01 -0.02250797 0.02345983
v -0.01 -0.02295534 0.02354903
v -0.01 -0.02325064 0.01870969
v -0.01 -0.02362552 0.01881788
v -0.01 -0.02334616 0.02158901
v -0.01 -0.02371052 0.02186349
v -0.01 -0.0239197 0.02226887
v -0.01 -0.02669829 0.02246024
v -0.01 -0.0267418 0.02284799
v 0.01 -0.02362552 0.01881788
v 0.01 -0.02325064 0.01870969
v 0.01 -0.02286289 0.0187532
v 0.01 -0.02333594 0.02161183
v 0.01 -0.02295465 0.02352404
v 0.01 -0.0225182 0.02343701
v 0.01 -0.01932173 0.02658886
v 0.01 -0.01764258 0.03009984
v 0.01 -0.01801746 0.03020803
v 0.01 -0.01840521 0.03016453
v 0.01 -0.02216273 0.02316923
v 0.01 -0.01788247 0.02550464
v 0.01 -0.01831345 0.02539369
v 0.01 -0.02289949 0.0215248
v 0.01 -0.0187499 0.02548071
v 0.01 -0.01910537 0.02574849
v 0.01 -0.01930945 0.02614398
v 0.01 -0.01463449 0.02569486
v 0.01 -0.01736034 0.02619776
v 0.01 -0.02195865 0.02277374
v 0.01 -0.0175423 0.02579161
v 0.01 -0.02369141 0.02187961
v 0.01 -0.02389549 0.0222751
v 0.01 -0.02669829 0.02246024
v 0.01 -0.02390776 0.02271997
v 0.01 -0.0267418 0.02284799
v 0.01 -0.02663361 0.02322287
v 0.01 -0.0237258 0.02312611
v 0.01 -0.02338563 0.02341308
v 0.01 -0.01836861 0.02739292
v 0.01 -0.01793216 0.0273059
v 0.01 -0.01757669 0.02703812
v 0.01 -0.01737261 0.02664263
v 0.01 -0.01456981 0.02645748
v 0.01 -0.0145263 0.02606974
v 0.01 -0.0224685 0.02163576
v 0.01 -0.02212834 0.02192273
v 0.01 -0.02194637 0.02232887
v 0.01 -0.0187996 0.02728197
v 0.01 -0.01913976 0.026995
v -0 -0.02216273 0.02316923
v -0 -0.0225182 0.02343701
v -0 -0.02295465 0.02352404
v -0 -0.02338563 0.02341308
v -0 -0.0237258 0.02312611
v -0 -0.02390776 0.02271997
v -0 -0.02389549 0.0222751
v -0 -0.02369141 0.02187961
v -0 -0.02333594 0.02161183
v -0 -0.02289949 0.0215248
v -0 -0.0224685 0.02163576
v -0 -0.02212834 0.02192273
v -0 -0.02194637 0.02232887
v -0 -0.02195865 0.02277374
v -0 -0.01757669 0.02703812
v -0 -0.01793216 0.0273059
v -0 -0.01836861 0.02739292
v -0 -0.0187996 0.02728197
v -0 -0.01913976 0.026995
v -0 -0.01932173 0.02658886
v -0 -0.01930945 0.02614398
v -0 -0.01910537 0.02574849
v -0 -0.0187499 0.02548071
v -0 -0.01831345 0.02539369
v -0 -0.01788247 0.02550464
v -0 -0.0175423 0.02579161
v -0 -0.01736034 0.02619776
v -0 -0.01737261 0.02664263
v -0 -0.0173484 0.02664886
v -0 -0.01733582 0.02619287
v -0 -0.01752234 0.02577657
v -0 -0.017871 0.02548243
v -0 -0.01831277 0.02536869
v -0 -0.01876013 0.0254579
v -0 -0.01912448 0.02573237
v -0 -0.01933366 0.02613775
v -0 -0.01934624 0.02659374
v -0 -0.01915973 0.02701004
v -0 -0.01881106 0.02730418
v -0 -0.0183693 0.02741791
v -0 -0.01792194 0.02732871
v -0 -0.01755758 0.02705424
v -0 -0.02192186 0.02232398
v -0 -0.02210837 0.02190769
v -0 -0.02245704 0.02161354
v -0 -0.0228988 0.02149981
v -0 -0.02334616 0.02158901
v -0 -0.02371052 0.02186349
v -0 -0.0239197 0.02226887
v -0 -0.02393228 0.02272486
v -0 -0.02374577 0.02314115
v -0 -0.0233971 0.0234353
v -0 -0.02295534 0.02354903
v -0 -0.02250797 0.02345983
v -0 -0.02214362 0.02318536
v -0 -0.02193444 0.02277998
v 0.0115 -0.03687093 0.0434609
v 0.0115 -0.03728999 0.04441955
v 0.0115 -0.03647305 0.04376591
v 0.0115 -0.03675509 0.04474701
v 0.0115 -0.03601183 0.0439624
v 0.0115 -0.0361638 0.0449561
v 0.0115 -0.03551623 0.04403801
v 0.0115 -0.03554196 0.04503768
v 0.0115 -0.0350174 0.04398799
v 0.0115 -0.03491674 0.04498819
v 0.0115 -0.03454668 0.04381549
v 0.0115 -0.03725192 0.04114083
v 0.0115 -0.03829315 0.04103852
v 0.0115 -0.03741905 0.04161349
v 0.0115 -0.03843929 0.04164843
v 0.0115 -0.0374634 0.04211285
v 0.0115 -0.03845542 0.04227539
v 0.0115 -0.03738216 0.04260756
v 0.0115 -0.03834085 0.04289201
v 0.0115 -0.03718044 0.04306652
v 0.0115 -0.03810058 0.04347133
v 0.0115 -0.03774512 0.04398804
v 0.0115 -0.03516314 0.04006155
v 0.0115 -0.03538759 0.03903966
v 0.0115 -0.03566431 0.04004865
v 0.0115 -0.0360128 0.03908915
v 0.0115 -0.03615294 0.04016079
v 0.0115 -0.03661407 0.03926755
v 0.0115 -0.03659832 0.04039093
v 0.0115 -0.0371651 0.03956705
v 0.0115 -0.03697249 0.04072459
v 0.0115 -0.03764182 0.03997458
v 0.0115 -0.0380234 0.04047232
v 0.0115 -0.03431548 0.04480979
v 0.0115 -0.03376445 0.04451029
v 0.0115 -0.03413364 0.04353135
v 0.0115 -0.03328773 0.04410276
v 0.0115 -0.03380425 0.04315342
v 0.0115 -0.03290615 0.04360502
v 0.0115 -0.03357919 0.04270544
v 0.0115 -0.0326364 0.04303882
v 0.0115 -0.03347261 0.04221557
v 0.0115 -0.03249026 0.04242891
v 0.0115 -0.03349121 0.04171458
v 0.0115 -0.03247413 0.04180195
v 0.0115 -0.03354739 0.04146978
v 0.0115 -0.0325887 0.04118533
v 0.0115 -0.03363381 0.04123395
v 0.0115 -0.03282896 0.04060601
v 0.0115 -0.03389146 0.04080389
v 0.0115 -0.03318443 0.0400893
v 0.0115 -0.03424796 0.04045142
v 0.0115 -0.03363956 0.03965779
v 0.0115 -0.03468093 0.04019868
v 0.0115 -0.03417446 0.03933034
v 0.0115 -0.03476575 0.03912125
v 0.013 -0.03789192 0.0438019
v 0.013 -0.03246874 0.04219283
v 0.013 -0.03774512 0.04398804
v 0.013 -0.03249026 0.04242891
v 0.013 -0.03728999 0.04441955
v 0.013 -0.03675509 0.04474701
v 0.013 -0.0326364 0.04303882
v 0.013 -0.03290615 0.04360502
v 0.013 -0.03328773 0.04410276
v 0.013 -0.03431548 0.04480979
v 0.013 -0.03491674 0.04498819
v 0.013 -0.03554196 0.04503768
v 0.013 -0.03376445 0.04451029
v 0.013 -0.0361638 0.0449561
v 0.012 -0.03810058 0.04347133
v 0.012 -0.03789192 0.0438019
v 0.012 -0.03834085 0.04289201
v 0.012 -0.03845542 0.04227539
v 0.012 -0.03846081 0.04188451
v 0.013 -0.03846081 0.04188451
v 0.012 -0.03282896 0.04060601
v 0.012 -0.03303763 0.04027544
v 0.012 -0.0325887 0.04118533
v 0.012 -0.03247413 0.04180195
v 0.012 -0.03246874 0.04219283
v 0.013 -0.03843929 0.04164843
v 0.013 -0.03829315 0.04103852
v 0.013 -0.0380234 0.04047232
v 0.013 -0.03764182 0.03997458
v 0.013 -0.0371651 0.03956705
v 0.013 -0.03661407 0.03926755
v 0.013 -0.0360128 0.03908915
v 0.013 -0.03538759 0.03903966
v 0.013 -0.03476575 0.03912125
v 0.013 -0.03417446 0.03933034
v 0.013 -0.03363956 0.03965779
v 0.013 -0.03318443 0.0400893
v 0.013 -0.03303763 0.04027544
v 0.0085 -0.03363381 0.04123395
v 0.0085 -0.03354739 0.04146978
v 0.0085 -0.03349121 0.04171458
v 0.0085 -0.03347261 0.04221557
v 0.0085 -0.03357919 0.04270544
v 0.0085 -0.03380425 0.04315342
v 0.0085 -0.03413364 0.04353135
v 0.0085 -0.03454668 0.04381549
v 0.0085 -0.0350174 0.04398799
v 0.0085 -0.03551623 0.04403801
v 0.0085 -0.03601183 0.0439624
v 0.0085 -0.03647305 0.04376591
v 0.0085 -0.03687093 0.0434609
v 0.0085 -0.03718044 0.04306652
v 0.0085 -0.03738216 0.04260756
v 0.0085 -0.0374634 0.04211285
v 0.0085 -0.03741905 0.04161349
v 0.0085 -0.03725192 0.04114083
v 0.0085 -0.03697249 0.04072459
v 0.0085 -0.03659832 0.04039093
v 0.0085 -0.03615294 0.04016079
v 0.0085 -0.03566431 0.04004865
v 0.0085 -0.03516314 0.04006155
v 0.0085 -0.03468093 0.04019868
v 0.0085 -0.03424796 0.04045142
v 0.0085 -0.03389146 0.04080389
v 0.0085 -0.03402673 0.041612
v 0.0085 -0.03396478 0.04203443
v 0.0085 -0.03567405 0.043524
v 0.0085 -0.0352471 0.04352279
v 0.0085 -0.03483779 0.04340135
v 0.0085 -0.03447928 0.04316951
v 0.0085 -0.03420061 0.04284606
v 0.0085 -0.03402435 0.0424572
v 0.0085 -0.03645027 0.04090783
v 0.0085 -0.03672894 0.04123128
v 0.0085 -0.0369052 0.04162014
v 0.0085 -0.03696477 0.04204291
v 0.0085 -0.03690281 0.04246534
v 0.0085 -0.03672436 0.0428532
v 0.0085 -0.03644386 0.04317507
v 0.0085 -0.03608403 0.04340487
v 0.0085 -0.03420519 0.04122414
v 0.0085 -0.03448569 0.04090227
v 0.0085 -0.03484551 0.04067247
v 0.0085 -0.0352555 0.04055334
v 0.0085 -0.03568244 0.04055455
v 0.0085 -0.03609175 0.04067599
v 0.002 -0.03431434 0.04169733
v 0.002 -0.03445711 0.04138705
v 0.002 -0.03546477 0.04203867
v 0.002 -0.03445344 0.04268458
v 0.002 -0.03431243 0.04237349
v 0.002 -0.03426478 0.04203527
v 0.002 -0.03529064 0.04322597
v 0.002 -0.03496319 0.04312881
v 0.002 -0.03467638 0.04294334
v 0.002 -0.03624804 0.04294779
v 0.002 -0.03596018 0.04313163
v 0.002 -0.03563219 0.04322693
v 0.002 -0.03666477 0.04204207
v 0.002 -0.0366152 0.04238001
v 0.002 -0.03647244 0.04269029
v 0.002 -0.03625317 0.041134
v 0.002 -0.03647611 0.04139276
v 0.002 -0.03661712 0.04170385
v 0.002 -0.03529736 0.0408504
v 0.002 -0.03563891 0.04085137
v 0.002 -0.03596636 0.04094853
v 0.002 -0.03468151 0.04112955
v 0.002 -0.03496937 0.04094571
v 0.0023 -0.03690281 0.04246534
v 0.0023 -0.03696477 0.04204291
v 0.0023 -0.0369052 0.04162014
v 0.0023 -0.03672894 0.04123128
v 0.0023 -0.03645027 0.04090783
v 0.0023 -0.03609175 0.04067599
v 0.0023 -0.03568244 0.04055455
v 0.0023 -0.0352555 0.04055334
v 0.0023 -0.03484551 0.04067247
v 0.0023 -0.03448569 0.04090227
v 0.0023 -0.03420519 0.04122414
v 0.0023 -0.03402673 0.041612
v 0.0023 -0.03396478 0.04203443
v 0.0023 -0.03402435 0.0424572
v 0.0023 -0.03420061 0.04284606
v 0.0023 -0.03447928 0.04316951
v 0.0023 -0.03483779 0.04340135
v 0.0023 -0.0352471 0.04352279
v 0.0023 -0.03567405 0.043524
v 0.0023 -0.03608403 0.04340487
v 0.0023 -0.03644386 0.04317507
v 0.0023 -0.03672436 0.0428532
v -0.0115 -0.03735165 0.04137557
v -0.0115 -0.03814811 0.04069712
v -0.0115 -0.03712746 0.04092715
v -0.0115 -0.03781055 0.04016855
v -0.0115 -0.0367988 0.04054858
v -0.0115 -0.03737046 0.0397217
v -0.0115 -0.03638632 0.04026363
v -0.0115 -0.03684709 0.03937612
v -0.0115 -0.03591593 0.04009022
v -0.0115 -0.03626331 0.0391469
v -0.0115 -0.0354172 0.04003924
v -0.0115 -0.0366785 0.04362828
v -0.0115 -0.03756985 0.04417611
v -0.0115 -0.03703569 0.0432765
v -0.0115 -0.03796825 0.04369173
v -0.0115 -0.03729417 0.04284694
v -0.0115 -0.03825723 0.0431351
v -0.0115 -0.03743771 0.0423666
v -0.0115 -0.03842418 0.04253056
v -0.0115 -0.03745728 0.04186565
v -0.0115 -0.03846177 0.04190452
v -0.0115 -0.03836839 0.04128434
v -0.0115 -0.03432802 0.04368421
v -0.0115 -0.03408245 0.04470123
v -0.0115 -0.03477297 0.04391521
v -0.0115 -0.03466624 0.04493044
v -0.0115 -0.03526138 0.0440283
v -0.0115 -0.03528492 0.04503327
v -0.0115 -0.03576257 0.04401638
v -0.0115 -0.03591146 0.04500523
v -0.0115 -0.03624505 0.04388018
v -0.0115 -0.03651848 0.04484753
v -0.0115 -0.03707945 0.04456707
v -0.0115 -0.03564463 0.03904407
v -0.0115 -0.03501808 0.03907211
v -0.0115 -0.03492146 0.04011388
v -0.0115 -0.03441106 0.03922981
v -0.0115 -0.03445985 0.04030947
v -0.0115 -0.03385009 0.03951027
v -0.0115 -0.03406139 0.04061371
v -0.0115 -0.0333597 0.03990123
v -0.0115 -0.0337511 0.04100749
v -0.0115 -0.0329613 0.04038561
v -0.0115 -0.0335485 0.04146606
v -0.0115 -0.03267232 0.04094224
v -0.0115 -0.03349184 0.04171075
v -0.0115 -0.03250537 0.04154678
v -0.0115 -0.0334663 0.0419606
v -0.0115 -0.03246778 0.04217282
v -0.0115 -0.03350967 0.04246006
v -0.0115 -0.03256116 0.042793
v -0.0115 -0.03367589 0.04293303
v -0.0115 -0.03278144 0.04338022
v -0.0115 -0.03395451 0.04334981
v -0.0115 -0.033119 0.04390879
v -0.0115 -0.03355909 0.04435564
v -0.013 -0.03841889 0.04151596
v -0.013 -0.03283859 0.04058845
v -0.013 -0.03836839 0.04128434
v -0.013 -0.0329613 0.04038561
v -0.013 -0.03814811 0.04069712
v -0.013 -0.03781055 0.04016855
v -0.013 -0.0333597 0.03990123
v -0.013 -0.03385009 0.03951027
v -0.013 -0.03441106 0.03922981
v -0.013 -0.03564463 0.03904407
v -0.013 -0.03626331 0.0391469
v -0.013 -0.03684709 0.03937612
v -0.013 -0.03501808 0.03907211
v -0.013 -0.03737046 0.0397217
v -0.012 -0.03846177 0.04190452
v -0.012 -0.03841889 0.04151596
v -0.012 -0.03842418 0.04253056
v -0.012 -0.03825723 0.0431351
v -0.012 -0.03809096 0.04348889
v -0.013 -0.03809096 0.04348889
v -0.012 -0.03246778 0.04217282
v -0.012 -0.03251066 0.04256138
v -0.012 -0.03250537 0.04154678
v -0.012 -0.03267232 0.04094224
v -0.012 -0.03283859 0.04058845
v -0.013 -0.03796825 0.04369173
v -0.013 -0.03756985 0.04417611
v -0.013 -0.03707945 0.04456707
v -0.013 -0.03651848 0.04484753
v -0.013 -0.03591146 0.04500523
v -0.013 -0.03528492 0.04503327
v -0.013 -0.03466624 0.04493044
v -0.013 -0.03408245 0.04470123
v -0.013 -0.03355909 0.04435564
v -0.013 -0.033119 0.04390879
v -0.013 -0.03278144 0.04338022
v -0.013 -0.03256116 0.042793
v -0.013 -0.03251066 0.04256138
v -0.0085 -0.0334663 0.0419606
v -0.0085 -0.03349184 0.04171075
v -0.0085 -0.0335485 0.04146606
v -0.0085 -0.0337511 0.04100749
v -0.0085 -0.03406139 0.04061371
v -0.0085 -0.03445985 0.04030947
v -0.0085 -0.03492146 0.04011388
v -0.0085 -0.0354172 0.04003924
v -0.0085 -0.03591593 0.04009022
v -0.0085 -0.03638632 0.04026363
v -0.0085 -0.0367988 0.04054858
v -0.0085 -0.03712746 0.04092715
v -0.0085 -0.03735165 0.04137557
v -0.0085 -0.03745728 0.04186565
v -0.0085 -0.03743771 0.0423666
v -0.0085 -0.03729417 0.04284694
v -0.0085 -0.03703569 0.0432765
v -0.0085 -0.0366785 0.04362828
v -0.0085 -0.03624505 0.04388018
v -0.0085 -0.03576257 0.04401638
v -0.0085 -0.03526138 0.0440283
v -0.0085 -0.03477297 0.04391521
v -0.0085 -0.03432802 0.04368421
v -0.0085 -0.03395451 0.04334981
v -0.0085 -0.03367589 0.04293303
v -0.0085 -0.03350967 0.04246006
v -0.0085 -0.03398507 0.04179272
v -0.0085 -0.0341143 0.04138581
v -0.0085 -0.03630318 0.04079486
v -0.0085 -0.0359188 0.04060903
v -0.0085 -0.03549763 0.04053903
v -0.0085 -0.0350738 0.04059052
v -0.0085 -0.03468165 0.04075933
v -0.0085 -0.03435294 0.04103178
v -0.0085 -0.03585574 0.04348682
v -0.0085 -0.0362479 0.04331801
v -0.0085 -0.03657661 0.04304556
v -0.0085 -0.03681524 0.04269153
v -0.0085 -0.03694448 0.04228462
v -0.0085 -0.03695383 0.04185777
v -0.0085 -0.03684254 0.04144559
v -0.0085 -0.03661964 0.04108145
v -0.0085 -0.03397572 0.04221957
v -0.0085 -0.034087 0.04263176
v -0.0085 -0.03430991 0.04299589
v -0.0085 -0.03462636 0.04328248
v -0.0085 -0.03501075 0.04346831
v -0.0085 -0.03543192 0.04353831
v -0.002 -0.03428102 0.04184191
v -0.002 -0.03427353 0.04218339
v -0.002 -0.03546477 0.04203867
v -0.002 -0.03483827 0.0410152
v -0.002 -0.03457531 0.04123316
v -0.002 -0.0343844 0.04151638
v -0.002 -0.03582799 0.04089496
v -0.002 -0.03549106 0.04083896
v -0.002 -0.035152 0.04088015
v -0.002 -0.03656699 0.0415642
v -0.002 -0.03638867 0.04127289
v -0.002 -0.0361355 0.04104362
v -0.002 -0.03654515 0.04256096
v -0.002 -0.03664853 0.04223543
v -0.002 -0.03665601 0.04189395
v -0.002 -0.03577755 0.04319719
v -0.002 -0.03609128 0.04306214
v -0.002 -0.03635424 0.04284418
v -0.002 -0.03479405 0.04303372
v -0.002 -0.03510156 0.04318238
v -0.002 -0.03543849 0.04323838
v -0.002 -0.03436256 0.04251314
v -0.002 -0.03454088 0.04280445
v -0.0023 -0.03694448 0.04228462
v -0.0023 -0.03681524 0.04269153
v -0.0023 -0.03657661 0.04304556
v -0.0023 -0.0362479 0.04331801
v -0.0023 -0.03585574 0.04348682
v -0.0023 -0.03543192 0.04353831
v -0.0023 -0.03501075 0.04346831
v -0.0023 -0.03462636 0.04328248
v -0.0023 -0.03430991 0.04299589
v -0.0023 -0.034087 0.04263176
v -0.0023 -0.03397572 0.04221957
v -0.0023 -0.03398507 0.04179272
v -0.0023 -0.0341143 0.04138581
v -0.0023 -0.03435294 0.04103178
v -0.0023 -0.03468165 0.04075933
v -0.0023 -0.0350738 0.04059052
v -0.0023 -0.03549763 0.04053903
v -0.0023 -0.0359188 0.04060903
v -0.0023 -0.03630318 0.04079486
v -0.0023 -0.03661964 0.04108145
v -0.0023 -0.03684254 0.04144559
v -0.0023 -0.03695383 0.04185777
vn 0.94497 -0.32707 0.00787
vn 0.94497 0.32707 -0.00787
vn 0.94496 0.32456 -0.04128
vn 0.94537 0.31374 0.08859
vn 0.94758 0.31175 0.07001
vn 0.94429 0.32434 0.05591
vn 0.9474 0.31769 0.03878
vn 0.94808 0.31791 0.0084
vn 0.97258 0.22075 0.07316
vn 0.9852 0.14861 0.08545
vn 0.98424 0.15539 0.08445
vn 0.97847 0.18611 0.08925
vn 0.98108 0.17922 0.07321
vn 0.97596 0.20532 0.0732
vn 0.98586 0.1426 0.08796
vn 0.98032 0.1622 0.11257
vn 0.98649 0.12911 0.10087
vn 0.98674 0.12393 0.10485
vn 0.98058 0.14269 0.13454
vn 0.98682 0.11122 0.11757
vn 0.98011 0.12105 0.15724
vn 0.98629 0.10346 0.12853
vn 0.98663 0.10724 0.12275
vn 0.9785 0.0785 0.19072
vn 0.98333 0.07856 0.16398
vn 0.97859 0.0995 0.18018
vn 0.98436 0.08941 0.15179
vn 0.98562 0.09193 0.14175
vn 0.9471 0.07132 0.31292
vn 0.95512 0.0782 0.28571
vn 0.96331 0.07822 0.25674
vn 0.95349 0.10453 0.28271
vn 0.94506 -0.01675 0.32647
vn 0.9479 0.01569 0.31817
vn 0.94469 0.03244 0.32635
vn 0.94469 0.06557 0.32135
vn 0.94424 -0.07238 0.32121
vn 0.94696 -0.05494 0.31661
vn 0.9479 -0.03244 0.31691
vn 0.98333 -0.07856 0.16398
vn 0.9785 -0.0785 0.19072
vn 0.98432 -0.07943 0.15752
vn 0.97957 -0.1003 0.17431
vn 0.98563 -0.09193 0.14173
vn 0.98624 -0.09444 0.13571
vn 0.98032 -0.12183 0.15536
vn 0.98663 -0.10724 0.12275
vn 0.98682 -0.11122 0.11757
vn 0.98058 -0.14268 0.13455
vn 0.98674 -0.12393 0.10485
vn 0.97604 -0.19843 0.08924
vn 0.98115 -0.17423 0.0836
vn 0.98423 -0.15542 0.08445
vn 0.98519 -0.14864 0.08545
vn 0.97963 -0.16788 0.11018
vn 0.98588 -0.13612 0.09749
vn 0.98649 -0.12911 0.10087
vn 0.9663 -0.2468 0.07322
vn 0.97258 -0.22075 0.07316
vn 0.97596 -0.20532 0.0732
vn 0.94537 -0.31374 0.08859
vn 0.94496 -0.32456 0.04128
vn 0.94741 -0.31519 0.05539
vn 0.94758 -0.31175 0.07001
vn 0.94537 -0.31374 -0.08859
vn 0.94758 -0.31175 -0.07001
vn 0.94429 -0.32434 -0.05591
vn 0.9474 -0.31769 -0.03878
vn 0.94808 -0.31791 -0.0084
vn 0.97258 -0.22075 -0.07316
vn 0.9852 -0.14861 -0.08545
vn 0.98424 -0.15539 -0.08445
vn 0.97847 -0.18611 -0.08925
vn 0.98108 -0.17922 -0.07321
vn 0.97596 -0.20532 -0.0732
vn 0.98586 -0.1426 -0.08796
vn 0.98032 -0.1622 -0.11257
vn 0.98649 -0.12911 -0.10087
vn 0.98674 -0.12393 -0.10485
vn 0.98058 -0.14269 -0.13454
vn 0.98682 -0.11122 -0.11757
vn 0.98011 -0.12105 -0.15724
vn 0.98629 -0.10346 -0.12853
vn 0.98663 -0.10724 -0.12275
vn 0.9785 -0.0785 -0.19072
vn 0.98333 -0.07856 -0.16398
vn 0.97859 -0.0995 -0.18018
vn 0.98436 -0.08941 -0.15179
vn 0.98562 -0.09193 -0.14175
vn 0.9471 -0.07132 -0.31292
vn 0.95512 -0.0782 -0.28571
vn 0.96331 -0.07822 -0.25674
vn 0.95349 -0.10453 -0.28271
vn 0.94506 0.01675 -0.32647
vn 0.9479 -0.01569 -0.31817
vn 0.94469 -0.03244 -0.32635
vn 0.94469 -0.06557 -0.32135
vn 0.94424 0.07238 -0.32121
vn 0.94696 0.05494 -0.31661
vn 0.9479 0.03244 -0.31691
vn 0.98333 0.07856 -0.16398
vn 0.9785 0.0785 -0.19072
vn 0.98432 0.07943 -0.15752
vn 0.97957 0.1003 -0.17431
vn 0.98563 0.09193 -0.14173
vn 0.98624 0.09444 -0.13571
vn 0.98032 0.12183 -0.15536
vn 0.98663 0.10724 -0.12275
vn 0.98682 0.11122 -0.11757
vn 0.98058 0.14268 -0.13455
vn 0.98674 0.12393 -0.10485
vn 0.97604 0.19843 -0.08924
vn 0.98115 0.17423 -0.0836
vn 0.98423 0.15542 -0.08445
vn 0.98519 0.14864 -0.08545
vn 0.97963 0.16788 -0.11018
vn 0.98588 0.13612 -0.09749
vn 0.98649 0.12911 -0.10087
vn 0.9663 0.2468 -0.07322
vn 0.97258 0.22075 -0.07316
vn 0.97596 0.20532 -0.0732
vn 0.94741 0.31519 -0.05539
vn 0.94758 0.31175 -0.07001
vn 0.94537 0.31374 -0.08859
vn 0.82519 -0.13512 0.54845
vn 0.80328 -0.16991 0.57084
vn 0.80382 -0.20484 0.5585
vn 0.82514 -0.22084 0.51998
vn 0.80335 -0.2656 0.533
vn 0.8252 -0.27586 0.49289
vn 0.8037 -0.31587 0.50428
vn 0.80368 -0.35317 0.47893
vn 0.82521 -0.3572 0.43754
vn 0.80338 -0.39829 0.44266
vn 0.80382 -0.42688 0.41431
vn 0.82514 -0.42458 0.37267
vn 0.80325 -0.46868 0.36759
vn 0.82518 -0.46056 0.32704
vn 0.80375 -0.5016 0.31997
vn 0.80362 -0.52455 0.28115
vn 0.82522 -0.51027 0.24215
vn 0.80347 -0.54957 0.22895
vn 0.80382 -0.56437 0.18807
vn 0.82514 -0.54423 0.15154
vn 0.80315 -0.5812 0.13101
vn 0.82515 -0.55634 0.09801
vn 0.8038 -0.5903 0.07384
vn 0.80327 -0.59491 0.02894
vn 0.82497 -0.56518 -0
vn 0.80327 -0.59491 -0.02894
vn 0.8038 -0.5903 -0.07384
vn 0.82515 -0.55634 -0.09801
vn 0.80315 -0.5812 -0.13101
vn 0.80382 -0.57224 -0.16253
vn 0.82514 -0.53503 -0.18136
vn 0.80347 -0.54957 -0.22895
vn 0.82522 -0.51027 -0.24215
vn 0.80362 -0.52455 -0.28115
vn 0.80375 -0.5016 -0.31997
vn 0.82518 -0.46056 -0.32704
vn 0.80325 -0.46868 -0.36759
vn 0.80382 -0.44505 -0.39472
vn 0.82514 -0.40335 -0.39554
vn 0.80338 -0.39829 -0.44266
vn 0.82521 -0.3572 -0.43754
vn 0.80368 -0.35317 -0.47893
vn 0.8037 -0.31587 -0.50428
vn 0.8252 -0.27586 -0.49289
vn 0.80335 -0.2656 -0.533
vn 0.80382 -0.22971 -0.54873
vn 0.82514 -0.19179 -0.53138
vn 0.80328 -0.16991 -0.57084
vn 0.82519 -0.13512 -0.54845
vn 0.80374 -0.11355 -0.58405
vn 0.80364 -0.069 -0.5911
vn 0.82522 -0.03791 -0.56354
vn 0.80344 -0.01127 -0.59528
vn 0.80382 0.03112 -0.59406
vn 0.82514 0.05776 -0.56197
vn 0.80318 0.09144 -0.58867
vn 0.82516 0.11307 -0.55346
vn 0.80378 0.14797 -0.57623
vn 0.80357 0.19128 -0.56364
vn 0.82522 0.20735 -0.52537
vn 0.80352 0.24515 -0.54246
vn 0.80381 0.28533 -0.52199
vn 0.82514 0.29541 -0.48153
vn 0.80311 0.3352 -0.4926
vn 0.80382 0.36036 -0.47331
vn 0.82514 0.36429 -0.43178
vn 0.80349 0.41465 -0.42716
vn 0.82522 0.41256 -0.38574
vn 0.80359 0.45408 -0.38477
vn 0.80377 0.48172 -0.34914
vn 0.82517 0.47329 -0.30835
vn 0.80322 0.51399 -0.30108
vn 0.80382 0.53003 -0.27008
vn 0.82514 0.51556 -0.23096
vn 0.80341 0.55791 -0.20802
vn 0.82521 0.53811 -0.17163
vn 0.80366 0.57515 -0.15275
vn 0.80372 0.58499 -0.10874
vn 0.8252 0.55976 -0.07565
vn 0.80332 0.59332 -0.05145
vn 0.80382 0.59473 -0.01336
vn 0.82514 0.56472 0.0156
vn 0.80332 0.59332 0.05145
vn 0.8252 0.55976 0.07565
vn 0.80372 0.58499 0.10874
vn 0.80366 0.57515 0.15275
vn 0.82521 0.53811 0.17163
vn 0.80341 0.55791 0.20802
vn 0.80382 0.54163 0.246
vn 0.82514 0.50202 0.25908
vn 0.80322 0.51399 0.30108
vn 0.82517 0.47329 0.30835
vn 0.80377 0.48172 0.34914
vn 0.80359 0.45408 0.38477
vn 0.82522 0.41256 0.38574
vn 0.80349 0.41465 0.42716
vn 0.80382 0.38125 0.45664
vn 0.82514 0.3399 0.45124
vn 0.80311 0.3352 0.4926
vn 0.82514 0.29541 0.48153
vn 0.80381 0.28533 0.52199
vn 0.80352 0.24515 0.54246
vn 0.82522 0.20735 0.52537
vn 0.80357 0.19128 0.56364
vn 0.80378 0.14797 0.57623
vn 0.82516 0.11307 0.55346
vn 0.80318 0.09144 0.58867
vn 0.80382 0.05777 0.59206
vn 0.82514 0.02664 0.5643
vn 0.80344 -0.01127 0.59528
vn 0.82522 -0.03791 0.56354
vn 0.80364 -0.069 0.5911
vn 0.80374 -0.11355 0.58405
vn 0.86444 0.04848 0.50039
vn 0.88232 0.09167 0.46164
vn 0.86444 0.12252 0.48758
vn 0.88232 0.15945 0.44282
vn 0.86444 0.19382 0.46387
vn 0.88232 0.22366 0.41411
vn 0.86444 0.26079 0.4298
vn 0.88232 0.28288 0.37615
vn 0.86444 0.32194 0.38613
vn 0.88232 0.33579 0.32978
vn 0.86444 0.37589 0.33384
vn 0.88232 0.38119 0.27605
vn 0.86444 0.42145 0.27408
vn 0.88232 0.41807 0.21616
vn 0.86444 0.45759 0.20821
vn 0.88232 0.44562 0.15143
vn 0.86444 0.48351 0.13768
vn 0.88232 0.46321 0.08332
vn 0.86444 0.49863 0.06408
vn 0.88232 0.47046 0.01336
vn 0.86444 0.50262 -0.01095
vn 0.88232 0.46719 -0.05691
vn 0.86444 0.49537 -0.08574
vn 0.88232 0.45349 -0.12591
vn 0.86444 0.47706 -0.15861
vn 0.88232 0.42966 -0.19209
vn 0.86444 0.44809 -0.22794
vn 0.88232 0.39623 -0.25398
vn 0.86444 0.40911 -0.29218
vn 0.88232 0.35395 -0.3102
vn 0.86444 0.36099 -0.34989
vn 0.88232 0.30377 -0.35949
vn 0.86444 0.30481 -0.39979
vn 0.88232 0.2468 -0.40075
vn 0.86444 0.24182 -0.44075
vn 0.88232 0.18431 -0.43306
vn 0.86444 0.17343 -0.47187
vn 0.88232 0.11771 -0.45569
vn 0.86444 0.10117 -0.49245
vn 0.88232 0.04848 -0.46815
vn 0.86444 0.02664 -0.50203
vn 0.88232 -0.02184 -0.47014
vn 0.86444 -0.04848 -0.50039
vn 0.88232 -0.09167 -0.46164
vn 0.86444 -0.12252 -0.48758
vn 0.88232 -0.15945 -0.44282
vn 0.86444 -0.19382 -0.46387
vn 0.88232 -0.22366 -0.41411
vn 0.86444 -0.26079 -0.4298
vn 0.88232 -0.28288 -0.37615
vn 0.86444 -0.32194 -0.38613
vn 0.88232 -0.33579 -0.32978
vn 0.86444 -0.37589 -0.33384
vn 0.88232 -0.38119 -0.27605
vn 0.86444 -0.42145 -0.27408
vn 0.88232 -0.41807 -0.21616
vn 0.86444 -0.45759 -0.20821
vn 0.88232 -0.44562 -0.15143
vn 0.86444 -0.48351 -0.13768
vn 0.88232 -0.46321 -0.08332
vn 0.86444 -0.49863 -0.06408
vn 0.88232 -0.47046 -0.01336
vn 0.86444 -0.50262 0.01095
vn 0.88232 -0.46719 0.05691
vn 0.86444 -0.49537 0.08574
vn 0.88232 -0.45349 0.12591
vn 0.86444 -0.47706 0.15861
vn 0.88232 -0.42966 0.19209
vn 0.86444 -0.44809 0.22794
vn 0.88232 -0.39623 0.25398
vn 0.86444 -0.40911 0.29218
vn 0.88232 -0.35395 0.3102
vn 0.86444 -0.36099 0.34989
vn 0.88232 -0.30377 0.35949
vn 0.86444 -0.30481 0.39979
vn 0.88232 -0.2468 0.40075
vn 0.86444 -0.24182 0.44075
vn 0.88232 -0.18431 0.43306
vn 0.86444 -0.17343 0.47187
vn 0.88232 -0.11771 0.45569
vn 0.86444 -0.10117 0.49245
vn 0.88232 -0.04848 0.46815
vn 0.86444 -0.02664 0.50203
vn 0.88232 0.02184 0.47014
vn 0.91453 0.03861 0.40268
vn 0.92876 0.07178 0.36367
vn 0.91453 0.0982 0.39243
vn 0.92876 0.12518 0.34891
vn 0.91453 0.15559 0.37341
vn 0.92876 0.17578 0.32636
vn 0.91453 0.2095 0.34605
vn 0.92876 0.22246 0.29652
vn 0.91453 0.25874 0.31096
vn 0.92876 0.26417 0.26005
vn 0.91453 0.3022 0.26892
vn 0.92876 0.29998 0.21777
vn 0.91453 0.3389 0.22088
vn 0.92876 0.32908 0.17063
vn 0.91453 0.36804 0.1679
vn 0.92876 0.35084 0.11968
vn 0.91453 0.38895 0.11117
vn 0.92876 0.36476 0.06605
vn 0.91453 0.40118 0.05196
vn 0.92876 0.37053 0.01095
vn 0.91453 0.40444 -0.00841
vn 0.92876 0.36802 -0.0444
vn 0.91453 0.39867 -0.06859
vn 0.92876 0.35729 -0.09875
vn 0.91453 0.38399 -0.12725
vn 0.92876 0.33858 -0.1509
vn 0.91453 0.36074 -0.18306
vn 0.92876 0.31231 -0.19968
vn 0.91453 0.32943 -0.23478
vn 0.92876 0.27906 -0.244
vn 0.91453 0.29075 -0.28125
vn 0.92876 0.23958 -0.28286
vn 0.91453 0.24559 -0.32145
vn 0.92876 0.19474 -0.31541
vn 0.91453 0.19494 -0.35446
vn 0.92876 0.14556 -0.34091
vn 0.91453 0.13993 -0.37955
vn 0.92876 0.09312 -0.3588
vn 0.91453 0.0818 -0.39617
vn 0.92876 0.03861 -0.36867
vn 0.91453 0.02184 -0.40394
vn 0.92876 -0.01677 -0.37031
vn 0.91453 -0.03861 -0.40268
vn 0.92876 -0.07178 -0.36367
vn 0.91453 -0.0982 -0.39243
vn 0.92876 -0.12518 -0.34891
vn 0.91453 -0.15559 -0.37341
vn 0.92876 -0.17578 -0.32636
vn 0.91453 -0.2095 -0.34605
vn 0.92876 -0.22246 -0.29652
vn 0.91453 -0.25874 -0.31096
vn 0.92876 -0.26417 -0.26005
vn 0.91453 -0.3022 -0.26892
vn 0.92876 -0.29998 -0.21777
vn 0.91453 -0.3389 -0.22088
vn 0.92876 -0.32908 -0.17063
vn 0.91453 -0.36804 -0.1679
vn 0.92876 -0.35084 -0.11968
vn 0.91453 -0.38895 -0.11117
vn 0.92876 -0.36476 -0.06605
vn 0.91453 -0.40118 -0.05196
vn 0.92876 -0.37053 -0.01095
vn 0.91453 -0.40444 0.00841
vn 0.92876 -0.36802 0.0444
vn 0.91453 -0.39867 0.06859
vn 0.92876 -0.35729 0.09875
vn 0.91453 -0.38399 0.12725
vn 0.92876 -0.33858 0.1509
vn 0.91453 -0.36074 0.18306
vn 0.92876 -0.31231 0.19968
vn 0.91453 -0.32943 0.23478
vn 0.92876 -0.27906 0.244
vn 0.91453 -0.29075 0.28125
vn 0.92876 -0.23958 0.28286
vn 0.91453 -0.24559 0.32145
vn 0.92876 -0.19474 0.31541
vn 0.91453 -0.19494 0.35446
vn 0.92876 -0.14556 0.34091
vn 0.91453 -0.13993 0.37955
vn 0.92876 -0.09312 0.3588
vn 0.91453 -0.0818 0.39617
vn 0.92876 -0.03861 0.36867
vn 0.91453 -0.02184 0.40394
vn 0.92876 0.01677 0.37031
vn 0.95671 -0.27618 0.09183
vn 0.9639 -0.24343 0.1079
vn 0.95348 -0.26904 0.13597
vn 0.9639 -0.22463 0.14297
vn 0.95348 -0.24577 0.17455
vn 0.9639 -0.20081 0.17485
vn 0.95348 -0.21701 0.20923
vn 0.9639 -0.17251 0.20283
vn 0.95348 -0.1834 0.23923
vn 0.9639 -0.14035 0.22627
vn 0.95348 -0.1457 0.2639
vn 0.96391 -0.10485 0.24471
vn 0.95349 -0.10453 0.28271
vn 0.96331 -0.07822 0.25674
vn 0.95512 -0.0782 0.28571
vn 0.96391 -0.10485 -0.24471
vn 0.9639 -0.12579 -0.23468
vn 0.95348 -0.15569 -0.25813
vn 0.9639 -0.15936 -0.21331
vn 0.95348 -0.19242 -0.23204
vn 0.9639 -0.18937 -0.18718
vn 0.95348 -0.22486 -0.20077
vn 0.9639 -0.21515 -0.15687
vn 0.95348 -0.25227 -0.16501
vn 0.9639 -0.23613 -0.12305
vn 0.95348 -0.27405 -0.12557
vn 0.96336 -0.25202 -0.09182
vn 0.95619 -0.27978 -0.08615
vn 0.95671 0.27618 -0.09183
vn 0.9639 0.24343 -0.1079
vn 0.95348 0.26904 -0.13597
vn 0.9639 0.22463 -0.14297
vn 0.95348 0.24577 -0.17455
vn 0.9639 0.20081 -0.17485
vn 0.95348 0.21701 -0.20923
vn 0.9639 0.17251 -0.20283
vn 0.95348 0.1834 -0.23923
vn 0.9639 0.14035 -0.22627
vn 0.95348 0.1457 -0.2639
vn 0.96391 0.10485 -0.24471
vn 0.95349 0.10453 -0.28271
vn 0.96331 0.07822 -0.25674
vn 0.95512 0.0782 -0.28571
vn 0.96391 0.10485 0.24471
vn 0.9639 0.12579 0.23468
vn 0.95348 0.15569 0.25813
vn 0.9639 0.15936 0.21331
vn 0.95348 0.19242 0.23204
vn 0.9639 0.18937 0.18718
vn 0.95348 0.22486 0.20077
vn 0.9639 0.21515 0.15687
vn 0.95348 0.25227 0.16501
vn 0.9639 0.23613 0.12305
vn 0.95348 0.27405 0.12557
vn 0.96336 0.25202 0.09182
vn 0.95619 0.27978 0.08615
vn -1 0 0
vn -0 -0.98011 0.19847
vn -0 -0.92161 0.38813
vn -0 -0.87806 0.47855
vn -0 -0.76626 0.64253
vn -0 -0.698 0.7161
vn -0 -0.54283 0.83985
vn -0 -0.45591 0.89002
vn -0 -0.27116 0.96253
vn -0 -0.17332 0.98487
vn 0 0.0246 0.9997
vn 0 0.12467 0.9922
vn 0 0.31817 0.94803
vn 0 0.41159 0.91137
vn 0 0.58347 0.81213
vn 0 0.66194 0.74956
vn 0 0.79693 0.60407
vn 0 0.85346 0.52115
vn 0 0.93958 0.34233
vn 0 0.96916 0.24643
vn 0 0.99874 0.05018
vn 0 0.99874 -0.05018
vn 0 0.96916 -0.24643
vn 0 0.93958 -0.34233
vn 0 0.85346 -0.52115
vn 0 0.79693 -0.60407
vn 0 0.66194 -0.74956
vn 0 0.58347 -0.81213
vn 0 0.41159 -0.91137
vn 0 0.31817 -0.94803
vn 0 0.12467 -0.9922
vn 0 0.0246 -0.9997
vn -0 -0.17332 -0.98487
vn -0 -0.27116 -0.96253
vn -0 -0.45591 -0.89002
vn -0 -0.54283 -0.83985
vn -0 -0.698 -0.7161
vn -0 -0.76626 -0.64253
vn -0 -0.87806 -0.47855
vn -0 -0.92161 -0.38813
vn -0 -0.98011 -0.19847
vn -0 -0.99506 -0.09924
vn -0 -0.99506 0.09924
vn -0 -0.98568 -0.16861
vn -0 -0.99529 -0.09696
vn -0 -0.97606 -0.2175
vn -0 -0.95786 -0.28724
vn -0 -0.94143 -0.33722
vn -0 -0.85996 -0.51037
vn -0 -0.89454 -0.44699
vn -0 -0.91571 -0.40185
vn -0 -0.65847 -0.7526
vn -0 -0.70555 -0.70866
vn -0 -0.74528 -0.66675
vn -0 -0.79137 -0.61134
vn -0 -0.82085 -0.57115
vn -0 -0.62015 -0.78448
vn -0 -0.5619 -0.8272
vn -0 -0.50071 -0.86562
vn -0 -0.45695 -0.88949
vn -0 -0.39168 -0.9201
vn -0 -0.33307 -0.9429
vn -0 -0.15752 -0.98752
vn -0 -0.22843 -0.97356
vn -0 -0.27665 -0.96097
vn 0 0.15752 -0.98752
vn 0 0.10389 -0.99459
vn 0 0.03603 -0.99935
vn -0 -0.03609 -0.99935
vn -0 -0.08584 -0.99631
vn 0 0.20652 -0.97844
vn 0 0.27666 -0.96097
vn 0 0.34526 -0.93851
vn 0 0.3916 -0.92013
vn 0 0.45693 -0.8895
vn 0 0.52 -0.85416
vn 0 0.5619 -0.8272
vn 0 0.62003 -0.78458
vn 0 0.65914 -0.75202
vn 0 0.79137 -0.61134
vn 0 0.7452 -0.66684
vn 0 0.71104 -0.70315
vn 0 0.9423 -0.33476
vn 0 0.91812 -0.39629
vn 0 0.89448 -0.4471
vn 0 0.85996 -0.51037
vn 0 0.83346 -0.55258
vn 0 0.95782 -0.28738
vn 0 0.97606 -0.2175
vn 0 0.98922 -0.14645
vn 0 0.99529 -0.09697
vn 0 0.99969 -0.02502
vn 0 0.99935 0.03615
vn 0 0.97606 0.2175
vn 0 0.98922 0.14645
vn 0 0.99529 0.09697
vn 0 0.85996 0.51037
vn 0 0.88709 0.4616
vn 0 0.91573 0.40179
vn 0 0.9423 0.33476
vn 0 0.95782 0.28738
vn 0 0.83346 0.55258
vn 0 0.79137 0.61134
vn 0 0.7452 0.66684
vn 0 0.71104 0.70315
vn 0 0.6585 0.75258
vn 0 0.60308 0.79768
vn 0 0.45693 0.8895
vn 0 0.52 0.85416
vn 0 0.5619 0.8272
vn 0 0.27666 0.96097
vn 0 0.34526 0.93851
vn 0 0.3916 0.92013
vn -0 -0.03609 0.99935
vn 0 0.03175 0.9995
vn 0 0.08598 0.9963
vn 0 0.15752 0.98752
vn 0 0.20652 0.97844
vn -0 -0.08584 0.99631
vn -0 -0.15752 0.98752
vn -0 -0.22843 0.97356
vn -0 -0.27665 0.96097
vn -0 -0.34516 0.93854
vn -0 -0.40033 0.91637
vn -0 -0.5619 0.8272
vn -0 -0.50071 0.86562
vn -0 -0.45695 0.88949
vn -0 -0.79137 0.61134
vn -0 -0.75491 0.65583
vn -0 -0.71099 0.7032
vn -0 -0.65847 0.7526
vn -0 -0.62015 0.78448
vn -0 -0.82085 0.57115
vn -0 -0.85996 0.51037
vn -0 -0.89454 0.44699
vn -0 -0.91571 0.40185
vn -0 -0.94229 0.3348
vn -0 -0.96333 0.26831
vn -0 -0.99969 -0.02493
vn -0 -0.99969 0.02493
vn -0 -0.99529 0.09696
vn -0 -0.98568 0.16861
vn -0 -0.97606 0.2175
vn -0 0 -1
vn 0.5 -0.86603 -0
vn 0 -0 1
vn -0 -1 -0
vn 0.5 -0 0.86603
vn 0 1 0
vn 0 -0 1
vn 0.5 0.86603 0
vn -0 0 -1
vn 0.5 -0 -0.86603
vn -0 -1 -0
vn 1 -0 -0
vn -0 -0.87926 0.47634
vn -0 -0.34585 0.93829
vn -0 -0.25854 0.966
vn -0 -0.17186 0.98512
vn -0 -0.24868 0.96859
vn -0 -0.59123 0.8065
vn -0 -0.51876 0.85492
vn -0 -0.42692 0.90429
vn -0 -0.76721 0.6414
vn -0 -0.7225 0.69138
vn -0 -0.65936 0.75183
vn -0 -0.99997 0.00752
vn -0 -0.96859 0.24868
vn -0 -0.98378 0.17938
vn -0 -0.96395 0.26607
vn -0 -0.91737 0.39804
vn 0 0.96405 0.26573
vn 0 0.91751 0.3977
vn 0 0.98378 0.17939
vn 0 0.98512 0.17186
vn 0 0.96859 0.24868
vn 0 0.42697 0.90427
vn 0 0.51876 0.85492
vn 0 0.59117 0.80655
vn 0 0.6593 0.75188
vn 0 0.7225 0.69137
vn 0 0.83135 0.55575
vn 0 0.87927 0.47632
vn 0 0.24868 0.96859
vn 0 0.34624 0.93815
vn 0 0.2589 0.9659
vn 0 0.08701 0.99621
vn -0 -0.96405 -0.26573
vn -0 -0.91751 -0.3977
vn -0 -0.98378 -0.17939
vn -0 -0.98512 -0.17186
vn -0 -0.96859 -0.24868
vn -0 -0.42697 -0.90427
vn -0 -0.51876 -0.85492
vn -0 -0.59117 -0.80655
vn -0 -0.6593 -0.75188
vn -0 -0.7225 -0.69137
vn -0 -0.83135 -0.55575
vn -0 -0.87927 -0.47632
vn -0 -0.24868 -0.96859
vn -0 -0.34624 -0.93815
vn -0 -0.2589 -0.9659
vn -0 -0.08701 -0.99621
vn 0 0.87926 -0.47634
vn 0 0.34585 -0.93829
vn 0 0.25854 -0.966
vn 0 0.17186 -0.98512
vn 0 0.24868 -0.96859
vn 0 0.59123 -0.8065
vn 0 0.51876 -0.85492
vn 0 0.42692 -0.90429
vn 0 0.76721 -0.6414
vn 0 0.7225 -0.69138
vn 0 0.65936 -0.75183
vn 0 0.99997 -0.00752
vn 0 0.96859 -0.24868
vn 0 0.98378 -0.17938
vn 0 0.96395 -0.26607
vn 0 0.91737 -0.39804
vn -0.94497 0.32707 0.00787
vn -0.94497 -0.32707 -0.00787
vn -0.94496 -0.32456 -0.04128
vn -0.94537 -0.31374 0.08859
vn -0.94758 -0.31175 0.07001
vn -0.94429 -0.32434 0.05591
vn -0.9474 -0.31769 0.03878
vn -0.94808 -0.31791 0.0084
vn -0.97258 -0.22075 0.07316
vn -0.9852 -0.14861 0.08545
vn -0.98424 -0.15539 0.08445
vn -0.97847 -0.18611 0.08925
vn -0.98108 -0.17922 0.07321
vn -0.97596 -0.20532 0.0732
vn -0.98586 -0.1426 0.08796
vn -0.98032 -0.1622 0.11257
vn -0.98649 -0.12911 0.10087
vn -0.98674 -0.12393 0.10485
vn -0.98058 -0.14269 0.13454
vn -0.98682 -0.11122 0.11757
vn -0.98011 -0.12105 0.15724
vn -0.98629 -0.10346 0.12853
vn -0.98663 -0.10724 0.12275
vn -0.9785 -0.0785 0.19072
vn -0.98333 -0.07856 0.16398
vn -0.97859 -0.0995 0.18018
vn -0.98436 -0.08941 0.15179
vn -0.98562 -0.09193 0.14175
vn -0.9471 -0.07132 0.31292
vn -0.95512 -0.0782 0.28571
vn -0.96331 -0.07822 0.25674
vn -0.95349 -0.10453 0.28271
vn -0.94506 0.01675 0.32647
vn -0.9479 -0.01569 0.31817
vn -0.94469 -0.03244 0.32635
vn -0.94469 -0.06557 0.32135
vn -0.94424 0.07238 0.32121
vn -0.94696 0.05494 0.31661
vn -0.9479 0.03244 0.31691
vn -0.98333 0.07856 0.16398
vn -0.9785 0.0785 0.19072
vn -0.98432 0.07943 0.15752
vn -0.97957 0.1003 0.17431
vn -0.98563 0.09193 0.14173
vn -0.98624 0.09444 0.13571
vn -0.98032 0.12183 0.15536
vn -0.98663 0.10724 0.12275
vn -0.98682 0.11122 0.11757
vn -0.98058 0.14268 0.13455
vn -0.98674 0.12393 0.10485
vn -0.97604 0.19843 0.08924
vn -0.98115 0.17423 0.0836
vn -0.98423 0.15542 0.08445
vn -0.98519 0.14864 0.08545
vn -0.97963 0.16788 0.11018
vn -0.98588 0.13612 0.09749
vn -0.98649 0.12911 0.10087
vn -0.9663 0.2468 0.07322
vn -0.97258 0.22075 0.07316
vn -0.97596 0.20532 0.0732
vn -0.94537 0.31374 0.08859
vn -0.94496 0.32456 0.04128
vn -0.94741 0.31519 0.05539
vn -0.94758 0.31175 0.07001
vn -0.94537 0.31374 -0.08859
vn -0.94758 0.31175 -0.07001
vn -0.94429 0.32434 -0.05591
vn -0.9474 0.31769 -0.03878
vn -0.94808 0.31791 -0.0084
vn -0.97258 0.22075 -0.07316
vn -0.9852 0.14861 -0.08545
vn -0.98424 0.15539 -0.08445
vn -0.97847 0.18611 -0.08925
vn -0.98108 0.17922 -0.07321
vn -0.97596 0.20532 -0.0732
vn -0.98586 0.1426 -0.08796
vn -0.98032 0.1622 -0.11257
vn -0.98649 0.12911 -0.10087
vn -0.98674 0.12393 -0.10485
vn -0.98058 0.14269 -0.13454
vn -0.98682 0.11122 -0.11757
vn -0.98011 0.12105 -0.15724
vn -0.98629 0.10346 -0.12853
vn -0.98663 0.10724 -0.12275
vn -0.9785 0.0785 -0.19072
vn -0.98333 0.07856 -0.16398
vn -0.97859 0.0995 -0.18018
vn -0.98436 0.08941 -0.15179
vn -0.98562 0.09193 -0.14175
vn -0.9471 0.07132 -0.31292
vn -0.95512 0.0782 -0.28571
vn -0.96331 0.07822 -0.25674
vn -0.95349 0.10453 -0.28271
vn -0.94506 -0.01675 -0.32647
vn -0.9479 0.01569 -0.31817
vn -0.94469 0.03244 -0.32635
vn -0.94469 0.06557 -0.32135
vn -0.94424 -0.07238 -0.32121
vn -0.94696 -0.05494 -0.31661
vn -0.9479 -0.03244 -0.31691
vn -0.98333 -0.07856 -0.16398
vn -0.9785 -0.0785 -0.19072
vn -0.98432 -0.07943 -0.15752
vn -0.97957 -0.1003 -0.17431
vn -0.98563 -0.09193 -0.14173
vn -0.98624 -0.09444 -0.13571
vn -0.98032 -0.12183 -0.15536
vn -0.98663 -0.10724 -0.12275
vn -0.98682 -0.11122 -0.11757
vn -0.98058 -0.14268 -0.13455
vn -0.98674 -0.12393 -0.10485
vn -0.97604 -0.19843 -0.08924
vn -0.98115 -0.17423 -0.0836
vn -0.98423 -0.15542 -0.08445
vn -0.98519 -0.14864 -0.08545
vn -0.97963 -0.16788 -0.11018
vn -0.98588 -0.13612 -0.09749
vn -0.98649 -0.12911 -0.10087
vn -0.9663 -0.2468 -0.07322
vn -0.97258 -0.22075 -0.07316
vn -0.97596 -0.20532 -0.0732
vn -0.94741 -0.31519 -0.05539
vn -0.94758 -0.31175 -0.07001
vn -0.94537 -0.31374 -0.08859
vn -0.82519 0.13512 0.54845
vn -0.80328 0.16991 0.57084
vn -0.80382 0.20484 0.5585
vn -0.82514 0.22084 0.51998
vn -0.80335 0.2656 0.533
vn -0.8252 0.27586 0.49289
vn -0.8037 0.31587 0.50428
vn -0.80368 0.35317 0.47893
vn -0.82521 0.3572 0.43754
vn -0.80338 0.39829 0.44266
vn -0.80382 0.42688 0.41431
vn -0.82514 0.42458 0.37267
vn -0.80325 0.46868 0.36759
vn -0.82518 0.46056 0.32704
vn -0.80375 0.5016 0.31997
vn -0.80362 0.52455 0.28115
vn -0.82522 0.51027 0.24215
vn -0.80347 0.54957 0.22895
vn -0.80382 0.56437 0.18807
vn -0.82514 0.54423 0.15154
vn -0.80315 0.5812 0.13101
vn -0.82515 0.55634 0.09801
vn -0.8038 0.5903 0.07384
vn -0.80327 0.59491 0.02894
vn -0.82497 0.56518 0
vn -0.80327 0.59491 -0.02894
vn -0.8038 0.5903 -0.07384
vn -0.82515 0.55634 -0.09801
vn -0.80315 0.5812 -0.13101
vn -0.80382 0.57224 -0.16253
vn -0.82514 0.53503 -0.18136
vn -0.80347 0.54957 -0.22895
vn -0.82522 0.51027 -0.24215
vn -0.80362 0.52455 -0.28115
vn -0.80375 0.5016 -0.31997
vn -0.82518 0.46056 -0.32704
vn -0.80325 0.46868 -0.36759
vn -0.80382 0.44505 -0.39472
vn -0.82514 0.40335 -0.39554
vn -0.80338 0.39829 -0.44266
vn -0.82521 0.3572 -0.43754
vn -0.80368 0.35317 -0.47893
vn -0.8037 0.31587 -0.50428
vn -0.8252 0.27586 -0.49289
vn -0.80335 0.2656 -0.533
vn -0.80382 0.22971 -0.54873
vn -0.82514 0.19179 -0.53138
vn -0.80328 0.16991 -0.57084
vn -0.82519 0.13512 -0.54845
vn -0.80374 0.11355 -0.58405
vn -0.80364 0.069 -0.5911
vn -0.82522 0.03791 -0.56354
vn -0.80344 0.01127 -0.59528
vn -0.80382 -0.03112 -0.59406
vn -0.82514 -0.05776 -0.56197
vn -0.80318 -0.09144 -0.58867
vn -0.82516 -0.11307 -0.55346
vn -0.80378 -0.14797 -0.57623
vn -0.80357 -0.19128 -0.56364
vn -0.82522 -0.20735 -0.52537
vn -0.80352 -0.24515 -0.54246
vn -0.80381 -0.28533 -0.52199
vn -0.82514 -0.29541 -0.48153
vn -0.80311 -0.3352 -0.4926
vn -0.80382 -0.36036 -0.47331
vn -0.82514 -0.36429 -0.43178
vn -0.80349 -0.41465 -0.42716
vn -0.82522 -0.41256 -0.38574
vn -0.80359 -0.45408 -0.38477
vn -0.80377 -0.48172 -0.34914
vn -0.82517 -0.47329 -0.30835
vn -0.80322 -0.51399 -0.30108
vn -0.80382 -0.53003 -0.27008
vn -0.82514 -0.51556 -0.23096
vn -0.80341 -0.55791 -0.20802
vn -0.82521 -0.53811 -0.17163
vn -0.80366 -0.57515 -0.15275
vn -0.80372 -0.58499 -0.10874
vn -0.8252 -0.55976 -0.07565
vn -0.80332 -0.59332 -0.05145
vn -0.80382 -0.59473 -0.01336
vn -0.82514 -0.56472 0.0156
vn -0.80332 -0.59332 0.05145
vn -0.8252 -0.55976 0.07565
vn -0.80372 -0.58499 0.10874
vn -0.80366 -0.57515 0.15275
vn -0.82521 -0.53811 0.17163
vn -0.80341 -0.55791 0.20802
vn -0.80382 -0.54163 0.246
vn -0.82514 -0.50202 0.25908
vn -0.80322 -0.51399 0.30108
vn -0.82517 -0.47329 0.30835
vn -0.80377 -0.48172 0.34914
vn -0.80359 -0.45408 0.38477
vn -0.82522 -0.41256 0.38574
vn -0.80349 -0.41465 0.42716
vn -0.80382 -0.38125 0.45664
vn -0.82514 -0.3399 0.45124
vn -0.80311 -0.3352 0.4926
vn -0.82514 -0.29541 0.48153
vn -0.80381 -0.28533 0.52199
vn -0.80352 -0.24515 0.54246
vn -0.82522 -0.20735 0.52537
vn -0.80357 -0.19128 0.56364
vn -0.80378 -0.14797 0.57623
vn -0.82516 -0.11307 0.55346
vn -0.80318 -0.09144 0.58867
vn -0.80382 -0.05777 0.59206
vn -0.82514 -0.02664 0.5643
vn -0.80344 0.01127 0.59528
vn -0.82522 0.03791 0.56354
vn -0.80364 0.069 0.5911
vn -0.80374 0.11355 0.58405
vn -0.86444 -0.04848 0.50039
vn -0.88232 -0.09167 0.46164
vn -0.86444 -0.12252 0.48758
vn -0.88232 -0.15945 0.44282
vn -0.86444 -0.19382 0.46387
vn -0.88232 -0.22366 0.41411
vn -0.86444 -0.26079 0.4298
vn -0.88232 -0.28288 0.37615
vn -0.86444 -0.32194 0.38613
vn -0.88232 -0.33579 0.32978
vn -0.86444 -0.37589 0.33384
vn -0.88232 -0.38119 0.27605
vn -0.86444 -0.42145 0.27408
vn -0.88232 -0.41807 0.21616
vn -0.86444 -0.45759 0.20821
vn -0.88232 -0.44562 0.15143
vn -0.86444 -0.48351 0.13768
vn -0.88232 -0.46321 0.08332
vn -0.86444 -0.49863 0.06408
vn -0.88232 -0.47046 0.01336
vn -0.86444 -0.50262 -0.01095
vn -0.88232 -0.46719 -0.05691
vn -0.86444 -0.49537 -0.08574
vn -0.88232 -0.45349 -0.12591
vn -0.86444 -0.47706 -0.15861
vn -0.88232 -0.42966 -0.19209
vn -0.86444 -0.44809 -0.22794
vn -0.88232 -0.39623 -0.25398
vn -0.86444 -0.40911 -0.29218
vn -0.88232 -0.35395 -0.3102
vn -0.86444 -0.36099 -0.34989
vn -0.88232 -0.30377 -0.35949
vn -0.86444 -0.30481 -0.39979
vn -0.88232 -0.2468 -0.40075
vn -0.86444 -0.24182 -0.44075
vn -0.88232 -0.18431 -0.43306
vn -0.86444 -0.17343 -0.47187
vn -0.88232 -0.11771 -0.45569
vn -0.86444 -0.10117 -0.49245
vn -0.88232 -0.04848 -0.46815
vn -0.86444 -0.02664 -0.50203
vn -0.88232 0.02184 -0.47014
vn -0.86444 0.04848 -0.50039
vn -0.88232 0.09167 -0.46164
vn -0.86444 0.12252 -0.48758
vn -0.88232 0.15945 -0.44282
vn -0.86444 0.19382 -0.46387
vn -0.88232 0.22366 -0.41411
vn -0.86444 0.26079 -0.4298
vn -0.88232 0.28288 -0.37615
vn -0.86444 0.32194 -0.38613
vn -0.88232 0.33579 -0.32978
vn -0.86444 0.37589 -0.33384
vn -0.88232 0.38119 -0.27605
vn -0.86444 0.42145 -0.27408
vn -0.88232 0.41807 -0.21616
vn -0.86444 0.45759 -0.20821
vn -0.88232 0.44562 -0.15143
vn -0.86444 0.48351 -0.13768
vn -0.88232 0.46321 -0.08332
vn -0.86444 0.49863 -0.06408
vn -0.88232 0.47046 -0.01336
vn -0.86444 0.50262 0.01095
vn -0.88232 0.46719 0.05691
vn -0.86444 0.49537 0.08574
vn -0.88232 0.45349 0.12591
vn -0.86444 0.47706 0.15861
vn -0.88232 0.42966 0.19209
vn -0.86444 0.44809 0.22794
vn -0.88232 0.39623 0.25398
vn -0.86444 0.40911 0.29218
vn -0.88232 0.35395 0.3102
vn -0.86444 0.36099 0.34989
vn -0.88232 0.30377 0.35949
vn -0.86444 0.30481 0.39979
vn -0.88232 0.2468 0.40075
vn -0.86444 0.24182 0.44075
vn -0.88232 0.18431 0.43306
vn -0.86444 0.17343 0.47187
vn -0.88232 0.11771 0.45569
vn -0.86444 0.10117 0.49245
vn -0.88232 0.04848 0.46815
vn -0.86444 0.02664 0.50203
vn -0.88232 -0.02184 0.47014
vn -0.91453 -0.03861 0.40268
vn -0.92876 -0.07178 0.36367
vn -0.91453 -0.0982 0.39243
vn -0.92876 -0.12518 0.34891
vn -0.91453 -0.15559 0.37341
vn -0.92876 -0.17578 0.32636
vn -0.91453 -0.2095 0.34605
vn -0.92876 -0.22246 0.29652
vn -0.91453 -0.25874 0.31096
vn -0.92876 -0.26417 0.26005
vn -0.91453 -0.3022 0.26892
vn -0.92876 -0.29998 0.21777
vn -0.91453 -0.3389 0.22088
vn -0.92876 -0.32908 0.17063
vn -0.91453 -0.36804 0.1679
vn -0.92876 -0.35084 0.11968
vn -0.91453 -0.38895 0.11117
vn -0.92876 -0.36476 0.06605
vn -0.91453 -0.40118 0.05196
vn -0.92876 -0.37053 0.01095
vn -0.91453 -0.40444 -0.00841
vn -0.92876 -0.36802 -0.0444
vn -0.91453 -0.39867 -0.06859
vn -0.92876 -0.35729 -0.09875
vn -0.91453 -0.38399 -0.12725
vn -0.92876 -0.33858 -0.1509
vn -0.91453 -0.36074 -0.18306
vn -0.92876 -0.31231 -0.19968
vn -0.91453 -0.32943 -0.23478
vn -0.92876 -0.27906 -0.244
vn -0.91453 -0.29075 -0.28125
vn -0.92876 -0.23958 -0.28286
vn -0.91453 -0.24559 -0.32145
vn -0.92876 -0.19474 -0.31541
vn -0.91453 -0.19494 -0.35446
vn -0.92876 -0.14556 -0.34091
vn -0.91453 -0.13993 -0.37955
vn -0.92876 -0.09312 -0.3588
vn -0.91453 -0.0818 -0.39617
vn -0.92876 -0.03861 -0.36867
vn -0.91453 -0.02184 -0.40394
vn -0.92876 0.01677 -0.37031
vn -0.91453 0.03861 -0.40268
vn -0.92876 0.07178 -0.36367
vn -0.91453 0.0982 -0.39243
vn -0.92876 0.12518 -0.34891
vn -0.91453 0.15559 -0.37341
vn -0.92876 0.17578 -0.32636
vn -0.91453 0.2095 -0.34605
vn -0.92876 0.22246 -0.29652
vn -0.91453 0.25874 -0.31096
vn -0.92876 0.26417 -0.26005
vn -0.91453 0.3022 -0.26892
vn -0.92876 0.29998 -0.21777
vn -0.91453 0.3389 -0.22088
vn -0.92876 0.32908 -0.17063
vn -0.91453 0.36804 -0.1679
vn -0.92876 0.35084 -0.11968
vn -0.91453 0.38895 -0.11117
vn -0.92876 0.36476 -0.06605
vn -0.91453 0.40118 -0.05196
vn -0.92876 0.37053 -0.01095
vn -0.91453 0.40444 0.00841
vn -0.92876 0.36802 0.0444
vn -0.91453 0.39867 0.06859
vn -0.92876 0.35729 0.09875
vn -0.91453 0.38399 0.12725
vn -0.92876 0.33858 0.1509
vn -0.91453 0.36074 0.18306
vn -0.92876 0.31231 0.19968
vn -0.91453 0.32943 0.23478
vn -0.92876 0.27906 0.244
vn -0.91453 0.29075 0.28125
vn -0.92876 0.23958 0.28286
vn -0.91453 0.24559 0.32145
vn -0.92876 0.19474 0.31541
vn -0.91453 0.19494 0.35446
vn -0.92876 0.14556 0.34091
vn -0.91453 0.13993 0.37955
vn -0.92876 0.09312 0.3588
vn -0.91453 0.0818 0.39617
vn -0.92876 0.03861 0.36867
vn -0.91453 0.02184 0.40394
vn -0.92876 -0.01677 0.37031
vn -0.95671 0.27618 0.09183
vn -0.9639 0.24343 0.1079
vn -0.95348 0.26904 0.13597
vn -0.9639 0.22463 0.14297
vn -0.95348 0.24577 0.17455
vn -0.9639 0.20081 0.17485
vn -0.95348 0.21701 0.20923
vn -0.9639 0.17251 0.20283
vn -0.95348 0.1834 0.23923
vn -0.9639 0.14035 0.22627
vn -0.95348 0.1457 0.2639
vn -0.96391 0.10485 0.24471
vn -0.95349 0.10453 0.28271
vn -0.96331 0.07822 0.25674
vn -0.95512 0.0782 0.28571
vn -0.96391 0.10485 -0.24471
vn -0.9639 0.12579 -0.23468
vn -0.95348 0.15569 -0.25813
vn -0.9639 0.15936 -0.21331
vn -0.95348 0.19242 -0.23204
vn -0.9639 0.18937 -0.18718
vn -0.95348 0.22486 -0.20077
vn -0.9639 0.21515 -0.15687
vn -0.95348 0.25227 -0.16501
vn -0.9639 0.23613 -0.12305
vn -0.95348 0.27405 -0.12557
vn -0.96336 0.25202 -0.09182
vn -0.95619 0.27978 -0.08615
vn -0.95671 -0.27618 -0.09183
vn -0.9639 -0.24343 -0.1079
vn -0.95348 -0.26904 -0.13597
vn -0.9639 -0.22463 -0.14297
vn -0.95348 -0.24577 -0.17455
vn -0.9639 -0.20081 -0.17485
vn -0.95348 -0.21701 -0.20923
vn -0.9639 -0.17251 -0.20283
vn -0.95348 -0.1834 -0.23923
vn -0.9639 -0.14035 -0.22627
vn -0.95348 -0.1457 -0.2639
vn -0.96391 -0.10485 -0.24471
vn -0.95349 -0.10453 -0.28271
vn -0.96331 -0.07822 -0.25674
vn -0.95512 -0.0782 -0.28571
vn -0.96391 -0.10485 0.24471
vn -0.9639 -0.12579 0.23468
vn -0.95348 -0.15569 0.25813
vn -0.9639 -0.15936 0.21331
vn -0.95348 -0.19242 0.23204
vn -0.9639 -0.18937 0.18718
vn -0.95348 -0.22486 0.20077
vn -0.9639 -0.21515 0.15687
vn -0.95348 -0.25227 0.16501
vn -0.9639 -0.23613 0.12305
vn -0.95348 -0.27405 0.12557
vn -0.96336 -0.25202 0.09182
vn -0.95619 -0.27978 0.08615
vn 1 -0 -0
vn 0 0.98011 0.19847
vn 0 0.92161 0.38813
vn 0 0.87806 0.47855
vn 0 0.76626 0.64253
vn 0 0.698 0.7161
vn 0 0.54283 0.83985
vn 0 0.45591 0.89002
vn 0 0.27116 0.96253
vn 0 0.17332 0.98487
vn -0 -0.0246 0.9997
vn -0 -0.12467 0.9922
vn -0 -0.31817 0.94803
vn -0 -0.41159 0.91137
vn -0 -0.58347 0.81213
vn -0 -0.66194 0.74956
vn -0 -0.79693 0.60407
vn -0 -0.85346 0.52115
vn -0 -0.93958 0.34233
vn -0 -0.96916 0.24643
vn -0 -0.99874 0.05018
vn -0 -0.99874 -0.05018
vn -0 -0.96916 -0.24643
vn -0 -0.93958 -0.34233
vn -0 -0.85346 -0.52115
vn -0 -0.79693 -0.60407
vn -0 -0.66194 -0.74956
vn -0 -0.58347 -0.81213
vn -0 -0.41159 -0.91137
vn -0 -0.31817 -0.94803
vn -0 -0.12467 -0.9922
vn -0 -0.0246 -0.9997
vn 0 0.17332 -0.98487
vn 0 0.27116 -0.96253
vn 0 0.45591 -0.89002
vn 0 0.54283 -0.83985
vn 0 0.698 -0.7161
vn 0 0.76626 -0.64253
vn 0 0.87806 -0.47855
vn 0 0.92161 -0.38813
vn 0 0.98011 -0.19847
vn 0 0.99506 -0.09924
vn 0 0.99506 0.09924
vn 0 0.98568 -0.16861
vn 0 0.99529 -0.09696
vn 0 0.97606 -0.2175
vn 0 0.95786 -0.28724
vn 0 0.94143 -0.33722
vn 0 0.85996 -0.51037
vn 0 0.89454 -0.44699
vn 0 0.91571 -0.40185
vn 0 0.65847 -0.7526
vn 0 0.70555 -0.70866
vn 0 0.74528 -0.66675
vn 0 0.79137 -0.61134
vn 0 0.82085 -0.57115
vn 0 0.62015 -0.78448
vn 0 0.5619 -0.8272
vn 0 0.50071 -0.86562
vn 0 0.45695 -0.88949
vn 0 0.39168 -0.9201
vn 0 0.33307 -0.9429
vn 0 0.15752 -0.98752
vn 0 0.22843 -0.97356
vn 0 0.27665 -0.96097
vn -0 -0.15752 -0.98752
vn -0 -0.10389 -0.99459
vn -0 -0.03603 -0.99935
vn 0 0.03609 -0.99935
vn 0 0.08584 -0.99631
vn -0 -0.20652 -0.97844
vn -0 -0.27666 -0.96097
vn -0 -0.34526 -0.93851
vn -0 -0.3916 -0.92013
vn -0 -0.45693 -0.8895
vn -0 -0.52 -0.85416
vn -0 -0.5619 -0.8272
vn -0 -0.62003 -0.78458
vn -0 -0.65914 -0.75202
vn -0 -0.79137 -0.61134
vn -0 -0.7452 -0.66684
vn -0 -0.71104 -0.70315
vn -0 -0.9423 -0.33476
vn -0 -0.91812 -0.39629
vn -0 -0.89448 -0.4471
vn -0 -0.85996 -0.51037
vn -0 -0.83346 -0.55258
vn -0 -0.95782 -0.28738
vn -0 -0.97606 -0.2175
vn -0 -0.98922 -0.14645
vn -0 -0.99529 -0.09697
vn -0 -0.99969 -0.02502
vn -0 -0.99935 0.03615
vn -0 -0.97606 0.2175
vn -0 -0.98922 0.14645
vn -0 -0.99529 0.09697
vn -0 -0.85996 0.51037
vn -0 -0.88709 0.4616
vn -0 -0.91573 0.40179
vn -0 -0.9423 0.33476
vn -0 -0.95782 0.28738
vn -0 -0.83346 0.55258
vn -0 -0.79137 0.61134
vn -0 -0.7452 0.66684
vn -0 -0.71104 0.70315
vn -0 -0.6585 0.75258
vn -0 -0.60308 0.79768
vn -0 -0.45693 0.8895
vn -0 -0.52 0.85416
vn -0 -0.5619 0.8272
vn -0 -0.27666 0.96097
vn -0 -0.34526 0.93851
vn -0 -0.3916 0.92013
vn 0 0.03609 0.99935
vn -0 -0.03175 0.9995
vn -0 -0.08598 0.9963
vn -0 -0.15752 0.98752
vn -0 -0.20652 0.97844
vn 0 0.08584 0.99631
vn 0 0.15752 0.98752
vn 0 0.22843 0.97356
vn 0 0.27665 0.96097
vn 0 0.34516 0.93854
vn 0 0.40033 0.91637
vn 0 0.5619 0.8272
vn 0 0.50071 0.86562
vn 0 0.45695 0.88949
vn 0 0.79137 0.61134
vn 0 0.75491 0.65583
vn 0 0.71099 0.7032
vn 0 0.65847 0.7526
vn 0 0.62015 0.78448
vn 0 0.82085 0.57115
vn 0 0.85996 0.51037
vn 0 0.89454 0.44699
vn 0 0.91571 0.40185
vn 0 0.94229 0.3348
vn 0 0.96333 0.26831
vn 0 0.99969 -0.02493
vn 0 0.99969 0.02493
vn 0 0.99529 0.09696
vn 0 0.98568 0.16861
vn 0 0.97606 0.2175
vn -0 0 -1
vn -0.5 0.86603 0
vn 0 -0 1
vn 0 1 0
vn -0.5 0 0.86603
vn -0 -1 -0
vn 0 -0 1
vn -0.5 -0.86603 -0
vn -0 0 -1
vn -0.5 0 -0.86603
vn 0 1 0
vn -1 0 0
vn 0 0.87926 0.47634
vn 0 0.34585 0.93829
vn 0 0.25854 0.966
vn 0 0.17186 0.98512
vn 0 0.24868 0.96859
vn 0 0.59123 0.8065
vn 0 0.51876 0.85492
vn 0 0.42692 0.90429
vn 0 0.76721 0.6414
vn 0 0.7225 0.69138
vn 0 0.65936 0.75183
vn 0 0.99997 0.00752
vn 0 0.96859 0.24868
vn 0 0.98378 0.17938
vn 0 0.96395 0.26607
vn 0 0.91737 0.39804
vn -0 -0.96405 0.26573
vn -0 -0.91751 0.3977
vn -0 -0.98378 0.17939
vn -0 -0.98512 0.17186
vn -0 -0.96859 0.24868
vn -0 -0.42697 0.90427
vn -0 -0.51876 0.85492
vn -0 -0.59117 0.80655
vn -0 -0.6593 0.75188
vn -0 -0.7225 0.69137
vn -0 -0.83135 0.55575
vn -0 -0.87927 0.47632
vn -0 -0.24868 0.96859
vn -0 -0.34624 0.93815
vn -0 -0.2589 0.9659
vn -0 -0.08701 0.99621
vn 0 0.96405 -0.26573
vn 0 0.91751 -0.3977
vn 0 0.98378 -0.17939
vn 0 0.98512 -0.17186
vn 0 0.96859 -0.24868
vn 0 0.42697 -0.90427
vn 0 0.51876 -0.85492
vn 0 0.59117 -0.80655
vn 0 0.6593 -0.75188
vn 0 0.7225 -0.69137
vn 0 0.83135 -0.55575
vn 0 0.87927 -0.47632
vn 0 0.24868 -0.96859
vn 0 0.34624 -0.93815
vn 0 0.2589 -0.9659
vn 0 0.08701 -0.99621
vn -0 -0.87926 -0.47634
vn -0 -0.34585 -0.93829
vn -0 -0.25854 -0.966
vn -0 -0.17186 -0.98512
vn -0 -0.24868 -0.96859
vn -0 -0.59123 -0.8065
vn -0 -0.51876 -0.85492
vn -0 -0.42692 -0.90429
vn -0 -0.76721 -0.6414
vn -0 -0.7225 -0.69138
vn -0 -0.65936 -0.75183
vn -0 -0.99997 -0.00752
vn -0 -0.96859 -0.24868
vn -0 -0.98378 -0.17938
vn -0 -0.96395 -0.26607
vn -0 -0.91737 -0.39804
vn -0 -0.50386 0.86379
vn -0 -0.3428 0.93941
vn -0 -0.00446 0.99999
vn 0 0.17283 0.98495
vn 0 0.49613 0.86825
vn 0 0.64215 0.76658
vn 0 0.86379 0.50386
vn 0 0.93941 0.3428
vn 0 0.99999 0.00446
vn 0 0.98495 -0.17283
vn 0 0.86825 -0.49613
vn 0 0.76658 -0.64215
vn 0 0.50386 -0.86379
vn 0 0.3428 -0.93941
vn 0 0.00446 -0.99999
vn -0 -0.17283 -0.98495
vn -0 -0.49613 -0.86825
vn -0 -0.64215 -0.76658
vn -0 -0.86379 -0.50386
vn -0 -0.93941 -0.3428
vn -0 -0.99999 -0.00446
vn -0 -0.98495 0.17283
vn -0 -0.86825 0.49613
vn -0 -0.76658 0.64215
vn -0 -0.82734 -0.56171
vn -0 -0.88188 -0.47147
vn -0 -0.96042 -0.27855
vn -0 -0.98441 -0.17588
vn -0 -0.99949 0.03187
vn -0 -0.99058 0.13693
vn -0 -0.94073 0.33917
vn -0 -0.89978 0.43634
vn -0 -0.78988 0.61327
vn -0 -0.72091 0.69303
vn -0 -0.56171 0.82734
vn -0 -0.47147 0.88188
vn -0 -0.27855 0.96042
vn -0 -0.17588 0.98441
vn -0 -0.00553 0.99998
vn 0 0.09925 0.99506
vn 0 0.20262 0.97926
vn 0 0.33917 0.94073
vn 0 0.43634 0.89978
vn 0 0.61327 0.78988
vn 0 0.69303 0.72091
vn -0 -0.42555 -0.90494
vn -0 -0.53324 -0.84596
vn -0 -0.65591 -0.75484
vn -0 -0.74454 -0.66758
vn -0 -0.86936 -0.49418
vn -0 -0.92373 -0.38305
vn -0 -0.96371 -0.26695
vn -0 -0.99326 -0.11595
vn -0 -0.99997 0.00825
vn -0 -0.96807 0.25068
vn -0 -0.92946 0.36892
vn -0 -0.81214 0.58346
vn -0 -0.73343 0.67977
vn -0 -0.54653 0.83744
vn -0 -0.43834 0.89881
vn -0 -0.2071 0.97832
vn -0 -0.08405 0.99646
vn 0 0.16029 0.98707
vn 0 0.28159 0.95954
vn 0 0.50604 0.86251
vn 0 0.6092 0.79302
vn 0 0.78344 0.62146
vn 0 0.85453 0.5194
vn 0 0.95504 0.29649
vn 0 0.98446 0.17564
vn 0 0.99765 -0.06853
vn 0 0.98142 -0.19185
vn 0 0.90552 -0.4243
vn 0 0.84585 -0.53343
vn 0 0.6911 -0.72276
vn 0 0.59603 -0.80296
vn 0 0.38334 -0.92361
vn 0 0.26572 -0.96405
vn 0 0.02381 -0.99972
vn -0 -0.10048 -0.99494
vn -0 -0.31053 -0.95056
vn -0 -0.54017 0.84156
vn -0 -0.42433 0.90551
vn -0 -0.177 0.98421
vn -0 -0.04551 0.99896
vn 0 0.21311 0.97703
vn 0 0.34024 0.94034
vn 0 0.57078 0.8211
vn 0 0.67419 0.73855
vn 0 0.84156 0.54017
vn 0 0.90551 0.42433
vn 0 0.98421 0.177
vn 0 0.99896 0.04551
vn 0 0.97703 -0.21311
vn 0 0.94034 -0.34024
vn 0 0.8211 -0.57078
vn 0 0.73855 -0.67419
vn 0 0.54017 -0.84156
vn 0 0.42433 -0.90551
vn 0 0.177 -0.98421
vn 0 0.04551 -0.99896
vn -0 -0.21311 -0.97703
vn -0 -0.34024 -0.94034
vn -0 -0.57078 -0.8211
vn -0 -0.67419 -0.73855
vn -0 -0.84156 -0.54017
vn -0 -0.90551 -0.42433
vn -0 -0.98421 -0.177
vn -0 -0.99896 -0.04551
vn -0 -0.97703 0.21311
vn -0 -0.94034 0.34024
vn -0 -0.8211 0.57078
vn -0 -0.73855 0.67419
vn -0 -0.76434 -0.64481
vn 0 0.76434 0.64481
vn 0 0.82734 0.56171
vn 0 0.88188 0.47147
vn 0 0.96042 0.27855
vn 0 0.98441 0.17588
vn 0 0.99939 0.03479
vn 0 0.99756 -0.06977
vn 0 0.98477 -0.17388
vn 0 0.94073 -0.33917
vn 0 0.89978 -0.43634
vn 0 0.78988 -0.61327
vn 0 0.72091 -0.69303
vn 0 0.56171 -0.82734
vn 0 0.47147 -0.88188
vn 0 0.27855 -0.96042
vn 0 0.17588 -0.98441
vn -0 -0.03187 -0.99949
vn -0 -0.13693 -0.99058
vn -0 -0.33917 -0.94073
vn -0 -0.43634 -0.89978
vn -0 -0.61327 -0.78988
vn -0 -0.69303 -0.72091
vn 0 0.73343 -0.67977
vn 0 0.81214 -0.58346
vn 0 0.92946 -0.36892
vn 0 0.96807 -0.25068
vn 0 0.99997 -0.00825
vn 0 0.99326 0.11595
vn 0 0.93542 0.35354
vn 0 0.8843 0.46693
vn 0 0.74454 0.66758
vn 0 0.65591 0.75484
vn 0 0.45311 0.89146
vn 0 0.33894 0.94081
vn 0 0.10048 0.99494
vn -0 -0.02381 0.99972
vn -0 -0.26572 0.96405
vn -0 -0.38334 0.92361
vn -0 -0.59603 0.80296
vn -0 -0.6911 0.72276
vn -0 -0.84585 0.53343
vn -0 -0.90552 0.4243
vn -0 -0.98142 0.19185
vn -0 -0.99765 0.06853
vn -0 -0.98446 -0.17564
vn -0 -0.95504 -0.29649
vn -0 -0.85453 -0.5194
vn -0 -0.78344 -0.62146
vn -0 -0.6092 -0.79302
vn -0 -0.50604 -0.86251
vn -0 -0.28159 -0.95954
vn -0 -0.16029 -0.98707
vn 0 0.08405 -0.99646
vn 0 0.2071 -0.97832
vn 0 0.43834 -0.89881
vn 0 0.54653 -0.83744
vn 0 0.64481 -0.76434
vn -0 -0.04884 -0.99881
vn -0 -0.22292 -0.97484
vn -0 -0.99846 -0.05554
vn -0 -0.99276 0.12009
vn -0 -0.95705 0.28994
vn 0 0.1246 -0.99221
vn 0 0.76658 -0.64215
vn 0 0.86825 -0.49613
vn 0 0.98495 -0.17283
vn 0 0.99999 0.00446
vn 0 0.93941 0.3428
vn 0 0.86379 0.50386
vn 0 0.64215 0.76658
vn 0 0.49613 0.86825
vn 0 0.17283 0.98495
vn -0 -0.00446 0.99999
vn -0 -0.3428 0.93941
vn -0 -0.50386 0.86379
vn -0 -0.76658 0.64215
vn -0 -0.86825 0.49613
vn -0 -0.98495 0.17283
vn -0 -0.99999 -0.00446
vn -0 -0.93941 -0.3428
vn -0 -0.86379 -0.50386
vn -0 -0.64215 -0.76658
vn -0 -0.49613 -0.86825
vn -0 -0.17283 -0.98495
vn 0 0.00446 -0.99999
vn 0 0.3428 -0.93941
vn 0 0.50386 -0.86379
vn 0 0.69303 0.72091
vn 0 0.61327 0.78988
vn 0 0.43634 0.89978
vn 0 0.33917 0.94073
vn 0 0.13693 0.99058
vn 0 0.03187 0.99949
vn -0 -0.17588 0.98441
vn -0 -0.27855 0.96042
vn -0 -0.47147 0.88188
vn -0 -0.56171 0.82734
vn -0 -0.72091 0.69303
vn -0 -0.78988 0.61327
vn -0 -0.89978 0.43634
vn -0 -0.94073 0.33917
vn -0 -0.98477 0.17388
vn -0 -0.99756 0.06977
vn -0 -0.99939 -0.03479
vn -0 -0.98441 -0.17588
vn -0 -0.96042 -0.27855
vn -0 -0.88188 -0.47147
vn -0 -0.82734 -0.56171
vn 1 -0 0
vn 0 0.92373 0.38305
vn 0 0.86936 0.49418
vn 0 0.74454 0.66758
vn 0 0.65591 0.75484
vn 0 0.53324 0.84596
vn 0 0.42555 0.90494
vn 0 0.31053 0.95056
vn 0 0.10048 0.99494
vn -0 -0.02381 0.99972
vn -0 -0.26572 0.96405
vn -0 -0.38334 0.92361
vn -0 -0.59603 0.80296
vn -0 -0.6911 0.72276
vn -0 -0.84585 0.53343
vn -0 -0.90552 0.4243
vn -0 -0.98142 0.19185
vn -0 -0.99765 0.06853
vn -0 -0.98446 -0.17564
vn -0 -0.95504 -0.29649
vn -0 -0.85453 -0.5194
vn -0 -0.78344 -0.62146
vn -0 -0.6092 -0.79302
vn -0 -0.50604 -0.86251
vn -0 -0.28159 -0.95954
vn -0 -0.16029 -0.98707
vn 0 0.08405 -0.99646
vn 0 0.2071 -0.97832
vn 0 0.43834 -0.89881
vn 0 0.54653 -0.83744
vn 0 0.73343 -0.67977
vn 0 0.81214 -0.58346
vn 0 0.92946 -0.36892
vn 0 0.96807 -0.25068
vn 0 0.99997 -0.00825
vn 0 0.99326 0.11595
vn 0 0.96371 0.26695
vn 0 0.73855 -0.67419
vn 0 0.8211 -0.57078
vn 0 0.94034 -0.34024
vn 0 0.97703 -0.21311
vn 0 0.99896 0.04551
vn 0 0.98421 0.177
vn 0 0.90551 0.42433
vn 0 0.84156 0.54017
vn 0 0.67419 0.73855
vn 0 0.57078 0.8211
vn 0 0.34024 0.94034
vn 0 0.21311 0.97703
vn -0 -0.04551 0.99896
vn -0 -0.177 0.98421
vn -0 -0.42433 0.90551
vn -0 -0.54017 0.84156
vn -0 -0.73855 0.67419
vn -0 -0.8211 0.57078
vn -0 -0.94034 0.34024
vn -0 -0.97703 0.21311
vn -0 -0.99896 -0.04551
vn -0 -0.98421 -0.177
vn -0 -0.90551 -0.42433
vn -0 -0.84156 -0.54017
vn -0 -0.67419 -0.73855
vn -0 -0.57078 -0.8211
vn -0 -0.34024 -0.94034
vn -0 -0.21311 -0.97703
vn 0 0.04551 -0.99896
vn 0 0.177 -0.98421
vn 0 0.42433 -0.90551
vn 0 0.54017 -0.84156
vn -1 0 -0
vn -0 -0.76434 -0.64481
vn 0 0.76434 0.64481
vn -0 -0.69303 -0.72091
vn -0 -0.61327 -0.78988
vn -0 -0.43634 -0.89978
vn -0 -0.33917 -0.94073
vn -0 -0.20262 -0.97926
vn -0 -0.09925 -0.99506
vn 0 0.00553 -0.99998
vn 0 0.17588 -0.98441
vn 0 0.27855 -0.96042
vn 0 0.47147 -0.88188
vn 0 0.56171 -0.82734
vn 0 0.72091 -0.69303
vn 0 0.78988 -0.61327
vn 0 0.89978 -0.43634
vn 0 0.94073 -0.33917
vn 0 0.99058 -0.13693
vn 0 0.99949 -0.03187
vn 0 0.98441 0.17588
vn 0 0.96042 0.27855
vn 0 0.88188 0.47147
vn 0 0.82734 0.56171
vn -0 -0.16029 -0.98707
vn -0 -0.6092 -0.79302
vn -0 -0.98142 0.19185
vn -0 -0.90552 0.4243
vn -0 -0.26572 0.96405
vn -0 -0.02381 0.99972
vn 0 0.33894 0.94081
vn 0 0.45311 0.89146
vn 0 0.8843 0.46693
vn 0 0.93542 0.35354
vn 0 0.99997 -0.00825
vn 0 0.64481 -0.76434
vn 0 0.99276 -0.12009
vn 0 0.99846 0.05554
vn 0 0.22292 0.97484
vn 0 0.04884 0.99881
vn -0 -0.1246 0.99221
vn 0 0.95705 -0.28994
vn -1 0 0
vn 0 0.91235 0.40941
vn 0 0.9631 0.26913
vn 0 0.98058 0.19613
vn 0 0.99884 0.04807
vn 0 0.99964 -0.02699
vn 0 0.9845 -0.1754
vn 0 0.96857 -0.24875
vn 0 0.92078 -0.39007
vn 0 0.88893 -0.45804
vn 0 0.8109 -0.58519
vn 0 0.76472 -0.64436
vn 0 0.66035 -0.75096
vn 0 0.60216 -0.79837
vn 0 0.47669 -0.87907
vn 0 0.40941 -0.91235
vn 0 0.26913 -0.9631
vn 0 0.19613 -0.98058
vn 0 0.04807 -0.99884
vn -0 -0.02699 -0.99964
vn -0 -0.1754 -0.9845
vn -0 -0.24875 -0.96857
vn -0 -0.39007 -0.92078
vn -0 -0.45804 -0.88893
vn -0 -0.58519 -0.8109
vn -0 -0.64436 -0.76472
vn -0 -0.75096 -0.66035
vn -0 -0.79837 -0.60216
vn -0 -0.87907 -0.47669
vn -0 -0.91235 -0.40941
vn -0 -0.9631 -0.26913
vn -0 -0.98058 -0.19613
vn -0 -0.99884 -0.04807
vn -0 -0.99964 0.02699
vn -0 -0.9845 0.1754
vn -0 -0.96857 0.24875
vn -0 -0.92078 0.39007
vn -0 -0.88893 0.45804
vn -0 -0.8109 0.58519
vn -0 -0.76472 0.64436
vn -0 -0.66035 0.75096
vn -0 -0.60216 0.79837
vn -0 -0.47669 0.87907
vn -0 -0.40941 0.91235
vn -0 -0.26913 0.9631
vn -0 -0.19613 0.98058
vn -0 -0.04807 0.99884
vn 0 0.02699 0.99964
vn 0 0.1754 0.9845
vn 0 0.24875 0.96857
vn 0 0.39007 0.92078
vn 0 0.45804 0.88893
vn 0 0.58519 0.8109
vn 0 0.64436 0.76472
vn 0 0.75096 0.66035
vn 0 0.79837 0.60216
vn 0 0.87907 0.47669
vn 0 0.79297 0.60926
vn 0 0.73894 0.67377
vn 0 0.61654 0.78732
vn 0 0.54817 0.83637
vn 0 0.40137 0.91591
vn 0 0.32295 0.94642
vn 0 0.16099 0.98696
vn 0 0.07744 0.997
vn -0 -0.08952 0.99599
vn -0 -0.17293 0.98493
vn -0 -0.3344 0.94243
vn -0 -0.41244 0.91098
vn -0 -0.55826 0.82966
vn -0 -0.62604 0.77979
vn -0 -0.74705 0.66476
vn -0 -0.8003 0.5996
vn -0 -0.8889 0.45809
vn -0 -0.92427 0.38174
vn -0 -0.9749 0.22264
vn -0 -0.99017 0.13989
vn -0 -0.99964 -0.0268
vn -0 -0.99385 -0.11075
vn -0 -0.96157 -0.27456
vn -0 -0.93508 -0.35443
vn -0 -0.86308 -0.50507
vn -0 -0.81756 -0.57584
vn -0 -0.71036 -0.70384
vn -0 -0.64867 -0.76107
vn -0 -0.513 -0.85839
vn -0 -0.43902 -0.89848
vn -0 -0.28341 -0.959
vn -0 -0.20179 -0.97943
vn -0 -0.03602 -0.99935
vn 0 0.04813 -0.99884
vn 0 0.21364 -0.97691
vn 0 0.29502 -0.95549
vn 0 0.44988 -0.89309
vn 0 0.52337 -0.85211
vn 0 0.65785 -0.75315
vn 0 0.71884 -0.69518
vn 0 0.82448 -0.56589
vn 0 0.86914 -0.49457
vn 0 0.93931 -0.34307
vn 0 0.96483 -0.26289
vn 0 0.99512 -0.0987
vn 0 0.99989 -0.01469
vn 0 0.9884 0.15188
vn 0 0.97213 0.23444
vn 0 0.91958 0.39291
vn 0 0.88329 0.46883
vn 1 -0 -0
vn -0 -0.87364 -0.48657
vn -0 -0.90281 -0.43003
vn -0 -0.94994 -0.31244
vn -0 -0.96788 -0.2514
vn -0 -0.9919 -0.12702
vn -0 -0.99797 -0.06369
vn -0 -0.99801 0.06299
vn -0 -0.99199 0.12633
vn -0 -0.96806 0.25073
vn -0 -0.95015 0.31178
vn -0 -0.90311 0.4294
vn -0 -0.87398 0.48597
vn -0 -0.80553 0.59256
vn -0 -0.76621 0.64259
vn -0 -0.67883 0.7343
vn -0 -0.63076 0.77598
vn -0 -0.52759 0.8495
vn -0 -0.4725 0.88133
vn -0 -0.35729 0.93399
vn -0 -0.29717 0.95482
vn -0 -0.17407 0.98473
vn -0 -0.1111 0.99381
vn 0 0.01543 0.99988
vn 0 0.07899 0.99688
vn 0 0.20438 0.97889
vn 0 0.26622 0.96391
vn 0 0.38595 0.92252
vn 0 0.44383 0.89611
vn 0 0.55356 0.83281
vn 0 0.6054 0.79592
vn 0 0.70117 0.713
vn 0 0.74509 0.66696
vn 0 0.82343 0.56742
vn 0 0.85785 0.5139
vn 0 0.91593 0.40133
vn 0 0.9396 0.34227
vn 0 0.97533 0.22073
vn 0 0.9874 0.15826
vn 0 0.99948 0.03216
vn 0 0.9995 -0.03147
vn 0 0.98751 -0.15757
vn 0 0.97549 -0.22006
vn 0 0.93984 -0.34161
vn 0 0.91621 -0.40069
vn 0 0.85821 -0.51331
vn 0 0.82383 -0.56684
vn 0 0.74555 -0.66645
vn 0 0.70166 -0.71251
vn 0 0.60595 -0.7955
vn 0 0.55414 -0.83242
vn 0 0.44445 -0.8958
vn 0 0.38659 -0.92225
vn 0 0.26689 -0.96373
vn 0 0.20506 -0.97875
vn 0 0.07968 -0.99682
vn 0 0.01613 -0.99987
vn -0 -0.11041 -0.99389
vn -0 -0.17339 -0.98485
vn -0 -0.29651 -0.95503
vn -0 -0.35664 -0.93424
vn -0 -0.47189 -0.88166
vn -0 -0.527 -0.84986
vn -0 -0.63022 -0.77642
vn -0 -0.67832 -0.73477
vn -0 -0.76577 -0.64312
vn -0 -0.80511 -0.59312
vn -0 -0.24875 -0.96857
vn -0 -0.1754 -0.9845
vn 0 0.04807 -0.99884
vn 0 0.26913 -0.9631
vn 0 0.76472 -0.64436
vn 0 0.96857 -0.24875
vn 0 0.9845 -0.1754
vn 0 0.99884 0.04807
vn 0 0.9631 0.26913
vn 0 0.24875 0.96857
vn 0 0.1754 0.9845
vn -0 -0.04807 0.99884
vn -0 -0.26913 0.9631
vn -0 -0.76472 0.64436
vn -0 -0.96857 0.24875
vn -0 -0.9845 0.1754
vn -0 -0.99884 -0.04807
vn -0 -0.9631 -0.26913
vn -0 -0.77642 -0.63022
vn -0 -0.70246 -0.71173
vn -0 -0.6621 -0.74942
vn -0 -0.57573 -0.81764
vn -0 -0.52972 -0.84817
vn -0 -0.4333 -0.90125
vn -0 -0.38289 -0.92379
vn -0 -0.27905 -0.96028
vn -0 -0.22562 -0.97422
vn -0 -0.11719 -0.99311
vn -0 -0.06219 -0.99806
vn 0 0.04787 -0.99885
vn 0 0.10294 -0.99469
vn 0 0.21163 -0.97735
vn 0 0.26525 -0.96418
vn 0 0.36961 -0.92919
vn 0 0.42033 -0.90737
vn 0 0.5175 -0.85568
vn 0 0.56395 -0.82581
vn 0 0.65129 -0.75883
vn 0 0.69218 -0.72172
vn 0 0.7673 -0.64128
vn 0 0.80153 -0.59795
vn 0 0.86239 -0.50624
vn 0 0.88902 -0.45787
vn 0 0.93395 -0.35739
vn 0 0.95226 -0.3053
vn 0 0.98004 -0.1988
vn 0 0.98952 -0.1444
vn 0 0.9994 -0.03478
vn 0 0.99979 0.02044
vn 0 0.99149 0.13019
vn 0 0.98279 0.18473
vn 0 0.95654 0.29161
vn 0 0.93898 0.34397
vn 0 0.89549 0.44508
vn 0 0.86956 0.49383
vn 0 0.81002 0.5864
vn 0 0.77642 0.63022
vn 0 0.70246 0.71173
vn 0 0.6621 0.74942
vn 0 0.57573 0.81764
vn 0 0.52972 0.84817
vn 0 0.4333 0.90125
vn 0 0.38289 0.92379
vn 0 0.27905 0.96028
vn 0 0.22562 0.97422
vn 0 0.11719 0.99311
vn 0 0.06219 0.99806
vn -0 -0.04787 0.99885
vn -0 -0.10294 0.99469
vn -0 -0.21163 0.97735
vn -0 -0.26525 0.96418
vn -0 -0.36961 0.92919
vn -0 -0.42033 0.90737
vn -0 -0.5175 0.85568
vn -0 -0.56395 0.82581
vn -0 -0.65129 0.75883
vn -0 -0.69218 0.72172
vn -0 -0.7673 0.64128
vn -0 -0.80153 0.59795
vn -0 -0.86239 0.50624
vn -0 -0.88902 0.45787
vn -0 -0.93395 0.35739
vn -0 -0.95226 0.3053
vn -0 -0.98004 0.1988
vn -0 -0.98952 0.1444
vn -0 -0.9994 0.03478
vn -0 -0.99979 -0.02044
vn -0 -0.99149 -0.13019
vn -0 -0.98279 -0.18473
vn -0 -0.95654 -0.29161
vn -0 -0.93898 -0.34397
vn -0 -0.89549 -0.44508
vn -0 -0.86956 -0.49383
vn -0 -0.81002 -0.5864
vn 0 0.80511 0.59312
vn 0 0.76577 0.64312
vn 0 0.67832 0.73477
vn 0 0.63022 0.77642
vn 0 0.527 0.84986
vn 0 0.47189 0.88166
vn 0 0.35664 0.93424
vn 0 0.29651 0.95503
vn 0 0.17339 0.98485
vn 0 0.11041 0.99389
vn -0 -0.01613 0.99987
vn -0 -0.07968 0.99682
vn -0 -0.20506 0.97875
vn -0 -0.26689 0.96373
vn -0 -0.38659 0.92225
vn -0 -0.44445 0.8958
vn -0 -0.55414 0.83242
vn -0 -0.60595 0.7955
vn -0 -0.70166 0.71251
vn -0 -0.74555 0.66645
vn -0 -0.82383 0.56684
vn -0 -0.85821 0.51331
vn -0 -0.91621 0.40069
vn -0 -0.93984 0.34161
vn -0 -0.97549 0.22006
vn -0 -0.98751 0.15757
vn -0 -0.9995 0.03147
vn -0 -0.99948 -0.03216
vn -0 -0.9874 -0.15826
vn -0 -0.97533 -0.22073
vn -0 -0.9396 -0.34227
vn -0 -0.91593 -0.40133
vn -0 -0.85785 -0.5139
vn -0 -0.82343 -0.56742
vn -0 -0.74509 -0.66696
vn -0 -0.70117 -0.713
vn -0 -0.6054 -0.79592
vn -0 -0.55356 -0.83281
vn -0 -0.44383 -0.89611
vn -0 -0.38595 -0.92252
vn -0 -0.26622 -0.96391
vn -0 -0.20438 -0.97889
vn -0 -0.07899 -0.99688
vn -0 -0.01543 -0.99988
vn 0 0.1111 -0.99381
vn 0 0.17407 -0.98473
vn 0 0.29717 -0.95482
vn 0 0.35729 -0.93399
vn 0 0.4725 -0.88133
vn 0 0.52759 -0.8495
vn 0 0.63076 -0.77598
vn 0 0.67883 -0.7343
vn 0 0.76621 -0.64259
vn 0 0.80553 -0.59256
vn 0 0.87398 -0.48597
vn 0 0.90311 -0.4294
vn 0 0.95015 -0.31178
vn 0 0.96806 -0.25073
vn 0 0.99199 -0.12633
vn 0 0.99801 -0.06299
vn 0 0.99797 0.06369
vn 0 0.9919 0.12702
vn 0 0.96788 0.2514
vn 0 0.94994 0.31244
vn 0 0.90281 0.43003
vn 0 0.87364 0.48657
vn -0 -0.77254 -0.63497
vn -0 -0.69369 -0.72027
vn -0 -0.65054 -0.75947
vn -0 -0.55808 -0.82979
vn -0 -0.50878 -0.8609
vn -0 -0.40551 -0.91409
vn -0 -0.35155 -0.93617
vn -0 -0.24062 -0.97062
vn -0 -0.18365 -0.98299
vn -0 -0.06842 -0.99766
vn -0 -0.01016 -0.99995
vn 0 0.10586 -0.99438
vn 0 0.16363 -0.98652
vn 0 0.27692 -0.96089
vn 0 0.33245 -0.94312
vn 0 0.43957 -0.89821
vn 0 0.49117 -0.87106
vn 0 0.58887 -0.80823
vn 0 0.63497 -0.77254
vn 0 0.72027 -0.69369
vn 0 0.75947 -0.65054
vn 0 0.82979 -0.55808
vn 0 0.8609 -0.50878
vn 0 0.91409 -0.40551
vn 0 0.93617 -0.35155
vn 0 0.97062 -0.24062
vn 0 0.98299 -0.18365
vn 0 0.99766 -0.06842
vn 0 0.99995 -0.01016
vn 0 0.99438 0.10586
vn 0 0.98652 0.16363
vn 0 0.96089 0.27692
vn 0 0.94312 0.33245
vn 0 0.89821 0.43957
vn 0 0.87106 0.49117
vn 0 0.80823 0.58887
vn 0 0.77254 0.63497
vn 0 0.69369 0.72027
vn 0 0.65054 0.75947
vn 0 0.55808 0.82979
vn 0 0.50878 0.8609
vn 0 0.40551 0.91409
vn 0 0.35155 0.93617
vn 0 0.24062 0.97062
vn 0 0.18365 0.98299
vn 0 0.06842 0.99766
vn 0 0.01016 0.99995
vn -0 -0.10586 0.99438
vn -0 -0.16363 0.98652
vn -0 -0.27692 0.96089
vn -0 -0.33245 0.94312
vn -0 -0.43957 0.89821
vn -0 -0.49117 0.87106
vn -0 -0.58887 0.80823
vn -0 -0.63497 0.77254
vn -0 -0.72027 0.69369
vn -0 -0.75947 0.65054
vn -0 -0.82979 0.55808
vn -0 -0.8609 0.50878
vn -0 -0.91409 0.40551
vn -0 -0.93617 0.35155
vn -0 -0.97062 0.24062
vn -0 -0.98299 0.18365
vn -0 -0.99766 0.06842
vn -0 -0.99995 0.01016
vn -0 -0.99438 -0.10586
vn -0 -0.98652 -0.16363
vn -0 -0.96089 -0.27692
vn -0 -0.94312 -0.33245
vn -0 -0.89821 -0.43957
vn -0 -0.87106 -0.49117
vn -0 -0.80823 -0.58887
vn 1 -0 -0
vn -0 -0.99189 0.12712
vn -0 -0.99976 -0.02185
vn -0 -0.99531 -0.09678
vn -0 -0.96983 -0.24377
vn -0 -0.94882 -0.31583
vn -0 -0.89127 -0.45347
vn -0 -0.85475 -0.51904
vn -0 -0.76802 -0.64042
vn -0 -0.71782 -0.69623
vn -0 -0.60626 -0.79527
vn -0 -0.5449 -0.8385
vn -0 -0.41409 -0.91023
vn -0 -0.34465 -0.93873
vn -0 -0.20117 -0.97956
vn -0 -0.12712 -0.99189
vn 0 0.02185 -0.99976
vn 0 0.09678 -0.99531
vn 0 0.24377 -0.96983
vn 0 0.31583 -0.94882
vn 0 0.45347 -0.89127
vn 0 0.51904 -0.85475
vn 0 0.64042 -0.76802
vn 0 0.69623 -0.71782
vn 0 0.79527 -0.60626
vn 0 0.8385 -0.5449
vn 0 0.91023 -0.41409
vn 0 0.93873 -0.34465
vn 0 0.97956 -0.20117
vn 0 0.99189 -0.12712
vn 0 0.99976 0.02185
vn 0 0.99531 0.09678
vn 0 0.96983 0.24377
vn 0 0.94882 0.31583
vn 0 0.89127 0.45347
vn 0 0.85475 0.51904
vn 0 0.76802 0.64042
vn 0 0.71782 0.69623
vn 0 0.60626 0.79527
vn 0 0.5449 0.8385
vn 0 0.41409 0.91023
vn 0 0.34465 0.93873
vn 0 0.20117 0.97956
vn 0 0.12712 0.99189
vn -0 -0.02185 0.99976
vn -0 -0.09678 0.99531
vn -0 -0.24377 0.96983
vn -0 -0.31583 0.94882
vn -0 -0.45347 0.89127
vn -0 -0.51904 0.85475
vn -0 -0.64042 0.76802
vn -0 -0.69623 0.71782
vn -0 -0.79527 0.60626
vn -0 -0.8385 0.5449
vn -0 -0.91023 0.41409
vn -0 -0.93873 0.34465
vn -0 -0.97956 0.20117
vn -0 -0.93562 0.35301
vn -0 -0.90263 0.43042
vn -0 -0.81844 0.5746
vn -0 -0.76723 0.64137
vn -0 -0.64983 0.76008
vn -0 -0.58362 0.81202
vn -0 -0.44039 0.89781
vn -0 -0.36335 0.93165
vn -0 -0.20327 0.97912
vn -0 -0.12024 0.99274
vn 0 0.04661 0.99891
vn 0 0.13042 0.99146
vn 0 0.29357 0.95594
vn 0 0.37289 0.92787
vn 0 0.52207 0.8529
vn 0 0.59193 0.80599
vn 0 0.71778 0.69627
vn 0 0.77378 0.63346
vn 0 0.86839 0.49589
vn 0 0.907 0.42113
vn 0 0.96443 0.26435
vn 0 0.98324 0.18234
vn 0 0.99987 0.0162
vn 0 0.99769 -0.06791
vn 0 0.97249 -0.23296
vn 0 0.94946 -0.31389
vn 0 0.884 -0.46749
vn 0 0.84157 -0.54015
vn 0 0.73997 -0.67264
vn 0 0.6808 -0.73247
vn 0 0.54944 -0.83553
vn 0 0.47725 -0.87877
vn 0 0.32439 -0.94592
vn 0 0.24371 -0.96985
vn 0 0.07895 -0.99688
vn -0 -0.00513 -0.99999
vn -0 -0.17144 -0.98519
vn -0 -0.25366 -0.96729
vn -0 -0.41106 -0.91161
vn -0 -0.48625 -0.87382
vn -0 -0.62485 -0.78074
vn -0 -0.68828 -0.72545
vn -0 -0.79939 -0.60082
vn -0 -0.84707 -0.53149
vn -0 -0.92369 -0.38314
vn -0 -0.95263 -0.30413
vn -0 -0.98995 -0.14139
vn -0 -0.99834 -0.05767
vn -0 -0.99402 0.10924
vn -0 -0.98131 0.19242
vn -1 0 0
vn 0 0.97723 -0.2122
vn 0 0.98874 -0.14963
vn 0 0.99973 -0.02342
vn 0 0.99919 0.0402
vn 0 0.98609 0.1662
vn 0 0.97353 0.22857
vn 0 0.93682 0.34981
vn 0 0.91268 0.40868
vn 0 0.85369 0.52079
vn 0 0.81884 0.57402
vn 0 0.7397 0.67294
vn 0 0.69541 0.71861
vn 0 0.59898 0.80076
vn 0 0.54684 0.83724
vn 0 0.43661 0.89965
vn 0 0.37851 0.9256
vn 0 0.25846 0.96602
vn 0 0.1965 0.9805
vn 0 0.07097 0.99748
vn 0 0.00739 0.99997
vn -0 -0.11909 0.99288
vn -0 -0.18199 0.9833
vn -0 -0.30484 0.9524
vn -0 -0.36479 0.93109
vn -0 -0.47958 0.8775
vn -0 -0.53441 0.84523
vn -0 -0.63698 0.77088
vn -0 -0.68471 0.72881
vn -0 -0.77136 0.6364
vn -0 -0.81027 0.58606
vn -0 -0.87786 0.47892
vn -0 -0.90654 0.42213
vn -0 -0.95263 0.30413
vn -0 -0.97004 0.24293
vn -0 -0.99297 0.11835
vn -0 -0.99849 0.05496
vn -0 -0.99743 -0.07171
vn -0 -0.99085 -0.135
vn -0 -0.96583 -0.25918
vn -0 -0.94739 -0.32008
vn -0 -0.89933 -0.43728
vn -0 -0.8697 -0.49359
vn -0 -0.80032 -0.59958
vn -0 -0.76057 -0.64926
vn -0 -0.67238 -0.7402
vn -0 -0.62395 -0.78146
vn -0 -0.52015 -0.85408
vn -0 -0.46478 -0.88543
vn -0 -0.34911 -0.93708
vn -0 -0.28881 -0.95738
vn -0 -0.16546 -0.98622
vn -0 -0.10241 -0.99474
vn 0 0.02417 -0.99971
vn 0 0.0877 -0.99615
vn 0 0.21293 -0.97707
vn 0 0.27463 -0.96155
vn 0 0.39399 -0.91911
vn 0 0.45165 -0.8922
vn 0 0.56082 -0.82794
vn 0 0.61233 -0.7906
vn 0 0.70737 -0.70684
vn 0 0.75089 -0.66043
vn 0 0.82836 -0.5602
vn 0 0.86231 -0.50639
vn 0 0.91941 -0.39331
vn 0 0.94256 -0.33404
vn 0 0.8385 -0.5449
vn 0 0.69623 -0.71782
vn 0 0.51904 -0.85475
vn 0 0.45347 -0.89127
vn 0 0.24377 -0.96983
vn 0 0.02185 -0.99976
vn -0 -0.5449 -0.8385
vn -0 -0.71782 -0.69623
vn -0 -0.85475 -0.51904
vn -0 -0.89127 -0.45347
vn -0 -0.96983 -0.24377
vn -0 -0.99976 -0.02185
vn -0 -0.8385 0.5449
vn -0 -0.69623 0.71782
vn -0 -0.51904 0.85475
vn -0 -0.45347 0.89127
vn -0 -0.24377 0.96983
vn -0 -0.02185 0.99976
vn 0 0.5449 0.8385
vn 0 0.71782 0.69623
vn 0 0.85475 0.51904
vn 0 0.89127 0.45347
vn 0 0.96983 0.24377
vn 0 0.99976 0.02185
vn 0 0.92586 -0.37787
vn 0 0.87872 -0.47733
vn 0 0.85104 -0.52511
vn 0 0.78817 -0.61545
vn 0 0.753 -0.65802
vn 0 0.67612 -0.73679
vn 0 0.63442 -0.77299
vn 0 0.54563 -0.83803
vn 0 0.49854 -0.86687
vn 0 0.40025 -0.9164
vn 0 0.34906 -0.9371
vn 0 0.24396 -0.96979
vn 0 0.19006 -0.98177
vn 0 0.08101 -0.99671
vn 0 0.02587 -0.99967
vn -0 -0.08415 -0.99645
vn -0 -0.13902 -0.99029
vn -0 -0.24701 -0.96901
vn -0 -0.30012 -0.9539
vn -0 -0.40314 -0.91514
vn -0 -0.45304 -0.89149
vn -0 -0.54826 -0.8363
vn -0 -0.59359 -0.80477
vn -0 -0.67844 -0.73466
vn -0 -0.71796 -0.69609
vn -0 -0.79011 -0.61297
vn -0 -0.82274 -0.56842
vn -0 -0.88022 -0.47456
vn -0 -0.90508 -0.42525
vn -0 -0.94633 -0.32321
vn -0 -0.96273 -0.27048
vn -0 -0.98662 -0.16304
vn -0 -0.99411 -0.10833
vn -0 -1 0.00157
vn -0 -0.99839 0.05677
vn -0 -0.9861 0.16615
vn -0 -0.97543 0.22033
vn -0 -0.94531 0.32619
vn -0 -0.92586 0.37787
vn -0 -0.87872 0.47733
vn -0 -0.85104 0.52511
vn -0 -0.78817 0.61545
vn -0 -0.753 0.65802
vn -0 -0.67612 0.73679
vn -0 -0.63442 0.77299
vn -0 -0.54563 0.83803
vn -0 -0.49854 0.86687
vn -0 -0.40025 0.9164
vn -0 -0.34906 0.9371
vn -0 -0.24396 0.96979
vn -0 -0.19006 0.98177
vn -0 -0.08101 0.99671
vn -0 -0.02587 0.99967
vn 0 0.08415 0.99645
vn 0 0.13902 0.99029
vn 0 0.24701 0.96901
vn 0 0.30012 0.9539
vn 0 0.40314 0.91514
vn 0 0.45304 0.89149
vn 0 0.54826 0.8363
vn 0 0.59359 0.80477
vn 0 0.67844 0.73466
vn 0 0.71796 0.69609
vn 0 0.79011 0.61297
vn 0 0.82274 0.56842
vn 0 0.88022 0.47456
vn 0 0.90508 0.42525
vn 0 0.94633 0.32321
vn 0 0.96273 0.27048
vn 0 0.98662 0.16304
vn 0 0.99411 0.10833
vn 0 1 -0.00157
vn 0 0.99839 -0.05677
vn 0 0.9861 -0.16615
vn 0 0.97543 -0.22033
vn 0 0.94531 -0.32619
vn -0 -0.94256 0.33404
vn -0 -0.91941 0.39331
vn -0 -0.86231 0.50639
vn -0 -0.82836 0.5602
vn -0 -0.75089 0.66043
vn -0 -0.70737 0.70684
vn -0 -0.61233 0.7906
vn -0 -0.56082 0.82794
vn -0 -0.45165 0.8922
vn -0 -0.39399 0.91911
vn -0 -0.27463 0.96155
vn -0 -0.21293 0.97707
vn -0 -0.0877 0.99615
vn -0 -0.02417 0.99971
vn 0 0.10241 0.99474
vn 0 0.16546 0.98622
vn 0 0.28881 0.95738
vn 0 0.34911 0.93708
vn 0 0.46478 0.88543
vn 0 0.52015 0.85408
vn 0 0.62395 0.78146
vn 0 0.67238 0.7402
vn 0 0.76057 0.64926
vn 0 0.80032 0.59958
vn 0 0.8697 0.49359
vn 0 0.89933 0.43728
vn 0 0.94739 0.32008
vn 0 0.96583 0.25918
vn 0 0.99085 0.135
vn 0 0.99743 0.07171
vn 0 0.99849 -0.05496
vn 0 0.99297 -0.11835
vn 0 0.97004 -0.24293
vn 0 0.95263 -0.30413
vn 0 0.90654 -0.42213
vn 0 0.87786 -0.47892
vn 0 0.81027 -0.58606
vn 0 0.77136 -0.6364
vn 0 0.68471 -0.72881
vn 0 0.63698 -0.77088
vn 0 0.53441 -0.84523
vn 0 0.47958 -0.8775
vn 0 0.36479 -0.93109
vn 0 0.30484 -0.9524
vn 0 0.18199 -0.9833
vn 0 0.11909 -0.99288
vn -0 -0.00739 -0.99997
vn -0 -0.07097 -0.99748
vn -0 -0.1965 -0.9805
vn -0 -0.25846 -0.96602
vn -0 -0.37851 -0.9256
vn -0 -0.43661 -0.89965
vn -0 -0.54684 -0.83724
vn -0 -0.59898 -0.80076
vn -0 -0.69541 -0.71861
vn -0 -0.7397 -0.67294
vn -0 -0.81884 -0.57402
vn -0 -0.85369 -0.52079
vn -0 -0.91268 -0.40868
vn -0 -0.93682 -0.34981
vn -0 -0.97353 -0.22857
vn -0 -0.98609 -0.1662
vn -0 -0.99919 -0.0402
vn -0 -0.99973 0.02342
vn -0 -0.98874 0.14963
vn -0 -0.97723 0.2122
vn 0 0.92352 -0.38354
vn 0 0.87282 -0.48805
vn 0 0.84289 -0.53808
vn 0 0.77481 -0.6322
vn 0 0.73665 -0.67628
vn 0 0.65326 -0.75714
vn 0 0.60802 -0.79392
vn 0 0.51186 -0.85907
vn 0 0.46092 -0.88744
vn 0 0.3549 -0.9349
vn 0 0.29982 -0.954
vn 0 0.18717 -0.98233
vn 0 0.1296 -0.99157
vn 0 0.01375 -0.99991
vn -0 -0.04455 -0.99901
vn -0 -0.16009 -0.9871
vn -0 -0.21735 -0.97609
vn -0 -0.32907 -0.94431
vn -0 -0.38354 -0.92352
vn -0 -0.48805 -0.87282
vn -0 -0.53808 -0.84289
vn -0 -0.6322 -0.77481
vn -0 -0.67628 -0.73665
vn -0 -0.75714 -0.65326
vn -0 -0.79392 -0.60802
vn -0 -0.85907 -0.51186
vn -0 -0.88744 -0.46092
vn -0 -0.9349 -0.3549
vn -0 -0.954 -0.29982
vn -0 -0.98233 -0.18717
vn -0 -0.99157 -0.1296
vn -0 -0.99991 -0.01375
vn -0 -0.99901 0.04455
vn -0 -0.9871 0.16009
vn -0 -0.97609 0.21735
vn -0 -0.94431 0.32907
vn -0 -0.92352 0.38354
vn -0 -0.87282 0.48805
vn -0 -0.84289 0.53808
vn -0 -0.77481 0.6322
vn -0 -0.73665 0.67628
vn -0 -0.65326 0.75714
vn -0 -0.60802 0.79392
vn -0 -0.51186 0.85907
vn -0 -0.46092 0.88744
vn -0 -0.3549 0.9349
vn -0 -0.29982 0.954
vn -0 -0.18717 0.98233
vn -0 -0.1296 0.99157
vn -0 -0.01375 0.99991
vn 0 0.04455 0.99901
vn 0 0.16009 0.9871
vn 0 0.21735 0.97609
vn 0 0.32907 0.94431
vn 0 0.38354 0.92352
vn 0 0.48805 0.87282
vn 0 0.53808 0.84289
vn 0 0.6322 0.77481
vn 0 0.67628 0.73665
vn 0 0.75714 0.65326
vn 0 0.79392 0.60802
vn 0 0.85907 0.51186
vn 0 0.88744 0.46092
vn 0 0.9349 0.3549
vn 0 0.954 0.29982
vn 0 0.98233 0.18717
vn 0 0.99157 0.1296
vn 0 0.99991 0.01375
vn 0 0.99901 -0.04455
vn 0 0.9871 -0.16009
vn 0 0.97609 -0.21735
vn 0 0.94431 -0.32907
vn 0 0.64481 -0.76434
vn -0 -0.64481 0.76434
vn -1 0 0
vn 1 -0 -0
vn -0 -0.66055 -0.75078
vn -0 -0.53936 -0.84207
vn -0 -0.26938 -0.96303
vn -0 -0.12059 -0.9927
vn 0 0.17514 -0.98454
vn 0 0.32207 -0.94672
vn 0 0.58497 -0.81105
vn 0 0.70094 -0.71322
vn 0 0.87894 -0.47692
vn 0 0.94098 -0.33846
vn 0 0.99883 -0.04833
vn 0 0.99465 0.10333
vn 0 0.92089 0.38983
vn 0 0.85131 0.52466
vn 0 0.66055 0.75078
vn 0 0.53936 0.84207
vn 0 0.26938 0.96303
vn 0 0.12059 0.9927
vn -0 -0.17514 0.98454
vn -0 -0.32207 0.94672
vn -0 -0.58497 0.81105
vn -0 -0.70094 0.71322
vn -0 -0.87894 0.47692
vn -0 -0.94098 0.33846
vn -0 -0.99883 0.04833
vn -0 -0.99465 -0.10333
vn -0 -0.92089 -0.38983
vn -0 -0.85131 -0.52466
vn -0 -0.67419 -0.73855
vn -0 -0.57078 -0.8211
vn -0 -0.34024 -0.94034
vn -0 -0.21311 -0.97703
vn 0 0.04551 -0.99896
vn 0 0.177 -0.98421
vn 0 0.42433 -0.90551
vn 0 0.54017 -0.84156
vn -0 -0.84156 -0.54017
vn -0 -0.90551 -0.42433
vn -0 -0.98421 -0.177
vn -0 -0.99896 -0.04551
vn -0 -0.97703 0.21311
vn -0 -0.94034 0.34024
vn -0 -0.8211 0.57078
vn -0 -0.73855 0.67419
vn 0 0.67419 0.73855
vn 0 0.57078 0.8211
vn 0 0.34024 0.94034
vn 0 0.21311 0.97703
vn -0 -0.04551 0.99896
vn -0 -0.177 0.98421
vn -0 -0.42433 0.90551
vn -0 -0.54017 0.84156
vn 0 0.84156 0.54017
vn 0 0.90551 0.42433
vn 0 0.98421 0.177
vn 0 0.99896 0.04551
vn 0 0.97703 -0.21311
vn 0 0.94034 -0.34024
vn 0 0.8211 -0.57078
vn 0 0.73855 -0.67419
vn -1 0 0
vn 1 -0 -0
vn -0 -0.81897 0.57383
vn -0 -0.84321 0.53758
vn -0 -0.90973 0.4152
vn -0 -0.93655 0.35052
vn -0 -0.97617 0.21699
vn -0 -0.98897 0.14814
vn -0 -0.99937 0.03554
vn -0 -0.99941 -0.03432
vn -0 -0.99698 -0.07767
vn 0 0.81897 -0.57383
vn 0 0.84321 -0.53758
vn 0 0.90973 -0.4152
vn 0 0.93655 -0.35052
vn 0 0.97617 -0.21699
vn 0 0.98897 -0.14814
vn 0 0.99937 -0.03554
vn 0 0.99941 0.03432
vn 0 0.99698 0.07767
vn 0 0.99459 0.10392
vn 0 0.98004 0.19882
vn 0 0.96372 0.26692
vn 0 0.91728 0.39823
vn 0 0.88717 0.46145
vn 0 0.81444 0.58025
vn 0 0.77184 0.63582
vn 0 0.676 0.7369
vn 0 0.62278 0.7824
vn 0 0.50802 0.86134
vn 0 0.4465 0.89478
vn 0 0.31784 0.94815
vn 0 0.2507 0.96806
vn 0 0.11376 0.99351
vn 0 0.04395 0.99903
vn -0 -0.09529 0.99545
vn -0 -0.16472 0.98634
vn -0 -0.30017 0.95389
vn -0 -0.36619 0.93054
vn -0 -0.49193 0.87063
vn -0 -0.55166 0.83407
vn -0 -0.6622 0.74933
vn -0 -0.71302 0.70115
vn -0 -0.77697 0.62954
vn -0 -0.79329 0.60885
vn -0 -0.99459 -0.10392
vn -0 -0.98004 -0.19882
vn -0 -0.96372 -0.26692
vn -0 -0.91728 -0.39823
vn -0 -0.88717 -0.46145
vn -0 -0.81444 -0.58025
vn -0 -0.77184 -0.63582
vn -0 -0.676 -0.7369
vn -0 -0.62278 -0.7824
vn -0 -0.50802 -0.86134
vn -0 -0.4465 -0.89478
vn -0 -0.31784 -0.94815
vn -0 -0.2507 -0.96806
vn -0 -0.11376 -0.99351
vn -0 -0.04395 -0.99903
vn 0 0.09529 -0.99545
vn 0 0.16472 -0.98634
vn 0 0.30017 -0.95389
vn 0 0.36619 -0.93054
vn 0 0.49193 -0.87063
vn 0 0.55166 -0.83407
vn 0 0.6622 -0.74933
vn 0 0.71302 -0.70115
vn 0 0.77697 -0.62954
vn 0 0.79329 -0.60885
vn -0 -0.28445 -0.95869
vn 0 0.28445 0.95869
vn 0 0.94595 -0.32432
vn 0 0.96976 -0.24407
vn 0 0.97914 -0.2032
vn 0 0.99687 -0.0791
vn 0 0.99999 0.00498
vn 0 0.98522 0.17129
vn 0 0.96733 0.25351
vn 0 0.91167 0.41093
vn 0 0.87389 0.48612
vn 0 0.78083 0.62474
vn 0 0.72555 0.68817
vn 0 0.60094 0.7993
vn 0 0.53161 0.84699
vn 0 0.38328 0.92363
vn 0 0.30427 0.95258
vn 0 0.14154 0.98993
vn 0 0.05782 0.99833
vn -0 -0.10909 0.99403
vn -0 -0.19228 0.98134
vn -0 -0.35287 0.93567
vn -0 -0.43028 0.90269
vn -0 -0.57448 0.81852
vn -0 -0.64126 0.76733
vn -0 -0.75999 0.64994
vn -0 -0.81194 0.58375
vn -0 -0.89774 0.44052
vn -0 -0.9316 0.36349
vn -0 -0.97909 0.20342
vn -0 -0.99273 0.12039
vn -0 -0.99892 -0.04646
vn -0 -0.99148 -0.13028
vn -0 -0.95598 -0.29342
vn -0 -0.92793 -0.37275
vn -0 -0.85298 -0.52195
vn -0 -0.80608 -0.59181
vn -0 -0.69638 -0.71768
vn -0 -0.63358 -0.77368
vn -0 -0.49602 -0.86831
vn -0 -0.42126 -0.90694
vn -0 -0.2645 -0.96439
vn -0 -0.18248 -0.98321
vn -0 -0.01635 -0.99987
vn 0 0.06776 -0.9977
vn 0 0.23282 -0.97252
vn 0 0.31375 -0.9495
vn 0 0.46736 -0.88407
vn 0 0.54003 -0.84165
vn 0 0.67253 -0.74007
vn 0 0.73237 -0.68091
vn 0 0.83545 -0.54956
vn 0 0.8787 -0.47738
vn 0 0.93152 -0.36369
vn -0.71031 -0.70053 0.06869
vn -0.71031 -0.70091 -0.06472
vn -0.71031 -0.6915 -0.13146
vn -0.71031 -0.65428 -0.25957
vn -0.71031 -0.62646 -0.32095
vn -0.71031 -0.55465 -0.43339
vn -0.71031 -0.51066 -0.48444
vn -0.71031 -0.41008 -0.57209
vn -0.71031 -0.35349 -0.60869
vn -0.71031 -0.23229 -0.66445
vn -0.71031 -0.16768 -0.68362
vn -0.71031 -0.03568 -0.70298
vn -0.71031 0.03171 -0.70317
vn -0.71031 0.16381 -0.68456
vn -0.71031 0.22853 -0.66576
vn -0.71031 0.35004 -0.61068
vn -0.71031 0.40684 -0.57441
vn -0.71031 0.50791 -0.48732
vn -0.71031 0.55219 -0.43652
vn -0.71031 0.62463 -0.32449
vn -0.71031 0.6528 -0.26327
vn -0.71031 0.69075 -0.13537
vn -0.71031 0.70053 -0.06869
vn -0.71031 0.70091 0.06472
vn -0.71031 0.6915 0.13146
vn -0.71031 0.65428 0.25957
vn -0.71031 0.62646 0.32095
vn -0.71031 0.55465 0.43339
vn -0.71031 0.51066 0.48444
vn -0.71031 0.41008 0.57209
vn -0.71031 0.35349 0.60869
vn -0.71031 0.23229 0.66445
vn -0.71031 0.16768 0.68362
vn -0.71031 0.03568 0.70298
vn -0.71031 -0.03171 0.70317
vn -0.71031 -0.16381 0.68456
vn -0.71031 -0.22853 0.66576
vn -0.71031 -0.35004 0.61068
vn -0.71031 -0.40684 0.57441
vn -0.71031 -0.50791 0.48732
vn -0.71031 -0.55219 0.43652
vn -0.71031 -0.62463 0.32449
vn -0.71031 -0.6528 0.26327
vn -0.71031 -0.69075 0.13537
vn -0 -0.99523 0.09758
vn -0 -0.99576 -0.09195
vn -0 -0.98241 -0.18676
vn -0 -0.92952 -0.36877
vn -0 -0.89 -0.45597
vn -0 -0.78798 -0.61571
vn -0 -0.72548 -0.68824
vn -0 -0.58259 -0.81276
vn -0 -0.5022 -0.86475
vn -0 -0.33001 -0.94398
vn -0 -0.23823 -0.97121
vn -0 -0.0507 -0.99871
vn 0 0.04505 -0.99898
vn 0 0.23273 -0.97254
vn 0 0.32467 -0.94583
vn 0 0.4973 -0.86758
vn 0 0.57799 -0.81605
vn 0 0.72158 -0.69233
vn 0 0.78448 -0.62015
vn 0 0.8874 -0.461
vn 0 0.92742 -0.37402
vn 0 0.98133 -0.19231
vn 0 0.99523 -0.09758
vn 0 0.99576 0.09195
vn 0 0.98241 0.18676
vn 0 0.92952 0.36877
vn 0 0.89 0.45597
vn 0 0.78798 0.61571
vn 0 0.72548 0.68824
vn 0 0.58259 0.81276
vn 0 0.5022 0.86475
vn 0 0.33001 0.94398
vn 0 0.23823 0.97121
vn 0 0.0507 0.99871
vn -0 -0.04505 0.99898
vn -0 -0.23273 0.97254
vn -0 -0.32467 0.94583
vn -0 -0.4973 0.86758
vn -0 -0.57799 0.81605
vn -0 -0.72158 0.69233
vn -0 -0.78448 0.62015
vn -0 -0.8874 0.461
vn -0 -0.92742 0.37402
vn -0 -0.98133 0.19231
vn 1 -0 -0
vn -1 0 0
vn -0 -0.98754 -0.15739
vn -0 -0.99346 -0.11418
vn -0 -0.99969 0.02496
vn -0 -0.99549 0.09486
vn -0 -0.97265 0.23227
vn -0 -0.95401 0.29977
vn -0 -0.91407 0.40555
vn -0 -0.88353 0.46838
vn -0 -0.86236 0.5063
vn 0 0.98754 0.15739
vn 0 0.99346 0.11418
vn 0 0.99969 -0.02496
vn 0 0.99549 -0.09486
vn 0 0.97265 -0.23227
vn 0 0.95401 -0.29977
vn 0 0.91407 -0.40555
vn 0 0.88353 -0.46838
vn 0 0.86236 -0.5063
vn 0 0.84872 -0.52885
vn 0 0.79409 -0.6078
vn 0 0.74961 -0.66188
vn 0 0.65037 -0.75962
vn 0 0.59561 -0.80327
vn 0 0.47822 -0.87824
vn 0 0.41559 -0.90955
vn 0 0.28518 -0.95847
vn 0 0.2174 -0.97608
vn 0 0.07967 -0.99682
vn 0 0.00971 -0.99995
vn -0 -0.12932 -0.9916
vn -0 -0.1984 -0.98012
vn -0 -0.33266 -0.94305
vn -0 -0.39784 -0.91745
vn -0 -0.52146 -0.85327
vn -0 -0.5799 -0.81469
vn -0 -0.68747 -0.72621
vn -0 -0.73661 -0.67632
vn -0 -0.82344 -0.56741
vn -0 -0.86113 -0.50839
vn -0 -0.92341 -0.3838
vn -0 -0.94801 -0.31824
vn -0 -0.97416 -0.22587
vn -0 -0.97977 -0.20011
vn -0 -0.84872 0.52885
vn -0 -0.79409 0.6078
vn -0 -0.74961 0.66188
vn -0 -0.65037 0.75962
vn -0 -0.59561 0.80327
vn -0 -0.47822 0.87824
vn -0 -0.41559 0.90955
vn -0 -0.28518 0.95847
vn -0 -0.2174 0.97608
vn -0 -0.07967 0.99682
vn -0 -0.00971 0.99995
vn 0 0.12932 0.9916
vn 0 0.1984 0.98012
vn 0 0.33266 0.94305
vn 0 0.39784 0.91745
vn 0 0.52146 0.85327
vn 0 0.5799 0.81469
vn 0 0.68747 0.72621
vn 0 0.73661 0.67632
vn 0 0.82344 0.56741
vn 0 0.86113 0.50839
vn 0 0.92341 0.3838
vn 0 0.94801 0.31824
vn 0 0.97416 0.22587
vn 0 0.97977 0.20011
vn 0 0.16396 0.98647
vn -0 -0.16396 -0.98647
vn 0 0.99246 -0.12253
vn 0 0.97874 -0.2051
vn 0 0.96928 -0.24596
vn 0 0.93089 -0.36529
vn 0 0.89689 -0.44226
vn 0 0.8108 -0.58532
vn 0 0.75872 -0.65141
vn 0 0.63976 -0.76857
vn 0 0.57289 -0.81964
vn 0 0.42853 -0.90353
vn 0 0.35105 -0.93636
vn 0 0.19037 -0.98171
vn 0 0.10716 -0.99424
vn -0 -0.05975 -0.99821
vn -0 -0.14346 -0.98966
vn -0 -0.30612 -0.95199
vn -0 -0.38507 -0.92289
vn -0 -0.53326 -0.84595
vn -0 -0.60249 -0.79813
vn -0 -0.72688 -0.68676
vn -0 -0.78205 -0.62322
vn -0 -0.87484 -0.48442
vn -0 -0.91247 -0.40915
vn -0 -0.96782 -0.25164
vn -0 -0.98555 -0.16938
vn -0 -1 -0.00304
vn -0 -0.99671 0.08104
vn -0 -0.96934 0.24574
vn -0 -0.94524 0.32636
vn -0 -0.87777 0.47909
vn -0 -0.83438 0.55118
vn -0 -0.73105 0.68233
vn -0 -0.6711 0.74137
vn -0 -0.53839 0.84269
vn -0 -0.46564 0.88497
vn -0 -0.31191 0.95011
vn -0 -0.23093 0.97297
vn -0 -0.06583 0.99783
vn 0 0.0183 0.99983
vn 0 0.18439 0.98285
vn 0 0.26637 0.96387
vn 0 0.42302 0.90612
vn 0 0.49771 0.86735
vn 0 0.63508 0.77245
vn 0 0.69777 0.71632
vn 0 0.80723 0.59024
vn 0 0.85399 0.52029
vn 0 0.92865 0.37095
vn 0 0.95655 0.29157
vn 0 0.99173 0.12835
vn 0 0.99901 0.04452
vn 0 0.99673 -0.08082
vn 0.71031 -0.6599 0.24493
vn 0.71031 -0.60183 0.36504
vn 0.71031 -0.56417 0.42092
vn 0.71031 -0.47461 0.51981
vn 0.71031 -0.42273 0.56281
vn 0.71031 -0.30894 0.63247
vn 0.71031 -0.24704 0.65911
vn 0.71031 -0.11824 0.69389
vn 0.71031 -0.05134 0.70201
vn 0.71031 0.08204 0.69909
vn 0.71031 0.14852 0.68804
vn 0.71031 0.27567 0.64766
vn 0.71031 0.33635 0.61833
vn 0.71031 0.44697 0.54376
vn 0.71031 0.49693 0.49852
vn 0.71031 0.58206 0.39581
vn 0.71031 0.61725 0.33833
vn 0.71031 0.67 0.21579
vn 0.71031 0.68756 0.15072
vn 0.71031 0.70365 0.01829
vn 0.71031 0.70217 -0.04909
vn 0.71031 0.6803 -0.1807
vn 0.71031 0.6599 -0.24493
vn 0.71031 0.60183 -0.36504
vn 0.71031 0.56417 -0.42092
vn 0.71031 0.47461 -0.51981
vn 0.71031 0.42273 -0.56281
vn 0.71031 0.30894 -0.63247
vn 0.71031 0.24704 -0.65911
vn 0.71031 0.11824 -0.69389
vn 0.71031 0.05134 -0.70201
vn 0.71031 -0.08204 -0.69909
vn 0.71031 -0.14852 -0.68804
vn 0.71031 -0.27567 -0.64766
vn 0.71031 -0.33635 -0.61833
vn 0.71031 -0.44697 -0.54376
vn 0.71031 -0.49693 -0.49852
vn 0.71031 -0.58206 -0.39581
vn 0.71031 -0.61725 -0.33833
vn 0.71031 -0.67 -0.21579
vn 0.71031 -0.68756 -0.15072
vn 0.71031 -0.70365 -0.01829
vn 0.71031 -0.70217 0.04909
vn 0.71031 -0.6803 0.1807
vn -0 -0.93751 0.34796
vn -0 -0.85502 0.5186
vn -0 -0.8015 0.59799
vn -0 -0.67427 0.73848
vn -0 -0.60056 0.79958
vn -0 -0.43891 0.89853
vn -0 -0.35097 0.93639
vn -0 -0.16798 0.98579
vn -0 -0.07294 0.99734
vn 0 0.11655 0.99318
vn 0 0.211 0.97749
vn 0 0.39164 0.92012
vn 0 0.47784 0.87845
vn 0 0.63501 0.77251
vn 0 0.70597 0.70824
vn 0 0.82692 0.56231
vn 0 0.87691 0.48066
vn 0 0.95185 0.30656
vn 0 0.9768 0.21413
vn 0 0.99966 0.02598
vn 0 0.99757 -0.06974
vn 0 0.96649 -0.25671
vn 0 0.93751 -0.34796
vn 0 0.85502 -0.5186
vn 0 0.8015 -0.59799
vn 0 0.67427 -0.73848
vn 0 0.60056 -0.79958
vn 0 0.43891 -0.89853
vn 0 0.35097 -0.93639
vn 0 0.16798 -0.98579
vn 0 0.07294 -0.99734
vn -0 -0.11655 -0.99318
vn -0 -0.211 -0.97749
vn -0 -0.39164 -0.92012
vn -0 -0.47784 -0.87845
vn -0 -0.63501 -0.77251
vn -0 -0.70597 -0.70824
vn -0 -0.82692 -0.56231
vn -0 -0.87691 -0.48066
vn -0 -0.95185 -0.30656
vn -0 -0.9768 -0.21413
vn -0 -0.99966 -0.02598
vn -0 -0.99757 0.06974
vn -0 -0.96649 0.25671
f 1//1 2//1 3//1
f 4//2 5//2 6//2
f 5//3 4//3 7//3
f 8//4 9//4 10//4
f 10//5 9//5 11//5
f 10//6 11//6 6//6
f 6//7 11//7 12//7
f 6//8 12//8 4//8
f 13//9 14//9 15//9
f 16//10 17//10 18//10
f 18//11 17//11 19//11
f 18//12 19//12 13//12
f 13//13 19//13 20//13
f 13//14 20//14 14//14
f 16//15 18//15 21//15
f 21//16 18//16 22//16
f 21//17 22//17 23//17
f 23//18 22//18 24//18
f 24//19 22//19 25//19
f 24//20 25//20 26//20
f 27//21 28//21 25//21
f 25//22 28//22 29//22
f 25//23 29//23 26//23
f 30//24 31//24 32//24
f 32//25 31//25 33//25
f 32//26 33//26 27//26
f 27//27 33//27 34//27
f 27//28 34//28 28//28
f 35//29 36//29 37//29
f 36//30 38//30 37//30
f 37//31 38//31 30//31
f 37//32 30//32 39//32
f 40//33 41//33 42//33
f 42//34 41//34 35//34
f 42//35 35//35 43//35
f 43//36 35//36 37//36
f 44//37 45//37 40//37
f 40//38 45//38 46//38
f 40//39 46//39 41//39
f 47//40 48//40 49//40
f 49//41 48//41 50//41
f 47//42 49//42 51//42
f 51//43 49//43 52//43
f 51//44 52//44 53//44
f 53//45 52//45 54//45
f 54//46 52//46 55//46
f 54//47 55//47 56//47
f 56//48 55//48 57//48
f 57//49 55//49 58//49
f 57//50 58//50 59//50
f 60//51 61//51 62//51
f 62//52 61//52 63//52
f 63//53 64//53 62//53
f 62//54 64//54 65//54
f 62//55 65//55 58//55
f 58//56 65//56 66//56
f 58//57 66//57 59//57
f 67//58 68//58 60//58
f 60//59 68//59 69//59
f 60//60 69//60 61//60
f 70//61 71//61 67//61
f 2//62 1//62 71//62
f 71//63 1//63 72//63
f 71//64 72//64 67//64
f 73//65 74//65 75//65
f 75//66 74//66 76//66
f 75//67 76//67 3//67
f 3//68 76//68 77//68
f 3//69 77//69 1//69
f 78//70 79//70 80//70
f 81//71 82//71 83//71
f 83//72 82//72 84//72
f 83//73 84//73 78//73
f 78//74 84//74 85//74
f 78//75 85//75 79//75
f 81//76 83//76 86//76
f 86//77 83//77 87//77
f 86//78 87//78 88//78
f 88//79 87//79 89//79
f 89//80 87//80 90//80
f 89//81 90//81 91//81
f 92//82 93//82 90//82
f 90//83 93//83 94//83
f 90//84 94//84 91//84
f 95//85 96//85 97//85
f 97//86 96//86 98//86
f 97//87 98//87 92//87
f 92//88 98//88 99//88
f 92//89 99//89 93//89
f 100//90 101//90 102//90
f 101//91 103//91 102//91
f 102//92 103//92 95//92
f 102//93 95//93 104//93
f 105//94 106//94 107//94
f 107//95 106//95 100//95
f 107//96 100//96 108//96
f 108//97 100//97 102//97
f 109//98 110//98 105//98
f 105//99 110//99 111//99
f 105//100 111//100 106//100
f 112//101 113//101 114//101
f 114//102 113//102 115//102
f 112//103 114//103 116//103
f 116//104 114//104 117//104
f 116//105 117//105 118//105
f 118//106 117//106 119//106
f 119//107 117//107 120//107
f 119//108 120//108 121//108
f 121//109 120//109 122//109
f 122//110 120//110 123//110
f 122//111 123//111 124//111
f 125//112 126//112 127//112
f 127//113 126//113 128//113
f 128//114 129//114 127//114
f 127//115 129//115 130//115
f 127//116 130//116 123//116
f 123//117 130//117 131//117
f 123//118 131//118 124//118
f 132//119 133//119 125//119
f 125//120 133//120 134//120
f 125//121 134//121 126//121
f 4//122 135//122 7//122
f 7//123 135//123 132//123
f 7//124 132//124 136//124
f 137//125 138//125 139//125
f 137//126 140//126 138//126
f 138//127 140//127 141//127
f 138//128 141//128 142//128
f 142//129 141//129 143//129
f 142//130 143//130 144//130
f 143//131 145//131 144//131
f 144//132 145//132 146//132
f 144//133 146//133 147//133
f 146//134 148//134 147//134
f 147//135 148//135 149//135
f 147//136 149//136 150//136
f 150//137 149//137 151//137
f 150//138 151//138 152//138
f 151//139 153//139 152//139
f 152//140 153//140 154//140
f 152//141 154//141 155//141
f 154//142 156//142 155//142
f 155//143 156//143 157//143
f 155//144 157//144 158//144
f 158//145 157//145 159//145
f 158//146 159//146 160//146
f 159//147 161//147 160//147
f 160//148 161//148 162//148
f 160//149 162//149 163//149
f 162//150 164//150 163//150
f 163//151 164//151 165//151
f 163//152 165//152 166//152
f 165//153 167//153 166//153
f 166//154 167//154 168//154
f 166//155 168//155 169//155
f 169//156 168//156 170//156
f 169//157 170//157 171//157
f 170//158 172//158 171//158
f 171//159 172//159 173//159
f 171//160 173//160 174//160
f 173//161 175//161 174//161
f 174//162 175//162 176//162
f 174//163 176//163 177//163
f 177//164 176//164 178//164
f 177//165 178//165 179//165
f 178//166 180//166 179//166
f 179//167 180//167 181//167
f 179//168 181//168 182//168
f 181//169 183//169 182//169
f 182//170 183//170 184//170
f 182//171 184//171 185//171
f 185//172 184//172 186//172
f 185//173 186//173 187//173
f 186//174 188//174 187//174
f 187//175 188//175 189//175
f 187//176 189//176 190//176
f 189//177 191//177 190//177
f 190//178 191//178 192//178
f 190//179 192//179 193//179
f 193//180 192//180 194//180
f 193//181 194//181 195//181
f 194//182 196//182 195//182
f 195//183 196//183 197//183
f 195//184 197//184 198//184
f 197//185 199//185 198//185
f 198//186 199//186 200//186
f 198//187 200//187 201//187
f 200//188 202//188 201//188
f 201//189 202//189 203//189
f 201//190 203//190 204//190
f 204//191 203//191 205//191
f 204//192 205//192 206//192
f 205//193 207//193 206//193
f 206//194 207//194 208//194
f 206//195 208//195 209//195
f 208//196 210//196 209//196
f 209//197 210//197 211//197
f 209//198 211//198 212//198
f 212//199 211//199 213//199
f 212//200 213//200 214//200
f 213//201 215//201 214//201
f 214//202 215//202 216//202
f 214//203 216//203 217//203
f 216//204 218//204 217//204
f 217//205 218//205 219//205
f 217//206 219//206 220//206
f 220//207 219//207 221//207
f 220//208 221//208 222//208
f 221//209 223//209 222//209
f 222//210 223//210 224//210
f 222//211 224//211 225//211
f 224//212 226//212 225//212
f 225//213 226//213 227//213
f 225//214 227//214 228//214
f 228//215 227//215 229//215
f 228//216 229//216 230//216
f 229//217 231//217 230//217
f 230//218 231//218 232//218
f 230//219 232//219 233//219
f 232//220 234//220 233//220
f 233//221 234//221 235//221
f 233//222 235//222 236//222
f 236//223 235//223 237//223
f 236//224 237//224 238//224
f 237//225 239//225 238//225
f 238//226 239//226 240//226
f 238//227 240//227 241//227
f 240//228 242//228 241//228
f 241//229 242//229 243//229
f 241//230 243//230 244//230
f 243//231 245//231 244//231
f 244//232 245//232 246//232
f 244//233 246//233 247//233
f 247//234 246//234 248//234
f 247//235 248//235 139//235
f 139//236 248//236 249//236
f 139//237 249//237 137//237
f 247//238 250//238 244//238
f 244//239 250//239 251//239
f 244//240 251//240 241//240
f 241//241 251//241 252//241
f 241//242 252//242 238//242
f 238//243 252//243 253//243
f 238//244 253//244 236//244
f 236//245 253//245 254//245
f 236//246 254//246 233//246
f 233//247 254//247 255//247
f 233//248 255//248 230//248
f 230//249 255//249 256//249
f 230//250 256//250 228//250
f 228//251 256//251 257//251
f 228//252 257//252 225//252
f 225//253 257//253 258//253
f 225//254 258//254 222//254
f 222//255 258//255 259//255
f 222//256 259//256 220//256
f 220//257 259//257 260//257
f 220//258 260//258 217//258
f 217//259 260//259 261//259
f 217//260 261//260 214//260
f 214//261 261//261 262//261
f 214//262 262//262 212//262
f 212//263 262//263 263//263
f 212//264 263//264 209//264
f 209//265 263//265 264//265
f 209//266 264//266 206//266
f 206//267 264//267 265//267
f 206//268 265//268 204//268
f 204//269 265//269 266//269
f 204//270 266//270 201//270
f 201//271 266//271 267//271
f 201//272 267//272 198//272
f 198//273 267//273 268//273
f 198//274 268//274 195//274
f 195//275 268//275 269//275
f 195//276 269//276 193//276
f 193//277 269//277 270//277
f 193//278 270//278 190//278
f 190//279 270//279 271//279
f 190//280 271//280 187//280
f 187//281 271//281 272//281
f 187//282 272//282 185//282
f 185//283 272//283 273//283
f 185//284 273//284 182//284
f 182//285 273//285 274//285
f 182//286 274//286 179//286
f 179//287 274//287 275//287
f 179//288 275//288 177//288
f 177//289 275//289 276//289
f 177//290 276//290 174//290
f 174//291 276//291 277//291
f 174//292 277//292 171//292
f 171//293 277//293 278//293
f 171//294 278//294 169//294
f 169//295 278//295 279//295
f 169//296 279//296 166//296
f 166//297 279//297 280//297
f 166//298 280//298 163//298
f 163//299 280//299 281//299
f 163//300 281//300 160//300
f 160//301 281//301 282//301
f 160//302 282//302 158//302
f 158//303 282//303 283//303
f 158//304 283//304 155//304
f 155//305 283//305 284//305
f 155//306 284//306 152//306
f 152//307 284//307 285//307
f 152//308 285//308 150//308
f 150//309 285//309 286//309
f 150//310 286//310 147//310
f 147//311 286//311 287//311
f 147//312 287//312 144//312
f 144//313 287//313 288//313
f 144//314 288//314 142//314
f 142//315 288//315 289//315
f 142//316 289//316 138//316
f 138//317 289//317 290//317
f 138//318 290//318 139//318
f 139//319 290//319 291//319
f 139//320 291//320 247//320
f 247//321 291//321 250//321
f 291//322 43//322 250//322
f 250//323 43//323 37//323
f 250//324 37//324 251//324
f 251//325 37//325 39//325
f 251//326 39//326 252//326
f 252//327 39//327 292//327
f 252//328 292//328 253//328
f 253//329 292//329 293//329
f 253//330 293//330 254//330
f 254//331 293//331 294//331
f 254//332 294//332 255//332
f 255//333 294//333 295//333
f 255//334 295//334 256//334
f 256//335 295//335 8//335
f 256//336 8//336 257//336
f 257//337 8//337 10//337
f 257//338 10//338 258//338
f 258//339 10//339 6//339
f 258//340 6//340 259//340
f 259//341 6//341 5//341
f 259//342 5//342 260//342
f 260//343 5//343 7//343
f 260//344 7//344 261//344
f 261//345 7//345 136//345
f 261//346 136//346 262//346
f 262//347 136//347 296//347
f 262//348 296//348 263//348
f 263//349 296//349 297//349
f 263//350 297//350 264//350
f 264//351 297//351 298//351
f 264//352 298//352 265//352
f 265//353 298//353 299//353
f 265//354 299//354 266//354
f 266//355 299//355 300//355
f 266//356 300//356 267//356
f 267//357 300//357 109//357
f 267//358 109//358 268//358
f 268//359 109//359 105//359
f 268//360 105//360 269//360
f 269//361 105//361 107//361
f 269//362 107//362 270//362
f 270//363 107//363 108//363
f 270//364 108//364 271//364
f 271//365 108//365 102//365
f 271//366 102//366 272//366
f 272//367 102//367 104//367
f 272//368 104//368 273//368
f 273//369 104//369 301//369
f 273//370 301//370 274//370
f 274//371 301//371 302//371
f 274//372 302//372 275//372
f 275//373 302//373 303//373
f 275//374 303//374 276//374
f 276//375 303//375 304//375
f 276//376 304//376 277//376
f 277//377 304//377 73//377
f 277//378 73//378 278//378
f 278//379 73//379 75//379
f 278//380 75//380 279//380
f 279//381 75//381 3//381
f 279//382 3//382 280//382
f 280//383 3//383 2//383
f 280//384 2//384 281//384
f 281//385 2//385 71//385
f 281//386 71//386 282//386
f 282//387 71//387 70//387
f 282//388 70//388 283//388
f 283//389 70//389 305//389
f 283//390 305//390 284//390
f 284//391 305//391 306//391
f 284//392 306//392 285//392
f 285//393 306//393 307//393
f 285//394 307//394 286//394
f 286//395 307//395 308//395
f 286//396 308//396 287//396
f 287//397 308//397 309//397
f 287//398 309//398 288//398
f 288//399 309//399 44//399
f 288//400 44//400 289//400
f 289//401 44//401 40//401
f 289//402 40//402 290//402
f 290//403 40//403 42//403
f 290//404 42//404 291//404
f 291//405 42//405 43//405
f 67//406 60//406 70//406
f 70//407 60//407 62//407
f 70//408 62//408 305//408
f 305//409 62//409 58//409
f 305//410 58//410 306//410
f 306//411 58//411 55//411
f 306//412 55//412 307//412
f 307//413 55//413 52//413
f 307//414 52//414 308//414
f 308//415 52//415 49//415
f 308//416 49//416 309//416
f 309//417 49//417 50//417
f 309//418 50//418 44//418
f 44//419 50//419 310//419
f 44//420 310//420 45//420
f 95//421 97//421 104//421
f 104//422 97//422 92//422
f 104//423 92//423 301//423
f 301//424 92//424 90//424
f 301//425 90//425 302//425
f 302//426 90//426 87//426
f 302//427 87//427 303//427
f 303//428 87//428 83//428
f 303//429 83//429 304//429
f 304//430 83//430 78//430
f 304//431 78//431 73//431
f 73//432 78//432 80//432
f 73//433 80//433 74//433
f 132//434 125//434 136//434
f 136//435 125//435 127//435
f 136//436 127//436 296//436
f 296//437 127//437 123//437
f 296//438 123//438 297//438
f 297//439 123//439 120//439
f 297//440 120//440 298//440
f 298//441 120//441 117//441
f 298//442 117//442 299//442
f 299//443 117//443 114//443
f 299//444 114//444 300//444
f 300//445 114//445 115//445
f 300//446 115//446 109//446
f 109//447 115//447 311//447
f 109//448 311//448 110//448
f 30//449 32//449 39//449
f 39//450 32//450 27//450
f 39//451 27//451 292//451
f 292//452 27//452 25//452
f 292//453 25//453 293//453
f 293//454 25//454 22//454
f 293//455 22//455 294//455
f 294//456 22//456 18//456
f 294//457 18//457 295//457
f 295//458 18//458 13//458
f 295//459 13//459 8//459
f 8//460 13//460 15//460
f 8//461 15//461 9//461
f 312//462 313//462 314//462
f 314//462 313//462 315//462
f 314//462 315//462 316//462
f 317//462 318//462 314//462
f 314//462 318//462 319//462
f 314//462 319//462 312//462
f 320//462 321//462 314//462
f 314//462 321//462 322//462
f 314//462 322//462 317//462
f 323//462 324//462 314//462
f 314//462 324//462 325//462
f 314//462 325//462 320//462
f 326//462 327//462 314//462
f 314//462 327//462 328//462
f 314//462 328//462 323//462
f 329//462 330//462 314//462
f 314//462 330//462 331//462
f 314//462 331//462 326//462
f 316//462 332//462 314//462
f 314//462 332//462 333//462
f 314//462 333//462 329//462
f 315//463 334//463 316//463
f 316//464 334//464 335//464
f 316//465 335//465 332//465
f 332//466 335//466 336//466
f 332//467 336//467 333//467
f 333//468 336//468 337//468
f 333//469 337//469 329//469
f 329//470 337//470 338//470
f 329//471 338//471 330//471
f 330//472 338//472 339//472
f 330//473 339//473 331//473
f 331//474 339//474 340//474
f 331//475 340//475 326//475
f 326//476 340//476 341//476
f 326//477 341//477 327//477
f 327//478 341//478 342//478
f 327//479 342//479 328//479
f 328//480 342//480 343//480
f 328//481 343//481 323//481
f 323//482 343//482 344//482
f 323//483 344//483 324//483
f 324//484 344//484 345//484
f 324//485 345//485 325//485
f 325//486 345//486 346//486
f 325//487 346//487 320//487
f 320//488 346//488 347//488
f 320//489 347//489 321//489
f 321//490 347//490 348//490
f 321//491 348//491 322//491
f 322//492 348//492 349//492
f 322//493 349//493 317//493
f 317//494 349//494 350//494
f 317//495 350//495 318//495
f 318//496 350//496 351//496
f 318//497 351//497 319//497
f 319//498 351//498 352//498
f 319//499 352//499 312//499
f 312//500 352//500 353//500
f 312//501 353//501 313//501
f 313//502 353//502 354//502
f 313//503 354//503 315//503
f 315//504 354//504 334//504
f 352//462 355//462 353//462
f 353//462 355//462 356//462
f 353//462 356//462 354//462
f 354//462 356//462 357//462
f 354//462 357//462 334//462
f 350//462 358//462 351//462
f 351//462 358//462 359//462
f 351//462 359//462 352//462
f 352//462 359//462 360//462
f 352//462 360//462 355//462
f 347//462 361//462 348//462
f 348//462 361//462 362//462
f 348//462 362//462 349//462
f 349//462 362//462 363//462
f 349//462 363//462 350//462
f 350//462 363//462 364//462
f 350//462 364//462 358//462
f 339//462 365//462 340//462
f 340//462 365//462 366//462
f 340//462 366//462 341//462
f 341//462 366//462 367//462
f 341//462 367//462 342//462
f 344//462 368//462 345//462
f 345//462 368//462 369//462
f 345//462 369//462 346//462
f 346//462 369//462 370//462
f 346//462 370//462 347//462
f 347//462 370//462 371//462
f 347//462 371//462 361//462
f 367//462 372//462 342//462
f 342//462 372//462 373//462
f 342//462 373//462 343//462
f 343//462 373//462 374//462
f 343//462 374//462 344//462
f 344//462 374//462 375//462
f 344//462 375//462 368//462
f 336//462 376//462 337//462
f 337//462 376//462 377//462
f 337//462 377//462 338//462
f 338//462 377//462 378//462
f 338//462 378//462 339//462
f 339//462 378//462 379//462
f 339//462 379//462 365//462
f 357//462 380//462 334//462
f 334//462 380//462 381//462
f 334//462 381//462 335//462
f 335//462 381//462 382//462
f 335//462 382//462 336//462
f 336//462 382//462 383//462
f 336//462 383//462 376//462
f 165//505 164//505 356//505
f 356//506 164//506 357//506
f 165//507 356//507 167//507
f 167//508 356//508 355//508
f 167//509 355//509 168//509
f 360//510 172//510 355//510
f 355//511 172//511 170//511
f 355//512 170//512 168//512
f 178//513 176//513 359//513
f 359//514 176//514 175//514
f 359//515 175//515 360//515
f 360//516 175//516 173//516
f 360//517 173//517 172//517
f 178//518 359//518 180//518
f 180//519 359//519 358//519
f 180//520 358//520 181//520
f 181//521 358//521 183//521
f 183//522 358//522 364//522
f 183//523 364//523 184//523
f 363//524 188//524 364//524
f 364//525 188//525 186//525
f 364//526 186//526 184//526
f 194//527 192//527 362//527
f 362//528 192//528 191//528
f 362//529 191//529 363//529
f 363//530 191//530 189//530
f 363//531 189//531 188//531
f 194//532 362//532 196//532
f 196//533 362//533 361//533
f 196//534 361//534 197//534
f 197//535 361//535 199//535
f 199//536 361//536 371//536
f 199//537 371//537 200//537
f 200//538 371//538 202//538
f 202//539 371//539 370//539
f 202//540 370//540 203//540
f 369//541 207//541 370//541
f 370//542 207//542 205//542
f 370//543 205//543 203//543
f 213//544 211//544 368//544
f 368//545 211//545 210//545
f 368//546 210//546 369//546
f 369//547 210//547 208//547
f 369//548 208//548 207//548
f 213//549 368//549 215//549
f 215//550 368//550 375//550
f 215//551 375//551 216//551
f 216//552 375//552 218//552
f 218//553 375//553 374//553
f 218//554 374//554 219//554
f 373//555 223//555 374//555
f 374//556 223//556 221//556
f 374//557 221//557 219//557
f 229//558 227//558 372//558
f 372//559 227//559 226//559
f 372//560 226//560 373//560
f 373//561 226//561 224//561
f 373//562 224//562 223//562
f 229//563 372//563 231//563
f 231//564 372//564 367//564
f 231//565 367//565 232//565
f 232//566 367//566 234//566
f 234//567 367//567 366//567
f 234//568 366//568 235//568
f 365//569 239//569 366//569
f 366//570 239//570 237//570
f 366//571 237//571 235//571
f 379//572 242//572 365//572
f 365//573 242//573 240//573
f 365//574 240//574 239//574
f 248//575 246//575 378//575
f 378//576 246//576 245//576
f 378//577 245//577 379//577
f 379//578 245//578 243//578
f 379//579 243//579 242//579
f 248//580 378//580 249//580
f 249//581 378//581 377//581
f 249//582 377//582 137//582
f 137//583 377//583 140//583
f 140//584 377//584 376//584
f 140//585 376//585 141//585
f 383//586 145//586 376//586
f 376//587 145//587 143//587
f 376//588 143//588 141//588
f 151//589 149//589 382//589
f 382//590 149//590 148//590
f 382//591 148//591 383//591
f 383//592 148//592 146//592
f 383//593 146//593 145//593
f 151//594 382//594 153//594
f 153//595 382//595 381//595
f 153//596 381//596 154//596
f 154//597 381//597 156//597
f 156//598 381//598 380//598
f 156//599 380//599 157//599
f 164//600 162//600 357//600
f 357//601 162//601 161//601
f 357//602 161//602 380//602
f 380//603 161//603 159//603
f 380//604 159//604 157//604
f 20//605 19//605 384//605
f 384//605 11//605 9//605
f 9//605 15//605 384//605
f 384//605 15//605 14//605
f 384//605 14//605 20//605
f 12//606 11//606 384//606
f 385//606 135//606 4//606
f 4//606 12//606 385//606
f 385//606 12//606 384//606
f 385//606 384//606 386//606
f 386//606 384//606 387//606
f 134//607 385//607 126//607
f 126//607 385//607 128//607
f 134//607 133//607 385//607
f 385//607 133//607 132//607
f 385//607 132//607 135//607
f 388//608 110//608 311//608
f 311//608 115//608 388//608
f 388//608 115//608 113//608
f 389//609 390//609 388//609
f 388//609 390//609 391//609
f 101//609 100//609 391//609
f 391//609 100//609 106//609
f 391//609 106//609 388//609
f 388//609 106//609 111//609
f 388//609 111//609 110//609
f 391//610 96//610 95//610
f 391//610 95//610 103//610
f 391//610 103//610 101//610
f 85//611 84//611 392//611
f 392//611 76//611 74//611
f 74//611 80//611 392//611
f 392//611 80//611 79//611
f 392//611 79//611 85//611
f 77//612 76//612 392//612
f 393//612 72//612 1//612
f 1//612 77//612 393//612
f 393//612 77//612 392//612
f 393//612 392//612 394//612
f 394//612 392//612 395//612
f 69//613 393//613 61//613
f 61//613 393//613 63//613
f 69//613 68//613 393//613
f 393//613 68//613 67//613
f 393//613 67//613 72//613
f 50//610 48//610 396//610
f 45//610 310//610 396//610
f 396//610 310//610 50//610
f 397//614 398//614 396//614
f 396//614 398//614 399//614
f 36//614 35//614 399//614
f 399//614 35//614 41//614
f 399//614 41//614 396//614
f 396//614 41//614 46//614
f 396//614 46//614 45//614
f 399//615 31//615 30//615
f 399//615 30//615 38//615
f 399//615 38//615 36//615
f 398//616 397//616 400//616
f 400//616 397//616 401//616
f 400//616 401//616 402//616
f 390//616 389//616 403//616
f 403//616 389//616 404//616
f 404//616 405//616 403//616
f 403//616 405//616 386//616
f 403//616 386//616 406//616
f 394//616 395//616 407//616
f 407//616 395//616 406//616
f 407//616 406//616 401//616
f 401//616 406//616 386//616
f 401//616 386//616 402//616
f 402//616 386//616 387//616
f 118//617 119//617 404//617
f 405//618 130//618 129//618
f 129//619 128//619 405//619
f 405//620 128//620 385//620
f 405//621 385//621 386//621
f 122//622 124//622 405//622
f 405//623 124//623 131//623
f 405//624 131//624 130//624
f 404//625 119//625 405//625
f 405//626 119//626 121//626
f 405//627 121//627 122//627
f 388//628 113//628 112//628
f 404//629 389//629 388//629
f 388//630 112//630 404//630
f 404//631 112//631 116//631
f 404//632 116//632 118//632
f 98//633 403//633 99//633
f 99//634 403//634 93//634
f 98//635 96//635 403//635
f 403//636 96//636 391//636
f 403//637 391//637 390//637
f 81//638 86//638 406//638
f 406//639 86//639 88//639
f 88//640 89//640 406//640
f 406//641 89//641 91//641
f 406//642 91//642 403//642
f 403//643 91//643 94//643
f 403//644 94//644 93//644
f 406//645 395//645 392//645
f 81//646 406//646 82//646
f 82//647 406//647 392//647
f 82//648 392//648 84//648
f 33//649 400//649 34//649
f 34//650 400//650 28//650
f 33//651 31//651 400//651
f 400//652 31//652 399//652
f 400//653 399//653 398//653
f 16//654 21//654 402//654
f 402//655 21//655 23//655
f 23//656 24//656 402//656
f 402//657 24//657 26//657
f 402//658 26//658 400//658
f 400//659 26//659 29//659
f 400//660 29//660 28//660
f 402//661 387//661 384//661
f 16//662 402//662 17//662
f 17//663 402//663 384//663
f 17//664 384//664 19//664
f 53//665 54//665 401//665
f 407//666 65//666 64//666
f 64//667 63//667 407//667
f 407//668 63//668 393//668
f 407//669 393//669 394//669
f 57//670 59//670 407//670
f 407//671 59//671 66//671
f 407//672 66//672 65//672
f 401//673 54//673 407//673
f 407//674 54//674 56//674
f 407//675 56//675 57//675
f 396//676 48//676 47//676
f 401//677 397//677 396//677
f 396//678 47//678 401//678
f 401//679 47//679 51//679
f 401//680 51//680 53//680
f 408//681 409//681 410//681
f 411//682 412//682 413//682
f 412//683 411//683 414//683
f 415//684 416//684 417//684
f 417//685 416//685 418//685
f 417//686 418//686 413//686
f 413//687 418//687 419//687
f 413//688 419//688 411//688
f 420//689 421//689 422//689
f 423//690 424//690 425//690
f 425//691 424//691 426//691
f 425//692 426//692 420//692
f 420//693 426//693 427//693
f 420//694 427//694 421//694
f 423//695 425//695 428//695
f 428//696 425//696 429//696
f 428//697 429//697 430//697
f 430//698 429//698 431//698
f 431//699 429//699 432//699
f 431//700 432//700 433//700
f 434//701 435//701 432//701
f 432//702 435//702 436//702
f 432//703 436//703 433//703
f 437//704 438//704 439//704
f 439//705 438//705 440//705
f 439//706 440//706 434//706
f 434//707 440//707 441//707
f 434//708 441//708 435//708
f 442//709 443//709 444//709
f 443//710 445//710 444//710
f 444//711 445//711 437//711
f 444//712 437//712 446//712
f 447//713 448//713 449//713
f 449//714 448//714 442//714
f 449//715 442//715 450//715
f 450//716 442//716 444//716
f 451//717 452//717 447//717
f 447//718 452//718 453//718
f 447//719 453//719 448//719
f 454//720 455//720 456//720
f 456//721 455//721 457//721
f 454//722 456//722 458//722
f 458//723 456//723 459//723
f 458//724 459//724 460//724
f 460//725 459//725 461//725
f 461//726 459//726 462//726
f 461//727 462//727 463//727
f 463//728 462//728 464//728
f 464//729 462//729 465//729
f 464//730 465//730 466//730
f 467//731 468//731 469//731
f 469//732 468//732 470//732
f 470//733 471//733 469//733
f 469//734 471//734 472//734
f 469//735 472//735 465//735
f 465//736 472//736 473//736
f 465//737 473//737 466//737
f 474//738 475//738 467//738
f 467//739 475//739 476//739
f 467//740 476//740 468//740
f 477//741 478//741 474//741
f 409//742 408//742 478//742
f 478//743 408//743 479//743
f 478//744 479//744 474//744
f 480//745 481//745 482//745
f 482//746 481//746 483//746
f 482//747 483//747 410//747
f 410//748 483//748 484//748
f 410//749 484//749 408//749
f 485//750 486//750 487//750
f 488//751 489//751 490//751
f 490//752 489//752 491//752
f 490//753 491//753 485//753
f 485//754 491//754 492//754
f 485//755 492//755 486//755
f 488//756 490//756 493//756
f 493//757 490//757 494//757
f 493//758 494//758 495//758
f 495//759 494//759 496//759
f 496//760 494//760 497//760
f 496//761 497//761 498//761
f 499//762 500//762 497//762
f 497//763 500//763 501//763
f 497//764 501//764 498//764
f 502//765 503//765 504//765
f 504//766 503//766 505//766
f 504//767 505//767 499//767
f 499//768 505//768 506//768
f 499//769 506//769 500//769
f 507//770 508//770 509//770
f 508//771 510//771 509//771
f 509//772 510//772 502//772
f 509//773 502//773 511//773
f 512//774 513//774 514//774
f 514//775 513//775 507//775
f 514//776 507//776 515//776
f 515//777 507//777 509//777
f 516//778 517//778 512//778
f 512//779 517//779 518//779
f 512//780 518//780 513//780
f 519//781 520//781 521//781
f 521//782 520//782 522//782
f 519//783 521//783 523//783
f 523//784 521//784 524//784
f 523//785 524//785 525//785
f 525//786 524//786 526//786
f 526//787 524//787 527//787
f 526//788 527//788 528//788
f 528//789 527//789 529//789
f 529//790 527//790 530//790
f 529//791 530//791 531//791
f 532//792 533//792 534//792
f 534//793 533//793 535//793
f 535//794 536//794 534//794
f 534//795 536//795 537//795
f 534//796 537//796 530//796
f 530//797 537//797 538//797
f 530//798 538//798 531//798
f 539//799 540//799 532//799
f 532//800 540//800 541//800
f 532//801 541//801 533//801
f 411//802 542//802 414//802
f 414//803 542//803 539//803
f 414//804 539//804 543//804
f 544//805 545//805 546//805
f 544//806 547//806 545//806
f 545//807 547//807 548//807
f 545//808 548//808 549//808
f 549//809 548//809 550//809
f 549//810 550//810 551//810
f 550//811 552//811 551//811
f 551//812 552//812 553//812
f 551//813 553//813 554//813
f 553//814 555//814 554//814
f 554//815 555//815 556//815
f 554//816 556//816 557//816
f 557//817 556//817 558//817
f 557//818 558//818 559//818
f 558//819 560//819 559//819
f 559//820 560//820 561//820
f 559//821 561//821 562//821
f 561//822 563//822 562//822
f 562//823 563//823 564//823
f 562//824 564//824 565//824
f 565//825 564//825 566//825
f 565//826 566//826 567//826
f 566//827 568//827 567//827
f 567//828 568//828 569//828
f 567//829 569//829 570//829
f 569//830 571//830 570//830
f 570//831 571//831 572//831
f 570//832 572//832 573//832
f 572//833 574//833 573//833
f 573//834 574//834 575//834
f 573//835 575//835 576//835
f 576//836 575//836 577//836
f 576//837 577//837 578//837
f 577//838 579//838 578//838
f 578//839 579//839 580//839
f 578//840 580//840 581//840
f 580//841 582//841 581//841
f 581//842 582//842 583//842
f 581//843 583//843 584//843
f 584//844 583//844 585//844
f 584//845 585//845 586//845
f 585//846 587//846 586//846
f 586//847 587//847 588//847
f 586//848 588//848 589//848
f 588//849 590//849 589//849
f 589//850 590//850 591//850
f 589//851 591//851 592//851
f 592//852 591//852 593//852
f 592//853 593//853 594//853
f 593//854 595//854 594//854
f 594//855 595//855 596//855
f 594//856 596//856 597//856
f 596//857 598//857 597//857
f 597//858 598//858 599//858
f 597//859 599//859 600//859
f 600//860 599//860 601//860
f 600//861 601//861 602//861
f 601//862 603//862 602//862
f 602//863 603//863 604//863
f 602//864 604//864 605//864
f 604//865 606//865 605//865
f 605//866 606//866 607//866
f 605//867 607//867 608//867
f 607//868 609//868 608//868
f 608//869 609//869 610//869
f 608//870 610//870 611//870
f 611//871 610//871 612//871
f 611//872 612//872 613//872
f 612//873 614//873 613//873
f 613//874 614//874 615//874
f 613//875 615//875 616//875
f 615//876 617//876 616//876
f 616//877 617//877 618//877
f 616//878 618//878 619//878
f 619//879 618//879 620//879
f 619//880 620//880 621//880
f 620//881 622//881 621//881
f 621//882 622//882 623//882
f 621//883 623//883 624//883
f 623//884 625//884 624//884
f 624//885 625//885 626//885
f 624//886 626//886 627//886
f 627//887 626//887 628//887
f 627//888 628//888 629//888
f 628//889 630//889 629//889
f 629//890 630//890 631//890
f 629//891 631//891 632//891
f 631//892 633//892 632//892
f 632//893 633//893 634//893
f 632//894 634//894 635//894
f 635//895 634//895 636//895
f 635//896 636//896 637//896
f 636//897 638//897 637//897
f 637//898 638//898 639//898
f 637//899 639//899 640//899
f 639//900 641//900 640//900
f 640//901 641//901 642//901
f 640//902 642//902 643//902
f 643//903 642//903 644//903
f 643//904 644//904 645//904
f 644//905 646//905 645//905
f 645//906 646//906 647//906
f 645//907 647//907 648//907
f 647//908 649//908 648//908
f 648//909 649//909 650//909
f 648//910 650//910 651//910
f 650//911 652//911 651//911
f 651//912 652//912 653//912
f 651//913 653//913 654//913
f 654//914 653//914 655//914
f 654//915 655//915 546//915
f 546//916 655//916 656//916
f 546//917 656//917 544//917
f 654//918 657//918 651//918
f 651//919 657//919 658//919
f 651//920 658//920 648//920
f 648//921 658//921 659//921
f 648//922 659//922 645//922
f 645//923 659//923 660//923
f 645//924 660//924 643//924
f 643//925 660//925 661//925
f 643//926 661//926 640//926
f 640//927 661//927 662//927
f 640//928 662//928 637//928
f 637//929 662//929 663//929
f 637//930 663//930 635//930
f 635//931 663//931 664//931
f 635//932 664//932 632//932
f 632//933 664//933 665//933
f 632//934 665//934 629//934
f 629//935 665//935 666//935
f 629//936 666//936 627//936
f 627//937 666//937 667//937
f 627//938 667//938 624//938
f 624//939 667//939 668//939
f 624//940 668//940 621//940
f 621//941 668//941 669//941
f 621//942 669//942 619//942
f 619//943 669//943 670//943
f 619//944 670//944 616//944
f 616//945 670//945 671//945
f 616//946 671//946 613//946
f 613//947 671//947 672//947
f 613//948 672//948 611//948
f 611//949 672//949 673//949
f 611//950 673//950 608//950
f 608//951 673//951 674//951
f 608//952 674//952 605//952
f 605//953 674//953 675//953
f 605//954 675//954 602//954
f 602//955 675//955 676//955
f 602//956 676//956 600//956
f 600//957 676//957 677//957
f 600//958 677//958 597//958
f 597//959 677//959 678//959
f 597//960 678//960 594//960
f 594//961 678//961 679//961
f 594//962 679//962 592//962
f 592//963 679//963 680//963
f 592//964 680//964 589//964
f 589//965 680//965 681//965
f 589//966 681//966 586//966
f 586//967 681//967 682//967
f 586//968 682//968 584//968
f 584//969 682//969 683//969
f 584//970 683//970 581//970
f 581//971 683//971 684//971
f 581//972 684//972 578//972
f 578//973 684//973 685//973
f 578//974 685//974 576//974
f 576//975 685//975 686//975
f 576//976 686//976 573//976
f 573//977 686//977 687//977
f 573//978 687//978 570//978
f 570//979 687//979 688//979
f 570//980 688//980 567//980
f 567//981 688//981 689//981
f 567//982 689//982 565//982
f 565//983 689//983 690//983
f 565//984 690//984 562//984
f 562//985 690//985 691//985
f 562//986 691//986 559//986
f 559//987 691//987 692//987
f 559//988 692//988 557//988
f 557//989 692//989 693//989
f 557//990 693//990 554//990
f 554//991 693//991 694//991
f 554//992 694//992 551//992
f 551//993 694//993 695//993
f 551//994 695//994 549//994
f 549//995 695//995 696//995
f 549//996 696//996 545//996
f 545//997 696//997 697//997
f 545//998 697//998 546//998
f 546//999 697//999 698//999
f 546//1000 698//1000 654//1000
f 654//1001 698//1001 657//1001
f 698//1002 450//1002 657//1002
f 657//1003 450//1003 444//1003
f 657//1004 444//1004 658//1004
f 658//1005 444//1005 446//1005
f 658//1006 446//1006 659//1006
f 659//1007 446//1007 699//1007
f 659//1008 699//1008 660//1008
f 660//1009 699//1009 700//1009
f 660//1010 700//1010 661//1010
f 661//1011 700//1011 701//1011
f 661//1012 701//1012 662//1012
f 662//1013 701//1013 702//1013
f 662//1014 702//1014 663//1014
f 663//1015 702//1015 415//1015
f 663//1016 415//1016 664//1016
f 664//1017 415//1017 417//1017
f 664//1018 417//1018 665//1018
f 665//1019 417//1019 413//1019
f 665//1020 413//1020 666//1020
f 666//1021 413//1021 412//1021
f 666//1022 412//1022 667//1022
f 667//1023 412//1023 414//1023
f 667//1024 414//1024 668//1024
f 668//1025 414//1025 543//1025
f 668//1026 543//1026 669//1026
f 669//1027 543//1027 703//1027
f 669//1028 703//1028 670//1028
f 670//1029 703//1029 704//1029
f 670//1030 704//1030 671//1030
f 671//1031 704//1031 705//1031
f 671//1032 705//1032 672//1032
f 672//1033 705//1033 706//1033
f 672//1034 706//1034 673//1034
f 673//1035 706//1035 707//1035
f 673//1036 707//1036 674//1036
f 674//1037 707//1037 516//1037
f 674//1038 516//1038 675//1038
f 675//1039 516//1039 512//1039
f 675//1040 512//1040 676//1040
f 676//1041 512//1041 514//1041
f 676//1042 514//1042 677//1042
f 677//1043 514//1043 515//1043
f 677//1044 515//1044 678//1044
f 678//1045 515//1045 509//1045
f 678//1046 509//1046 679//1046
f 679//1047 509//1047 511//1047
f 679//1048 511//1048 680//1048
f 680//1049 511//1049 708//1049
f 680//1050 708//1050 681//1050
f 681//1051 708//1051 709//1051
f 681//1052 709//1052 682//1052
f 682//1053 709//1053 710//1053
f 682//1054 710//1054 683//1054
f 683//1055 710//1055 711//1055
f 683//1056 711//1056 684//1056
f 684//1057 711//1057 480//1057
f 684//1058 480//1058 685//1058
f 685//1059 480//1059 482//1059
f 685//1060 482//1060 686//1060
f 686//1061 482//1061 410//1061
f 686//1062 410//1062 687//1062
f 687//1063 410//1063 409//1063
f 687//1064 409//1064 688//1064
f 688//1065 409//1065 478//1065
f 688//1066 478//1066 689//1066
f 689//1067 478//1067 477//1067
f 689//1068 477//1068 690//1068
f 690//1069 477//1069 712//1069
f 690//1070 712//1070 691//1070
f 691//1071 712//1071 713//1071
f 691//1072 713//1072 692//1072
f 692//1073 713//1073 714//1073
f 692//1074 714//1074 693//1074
f 693//1075 714//1075 715//1075
f 693//1076 715//1076 694//1076
f 694//1077 715//1077 716//1077
f 694//1078 716//1078 695//1078
f 695//1079 716//1079 451//1079
f 695//1080 451//1080 696//1080
f 696//1081 451//1081 447//1081
f 696//1082 447//1082 697//1082
f 697//1083 447//1083 449//1083
f 697//1084 449//1084 698//1084
f 698//1085 449//1085 450//1085
f 474//1086 467//1086 477//1086
f 477//1087 467//1087 469//1087
f 477//1088 469//1088 712//1088
f 712//1089 469//1089 465//1089
f 712//1090 465//1090 713//1090
f 713//1091 465//1091 462//1091
f 713//1092 462//1092 714//1092
f 714//1093 462//1093 459//1093
f 714//1094 459//1094 715//1094
f 715//1095 459//1095 456//1095
f 715//1096 456//1096 716//1096
f 716//1097 456//1097 457//1097
f 716//1098 457//1098 451//1098
f 451//1099 457//1099 717//1099
f 451//1100 717//1100 452//1100
f 502//1101 504//1101 511//1101
f 511//1102 504//1102 499//1102
f 511//1103 499//1103 708//1103
f 708//1104 499//1104 497//1104
f 708//1105 497//1105 709//1105
f 709//1106 497//1106 494//1106
f 709//1107 494//1107 710//1107
f 710//1108 494//1108 490//1108
f 710//1109 490//1109 711//1109
f 711//1110 490//1110 485//1110
f 711//1111 485//1111 480//1111
f 480//1112 485//1112 487//1112
f 480//1113 487//1113 481//1113
f 539//1114 532//1114 543//1114
f 543//1115 532//1115 534//1115
f 543//1116 534//1116 703//1116
f 703//1117 534//1117 530//1117
f 703//1118 530//1118 704//1118
f 704//1119 530//1119 527//1119
f 704//1120 527//1120 705//1120
f 705//1121 527//1121 524//1121
f 705//1122 524//1122 706//1122
f 706//1123 524//1123 521//1123
f 706//1124 521//1124 707//1124
f 707//1125 521//1125 522//1125
f 707//1126 522//1126 516//1126
f 516//1127 522//1127 718//1127
f 516//1128 718//1128 517//1128
f 437//1129 439//1129 446//1129
f 446//1130 439//1130 434//1130
f 446//1131 434//1131 699//1131
f 699//1132 434//1132 432//1132
f 699//1133 432//1133 700//1133
f 700//1134 432//1134 429//1134
f 700//1135 429//1135 701//1135
f 701//1136 429//1136 425//1136
f 701//1137 425//1137 702//1137
f 702//1138 425//1138 420//1138
f 702//1139 420//1139 415//1139
f 415//1140 420//1140 422//1140
f 415//1141 422//1141 416//1141
f 719//1142 720//1142 721//1142
f 721//1142 720//1142 722//1142
f 721//1142 722//1142 723//1142
f 724//1142 725//1142 721//1142
f 721//1142 725//1142 726//1142
f 721//1142 726//1142 719//1142
f 727//1142 728//1142 721//1142
f 721//1142 728//1142 729//1142
f 721//1142 729//1142 724//1142
f 730//1142 731//1142 721//1142
f 721//1142 731//1142 732//1142
f 721//1142 732//1142 727//1142
f 733//1142 734//1142 721//1142
f 721//1142 734//1142 735//1142
f 721//1142 735//1142 730//1142
f 736//1142 737//1142 721//1142
f 721//1142 737//1142 738//1142
f 721//1142 738//1142 733//1142
f 723//1142 739//1142 721//1142
f 721//1142 739//1142 740//1142
f 721//1142 740//1142 736//1142
f 722//1143 741//1143 723//1143
f 723//1144 741//1144 742//1144
f 723//1145 742//1145 739//1145
f 739//1146 742//1146 743//1146
f 739//1147 743//1147 740//1147
f 740//1148 743//1148 744//1148
f 740//1149 744//1149 736//1149
f 736//1150 744//1150 745//1150
f 736//1151 745//1151 737//1151
f 737//1152 745//1152 746//1152
f 737//1153 746//1153 738//1153
f 738//1154 746//1154 747//1154
f 738//1155 747//1155 733//1155
f 733//1156 747//1156 748//1156
f 733//1157 748//1157 734//1157
f 734//1158 748//1158 749//1158
f 734//1159 749//1159 735//1159
f 735//1160 749//1160 750//1160
f 735//1161 750//1161 730//1161
f 730//1162 750//1162 751//1162
f 730//1163 751//1163 731//1163
f 731//1164 751//1164 752//1164
f 731//1165 752//1165 732//1165
f 732//1166 752//1166 753//1166
f 732//1167 753//1167 727//1167
f 727//1168 753//1168 754//1168
f 727//1169 754//1169 728//1169
f 728//1170 754//1170 755//1170
f 728//1171 755//1171 729//1171
f 729//1172 755//1172 756//1172
f 729//1173 756//1173 724//1173
f 724//1174 756//1174 757//1174
f 724//1175 757//1175 725//1175
f 725//1176 757//1176 758//1176
f 725//1177 758//1177 726//1177
f 726//1178 758//1178 759//1178
f 726//1179 759//1179 719//1179
f 719//1180 759//1180 760//1180
f 719//1181 760//1181 720//1181
f 720//1182 760//1182 761//1182
f 720//1183 761//1183 722//1183
f 722//1184 761//1184 741//1184
f 759//1142 762//1142 760//1142
f 760//1142 762//1142 763//1142
f 760//1142 763//1142 761//1142
f 761//1142 763//1142 764//1142
f 761//1142 764//1142 741//1142
f 757//1142 765//1142 758//1142
f 758//1142 765//1142 766//1142
f 758//1142 766//1142 759//1142
f 759//1142 766//1142 767//1142
f 759//1142 767//1142 762//1142
f 754//1142 768//1142 755//1142
f 755//1142 768//1142 769//1142
f 755//1142 769//1142 756//1142
f 756//1142 769//1142 770//1142
f 756//1142 770//1142 757//1142
f 757//1142 770//1142 771//1142
f 757//1142 771//1142 765//1142
f 746//1142 772//1142 747//1142
f 747//1142 772//1142 773//1142
f 747//1142 773//1142 748//1142
f 748//1142 773//1142 774//1142
f 748//1142 774//1142 749//1142
f 751//1142 775//1142 752//1142
f 752//1142 775//1142 776//1142
f 752//1142 776//1142 753//1142
f 753//1142 776//1142 777//1142
f 753//1142 777//1142 754//1142
f 754//1142 777//1142 778//1142
f 754//1142 778//1142 768//1142
f 774//1142 779//1142 749//1142
f 749//1142 779//1142 780//1142
f 749//1142 780//1142 750//1142
f 750//1142 780//1142 781//1142
f 750//1142 781//1142 751//1142
f 751//1142 781//1142 782//1142
f 751//1142 782//1142 775//1142
f 743//1142 783//1142 744//1142
f 744//1142 783//1142 784//1142
f 744//1142 784//1142 745//1142
f 745//1142 784//1142 785//1142
f 745//1142 785//1142 746//1142
f 746//1142 785//1142 786//1142
f 746//1142 786//1142 772//1142
f 764//1142 787//1142 741//1142
f 741//1142 787//1142 788//1142
f 741//1142 788//1142 742//1142
f 742//1142 788//1142 789//1142
f 742//1142 789//1142 743//1142
f 743//1142 789//1142 790//1142
f 743//1142 790//1142 783//1142
f 572//1185 571//1185 763//1185
f 763//1186 571//1186 764//1186
f 572//1187 763//1187 574//1187
f 574//1188 763//1188 762//1188
f 574//1189 762//1189 575//1189
f 767//1190 579//1190 762//1190
f 762//1191 579//1191 577//1191
f 762//1192 577//1192 575//1192
f 585//1193 583//1193 766//1193
f 766//1194 583//1194 582//1194
f 766//1195 582//1195 767//1195
f 767//1196 582//1196 580//1196
f 767//1197 580//1197 579//1197
f 585//1198 766//1198 587//1198
f 587//1199 766//1199 765//1199
f 587//1200 765//1200 588//1200
f 588//1201 765//1201 590//1201
f 590//1202 765//1202 771//1202
f 590//1203 771//1203 591//1203
f 770//1204 595//1204 771//1204
f 771//1205 595//1205 593//1205
f 771//1206 593//1206 591//1206
f 601//1207 599//1207 769//1207
f 769//1208 599//1208 598//1208
f 769//1209 598//1209 770//1209
f 770//1210 598//1210 596//1210
f 770//1211 596//1211 595//1211
f 601//1212 769//1212 603//1212
f 603//1213 769//1213 768//1213
f 603//1214 768//1214 604//1214
f 604//1215 768//1215 606//1215
f 606//1216 768//1216 778//1216
f 606//1217 778//1217 607//1217
f 607//1218 778//1218 609//1218
f 609//1219 778//1219 777//1219
f 609//1220 777//1220 610//1220
f 776//1221 614//1221 777//1221
f 777//1222 614//1222 612//1222
f 777//1223 612//1223 610//1223
f 620//1224 618//1224 775//1224
f 775//1225 618//1225 617//1225
f 775//1226 617//1226 776//1226
f 776//1227 617//1227 615//1227
f 776//1228 615//1228 614//1228
f 620//1229 775//1229 622//1229
f 622//1230 775//1230 782//1230
f 622//1231 782//1231 623//1231
f 623//1232 782//1232 625//1232
f 625//1233 782//1233 781//1233
f 625//1234 781//1234 626//1234
f 780//1235 630//1235 781//1235
f 781//1236 630//1236 628//1236
f 781//1237 628//1237 626//1237
f 636//1238 634//1238 779//1238
f 779//1239 634//1239 633//1239
f 779//1240 633//1240 780//1240
f 780//1241 633//1241 631//1241
f 780//1242 631//1242 630//1242
f 636//1243 779//1243 638//1243
f 638//1244 779//1244 774//1244
f 638//1245 774//1245 639//1245
f 639//1246 774//1246 641//1246
f 641//1247 774//1247 773//1247
f 641//1248 773//1248 642//1248
f 772//1249 646//1249 773//1249
f 773//1250 646//1250 644//1250
f 773//1251 644//1251 642//1251
f 786//1252 649//1252 772//1252
f 772//1253 649//1253 647//1253
f 772//1254 647//1254 646//1254
f 655//1255 653//1255 785//1255
f 785//1256 653//1256 652//1256
f 785//1257 652//1257 786//1257
f 786//1258 652//1258 650//1258
f 786//1259 650//1259 649//1259
f 655//1260 785//1260 656//1260
f 656//1261 785//1261 784//1261
f 656//1262 784//1262 544//1262
f 544//1263 784//1263 547//1263
f 547//1264 784//1264 783//1264
f 547//1265 783//1265 548//1265
f 790//1266 552//1266 783//1266
f 783//1267 552//1267 550//1267
f 783//1268 550//1268 548//1268
f 558//1269 556//1269 789//1269
f 789//1270 556//1270 555//1270
f 789//1271 555//1271 790//1271
f 790//1272 555//1272 553//1272
f 790//1273 553//1273 552//1273
f 558//1274 789//1274 560//1274
f 560//1275 789//1275 788//1275
f 560//1276 788//1276 561//1276
f 561//1277 788//1277 563//1277
f 563//1278 788//1278 787//1278
f 563//1279 787//1279 564//1279
f 571//1280 569//1280 764//1280
f 764//1281 569//1281 568//1281
f 764//1282 568//1282 787//1282
f 787//1283 568//1283 566//1283
f 787//1284 566//1284 564//1284
f 427//1285 426//1285 791//1285
f 791//1285 418//1285 416//1285
f 416//1285 422//1285 791//1285
f 791//1285 422//1285 421//1285
f 791//1285 421//1285 427//1285
f 419//1286 418//1286 791//1286
f 792//1286 542//1286 411//1286
f 411//1286 419//1286 792//1286
f 792//1286 419//1286 791//1286
f 792//1286 791//1286 793//1286
f 793//1286 791//1286 794//1286
f 541//1287 792//1287 533//1287
f 533//1287 792//1287 535//1287
f 541//1287 540//1287 792//1287
f 792//1287 540//1287 539//1287
f 792//1287 539//1287 542//1287
f 795//1288 517//1288 718//1288
f 718//1288 522//1288 795//1288
f 795//1288 522//1288 520//1288
f 796//1289 797//1289 795//1289
f 795//1289 797//1289 798//1289
f 508//1289 507//1289 798//1289
f 798//1289 507//1289 513//1289
f 798//1289 513//1289 795//1289
f 795//1289 513//1289 518//1289
f 795//1289 518//1289 517//1289
f 798//1290 503//1290 502//1290
f 798//1290 502//1290 510//1290
f 798//1290 510//1290 508//1290
f 492//1291 491//1291 799//1291
f 799//1291 483//1291 481//1291
f 481//1291 487//1291 799//1291
f 799//1291 487//1291 486//1291
f 799//1291 486//1291 492//1291
f 484//1292 483//1292 799//1292
f 800//1292 479//1292 408//1292
f 408//1292 484//1292 800//1292
f 800//1292 484//1292 799//1292
f 800//1292 799//1292 801//1292
f 801//1292 799//1292 802//1292
f 476//1293 800//1293 468//1293
f 468//1293 800//1293 470//1293
f 476//1293 475//1293 800//1293
f 800//1293 475//1293 474//1293
f 800//1293 474//1293 479//1293
f 457//1290 455//1290 803//1290
f 452//1290 717//1290 803//1290
f 803//1290 717//1290 457//1290
f 804//1294 805//1294 803//1294
f 803//1294 805//1294 806//1294
f 443//1294 442//1294 806//1294
f 806//1294 442//1294 448//1294
f 806//1294 448//1294 803//1294
f 803//1294 448//1294 453//1294
f 803//1294 453//1294 452//1294
f 806//1295 438//1295 437//1295
f 806//1295 437//1295 445//1295
f 806//1295 445//1295 443//1295
f 805//1296 804//1296 807//1296
f 807//1296 804//1296 808//1296
f 807//1296 808//1296 809//1296
f 797//1296 796//1296 810//1296
f 810//1296 796//1296 811//1296
f 811//1296 812//1296 810//1296
f 810//1296 812//1296 793//1296
f 810//1296 793//1296 813//1296
f 801//1296 802//1296 814//1296
f 814//1296 802//1296 813//1296
f 814//1296 813//1296 808//1296
f 808//1296 813//1296 793//1296
f 808//1296 793//1296 809//1296
f 809//1296 793//1296 794//1296
f 525//1297 526//1297 811//1297
f 812//1298 537//1298 536//1298
f 536//1299 535//1299 812//1299
f 812//1300 535//1300 792//1300
f 812//1301 792//1301 793//1301
f 529//1302 531//1302 812//1302
f 812//1303 531//1303 538//1303
f 812//1304 538//1304 537//1304
f 811//1305 526//1305 812//1305
f 812//1306 526//1306 528//1306
f 812//1307 528//1307 529//1307
f 795//1308 520//1308 519//1308
f 811//1309 796//1309 795//1309
f 795//1310 519//1310 811//1310
f 811//1311 519//1311 523//1311
f 811//1312 523//1312 525//1312
f 505//1313 810//1313 506//1313
f 506//1314 810//1314 500//1314
f 505//1315 503//1315 810//1315
f 810//1316 503//1316 798//1316
f 810//1317 798//1317 797//1317
f 488//1318 493//1318 813//1318
f 813//1319 493//1319 495//1319
f 495//1320 496//1320 813//1320
f 813//1321 496//1321 498//1321
f 813//1322 498//1322 810//1322
f 810//1323 498//1323 501//1323
f 810//1324 501//1324 500//1324
f 813//1325 802//1325 799//1325
f 488//1326 813//1326 489//1326
f 489//1327 813//1327 799//1327
f 489//1328 799//1328 491//1328
f 440//1329 807//1329 441//1329
f 441//1330 807//1330 435//1330
f 440//1331 438//1331 807//1331
f 807//1332 438//1332 806//1332
f 807//1333 806//1333 805//1333
f 423//1334 428//1334 809//1334
f 809//1335 428//1335 430//1335
f 430//1336 431//1336 809//1336
f 809//1337 431//1337 433//1337
f 809//1338 433//1338 807//1338
f 807//1339 433//1339 436//1339
f 807//1340 436//1340 435//1340
f 809//1341 794//1341 791//1341
f 423//1342 809//1342 424//1342
f 424//1343 809//1343 791//1343
f 424//1344 791//1344 426//1344
f 460//1345 461//1345 808//1345
f 814//1346 472//1346 471//1346
f 471//1347 470//1347 814//1347
f 814//1348 470//1348 800//1348
f 814//1349 800//1349 801//1349
f 464//1350 466//1350 814//1350
f 814//1351 466//1351 473//1351
f 814//1352 473//1352 472//1352
f 808//1353 461//1353 814//1353
f 814//1354 461//1354 463//1354
f 814//1355 463//1355 464//1355
f 803//1356 455//1356 454//1356
f 808//1357 804//1357 803//1357
f 803//1358 454//1358 808//1358
f 808//1359 454//1359 458//1359
f 808//1360 458//1360 460//1360
f 815//1 816//1 817//1
f 818//2 819//2 820//2
f 819//3 818//3 821//3
f 822//4 823//4 824//4
f 824//5 823//5 825//5
f 824//6 825//6 820//6
f 820//7 825//7 826//7
f 820//8 826//8 818//8
f 827//9 828//9 829//9
f 830//10 831//10 832//10
f 832//11 831//11 833//11
f 832//12 833//12 827//12
f 827//13 833//13 834//13
f 827//14 834//14 828//14
f 830//15 832//15 835//15
f 835//16 832//16 836//16
f 835//17 836//17 837//17
f 837//18 836//18 838//18
f 838//19 836//19 839//19
f 838//20 839//20 840//20
f 841//21 842//21 839//21
f 839//22 842//22 843//22
f 839//23 843//23 840//23
f 844//24 845//24 846//24
f 846//25 845//25 847//25
f 846//26 847//26 841//26
f 841//27 847//27 848//27
f 841//28 848//28 842//28
f 849//29 850//29 851//29
f 850//30 852//30 851//30
f 851//31 852//31 844//31
f 851//32 844//32 853//32
f 854//33 855//33 856//33
f 856//34 855//34 849//34
f 856//35 849//35 857//35
f 857//36 849//36 851//36
f 858//37 859//37 854//37
f 854//38 859//38 860//38
f 854//39 860//39 855//39
f 861//40 862//40 863//40
f 863//41 862//41 864//41
f 861//42 863//42 865//42
f 865//43 863//43 866//43
f 865//44 866//44 867//44
f 867//45 866//45 868//45
f 868//46 866//46 869//46
f 868//47 869//47 870//47
f 870//48 869//48 871//48
f 871//49 869//49 872//49
f 871//50 872//50 873//50
f 874//51 875//51 876//51
f 876//52 875//52 877//52
f 877//53 878//53 876//53
f 876//54 878//54 879//54
f 876//55 879//55 872//55
f 872//56 879//56 880//56
f 872//57 880//57 873//57
f 881//58 882//58 874//58
f 874//59 882//59 883//59
f 874//60 883//60 875//60
f 884//61 885//61 881//61
f 816//62 815//62 885//62
f 885//63 815//63 886//63
f 885//64 886//64 881//64
f 887//65 888//65 889//65
f 889//66 888//66 890//66
f 889//67 890//67 817//67
f 817//68 890//68 891//68
f 817//69 891//69 815//69
f 892//70 893//70 894//70
f 895//71 896//71 897//71
f 897//72 896//72 898//72
f 897//73 898//73 892//73
f 892//74 898//74 899//74
f 892//75 899//75 893//75
f 895//76 897//76 900//76
f 900//77 897//77 901//77
f 900//78 901//78 902//78
f 902//79 901//79 903//79
f 903//80 901//80 904//80
f 903//81 904//81 905//81
f 906//82 907//82 904//82
f 904//83 907//83 908//83
f 904//84 908//84 905//84
f 909//85 910//85 911//85
f 911//86 910//86 912//86
f 911//87 912//87 906//87
f 906//88 912//88 913//88
f 906//89 913//89 907//89
f 914//90 915//90 916//90
f 915//91 917//91 916//91
f 916//92 917//92 909//92
f 916//93 909//93 918//93
f 919//94 920//94 921//94
f 921//95 920//95 914//95
f 921//96 914//96 922//96
f 922//97 914//97 916//97
f 923//98 924//98 919//98
f 919//99 924//99 925//99
f 919//100 925//100 920//100
f 926//101 927//101 928//101
f 928//102 927//102 929//102
f 926//103 928//103 930//103
f 930//104 928//104 931//104
f 930//105 931//105 932//105
f 932//106 931//106 933//106
f 933//107 931//107 934//107
f 933//108 934//108 935//108
f 935//109 934//109 936//109
f 936//110 934//110 937//110
f 936//111 937//111 938//111
f 939//112 940//112 941//112
f 941//113 940//113 942//113
f 942//114 943//114 941//114
f 941//115 943//115 944//115
f 941//116 944//116 937//116
f 937//117 944//117 945//117
f 937//118 945//118 938//118
f 946//119 947//119 939//119
f 939//120 947//120 948//120
f 939//121 948//121 940//121
f 818//122 949//122 821//122
f 821//123 949//123 946//123
f 821//124 946//124 950//124
f 951//125 952//125 953//125
f 951//126 954//126 952//126
f 952//127 954//127 955//127
f 952//128 955//128 956//128
f 956//129 955//129 957//129
f 956//130 957//130 958//130
f 957//131 959//131 958//131
f 958//132 959//132 960//132
f 958//133 960//133 961//133
f 960//134 962//134 961//134
f 961//135 962//135 963//135
f 961//136 963//136 964//136
f 964//137 963//137 965//137
f 964//138 965//138 966//138
f 965//139 967//139 966//139
f 966//140 967//140 968//140
f 966//141 968//141 969//141
f 968//142 970//142 969//142
f 969//143 970//143 971//143
f 969//144 971//144 972//144
f 972//145 971//145 973//145
f 972//146 973//146 974//146
f 973//147 975//147 974//147
f 974//148 975//148 976//148
f 974//149 976//149 977//149
f 976//150 978//150 977//150
f 977//151 978//151 979//151
f 977//152 979//152 980//152
f 979//153 981//153 980//153
f 980//154 981//154 982//154
f 980//155 982//155 983//155
f 983//156 982//156 984//156
f 983//157 984//157 985//157
f 984//158 986//158 985//158
f 985//159 986//159 987//159
f 985//160 987//160 988//160
f 987//161 989//161 988//161
f 988//162 989//162 990//162
f 988//163 990//163 991//163
f 991//164 990//164 992//164
f 991//165 992//165 993//165
f 992//166 994//166 993//166
f 993//167 994//167 995//167
f 993//168 995//168 996//168
f 995//169 997//169 996//169
f 996//170 997//170 998//170
f 996//171 998//171 999//171
f 999//172 998//172 1000//172
f 999//173 1000//173 1001//173
f 1000//174 1002//174 1001//174
f 1001//175 1002//175 1003//175
f 1001//176 1003//176 1004//176
f 1003//177 1005//177 1004//177
f 1004//178 1005//178 1006//178
f 1004//179 1006//179 1007//179
f 1007//180 1006//180 1008//180
f 1007//181 1008//181 1009//181
f 1008//182 1010//182 1009//182
f 1009//183 1010//183 1011//183
f 1009//184 1011//184 1012//184
f 1011//185 1013//185 1012//185
f 1012//186 1013//186 1014//186
f 1012//187 1014//187 1015//187
f 1014//188 1016//188 1015//188
f 1015//189 1016//189 1017//189
f 1015//190 1017//190 1018//190
f 1018//191 1017//191 1019//191
f 1018//192 1019//192 1020//192
f 1019//193 1021//193 1020//193
f 1020//194 1021//194 1022//194
f 1020//195 1022//195 1023//195
f 1022//196 1024//196 1023//196
f 1023//197 1024//197 1025//197
f 1023//198 1025//198 1026//198
f 1026//199 1025//199 1027//199
f 1026//200 1027//200 1028//200
f 1027//201 1029//201 1028//201
f 1028//202 1029//202 1030//202
f 1028//203 1030//203 1031//203
f 1030//204 1032//204 1031//204
f 1031//205 1032//205 1033//205
f 1031//206 1033//206 1034//206
f 1034//207 1033//207 1035//207
f 1034//208 1035//208 1036//208
f 1035//209 1037//209 1036//209
f 1036//210 1037//210 1038//210
f 1036//211 1038//211 1039//211
f 1038//212 1040//212 1039//212
f 1039//213 1040//213 1041//213
f 1039//214 1041//214 1042//214
f 1042//215 1041//215 1043//215
f 1042//216 1043//216 1044//216
f 1043//217 1045//217 1044//217
f 1044//218 1045//218 1046//218
f 1044//219 1046//219 1047//219
f 1046//220 1048//220 1047//220
f 1047//221 1048//221 1049//221
f 1047//222 1049//222 1050//222
f 1050//223 1049//223 1051//223
f 1050//224 1051//224 1052//224
f 1051//225 1053//225 1052//225
f 1052//226 1053//226 1054//226
f 1052//227 1054//227 1055//227
f 1054//228 1056//228 1055//228
f 1055//229 1056//229 1057//229
f 1055//230 1057//230 1058//230
f 1057//231 1059//231 1058//231
f 1058//232 1059//232 1060//232
f 1058//233 1060//233 1061//233
f 1061//234 1060//234 1062//234
f 1061//235 1062//235 953//235
f 953//236 1062//236 1063//236
f 953//237 1063//237 951//237
f 1061//238 1064//238 1058//238
f 1058//239 1064//239 1065//239
f 1058//240 1065//240 1055//240
f 1055//241 1065//241 1066//241
f 1055//242 1066//242 1052//242
f 1052//243 1066//243 1067//243
f 1052//244 1067//244 1050//244
f 1050//245 1067//245 1068//245
f 1050//246 1068//246 1047//246
f 1047//247 1068//247 1069//247
f 1047//248 1069//248 1044//248
f 1044//249 1069//249 1070//249
f 1044//250 1070//250 1042//250
f 1042//251 1070//251 1071//251
f 1042//252 1071//252 1039//252
f 1039//253 1071//253 1072//253
f 1039//254 1072//254 1036//254
f 1036//255 1072//255 1073//255
f 1036//256 1073//256 1034//256
f 1034//257 1073//257 1074//257
f 1034//258 1074//258 1031//258
f 1031//259 1074//259 1075//259
f 1031//260 1075//260 1028//260
f 1028//261 1075//261 1076//261
f 1028//262 1076//262 1026//262
f 1026//263 1076//263 1077//263
f 1026//264 1077//264 1023//264
f 1023//265 1077//265 1078//265
f 1023//266 1078//266 1020//266
f 1020//267 1078//267 1079//267
f 1020//268 1079//268 1018//268
f 1018//269 1079//269 1080//269
f 1018//270 1080//270 1015//270
f 1015//271 1080//271 1081//271
f 1015//272 1081//272 1012//272
f 1012//273 1081//273 1082//273
f 1012//274 1082//274 1009//274
f 1009//275 1082//275 1083//275
f 1009//276 1083//276 1007//276
f 1007//277 1083//277 1084//277
f 1007//278 1084//278 1004//278
f 1004//279 1084//279 1085//279
f 1004//280 1085//280 1001//280
f 1001//281 1085//281 1086//281
f 1001//282 1086//282 999//282
f 999//283 1086//283 1087//283
f 999//284 1087//284 996//284
f 996//285 1087//285 1088//285
f 996//286 1088//286 993//286
f 993//287 1088//287 1089//287
f 993//288 1089//288 991//288
f 991//289 1089//289 1090//289
f 991//290 1090//290 988//290
f 988//291 1090//291 1091//291
f 988//292 1091//292 985//292
f 985//293 1091//293 1092//293
f 985//294 1092//294 983//294
f 983//295 1092//295 1093//295
f 983//296 1093//296 980//296
f 980//297 1093//297 1094//297
f 980//298 1094//298 977//298
f 977//299 1094//299 1095//299
f 977//300 1095//300 974//300
f 974//301 1095//301 1096//301
f 974//302 1096//302 972//302
f 972//303 1096//303 1097//303
f 972//304 1097//304 969//304
f 969//305 1097//305 1098//305
f 969//306 1098//306 966//306
f 966//307 1098//307 1099//307
f 966//308 1099//308 964//308
f 964//309 1099//309 1100//309
f 964//310 1100//310 961//310
f 961//311 1100//311 1101//311
f 961//312 1101//312 958//312
f 958//313 1101//313 1102//313
f 958//314 1102//314 956//314
f 956//315 1102//315 1103//315
f 956//316 1103//316 952//316
f 952//317 1103//317 1104//317
f 952//318 1104//318 953//318
f 953//319 1104//319 1105//319
f 953//320 1105//320 1061//320
f 1061//321 1105//321 1064//321
f 1105//322 857//322 1064//322
f 1064//323 857//323 851//323
f 1064//324 851//324 1065//324
f 1065//325 851//325 853//325
f 1065//326 853//326 1066//326
f 1066//327 853//327 1106//327
f 1066//328 1106//328 1067//328
f 1067//329 1106//329 1107//329
f 1067//330 1107//330 1068//330
f 1068//331 1107//331 1108//331
f 1068//332 1108//332 1069//332
f 1069//333 1108//333 1109//333
f 1069//334 1109//334 1070//334
f 1070//335 1109//335 822//335
f 1070//336 822//336 1071//336
f 1071//337 822//337 824//337
f 1071//338 824//338 1072//338
f 1072//339 824//339 820//339
f 1072//340 820//340 1073//340
f 1073//341 820//341 819//341
f 1073//342 819//342 1074//342
f 1074//343 819//343 821//343
f 1074//344 821//344 1075//344
f 1075//345 821//345 950//345
f 1075//346 950//346 1076//346
f 1076//347 950//347 1110//347
f 1076//348 1110//348 1077//348
f 1077//349 1110//349 1111//349
f 1077//350 1111//350 1078//350
f 1078//351 1111//351 1112//351
f 1078//352 1112//352 1079//352
f 1079//353 1112//353 1113//353
f 1079//354 1113//354 1080//354
f 1080//355 1113//355 1114//355
f 1080//356 1114//356 1081//356
f 1081//357 1114//357 923//357
f 1081//358 923//358 1082//358
f 1082//359 923//359 919//359
f 1082//360 919//360 1083//360
f 1083//361 919//361 921//361
f 1083//362 921//362 1084//362
f 1084//363 921//363 922//363
f 1084//364 922//364 1085//364
f 1085//365 922//365 916//365
f 1085//366 916//366 1086//366
f 1086//367 916//367 918//367
f 1086//368 918//368 1087//368
f 1087//369 918//369 1115//369
f 1087//370 1115//370 1088//370
f 1088//371 1115//371 1116//371
f 1088//372 1116//372 1089//372
f 1089//373 1116//373 1117//373
f 1089//374 1117//374 1090//374
f 1090//375 1117//375 1118//375
f 1090//376 1118//376 1091//376
f 1091//377 1118//377 887//377
f 1091//378 887//378 1092//378
f 1092//379 887//379 889//379
f 1092//380 889//380 1093//380
f 1093//381 889//381 817//381
f 1093//382 817//382 1094//382
f 1094//383 817//383 816//383
f 1094//384 816//384 1095//384
f 1095//385 816//385 885//385
f 1095//386 885//386 1096//386
f 1096//387 885//387 884//387
f 1096//388 884//388 1097//388
f 1097//389 884//389 1119//389
f 1097//390 1119//390 1098//390
f 1098//391 1119//391 1120//391
f 1098//392 1120//392 1099//392
f 1099//393 1120//393 1121//393
f 1099//394 1121//394 1100//394
f 1100//395 1121//395 1122//395
f 1100//396 1122//396 1101//396
f 1101//397 1122//397 1123//397
f 1101//398 1123//398 1102//398
f 1102//399 1123//399 858//399
f 1102//400 858//400 1103//400
f 1103//401 858//401 854//401
f 1103//402 854//402 1104//402
f 1104//403 854//403 856//403
f 1104//404 856//404 1105//404
f 1105//405 856//405 857//405
f 881//406 874//406 884//406
f 884//407 874//407 876//407
f 884//408 876//408 1119//408
f 1119//409 876//409 872//409
f 1119//410 872//410 1120//410
f 1120//411 872//411 869//411
f 1120//412 869//412 1121//412
f 1121//413 869//413 866//413
f 1121//414 866//414 1122//414
f 1122//415 866//415 863//415
f 1122//416 863//416 1123//416
f 1123//417 863//417 864//417
f 1123//418 864//418 858//418
f 858//419 864//419 1124//419
f 858//420 1124//420 859//420
f 909//421 911//421 918//421
f 918//422 911//422 906//422
f 918//423 906//423 1115//423
f 1115//424 906//424 904//424
f 1115//425 904//425 1116//425
f 1116//426 904//426 901//426
f 1116//427 901//427 1117//427
f 1117//428 901//428 897//428
f 1117//429 897//429 1118//429
f 1118//430 897//430 892//430
f 1118//431 892//431 887//431
f 887//432 892//432 894//432
f 887//433 894//433 888//433
f 946//434 939//434 950//434
f 950//435 939//435 941//435
f 950//436 941//436 1110//436
f 1110//437 941//437 937//437
f 1110//438 937//438 1111//438
f 1111//439 937//439 934//439
f 1111//440 934//440 1112//440
f 1112//441 934//441 931//441
f 1112//442 931//442 1113//442
f 1113//443 931//443 928//443
f 1113//444 928//444 1114//444
f 1114//445 928//445 929//445
f 1114//446 929//446 923//446
f 923//447 929//447 1125//447
f 923//448 1125//448 924//448
f 844//449 846//449 853//449
f 853//450 846//450 841//450
f 853//451 841//451 1106//451
f 1106//452 841//452 839//452
f 1106//453 839//453 1107//453
f 1107//454 839//454 836//454
f 1107//455 836//455 1108//455
f 1108//456 836//456 832//456
f 1108//457 832//457 1109//457
f 1109//458 832//458 827//458
f 1109//459 827//459 822//459
f 822//460 827//460 829//460
f 822//461 829//461 823//461
f 1126//462 1127//462 1128//462
f 1128//462 1127//462 1129//462
f 1128//462 1129//462 1130//462
f 1131//462 1132//462 1128//462
f 1128//462 1132//462 1133//462
f 1128//462 1133//462 1126//462
f 1134//462 1135//462 1128//462
f 1128//462 1135//462 1136//462
f 1128//462 1136//462 1131//462
f 1137//462 1138//462 1128//462
f 1128//462 1138//462 1139//462
f 1128//462 1139//462 1134//462
f 1140//462 1141//462 1128//462
f 1128//462 1141//462 1142//462
f 1128//462 1142//462 1137//462
f 1143//462 1144//462 1128//462
f 1128//462 1144//462 1145//462
f 1128//462 1145//462 1140//462
f 1130//462 1146//462 1128//462
f 1128//462 1146//462 1147//462
f 1128//462 1147//462 1143//462
f 1129//463 1148//463 1130//463
f 1130//464 1148//464 1149//464
f 1130//465 1149//465 1146//465
f 1146//466 1149//466 1150//466
f 1146//467 1150//467 1147//467
f 1147//468 1150//468 1151//468
f 1147//469 1151//469 1143//469
f 1143//470 1151//470 1152//470
f 1143//471 1152//471 1144//471
f 1144//472 1152//472 1153//472
f 1144//473 1153//473 1145//473
f 1145//474 1153//474 1154//474
f 1145//475 1154//475 1140//475
f 1140//476 1154//476 1155//476
f 1140//477 1155//477 1141//477
f 1141//478 1155//478 1156//478
f 1141//479 1156//479 1142//479
f 1142//480 1156//480 1157//480
f 1142//481 1157//481 1137//481
f 1137//482 1157//482 1158//482
f 1137//483 1158//483 1138//483
f 1138//484 1158//484 1159//484
f 1138//485 1159//485 1139//485
f 1139//486 1159//486 1160//486
f 1139//487 1160//487 1134//487
f 1134//488 1160//488 1161//488
f 1134//489 1161//489 1135//489
f 1135//490 1161//490 1162//490
f 1135//491 1162//491 1136//491
f 1136//492 1162//492 1163//492
f 1136//493 1163//493 1131//493
f 1131//494 1163//494 1164//494
f 1131//495 1164//495 1132//495
f 1132//496 1164//496 1165//496
f 1132//497 1165//497 1133//497
f 1133//498 1165//498 1166//498
f 1133//499 1166//499 1126//499
f 1126//500 1166//500 1167//500
f 1126//501 1167//501 1127//501
f 1127//502 1167//502 1168//502
f 1127//503 1168//503 1129//503
f 1129//504 1168//504 1148//504
f 1166//462 1169//462 1167//462
f 1167//462 1169//462 1170//462
f 1167//462 1170//462 1168//462
f 1168//462 1170//462 1171//462
f 1168//462 1171//462 1148//462
f 1164//462 1172//462 1165//462
f 1165//462 1172//462 1173//462
f 1165//462 1173//462 1166//462
f 1166//462 1173//462 1174//462
f 1166//462 1174//462 1169//462
f 1161//462 1175//462 1162//462
f 1162//462 1175//462 1176//462
f 1162//462 1176//462 1163//462
f 1163//462 1176//462 1177//462
f 1163//462 1177//462 1164//462
f 1164//462 1177//462 1178//462
f 1164//462 1178//462 1172//462
f 1153//462 1179//462 1154//462
f 1154//462 1179//462 1180//462
f 1154//462 1180//462 1155//462
f 1155//462 1180//462 1181//462
f 1155//462 1181//462 1156//462
f 1158//462 1182//462 1159//462
f 1159//462 1182//462 1183//462
f 1159//462 1183//462 1160//462
f 1160//462 1183//462 1184//462
f 1160//462 1184//462 1161//462
f 1161//462 1184//462 1185//462
f 1161//462 1185//462 1175//462
f 1181//462 1186//462 1156//462
f 1156//462 1186//462 1187//462
f 1156//462 1187//462 1157//462
f 1157//462 1187//462 1188//462
f 1157//462 1188//462 1158//462
f 1158//462 1188//462 1189//462
f 1158//462 1189//462 1182//462
f 1150//462 1190//462 1151//462
f 1151//462 1190//462 1191//462
f 1151//462 1191//462 1152//462
f 1152//462 1191//462 1192//462
f 1152//462 1192//462 1153//462
f 1153//462 1192//462 1193//462
f 1153//462 1193//462 1179//462
f 1171//462 1194//462 1148//462
f 1148//462 1194//462 1195//462
f 1148//462 1195//462 1149//462
f 1149//462 1195//462 1196//462
f 1149//462 1196//462 1150//462
f 1150//462 1196//462 1197//462
f 1150//462 1197//462 1190//462
f 979//505 978//505 1170//505
f 1170//506 978//506 1171//506
f 979//507 1170//507 981//507
f 981//508 1170//508 1169//508
f 981//509 1169//509 982//509
f 1174//510 986//510 1169//510
f 1169//511 986//511 984//511
f 1169//512 984//512 982//512
f 992//513 990//513 1173//513
f 1173//514 990//514 989//514
f 1173//515 989//515 1174//515
f 1174//516 989//516 987//516
f 1174//517 987//517 986//517
f 992//518 1173//518 994//518
f 994//519 1173//519 1172//519
f 994//520 1172//520 995//520
f 995//521 1172//521 997//521
f 997//522 1172//522 1178//522
f 997//523 1178//523 998//523
f 1177//524 1002//524 1178//524
f 1178//525 1002//525 1000//525
f 1178//526 1000//526 998//526
f 1008//527 1006//527 1176//527
f 1176//528 1006//528 1005//528
f 1176//529 1005//529 1177//529
f 1177//530 1005//530 1003//530
f 1177//531 1003//531 1002//531
f 1008//532 1176//532 1010//532
f 1010//533 1176//533 1175//533
f 1010//534 1175//534 1011//534
f 1011//535 1175//535 1013//535
f 1013//536 1175//536 1185//536
f 1013//537 1185//537 1014//537
f 1014//538 1185//538 1016//538
f 1016//539 1185//539 1184//539
f 1016//540 1184//540 1017//540
f 1183//541 1021//541 1184//541
f 1184//542 1021//542 1019//542
f 1184//543 1019//543 1017//543
f 1027//544 1025//544 1182//544
f 1182//545 1025//545 1024//545
f 1182//546 1024//546 1183//546
f 1183//547 1024//547 1022//547
f 1183//548 1022//548 1021//548
f 1027//549 1182//549 1029//549
f 1029//550 1182//550 1189//550
f 1029//551 1189//551 1030//551
f 1030//552 1189//552 1032//552
f 1032//553 1189//553 1188//553
f 1032//554 1188//554 1033//554
f 1187//555 1037//555 1188//555
f 1188//556 1037//556 1035//556
f 1188//557 1035//557 1033//557
f 1043//558 1041//558 1186//558
f 1186//559 1041//559 1040//559
f 1186//560 1040//560 1187//560
f 1187//561 1040//561 1038//561
f 1187//562 1038//562 1037//562
f 1043//563 1186//563 1045//563
f 1045//564 1186//564 1181//564
f 1045//565 1181//565 1046//565
f 1046//566 1181//566 1048//566
f 1048//567 1181//567 1180//567
f 1048//568 1180//568 1049//568
f 1179//569 1053//569 1180//569
f 1180//570 1053//570 1051//570
f 1180//571 1051//571 1049//571
f 1193//572 1056//572 1179//572
f 1179//573 1056//573 1054//573
f 1179//574 1054//574 1053//574
f 1062//575 1060//575 1192//575
f 1192//576 1060//576 1059//576
f 1192//577 1059//577 1193//577
f 1193//578 1059//578 1057//578
f 1193//579 1057//579 1056//579
f 1062//580 1192//580 1063//580
f 1063//581 1192//581 1191//581
f 1063//582 1191//582 951//582
f 951//583 1191//583 954//583
f 954//584 1191//584 1190//584
f 954//585 1190//585 955//585
f 1197//586 959//586 1190//586
f 1190//587 959//587 957//587
f 1190//588 957//588 955//588
f 965//589 963//589 1196//589
f 1196//590 963//590 962//590
f 1196//591 962//591 1197//591
f 1197//592 962//592 960//592
f 1197//593 960//593 959//593
f 965//594 1196//594 967//594
f 967//595 1196//595 1195//595
f 967//596 1195//596 968//596
f 968//597 1195//597 970//597
f 970//598 1195//598 1194//598
f 970//599 1194//599 971//599
f 978//600 976//600 1171//600
f 1171//601 976//601 975//601
f 1171//602 975//602 1194//602
f 1194//603 975//603 973//603
f 1194//604 973//604 971//604
f 834//605 833//605 1198//605
f 1198//605 825//605 823//605
f 823//605 829//605 1198//605
f 1198//605 829//605 828//605
f 1198//605 828//605 834//605
f 826//606 825//606 1198//606
f 1199//606 949//606 818//606
f 818//606 826//606 1199//606
f 1199//606 826//606 1198//606
f 1199//606 1198//606 1200//606
f 1200//606 1198//606 1201//606
f 948//607 1199//607 940//607
f 940//607 1199//607 942//607
f 948//607 947//607 1199//607
f 1199//607 947//607 946//607
f 1199//607 946//607 949//607
f 1202//608 924//608 1125//608
f 1125//608 929//608 1202//608
f 1202//608 929//608 927//608
f 1203//609 1204//609 1202//609
f 1202//609 1204//609 1205//609
f 915//609 914//609 1205//609
f 1205//609 914//609 920//609
f 1205//609 920//609 1202//609
f 1202//609 920//609 925//609
f 1202//609 925//609 924//609
f 1205//610 910//610 909//610
f 1205//610 909//610 917//610
f 1205//610 917//610 915//610
f 899//611 898//611 1206//611
f 1206//611 890//611 888//611
f 888//611 894//611 1206//611
f 1206//611 894//611 893//611
f 1206//611 893//611 899//611
f 891//612 890//612 1206//612
f 1207//612 886//612 815//612
f 815//612 891//612 1207//612
f 1207//612 891//612 1206//612
f 1207//612 1206//612 1208//612
f 1208//612 1206//612 1209//612
f 883//613 1207//613 875//613
f 875//613 1207//613 877//613
f 883//613 882//613 1207//613
f 1207//613 882//613 881//613
f 1207//613 881//613 886//613
f 864//610 862//610 1210//610
f 859//610 1124//610 1210//610
f 1210//610 1124//610 864//610
f 1211//614 1212//614 1210//614
f 1210//614 1212//614 1213//614
f 850//614 849//614 1213//614
f 1213//614 849//614 855//614
f 1213//614 855//614 1210//614
f 1210//614 855//614 860//614
f 1210//614 860//614 859//614
f 1213//615 845//615 844//615
f 1213//615 844//615 852//615
f 1213//615 852//615 850//615
f 1212//616 1211//616 1214//616
f 1214//616 1211//616 1215//616
f 1214//616 1215//616 1216//616
f 1204//616 1203//616 1217//616
f 1217//616 1203//616 1218//616
f 1218//616 1219//616 1217//616
f 1217//616 1219//616 1200//616
f 1217//616 1200//616 1220//616
f 1208//616 1209//616 1221//616
f 1221//616 1209//616 1220//616
f 1221//616 1220//616 1215//616
f 1215//616 1220//616 1200//616
f 1215//616 1200//616 1216//616
f 1216//616 1200//616 1201//616
f 932//617 933//617 1218//617
f 1219//618 944//618 943//618
f 943//619 942//619 1219//619
f 1219//620 942//620 1199//620
f 1219//621 1199//621 1200//621
f 936//622 938//622 1219//622
f 1219//623 938//623 945//623
f 1219//624 945//624 944//624
f 1218//625 933//625 1219//625
f 1219//626 933//626 935//626
f 1219//627 935//627 936//627
f 1202//628 927//628 926//628
f 1218//629 1203//629 1202//629
f 1202//630 926//630 1218//630
f 1218//631 926//631 930//631
f 1218//632 930//632 932//632
f 912//633 1217//633 913//633
f 913//634 1217//634 907//634
f 912//635 910//635 1217//635
f 1217//636 910//636 1205//636
f 1217//637 1205//637 1204//637
f 895//638 900//638 1220//638
f 1220//639 900//639 902//639
f 902//640 903//640 1220//640
f 1220//641 903//641 905//641
f 1220//642 905//642 1217//642
f 1217//643 905//643 908//643
f 1217//644 908//644 907//644
f 1220//645 1209//645 1206//645
f 895//646 1220//646 896//646
f 896//647 1220//647 1206//647
f 896//648 1206//648 898//648
f 847//649 1214//649 848//649
f 848//650 1214//650 842//650
f 847//651 845//651 1214//651
f 1214//652 845//652 1213//652
f 1214//653 1213//653 1212//653
f 830//654 835//654 1216//654
f 1216//655 835//655 837//655
f 837//656 838//656 1216//656
f 1216//657 838//657 840//657
f 1216//658 840//658 1214//658
f 1214//659 840//659 843//659
f 1214//660 843//660 842//660
f 1216//661 1201//661 1198//661
f 830//662 1216//662 831//662
f 831//663 1216//663 1198//663
f 831//664 1198//664 833//664
f 867//665 868//665 1215//665
f 1221//666 879//666 878//666
f 878//667 877//667 1221//667
f 1221//668 877//668 1207//668
f 1221//669 1207//669 1208//669
f 871//670 873//670 1221//670
f 1221//671 873//671 880//671
f 1221//672 880//672 879//672
f 1215//673 868//673 1221//673
f 1221//674 868//674 870//674
f 1221//675 870//675 871//675
f 1210//676 862//676 861//676
f 1215//677 1211//677 1210//677
f 1210//678 861//678 1215//678
f 1215//679 861//679 865//679
f 1215//680 865//680 867//680
f 1222//681 1223//681 1224//681
f 1225//682 1226//682 1227//682
f 1226//683 1225//683 1228//683
f 1229//684 1230//684 1231//684
f 1231//685 1230//685 1232//685
f 1231//686 1232//686 1227//686
f 1227//687 1232//687 1233//687
f 1227//688 1233//688 1225//688
f 1234//689 1235//689 1236//689
f 1237//690 1238//690 1239//690
f 1239//691 1238//691 1240//691
f 1239//692 1240//692 1234//692
f 1234//693 1240//693 1241//693
f 1234//694 1241//694 1235//694
f 1237//695 1239//695 1242//695
f 1242//696 1239//696 1243//696
f 1242//697 1243//697 1244//697
f 1244//698 1243//698 1245//698
f 1245//699 1243//699 1246//699
f 1245//700 1246//700 1247//700
f 1248//701 1249//701 1246//701
f 1246//702 1249//702 1250//702
f 1246//703 1250//703 1247//703
f 1251//704 1252//704 1253//704
f 1253//705 1252//705 1254//705
f 1253//706 1254//706 1248//706
f 1248//707 1254//707 1255//707
f 1248//708 1255//708 1249//708
f 1256//709 1257//709 1258//709
f 1257//710 1259//710 1258//710
f 1258//711 1259//711 1251//711
f 1258//712 1251//712 1260//712
f 1261//713 1262//713 1263//713
f 1263//714 1262//714 1256//714
f 1263//715 1256//715 1264//715
f 1264//716 1256//716 1258//716
f 1265//717 1266//717 1261//717
f 1261//718 1266//718 1267//718
f 1261//719 1267//719 1262//719
f 1268//720 1269//720 1270//720
f 1270//721 1269//721 1271//721
f 1268//722 1270//722 1272//722
f 1272//723 1270//723 1273//723
f 1272//724 1273//724 1274//724
f 1274//725 1273//725 1275//725
f 1275//726 1273//726 1276//726
f 1275//727 1276//727 1277//727
f 1277//728 1276//728 1278//728
f 1278//729 1276//729 1279//729
f 1278//730 1279//730 1280//730
f 1281//731 1282//731 1283//731
f 1283//732 1282//732 1284//732
f 1284//733 1285//733 1283//733
f 1283//734 1285//734 1286//734
f 1283//735 1286//735 1279//735
f 1279//736 1286//736 1287//736
f 1279//737 1287//737 1280//737
f 1288//738 1289//738 1281//738
f 1281//739 1289//739 1290//739
f 1281//740 1290//740 1282//740
f 1291//741 1292//741 1288//741
f 1223//742 1222//742 1292//742
f 1292//743 1222//743 1293//743
f 1292//744 1293//744 1288//744
f 1294//745 1295//745 1296//745
f 1296//746 1295//746 1297//746
f 1296//747 1297//747 1224//747
f 1224//748 1297//748 1298//748
f 1224//749 1298//749 1222//749
f 1299//750 1300//750 1301//750
f 1302//751 1303//751 1304//751
f 1304//752 1303//752 1305//752
f 1304//753 1305//753 1299//753
f 1299//754 1305//754 1306//754
f 1299//755 1306//755 1300//755
f 1302//756 1304//756 1307//756
f 1307//757 1304//757 1308//757
f 1307//758 1308//758 1309//758
f 1309//759 1308//759 1310//759
f 1310//760 1308//760 1311//760
f 1310//761 1311//761 1312//761
f 1313//762 1314//762 1311//762
f 1311//763 1314//763 1315//763
f 1311//764 1315//764 1312//764
f 1316//765 1317//765 1318//765
f 1318//766 1317//766 1319//766
f 1318//767 1319//767 1313//767
f 1313//768 1319//768 1320//768
f 1313//769 1320//769 1314//769
f 1321//770 1322//770 1323//770
f 1322//771 1324//771 1323//771
f 1323//772 1324//772 1316//772
f 1323//773 1316//773 1325//773
f 1326//774 1327//774 1328//774
f 1328//775 1327//775 1321//775
f 1328//776 1321//776 1329//776
f 1329//777 1321//777 1323//777
f 1330//778 1331//778 1326//778
f 1326//779 1331//779 1332//779
f 1326//780 1332//780 1327//780
f 1333//781 1334//781 1335//781
f 1335//782 1334//782 1336//782
f 1333//783 1335//783 1337//783
f 1337//784 1335//784 1338//784
f 1337//785 1338//785 1339//785
f 1339//786 1338//786 1340//786
f 1340//787 1338//787 1341//787
f 1340//788 1341//788 1342//788
f 1342//789 1341//789 1343//789
f 1343//790 1341//790 1344//790
f 1343//791 1344//791 1345//791
f 1346//792 1347//792 1348//792
f 1348//793 1347//793 1349//793
f 1349//794 1350//794 1348//794
f 1348//795 1350//795 1351//795
f 1348//796 1351//796 1344//796
f 1344//797 1351//797 1352//797
f 1344//798 1352//798 1345//798
f 1353//799 1354//799 1346//799
f 1346//800 1354//800 1355//800
f 1346//801 1355//801 1347//801
f 1225//802 1356//802 1228//802
f 1228//803 1356//803 1353//803
f 1228//804 1353//804 1357//804
f 1358//805 1359//805 1360//805
f 1358//806 1361//806 1359//806
f 1359//807 1361//807 1362//807
f 1359//808 1362//808 1363//808
f 1363//809 1362//809 1364//809
f 1363//810 1364//810 1365//810
f 1364//811 1366//811 1365//811
f 1365//812 1366//812 1367//812
f 1365//813 1367//813 1368//813
f 1367//814 1369//814 1368//814
f 1368//815 1369//815 1370//815
f 1368//816 1370//816 1371//816
f 1371//817 1370//817 1372//817
f 1371//818 1372//818 1373//818
f 1372//819 1374//819 1373//819
f 1373//820 1374//820 1375//820
f 1373//821 1375//821 1376//821
f 1375//822 1377//822 1376//822
f 1376//823 1377//823 1378//823
f 1376//824 1378//824 1379//824
f 1379//825 1378//825 1380//825
f 1379//826 1380//826 1381//826
f 1380//827 1382//827 1381//827
f 1381//828 1382//828 1383//828
f 1381//829 1383//829 1384//829
f 1383//830 1385//830 1384//830
f 1384//831 1385//831 1386//831
f 1384//832 1386//832 1387//832
f 1386//833 1388//833 1387//833
f 1387//834 1388//834 1389//834
f 1387//835 1389//835 1390//835
f 1390//836 1389//836 1391//836
f 1390//837 1391//837 1392//837
f 1391//838 1393//838 1392//838
f 1392//839 1393//839 1394//839
f 1392//840 1394//840 1395//840
f 1394//841 1396//841 1395//841
f 1395//842 1396//842 1397//842
f 1395//843 1397//843 1398//843
f 1398//844 1397//844 1399//844
f 1398//845 1399//845 1400//845
f 1399//846 1401//846 1400//846
f 1400//847 1401//847 1402//847
f 1400//848 1402//848 1403//848
f 1402//849 1404//849 1403//849
f 1403//850 1404//850 1405//850
f 1403//851 1405//851 1406//851
f 1406//852 1405//852 1407//852
f 1406//853 1407//853 1408//853
f 1407//854 1409//854 1408//854
f 1408//855 1409//855 1410//855
f 1408//856 1410//856 1411//856
f 1410//857 1412//857 1411//857
f 1411//858 1412//858 1413//858
f 1411//859 1413//859 1414//859
f 1414//860 1413//860 1415//860
f 1414//861 1415//861 1416//861
f 1415//862 1417//862 1416//862
f 1416//863 1417//863 1418//863
f 1416//864 1418//864 1419//864
f 1418//865 1420//865 1419//865
f 1419//866 1420//866 1421//866
f 1419//867 1421//867 1422//867
f 1421//868 1423//868 1422//868
f 1422//869 1423//869 1424//869
f 1422//870 1424//870 1425//870
f 1425//871 1424//871 1426//871
f 1425//872 1426//872 1427//872
f 1426//873 1428//873 1427//873
f 1427//874 1428//874 1429//874
f 1427//875 1429//875 1430//875
f 1429//876 1431//876 1430//876
f 1430//877 1431//877 1432//877
f 1430//878 1432//878 1433//878
f 1433//879 1432//879 1434//879
f 1433//880 1434//880 1435//880
f 1434//881 1436//881 1435//881
f 1435//882 1436//882 1437//882
f 1435//883 1437//883 1438//883
f 1437//884 1439//884 1438//884
f 1438//885 1439//885 1440//885
f 1438//886 1440//886 1441//886
f 1441//887 1440//887 1442//887
f 1441//888 1442//888 1443//888
f 1442//889 1444//889 1443//889
f 1443//890 1444//890 1445//890
f 1443//891 1445//891 1446//891
f 1445//892 1447//892 1446//892
f 1446//893 1447//893 1448//893
f 1446//894 1448//894 1449//894
f 1449//895 1448//895 1450//895
f 1449//896 1450//896 1451//896
f 1450//897 1452//897 1451//897
f 1451//898 1452//898 1453//898
f 1451//899 1453//899 1454//899
f 1453//900 1455//900 1454//900
f 1454//901 1455//901 1456//901
f 1454//902 1456//902 1457//902
f 1457//903 1456//903 1458//903
f 1457//904 1458//904 1459//904
f 1458//905 1460//905 1459//905
f 1459//906 1460//906 1461//906
f 1459//907 1461//907 1462//907
f 1461//908 1463//908 1462//908
f 1462//909 1463//909 1464//909
f 1462//910 1464//910 1465//910
f 1464//911 1466//911 1465//911
f 1465//912 1466//912 1467//912
f 1465//913 1467//913 1468//913
f 1468//914 1467//914 1469//914
f 1468//915 1469//915 1360//915
f 1360//916 1469//916 1470//916
f 1360//917 1470//917 1358//917
f 1468//918 1471//918 1465//918
f 1465//919 1471//919 1472//919
f 1465//920 1472//920 1462//920
f 1462//921 1472//921 1473//921
f 1462//922 1473//922 1459//922
f 1459//923 1473//923 1474//923
f 1459//924 1474//924 1457//924
f 1457//925 1474//925 1475//925
f 1457//926 1475//926 1454//926
f 1454//927 1475//927 1476//927
f 1454//928 1476//928 1451//928
f 1451//929 1476//929 1477//929
f 1451//930 1477//930 1449//930
f 1449//931 1477//931 1478//931
f 1449//932 1478//932 1446//932
f 1446//933 1478//933 1479//933
f 1446//934 1479//934 1443//934
f 1443//935 1479//935 1480//935
f 1443//936 1480//936 1441//936
f 1441//937 1480//937 1481//937
f 1441//938 1481//938 1438//938
f 1438//939 1481//939 1482//939
f 1438//940 1482//940 1435//940
f 1435//941 1482//941 1483//941
f 1435//942 1483//942 1433//942
f 1433//943 1483//943 1484//943
f 1433//944 1484//944 1430//944
f 1430//945 1484//945 1485//945
f 1430//946 1485//946 1427//946
f 1427//947 1485//947 1486//947
f 1427//948 1486//948 1425//948
f 1425//949 1486//949 1487//949
f 1425//950 1487//950 1422//950
f 1422//951 1487//951 1488//951
f 1422//952 1488//952 1419//952
f 1419//953 1488//953 1489//953
f 1419//954 1489//954 1416//954
f 1416//955 1489//955 1490//955
f 1416//956 1490//956 1414//956
f 1414//957 1490//957 1491//957
f 1414//958 1491//958 1411//958
f 1411//959 1491//959 1492//959
f 1411//960 1492//960 1408//960
f 1408//961 1492//961 1493//961
f 1408//962 1493//962 1406//962
f 1406//963 1493//963 1494//963
f 1406//964 1494//964 1403//964
f 1403//965 1494//965 1495//965
f 1403//966 1495//966 1400//966
f 1400//967 1495//967 1496//967
f 1400//968 1496//968 1398//968
f 1398//969 1496//969 1497//969
f 1398//970 1497//970 1395//970
f 1395//971 1497//971 1498//971
f 1395//972 1498//972 1392//972
f 1392//973 1498//973 1499//973
f 1392//974 1499//974 1390//974
f 1390//975 1499//975 1500//975
f 1390//976 1500//976 1387//976
f 1387//977 1500//977 1501//977
f 1387//978 1501//978 1384//978
f 1384//979 1501//979 1502//979
f 1384//980 1502//980 1381//980
f 1381//981 1502//981 1503//981
f 1381//982 1503//982 1379//982
f 1379//983 1503//983 1504//983
f 1379//984 1504//984 1376//984
f 1376//985 1504//985 1505//985
f 1376//986 1505//986 1373//986
f 1373//987 1505//987 1506//987
f 1373//988 1506//988 1371//988
f 1371//989 1506//989 1507//989
f 1371//990 1507//990 1368//990
f 1368//991 1507//991 1508//991
f 1368//992 1508//992 1365//992
f 1365//993 1508//993 1509//993
f 1365//994 1509//994 1363//994
f 1363//995 1509//995 1510//995
f 1363//996 1510//996 1359//996
f 1359//997 1510//997 1511//997
f 1359//998 1511//998 1360//998
f 1360//999 1511//999 1512//999
f 1360//1000 1512//1000 1468//1000
f 1468//1001 1512//1001 1471//1001
f 1512//1002 1264//1002 1471//1002
f 1471//1003 1264//1003 1258//1003
f 1471//1004 1258//1004 1472//1004
f 1472//1005 1258//1005 1260//1005
f 1472//1006 1260//1006 1473//1006
f 1473//1007 1260//1007 1513//1007
f 1473//1008 1513//1008 1474//1008
f 1474//1009 1513//1009 1514//1009
f 1474//1010 1514//1010 1475//1010
f 1475//1011 1514//1011 1515//1011
f 1475//1012 1515//1012 1476//1012
f 1476//1013 1515//1013 1516//1013
f 1476//1014 1516//1014 1477//1014
f 1477//1015 1516//1015 1229//1015
f 1477//1016 1229//1016 1478//1016
f 1478//1017 1229//1017 1231//1017
f 1478//1018 1231//1018 1479//1018
f 1479//1019 1231//1019 1227//1019
f 1479//1020 1227//1020 1480//1020
f 1480//1021 1227//1021 1226//1021
f 1480//1022 1226//1022 1481//1022
f 1481//1023 1226//1023 1228//1023
f 1481//1024 1228//1024 1482//1024
f 1482//1025 1228//1025 1357//1025
f 1482//1026 1357//1026 1483//1026
f 1483//1027 1357//1027 1517//1027
f 1483//1028 1517//1028 1484//1028
f 1484//1029 1517//1029 1518//1029
f 1484//1030 1518//1030 1485//1030
f 1485//1031 1518//1031 1519//1031
f 1485//1032 1519//1032 1486//1032
f 1486//1033 1519//1033 1520//1033
f 1486//1034 1520//1034 1487//1034
f 1487//1035 1520//1035 1521//1035
f 1487//1036 1521//1036 1488//1036
f 1488//1037 1521//1037 1330//1037
f 1488//1038 1330//1038 1489//1038
f 1489//1039 1330//1039 1326//1039
f 1489//1040 1326//1040 1490//1040
f 1490//1041 1326//1041 1328//1041
f 1490//1042 1328//1042 1491//1042
f 1491//1043 1328//1043 1329//1043
f 1491//1044 1329//1044 1492//1044
f 1492//1045 1329//1045 1323//1045
f 1492//1046 1323//1046 1493//1046
f 1493//1047 1323//1047 1325//1047
f 1493//1048 1325//1048 1494//1048
f 1494//1049 1325//1049 1522//1049
f 1494//1050 1522//1050 1495//1050
f 1495//1051 1522//1051 1523//1051
f 1495//1052 1523//1052 1496//1052
f 1496//1053 1523//1053 1524//1053
f 1496//1054 1524//1054 1497//1054
f 1497//1055 1524//1055 1525//1055
f 1497//1056 1525//1056 1498//1056
f 1498//1057 1525//1057 1294//1057
f 1498//1058 1294//1058 1499//1058
f 1499//1059 1294//1059 1296//1059
f 1499//1060 1296//1060 1500//1060
f 1500//1061 1296//1061 1224//1061
f 1500//1062 1224//1062 1501//1062
f 1501//1063 1224//1063 1223//1063
f 1501//1064 1223//1064 1502//1064
f 1502//1065 1223//1065 1292//1065
f 1502//1066 1292//1066 1503//1066
f 1503//1067 1292//1067 1291//1067
f 1503//1068 1291//1068 1504//1068
f 1504//1069 1291//1069 1526//1069
f 1504//1070 1526//1070 1505//1070
f 1505//1071 1526//1071 1527//1071
f 1505//1072 1527//1072 1506//1072
f 1506//1073 1527//1073 1528//1073
f 1506//1074 1528//1074 1507//1074
f 1507//1075 1528//1075 1529//1075
f 1507//1076 1529//1076 1508//1076
f 1508//1077 1529//1077 1530//1077
f 1508//1078 1530//1078 1509//1078
f 1509//1079 1530//1079 1265//1079
f 1509//1080 1265//1080 1510//1080
f 1510//1081 1265//1081 1261//1081
f 1510//1082 1261//1082 1511//1082
f 1511//1083 1261//1083 1263//1083
f 1511//1084 1263//1084 1512//1084
f 1512//1085 1263//1085 1264//1085
f 1288//1086 1281//1086 1291//1086
f 1291//1087 1281//1087 1283//1087
f 1291//1088 1283//1088 1526//1088
f 1526//1089 1283//1089 1279//1089
f 1526//1090 1279//1090 1527//1090
f 1527//1091 1279//1091 1276//1091
f 1527//1092 1276//1092 1528//1092
f 1528//1093 1276//1093 1273//1093
f 1528//1094 1273//1094 1529//1094
f 1529//1095 1273//1095 1270//1095
f 1529//1096 1270//1096 1530//1096
f 1530//1097 1270//1097 1271//1097
f 1530//1098 1271//1098 1265//1098
f 1265//1099 1271//1099 1531//1099
f 1265//1100 1531//1100 1266//1100
f 1316//1101 1318//1101 1325//1101
f 1325//1102 1318//1102 1313//1102
f 1325//1103 1313//1103 1522//1103
f 1522//1104 1313//1104 1311//1104
f 1522//1105 1311//1105 1523//1105
f 1523//1106 1311//1106 1308//1106
f 1523//1107 1308//1107 1524//1107
f 1524//1108 1308//1108 1304//1108
f 1524//1109 1304//1109 1525//1109
f 1525//1110 1304//1110 1299//1110
f 1525//1111 1299//1111 1294//1111
f 1294//1112 1299//1112 1301//1112
f 1294//1113 1301//1113 1295//1113
f 1353//1114 1346//1114 1357//1114
f 1357//1115 1346//1115 1348//1115
f 1357//1116 1348//1116 1517//1116
f 1517//1117 1348//1117 1344//1117
f 1517//1118 1344//1118 1518//1118
f 1518//1119 1344//1119 1341//1119
f 1518//1120 1341//1120 1519//1120
f 1519//1121 1341//1121 1338//1121
f 1519//1122 1338//1122 1520//1122
f 1520//1123 1338//1123 1335//1123
f 1520//1124 1335//1124 1521//1124
f 1521//1125 1335//1125 1336//1125
f 1521//1126 1336//1126 1330//1126
f 1330//1127 1336//1127 1532//1127
f 1330//1128 1532//1128 1331//1128
f 1251//1129 1253//1129 1260//1129
f 1260//1130 1253//1130 1248//1130
f 1260//1131 1248//1131 1513//1131
f 1513//1132 1248//1132 1246//1132
f 1513//1133 1246//1133 1514//1133
f 1514//1134 1246//1134 1243//1134
f 1514//1135 1243//1135 1515//1135
f 1515//1136 1243//1136 1239//1136
f 1515//1137 1239//1137 1516//1137
f 1516//1138 1239//1138 1234//1138
f 1516//1139 1234//1139 1229//1139
f 1229//1140 1234//1140 1236//1140
f 1229//1141 1236//1141 1230//1141
f 1533//1142 1534//1142 1535//1142
f 1535//1142 1534//1142 1536//1142
f 1535//1142 1536//1142 1537//1142
f 1538//1142 1539//1142 1535//1142
f 1535//1142 1539//1142 1540//1142
f 1535//1142 1540//1142 1533//1142
f 1541//1142 1542//1142 1535//1142
f 1535//1142 1542//1142 1543//1142
f 1535//1142 1543//1142 1538//1142
f 1544//1142 1545//1142 1535//1142
f 1535//1142 1545//1142 1546//1142
f 1535//1142 1546//1142 1541//1142
f 1547//1142 1548//1142 1535//1142
f 1535//1142 1548//1142 1549//1142
f 1535//1142 1549//1142 1544//1142
f 1550//1142 1551//1142 1535//1142
f 1535//1142 1551//1142 1552//1142
f 1535//1142 1552//1142 1547//1142
f 1537//1142 1553//1142 1535//1142
f 1535//1142 1553//1142 1554//1142
f 1535//1142 1554//1142 1550//1142
f 1536//1143 1555//1143 1537//1143
f 1537//1144 1555//1144 1556//1144
f 1537//1145 1556//1145 1553//1145
f 1553//1146 1556//1146 1557//1146
f 1553//1147 1557//1147 1554//1147
f 1554//1148 1557//1148 1558//1148
f 1554//1149 1558//1149 1550//1149
f 1550//1150 1558//1150 1559//1150
f 1550//1151 1559//1151 1551//1151
f 1551//1152 1559//1152 1560//1152
f 1551//1153 1560//1153 1552//1153
f 1552//1154 1560//1154 1561//1154
f 1552//1155 1561//1155 1547//1155
f 1547//1156 1561//1156 1562//1156
f 1547//1157 1562//1157 1548//1157
f 1548//1158 1562//1158 1563//1158
f 1548//1159 1563//1159 1549//1159
f 1549//1160 1563//1160 1564//1160
f 1549//1161 1564//1161 1544//1161
f 1544//1162 1564//1162 1565//1162
f 1544//1163 1565//1163 1545//1163
f 1545//1164 1565//1164 1566//1164
f 1545//1165 1566//1165 1546//1165
f 1546//1166 1566//1166 1567//1166
f 1546//1167 1567//1167 1541//1167
f 1541//1168 1567//1168 1568//1168
f 1541//1169 1568//1169 1542//1169
f 1542//1170 1568//1170 1569//1170
f 1542//1171 1569//1171 1543//1171
f 1543//1172 1569//1172 1570//1172
f 1543//1173 1570//1173 1538//1173
f 1538//1174 1570//1174 1571//1174
f 1538//1175 1571//1175 1539//1175
f 1539//1176 1571//1176 1572//1176
f 1539//1177 1572//1177 1540//1177
f 1540//1178 1572//1178 1573//1178
f 1540//1179 1573//1179 1533//1179
f 1533//1180 1573//1180 1574//1180
f 1533//1181 1574//1181 1534//1181
f 1534//1182 1574//1182 1575//1182
f 1534//1183 1575//1183 1536//1183
f 1536//1184 1575//1184 1555//1184
f 1573//1142 1576//1142 1574//1142
f 1574//1142 1576//1142 1577//1142
f 1574//1142 1577//1142 1575//1142
f 1575//1142 1577//1142 1578//1142
f 1575//1142 1578//1142 1555//1142
f 1571//1142 1579//1142 1572//1142
f 1572//1142 1579//1142 1580//1142
f 1572//1142 1580//1142 1573//1142
f 1573//1142 1580//1142 1581//1142
f 1573//1142 1581//1142 1576//1142
f 1568//1142 1582//1142 1569//1142
f 1569//1142 1582//1142 1583//1142
f 1569//1142 1583//1142 1570//1142
f 1570//1142 1583//1142 1584//1142
f 1570//1142 1584//1142 1571//1142
f 1571//1142 1584//1142 1585//1142
f 1571//1142 1585//1142 1579//1142
f 1560//1142 1586//1142 1561//1142
f 1561//1142 1586//1142 1587//1142
f 1561//1142 1587//1142 1562//1142
f 1562//1142 1587//1142 1588//1142
f 1562//1142 1588//1142 1563//1142
f 1565//1142 1589//1142 1566//1142
f 1566//1142 1589//1142 1590//1142
f 1566//1142 1590//1142 1567//1142
f 1567//1142 1590//1142 1591//1142
f 1567//1142 1591//1142 1568//1142
f 1568//1142 1591//1142 1592//1142
f 1568//1142 1592//1142 1582//1142
f 1588//1142 1593//1142 1563//1142
f 1563//1142 1593//1142 1594//1142
f 1563//1142 1594//1142 1564//1142
f 1564//1142 1594//1142 1595//1142
f 1564//1142 1595//1142 1565//1142
f 1565//1142 1595//1142 1596//1142
f 1565//1142 1596//1142 1589//1142
f 1557//1142 1597//1142 1558//1142
f 1558//1142 1597//1142 1598//1142
f 1558//1142 1598//1142 1559//1142
f 1559//1142 1598//1142 1599//1142
f 1559//1142 1599//1142 1560//1142
f 1560//1142 1599//1142 1600//1142
f 1560//1142 1600//1142 1586//1142
f 1578//1142 1601//1142 1555//1142
f 1555//1142 1601//1142 1602//1142
f 1555//1142 1602//1142 1556//1142
f 1556//1142 1602//1142 1603//1142
f 1556//1142 1603//1142 1557//1142
f 1557//1142 1603//1142 1604//1142
f 1557//1142 1604//1142 1597//1142
f 1386//1185 1385//1185 1577//1185
f 1577//1186 1385//1186 1578//1186
f 1386//1187 1577//1187 1388//1187
f 1388//1188 1577//1188 1576//1188
f 1388//1189 1576//1189 1389//1189
f 1581//1190 1393//1190 1576//1190
f 1576//1191 1393//1191 1391//1191
f 1576//1192 1391//1192 1389//1192
f 1399//1193 1397//1193 1580//1193
f 1580//1194 1397//1194 1396//1194
f 1580//1195 1396//1195 1581//1195
f 1581//1196 1396//1196 1394//1196
f 1581//1197 1394//1197 1393//1197
f 1399//1198 1580//1198 1401//1198
f 1401//1199 1580//1199 1579//1199
f 1401//1200 1579//1200 1402//1200
f 1402//1201 1579//1201 1404//1201
f 1404//1202 1579//1202 1585//1202
f 1404//1203 1585//1203 1405//1203
f 1584//1204 1409//1204 1585//1204
f 1585//1205 1409//1205 1407//1205
f 1585//1206 1407//1206 1405//1206
f 1415//1207 1413//1207 1583//1207
f 1583//1208 1413//1208 1412//1208
f 1583//1209 1412//1209 1584//1209
f 1584//1210 1412//1210 1410//1210
f 1584//1211 1410//1211 1409//1211
f 1415//1212 1583//1212 1417//1212
f 1417//1213 1583//1213 1582//1213
f 1417//1214 1582//1214 1418//1214
f 1418//1215 1582//1215 1420//1215
f 1420//1216 1582//1216 1592//1216
f 1420//1217 1592//1217 1421//1217
f 1421//1218 1592//1218 1423//1218
f 1423//1219 1592//1219 1591//1219
f 1423//1220 1591//1220 1424//1220
f 1590//1221 1428//1221 1591//1221
f 1591//1222 1428//1222 1426//1222
f 1591//1223 1426//1223 1424//1223
f 1434//1224 1432//1224 1589//1224
f 1589//1225 1432//1225 1431//1225
f 1589//1226 1431//1226 1590//1226
f 1590//1227 1431//1227 1429//1227
f 1590//1228 1429//1228 1428//1228
f 1434//1229 1589//1229 1436//1229
f 1436//1230 1589//1230 1596//1230
f 1436//1231 1596//1231 1437//1231
f 1437//1232 1596//1232 1439//1232
f 1439//1233 1596//1233 1595//1233
f 1439//1234 1595//1234 1440//1234
f 1594//1235 1444//1235 1595//1235
f 1595//1236 1444//1236 1442//1236
f 1595//1237 1442//1237 1440//1237
f 1450//1238 1448//1238 1593//1238
f 1593//1239 1448//1239 1447//1239
f 1593//1240 1447//1240 1594//1240
f 1594//1241 1447//1241 1445//1241
f 1594//1242 1445//1242 1444//1242
f 1450//1243 1593//1243 1452//1243
f 1452//1244 1593//1244 1588//1244
f 1452//1245 1588//1245 1453//1245
f 1453//1246 1588//1246 1455//1246
f 1455//1247 1588//1247 1587//1247
f 1455//1248 1587//1248 1456//1248
f 1586//1249 1460//1249 1587//1249
f 1587//1250 1460//1250 1458//1250
f 1587//1251 1458//1251 1456//1251
f 1600//1252 1463//1252 1586//1252
f 1586//1253 1463//1253 1461//1253
f 1586//1254 1461//1254 1460//1254
f 1469//1255 1467//1255 1599//1255
f 1599//1256 1467//1256 1466//1256
f 1599//1257 1466//1257 1600//1257
f 1600//1258 1466//1258 1464//1258
f 1600//1259 1464//1259 1463//1259
f 1469//1260 1599//1260 1470//1260
f 1470//1261 1599//1261 1598//1261
f 1470//1262 1598//1262 1358//1262
f 1358//1263 1598//1263 1361//1263
f 1361//1264 1598//1264 1597//1264
f 1361//1265 1597//1265 1362//1265
f 1604//1266 1366//1266 1597//1266
f 1597//1267 1366//1267 1364//1267
f 1597//1268 1364//1268 1362//1268
f 1372//1269 1370//1269 1603//1269
f 1603//1270 1370//1270 1369//1270
f 1603//1271 1369//1271 1604//1271
f 1604//1272 1369//1272 1367//1272
f 1604//1273 1367//1273 1366//1273
f 1372//1274 1603//1274 1374//1274
f 1374//1275 1603//1275 1602//1275
f 1374//1276 1602//1276 1375//1276
f 1375//1277 1602//1277 1377//1277
f 1377//1278 1602//1278 1601//1278
f 1377//1279 1601//1279 1378//1279
f 1385//1280 1383//1280 1578//1280
f 1578//1281 1383//1281 1382//1281
f 1578//1282 1382//1282 1601//1282
f 1601//1283 1382//1283 1380//1283
f 1601//1284 1380//1284 1378//1284
f 1241//1285 1240//1285 1605//1285
f 1605//1285 1232//1285 1230//1285
f 1230//1285 1236//1285 1605//1285
f 1605//1285 1236//1285 1235//1285
f 1605//1285 1235//1285 1241//1285
f 1233//1286 1232//1286 1605//1286
f 1606//1286 1356//1286 1225//1286
f 1225//1286 1233//1286 1606//1286
f 1606//1286 1233//1286 1605//1286
f 1606//1286 1605//1286 1607//1286
f 1607//1286 1605//1286 1608//1286
f 1355//1287 1606//1287 1347//1287
f 1347//1287 1606//1287 1349//1287
f 1355//1287 1354//1287 1606//1287
f 1606//1287 1354//1287 1353//1287
f 1606//1287 1353//1287 1356//1287
f 1609//1288 1331//1288 1532//1288
f 1532//1288 1336//1288 1609//1288
f 1609//1288 1336//1288 1334//1288
f 1610//1289 1611//1289 1609//1289
f 1609//1289 1611//1289 1612//1289
f 1322//1289 1321//1289 1612//1289
f 1612//1289 1321//1289 1327//1289
f 1612//1289 1327//1289 1609//1289
f 1609//1289 1327//1289 1332//1289
f 1609//1289 1332//1289 1331//1289
f 1612//1290 1317//1290 1316//1290
f 1612//1290 1316//1290 1324//1290
f 1612//1290 1324//1290 1322//1290
f 1306//1291 1305//1291 1613//1291
f 1613//1291 1297//1291 1295//1291
f 1295//1291 1301//1291 1613//1291
f 1613//1291 1301//1291 1300//1291
f 1613//1291 1300//1291 1306//1291
f 1298//1292 1297//1292 1613//1292
f 1614//1292 1293//1292 1222//1292
f 1222//1292 1298//1292 1614//1292
f 1614//1292 1298//1292 1613//1292
f 1614//1292 1613//1292 1615//1292
f 1615//1292 1613//1292 1616//1292
f 1290//1293 1614//1293 1282//1293
f 1282//1293 1614//1293 1284//1293
f 1290//1293 1289//1293 1614//1293
f 1614//1293 1289//1293 1288//1293
f 1614//1293 1288//1293 1293//1293
f 1271//1290 1269//1290 1617//1290
f 1266//1290 1531//1290 1617//1290
f 1617//1290 1531//1290 1271//1290
f 1618//1294 1619//1294 1617//1294
f 1617//1294 1619//1294 1620//1294
f 1257//1294 1256//1294 1620//1294
f 1620//1294 1256//1294 1262//1294
f 1620//1294 1262//1294 1617//1294
f 1617//1294 1262//1294 1267//1294
f 1617//1294 1267//1294 1266//1294
f 1620//1295 1252//1295 1251//1295
f 1620//1295 1251//1295 1259//1295
f 1620//1295 1259//1295 1257//1295
f 1619//1296 1618//1296 1621//1296
f 1621//1296 1618//1296 1622//1296
f 1621//1296 1622//1296 1623//1296
f 1611//1296 1610//1296 1624//1296
f 1624//1296 1610//1296 1625//1296
f 1625//1296 1626//1296 1624//1296
f 1624//1296 1626//1296 1607//1296
f 1624//1296 1607//1296 1627//1296
f 1615//1296 1616//1296 1628//1296
f 1628//1296 1616//1296 1627//1296
f 1628//1296 1627//1296 1622//1296
f 1622//1296 1627//1296 1607//1296
f 1622//1296 1607//1296 1623//1296
f 1623//1296 1607//1296 1608//1296
f 1339//1297 1340//1297 1625//1297
f 1626//1298 1351//1298 1350//1298
f 1350//1299 1349//1299 1626//1299
f 1626//1300 1349//1300 1606//1300
f 1626//1301 1606//1301 1607//1301
f 1343//1302 1345//1302 1626//1302
f 1626//1303 1345//1303 1352//1303
f 1626//1304 1352//1304 1351//1304
f 1625//1305 1340//1305 1626//1305
f 1626//1306 1340//1306 1342//1306
f 1626//1307 1342//1307 1343//1307
f 1609//1308 1334//1308 1333//1308
f 1625//1309 1610//1309 1609//1309
f 1609//1310 1333//1310 1625//1310
f 1625//1311 1333//1311 1337//1311
f 1625//1312 1337//1312 1339//1312
f 1319//1313 1624//1313 1320//1313
f 1320//1314 1624//1314 1314//1314
f 1319//1315 1317//1315 1624//1315
f 1624//1316 1317//1316 1612//1316
f 1624//1317 1612//1317 1611//1317
f 1302//1318 1307//1318 1627//1318
f 1627//1319 1307//1319 1309//1319
f 1309//1320 1310//1320 1627//1320
f 1627//1321 1310//1321 1312//1321
f 1627//1322 1312//1322 1624//1322
f 1624//1323 1312//1323 1315//1323
f 1624//1324 1315//1324 1314//1324
f 1627//1325 1616//1325 1613//1325
f 1302//1326 1627//1326 1303//1326
f 1303//1327 1627//1327 1613//1327
f 1303//1328 1613//1328 1305//1328
f 1254//1329 1621//1329 1255//1329
f 1255//1330 1621//1330 1249//1330
f 1254//1331 1252//1331 1621//1331
f 1621//1332 1252//1332 1620//1332
f 1621//1333 1620//1333 1619//1333
f 1237//1334 1242//1334 1623//1334
f 1623//1335 1242//1335 1244//1335
f 1244//1336 1245//1336 1623//1336
f 1623//1337 1245//1337 1247//1337
f 1623//1338 1247//1338 1621//1338
f 1621//1339 1247//1339 1250//1339
f 1621//1340 1250//1340 1249//1340
f 1623//1341 1608//1341 1605//1341
f 1237//1342 1623//1342 1238//1342
f 1238//1343 1623//1343 1605//1343
f 1238//1344 1605//1344 1240//1344
f 1274//1345 1275//1345 1622//1345
f 1628//1346 1286//1346 1285//1346
f 1285//1347 1284//1347 1628//1347
f 1628//1348 1284//1348 1614//1348
f 1628//1349 1614//1349 1615//1349
f 1278//1350 1280//1350 1628//1350
f 1628//1351 1280//1351 1287//1351
f 1628//1352 1287//1352 1286//1352
f 1622//1353 1275//1353 1628//1353
f 1628//1354 1275//1354 1277//1354
f 1628//1355 1277//1355 1278//1355
f 1617//1356 1269//1356 1268//1356
f 1622//1357 1618//1357 1617//1357
f 1617//1358 1268//1358 1622//1358
f 1622//1359 1268//1359 1272//1359
f 1622//1360 1272//1360 1274//1360
f 1629//1361 1630//1361 1631//1361
f 1631//1362 1630//1362 1632//1362
f 1631//1363 1632//1363 1633//1363
f 1633//1364 1632//1364 1634//1364
f 1633//1365 1634//1365 1635//1365
f 1635//1366 1634//1366 1636//1366
f 1635//1367 1636//1367 1637//1367
f 1637//1368 1636//1368 1638//1368
f 1637//1369 1638//1369 1639//1369
f 1639//1370 1638//1370 1640//1370
f 1639//1371 1640//1371 1641//1371
f 1641//1372 1640//1372 1642//1372
f 1641//1373 1642//1373 1643//1373
f 1643//1374 1642//1374 1644//1374
f 1643//1375 1644//1375 1645//1375
f 1645//1376 1644//1376 1646//1376
f 1645//1377 1646//1377 1647//1377
f 1647//1378 1646//1378 1648//1378
f 1647//1379 1648//1379 1649//1379
f 1649//1380 1648//1380 1650//1380
f 1649//1381 1650//1381 1651//1381
f 1651//1382 1650//1382 1652//1382
f 1651//1383 1652//1383 1629//1383
f 1629//1384 1652//1384 1630//1384
f 1653//1361 1654//1361 1655//1361
f 1655//1362 1654//1362 1656//1362
f 1655//1363 1656//1363 1657//1363
f 1657//1364 1656//1364 1658//1364
f 1657//1365 1658//1365 1659//1365
f 1659//1366 1658//1366 1660//1366
f 1659//1367 1660//1367 1661//1367
f 1661//1368 1660//1368 1662//1368
f 1661//1369 1662//1369 1663//1369
f 1663//1370 1662//1370 1664//1370
f 1663//1371 1664//1371 1665//1371
f 1665//1372 1664//1372 1666//1372
f 1665//1373 1666//1373 1667//1373
f 1667//1374 1666//1374 1668//1374
f 1667//1375 1668//1375 1669//1375
f 1669//1376 1668//1376 1670//1376
f 1669//1377 1670//1377 1671//1377
f 1671//1378 1670//1378 1672//1378
f 1671//1379 1672//1379 1673//1379
f 1673//1380 1672//1380 1674//1380
f 1673//1381 1674//1381 1675//1381
f 1675//1382 1674//1382 1676//1382
f 1675//1383 1676//1383 1653//1383
f 1653//1384 1676//1384 1654//1384
f 1677//1385 1678//1385 1679//1385
f 1677//1386 1679//1386 1680//1386
f 1680//1387 1679//1387 1681//1387
f 1680//1388 1681//1388 1682//1388
f 1682//1389 1681//1389 1683//1389
f 1682//1390 1683//1390 1684//1390
f 1684//1391 1683//1391 1685//1391
f 1684//1392 1685//1392 1686//1392
f 1686//1393 1685//1393 1687//1393
f 1686//1394 1687//1394 1688//1394
f 1688//1395 1687//1395 1689//1395
f 1688//1396 1689//1396 1690//1396
f 1690//1397 1689//1397 1691//1397
f 1690//1398 1691//1398 1692//1398
f 1692//1399 1691//1399 1693//1399
f 1693//1400 1691//1400 1694//1400
f 1693//1401 1694//1401 1695//1401
f 1695//1402 1694//1402 1696//1402
f 1695//1403 1696//1403 1697//1403
f 1697//1404 1696//1404 1698//1404
f 1697//1405 1698//1405 1699//1405
f 1700//1296 1701//1296 1702//1296
f 1702//1296 1701//1296 1703//1296
f 1702//1296 1703//1296 1704//1296
f 1704//1296 1703//1296 1705//1296
f 1704//1296 1705//1296 1706//1296
f 1706//1296 1705//1296 1707//1296
f 1706//1296 1707//1296 1708//1296
f 1708//1296 1707//1296 1709//1296
f 1708//1296 1709//1296 1710//1296
f 1710//1296 1709//1296 1711//1296
f 1710//1296 1711//1296 1712//1296
f 1712//1296 1711//1296 1713//1296
f 1712//1296 1713//1296 1714//1296
f 1714//1296 1713//1296 1715//1296
f 1714//1296 1715//1296 1716//1296
f 1716//1296 1715//1296 1717//1296
f 1716//1296 1717//1296 1718//1296
f 1718//1296 1717//1296 1719//1296
f 1718//1296 1719//1296 1720//1296
f 1720//1296 1719//1296 1721//1296
f 1720//1296 1721//1296 1722//1296
f 1722//1296 1721//1296 1723//1296
f 1722//1296 1723//1296 1724//1296
f 1724//1296 1723//1296 1725//1296
f 1724//1296 1725//1296 1726//1296
f 1726//1296 1725//1296 1727//1296
f 1726//1296 1727//1296 1728//1296
f 1728//1296 1727//1296 1729//1296
f 1728//1296 1729//1296 1730//1296
f 1730//1296 1729//1296 1731//1296
f 1730//1296 1731//1296 1732//1296
f 1732//1296 1731//1296 1700//1296
f 1732//1296 1700//1296 1702//1296
f 1707//1406 1733//1406 1709//1406
f 1709//1407 1733//1407 1734//1407
f 1709//1408 1734//1408 1711//1408
f 1734//1409 1735//1409 1711//1409
f 1711//1410 1735//1410 1736//1410
f 1711//1411 1736//1411 1713//1411
f 1713//1412 1736//1412 1737//1412
f 1713//1413 1737//1413 1715//1413
f 1715//1414 1737//1414 1738//1414
f 1715//1415 1738//1415 1717//1415
f 1717//1416 1738//1416 1739//1416
f 1717//1417 1739//1417 1719//1417
f 1719//1418 1739//1418 1740//1418
f 1719//1419 1740//1419 1721//1419
f 1721//1420 1740//1420 1741//1420
f 1721//1421 1741//1421 1723//1421
f 1723//1422 1741//1422 1742//1422
f 1723//1423 1742//1423 1725//1423
f 1725//1424 1742//1424 1743//1424
f 1725//1425 1743//1425 1727//1425
f 1727//1426 1743//1426 1744//1426
f 1727//1427 1744//1427 1729//1427
f 1729//1428 1744//1428 1745//1428
f 1729//1429 1745//1429 1731//1429
f 1731//1430 1745//1430 1746//1430
f 1731//1431 1746//1431 1700//1431
f 1700//1432 1746//1432 1747//1432
f 1700//1433 1747//1433 1701//1433
f 1701//1434 1747//1434 1748//1434
f 1701//1435 1748//1435 1703//1435
f 1703//1436 1748//1436 1749//1436
f 1703//1437 1749//1437 1705//1437
f 1705//1438 1749//1438 1750//1438
f 1705//1439 1750//1439 1707//1439
f 1707//1440 1750//1440 1751//1440
f 1707//1441 1751//1441 1733//1441
f 1752//1442 1718//1442 1753//1442
f 1753//1443 1718//1443 1720//1443
f 1753//1444 1720//1444 1754//1444
f 1754//1445 1720//1445 1722//1445
f 1754//1446 1722//1446 1755//1446
f 1755//1447 1722//1447 1724//1447
f 1755//1448 1724//1448 1756//1448
f 1756//1449 1724//1449 1726//1449
f 1756//1450 1726//1450 1757//1450
f 1757//1451 1726//1451 1728//1451
f 1757//1452 1728//1452 1758//1452
f 1758//1453 1728//1453 1730//1453
f 1758//1454 1730//1454 1759//1454
f 1759//1455 1730//1455 1732//1455
f 1759//1456 1732//1456 1760//1456
f 1760//1457 1732//1457 1702//1457
f 1760//1458 1702//1458 1761//1458
f 1761//1459 1702//1459 1704//1459
f 1761//1460 1704//1460 1762//1460
f 1762//1461 1704//1461 1706//1461
f 1762//1462 1706//1462 1763//1462
f 1763//1463 1706//1463 1708//1463
f 1763//1464 1708//1464 1764//1464
f 1764//1465 1708//1465 1710//1465
f 1764//1466 1710//1466 1765//1466
f 1765//1467 1710//1467 1712//1467
f 1765//1468 1712//1468 1766//1468
f 1766//1469 1712//1469 1714//1469
f 1766//1470 1714//1470 1767//1470
f 1767//1471 1714//1471 1716//1471
f 1767//1472 1716//1472 1752//1472
f 1752//1473 1716//1473 1718//1473
f 1698//1142 1696//1142 1763//1142
f 1763//1142 1696//1142 1694//1142
f 1763//1142 1694//1142 1762//1142
f 1762//1142 1694//1142 1691//1142
f 1762//1142 1691//1142 1761//1142
f 1761//1142 1691//1142 1689//1142
f 1761//1142 1689//1142 1760//1142
f 1760//1142 1689//1142 1687//1142
f 1760//1142 1687//1142 1759//1142
f 1766//1142 1768//1142 1765//1142
f 1765//1142 1768//1142 1698//1142
f 1765//1142 1698//1142 1764//1142
f 1764//1142 1698//1142 1763//1142
f 1678//1142 1769//1142 1754//1142
f 1766//1142 1767//1142 1768//1142
f 1768//1142 1767//1142 1752//1142
f 1768//1142 1752//1142 1769//1142
f 1769//1142 1752//1142 1753//1142
f 1769//1142 1753//1142 1754//1142
f 1687//1142 1685//1142 1759//1142
f 1759//1142 1685//1142 1683//1142
f 1759//1142 1683//1142 1758//1142
f 1758//1142 1683//1142 1681//1142
f 1758//1142 1681//1142 1757//1142
f 1757//1142 1681//1142 1679//1142
f 1757//1142 1679//1142 1756//1142
f 1756//1142 1679//1142 1678//1142
f 1756//1142 1678//1142 1755//1142
f 1755//1142 1678//1142 1754//1142
f 1770//1296 1771//1296 1772//1296
f 1773//1296 1774//1296 1770//1296
f 1775//1296 1776//1296 1777//1296
f 1777//1296 1776//1296 1778//1296
f 1771//1296 1779//1296 1772//1296
f 1772//1296 1779//1296 1780//1296
f 1772//1296 1780//1296 1781//1296
f 1780//1296 1782//1296 1781//1296
f 1781//1296 1782//1296 1783//1296
f 1781//1296 1783//1296 1784//1296
f 1785//1296 1786//1296 1787//1296
f 1775//1296 1788//1296 1776//1296
f 1776//1296 1788//1296 1789//1296
f 1776//1296 1789//1296 1783//1296
f 1783//1296 1789//1296 1790//1296
f 1783//1296 1790//1296 1784//1296
f 1787//1296 1786//1296 1791//1296
f 1791//1296 1786//1296 1792//1296
f 1791//1296 1792//1296 1793//1296
f 1793//1296 1792//1296 1794//1296
f 1793//1296 1794//1296 1795//1296
f 1795//1296 1794//1296 1796//1296
f 1795//1296 1796//1296 1797//1296
f 1797//1296 1796//1296 1798//1296
f 1797//1296 1798//1296 1799//1296
f 1778//1296 1800//1296 1777//1296
f 1777//1296 1800//1296 1801//1296
f 1777//1296 1801//1296 1773//1296
f 1773//1296 1801//1296 1802//1296
f 1773//1296 1802//1296 1774//1296
f 1784//1296 1803//1296 1781//1296
f 1781//1296 1803//1296 1804//1296
f 1781//1296 1804//1296 1805//1296
f 1805//1296 1804//1296 1806//1296
f 1805//1296 1806//1296 1807//1296
f 1807//1296 1806//1296 1785//1296
f 1807//1296 1785//1296 1808//1296
f 1808//1296 1785//1296 1787//1296
f 1809//1296 1797//1296 1773//1296
f 1773//1296 1797//1296 1799//1296
f 1773//1296 1799//1296 1777//1296
f 1809//1296 1810//1296 1797//1296
f 1797//1296 1810//1296 1811//1296
f 1797//1296 1811//1296 1812//1296
f 1809//1296 1813//1296 1699//1296
f 1699//1296 1813//1296 1814//1296
f 1699//1296 1814//1296 1815//1296
f 1816//1296 1817//1296 1772//1296
f 1818//1296 1819//1296 1773//1296
f 1773//1296 1819//1296 1820//1296
f 1773//1296 1820//1296 1809//1296
f 1809//1296 1820//1296 1821//1296
f 1809//1296 1821//1296 1813//1296
f 1770//1296 1772//1296 1773//1296
f 1773//1296 1772//1296 1817//1296
f 1773//1296 1817//1296 1822//1296
f 1822//1296 1823//1296 1773//1296
f 1773//1296 1823//1296 1824//1296
f 1773//1296 1824//1296 1818//1296
f 1737//1296 1736//1296 1825//1296
f 1677//1296 1826//1296 1772//1296
f 1772//1296 1826//1296 1827//1296
f 1772//1296 1827//1296 1816//1296
f 1737//1296 1825//1296 1738//1296
f 1738//1296 1825//1296 1828//1296
f 1738//1296 1828//1296 1829//1296
f 1739//1296 1738//1296 1830//1296
f 1830//1296 1738//1296 1829//1296
f 1830//1296 1829//1296 1831//1296
f 1831//1296 1829//1296 1832//1296
f 1831//1296 1832//1296 1833//1296
f 1833//1296 1832//1296 1834//1296
f 1833//1296 1834//1296 1823//1296
f 1823//1296 1834//1296 1835//1296
f 1823//1296 1835//1296 1824//1296
f 1836//1296 1742//1296 1741//1296
f 1836//1296 1741//1296 1830//1296
f 1830//1296 1741//1296 1740//1296
f 1830//1296 1740//1296 1739//1296
f 1749//1296 1690//1296 1750//1296
f 1750//1296 1690//1296 1692//1296
f 1750//1296 1692//1296 1751//1296
f 1751//1296 1692//1296 1693//1296
f 1751//1296 1693//1296 1733//1296
f 1733//1296 1693//1296 1695//1296
f 1733//1296 1695//1296 1734//1296
f 1734//1296 1695//1296 1697//1296
f 1734//1296 1697//1296 1735//1296
f 1735//1296 1697//1296 1699//1296
f 1735//1296 1699//1296 1736//1296
f 1736//1296 1699//1296 1815//1296
f 1736//1296 1815//1296 1825//1296
f 1677//1296 1744//1296 1743//1296
f 1742//1296 1836//1296 1743//1296
f 1743//1296 1836//1296 1837//1296
f 1743//1296 1837//1296 1677//1296
f 1677//1296 1837//1296 1838//1296
f 1677//1296 1838//1296 1826//1296
f 1744//1296 1677//1296 1745//1296
f 1745//1296 1677//1296 1680//1296
f 1745//1296 1680//1296 1746//1296
f 1746//1296 1680//1296 1682//1296
f 1746//1296 1682//1296 1747//1296
f 1747//1296 1682//1296 1684//1296
f 1747//1296 1684//1296 1748//1296
f 1748//1296 1684//1296 1686//1296
f 1748//1296 1686//1296 1749//1296
f 1749//1296 1686//1296 1688//1296
f 1749//1296 1688//1296 1690//1296
f 1651//1142 1629//1142 1839//1142
f 1840//1142 1841//1142 1842//1142
f 1663//1142 1665//1142 1843//1142
f 1645//1142 1647//1142 1844//1142
f 1844//1142 1647//1142 1649//1142
f 1845//1142 1846//1142 1847//1142
f 1847//1142 1846//1142 1848//1142
f 1631//1142 1849//1142 1629//1142
f 1629//1142 1849//1142 1850//1142
f 1629//1142 1850//1142 1839//1142
f 1842//1142 1653//1142 1655//1142
f 1665//1142 1639//1142 1843//1142
f 1843//1142 1639//1142 1641//1142
f 1843//1142 1641//1142 1844//1142
f 1844//1142 1641//1142 1643//1142
f 1844//1142 1643//1142 1645//1142
f 1846//1142 1851//1142 1848//1142
f 1848//1142 1851//1142 1844//1142
f 1848//1142 1844//1142 1839//1142
f 1839//1142 1844//1142 1649//1142
f 1839//1142 1649//1142 1651//1142
f 1655//1142 1657//1142 1842//1142
f 1842//1142 1657//1142 1659//1142
f 1842//1142 1659//1142 1843//1142
f 1843//1142 1659//1142 1661//1142
f 1843//1142 1661//1142 1663//1142
f 1671//1142 1852//1142 1849//1142
f 1671//1142 1673//1142 1852//1142
f 1852//1142 1673//1142 1675//1142
f 1852//1142 1675//1142 1853//1142
f 1853//1142 1675//1142 1653//1142
f 1853//1142 1653//1142 1854//1142
f 1854//1142 1653//1142 1842//1142
f 1854//1142 1842//1142 1855//1142
f 1855//1142 1842//1142 1841//1142
f 1665//1142 1667//1142 1639//1142
f 1639//1142 1667//1142 1669//1142
f 1639//1142 1669//1142 1637//1142
f 1637//1142 1669//1142 1671//1142
f 1637//1142 1671//1142 1635//1142
f 1635//1142 1671//1142 1849//1142
f 1635//1142 1849//1142 1633//1142
f 1633//1142 1849//1142 1631//1142
f 1842//1142 1856//1142 1857//1142
f 1858//1142 1859//1142 1860//1142
f 1860//1142 1859//1142 1861//1142
f 1860//1142 1861//1142 1862//1142
f 1862//1142 1861//1142 1863//1142
f 1862//1142 1863//1142 1864//1142
f 1864//1142 1863//1142 1865//1142
f 1864//1142 1865//1142 1866//1142
f 1866//1142 1865//1142 1867//1142
f 1866//1142 1867//1142 1868//1142
f 1868//1142 1867//1142 1844//1142
f 1868//1142 1844//1142 1869//1142
f 1869//1142 1844//1142 1851//1142
f 1856//1142 1842//1142 1870//1142
f 1870//1142 1842//1142 1871//1142
f 1870//1142 1871//1142 1872//1142
f 1872//1142 1871//1142 1873//1142
f 1872//1142 1873//1142 1874//1142
f 1874//1142 1873//1142 1875//1142
f 1874//1142 1875//1142 1876//1142
f 1876//1142 1875//1142 1877//1142
f 1876//1142 1877//1142 1858//1142
f 1858//1142 1877//1142 1878//1142
f 1858//1142 1878//1142 1859//1142
f 1840//1142 1842//1142 1879//1142
f 1879//1142 1842//1142 1857//1142
f 1879//1142 1857//1142 1847//1142
f 1847//1142 1857//1142 1880//1142
f 1847//1142 1880//1142 1845//1142
f 1843//1474 1769//1474 1678//1474
f 1781//1474 1842//1474 1772//1474
f 1772//1474 1842//1474 1843//1474
f 1772//1474 1843//1474 1677//1474
f 1677//1474 1843//1474 1678//1474
f 1698//1475 1768//1475 1699//1475
f 1699//1475 1768//1475 1844//1475
f 1699//1475 1844//1475 1809//1475
f 1809//1475 1844//1475 1867//1475
f 1809//1475 1867//1475 1810//1475
f 1810//1476 1867//1476 1865//1476
f 1810//1477 1865//1477 1811//1477
f 1811//1478 1865//1478 1863//1478
f 1811//1479 1863//1479 1812//1479
f 1812//1480 1863//1480 1797//1480
f 1797//1481 1863//1481 1861//1481
f 1797//1482 1861//1482 1795//1482
f 1795//1483 1861//1483 1859//1483
f 1795//1484 1859//1484 1793//1484
f 1793//1485 1859//1485 1878//1485
f 1793//1486 1878//1486 1791//1486
f 1791//1487 1878//1487 1877//1487
f 1791//1488 1877//1488 1787//1488
f 1787//1489 1877//1489 1875//1489
f 1787//1490 1875//1490 1808//1490
f 1808//1491 1875//1491 1873//1491
f 1808//1492 1873//1492 1807//1492
f 1807//1493 1873//1493 1871//1493
f 1807//1494 1871//1494 1805//1494
f 1805//1495 1871//1495 1842//1495
f 1805//1496 1842//1496 1781//1496
f 1789//1457 1881//1457 1790//1457
f 1790//1456 1881//1456 1882//1456
f 1790//1455 1882//1455 1784//1455
f 1784//1454 1882//1454 1883//1454
f 1784//1453 1883//1453 1803//1453
f 1803//1452 1883//1452 1884//1452
f 1803//1451 1884//1451 1804//1451
f 1804//1450 1884//1450 1885//1450
f 1804//1449 1885//1449 1806//1449
f 1806//1448 1885//1448 1886//1448
f 1806//1447 1886//1447 1785//1447
f 1785//1446 1886//1446 1887//1446
f 1785//1445 1887//1445 1786//1445
f 1786//1444 1887//1444 1888//1444
f 1786//1443 1888//1443 1792//1443
f 1792//1442 1888//1442 1889//1442
f 1792//1473 1889//1473 1794//1473
f 1794//1472 1889//1472 1890//1472
f 1794//1471 1890//1471 1796//1471
f 1796//1470 1890//1470 1891//1470
f 1796//1469 1891//1469 1798//1469
f 1798//1468 1891//1468 1892//1468
f 1798//1467 1892//1467 1799//1467
f 1799//1466 1892//1466 1893//1466
f 1799//1465 1893//1465 1777//1465
f 1777//1464 1893//1464 1894//1464
f 1777//1463 1894//1463 1775//1463
f 1775//1462 1894//1462 1895//1462
f 1775//1461 1895//1461 1788//1461
f 1788//1460 1895//1460 1896//1460
f 1788//1459 1896//1459 1789//1459
f 1789//1458 1896//1458 1881//1458
f 1897//1497 1846//1497 1898//1497
f 1898//1498 1846//1498 1845//1498
f 1898//1499 1845//1499 1899//1499
f 1899//1500 1845//1500 1880//1500
f 1899//1501 1880//1501 1900//1501
f 1900//1502 1880//1502 1857//1502
f 1900//1503 1857//1503 1901//1503
f 1901//1504 1857//1504 1856//1504
f 1901//1505 1856//1505 1902//1505
f 1902//1506 1856//1506 1870//1506
f 1902//1507 1870//1507 1903//1507
f 1903//1508 1870//1508 1872//1508
f 1903//1509 1872//1509 1904//1509
f 1904//1510 1872//1510 1874//1510
f 1904//1511 1874//1511 1905//1511
f 1905//1512 1874//1512 1876//1512
f 1905//1513 1876//1513 1906//1513
f 1906//1514 1876//1514 1858//1514
f 1906//1515 1858//1515 1907//1515
f 1907//1516 1858//1516 1860//1516
f 1907//1517 1860//1517 1908//1517
f 1908//1518 1860//1518 1862//1518
f 1908//1519 1862//1519 1909//1519
f 1909//1520 1862//1520 1864//1520
f 1909//1521 1864//1521 1910//1521
f 1910//1522 1864//1522 1866//1522
f 1910//1523 1866//1523 1911//1523
f 1911//1524 1866//1524 1868//1524
f 1911//1525 1868//1525 1912//1525
f 1912//1526 1868//1526 1869//1526
f 1912//1527 1869//1527 1913//1527
f 1913//1528 1869//1528 1851//1528
f 1913//1529 1851//1529 1897//1529
f 1897//1530 1851//1530 1846//1530
f 1904//1142 1905//1142 1889//1142
f 1889//1142 1905//1142 1906//1142
f 1889//1142 1906//1142 1890//1142
f 1890//1142 1906//1142 1907//1142
f 1890//1142 1907//1142 1891//1142
f 1891//1142 1907//1142 1908//1142
f 1891//1142 1908//1142 1892//1142
f 1892//1142 1908//1142 1909//1142
f 1892//1142 1909//1142 1893//1142
f 1893//1142 1909//1142 1910//1142
f 1893//1142 1910//1142 1894//1142
f 1894//1142 1910//1142 1911//1142
f 1894//1142 1911//1142 1895//1142
f 1895//1142 1911//1142 1912//1142
f 1895//1142 1912//1142 1896//1142
f 1896//1142 1912//1142 1913//1142
f 1896//1142 1913//1142 1881//1142
f 1881//1142 1913//1142 1897//1142
f 1881//1142 1897//1142 1882//1142
f 1882//1142 1897//1142 1898//1142
f 1882//1142 1898//1142 1883//1142
f 1883//1142 1898//1142 1899//1142
f 1883//1142 1899//1142 1884//1142
f 1884//1142 1899//1142 1900//1142
f 1884//1142 1900//1142 1885//1142
f 1885//1142 1900//1142 1901//1142
f 1885//1142 1901//1142 1886//1142
f 1886//1142 1901//1142 1902//1142
f 1886//1142 1902//1142 1887//1142
f 1887//1142 1902//1142 1903//1142
f 1887//1142 1903//1142 1888//1142
f 1888//1142 1903//1142 1904//1142
f 1888//1142 1904//1142 1889//1142
f 1769//1531 1843//1531 1768//1531
f 1768//1531 1843//1531 1844//1531
f 1660//1296 1914//1296 1662//1296
f 1662//1296 1914//1296 1915//1296
f 1662//1296 1915//1296 1664//1296
f 1664//1296 1915//1296 1916//1296
f 1664//1296 1916//1296 1666//1296
f 1666//1296 1916//1296 1917//1296
f 1666//1296 1917//1296 1668//1296
f 1668//1296 1917//1296 1918//1296
f 1668//1296 1918//1296 1670//1296
f 1670//1296 1918//1296 1919//1296
f 1670//1296 1919//1296 1672//1296
f 1672//1296 1919//1296 1920//1296
f 1672//1296 1920//1296 1674//1296
f 1674//1296 1920//1296 1921//1296
f 1674//1296 1921//1296 1676//1296
f 1676//1296 1921//1296 1922//1296
f 1676//1296 1922//1296 1654//1296
f 1654//1296 1922//1296 1923//1296
f 1654//1296 1923//1296 1656//1296
f 1656//1296 1923//1296 1924//1296
f 1656//1296 1924//1296 1658//1296
f 1658//1296 1924//1296 1925//1296
f 1658//1296 1925//1296 1660//1296
f 1660//1296 1925//1296 1914//1296
f 1923//1361 1817//1361 1924//1361
f 1924//1362 1817//1362 1816//1362
f 1924//1363 1816//1363 1925//1363
f 1925//1364 1816//1364 1827//1364
f 1925//1365 1827//1365 1914//1365
f 1914//1366 1827//1366 1826//1366
f 1914//1367 1826//1367 1915//1367
f 1915//1368 1826//1368 1838//1368
f 1915//1369 1838//1369 1916//1369
f 1916//1370 1838//1370 1837//1370
f 1916//1371 1837//1371 1917//1371
f 1917//1372 1837//1372 1836//1372
f 1917//1373 1836//1373 1918//1373
f 1918//1374 1836//1374 1830//1374
f 1918//1375 1830//1375 1919//1375
f 1919//1376 1830//1376 1831//1376
f 1919//1377 1831//1377 1920//1377
f 1920//1378 1831//1378 1833//1378
f 1920//1379 1833//1379 1921//1379
f 1921//1380 1833//1380 1823//1380
f 1921//1381 1823//1381 1922//1381
f 1922//1382 1823//1382 1822//1382
f 1922//1383 1822//1383 1923//1383
f 1923//1384 1822//1384 1817//1384
f 1636//1296 1926//1296 1638//1296
f 1638//1296 1926//1296 1927//1296
f 1638//1296 1927//1296 1640//1296
f 1640//1296 1927//1296 1928//1296
f 1640//1296 1928//1296 1642//1296
f 1642//1296 1928//1296 1929//1296
f 1642//1296 1929//1296 1644//1296
f 1644//1296 1929//1296 1930//1296
f 1644//1296 1930//1296 1646//1296
f 1646//1296 1930//1296 1931//1296
f 1646//1296 1931//1296 1648//1296
f 1648//1296 1931//1296 1932//1296
f 1648//1296 1932//1296 1650//1296
f 1650//1296 1932//1296 1933//1296
f 1650//1296 1933//1296 1652//1296
f 1652//1296 1933//1296 1934//1296
f 1652//1296 1934//1296 1630//1296
f 1630//1296 1934//1296 1935//1296
f 1630//1296 1935//1296 1632//1296
f 1632//1296 1935//1296 1936//1296
f 1632//1296 1936//1296 1634//1296
f 1634//1296 1936//1296 1937//1296
f 1634//1296 1937//1296 1636//1296
f 1636//1296 1937//1296 1926//1296
f 1930//1532 1815//1532 1931//1532
f 1931//1533 1815//1533 1814//1533
f 1931//1377 1814//1377 1932//1377
f 1932//1378 1814//1378 1813//1378
f 1932//1379 1813//1379 1933//1379
f 1813//1380 1821//1380 1933//1380
f 1933//1534 1821//1534 1820//1534
f 1933//1535 1820//1535 1934//1535
f 1934//1536 1820//1536 1819//1536
f 1934//1383 1819//1383 1935//1383
f 1935//1384 1819//1384 1818//1384
f 1935//1361 1818//1361 1936//1361
f 1936//1362 1818//1362 1824//1362
f 1936//1363 1824//1363 1937//1363
f 1937//1364 1824//1364 1835//1364
f 1937//1365 1835//1365 1926//1365
f 1926//1366 1835//1366 1834//1366
f 1926//1367 1834//1367 1927//1367
f 1927//1368 1834//1368 1832//1368
f 1927//1369 1832//1369 1928//1369
f 1928//1370 1832//1370 1829//1370
f 1928//1371 1829//1371 1929//1371
f 1929//1372 1829//1372 1828//1372
f 1929//1373 1828//1373 1930//1373
f 1930//1374 1828//1374 1825//1374
f 1930//1537 1825//1537 1815//1537
f 1770//1372 1849//1372 1771//1372
f 1771//1371 1849//1371 1852//1371
f 1771//1370 1852//1370 1779//1370
f 1779//1369 1852//1369 1853//1369
f 1779//1368 1853//1368 1780//1368
f 1780//1367 1853//1367 1854//1367
f 1780//1366 1854//1366 1782//1366
f 1782//1365 1854//1365 1855//1365
f 1782//1364 1855//1364 1783//1364
f 1783//1363 1855//1363 1841//1363
f 1783//1362 1841//1362 1776//1362
f 1776//1361 1841//1361 1840//1361
f 1776//1384 1840//1384 1778//1384
f 1778//1383 1840//1383 1879//1383
f 1778//1382 1879//1382 1800//1382
f 1800//1381 1879//1381 1847//1381
f 1800//1380 1847//1380 1801//1380
f 1801//1379 1847//1379 1848//1379
f 1801//1378 1848//1378 1802//1378
f 1802//1377 1848//1377 1839//1377
f 1802//1376 1839//1376 1774//1376
f 1774//1375 1839//1375 1850//1375
f 1774//1374 1850//1374 1770//1374
f 1770//1373 1850//1373 1849//1373
f 1938//1538 1939//1538 1940//1538
f 1940//1539 1939//1539 1941//1539
f 1940//1540 1941//1540 1942//1540
f 1942//1541 1941//1541 1943//1541
f 1942//1542 1943//1542 1944//1542
f 1944//1543 1943//1543 1945//1543
f 1944//1544 1945//1544 1946//1544
f 1946//1545 1945//1545 1947//1545
f 1946//1546 1947//1546 1948//1546
f 1948//1547 1947//1547 1949//1547
f 1948//1548 1949//1548 1950//1548
f 1950//1549 1949//1549 1951//1549
f 1950//1550 1951//1550 1952//1550
f 1952//1551 1951//1551 1953//1551
f 1952//1552 1953//1552 1954//1552
f 1954//1553 1953//1553 1955//1553
f 1954//1554 1955//1554 1956//1554
f 1956//1555 1955//1555 1957//1555
f 1956//1556 1957//1556 1958//1556
f 1958//1557 1957//1557 1959//1557
f 1958//1558 1959//1558 1960//1558
f 1960//1559 1959//1559 1961//1559
f 1960//1560 1961//1560 1938//1560
f 1938//1561 1961//1561 1939//1561
f 1962//1538 1963//1538 1964//1538
f 1964//1539 1963//1539 1965//1539
f 1964//1540 1965//1540 1966//1540
f 1966//1541 1965//1541 1967//1541
f 1966//1542 1967//1542 1968//1542
f 1968//1543 1967//1543 1969//1543
f 1968//1544 1969//1544 1970//1544
f 1970//1545 1969//1545 1971//1545
f 1970//1546 1971//1546 1972//1546
f 1972//1547 1971//1547 1973//1547
f 1972//1548 1973//1548 1974//1548
f 1974//1549 1973//1549 1975//1549
f 1974//1550 1975//1550 1976//1550
f 1976//1551 1975//1551 1977//1551
f 1976//1552 1977//1552 1978//1552
f 1978//1553 1977//1553 1979//1553
f 1978//1554 1979//1554 1980//1554
f 1980//1555 1979//1555 1981//1555
f 1980//1556 1981//1556 1982//1556
f 1982//1557 1981//1557 1983//1557
f 1982//1558 1983//1558 1984//1558
f 1984//1559 1983//1559 1985//1559
f 1984//1560 1985//1560 1962//1560
f 1962//1561 1985//1561 1963//1561
f 1986//1562 1987//1562 1988//1562
f 1986//1563 1988//1563 1989//1563
f 1989//1564 1988//1564 1990//1564
f 1989//1565 1990//1565 1991//1565
f 1991//1566 1990//1566 1992//1566
f 1991//1567 1992//1567 1993//1567
f 1993//1568 1992//1568 1994//1568
f 1993//1569 1994//1569 1995//1569
f 1995//1570 1994//1570 1996//1570
f 1995//1571 1996//1571 1997//1571
f 1997//1572 1996//1572 1998//1572
f 1997//1573 1998//1573 1999//1573
f 1999//1574 1998//1574 2000//1574
f 1999//1575 2000//1575 2001//1575
f 2001//1576 2000//1576 2002//1576
f 2002//1577 2000//1577 2003//1577
f 2002//1578 2003//1578 2004//1578
f 2004//1579 2003//1579 2005//1579
f 2004//1580 2005//1580 2006//1580
f 2006//1581 2005//1581 2007//1581
f 2006//1582 2007//1582 2008//1582
f 2009//1583 2010//1583 2011//1583
f 2011//1583 2010//1583 2012//1583
f 2011//1583 2012//1583 2013//1583
f 2013//1583 2012//1583 2014//1583
f 2013//1583 2014//1583 2015//1583
f 2015//1583 2014//1583 2016//1583
f 2015//1583 2016//1583 2017//1583
f 2017//1583 2016//1583 2018//1583
f 2017//1583 2018//1583 2019//1583
f 2019//1583 2018//1583 2020//1583
f 2019//1583 2020//1583 2021//1583
f 2021//1583 2020//1583 2022//1583
f 2021//1583 2022//1583 2023//1583
f 2023//1583 2022//1583 2024//1583
f 2023//1583 2024//1583 2025//1583
f 2025//1583 2024//1583 2026//1583
f 2025//1583 2026//1583 2027//1583
f 2027//1583 2026//1583 2028//1583
f 2027//1583 2028//1583 2029//1583
f 2029//1583 2028//1583 2030//1583
f 2029//1583 2030//1583 2031//1583
f 2031//1583 2030//1583 2032//1583
f 2031//1583 2032//1583 2033//1583
f 2033//1583 2032//1583 2034//1583
f 2033//1583 2034//1583 2035//1583
f 2035//1583 2034//1583 2036//1583
f 2035//1583 2036//1583 2037//1583
f 2037//1583 2036//1583 2038//1583
f 2037//1583 2038//1583 2039//1583
f 2039//1583 2038//1583 2040//1583
f 2039//1583 2040//1583 2041//1583
f 2041//1583 2040//1583 2009//1583
f 2041//1583 2009//1583 2011//1583
f 2034//1584 2042//1584 2036//1584
f 2036//1585 2042//1585 2043//1585
f 2036//1586 2043//1586 2038//1586
f 2043//1587 2044//1587 2038//1587
f 2038//1588 2044//1588 2045//1588
f 2038//1589 2045//1589 2040//1589
f 2040//1590 2045//1590 2046//1590
f 2040//1591 2046//1591 2009//1591
f 2009//1592 2046//1592 2047//1592
f 2009//1593 2047//1593 2010//1593
f 2010//1594 2047//1594 2048//1594
f 2010//1595 2048//1595 2012//1595
f 2012//1596 2048//1596 2049//1596
f 2012//1597 2049//1597 2014//1597
f 2014//1598 2049//1598 2050//1598
f 2014//1599 2050//1599 2016//1599
f 2016//1600 2050//1600 2051//1600
f 2016//1601 2051//1601 2018//1601
f 2018//1602 2051//1602 2052//1602
f 2018//1603 2052//1603 2020//1603
f 2020//1604 2052//1604 2053//1604
f 2020//1605 2053//1605 2022//1605
f 2022//1606 2053//1606 2054//1606
f 2022//1607 2054//1607 2024//1607
f 2024//1608 2054//1608 2055//1608
f 2024//1609 2055//1609 2026//1609
f 2026//1610 2055//1610 2056//1610
f 2026//1611 2056//1611 2028//1611
f 2028//1612 2056//1612 2057//1612
f 2028//1613 2057//1613 2030//1613
f 2030//1614 2057//1614 2058//1614
f 2030//1615 2058//1615 2032//1615
f 2032//1616 2058//1616 2059//1616
f 2032//1617 2059//1617 2034//1617
f 2034//1618 2059//1618 2060//1618
f 2034//1619 2060//1619 2042//1619
f 2061//1620 2027//1620 2062//1620
f 2062//1621 2027//1621 2029//1621
f 2062//1622 2029//1622 2063//1622
f 2063//1623 2029//1623 2031//1623
f 2063//1624 2031//1624 2064//1624
f 2064//1625 2031//1625 2033//1625
f 2064//1626 2033//1626 2065//1626
f 2065//1627 2033//1627 2035//1627
f 2065//1628 2035//1628 2066//1628
f 2066//1629 2035//1629 2037//1629
f 2066//1630 2037//1630 2067//1630
f 2067//1631 2037//1631 2039//1631
f 2067//1632 2039//1632 2068//1632
f 2068//1633 2039//1633 2041//1633
f 2068//1634 2041//1634 2069//1634
f 2069//1635 2041//1635 2011//1635
f 2069//1636 2011//1636 2070//1636
f 2070//1637 2011//1637 2013//1637
f 2070//1638 2013//1638 2071//1638
f 2071//1639 2013//1639 2015//1639
f 2071//1640 2015//1640 2072//1640
f 2072//1641 2015//1641 2017//1641
f 2072//1642 2017//1642 2073//1642
f 2073//1643 2017//1643 2019//1643
f 2073//1644 2019//1644 2074//1644
f 2074//1645 2019//1645 2021//1645
f 2074//1646 2021//1646 2075//1646
f 2075//1647 2021//1647 2023//1647
f 2075//1648 2023//1648 2076//1648
f 2076//1649 2023//1649 2025//1649
f 2076//1650 2025//1650 2061//1650
f 2061//1651 2025//1651 2027//1651
f 2068//1652 2069//1652 2077//1652
f 1987//1652 2078//1652 2071//1652
f 2077//1652 2069//1652 2078//1652
f 2078//1652 2069//1652 2070//1652
f 2078//1652 2070//1652 2071//1652
f 2076//1652 1992//1652 2075//1652
f 2075//1652 1992//1652 1990//1652
f 2075//1652 1990//1652 2074//1652
f 2074//1652 1990//1652 1988//1652
f 2074//1652 1988//1652 2073//1652
f 2073//1652 1988//1652 1987//1652
f 2073//1652 1987//1652 2072//1652
f 2072//1652 1987//1652 2071//1652
f 2007//1652 2005//1652 2064//1652
f 2064//1652 2005//1652 2003//1652
f 2064//1652 2003//1652 2063//1652
f 2063//1652 2003//1652 2000//1652
f 2063//1652 2000//1652 2062//1652
f 2062//1652 2000//1652 1998//1652
f 2062//1652 1998//1652 2061//1652
f 2061//1652 1998//1652 1996//1652
f 2061//1652 1996//1652 2076//1652
f 2076//1652 1996//1652 1994//1652
f 2076//1652 1994//1652 1992//1652
f 2064//1652 2065//1652 2007//1652
f 2007//1652 2065//1652 2066//1652
f 2007//1652 2066//1652 2077//1652
f 2077//1652 2066//1652 2067//1652
f 2077//1652 2067//1652 2068//1652
f 2079//1583 2080//1583 2081//1583
f 2081//1583 2080//1583 2082//1583
f 2083//1583 2084//1583 2085//1583
f 2085//1583 2084//1583 2079//1583
f 2085//1583 2079//1583 2086//1583
f 2086//1583 2079//1583 2081//1583
f 2087//1583 2088//1583 2089//1583
f 2089//1583 2088//1583 2090//1583
f 2091//1583 2092//1583 2093//1583
f 2093//1583 2092//1583 2094//1583
f 2093//1583 2094//1583 2095//1583
f 2096//1583 2093//1583 2097//1583
f 2098//1583 2099//1583 2100//1583
f 2097//1583 2093//1583 2101//1583
f 2101//1583 2093//1583 2095//1583
f 2101//1583 2095//1583 2083//1583
f 2083//1583 2095//1583 2102//1583
f 2083//1583 2102//1583 2084//1583
f 2097//1583 2103//1583 2096//1583
f 2096//1583 2103//1583 2104//1583
f 2096//1583 2104//1583 2105//1583
f 2105//1583 2104//1583 2106//1583
f 2105//1583 2106//1583 2107//1583
f 2107//1583 2106//1583 2108//1583
f 2098//1583 2100//1583 2109//1583
f 2109//1583 2100//1583 2110//1583
f 2109//1583 2110//1583 2111//1583
f 2111//1583 2110//1583 2112//1583
f 2111//1583 2112//1583 2113//1583
f 2113//1583 2112//1583 2114//1583
f 2113//1583 2114//1583 2108//1583
f 2108//1583 2114//1583 2115//1583
f 2108//1583 2115//1583 2107//1583
f 2098//1583 2116//1583 2099//1583
f 2099//1583 2116//1583 2117//1583
f 2099//1583 2117//1583 2089//1583
f 2089//1583 2117//1583 2081//1583
f 2089//1583 2081//1583 2087//1583
f 2087//1583 2081//1583 2082//1583
f 2089//1583 2118//1583 2099//1583
f 2099//1583 2118//1583 2119//1583
f 2099//1583 2119//1583 2120//1583
f 2120//1583 2119//1583 2121//1583
f 2122//1583 2008//1583 2123//1583
f 2123//1583 2008//1583 2118//1583
f 2002//1583 2004//1583 2042//1583
f 2042//1583 2004//1583 2006//1583
f 2042//1583 2006//1583 2043//1583
f 2043//1583 2006//1583 2008//1583
f 2043//1583 2008//1583 2044//1583
f 2044//1583 2008//1583 2122//1583
f 2044//1583 2122//1583 2045//1583
f 1986//1583 2124//1583 2093//1583
f 2093//1583 2124//1583 2125//1583
f 2093//1583 2125//1583 2126//1583
f 2127//1583 2128//1583 2089//1583
f 2128//1583 2129//1583 2089//1583
f 2089//1583 2129//1583 2130//1583
f 2089//1583 2130//1583 2118//1583
f 2118//1583 2130//1583 2131//1583
f 2118//1583 2131//1583 2123//1583
f 2132//1583 2133//1583 2047//1583
f 2122//1583 2134//1583 2045//1583
f 2045//1583 2134//1583 2132//1583
f 2045//1583 2132//1583 2046//1583
f 2046//1583 2132//1583 2047//1583
f 2054//1583 2053//1583 1986//1583
f 2135//1583 2136//1583 2052//1583
f 2052//1583 2136//1583 2137//1583
f 2052//1583 2137//1583 2053//1583
f 2053//1583 2137//1583 2138//1583
f 2053//1583 2138//1583 1986//1583
f 1986//1583 2138//1583 2139//1583
f 1986//1583 2139//1583 2124//1583
f 2126//1583 2140//1583 2093//1583
f 2093//1583 2140//1583 2089//1583
f 2093//1583 2089//1583 2091//1583
f 2091//1583 2089//1583 2090//1583
f 2141//1583 2127//1583 2142//1583
f 2142//1583 2127//1583 2089//1583
f 2142//1583 2089//1583 2143//1583
f 2143//1583 2089//1583 2140//1583
f 2042//1583 2060//1583 2002//1583
f 2002//1583 2060//1583 2059//1583
f 2002//1583 2059//1583 2001//1583
f 2001//1583 2059//1583 2058//1583
f 1986//1583 1989//1583 2054//1583
f 2054//1583 1989//1583 1991//1583
f 2054//1583 1991//1583 2055//1583
f 2055//1583 1991//1583 1993//1583
f 2055//1583 1993//1583 2056//1583
f 2056//1583 1993//1583 1995//1583
f 2056//1583 1995//1583 2057//1583
f 2057//1583 1995//1583 1997//1583
f 2057//1583 1997//1583 2058//1583
f 2058//1583 1997//1583 1999//1583
f 2058//1583 1999//1583 2001//1583
f 2051//1583 2050//1583 2144//1583
f 2144//1583 2050//1583 2049//1583
f 2144//1583 2049//1583 2133//1583
f 2133//1583 2049//1583 2048//1583
f 2133//1583 2048//1583 2047//1583
f 2141//1583 2142//1583 2145//1583
f 2145//1583 2142//1583 2146//1583
f 2145//1583 2146//1583 2147//1583
f 2147//1583 2146//1583 2135//1583
f 2147//1583 2135//1583 2144//1583
f 2144//1583 2135//1583 2052//1583
f 2144//1583 2052//1583 2051//1583
f 1974//1652 2148//1652 1972//1652
f 1972//1652 2148//1652 2149//1652
f 1972//1652 2149//1652 1970//1652
f 1970//1652 2149//1652 2150//1652
f 1970//1652 2150//1652 1968//1652
f 2151//1652 1980//1652 2152//1652
f 2152//1652 1980//1652 1982//1652
f 2153//1652 2154//1652 2155//1652
f 2155//1652 2154//1652 2156//1652
f 2155//1652 2156//1652 2157//1652
f 1952//1652 2158//1652 1950//1652
f 1950//1652 2158//1652 2159//1652
f 1950//1652 2159//1652 2160//1652
f 2151//1652 2161//1652 2162//1652
f 2153//1652 2148//1652 2154//1652
f 2154//1652 2148//1652 1974//1652
f 2154//1652 1974//1652 2162//1652
f 2162//1652 1974//1652 1976//1652
f 2162//1652 1976//1652 2151//1652
f 2151//1652 1976//1652 1978//1652
f 2151//1652 1978//1652 1980//1652
f 1982//1652 1984//1652 2152//1652
f 2152//1652 1984//1652 1962//1652
f 2152//1652 1962//1652 1964//1652
f 1940//1652 2163//1652 1938//1652
f 1938//1652 2163//1652 2152//1652
f 1938//1652 2152//1652 1960//1652
f 2161//1652 2151//1652 2164//1652
f 2164//1652 2151//1652 2165//1652
f 2164//1652 2165//1652 2166//1652
f 2166//1652 2165//1652 2167//1652
f 2166//1652 2167//1652 2168//1652
f 2168//1652 2167//1652 2169//1652
f 2168//1652 2169//1652 2170//1652
f 2170//1652 2169//1652 2171//1652
f 2170//1652 2171//1652 2172//1652
f 1960//1652 2152//1652 1958//1652
f 1958//1652 2152//1652 1964//1652
f 1958//1652 1964//1652 1956//1652
f 1956//1652 1964//1652 1966//1652
f 1956//1652 1966//1652 1954//1652
f 1954//1652 1966//1652 1968//1652
f 1954//1652 1968//1652 1952//1652
f 1952//1652 1968//1652 2150//1652
f 1952//1652 2150//1652 2158//1652
f 2156//1652 2173//1652 2157//1652
f 2157//1652 2173//1652 2174//1652
f 2157//1652 2174//1652 2175//1652
f 2175//1652 2174//1652 2176//1652
f 2175//1652 2176//1652 2177//1652
f 2177//1652 2176//1652 2178//1652
f 1940//1652 1942//1652 2163//1652
f 2163//1652 1942//1652 1944//1652
f 2163//1652 1944//1652 2179//1652
f 2179//1652 1944//1652 1946//1652
f 2179//1652 1946//1652 1948//1652
f 2171//1652 2180//1652 2172//1652
f 2172//1652 2180//1652 2181//1652
f 2172//1652 2181//1652 2182//1652
f 2182//1652 2181//1652 2183//1652
f 2182//1652 2183//1652 2184//1652
f 2184//1652 2183//1652 2185//1652
f 2184//1652 2185//1652 2186//1652
f 2186//1652 2185//1652 2187//1652
f 2186//1652 2187//1652 2188//1652
f 2188//1652 2187//1652 2179//1652
f 2188//1652 2179//1652 2189//1652
f 2189//1652 2179//1652 1948//1652
f 2189//1652 1948//1652 2176//1652
f 2176//1652 1948//1652 1950//1652
f 2176//1652 1950//1652 2178//1652
f 2178//1652 1950//1652 2160//1652
f 2007//1653 2077//1653 2008//1653
f 2008//1653 2077//1653 2163//1653
f 2008//1653 2163//1653 2118//1653
f 2118//1653 2163//1653 2179//1653
f 2118//1653 2179//1653 2119//1653
f 2152//1654 2078//1654 1987//1654
f 2096//1654 2151//1654 2093//1654
f 2093//1654 2151//1654 2152//1654
f 2093//1654 2152//1654 1986//1654
f 1986//1654 2152//1654 1987//1654
f 2119//1655 2179//1655 2187//1655
f 2119//1656 2187//1656 2121//1656
f 2121//1657 2187//1657 2185//1657
f 2121//1658 2185//1658 2120//1658
f 2120//1659 2185//1659 2099//1659
f 2099//1660 2185//1660 2183//1660
f 2099//1661 2183//1661 2100//1661
f 2100//1662 2183//1662 2181//1662
f 2100//1663 2181//1663 2110//1663
f 2110//1664 2181//1664 2180//1664
f 2110//1665 2180//1665 2112//1665
f 2112//1666 2180//1666 2171//1666
f 2112//1667 2171//1667 2114//1667
f 2114//1668 2171//1668 2169//1668
f 2114//1669 2169//1669 2115//1669
f 2115//1670 2169//1670 2167//1670
f 2115//1671 2167//1671 2107//1671
f 2107//1672 2167//1672 2165//1672
f 2107//1673 2165//1673 2105//1673
f 2105//1674 2165//1674 2151//1674
f 2105//1675 2151//1675 2096//1675
f 2083//1651 2190//1651 2101//1651
f 2101//1650 2190//1650 2191//1650
f 2101//1649 2191//1649 2097//1649
f 2097//1648 2191//1648 2192//1648
f 2097//1647 2192//1647 2103//1647
f 2103//1646 2192//1646 2193//1646
f 2103//1645 2193//1645 2104//1645
f 2104//1644 2193//1644 2194//1644
f 2104//1643 2194//1643 2106//1643
f 2106//1642 2194//1642 2195//1642
f 2106//1641 2195//1641 2108//1641
f 2108//1640 2195//1640 2196//1640
f 2108//1639 2196//1639 2113//1639
f 2113//1638 2196//1638 2197//1638
f 2113//1637 2197//1637 2111//1637
f 2111//1636 2197//1636 2198//1636
f 2111//1635 2198//1635 2109//1635
f 2109//1634 2198//1634 2199//1634
f 2109//1633 2199//1633 2098//1633
f 2098//1632 2199//1632 2200//1632
f 2098//1631 2200//1631 2116//1631
f 2116//1630 2200//1630 2201//1630
f 2116//1629 2201//1629 2117//1629
f 2117//1628 2201//1628 2202//1628
f 2117//1627 2202//1627 2081//1627
f 2081//1626 2202//1626 2203//1626
f 2081//1625 2203//1625 2086//1625
f 2086//1624 2203//1624 2204//1624
f 2086//1623 2204//1623 2085//1623
f 2085//1622 2204//1622 2205//1622
f 2085//1621 2205//1621 2083//1621
f 2083//1620 2205//1620 2190//1620
f 2206//1612 2173//1612 2207//1612
f 2207//1611 2173//1611 2156//1611
f 2207//1610 2156//1610 2208//1610
f 2208//1609 2156//1609 2154//1609
f 2208//1676 2154//1676 2209//1676
f 2209//1607 2154//1607 2162//1607
f 2209//1606 2162//1606 2210//1606
f 2210//1677 2162//1677 2161//1677
f 2210//1604 2161//1604 2211//1604
f 2211//1603 2161//1603 2164//1603
f 2211//1602 2164//1602 2212//1602
f 2212//1601 2164//1601 2166//1601
f 2212//1600 2166//1600 2213//1600
f 2213//1678 2166//1678 2168//1678
f 2213//1679 2168//1679 2214//1679
f 2214//1597 2168//1597 2170//1597
f 2214//1596 2170//1596 2215//1596
f 2215//1595 2170//1595 2172//1595
f 2215//1594 2172//1594 2216//1594
f 2216//1680 2172//1680 2182//1680
f 2216//1681 2182//1681 2217//1681
f 2217//1591 2182//1591 2184//1591
f 2217//1682 2184//1682 2218//1682
f 2218//1683 2184//1683 2186//1683
f 2218//1587 2186//1587 2219//1587
f 2219//1586 2186//1586 2188//1586
f 2219//1684 2188//1684 2220//1684
f 2220//1685 2188//1685 2189//1685
f 2220//1618 2189//1618 2221//1618
f 2221//1686 2189//1686 2176//1686
f 2221//1616 2176//1616 2222//1616
f 2222//1615 2176//1615 2174//1615
f 2222//1614 2174//1614 2206//1614
f 2206//1613 2174//1613 2173//1613
f 2213//1652 2214//1652 2198//1652
f 2198//1652 2214//1652 2215//1652
f 2198//1652 2215//1652 2199//1652
f 2199//1652 2215//1652 2216//1652
f 2199//1652 2216//1652 2200//1652
f 2200//1652 2216//1652 2217//1652
f 2200//1652 2217//1652 2201//1652
f 2201//1652 2217//1652 2218//1652
f 2201//1652 2218//1652 2202//1652
f 2202//1652 2218//1652 2219//1652
f 2202//1652 2219//1652 2203//1652
f 2203//1652 2219//1652 2220//1652
f 2203//1652 2220//1652 2204//1652
f 2204//1652 2220//1652 2221//1652
f 2204//1652 2221//1652 2205//1652
f 2205//1652 2221//1652 2222//1652
f 2205//1652 2222//1652 2190//1652
f 2190//1652 2222//1652 2206//1652
f 2190//1652 2206//1652 2191//1652
f 2191//1652 2206//1652 2207//1652
f 2191//1652 2207//1652 2192//1652
f 2192//1652 2207//1652 2208//1652
f 2192//1652 2208//1652 2193//1652
f 2193//1652 2208//1652 2209//1652
f 2193//1652 2209//1652 2194//1652
f 2194//1652 2209//1652 2210//1652
f 2194//1652 2210//1652 2195//1652
f 2195//1652 2210//1652 2211//1652
f 2195//1652 2211//1652 2196//1652
f 2196//1652 2211//1652 2212//1652
f 2196//1652 2212//1652 2197//1652
f 2197//1652 2212//1652 2213//1652
f 2197//1652 2213//1652 2198//1652
f 2078//1687 2152//1687 2077//1687
f 2077//1687 2152//1687 2163//1687
f 1971//1583 2223//1583 1973//1583
f 1973//1583 2223//1583 2224//1583
f 1973//1583 2224//1583 1975//1583
f 1975//1583 2224//1583 2225//1583
f 1975//1583 2225//1583 1977//1583
f 1977//1583 2225//1583 2226//1583
f 1977//1583 2226//1583 1979//1583
f 1979//1583 2226//1583 2227//1583
f 1979//1583 2227//1583 1981//1583
f 1981//1583 2227//1583 2228//1583
f 1981//1583 2228//1583 1983//1583
f 1983//1583 2228//1583 2229//1583
f 1983//1583 2229//1583 1985//1583
f 1985//1583 2229//1583 2230//1583
f 1985//1583 2230//1583 1963//1583
f 1963//1583 2230//1583 2231//1583
f 1963//1583 2231//1583 1965//1583
f 1965//1583 2231//1583 2232//1583
f 1965//1583 2232//1583 1967//1583
f 1967//1583 2232//1583 2233//1583
f 1967//1583 2233//1583 1969//1583
f 1969//1583 2233//1583 2234//1583
f 1969//1583 2234//1583 1971//1583
f 1971//1583 2234//1583 2223//1583
f 2231//1538 2137//1538 2232//1538
f 2232//1539 2137//1539 2136//1539
f 2232//1540 2136//1540 2233//1540
f 2233//1541 2136//1541 2135//1541
f 2233//1542 2135//1542 2234//1542
f 2234//1543 2135//1543 2146//1543
f 2234//1544 2146//1544 2223//1544
f 2223//1545 2146//1545 2142//1545
f 2223//1546 2142//1546 2224//1546
f 2224//1547 2142//1547 2143//1547
f 2224//1548 2143//1548 2225//1548
f 2225//1549 2143//1549 2140//1549
f 2225//1550 2140//1550 2226//1550
f 2226//1551 2140//1551 2126//1551
f 2226//1552 2126//1552 2227//1552
f 2227//1553 2126//1553 2125//1553
f 2227//1554 2125//1554 2228//1554
f 2228//1555 2125//1555 2124//1555
f 2228//1556 2124//1556 2229//1556
f 2229//1557 2124//1557 2139//1557
f 2229//1558 2139//1558 2230//1558
f 2230//1559 2139//1559 2138//1559
f 2230//1560 2138//1560 2231//1560
f 2231//1561 2138//1561 2137//1561
f 1943//1583 2235//1583 1945//1583
f 1945//1583 2235//1583 2236//1583
f 1945//1583 2236//1583 1947//1583
f 1947//1583 2236//1583 2237//1583
f 1947//1583 2237//1583 1949//1583
f 1949//1583 2237//1583 2238//1583
f 1949//1583 2238//1583 1951//1583
f 1951//1583 2238//1583 2239//1583
f 1951//1583 2239//1583 1953//1583
f 1953//1583 2239//1583 2240//1583
f 1953//1583 2240//1583 1955//1583
f 1955//1583 2240//1583 2241//1583
f 1955//1583 2241//1583 1957//1583
f 1957//1583 2241//1583 2242//1583
f 1957//1583 2242//1583 1959//1583
f 1959//1583 2242//1583 2243//1583
f 1959//1583 2243//1583 1961//1583
f 1961//1583 2243//1583 2244//1583
f 1961//1583 2244//1583 1939//1583
f 1939//1583 2244//1583 2245//1583
f 1939//1583 2245//1583 1941//1583
f 1941//1583 2245//1583 2246//1583
f 1941//1583 2246//1583 1943//1583
f 1943//1583 2246//1583 2235//1583
f 2246//1688 2134//1688 2235//1688
f 2235//1689 2134//1689 2122//1689
f 2235//1542 2122//1542 2236//1542
f 2236//1543 2122//1543 2123//1543
f 2236//1544 2123//1544 2237//1544
f 2123//1545 2131//1545 2237//1545
f 2237//1690 2131//1690 2130//1690
f 2237//1691 2130//1691 2238//1691
f 2238//1692 2130//1692 2129//1692
f 2238//1548 2129//1548 2239//1548
f 2239//1549 2129//1549 2128//1549
f 2239//1550 2128//1550 2240//1550
f 2240//1551 2128//1551 2127//1551
f 2240//1552 2127//1552 2241//1552
f 2241//1553 2127//1553 2141//1553
f 2241//1554 2141//1554 2242//1554
f 2242//1555 2141//1555 2145//1555
f 2242//1556 2145//1556 2243//1556
f 2243//1557 2145//1557 2147//1557
f 2243//1558 2147//1558 2244//1558
f 2244//1559 2147//1559 2144//1559
f 2244//1560 2144//1560 2245//1560
f 2245//1561 2144//1561 2133//1561
f 2245//1538 2133//1538 2246//1538
f 2246//1539 2133//1539 2132//1539
f 2246//1693 2132//1693 2134//1693
f 2158//1538 2091//1538 2159//1538
f 2159//1539 2091//1539 2090//1539
f 2159//1540 2090//1540 2160//1540
f 2160//1541 2090//1541 2088//1541
f 2160//1542 2088//1542 2178//1542
f 2178//1543 2088//1543 2087//1543
f 2178//1544 2087//1544 2177//1544
f 2177//1545 2087//1545 2082//1545
f 2177//1546 2082//1546 2175//1546
f 2175//1547 2082//1547 2080//1547
f 2175//1548 2080//1548 2157//1548
f 2157//1549 2080//1549 2079//1549
f 2157//1550 2079//1550 2155//1550
f 2155//1551 2079//1551 2084//1551
f 2155//1552 2084//1552 2153//1552
f 2153//1553 2084//1553 2102//1553
f 2153//1554 2102//1554 2148//1554
f 2148//1555 2102//1555 2095//1555
f 2148//1556 2095//1556 2149//1556
f 2149//1557 2095//1557 2094//1557
f 2149//1558 2094//1558 2150//1558
f 2150//1559 2094//1559 2092//1559
f 2150//1560 2092//1560 2158//1560
f 2158//1561 2092//1561 2091//1561
f 2247//1694 2248//1694 2249//1694
f 2249//1694 2248//1694 2250//1694
f 2249//1694 2250//1694 2251//1694
f 2251//1694 2250//1694 2252//1694
f 2251//1694 2252//1694 2253//1694
f 2253//1694 2252//1694 2254//1694
f 2253//1694 2254//1694 2255//1694
f 2255//1694 2254//1694 2256//1694
f 2255//1694 2256//1694 2257//1694
f 2257//1694 2256//1694 2258//1694
f 2257//1694 2258//1694 2259//1694
f 2259//1694 2258//1694 2260//1694
f 2259//1694 2260//1694 2261//1694
f 2261//1694 2260//1694 2262//1694
f 2261//1694 2262//1694 2263//1694
f 2264//1694 2265//1694 2266//1694
f 2266//1694 2265//1694 2267//1694
f 2266//1694 2267//1694 2268//1694
f 2268//1694 2267//1694 2269//1694
f 2268//1694 2269//1694 2270//1694
f 2270//1694 2269//1694 2271//1694
f 2270//1694 2271//1694 2272//1694
f 2272//1694 2271//1694 2273//1694
f 2272//1694 2273//1694 2274//1694
f 2274//1694 2273//1694 2275//1694
f 2274//1694 2275//1694 2276//1694
f 2276//1694 2275//1694 2277//1694
f 2276//1694 2277//1694 2278//1694
f 2278//1694 2277//1694 2279//1694
f 2278//1694 2279//1694 2247//1694
f 2247//1694 2279//1694 2280//1694
f 2247//1694 2280//1694 2248//1694
f 2262//1694 2281//1694 2263//1694
f 2263//1694 2281//1694 2282//1694
f 2263//1694 2282//1694 2283//1694
f 2283//1694 2282//1694 2284//1694
f 2283//1694 2284//1694 2285//1694
f 2285//1694 2284//1694 2286//1694
f 2285//1694 2286//1694 2287//1694
f 2287//1694 2286//1694 2288//1694
f 2287//1694 2288//1694 2289//1694
f 2289//1694 2288//1694 2290//1694
f 2289//1694 2290//1694 2291//1694
f 2291//1694 2290//1694 2292//1694
f 2291//1694 2292//1694 2293//1694
f 2293//1694 2292//1694 2294//1694
f 2293//1694 2294//1694 2295//1694
f 2295//1694 2294//1694 2296//1694
f 2295//1694 2296//1694 2297//1694
f 2297//1694 2296//1694 2298//1694
f 2297//1694 2298//1694 2264//1694
f 2264//1694 2298//1694 2299//1694
f 2264//1694 2299//1694 2265//1694
f 2282//1695 2300//1695 2284//1695
f 2284//1696 2300//1696 2301//1696
f 2284//1697 2301//1697 2286//1697
f 2286//1698 2301//1698 2302//1698
f 2286//1699 2302//1699 2288//1699
f 2288//1700 2302//1700 2303//1700
f 2288//1701 2303//1701 2290//1701
f 2290//1702 2303//1702 2304//1702
f 2290//1703 2304//1703 2292//1703
f 2292//1704 2304//1704 2305//1704
f 2292//1705 2305//1705 2294//1705
f 2294//1706 2305//1706 2306//1706
f 2294//1707 2306//1707 2296//1707
f 2296//1708 2306//1708 2307//1708
f 2296//1709 2307//1709 2298//1709
f 2298//1710 2307//1710 2308//1710
f 2298//1711 2308//1711 2299//1711
f 2299//1712 2308//1712 2309//1712
f 2299//1713 2309//1713 2265//1713
f 2265//1714 2309//1714 2310//1714
f 2265//1715 2310//1715 2267//1715
f 2267//1716 2310//1716 2311//1716
f 2267//1717 2311//1717 2269//1717
f 2269//1718 2311//1718 2312//1718
f 2269//1719 2312//1719 2271//1719
f 2271//1720 2312//1720 2313//1720
f 2271//1721 2313//1721 2273//1721
f 2273//1722 2313//1722 2314//1722
f 2273//1723 2314//1723 2275//1723
f 2275//1724 2314//1724 2315//1724
f 2275//1725 2315//1725 2277//1725
f 2277//1726 2315//1726 2316//1726
f 2277//1727 2316//1727 2279//1727
f 2279//1728 2316//1728 2317//1728
f 2279//1729 2317//1729 2280//1729
f 2280//1730 2317//1730 2318//1730
f 2280//1731 2318//1731 2248//1731
f 2248//1732 2318//1732 2319//1732
f 2248//1733 2319//1733 2250//1733
f 2250//1734 2319//1734 2320//1734
f 2250//1735 2320//1735 2252//1735
f 2252//1736 2320//1736 2321//1736
f 2252//1737 2321//1737 2254//1737
f 2254//1738 2321//1738 2322//1738
f 2254//1739 2322//1739 2256//1739
f 2256//1740 2322//1740 2323//1740
f 2256//1741 2323//1741 2258//1741
f 2258//1742 2323//1742 2324//1742
f 2258//1743 2324//1743 2260//1743
f 2260//1744 2324//1744 2325//1744
f 2260//1745 2325//1745 2262//1745
f 2262//1746 2325//1746 2326//1746
f 2262//1747 2326//1747 2281//1747
f 2281//1748 2326//1748 2327//1748
f 2281//1749 2327//1749 2282//1749
f 2282//1750 2327//1750 2300//1750
f 2272//1751 2328//1751 2270//1751
f 2270//1752 2328//1752 2329//1752
f 2270//1753 2329//1753 2268//1753
f 2268//1754 2329//1754 2330//1754
f 2268//1755 2330//1755 2266//1755
f 2266//1756 2330//1756 2331//1756
f 2266//1757 2331//1757 2264//1757
f 2264//1758 2331//1758 2332//1758
f 2264//1759 2332//1759 2297//1759
f 2297//1760 2332//1760 2333//1760
f 2297//1761 2333//1761 2295//1761
f 2295//1762 2333//1762 2334//1762
f 2295//1763 2334//1763 2293//1763
f 2293//1764 2334//1764 2335//1764
f 2293//1765 2335//1765 2291//1765
f 2291//1766 2335//1766 2336//1766
f 2291//1767 2336//1767 2289//1767
f 2289//1768 2336//1768 2337//1768
f 2289//1769 2337//1769 2287//1769
f 2287//1770 2337//1770 2338//1770
f 2287//1771 2338//1771 2285//1771
f 2285//1772 2338//1772 2339//1772
f 2285//1773 2339//1773 2283//1773
f 2283//1774 2339//1774 2340//1774
f 2283//1775 2340//1775 2263//1775
f 2263//1776 2340//1776 2341//1776
f 2263//1777 2341//1777 2261//1777
f 2261//1778 2341//1778 2342//1778
f 2261//1779 2342//1779 2259//1779
f 2259//1780 2342//1780 2343//1780
f 2259//1781 2343//1781 2257//1781
f 2257//1782 2343//1782 2344//1782
f 2257//1783 2344//1783 2255//1783
f 2255//1784 2344//1784 2345//1784
f 2255//1785 2345//1785 2253//1785
f 2253//1786 2345//1786 2346//1786
f 2253//1787 2346//1787 2251//1787
f 2251//1788 2346//1788 2347//1788
f 2251//1789 2347//1789 2249//1789
f 2249//1790 2347//1790 2348//1790
f 2249//1791 2348//1791 2247//1791
f 2247//1792 2348//1792 2349//1792
f 2247//1793 2349//1793 2278//1793
f 2278//1794 2349//1794 2350//1794
f 2278//1795 2350//1795 2276//1795
f 2276//1796 2350//1796 2351//1796
f 2276//1797 2351//1797 2274//1797
f 2274//1798 2351//1798 2352//1798
f 2274//1799 2352//1799 2272//1799
f 2272//1800 2352//1800 2328//1800
f 2324//1694 2353//1694 2325//1694
f 2325//1694 2353//1694 2354//1694
f 2325//1694 2354//1694 2326//1694
f 2326//1694 2354//1694 2355//1694
f 2326//1694 2355//1694 2327//1694
f 2327//1694 2355//1694 2356//1694
f 2327//1694 2356//1694 2300//1694
f 2300//1694 2356//1694 2357//1694
f 2300//1694 2357//1694 2301//1694
f 2318//1694 2358//1694 2319//1694
f 2319//1694 2358//1694 2359//1694
f 2319//1694 2359//1694 2320//1694
f 2320//1694 2359//1694 2360//1694
f 2320//1694 2360//1694 2321//1694
f 2321//1694 2360//1694 2361//1694
f 2321//1694 2361//1694 2322//1694
f 2322//1694 2361//1694 2362//1694
f 2322//1694 2362//1694 2323//1694
f 2323//1694 2362//1694 2363//1694
f 2323//1694 2363//1694 2324//1694
f 2324//1694 2363//1694 2364//1694
f 2324//1694 2364//1694 2353//1694
f 2357//1694 2365//1694 2301//1694
f 2301//1694 2365//1694 2366//1694
f 2301//1694 2366//1694 2302//1694
f 2302//1694 2366//1694 2367//1694
f 2302//1694 2367//1694 2303//1694
f 2303//1694 2367//1694 2368//1694
f 2303//1694 2368//1694 2304//1694
f 2304//1694 2368//1694 2369//1694
f 2304//1694 2369//1694 2305//1694
f 2305//1694 2369//1694 2370//1694
f 2305//1694 2370//1694 2306//1694
f 2306//1694 2370//1694 2371//1694
f 2306//1694 2371//1694 2307//1694
f 2312//1694 2372//1694 2313//1694
f 2313//1694 2372//1694 2373//1694
f 2313//1694 2373//1694 2314//1694
f 2314//1694 2373//1694 2374//1694
f 2314//1694 2374//1694 2315//1694
f 2315//1694 2374//1694 2375//1694
f 2315//1694 2375//1694 2316//1694
f 2316//1694 2375//1694 2376//1694
f 2316//1694 2376//1694 2317//1694
f 2317//1694 2376//1694 2377//1694
f 2317//1694 2377//1694 2318//1694
f 2318//1694 2377//1694 2378//1694
f 2318//1694 2378//1694 2358//1694
f 2371//1694 2379//1694 2307//1694
f 2307//1694 2379//1694 2380//1694
f 2307//1694 2380//1694 2308//1694
f 2308//1694 2380//1694 2381//1694
f 2308//1694 2381//1694 2309//1694
f 2309//1694 2381//1694 2382//1694
f 2309//1694 2382//1694 2310//1694
f 2310//1694 2382//1694 2383//1694
f 2310//1694 2383//1694 2311//1694
f 2311//1694 2383//1694 2384//1694
f 2311//1694 2384//1694 2312//1694
f 2312//1694 2384//1694 2385//1694
f 2312//1694 2385//1694 2372//1694
f 2341//1801 2386//1801 2342//1801
f 2342//1801 2386//1801 2387//1801
f 2342//1801 2387//1801 2343//1801
f 2343//1801 2387//1801 2388//1801
f 2343//1801 2388//1801 2344//1801
f 2344//1801 2388//1801 2389//1801
f 2344//1801 2389//1801 2345//1801
f 2345//1801 2389//1801 2390//1801
f 2345//1801 2390//1801 2346//1801
f 2346//1801 2390//1801 2391//1801
f 2346//1801 2391//1801 2347//1801
f 2347//1801 2391//1801 2392//1801
f 2347//1801 2392//1801 2348//1801
f 2348//1801 2392//1801 2393//1801
f 2348//1801 2393//1801 2349//1801
f 2332//1801 2394//1801 2333//1801
f 2333//1801 2394//1801 2395//1801
f 2333//1801 2395//1801 2334//1801
f 2334//1801 2395//1801 2396//1801
f 2334//1801 2396//1801 2335//1801
f 2335//1801 2396//1801 2397//1801
f 2335//1801 2397//1801 2336//1801
f 2336//1801 2397//1801 2398//1801
f 2336//1801 2398//1801 2337//1801
f 2337//1801 2398//1801 2399//1801
f 2337//1801 2399//1801 2338//1801
f 2338//1801 2399//1801 2400//1801
f 2338//1801 2400//1801 2339//1801
f 2339//1801 2400//1801 2401//1801
f 2339//1801 2401//1801 2340//1801
f 2340//1801 2401//1801 2402//1801
f 2340//1801 2402//1801 2341//1801
f 2341//1801 2402//1801 2403//1801
f 2341//1801 2403//1801 2386//1801
f 2393//1801 2404//1801 2349//1801
f 2349//1801 2404//1801 2405//1801
f 2349//1801 2405//1801 2350//1801
f 2350//1801 2405//1801 2406//1801
f 2350//1801 2406//1801 2351//1801
f 2351//1801 2406//1801 2407//1801
f 2351//1801 2407//1801 2352//1801
f 2352//1801 2407//1801 2408//1801
f 2352//1801 2408//1801 2328//1801
f 2328//1801 2408//1801 2409//1801
f 2328//1801 2409//1801 2329//1801
f 2329//1801 2409//1801 2410//1801
f 2329//1801 2410//1801 2330//1801
f 2330//1801 2410//1801 2411//1801
f 2330//1801 2411//1801 2331//1801
f 2331//1801 2411//1801 2412//1801
f 2331//1801 2412//1801 2332//1801
f 2332//1801 2412//1801 2413//1801
f 2332//1801 2413//1801 2394//1801
f 2356//1802 2414//1802 2357//1802
f 2357//1803 2414//1803 2415//1803
f 2357//1804 2415//1804 2365//1804
f 2365//1805 2415//1805 2416//1805
f 2365//1806 2416//1806 2366//1806
f 2366//1807 2416//1807 2417//1807
f 2366//1808 2417//1808 2367//1808
f 2367//1809 2417//1809 2418//1809
f 2367//1810 2418//1810 2368//1810
f 2368//1811 2418//1811 2419//1811
f 2368//1812 2419//1812 2369//1812
f 2369//1813 2419//1813 2420//1813
f 2369//1814 2420//1814 2370//1814
f 2370//1815 2420//1815 2421//1815
f 2370//1816 2421//1816 2371//1816
f 2371//1817 2421//1817 2422//1817
f 2371//1818 2422//1818 2379//1818
f 2379//1819 2422//1819 2423//1819
f 2379//1820 2423//1820 2380//1820
f 2380//1821 2423//1821 2424//1821
f 2380//1822 2424//1822 2381//1822
f 2381//1823 2424//1823 2425//1823
f 2381//1824 2425//1824 2382//1824
f 2382//1825 2425//1825 2426//1825
f 2382//1826 2426//1826 2383//1826
f 2383//1827 2426//1827 2427//1827
f 2383//1828 2427//1828 2384//1828
f 2384//1829 2427//1829 2428//1829
f 2384//1830 2428//1830 2385//1830
f 2385//1831 2428//1831 2429//1831
f 2385//1832 2429//1832 2372//1832
f 2372//1833 2429//1833 2430//1833
f 2372//1834 2430//1834 2373//1834
f 2373//1835 2430//1835 2431//1835
f 2373//1836 2431//1836 2374//1836
f 2374//1837 2431//1837 2432//1837
f 2374//1838 2432//1838 2375//1838
f 2375//1839 2432//1839 2433//1839
f 2375//1840 2433//1840 2376//1840
f 2376//1841 2433//1841 2434//1841
f 2376//1842 2434//1842 2377//1842
f 2377//1843 2434//1843 2435//1843
f 2377//1844 2435//1844 2378//1844
f 2378//1845 2435//1845 2436//1845
f 2378//1846 2436//1846 2358//1846
f 2358//1847 2436//1847 2437//1847
f 2358//1848 2437//1848 2359//1848
f 2359//1849 2437//1849 2438//1849
f 2359//1850 2438//1850 2360//1850
f 2360//1851 2438//1851 2439//1851
f 2360//1852 2439//1852 2361//1852
f 2361//1853 2439//1853 2440//1853
f 2361//1854 2440//1854 2362//1854
f 2362//1855 2440//1855 2441//1855
f 2362//1856 2441//1856 2363//1856
f 2363//1857 2441//1857 2442//1857
f 2363//1858 2442//1858 2364//1858
f 2364//1859 2442//1859 2443//1859
f 2364//1860 2443//1860 2353//1860
f 2353//1861 2443//1861 2444//1861
f 2353//1862 2444//1862 2354//1862
f 2354//1863 2444//1863 2445//1863
f 2354//1864 2445//1864 2355//1864
f 2355//1865 2445//1865 2446//1865
f 2355//1866 2446//1866 2356//1866
f 2356//1867 2446//1867 2414//1867
f 2409//1720 2447//1720 2410//1720
f 2410//1719 2447//1719 2448//1719
f 2410//1718 2448//1718 2411//1718
f 2411//1717 2448//1717 2449//1717
f 2411//1716 2449//1716 2412//1716
f 2412//1868 2449//1868 2450//1868
f 2412//1869 2450//1869 2413//1869
f 2413//1713 2450//1713 2451//1713
f 2413//1870 2451//1870 2394//1870
f 2394//1711 2451//1711 2452//1711
f 2394//1871 2452//1871 2395//1871
f 2395//1709 2452//1709 2453//1709
f 2395//1708 2453//1708 2396//1708
f 2396//1707 2453//1707 2454//1707
f 2396//1706 2454//1706 2397//1706
f 2397//1872 2454//1872 2455//1872
f 2397//1704 2455//1704 2398//1704
f 2398//1703 2455//1703 2456//1703
f 2398//1702 2456//1702 2399//1702
f 2399//1873 2456//1873 2457//1873
f 2399//1874 2457//1874 2400//1874
f 2400//1699 2457//1699 2458//1699
f 2400//1875 2458//1875 2401//1875
f 2401//1697 2458//1697 2459//1697
f 2401//1876 2459//1876 2402//1876
f 2402//1695 2459//1695 2460//1695
f 2402//1750 2460//1750 2403//1750
f 2403//1749 2460//1749 2461//1749
f 2403//1748 2461//1748 2386//1748
f 2386//1747 2461//1747 2462//1747
f 2386//1746 2462//1746 2387//1746
f 2387//1745 2462//1745 2463//1745
f 2387//1744 2463//1744 2388//1744
f 2388//1877 2463//1877 2464//1877
f 2388//1878 2464//1878 2389//1878
f 2389//1741 2464//1741 2465//1741
f 2389//1879 2465//1879 2390//1879
f 2390//1739 2465//1739 2466//1739
f 2390//1880 2466//1880 2391//1880
f 2391//1737 2466//1737 2467//1737
f 2391//1736 2467//1736 2392//1736
f 2392//1735 2467//1735 2468//1735
f 2392//1734 2468//1734 2393//1734
f 2393//1881 2468//1881 2469//1881
f 2393//1732 2469//1732 2404//1732
f 2404//1731 2469//1731 2470//1731
f 2404//1730 2470//1730 2405//1730
f 2405//1882 2470//1882 2471//1882
f 2405//1883 2471//1883 2406//1883
f 2406//1727 2471//1727 2472//1727
f 2406//1884 2472//1884 2407//1884
f 2407//1725 2472//1725 2473//1725
f 2407//1885 2473//1885 2408//1885
f 2408//1723 2473//1723 2474//1723
f 2408//1722 2474//1722 2409//1722
f 2409//1721 2474//1721 2447//1721
f 2443//1694 2475//1694 2444//1694
f 2444//1694 2475//1694 2476//1694
f 2444//1694 2476//1694 2445//1694
f 2445//1694 2476//1694 2477//1694
f 2445//1694 2477//1694 2446//1694
f 2446//1694 2477//1694 2478//1694
f 2446//1694 2478//1694 2414//1694
f 2414//1694 2478//1694 2479//1694
f 2414//1694 2479//1694 2415//1694
f 2415//1694 2479//1694 2480//1694
f 2415//1694 2480//1694 2416//1694
f 2416//1694 2480//1694 2481//1694
f 2416//1694 2481//1694 2417//1694
f 2481//1694 2482//1694 2417//1694
f 2417//1694 2482//1694 2483//1694
f 2417//1694 2483//1694 2418//1694
f 2418//1694 2483//1694 2484//1694
f 2418//1694 2484//1694 2419//1694
f 2419//1694 2484//1694 2485//1694
f 2419//1694 2485//1694 2420//1694
f 2420//1694 2485//1694 2486//1694
f 2420//1694 2486//1694 2421//1694
f 2421//1694 2486//1694 2487//1694
f 2421//1694 2487//1694 2422//1694
f 2422//1694 2487//1694 2488//1694
f 2422//1694 2488//1694 2423//1694
f 2437//1694 2489//1694 2438//1694
f 2438//1694 2489//1694 2490//1694
f 2438//1694 2490//1694 2439//1694
f 2439//1694 2490//1694 2491//1694
f 2439//1694 2491//1694 2440//1694
f 2440//1694 2491//1694 2492//1694
f 2440//1694 2492//1694 2441//1694
f 2441//1694 2492//1694 2493//1694
f 2441//1694 2493//1694 2442//1694
f 2442//1694 2493//1694 2494//1694
f 2442//1694 2494//1694 2443//1694
f 2443//1694 2494//1694 2495//1694
f 2443//1694 2495//1694 2475//1694
f 2430//1694 2496//1694 2431//1694
f 2431//1694 2496//1694 2497//1694
f 2431//1694 2497//1694 2432//1694
f 2432//1694 2497//1694 2498//1694
f 2432//1694 2498//1694 2433//1694
f 2433//1694 2498//1694 2499//1694
f 2433//1694 2499//1694 2434//1694
f 2434//1694 2499//1694 2500//1694
f 2434//1694 2500//1694 2435//1694
f 2435//1694 2500//1694 2501//1694
f 2435//1694 2501//1694 2436//1694
f 2436//1694 2501//1694 2502//1694
f 2436//1694 2502//1694 2437//1694
f 2437//1694 2502//1694 2503//1694
f 2437//1694 2503//1694 2489//1694
f 2488//1694 2504//1694 2423//1694
f 2423//1694 2504//1694 2505//1694
f 2423//1694 2505//1694 2424//1694
f 2424//1694 2505//1694 2506//1694
f 2424//1694 2506//1694 2425//1694
f 2425//1694 2506//1694 2507//1694
f 2425//1694 2507//1694 2426//1694
f 2426//1694 2507//1694 2508//1694
f 2426//1694 2508//1694 2427//1694
f 2427//1694 2508//1694 2509//1694
f 2427//1694 2509//1694 2428//1694
f 2428//1694 2509//1694 2510//1694
f 2428//1694 2510//1694 2429//1694
f 2429//1694 2510//1694 2511//1694
f 2429//1694 2511//1694 2430//1694
f 2430//1694 2511//1694 2512//1694
f 2430//1694 2512//1694 2496//1694
f 2471//1801 2513//1801 2472//1801
f 2472//1801 2513//1801 2514//1801
f 2472//1801 2514//1801 2473//1801
f 2473//1801 2514//1801 2515//1801
f 2473//1801 2515//1801 2474//1801
f 2474//1801 2515//1801 2516//1801
f 2474//1801 2516//1801 2447//1801
f 2447//1801 2516//1801 2517//1801
f 2447//1801 2517//1801 2448//1801
f 2465//1801 2518//1801 2466//1801
f 2466//1801 2518//1801 2519//1801
f 2466//1801 2519//1801 2467//1801
f 2467//1801 2519//1801 2520//1801
f 2467//1801 2520//1801 2468//1801
f 2468//1801 2520//1801 2521//1801
f 2468//1801 2521//1801 2469//1801
f 2469//1801 2521//1801 2522//1801
f 2469//1801 2522//1801 2470//1801
f 2470//1801 2522//1801 2523//1801
f 2470//1801 2523//1801 2471//1801
f 2471//1801 2523//1801 2524//1801
f 2471//1801 2524//1801 2513//1801
f 2517//1801 2525//1801 2448//1801
f 2448//1801 2525//1801 2526//1801
f 2448//1801 2526//1801 2449//1801
f 2449//1801 2526//1801 2527//1801
f 2449//1801 2527//1801 2450//1801
f 2450//1801 2527//1801 2528//1801
f 2450//1801 2528//1801 2451//1801
f 2451//1801 2528//1801 2529//1801
f 2451//1801 2529//1801 2452//1801
f 2452//1801 2529//1801 2530//1801
f 2452//1801 2530//1801 2453//1801
f 2453//1801 2530//1801 2531//1801
f 2453//1801 2531//1801 2454//1801
f 2459//1801 2532//1801 2460//1801
f 2460//1801 2532//1801 2533//1801
f 2460//1801 2533//1801 2461//1801
f 2461//1801 2533//1801 2534//1801
f 2461//1801 2534//1801 2462//1801
f 2462//1801 2534//1801 2535//1801
f 2462//1801 2535//1801 2463//1801
f 2463//1801 2535//1801 2536//1801
f 2463//1801 2536//1801 2464//1801
f 2464//1801 2536//1801 2537//1801
f 2464//1801 2537//1801 2465//1801
f 2465//1801 2537//1801 2538//1801
f 2465//1801 2538//1801 2518//1801
f 2531//1801 2539//1801 2454//1801
f 2454//1801 2539//1801 2540//1801
f 2454//1801 2540//1801 2455//1801
f 2455//1801 2540//1801 2541//1801
f 2455//1801 2541//1801 2456//1801
f 2456//1801 2541//1801 2542//1801
f 2456//1801 2542//1801 2457//1801
f 2457//1801 2542//1801 2543//1801
f 2457//1801 2543//1801 2458//1801
f 2458//1801 2543//1801 2544//1801
f 2458//1801 2544//1801 2459//1801
f 2459//1801 2544//1801 2545//1801
f 2459//1801 2545//1801 2532//1801
f 2546//1886 2512//1886 2547//1886
f 2547//1887 2512//1887 2511//1887
f 2547//1888 2511//1888 2548//1888
f 2548//1889 2511//1889 2510//1889
f 2548//1890 2510//1890 2549//1890
f 2549//1891 2510//1891 2509//1891
f 2549//1892 2509//1892 2550//1892
f 2550//1893 2509//1893 2508//1893
f 2550//1894 2508//1894 2551//1894
f 2551//1895 2508//1895 2507//1895
f 2551//1896 2507//1896 2552//1896
f 2552//1897 2507//1897 2506//1897
f 2552//1898 2506//1898 2553//1898
f 2553//1899 2506//1899 2505//1899
f 2553//1900 2505//1900 2554//1900
f 2554//1901 2505//1901 2504//1901
f 2554//1902 2504//1902 2555//1902
f 2555//1903 2504//1903 2488//1903
f 2555//1904 2488//1904 2556//1904
f 2556//1905 2488//1905 2487//1905
f 2556//1906 2487//1906 2557//1906
f 2557//1907 2487//1907 2486//1907
f 2557//1908 2486//1908 2558//1908
f 2558//1909 2486//1909 2485//1909
f 2558//1910 2485//1910 2559//1910
f 2559//1911 2485//1911 2484//1911
f 2559//1912 2484//1912 2560//1912
f 2560//1913 2484//1913 2483//1913
f 2560//1914 2483//1914 2561//1914
f 2561//1915 2483//1915 2482//1915
f 2561//1916 2482//1916 2562//1916
f 2562//1917 2482//1917 2481//1917
f 2562//1918 2481//1918 2563//1918
f 2563//1919 2481//1919 2480//1919
f 2563//1920 2480//1920 2564//1920
f 2564//1921 2480//1921 2479//1921
f 2564//1922 2479//1922 2565//1922
f 2565//1923 2479//1923 2478//1923
f 2565//1924 2478//1924 2566//1924
f 2566//1925 2478//1925 2477//1925
f 2566//1926 2477//1926 2567//1926
f 2567//1927 2477//1927 2476//1927
f 2567//1928 2476//1928 2568//1928
f 2568//1929 2476//1929 2475//1929
f 2568//1930 2475//1930 2569//1930
f 2569//1931 2475//1931 2495//1931
f 2569//1932 2495//1932 2570//1932
f 2570//1933 2495//1933 2494//1933
f 2570//1934 2494//1934 2571//1934
f 2571//1935 2494//1935 2493//1935
f 2571//1936 2493//1936 2572//1936
f 2572//1937 2493//1937 2492//1937
f 2572//1938 2492//1938 2573//1938
f 2573//1939 2492//1939 2491//1939
f 2573//1940 2491//1940 2574//1940
f 2574//1941 2491//1941 2490//1941
f 2574//1942 2490//1942 2575//1942
f 2575//1943 2490//1943 2489//1943
f 2575//1944 2489//1944 2576//1944
f 2576//1945 2489//1945 2503//1945
f 2576//1946 2503//1946 2577//1946
f 2577//1947 2503//1947 2502//1947
f 2577//1948 2502//1948 2578//1948
f 2578//1949 2502//1949 2501//1949
f 2578//1950 2501//1950 2579//1950
f 2579//1951 2501//1951 2500//1951
f 2579//1952 2500//1952 2580//1952
f 2580//1953 2500//1953 2499//1953
f 2580//1954 2499//1954 2581//1954
f 2581//1955 2499//1955 2498//1955
f 2581//1956 2498//1956 2582//1956
f 2582//1957 2498//1957 2497//1957
f 2582//1958 2497//1958 2583//1958
f 2583//1959 2497//1959 2496//1959
f 2583//1960 2496//1960 2546//1960
f 2546//1961 2496//1961 2512//1961
f 2516//1962 2584//1962 2517//1962
f 2517//1963 2584//1963 2585//1963
f 2517//1964 2585//1964 2525//1964
f 2525//1965 2585//1965 2586//1965
f 2525//1966 2586//1966 2526//1966
f 2526//1967 2586//1967 2587//1967
f 2526//1968 2587//1968 2527//1968
f 2527//1969 2587//1969 2588//1969
f 2527//1970 2588//1970 2528//1970
f 2528//1971 2588//1971 2589//1971
f 2528//1972 2589//1972 2529//1972
f 2529//1973 2589//1973 2590//1973
f 2529//1974 2590//1974 2530//1974
f 2530//1975 2590//1975 2591//1975
f 2530//1976 2591//1976 2531//1976
f 2531//1977 2591//1977 2592//1977
f 2531//1978 2592//1978 2539//1978
f 2539//1979 2592//1979 2593//1979
f 2539//1980 2593//1980 2540//1980
f 2540//1981 2593//1981 2594//1981
f 2540//1982 2594//1982 2541//1982
f 2541//1983 2594//1983 2595//1983
f 2541//1984 2595//1984 2542//1984
f 2542//1985 2595//1985 2596//1985
f 2542//1986 2596//1986 2543//1986
f 2543//1987 2596//1987 2597//1987
f 2543//1988 2597//1988 2544//1988
f 2544//1989 2597//1989 2598//1989
f 2544//1990 2598//1990 2545//1990
f 2545//1991 2598//1991 2599//1991
f 2545//1992 2599//1992 2532//1992
f 2532//1993 2599//1993 2600//1993
f 2532//1994 2600//1994 2533//1994
f 2533//1995 2600//1995 2601//1995
f 2533//1996 2601//1996 2534//1996
f 2534//1997 2601//1997 2602//1997
f 2534//1998 2602//1998 2535//1998
f 2535//1999 2602//1999 2603//1999
f 2535//2000 2603//2000 2536//2000
f 2536//2001 2603//2001 2604//2001
f 2536//2002 2604//2002 2537//2002
f 2537//2003 2604//2003 2605//2003
f 2537//2004 2605//2004 2538//2004
f 2538//2005 2605//2005 2606//2005
f 2538//2006 2606//2006 2518//2006
f 2518//2007 2606//2007 2607//2007
f 2518//2008 2607//2008 2519//2008
f 2519//2009 2607//2009 2608//2009
f 2519//2010 2608//2010 2520//2010
f 2520//2011 2608//2011 2609//2011
f 2520//2012 2609//2012 2521//2012
f 2521//2013 2609//2013 2610//2013
f 2521//2014 2610//2014 2522//2014
f 2522//2015 2610//2015 2611//2015
f 2522//2016 2611//2016 2523//2016
f 2523//2017 2611//2017 2612//2017
f 2523//2018 2612//2018 2524//2018
f 2524//2019 2612//2019 2613//2019
f 2524//2020 2613//2020 2513//2020
f 2513//2021 2613//2021 2614//2021
f 2513//2022 2614//2022 2514//2022
f 2514//2023 2614//2023 2615//2023
f 2514//2024 2615//2024 2515//2024
f 2515//2025 2615//2025 2616//2025
f 2515//2026 2616//2026 2516//2026
f 2516//2027 2616//2027 2584//2027
f 2617//1801 2556//1801 2618//1801
f 2618//1801 2556//1801 2557//1801
f 2618//1801 2557//1801 2619//1801
f 2619//1801 2557//1801 2558//1801
f 2619//1801 2558//1801 2620//1801
f 2620//1801 2558//1801 2559//1801
f 2620//1801 2559//1801 2621//1801
f 2621//1801 2559//1801 2560//1801
f 2621//1801 2560//1801 2622//1801
f 2622//1801 2560//1801 2561//1801
f 2622//1801 2561//1801 2623//1801
f 2623//1801 2561//1801 2562//1801
f 2623//1801 2562//1801 2624//1801
f 2624//1801 2562//1801 2563//1801
f 2624//1801 2563//1801 2625//1801
f 2625//1801 2563//1801 2564//1801
f 2625//1801 2564//1801 2626//1801
f 2626//1801 2564//1801 2565//1801
f 2626//1801 2565//1801 2627//1801
f 2627//1801 2565//1801 2566//1801
f 2627//1801 2566//1801 2628//1801
f 2628//1801 2566//1801 2567//1801
f 2628//1801 2567//1801 2629//1801
f 2629//1801 2567//1801 2568//1801
f 2629//1801 2568//1801 2630//1801
f 2630//1801 2568//1801 2569//1801
f 2630//1801 2569//1801 2631//1801
f 2631//1801 2569//1801 2570//1801
f 2631//1801 2570//1801 2632//1801
f 2632//1801 2570//1801 2571//1801
f 2632//1801 2571//1801 2633//1801
f 2633//1801 2571//1801 2572//1801
f 2633//1801 2572//1801 2634//1801
f 2634//1801 2572//1801 2573//1801
f 2634//1801 2573//1801 2635//1801
f 2573//1801 2574//1801 2635//1801
f 2635//1801 2574//1801 2575//1801
f 2635//1801 2575//1801 2636//1801
f 2636//1801 2575//1801 2576//1801
f 2636//1801 2576//1801 2637//1801
f 2637//1801 2576//1801 2577//1801
f 2637//1801 2577//1801 2638//1801
f 2638//1801 2577//1801 2578//1801
f 2638//1801 2578//1801 2639//1801
f 2639//1801 2578//1801 2579//1801
f 2639//1801 2579//1801 2640//1801
f 2640//1801 2579//1801 2580//1801
f 2640//1801 2580//1801 2641//1801
f 2641//1801 2580//1801 2581//1801
f 2641//1801 2581//1801 2642//1801
f 2642//1801 2581//1801 2582//1801
f 2642//1801 2582//1801 2643//1801
f 2643//1801 2582//1801 2583//1801
f 2643//1801 2583//1801 2644//1801
f 2644//1801 2583//1801 2546//1801
f 2644//1801 2546//1801 2645//1801
f 2645//1801 2546//1801 2547//1801
f 2645//1801 2547//1801 2646//1801
f 2646//1801 2547//1801 2548//1801
f 2646//1801 2548//1801 2647//1801
f 2647//1801 2548//1801 2549//1801
f 2647//1801 2549//1801 2648//1801
f 2648//1801 2549//1801 2550//1801
f 2648//1801 2550//1801 2649//1801
f 2649//1801 2550//1801 2551//1801
f 2649//1801 2551//1801 2650//1801
f 2650//1801 2551//1801 2552//1801
f 2650//1801 2552//1801 2651//1801
f 2651//1801 2552//1801 2553//1801
f 2651//1801 2553//1801 2652//1801
f 2652//1801 2553//1801 2554//1801
f 2652//1801 2554//1801 2617//1801
f 2617//1801 2554//1801 2555//1801
f 2617//1801 2555//1801 2556//1801
f 2612//1801 2653//1801 2613//1801
f 2613//1801 2653//1801 2654//1801
f 2613//1801 2654//1801 2614//1801
f 2614//1801 2654//1801 2655//1801
f 2614//1801 2655//1801 2615//1801
f 2615//1801 2655//1801 2656//1801
f 2615//1801 2656//1801 2616//1801
f 2616//1801 2656//1801 2657//1801
f 2616//1801 2657//1801 2584//1801
f 2584//1801 2657//1801 2658//1801
f 2584//1801 2658//1801 2585//1801
f 2585//1801 2658//1801 2659//1801
f 2585//1801 2659//1801 2586//1801
f 2586//1801 2659//1801 2660//1801
f 2586//1801 2660//1801 2587//1801
f 2587//1801 2660//1801 2661//1801
f 2587//1801 2661//1801 2588//1801
f 2588//1801 2661//1801 2662//1801
f 2588//1801 2662//1801 2589//1801
f 2589//1801 2662//1801 2663//1801
f 2589//1801 2663//1801 2590//1801
f 2601//1801 2664//1801 2602//1801
f 2602//1801 2664//1801 2665//1801
f 2602//1801 2665//1801 2603//1801
f 2603//1801 2665//1801 2666//1801
f 2603//1801 2666//1801 2604//1801
f 2604//1801 2666//1801 2667//1801
f 2604//1801 2667//1801 2605//1801
f 2605//1801 2667//1801 2668//1801
f 2605//1801 2668//1801 2606//1801
f 2606//1801 2668//1801 2669//1801
f 2606//1801 2669//1801 2607//1801
f 2607//1801 2669//1801 2670//1801
f 2607//1801 2670//1801 2608//1801
f 2608//1801 2670//1801 2671//1801
f 2608//1801 2671//1801 2609//1801
f 2609//1801 2671//1801 2672//1801
f 2609//1801 2672//1801 2610//1801
f 2610//1801 2672//1801 2673//1801
f 2610//1801 2673//1801 2611//1801
f 2611//1801 2673//1801 2674//1801
f 2611//1801 2674//1801 2612//1801
f 2612//1801 2674//1801 2675//1801
f 2612//1801 2675//1801 2653//1801
f 2663//1801 2676//1801 2590//1801
f 2590//1801 2676//1801 2677//1801
f 2590//1801 2677//1801 2591//1801
f 2591//1801 2677//1801 2678//1801
f 2591//1801 2678//1801 2592//1801
f 2592//1801 2678//1801 2679//1801
f 2592//1801 2679//1801 2593//1801
f 2593//1801 2679//1801 2680//1801
f 2593//1801 2680//1801 2594//1801
f 2594//1801 2680//1801 2681//1801
f 2594//1801 2681//1801 2595//1801
f 2595//1801 2681//1801 2682//1801
f 2595//1801 2682//1801 2596//1801
f 2596//1801 2682//1801 2683//1801
f 2596//1801 2683//1801 2597//1801
f 2597//1801 2683//1801 2684//1801
f 2597//1801 2684//1801 2598//1801
f 2598//1801 2684//1801 2685//1801
f 2598//1801 2685//1801 2599//1801
f 2599//1801 2685//1801 2686//1801
f 2599//1801 2686//1801 2600//1801
f 2600//1801 2686//1801 2687//1801
f 2600//1801 2687//1801 2601//1801
f 2601//1801 2687//1801 2688//1801
f 2601//1801 2688//1801 2664//1801
f 2658//2028 2645//2028 2659//2028
f 2659//2029 2645//2029 2646//2029
f 2659//2030 2646//2030 2660//2030
f 2660//2031 2646//2031 2647//2031
f 2660//2032 2647//2032 2661//2032
f 2661//2033 2647//2033 2648//2033
f 2661//2034 2648//2034 2662//2034
f 2662//2035 2648//2035 2649//2035
f 2662//2036 2649//2036 2663//2036
f 2663//2037 2649//2037 2650//2037
f 2663//2038 2650//2038 2676//2038
f 2676//2039 2650//2039 2651//2039
f 2676//2040 2651//2040 2677//2040
f 2677//2041 2651//2041 2652//2041
f 2677//2042 2652//2042 2678//2042
f 2678//2043 2652//2043 2617//2043
f 2678//2044 2617//2044 2679//2044
f 2679//2045 2617//2045 2618//2045
f 2679//2046 2618//2046 2680//2046
f 2680//2047 2618//2047 2619//2047
f 2680//2048 2619//2048 2681//2048
f 2681//2049 2619//2049 2620//2049
f 2681//2050 2620//2050 2682//2050
f 2682//2051 2620//2051 2621//2051
f 2682//2052 2621//2052 2683//2052
f 2683//2053 2621//2053 2622//2053
f 2683//2054 2622//2054 2684//2054
f 2684//2055 2622//2055 2623//2055
f 2684//2056 2623//2056 2685//2056
f 2685//2057 2623//2057 2624//2057
f 2685//2058 2624//2058 2686//2058
f 2686//2059 2624//2059 2625//2059
f 2686//2060 2625//2060 2687//2060
f 2687//2061 2625//2061 2626//2061
f 2687//2062 2626//2062 2688//2062
f 2688//2063 2626//2063 2627//2063
f 2688//2064 2627//2064 2664//2064
f 2664//2065 2627//2065 2628//2065
f 2664//2066 2628//2066 2665//2066
f 2665//2067 2628//2067 2629//2067
f 2665//2068 2629//2068 2666//2068
f 2666//2069 2629//2069 2630//2069
f 2666//2070 2630//2070 2667//2070
f 2667//2071 2630//2071 2631//2071
f 2667//2072 2631//2072 2668//2072
f 2668//2073 2631//2073 2632//2073
f 2668//2074 2632//2074 2669//2074
f 2669//2075 2632//2075 2633//2075
f 2669//2076 2633//2076 2670//2076
f 2670//2077 2633//2077 2634//2077
f 2670//2078 2634//2078 2671//2078
f 2671//2079 2634//2079 2635//2079
f 2671//2080 2635//2080 2672//2080
f 2672//2081 2635//2081 2636//2081
f 2672//2082 2636//2082 2673//2082
f 2673//2083 2636//2083 2637//2083
f 2673//2084 2637//2084 2674//2084
f 2674//2085 2637//2085 2638//2085
f 2674//2086 2638//2086 2675//2086
f 2675//2087 2638//2087 2639//2087
f 2675//2088 2639//2088 2653//2088
f 2653//2089 2639//2089 2640//2089
f 2653//2090 2640//2090 2654//2090
f 2654//2091 2640//2091 2641//2091
f 2654//2092 2641//2092 2655//2092
f 2655//2093 2641//2093 2642//2093
f 2655//2094 2642//2094 2656//2094
f 2656//2095 2642//2095 2643//2095
f 2656//2096 2643//2096 2657//2096
f 2657//2097 2643//2097 2644//2097
f 2657//2098 2644//2098 2658//2098
f 2658//2099 2644//2099 2645//2099
f 2689//2100 2690//2100 2691//2100
f 2691//2100 2690//2100 2692//2100
f 2691//2100 2692//2100 2693//2100
f 2693//2100 2692//2100 2694//2100
f 2693//2100 2694//2100 2695//2100
f 2695//2100 2694//2100 2696//2100
f 2695//2100 2696//2100 2697//2100
f 2697//2100 2696//2100 2698//2100
f 2697//2100 2698//2100 2699//2100
f 2699//2100 2698//2100 2700//2100
f 2699//2100 2700//2100 2701//2100
f 2701//2100 2700//2100 2702//2100
f 2701//2100 2702//2100 2703//2100
f 2703//2100 2702//2100 2704//2100
f 2703//2100 2704//2100 2705//2100
f 2706//2100 2707//2100 2708//2100
f 2708//2100 2707//2100 2709//2100
f 2708//2100 2709//2100 2710//2100
f 2710//2100 2709//2100 2711//2100
f 2710//2100 2711//2100 2712//2100
f 2712//2100 2711//2100 2713//2100
f 2712//2100 2713//2100 2714//2100
f 2714//2100 2713//2100 2715//2100
f 2714//2100 2715//2100 2716//2100
f 2716//2100 2715//2100 2717//2100
f 2716//2100 2717//2100 2718//2100
f 2718//2100 2717//2100 2719//2100
f 2718//2100 2719//2100 2720//2100
f 2720//2100 2719//2100 2721//2100
f 2720//2100 2721//2100 2689//2100
f 2689//2100 2721//2100 2722//2100
f 2689//2100 2722//2100 2690//2100
f 2704//2100 2723//2100 2705//2100
f 2705//2100 2723//2100 2724//2100
f 2705//2100 2724//2100 2725//2100
f 2725//2100 2724//2100 2726//2100
f 2725//2100 2726//2100 2727//2100
f 2727//2100 2726//2100 2728//2100
f 2727//2100 2728//2100 2729//2100
f 2729//2100 2728//2100 2730//2100
f 2729//2100 2730//2100 2731//2100
f 2731//2100 2730//2100 2732//2100
f 2731//2100 2732//2100 2733//2100
f 2733//2100 2732//2100 2734//2100
f 2733//2100 2734//2100 2735//2100
f 2735//2100 2734//2100 2736//2100
f 2735//2100 2736//2100 2737//2100
f 2737//2100 2736//2100 2738//2100
f 2737//2100 2738//2100 2739//2100
f 2739//2100 2738//2100 2740//2100
f 2739//2100 2740//2100 2706//2100
f 2706//2100 2740//2100 2741//2100
f 2706//2100 2741//2100 2707//2100
f 2724//2101 2742//2101 2726//2101
f 2726//2102 2742//2102 2743//2102
f 2726//2103 2743//2103 2728//2103
f 2728//2104 2743//2104 2744//2104
f 2728//2105 2744//2105 2730//2105
f 2730//2106 2744//2106 2745//2106
f 2730//2107 2745//2107 2732//2107
f 2732//2108 2745//2108 2746//2108
f 2732//2109 2746//2109 2734//2109
f 2734//2110 2746//2110 2747//2110
f 2734//2111 2747//2111 2736//2111
f 2736//2112 2747//2112 2748//2112
f 2736//2113 2748//2113 2738//2113
f 2738//2114 2748//2114 2749//2114
f 2738//2115 2749//2115 2740//2115
f 2740//2116 2749//2116 2750//2116
f 2740//2117 2750//2117 2741//2117
f 2741//2118 2750//2118 2751//2118
f 2741//2119 2751//2119 2707//2119
f 2707//2120 2751//2120 2752//2120
f 2707//2121 2752//2121 2709//2121
f 2709//2122 2752//2122 2753//2122
f 2709//2123 2753//2123 2711//2123
f 2711//2124 2753//2124 2754//2124
f 2711//2125 2754//2125 2713//2125
f 2713//2126 2754//2126 2755//2126
f 2713//2127 2755//2127 2715//2127
f 2715//2128 2755//2128 2756//2128
f 2715//2129 2756//2129 2717//2129
f 2717//2130 2756//2130 2757//2130
f 2717//2131 2757//2131 2719//2131
f 2719//2132 2757//2132 2758//2132
f 2719//2133 2758//2133 2721//2133
f 2721//2134 2758//2134 2759//2134
f 2721//2135 2759//2135 2722//2135
f 2722//2136 2759//2136 2760//2136
f 2722//2137 2760//2137 2690//2137
f 2690//2138 2760//2138 2761//2138
f 2690//2139 2761//2139 2692//2139
f 2692//2140 2761//2140 2762//2140
f 2692//2141 2762//2141 2694//2141
f 2694//2142 2762//2142 2763//2142
f 2694//2143 2763//2143 2696//2143
f 2696//2144 2763//2144 2764//2144
f 2696//2145 2764//2145 2698//2145
f 2698//2146 2764//2146 2765//2146
f 2698//2147 2765//2147 2700//2147
f 2700//2148 2765//2148 2766//2148
f 2700//2149 2766//2149 2702//2149
f 2702//2150 2766//2150 2767//2150
f 2702//2151 2767//2151 2704//2151
f 2704//2152 2767//2152 2768//2152
f 2704//2153 2768//2153 2723//2153
f 2723//2154 2768//2154 2769//2154
f 2723//2155 2769//2155 2724//2155
f 2724//2156 2769//2156 2742//2156
f 2714//2157 2770//2157 2712//2157
f 2712//2158 2770//2158 2771//2158
f 2712//2159 2771//2159 2710//2159
f 2710//2160 2771//2160 2772//2160
f 2710//2161 2772//2161 2708//2161
f 2708//2162 2772//2162 2773//2162
f 2708//2163 2773//2163 2706//2163
f 2706//2164 2773//2164 2774//2164
f 2706//2165 2774//2165 2739//2165
f 2739//2166 2774//2166 2775//2166
f 2739//2167 2775//2167 2737//2167
f 2737//2168 2775//2168 2776//2168
f 2737//2169 2776//2169 2735//2169
f 2735//2170 2776//2170 2777//2170
f 2735//2171 2777//2171 2733//2171
f 2733//2172 2777//2172 2778//2172
f 2733//2173 2778//2173 2731//2173
f 2731//2174 2778//2174 2779//2174
f 2731//2175 2779//2175 2729//2175
f 2729//2176 2779//2176 2780//2176
f 2729//2177 2780//2177 2727//2177
f 2727//2178 2780//2178 2781//2178
f 2727//2179 2781//2179 2725//2179
f 2725//2180 2781//2180 2782//2180
f 2725//2181 2782//2181 2705//2181
f 2705//2182 2782//2182 2783//2182
f 2705//2183 2783//2183 2703//2183
f 2703//2184 2783//2184 2784//2184
f 2703//2185 2784//2185 2701//2185
f 2701//2186 2784//2186 2785//2186
f 2701//2187 2785//2187 2699//2187
f 2699//2188 2785//2188 2786//2188
f 2699//2189 2786//2189 2697//2189
f 2697//2190 2786//2190 2787//2190
f 2697//2191 2787//2191 2695//2191
f 2695//2192 2787//2192 2788//2192
f 2695//2193 2788//2193 2693//2193
f 2693//2194 2788//2194 2789//2194
f 2693//2195 2789//2195 2691//2195
f 2691//2196 2789//2196 2790//2196
f 2691//2197 2790//2197 2689//2197
f 2689//2198 2790//2198 2791//2198
f 2689//2199 2791//2199 2720//2199
f 2720//2200 2791//2200 2792//2200
f 2720//2201 2792//2201 2718//2201
f 2718//2202 2792//2202 2793//2202
f 2718//2203 2793//2203 2716//2203
f 2716//2204 2793//2204 2794//2204
f 2716//2205 2794//2205 2714//2205
f 2714//2206 2794//2206 2770//2206
f 2766//2100 2795//2100 2767//2100
f 2767//2100 2795//2100 2796//2100
f 2767//2100 2796//2100 2768//2100
f 2768//2100 2796//2100 2797//2100
f 2768//2100 2797//2100 2769//2100
f 2769//2100 2797//2100 2798//2100
f 2769//2100 2798//2100 2742//2100
f 2742//2100 2798//2100 2799//2100
f 2742//2100 2799//2100 2743//2100
f 2760//2100 2800//2100 2761//2100
f 2761//2100 2800//2100 2801//2100
f 2761//2100 2801//2100 2762//2100
f 2762//2100 2801//2100 2802//2100
f 2762//2100 2802//2100 2763//2100
f 2763//2100 2802//2100 2803//2100
f 2763//2100 2803//2100 2764//2100
f 2764//2100 2803//2100 2804//2100
f 2764//2100 2804//2100 2765//2100
f 2765//2100 2804//2100 2805//2100
f 2765//2100 2805//2100 2766//2100
f 2766//2100 2805//2100 2806//2100
f 2766//2100 2806//2100 2795//2100
f 2799//2100 2807//2100 2743//2100
f 2743//2100 2807//2100 2808//2100
f 2743//2100 2808//2100 2744//2100
f 2744//2100 2808//2100 2809//2100
f 2744//2100 2809//2100 2745//2100
f 2745//2100 2809//2100 2810//2100
f 2745//2100 2810//2100 2746//2100
f 2746//2100 2810//2100 2811//2100
f 2746//2100 2811//2100 2747//2100
f 2747//2100 2811//2100 2812//2100
f 2747//2100 2812//2100 2748//2100
f 2748//2100 2812//2100 2813//2100
f 2748//2100 2813//2100 2749//2100
f 2754//2100 2814//2100 2755//2100
f 2755//2100 2814//2100 2815//2100
f 2755//2100 2815//2100 2756//2100
f 2756//2100 2815//2100 2816//2100
f 2756//2100 2816//2100 2757//2100
f 2757//2100 2816//2100 2817//2100
f 2757//2100 2817//2100 2758//2100
f 2758//2100 2817//2100 2818//2100
f 2758//2100 2818//2100 2759//2100
f 2759//2100 2818//2100 2819//2100
f 2759//2100 2819//2100 2760//2100
f 2760//2100 2819//2100 2820//2100
f 2760//2100 2820//2100 2800//2100
f 2813//2100 2821//2100 2749//2100
f 2749//2100 2821//2100 2822//2100
f 2749//2100 2822//2100 2750//2100
f 2750//2100 2822//2100 2823//2100
f 2750//2100 2823//2100 2751//2100
f 2751//2100 2823//2100 2824//2100
f 2751//2100 2824//2100 2752//2100
f 2752//2100 2824//2100 2825//2100
f 2752//2100 2825//2100 2753//2100
f 2753//2100 2825//2100 2826//2100
f 2753//2100 2826//2100 2754//2100
f 2754//2100 2826//2100 2827//2100
f 2754//2100 2827//2100 2814//2100
f 2783//2207 2828//2207 2784//2207
f 2784//2207 2828//2207 2829//2207
f 2784//2207 2829//2207 2785//2207
f 2785//2207 2829//2207 2830//2207
f 2785//2207 2830//2207 2786//2207
f 2786//2207 2830//2207 2831//2207
f 2786//2207 2831//2207 2787//2207
f 2787//2207 2831//2207 2832//2207
f 2787//2207 2832//2207 2788//2207
f 2788//2207 2832//2207 2833//2207
f 2788//2207 2833//2207 2789//2207
f 2789//2207 2833//2207 2834//2207
f 2789//2207 2834//2207 2790//2207
f 2790//2207 2834//2207 2835//2207
f 2790//2207 2835//2207 2791//2207
f 2774//2207 2836//2207 2775//2207
f 2775//2207 2836//2207 2837//2207
f 2775//2207 2837//2207 2776//2207
f 2776//2207 2837//2207 2838//2207
f 2776//2207 2838//2207 2777//2207
f 2777//2207 2838//2207 2839//2207
f 2777//2207 2839//2207 2778//2207
f 2778//2207 2839//2207 2840//2207
f 2778//2207 2840//2207 2779//2207
f 2779//2207 2840//2207 2841//2207
f 2779//2207 2841//2207 2780//2207
f 2780//2207 2841//2207 2842//2207
f 2780//2207 2842//2207 2781//2207
f 2781//2207 2842//2207 2843//2207
f 2781//2207 2843//2207 2782//2207
f 2782//2207 2843//2207 2844//2207
f 2782//2207 2844//2207 2783//2207
f 2783//2207 2844//2207 2845//2207
f 2783//2207 2845//2207 2828//2207
f 2835//2207 2846//2207 2791//2207
f 2791//2207 2846//2207 2847//2207
f 2791//2207 2847//2207 2792//2207
f 2792//2207 2847//2207 2848//2207
f 2792//2207 2848//2207 2793//2207
f 2793//2207 2848//2207 2849//2207
f 2793//2207 2849//2207 2794//2207
f 2794//2207 2849//2207 2850//2207
f 2794//2207 2850//2207 2770//2207
f 2770//2207 2850//2207 2851//2207
f 2770//2207 2851//2207 2771//2207
f 2771//2207 2851//2207 2852//2207
f 2771//2207 2852//2207 2772//2207
f 2772//2207 2852//2207 2853//2207
f 2772//2207 2853//2207 2773//2207
f 2773//2207 2853//2207 2854//2207
f 2773//2207 2854//2207 2774//2207
f 2774//2207 2854//2207 2855//2207
f 2774//2207 2855//2207 2836//2207
f 2798//2208 2856//2208 2799//2208
f 2799//2209 2856//2209 2857//2209
f 2799//2210 2857//2210 2807//2210
f 2807//2211 2857//2211 2858//2211
f 2807//2212 2858//2212 2808//2212
f 2808//2213 2858//2213 2859//2213
f 2808//2214 2859//2214 2809//2214
f 2809//2215 2859//2215 2860//2215
f 2809//2216 2860//2216 2810//2216
f 2810//2217 2860//2217 2861//2217
f 2810//2218 2861//2218 2811//2218
f 2811//2219 2861//2219 2862//2219
f 2811//2220 2862//2220 2812//2220
f 2812//2221 2862//2221 2863//2221
f 2812//2222 2863//2222 2813//2222
f 2813//2223 2863//2223 2864//2223
f 2813//2224 2864//2224 2821//2224
f 2821//2225 2864//2225 2865//2225
f 2821//2226 2865//2226 2822//2226
f 2822//2227 2865//2227 2866//2227
f 2822//2228 2866//2228 2823//2228
f 2823//2229 2866//2229 2867//2229
f 2823//2230 2867//2230 2824//2230
f 2824//2231 2867//2231 2868//2231
f 2824//2232 2868//2232 2825//2232
f 2825//2233 2868//2233 2869//2233
f 2825//2234 2869//2234 2826//2234
f 2826//2235 2869//2235 2870//2235
f 2826//2236 2870//2236 2827//2236
f 2827//2237 2870//2237 2871//2237
f 2827//2238 2871//2238 2814//2238
f 2814//2239 2871//2239 2872//2239
f 2814//2240 2872//2240 2815//2240
f 2815//2241 2872//2241 2873//2241
f 2815//2242 2873//2242 2816//2242
f 2816//2243 2873//2243 2874//2243
f 2816//2244 2874//2244 2817//2244
f 2817//2245 2874//2245 2875//2245
f 2817//2246 2875//2246 2818//2246
f 2818//2247 2875//2247 2876//2247
f 2818//2248 2876//2248 2819//2248
f 2819//2249 2876//2249 2877//2249
f 2819//2250 2877//2250 2820//2250
f 2820//2251 2877//2251 2878//2251
f 2820//2252 2878//2252 2800//2252
f 2800//2253 2878//2253 2879//2253
f 2800//2254 2879//2254 2801//2254
f 2801//2255 2879//2255 2880//2255
f 2801//2256 2880//2256 2802//2256
f 2802//2257 2880//2257 2881//2257
f 2802//2258 2881//2258 2803//2258
f 2803//2259 2881//2259 2882//2259
f 2803//2260 2882//2260 2804//2260
f 2804//2261 2882//2261 2883//2261
f 2804//2262 2883//2262 2805//2262
f 2805//2263 2883//2263 2884//2263
f 2805//2264 2884//2264 2806//2264
f 2806//2265 2884//2265 2885//2265
f 2806//2266 2885//2266 2795//2266
f 2795//2267 2885//2267 2886//2267
f 2795//2268 2886//2268 2796//2268
f 2796//2269 2886//2269 2887//2269
f 2796//2270 2887//2270 2797//2270
f 2797//2271 2887//2271 2888//2271
f 2797//2272 2888//2272 2798//2272
f 2798//2273 2888//2273 2856//2273
f 2851//2126 2889//2126 2852//2126
f 2852//2274 2889//2274 2890//2274
f 2852//2124 2890//2124 2853//2124
f 2853//2275 2890//2275 2891//2275
f 2853//2122 2891//2122 2854//2122
f 2854//2276 2891//2276 2892//2276
f 2854//2277 2892//2277 2855//2277
f 2855//2119 2892//2119 2893//2119
f 2855//2278 2893//2278 2836//2278
f 2836//2117 2893//2117 2894//2117
f 2836//2279 2894//2279 2837//2279
f 2837//2115 2894//2115 2895//2115
f 2837//2114 2895//2114 2838//2114
f 2838//2113 2895//2113 2896//2113
f 2838//2112 2896//2112 2839//2112
f 2839//2280 2896//2280 2897//2280
f 2839//2110 2897//2110 2840//2110
f 2840//2281 2897//2281 2898//2281
f 2840//2108 2898//2108 2841//2108
f 2841//2282 2898//2282 2899//2282
f 2841//2283 2899//2283 2842//2283
f 2842//2105 2899//2105 2900//2105
f 2842//2284 2900//2284 2843//2284
f 2843//2103 2900//2103 2901//2103
f 2843//2285 2901//2285 2844//2285
f 2844//2101 2901//2101 2902//2101
f 2844//2156 2902//2156 2845//2156
f 2845//2155 2902//2155 2903//2155
f 2845//2154 2903//2154 2828//2154
f 2828//2286 2903//2286 2904//2286
f 2828//2152 2904//2152 2829//2152
f 2829//2287 2904//2287 2905//2287
f 2829//2150 2905//2150 2830//2150
f 2830//2288 2905//2288 2906//2288
f 2830//2289 2906//2289 2831//2289
f 2831//2147 2906//2147 2907//2147
f 2831//2290 2907//2290 2832//2290
f 2832//2145 2907//2145 2908//2145
f 2832//2291 2908//2291 2833//2291
f 2833//2143 2908//2143 2909//2143
f 2833//2142 2909//2142 2834//2142
f 2834//2141 2909//2141 2910//2141
f 2834//2140 2910//2140 2835//2140
f 2835//2292 2910//2292 2911//2292
f 2835//2138 2911//2138 2846//2138
f 2846//2293 2911//2293 2912//2293
f 2846//2136 2912//2136 2847//2136
f 2847//2294 2912//2294 2913//2294
f 2847//2295 2913//2295 2848//2295
f 2848//2133 2913//2133 2914//2133
f 2848//2296 2914//2296 2849//2296
f 2849//2131 2914//2131 2915//2131
f 2849//2297 2915//2297 2850//2297
f 2850//2129 2915//2129 2916//2129
f 2850//2128 2916//2128 2851//2128
f 2851//2127 2916//2127 2889//2127
f 2885//2100 2917//2100 2886//2100
f 2886//2100 2917//2100 2918//2100
f 2886//2100 2918//2100 2887//2100
f 2887//2100 2918//2100 2919//2100
f 2887//2100 2919//2100 2888//2100
f 2888//2100 2919//2100 2920//2100
f 2888//2100 2920//2100 2856//2100
f 2856//2100 2920//2100 2921//2100
f 2856//2100 2921//2100 2857//2100
f 2857//2100 2921//2100 2922//2100
f 2857//2100 2922//2100 2858//2100
f 2858//2100 2922//2100 2923//2100
f 2858//2100 2923//2100 2859//2100
f 2923//2100 2924//2100 2859//2100
f 2859//2100 2924//2100 2925//2100
f 2859//2100 2925//2100 2860//2100
f 2860//2100 2925//2100 2926//2100
f 2860//2100 2926//2100 2861//2100
f 2861//2100 2926//2100 2927//2100
f 2861//2100 2927//2100 2862//2100
f 2862//2100 2927//2100 2928//2100
f 2862//2100 2928//2100 2863//2100
f 2863//2100 2928//2100 2929//2100
f 2863//2100 2929//2100 2864//2100
f 2864//2100 2929//2100 2930//2100
f 2864//2100 2930//2100 2865//2100
f 2879//2100 2931//2100 2880//2100
f 2880//2100 2931//2100 2932//2100
f 2880//2100 2932//2100 2881//2100
f 2881//2100 2932//2100 2933//2100
f 2881//2100 2933//2100 2882//2100
f 2882//2100 2933//2100 2934//2100
f 2882//2100 2934//2100 2883//2100
f 2883//2100 2934//2100 2935//2100
f 2883//2100 2935//2100 2884//2100
f 2884//2100 2935//2100 2936//2100
f 2884//2100 2936//2100 2885//2100
f 2885//2100 2936//2100 2937//2100
f 2885//2100 2937//2100 2917//2100
f 2872//2100 2938//2100 2873//2100
f 2873//2100 2938//2100 2939//2100
f 2873//2100 2939//2100 2874//2100
f 2874//2100 2939//2100 2940//2100
f 2874//2100 2940//2100 2875//2100
f 2875//2100 2940//2100 2941//2100
f 2875//2100 2941//2100 2876//2100
f 2876//2100 2941//2100 2942//2100
f 2876//2100 2942//2100 2877//2100
f 2877//2100 2942//2100 2943//2100
f 2877//2100 2943//2100 2878//2100
f 2878//2100 2943//2100 2944//2100
f 2878//2100 2944//2100 2879//2100
f 2879//2100 2944//2100 2945//2100
f 2879//2100 2945//2100 2931//2100
f 2930//2100 2946//2100 2865//2100
f 2865//2100 2946//2100 2947//2100
f 2865//2100 2947//2100 2866//2100
f 2866//2100 2947//2100 2948//2100
f 2866//2100 2948//2100 2867//2100
f 2867//2100 2948//2100 2949//2100
f 2867//2100 2949//2100 2868//2100
f 2868//2100 2949//2100 2950//2100
f 2868//2100 2950//2100 2869//2100
f 2869//2100 2950//2100 2951//2100
f 2869//2100 2951//2100 2870//2100
f 2870//2100 2951//2100 2952//2100
f 2870//2100 2952//2100 2871//2100
f 2871//2100 2952//2100 2953//2100
f 2871//2100 2953//2100 2872//2100
f 2872//2100 2953//2100 2954//2100
f 2872//2100 2954//2100 2938//2100
f 2913//2207 2955//2207 2914//2207
f 2914//2207 2955//2207 2956//2207
f 2914//2207 2956//2207 2915//2207
f 2915//2207 2956//2207 2957//2207
f 2915//2207 2957//2207 2916//2207
f 2916//2207 2957//2207 2958//2207
f 2916//2207 2958//2207 2889//2207
f 2889//2207 2958//2207 2959//2207
f 2889//2207 2959//2207 2890//2207
f 2907//2207 2960//2207 2908//2207
f 2908//2207 2960//2207 2961//2207
f 2908//2207 2961//2207 2909//2207
f 2909//2207 2961//2207 2962//2207
f 2909//2207 2962//2207 2910//2207
f 2910//2207 2962//2207 2963//2207
f 2910//2207 2963//2207 2911//2207
f 2911//2207 2963//2207 2964//2207
f 2911//2207 2964//2207 2912//2207
f 2912//2207 2964//2207 2965//2207
f 2912//2207 2965//2207 2913//2207
f 2913//2207 2965//2207 2966//2207
f 2913//2207 2966//2207 2955//2207
f 2959//2207 2967//2207 2890//2207
f 2890//2207 2967//2207 2968//2207
f 2890//2207 2968//2207 2891//2207
f 2891//2207 2968//2207 2969//2207
f 2891//2207 2969//2207 2892//2207
f 2892//2207 2969//2207 2970//2207
f 2892//2207 2970//2207 2893//2207
f 2893//2207 2970//2207 2971//2207
f 2893//2207 2971//2207 2894//2207
f 2894//2207 2971//2207 2972//2207
f 2894//2207 2972//2207 2895//2207
f 2895//2207 2972//2207 2973//2207
f 2895//2207 2973//2207 2896//2207
f 2901//2207 2974//2207 2902//2207
f 2902//2207 2974//2207 2975//2207
f 2902//2207 2975//2207 2903//2207
f 2903//2207 2975//2207 2976//2207
f 2903//2207 2976//2207 2904//2207
f 2904//2207 2976//2207 2977//2207
f 2904//2207 2977//2207 2905//2207
f 2905//2207 2977//2207 2978//2207
f 2905//2207 2978//2207 2906//2207
f 2906//2207 2978//2207 2979//2207
f 2906//2207 2979//2207 2907//2207
f 2907//2207 2979//2207 2980//2207
f 2907//2207 2980//2207 2960//2207
f 2973//2207 2981//2207 2896//2207
f 2896//2207 2981//2207 2982//2207
f 2896//2207 2982//2207 2897//2207
f 2897//2207 2982//2207 2983//2207
f 2897//2207 2983//2207 2898//2207
f 2898//2207 2983//2207 2984//2207
f 2898//2207 2984//2207 2899//2207
f 2899//2207 2984//2207 2985//2207
f 2899//2207 2985//2207 2900//2207
f 2900//2207 2985//2207 2986//2207
f 2900//2207 2986//2207 2901//2207
f 2901//2207 2986//2207 2987//2207
f 2901//2207 2987//2207 2974//2207
f 2988//2298 2954//2298 2989//2298
f 2989//2299 2954//2299 2953//2299
f 2989//2300 2953//2300 2990//2300
f 2990//2301 2953//2301 2952//2301
f 2990//2302 2952//2302 2991//2302
f 2991//2303 2952//2303 2951//2303
f 2991//2304 2951//2304 2992//2304
f 2992//2305 2951//2305 2950//2305
f 2992//2306 2950//2306 2993//2306
f 2993//2307 2950//2307 2949//2307
f 2993//2308 2949//2308 2994//2308
f 2994//2309 2949//2309 2948//2309
f 2994//2310 2948//2310 2995//2310
f 2995//2311 2948//2311 2947//2311
f 2995//2312 2947//2312 2996//2312
f 2996//2313 2947//2313 2946//2313
f 2996//2314 2946//2314 2997//2314
f 2997//2315 2946//2315 2930//2315
f 2997//2316 2930//2316 2998//2316
f 2998//2317 2930//2317 2929//2317
f 2998//2318 2929//2318 2999//2318
f 2999//2319 2929//2319 2928//2319
f 2999//2320 2928//2320 3000//2320
f 3000//2321 2928//2321 2927//2321
f 3000//2322 2927//2322 3001//2322
f 3001//2323 2927//2323 2926//2323
f 3001//2324 2926//2324 3002//2324
f 3002//2325 2926//2325 2925//2325
f 3002//2326 2925//2326 3003//2326
f 3003//2327 2925//2327 2924//2327
f 3003//2328 2924//2328 3004//2328
f 3004//2329 2924//2329 2923//2329
f 3004//2330 2923//2330 3005//2330
f 3005//2331 2923//2331 2922//2331
f 3005//2332 2922//2332 3006//2332
f 3006//2333 2922//2333 2921//2333
f 3006//2334 2921//2334 3007//2334
f 3007//2335 2921//2335 2920//2335
f 3007//2336 2920//2336 3008//2336
f 3008//2337 2920//2337 2919//2337
f 3008//2338 2919//2338 3009//2338
f 3009//2339 2919//2339 2918//2339
f 3009//2340 2918//2340 3010//2340
f 3010//2341 2918//2341 2917//2341
f 3010//2342 2917//2342 3011//2342
f 3011//2343 2917//2343 2937//2343
f 3011//2344 2937//2344 3012//2344
f 3012//2345 2937//2345 2936//2345
f 3012//2346 2936//2346 3013//2346
f 3013//2347 2936//2347 2935//2347
f 3013//2348 2935//2348 3014//2348
f 3014//2349 2935//2349 2934//2349
f 3014//2350 2934//2350 3015//2350
f 3015//2351 2934//2351 2933//2351
f 3015//2352 2933//2352 3016//2352
f 3016//2353 2933//2353 2932//2353
f 3016//2354 2932//2354 3017//2354
f 3017//2355 2932//2355 2931//2355
f 3017//2356 2931//2356 3018//2356
f 3018//2357 2931//2357 2945//2357
f 3018//2358 2945//2358 3019//2358
f 3019//2359 2945//2359 2944//2359
f 3019//2360 2944//2360 3020//2360
f 3020//2361 2944//2361 2943//2361
f 3020//2362 2943//2362 3021//2362
f 3021//2363 2943//2363 2942//2363
f 3021//2364 2942//2364 3022//2364
f 3022//2365 2942//2365 2941//2365
f 3022//2366 2941//2366 3023//2366
f 3023//2367 2941//2367 2940//2367
f 3023//2368 2940//2368 3024//2368
f 3024//2369 2940//2369 2939//2369
f 3024//2370 2939//2370 3025//2370
f 3025//2371 2939//2371 2938//2371
f 3025//2372 2938//2372 2988//2372
f 2988//2373 2938//2373 2954//2373
f 2958//2374 3026//2374 2959//2374
f 2959//2375 3026//2375 3027//2375
f 2959//2376 3027//2376 2967//2376
f 2967//2377 3027//2377 3028//2377
f 2967//2378 3028//2378 2968//2378
f 2968//2379 3028//2379 3029//2379
f 2968//2380 3029//2380 2969//2380
f 2969//2381 3029//2381 3030//2381
f 2969//2382 3030//2382 2970//2382
f 2970//2383 3030//2383 3031//2383
f 2970//2384 3031//2384 2971//2384
f 2971//2385 3031//2385 3032//2385
f 2971//2386 3032//2386 2972//2386
f 2972//2387 3032//2387 3033//2387
f 2972//2388 3033//2388 2973//2388
f 2973//2389 3033//2389 3034//2389
f 2973//2390 3034//2390 2981//2390
f 2981//2391 3034//2391 3035//2391
f 2981//2392 3035//2392 2982//2392
f 2982//2393 3035//2393 3036//2393
f 2982//2394 3036//2394 2983//2394
f 2983//2395 3036//2395 3037//2395
f 2983//2396 3037//2396 2984//2396
f 2984//2397 3037//2397 3038//2397
f 2984//2398 3038//2398 2985//2398
f 2985//2399 3038//2399 3039//2399
f 2985//2400 3039//2400 2986//2400
f 2986//2401 3039//2401 3040//2401
f 2986//2402 3040//2402 2987//2402
f 2987//2403 3040//2403 3041//2403
f 2987//2404 3041//2404 2974//2404
f 2974//2405 3041//2405 3042//2405
f 2974//2406 3042//2406 2975//2406
f 2975//2407 3042//2407 3043//2407
f 2975//2408 3043//2408 2976//2408
f 2976//2409 3043//2409 3044//2409
f 2976//2410 3044//2410 2977//2410
f 2977//2411 3044//2411 3045//2411
f 2977//2412 3045//2412 2978//2412
f 2978//2413 3045//2413 3046//2413
f 2978//2414 3046//2414 2979//2414
f 2979//2415 3046//2415 3047//2415
f 2979//2416 3047//2416 2980//2416
f 2980//2417 3047//2417 3048//2417
f 2980//2418 3048//2418 2960//2418
f 2960//2419 3048//2419 3049//2419
f 2960//2420 3049//2420 2961//2420
f 2961//2421 3049//2421 3050//2421
f 2961//2422 3050//2422 2962//2422
f 2962//2423 3050//2423 3051//2423
f 2962//2424 3051//2424 2963//2424
f 2963//2425 3051//2425 3052//2425
f 2963//2426 3052//2426 2964//2426
f 2964//2427 3052//2427 3053//2427
f 2964//2428 3053//2428 2965//2428
f 2965//2429 3053//2429 3054//2429
f 2965//2430 3054//2430 2966//2430
f 2966//2431 3054//2431 3055//2431
f 2966//2432 3055//2432 2955//2432
f 2955//2433 3055//2433 3056//2433
f 2955//2434 3056//2434 2956//2434
f 2956//2435 3056//2435 3057//2435
f 2956//2436 3057//2436 2957//2436
f 2957//2437 3057//2437 3058//2437
f 2957//2438 3058//2438 2958//2438
f 2958//2439 3058//2439 3026//2439
f 3059//2207 2998//2207 3060//2207
f 3060//2207 2998//2207 2999//2207
f 3060//2207 2999//2207 3061//2207
f 3061//2207 2999//2207 3000//2207
f 3061//2207 3000//2207 3062//2207
f 3062//2207 3000//2207 3001//2207
f 3062//2207 3001//2207 3063//2207
f 3063//2207 3001//2207 3002//2207
f 3063//2207 3002//2207 3064//2207
f 3064//2207 3002//2207 3003//2207
f 3064//2207 3003//2207 3065//2207
f 3065//2207 3003//2207 3004//2207
f 3065//2207 3004//2207 3066//2207
f 3066//2207 3004//2207 3005//2207
f 3066//2207 3005//2207 3067//2207
f 3067//2207 3005//2207 3006//2207
f 3067//2207 3006//2207 3068//2207
f 3068//2207 3006//2207 3007//2207
f 3068//2207 3007//2207 3069//2207
f 3069//2207 3007//2207 3008//2207
f 3069//2207 3008//2207 3070//2207
f 3070//2207 3008//2207 3009//2207
f 3070//2207 3009//2207 3071//2207
f 3071//2207 3009//2207 3010//2207
f 3071//2207 3010//2207 3072//2207
f 3072//2207 3010//2207 3011//2207
f 3072//2207 3011//2207 3073//2207
f 3073//2207 3011//2207 3012//2207
f 3073//2207 3012//2207 3074//2207
f 3074//2207 3012//2207 3013//2207
f 3074//2207 3013//2207 3075//2207
f 3075//2207 3013//2207 3014//2207
f 3075//2207 3014//2207 3076//2207
f 3076//2207 3014//2207 3015//2207
f 3076//2207 3015//2207 3077//2207
f 3015//2207 3016//2207 3077//2207
f 3077//2207 3016//2207 3017//2207
f 3077//2207 3017//2207 3078//2207
f 3078//2207 3017//2207 3018//2207
f 3078//2207 3018//2207 3079//2207
f 3079//2207 3018//2207 3019//2207
f 3079//2207 3019//2207 3080//2207
f 3080//2207 3019//2207 3020//2207
f 3080//2207 3020//2207 3081//2207
f 3081//2207 3020//2207 3021//2207
f 3081//2207 3021//2207 3082//2207
f 3082//2207 3021//2207 3022//2207
f 3082//2207 3022//2207 3083//2207
f 3083//2207 3022//2207 3023//2207
f 3083//2207 3023//2207 3084//2207
f 3084//2207 3023//2207 3024//2207
f 3084//2207 3024//2207 3085//2207
f 3085//2207 3024//2207 3025//2207
f 3085//2207 3025//2207 3086//2207
f 3086//2207 3025//2207 2988//2207
f 3086//2207 2988//2207 3087//2207
f 3087//2207 2988//2207 2989//2207
f 3087//2207 2989//2207 3088//2207
f 3088//2207 2989//2207 2990//2207
f 3088//2207 2990//2207 3089//2207
f 3089//2207 2990//2207 2991//2207
f 3089//2207 2991//2207 3090//2207
f 3090//2207 2991//2207 2992//2207
f 3090//2207 2992//2207 3091//2207
f 3091//2207 2992//2207 2993//2207
f 3091//2207 2993//2207 3092//2207
f 3092//2207 2993//2207 2994//2207
f 3092//2207 2994//2207 3093//2207
f 3093//2207 2994//2207 2995//2207
f 3093//2207 2995//2207 3094//2207
f 3094//2207 2995//2207 2996//2207
f 3094//2207 2996//2207 3059//2207
f 3059//2207 2996//2207 2997//2207
f 3059//2207 2997//2207 2998//2207
f 3054//2207 3095//2207 3055//2207
f 3055//2207 3095//2207 3096//2207
f 3055//2207 3096//2207 3056//2207
f 3056//2207 3096//2207 3097//2207
f 3056//2207 3097//2207 3057//2207
f 3057//2207 3097//2207 3098//2207
f 3057//2207 3098//2207 3058//2207
f 3058//2207 3098//2207 3099//2207
f 3058//2207 3099//2207 3026//2207
f 3026//2207 3099//2207 3100//2207
f 3026//2207 3100//2207 3027//2207
f 3027//2207 3100//2207 3101//2207
f 3027//2207 3101//2207 3028//2207
f 3028//2207 3101//2207 3102//2207
f 3028//2207 3102//2207 3029//2207
f 3029//2207 3102//2207 3103//2207
f 3029//2207 3103//2207 3030//2207
f 3030//2207 3103//2207 3104//2207
f 3030//2207 3104//2207 3031//2207
f 3031//2207 3104//2207 3105//2207
f 3031//2207 3105//2207 3032//2207
f 3043//2207 3106//2207 3044//2207
f 3044//2207 3106//2207 3107//2207
f 3044//2207 3107//2207 3045//2207
f 3045//2207 3107//2207 3108//2207
f 3045//2207 3108//2207 3046//2207
f 3046//2207 3108//2207 3109//2207
f 3046//2207 3109//2207 3047//2207
f 3047//2207 3109//2207 3110//2207
f 3047//2207 3110//2207 3048//2207
f 3048//2207 3110//2207 3111//2207
f 3048//2207 3111//2207 3049//2207
f 3049//2207 3111//2207 3112//2207
f 3049//2207 3112//2207 3050//2207
f 3050//2207 3112//2207 3113//2207
f 3050//2207 3113//2207 3051//2207
f 3051//2207 3113//2207 3114//2207
f 3051//2207 3114//2207 3052//2207
f 3052//2207 3114//2207 3115//2207
f 3052//2207 3115//2207 3053//2207
f 3053//2207 3115//2207 3116//2207
f 3053//2207 3116//2207 3054//2207
f 3054//2207 3116//2207 3117//2207
f 3054//2207 3117//2207 3095//2207
f 3105//2207 3118//2207 3032//2207
f 3032//2207 3118//2207 3119//2207
f 3032//2207 3119//2207 3033//2207
f 3033//2207 3119//2207 3120//2207
f 3033//2207 3120//2207 3034//2207
f 3034//2207 3120//2207 3121//2207
f 3034//2207 3121//2207 3035//2207
f 3035//2207 3121//2207 3122//2207
f 3035//2207 3122//2207 3036//2207
f 3036//2207 3122//2207 3123//2207
f 3036//2207 3123//2207 3037//2207
f 3037//2207 3123//2207 3124//2207
f 3037//2207 3124//2207 3038//2207
f 3038//2207 3124//2207 3125//2207
f 3038//2207 3125//2207 3039//2207
f 3039//2207 3125//2207 3126//2207
f 3039//2207 3126//2207 3040//2207
f 3040//2207 3126//2207 3127//2207
f 3040//2207 3127//2207 3041//2207
f 3041//2207 3127//2207 3128//2207
f 3041//2207 3128//2207 3042//2207
f 3042//2207 3128//2207 3129//2207
f 3042//2207 3129//2207 3043//2207
f 3043//2207 3129//2207 3130//2207
f 3043//2207 3130//2207 3106//2207
f 3100//2440 3087//2440 3101//2440
f 3101//2441 3087//2441 3088//2441
f 3101//2442 3088//2442 3102//2442
f 3102//2443 3088//2443 3089//2443
f 3102//2444 3089//2444 3103//2444
f 3103//2445 3089//2445 3090//2445
f 3103//2446 3090//2446 3104//2446
f 3104//2447 3090//2447 3091//2447
f 3104//2448 3091//2448 3105//2448
f 3105//2449 3091//2449 3092//2449
f 3105//2450 3092//2450 3118//2450
f 3118//2451 3092//2451 3093//2451
f 3118//2452 3093//2452 3119//2452
f 3119//2453 3093//2453 3094//2453
f 3119//2454 3094//2454 3120//2454
f 3120//2455 3094//2455 3059//2455
f 3120//2456 3059//2456 3121//2456
f 3121//2457 3059//2457 3060//2457
f 3121//2458 3060//2458 3122//2458
f 3122//2459 3060//2459 3061//2459
f 3122//2460 3061//2460 3123//2460
f 3123//2461 3061//2461 3062//2461
f 3123//2462 3062//2462 3124//2462
f 3124//2463 3062//2463 3063//2463
f 3124//2464 3063//2464 3125//2464
f 3125//2465 3063//2465 3064//2465
f 3125//2466 3064//2466 3126//2466
f 3126//2467 3064//2467 3065//2467
f 3126//2468 3065//2468 3127//2468
f 3127//2469 3065//2469 3066//2469
f 3127//2470 3066//2470 3128//2470
f 3128//2471 3066//2471 3067//2471
f 3128//2472 3067//2472 3129//2472
f 3129//2473 3067//2473 3068//2473
f 3129//2474 3068//2474 3130//2474
f 3130//2475 3068//2475 3069//2475
f 3130//2476 3069//2476 3106//2476
f 3106//2477 3069//2477 3070//2477
f 3106//2478 3070//2478 3107//2478
f 3107//2479 3070//2479 3071//2479
f 3107//2480 3071//2480 3108//2480
f 3108//2481 3071//2481 3072//2481
f 3108//2482 3072//2482 3109//2482
f 3109//2483 3072//2483 3073//2483
f 3109//2484 3073//2484 3110//2484
f 3110//2485 3073//2485 3074//2485
f 3110//2486 3074//2486 3111//2486
f 3111//2487 3074//2487 3075//2487
f 3111//2488 3075//2488 3112//2488
f 3112//2489 3075//2489 3076//2489
f 3112//2490 3076//2490 3113//2490
f 3113//2491 3076//2491 3077//2491
f 3113//2492 3077//2492 3114//2492
f 3114//2493 3077//2493 3078//2493
f 3114//2494 3078//2494 3115//2494
f 3115//2495 3078//2495 3079//2495
f 3115//2496 3079//2496 3116//2496
f 3116//2497 3079//2497 3080//2497
f 3116//2498 3080//2498 3117//2498
f 3117//2499 3080//2499 3081//2499
f 3117//2500 3081//2500 3095//2500
f 3095//2501 3081//2501 3082//2501
f 3095//2502 3082//2502 3096//2502
f 3096//2503 3082//2503 3083//2503
f 3096//2504 3083//2504 3097//2504
f 3097//2505 3083//2505 3084//2505
f 3097//2506 3084//2506 3098//2506
f 3098//2507 3084//2507 3085//2507
f 3098//2508 3085//2508 3099//2508
f 3099//2509 3085//2509 3086//2509
f 3099//2510 3086//2510 3100//2510
f 3100//2511 3086//2511 3087//2511
f 3131//2512 3132//2512 3133//2512
f 3133//2512 3132//2512 3134//2512
f 3135//1475 3136//1475 3137//1475
f 3137//1475 3136//1475 3138//1475
f 3139//2513 3140//2513 3141//2513
f 3141//2513 3140//2513 3142//2513
f 3143//1474 3144//1474 3145//1474
f 3145//1474 3144//1474 3146//1474
f 3147//2514 3148//2514 3149//2514
f 3137//2514 3138//2514 3150//2514
f 3151//2514 3152//2514 3131//2514
f 3131//2514 3152//2514 3153//2514
f 3131//2514 3153//2514 3154//2514
f 3150//2514 3138//2514 3155//2514
f 3150//2514 3156//2514 3137//2514
f 3137//2514 3156//2514 3157//2514
f 3137//2514 3157//2514 3158//2514
f 3158//2514 3157//2514 3159//2514
f 3158//2514 3159//2514 3160//2514
f 3160//2514 3159//2514 3161//2514
f 3162//2514 3163//2514 3164//2514
f 3164//2514 3163//2514 3165//2514
f 3164//2514 3165//2514 3166//2514
f 3166//2514 3165//2514 3167//2514
f 3166//2514 3167//2514 3154//2514
f 3154//2514 3167//2514 3168//2514
f 3154//2514 3168//2514 3131//2514
f 3138//2514 3147//2514 3155//2514
f 3155//2514 3147//2514 3149//2514
f 3155//2514 3149//2514 3169//2514
f 3169//2514 3149//2514 3132//2514
f 3169//2514 3132//2514 3170//2514
f 3170//2514 3132//2514 3131//2514
f 3170//2514 3131//2514 3171//2514
f 3171//2514 3131//2514 3168//2514
f 3161//2514 3159//2514 3142//2514
f 3142//2514 3159//2514 3172//2514
f 3142//2514 3172//2514 3162//2514
f 3142//2514 3173//2514 3141//2514
f 3141//2514 3173//2514 3174//2514
f 3141//2514 3174//2514 3175//2514
f 3175//2514 3174//2514 3176//2514
f 3164//2514 3177//2514 3162//2514
f 3162//2514 3177//2514 3178//2514
f 3162//2514 3178//2514 3142//2514
f 3142//2514 3178//2514 3179//2514
f 3142//2514 3179//2514 3173//2514
f 3151//2514 3180//2514 3152//2514
f 3152//2514 3180//2514 3181//2514
f 3152//2514 3181//2514 3182//2514
f 3182//2514 3181//2514 3145//2514
f 3182//2514 3145//2514 3183//2514
f 3183//2514 3145//2514 3146//2514
f 3183//2514 3146//2514 3184//2514
f 3184//2514 3146//2514 3185//2514
f 3184//2514 3185//2514 3176//2514
f 3176//2514 3185//2514 3186//2514
f 3176//2514 3186//2514 3175//2514
f 3187//2515 3188//2515 3189//2515
f 3144//2515 3143//2515 3190//2515
f 3191//2515 3192//2515 3193//2515
f 3194//2515 3195//2515 3196//2515
f 3197//2515 3198//2515 3199//2515
f 3190//2515 3143//2515 3200//2515
f 3199//2515 3201//2515 3197//2515
f 3197//2515 3201//2515 3202//2515
f 3197//2515 3202//2515 3192//2515
f 3192//2515 3202//2515 3203//2515
f 3192//2515 3203//2515 3193//2515
f 3134//2515 3204//2515 3205//2515
f 3197//2515 3206//2515 3198//2515
f 3198//2515 3206//2515 3134//2515
f 3198//2515 3134//2515 3207//2515
f 3207//2515 3134//2515 3205//2515
f 3190//2515 3208//2515 3144//2515
f 3144//2515 3208//2515 3209//2515
f 3144//2515 3209//2515 3210//2515
f 3210//2515 3209//2515 3211//2515
f 3210//2515 3211//2515 3212//2515
f 3212//2515 3211//2515 3213//2515
f 3213//2515 3211//2515 3139//2515
f 3139//2515 3211//2515 3214//2515
f 3139//2515 3214//2515 3215//2515
f 3216//2515 3217//2515 3135//2515
f 3135//2515 3217//2515 3218//2515
f 3135//2515 3218//2515 3136//2515
f 3136//2515 3218//2515 3219//2515
f 3136//2515 3219//2515 3220//2515
f 3220//2515 3219//2515 3205//2515
f 3220//2515 3205//2515 3221//2515
f 3221//2515 3205//2515 3204//2515
f 3143//2515 3187//2515 3200//2515
f 3200//2515 3187//2515 3189//2515
f 3200//2515 3189//2515 3222//2515
f 3222//2515 3189//2515 3133//2515
f 3222//2515 3133//2515 3223//2515
f 3223//2515 3133//2515 3134//2515
f 3223//2515 3134//2515 3224//2515
f 3224//2515 3134//2515 3206//2515
f 3135//2515 3194//2515 3216//2515
f 3216//2515 3194//2515 3196//2515
f 3216//2515 3196//2515 3225//2515
f 3225//2515 3196//2515 3140//2515
f 3225//2515 3140//2515 3226//2515
f 3226//2515 3140//2515 3139//2515
f 3226//2515 3139//2515 3193//2515
f 3193//2515 3139//2515 3215//2515
f 3193//2515 3215//2515 3191//2515
f 3227//2516 3197//2516 3228//2516
f 3228//2517 3197//2517 3192//2517
f 3228//2518 3192//2518 3229//2518
f 3229//2519 3192//2519 3191//2519
f 3229//2520 3191//2520 3230//2520
f 3230//2521 3191//2521 3215//2521
f 3230//2522 3215//2522 3231//2522
f 3231//2523 3215//2523 3214//2523
f 3231//2524 3214//2524 3232//2524
f 3232//2525 3214//2525 3211//2525
f 3232//2526 3211//2526 3233//2526
f 3233//2527 3211//2527 3209//2527
f 3233//2528 3209//2528 3234//2528
f 3234//2529 3209//2529 3208//2529
f 3234//2530 3208//2530 3235//2530
f 3235//2531 3208//2531 3190//2531
f 3235//2532 3190//2532 3236//2532
f 3236//2533 3190//2533 3200//2533
f 3236//2534 3200//2534 3237//2534
f 3237//2535 3200//2535 3222//2535
f 3237//2536 3222//2536 3238//2536
f 3238//2537 3222//2537 3223//2537
f 3238//2538 3223//2538 3239//2538
f 3239//2539 3223//2539 3224//2539
f 3239//2540 3224//2540 3240//2540
f 3240//2541 3224//2541 3206//2541
f 3240//2542 3206//2542 3227//2542
f 3227//2543 3206//2543 3197//2543
f 3241//2516 3218//2516 3242//2516
f 3242//2517 3218//2517 3217//2517
f 3242//2518 3217//2518 3243//2518
f 3243//2519 3217//2519 3216//2519
f 3243//2520 3216//2520 3244//2520
f 3244//2521 3216//2521 3225//2521
f 3244//2522 3225//2522 3245//2522
f 3245//2523 3225//2523 3226//2523
f 3245//2524 3226//2524 3246//2524
f 3246//2525 3226//2525 3193//2525
f 3246//2526 3193//2526 3247//2526
f 3247//2527 3193//2527 3203//2527
f 3247//2528 3203//2528 3248//2528
f 3248//2529 3203//2529 3202//2529
f 3248//2530 3202//2530 3249//2530
f 3249//2531 3202//2531 3201//2531
f 3249//2532 3201//2532 3250//2532
f 3250//2533 3201//2533 3199//2533
f 3250//2534 3199//2534 3251//2534
f 3251//2535 3199//2535 3198//2535
f 3251//2536 3198//2536 3252//2536
f 3252//2537 3198//2537 3207//2537
f 3252//2538 3207//2538 3253//2538
f 3253//2539 3207//2539 3205//2539
f 3253//2540 3205//2540 3254//2540
f 3254//2541 3205//2541 3219//2541
f 3254//2542 3219//2542 3241//2542
f 3241//2543 3219//2543 3218//2543
f 3254//2514 3255//2514 3253//2514
f 3253//2514 3255//2514 3256//2514
f 3253//2514 3256//2514 3252//2514
f 3252//2514 3256//2514 3257//2514
f 3252//2514 3257//2514 3251//2514
f 3251//2514 3257//2514 3258//2514
f 3251//2514 3258//2514 3250//2514
f 3250//2514 3258//2514 3259//2514
f 3250//2514 3259//2514 3249//2514
f 3249//2514 3259//2514 3260//2514
f 3249//2514 3260//2514 3248//2514
f 3248//2514 3260//2514 3261//2514
f 3248//2514 3261//2514 3247//2514
f 3247//2514 3261//2514 3262//2514
f 3247//2514 3262//2514 3246//2514
f 3246//2514 3262//2514 3263//2514
f 3246//2514 3263//2514 3245//2514
f 3245//2514 3263//2514 3264//2514
f 3245//2514 3264//2514 3244//2514
f 3244//2514 3264//2514 3265//2514
f 3244//2514 3265//2514 3243//2514
f 3243//2514 3265//2514 3266//2514
f 3243//2514 3266//2514 3242//2514
f 3242//2514 3266//2514 3267//2514
f 3242//2514 3267//2514 3241//2514
f 3241//2514 3267//2514 3268//2514
f 3241//2514 3268//2514 3254//2514
f 3254//2514 3268//2514 3255//2514
f 3156//2516 3268//2516 3157//2516
f 3157//2517 3268//2517 3267//2517
f 3157//2518 3267//2518 3159//2518
f 3159//2519 3267//2519 3266//2519
f 3159//2520 3266//2520 3172//2520
f 3172//2521 3266//2521 3265//2521
f 3172//2522 3265//2522 3162//2522
f 3162//2523 3265//2523 3264//2523
f 3162//2524 3264//2524 3163//2524
f 3163//2525 3264//2525 3263//2525
f 3163//2526 3263//2526 3165//2526
f 3165//2527 3263//2527 3262//2527
f 3165//2528 3262//2528 3167//2528
f 3167//2529 3262//2529 3261//2529
f 3167//2530 3261//2530 3168//2530
f 3168//2531 3261//2531 3260//2531
f 3168//2532 3260//2532 3171//2532
f 3171//2533 3260//2533 3259//2533
f 3171//2534 3259//2534 3170//2534
f 3170//2535 3259//2535 3258//2535
f 3170//2536 3258//2536 3169//2536
f 3169//2537 3258//2537 3257//2537
f 3169//2538 3257//2538 3155//2538
f 3155//2539 3257//2539 3256//2539
f 3155//2540 3256//2540 3150//2540
f 3150//2541 3256//2541 3255//2541
f 3150//2542 3255//2542 3156//2542
f 3156//2543 3255//2543 3268//2543
f 3239//2514 3269//2514 3238//2514
f 3238//2514 3269//2514 3270//2514
f 3238//2514 3270//2514 3237//2514
f 3237//2514 3270//2514 3271//2514
f 3237//2514 3271//2514 3236//2514
f 3236//2514 3271//2514 3272//2514
f 3236//2514 3272//2514 3235//2514
f 3235//2514 3272//2514 3273//2514
f 3235//2514 3273//2514 3234//2514
f 3234//2514 3273//2514 3274//2514
f 3234//2514 3274//2514 3233//2514
f 3233//2514 3274//2514 3275//2514
f 3233//2514 3275//2514 3232//2514
f 3232//2514 3275//2514 3276//2514
f 3232//2514 3276//2514 3231//2514
f 3231//2514 3276//2514 3277//2514
f 3231//2514 3277//2514 3230//2514
f 3230//2514 3277//2514 3278//2514
f 3230//2514 3278//2514 3229//2514
f 3229//2514 3278//2514 3279//2514
f 3229//2514 3279//2514 3228//2514
f 3228//2514 3279//2514 3280//2514
f 3228//2514 3280//2514 3227//2514
f 3227//2514 3280//2514 3281//2514
f 3227//2514 3281//2514 3240//2514
f 3240//2514 3281//2514 3282//2514
f 3240//2514 3282//2514 3239//2514
f 3239//2514 3282//2514 3269//2514
f 3177//2516 3281//2516 3178//2516
f 3178//2517 3281//2517 3280//2517
f 3178//2518 3280//2518 3179//2518
f 3179//2519 3280//2519 3279//2519
f 3179//2520 3279//2520 3173//2520
f 3173//2521 3279//2521 3278//2521
f 3173//2522 3278//2522 3174//2522
f 3174//2523 3278//2523 3277//2523
f 3174//2524 3277//2524 3176//2524
f 3176//2525 3277//2525 3276//2525
f 3176//2526 3276//2526 3184//2526
f 3184//2527 3276//2527 3275//2527
f 3184//2528 3275//2528 3183//2528
f 3183//2529 3275//2529 3274//2529
f 3183//2530 3274//2530 3182//2530
f 3182//2531 3274//2531 3273//2531
f 3182//2532 3273//2532 3152//2532
f 3152//2533 3273//2533 3272//2533
f 3152//2534 3272//2534 3153//2534
f 3153//2535 3272//2535 3271//2535
f 3153//2536 3271//2536 3154//2536
f 3154//2537 3271//2537 3270//2537
f 3154//2538 3270//2538 3166//2538
f 3166//2539 3270//2539 3269//2539
f 3166//2540 3269//2540 3164//2540
f 3164//2541 3269//2541 3282//2541
f 3164//2542 3282//2542 3177//2542
f 3177//2543 3282//2543 3281//2543
f 3143//2544 3145//2544 3181//2544
f 3143//2545 3181//2545 3187//2545
f 3187//2546 3181//2546 3180//2546
f 3187//2547 3180//2547 3188//2547
f 3188//2548 3180//2548 3151//2548
f 3188//2549 3151//2549 3189//2549
f 3189//2550 3151//2550 3131//2550
f 3189//2551 3131//2551 3133//2551
f 3146//2552 3144//2552 3210//2552
f 3146//2553 3210//2553 3185//2553
f 3185//2554 3210//2554 3212//2554
f 3185//2555 3212//2555 3186//2555
f 3186//2556 3212//2556 3213//2556
f 3186//2557 3213//2557 3175//2557
f 3175//2558 3213//2558 3139//2558
f 3175//2559 3139//2559 3141//2559
f 3135//2560 3137//2560 3158//2560
f 3135//2561 3158//2561 3194//2561
f 3194//2562 3158//2562 3160//2562
f 3194//2563 3160//2563 3195//2563
f 3195//2564 3160//2564 3161//2564
f 3195//2565 3161//2565 3196//2565
f 3196//2566 3161//2566 3142//2566
f 3196//2567 3142//2567 3140//2567
f 3138//2568 3136//2568 3220//2568
f 3138//2569 3220//2569 3147//2569
f 3147//2570 3220//2570 3221//2570
f 3147//2571 3221//2571 3148//2571
f 3148//2572 3221//2572 3204//2572
f 3148//2573 3204//2573 3149//2573
f 3149//2574 3204//2574 3134//2574
f 3149//2575 3134//2575 3132//2575
f 3283//2576 3284//2576 3285//2576
f 3285//2576 3284//2576 3286//2576
f 3285//2576 3286//2576 3287//2576
f 3287//2576 3286//2576 3288//2576
f 3287//2576 3288//2576 3289//2576
f 3289//2576 3288//2576 3290//2576
f 3289//2576 3290//2576 3291//2576
f 3291//2576 3290//2576 3292//2576
f 3291//2576 3292//2576 3293//2576
f 3294//2576 3295//2576 3296//2576
f 3296//2576 3295//2576 3297//2576
f 3296//2576 3297//2576 3298//2576
f 3298//2576 3297//2576 3299//2576
f 3298//2576 3299//2576 3300//2576
f 3300//2576 3299//2576 3301//2576
f 3300//2576 3301//2576 3302//2576
f 3302//2576 3301//2576 3303//2576
f 3302//2576 3303//2576 3283//2576
f 3283//2576 3303//2576 3304//2576
f 3283//2576 3304//2576 3284//2576
f 3305//2576 3306//2576 3307//2576
f 3307//2576 3306//2576 3308//2576
f 3307//2576 3308//2576 3309//2576
f 3309//2576 3308//2576 3310//2576
f 3309//2576 3310//2576 3311//2576
f 3311//2576 3310//2576 3312//2576
f 3311//2576 3312//2576 3313//2576
f 3313//2576 3312//2576 3314//2576
f 3313//2576 3314//2576 3294//2576
f 3294//2576 3314//2576 3315//2576
f 3294//2576 3315//2576 3295//2576
f 3292//2576 3316//2576 3293//2576
f 3293//2576 3316//2576 3317//2576
f 3293//2576 3317//2576 3318//2576
f 3318//2576 3317//2576 3319//2576
f 3318//2576 3319//2576 3320//2576
f 3320//2576 3319//2576 3321//2576
f 3320//2576 3321//2576 3322//2576
f 3322//2576 3321//2576 3323//2576
f 3322//2576 3323//2576 3324//2576
f 3324//2576 3323//2576 3325//2576
f 3324//2576 3325//2576 3326//2576
f 3326//2576 3325//2576 3327//2576
f 3326//2576 3327//2576 3328//2576
f 3328//2576 3327//2576 3329//2576
f 3328//2576 3329//2576 3330//2576
f 3330//2576 3329//2576 3331//2576
f 3330//2576 3331//2576 3332//2576
f 3332//2576 3331//2576 3333//2576
f 3332//2576 3333//2576 3334//2576
f 3334//2576 3333//2576 3335//2576
f 3334//2576 3335//2576 3336//2576
f 3336//2576 3335//2576 3337//2576
f 3336//2576 3337//2576 3305//2576
f 3305//2576 3337//2576 3338//2576
f 3305//2576 3338//2576 3306//2576
f 3339//2577 3340//2577 3341//2577
f 3341//2577 3340//2577 3342//2577
f 3341//2577 3342//2577 3343//2577
f 3343//2577 3342//2577 3344//2577
f 3342//2577 3345//2577 3344//2577
f 3344//2577 3345//2577 3346//2577
f 3344//2577 3346//2577 3347//2577
f 3348//2577 3349//2577 3350//2577
f 3347//2577 3351//2577 3344//2577
f 3344//2577 3351//2577 3348//2577
f 3344//2577 3348//2577 3352//2577
f 3352//2577 3348//2577 3350//2577
f 3353//2578 3354//2578 3304//2578
f 3304//2579 3303//2579 3353//2579
f 3353//2580 3303//2580 3301//2580
f 3353//2581 3301//2581 3355//2581
f 3355//2582 3301//2582 3299//2582
f 3355//2583 3299//2583 3356//2583
f 3356//2584 3299//2584 3357//2584
f 3357//2585 3299//2585 3297//2585
f 3357//2586 3297//2586 3358//2586
f 3359//2587 3360//2587 3333//2587
f 3333//2588 3331//2588 3359//2588
f 3359//2589 3331//2589 3329//2589
f 3359//2590 3329//2590 3361//2590
f 3361//2591 3329//2591 3327//2591
f 3361//2592 3327//2592 3362//2592
f 3362//2593 3327//2593 3363//2593
f 3363//2594 3327//2594 3325//2594
f 3363//2595 3325//2595 3340//2595
f 3340//2596 3325//2596 3342//2596
f 3342//2597 3325//2597 3323//2597
f 3342//2598 3323//2598 3345//2598
f 3345//2599 3323//2599 3321//2599
f 3345//2600 3321//2600 3346//2600
f 3346//2601 3321//2601 3319//2601
f 3346//2602 3319//2602 3347//2602
f 3347//2603 3319//2603 3317//2603
f 3347//2604 3317//2604 3351//2604
f 3351//2605 3317//2605 3316//2605
f 3351//2606 3316//2606 3348//2606
f 3348//2607 3316//2607 3292//2607
f 3348//2608 3292//2608 3349//2608
f 3349//2609 3292//2609 3290//2609
f 3349//2610 3290//2610 3350//2610
f 3350//2611 3290//2611 3288//2611
f 3350//2612 3288//2612 3352//2612
f 3352//2613 3288//2613 3286//2613
f 3352//2614 3286//2614 3344//2614
f 3344//2615 3286//2615 3284//2615
f 3344//2616 3284//2616 3343//2616
f 3343//2617 3284//2617 3304//2617
f 3343//2618 3304//2618 3341//2618
f 3341//2619 3304//2619 3354//2619
f 3341//2620 3354//2620 3339//2620
f 3358//2621 3297//2621 3364//2621
f 3364//2622 3297//2622 3295//2622
f 3364//2623 3295//2623 3365//2623
f 3365//2624 3295//2624 3315//2624
f 3365//2625 3315//2625 3366//2625
f 3366//2626 3315//2626 3314//2626
f 3366//2627 3314//2627 3367//2627
f 3367//2628 3314//2628 3312//2628
f 3367//2629 3312//2629 3368//2629
f 3368//2630 3312//2630 3310//2630
f 3368//2631 3310//2631 3369//2631
f 3369//2632 3310//2632 3308//2632
f 3369//2633 3308//2633 3370//2633
f 3370//2634 3308//2634 3306//2634
f 3370//2635 3306//2635 3371//2635
f 3371//2636 3306//2636 3338//2636
f 3371//2637 3338//2637 3372//2637
f 3372//2638 3338//2638 3337//2638
f 3372//2639 3337//2639 3373//2639
f 3373//2640 3337//2640 3335//2640
f 3373//2641 3335//2641 3374//2641
f 3374//2642 3335//2642 3333//2642
f 3374//2643 3333//2643 3375//2643
f 3375//2644 3333//2644 3360//2644
f 3375//2645 3360//2645 3376//2645
f 3375//2577 3376//2577 3358//2577
f 3358//2577 3364//2577 3375//2577
f 3375//2577 3364//2577 3365//2577
f 3375//2577 3365//2577 3366//2577
f 3366//2577 3367//2577 3375//2577
f 3375//2577 3367//2577 3368//2577
f 3375//2577 3368//2577 3369//2577
f 3371//2577 3372//2577 3373//2577
f 3369//2577 3370//2577 3375//2577
f 3375//2577 3370//2577 3371//2577
f 3375//2577 3371//2577 3374//2577
f 3374//2577 3371//2577 3373//2577
f 3357//2577 3360//2577 3356//2577
f 3356//2577 3360//2577 3359//2577
f 3356//2577 3359//2577 3355//2577
f 3355//2577 3359//2577 3353//2577
f 3363//2577 3354//2577 3362//2577
f 3362//2577 3354//2577 3353//2577
f 3362//2577 3353//2577 3361//2577
f 3361//2577 3353//2577 3359//2577
f 3340//2646 3339//2646 3363//2646
f 3363//2646 3339//2646 3354//2646
f 3358//2647 3376//2647 3357//2647
f 3357//2647 3376//2647 3360//2647
f 3377//2648 3378//2648 3328//2648
f 3328//2649 3378//2649 3326//2649
f 3378//2650 3379//2650 3326//2650
f 3326//2651 3379//2651 3380//2651
f 3326//2652 3380//2652 3324//2652
f 3324//2653 3380//2653 3381//2653
f 3324//2654 3381//2654 3322//2654
f 3322//2655 3381//2655 3382//2655
f 3322//2656 3382//2656 3320//2656
f 3320//2657 3382//2657 3383//2657
f 3320//2658 3383//2658 3318//2658
f 3318//2659 3383//2659 3384//2659
f 3318//2660 3384//2660 3293//2660
f 3293//2661 3384//2661 3385//2661
f 3293//2662 3385//2662 3291//2662
f 3291//2663 3385//2663 3386//2663
f 3291//2664 3386//2664 3289//2664
f 3289//2665 3386//2665 3387//2665
f 3289//2666 3387//2666 3287//2666
f 3287//2667 3387//2667 3388//2667
f 3287//2668 3388//2668 3285//2668
f 3285//2669 3388//2669 3389//2669
f 3285//2670 3389//2670 3283//2670
f 3283//2671 3389//2671 3390//2671
f 3283//2672 3390//2672 3302//2672
f 3302//2673 3390//2673 3391//2673
f 3302//2674 3391//2674 3300//2674
f 3300//2675 3391//2675 3392//2675
f 3300//2676 3392//2676 3298//2676
f 3298//2677 3392//2677 3393//2677
f 3298//2678 3393//2678 3296//2678
f 3296//2679 3393//2679 3394//2679
f 3296//2680 3394//2680 3294//2680
f 3294//2681 3394//2681 3395//2681
f 3294//2682 3395//2682 3313//2682
f 3313//2683 3395//2683 3396//2683
f 3313//2684 3396//2684 3311//2684
f 3311//2685 3396//2685 3397//2685
f 3311//2686 3397//2686 3309//2686
f 3309//2687 3397//2687 3398//2687
f 3309//2688 3398//2688 3307//2688
f 3307//2689 3398//2689 3399//2689
f 3307//2690 3399//2690 3305//2690
f 3305//2691 3399//2691 3400//2691
f 3305//2692 3400//2692 3336//2692
f 3336//2693 3400//2693 3401//2693
f 3336//2694 3401//2694 3334//2694
f 3334//2695 3401//2695 3402//2695
f 3334//2696 3402//2696 3332//2696
f 3332//2697 3402//2697 3377//2697
f 3332//2698 3377//2698 3330//2698
f 3330//2699 3377//2699 3328//2699
f 3379//2576 3403//2576 3404//2576
f 3405//2576 3386//2576 3406//2576
f 3406//2576 3386//2576 3385//2576
f 3406//2576 3385//2576 3407//2576
f 3407//2576 3385//2576 3384//2576
f 3407//2576 3384//2576 3408//2576
f 3408//2576 3384//2576 3383//2576
f 3408//2576 3383//2576 3409//2576
f 3409//2576 3383//2576 3382//2576
f 3409//2576 3382//2576 3410//2576
f 3410//2576 3382//2576 3381//2576
f 3410//2576 3381//2576 3404//2576
f 3404//2576 3381//2576 3380//2576
f 3404//2576 3380//2576 3379//2576
f 3411//2576 3395//2576 3412//2576
f 3412//2576 3395//2576 3394//2576
f 3412//2576 3394//2576 3413//2576
f 3413//2576 3394//2576 3393//2576
f 3413//2576 3393//2576 3414//2576
f 3414//2576 3393//2576 3392//2576
f 3414//2576 3392//2576 3415//2576
f 3415//2576 3392//2576 3391//2576
f 3415//2576 3391//2576 3416//2576
f 3416//2576 3391//2576 3390//2576
f 3416//2576 3390//2576 3417//2576
f 3417//2576 3390//2576 3389//2576
f 3417//2576 3389//2576 3418//2576
f 3418//2576 3389//2576 3388//2576
f 3418//2576 3388//2576 3405//2576
f 3405//2576 3388//2576 3387//2576
f 3405//2576 3387//2576 3386//2576
f 3379//2576 3378//2576 3403//2576
f 3403//2576 3378//2576 3377//2576
f 3403//2576 3377//2576 3419//2576
f 3419//2576 3377//2576 3402//2576
f 3419//2576 3402//2576 3420//2576
f 3420//2576 3402//2576 3401//2576
f 3420//2576 3401//2576 3421//2576
f 3421//2576 3401//2576 3400//2576
f 3421//2576 3400//2576 3422//2576
f 3422//2576 3400//2576 3399//2576
f 3422//2576 3399//2576 3423//2576
f 3423//2576 3399//2576 3398//2576
f 3423//2576 3398//2576 3424//2576
f 3424//2576 3398//2576 3397//2576
f 3424//2576 3397//2576 3411//2576
f 3411//2576 3397//2576 3396//2576
f 3411//2576 3396//2576 3395//2576
f 3425//2576 3426//2576 3427//2576
f 3428//2576 3429//2576 3427//2576
f 3427//2576 3429//2576 3430//2576
f 3427//2576 3430//2576 3425//2576
f 3431//2576 3432//2576 3427//2576
f 3427//2576 3432//2576 3433//2576
f 3427//2576 3433//2576 3428//2576
f 3434//2576 3435//2576 3427//2576
f 3427//2576 3435//2576 3436//2576
f 3427//2576 3436//2576 3431//2576
f 3437//2576 3438//2576 3427//2576
f 3427//2576 3438//2576 3439//2576
f 3427//2576 3439//2576 3434//2576
f 3440//2576 3441//2576 3427//2576
f 3427//2576 3441//2576 3442//2576
f 3427//2576 3442//2576 3437//2576
f 3443//2576 3444//2576 3427//2576
f 3427//2576 3444//2576 3445//2576
f 3427//2576 3445//2576 3440//2576
f 3426//2576 3446//2576 3427//2576
f 3427//2576 3446//2576 3447//2576
f 3427//2576 3447//2576 3443//2576
f 3448//2700 3437//2700 3449//2700
f 3449//2701 3437//2701 3442//2701
f 3449//2702 3442//2702 3450//2702
f 3450//2703 3442//2703 3441//2703
f 3450//2704 3441//2704 3451//2704
f 3451//2705 3441//2705 3440//2705
f 3451//2706 3440//2706 3452//2706
f 3452//2707 3440//2707 3445//2707
f 3452//2708 3445//2708 3453//2708
f 3453//2709 3445//2709 3444//2709
f 3453//2710 3444//2710 3454//2710
f 3454//2711 3444//2711 3443//2711
f 3454//2712 3443//2712 3455//2712
f 3455//2713 3443//2713 3447//2713
f 3455//2714 3447//2714 3456//2714
f 3456//2715 3447//2715 3446//2715
f 3456//2716 3446//2716 3457//2716
f 3457//2717 3446//2717 3426//2717
f 3457//2718 3426//2718 3458//2718
f 3458//2719 3426//2719 3425//2719
f 3458//2720 3425//2720 3459//2720
f 3459//2721 3425//2721 3430//2721
f 3459//2722 3430//2722 3460//2722
f 3460//2723 3430//2723 3429//2723
f 3460//2724 3429//2724 3461//2724
f 3461//2725 3429//2725 3428//2725
f 3461//2726 3428//2726 3462//2726
f 3462//2727 3428//2727 3433//2727
f 3462//2728 3433//2728 3463//2728
f 3463//2729 3433//2729 3432//2729
f 3463//2730 3432//2730 3464//2730
f 3464//2731 3432//2731 3431//2731
f 3464//2732 3431//2732 3465//2732
f 3465//2733 3431//2733 3436//2733
f 3465//2734 3436//2734 3466//2734
f 3466//2735 3436//2735 3435//2735
f 3466//2736 3435//2736 3467//2736
f 3467//2737 3435//2737 3434//2737
f 3467//2738 3434//2738 3468//2738
f 3468//2739 3434//2739 3439//2739
f 3468//2740 3439//2740 3469//2740
f 3469//2741 3439//2741 3438//2741
f 3469//2742 3438//2742 3448//2742
f 3448//2743 3438//2743 3437//2743
f 3415//2744 3449//2744 3414//2744
f 3414//2745 3449//2745 3450//2745
f 3414//2746 3450//2746 3413//2746
f 3413//2747 3450//2747 3451//2747
f 3413//2748 3451//2748 3412//2748
f 3412//2749 3451//2749 3452//2749
f 3412//2750 3452//2750 3411//2750
f 3411//2751 3452//2751 3453//2751
f 3411//2752 3453//2752 3424//2752
f 3424//2753 3453//2753 3454//2753
f 3424//2754 3454//2754 3423//2754
f 3423//2755 3454//2755 3455//2755
f 3423//2756 3455//2756 3422//2756
f 3422//2757 3455//2757 3456//2757
f 3422//2758 3456//2758 3421//2758
f 3421//2759 3456//2759 3457//2759
f 3421//2760 3457//2760 3420//2760
f 3420//2761 3457//2761 3458//2761
f 3420//2762 3458//2762 3419//2762
f 3419//2763 3458//2763 3459//2763
f 3419//2764 3459//2764 3403//2764
f 3403//2765 3459//2765 3460//2765
f 3403//2766 3460//2766 3404//2766
f 3404//2767 3460//2767 3461//2767
f 3404//2768 3461//2768 3410//2768
f 3410//2769 3461//2769 3462//2769
f 3410//2770 3462//2770 3409//2770
f 3409//2771 3462//2771 3463//2771
f 3409//2772 3463//2772 3408//2772
f 3408//2773 3463//2773 3464//2773
f 3408//2774 3464//2774 3407//2774
f 3407//2775 3464//2775 3465//2775
f 3407//2776 3465//2776 3406//2776
f 3406//2777 3465//2777 3466//2777
f 3406//2778 3466//2778 3405//2778
f 3405//2779 3466//2779 3467//2779
f 3405//2780 3467//2780 3418//2780
f 3418//2781 3467//2781 3468//2781
f 3418//2782 3468//2782 3417//2782
f 3417//2783 3468//2783 3469//2783
f 3417//2784 3469//2784 3416//2784
f 3416//2785 3469//2785 3448//2785
f 3416//2786 3448//2786 3415//2786
f 3415//2787 3448//2787 3449//2787
f 3470//2788 3471//2788 3472//2788
f 3472//2788 3471//2788 3473//2788
f 3472//2788 3473//2788 3474//2788
f 3474//2788 3473//2788 3475//2788
f 3474//2788 3475//2788 3476//2788
f 3476//2788 3475//2788 3477//2788
f 3476//2788 3477//2788 3478//2788
f 3478//2788 3477//2788 3479//2788
f 3478//2788 3479//2788 3480//2788
f 3481//2788 3482//2788 3483//2788
f 3483//2788 3482//2788 3484//2788
f 3483//2788 3484//2788 3485//2788
f 3485//2788 3484//2788 3486//2788
f 3485//2788 3486//2788 3487//2788
f 3487//2788 3486//2788 3488//2788
f 3487//2788 3488//2788 3489//2788
f 3489//2788 3488//2788 3490//2788
f 3489//2788 3490//2788 3470//2788
f 3470//2788 3490//2788 3491//2788
f 3470//2788 3491//2788 3471//2788
f 3492//2788 3493//2788 3494//2788
f 3494//2788 3493//2788 3495//2788
f 3494//2788 3495//2788 3496//2788
f 3496//2788 3495//2788 3497//2788
f 3496//2788 3497//2788 3498//2788
f 3498//2788 3497//2788 3499//2788
f 3498//2788 3499//2788 3500//2788
f 3500//2788 3499//2788 3501//2788
f 3500//2788 3501//2788 3481//2788
f 3481//2788 3501//2788 3502//2788
f 3481//2788 3502//2788 3482//2788
f 3479//2788 3503//2788 3480//2788
f 3480//2788 3503//2788 3504//2788
f 3480//2788 3504//2788 3505//2788
f 3505//2788 3504//2788 3506//2788
f 3505//2788 3506//2788 3507//2788
f 3507//2788 3506//2788 3508//2788
f 3507//2788 3508//2788 3509//2788
f 3509//2788 3508//2788 3510//2788
f 3509//2788 3510//2788 3511//2788
f 3511//2788 3510//2788 3512//2788
f 3511//2788 3512//2788 3513//2788
f 3513//2788 3512//2788 3514//2788
f 3513//2788 3514//2788 3515//2788
f 3515//2788 3514//2788 3516//2788
f 3515//2788 3516//2788 3517//2788
f 3517//2788 3516//2788 3518//2788
f 3517//2788 3518//2788 3519//2788
f 3519//2788 3518//2788 3520//2788
f 3519//2788 3520//2788 3521//2788
f 3521//2788 3520//2788 3522//2788
f 3521//2788 3522//2788 3523//2788
f 3523//2788 3522//2788 3524//2788
f 3523//2788 3524//2788 3492//2788
f 3492//2788 3524//2788 3525//2788
f 3492//2788 3525//2788 3493//2788
f 3526//2789 3527//2789 3528//2789
f 3528//2789 3527//2789 3529//2789
f 3528//2789 3529//2789 3530//2789
f 3530//2789 3529//2789 3531//2789
f 3529//2789 3532//2789 3531//2789
f 3531//2789 3532//2789 3533//2789
f 3531//2789 3533//2789 3534//2789
f 3535//2789 3536//2789 3537//2789
f 3534//2789 3538//2789 3531//2789
f 3531//2789 3538//2789 3535//2789
f 3531//2789 3535//2789 3539//2789
f 3539//2789 3535//2789 3537//2789
f 3540//2790 3541//2790 3491//2790
f 3491//2791 3490//2791 3540//2791
f 3540//2792 3490//2792 3488//2792
f 3540//2793 3488//2793 3542//2793
f 3542//2794 3488//2794 3486//2794
f 3542//2795 3486//2795 3543//2795
f 3543//2796 3486//2796 3544//2796
f 3544//2797 3486//2797 3484//2797
f 3544//2798 3484//2798 3545//2798
f 3546//2799 3547//2799 3520//2799
f 3520//2800 3518//2800 3546//2800
f 3546//2801 3518//2801 3516//2801
f 3546//2802 3516//2802 3548//2802
f 3548//2803 3516//2803 3514//2803
f 3548//2804 3514//2804 3549//2804
f 3549//2805 3514//2805 3550//2805
f 3550//2806 3514//2806 3512//2806
f 3550//2807 3512//2807 3527//2807
f 3527//2808 3512//2808 3529//2808
f 3529//2809 3512//2809 3510//2809
f 3529//2810 3510//2810 3532//2810
f 3532//2811 3510//2811 3508//2811
f 3532//2812 3508//2812 3533//2812
f 3533//2813 3508//2813 3506//2813
f 3533//2814 3506//2814 3534//2814
f 3534//2815 3506//2815 3504//2815
f 3534//2816 3504//2816 3538//2816
f 3538//2817 3504//2817 3503//2817
f 3538//2818 3503//2818 3535//2818
f 3535//2819 3503//2819 3479//2819
f 3535//2820 3479//2820 3536//2820
f 3536//2821 3479//2821 3477//2821
f 3536//2822 3477//2822 3537//2822
f 3537//2823 3477//2823 3475//2823
f 3537//2824 3475//2824 3539//2824
f 3539//2825 3475//2825 3473//2825
f 3539//2826 3473//2826 3531//2826
f 3531//2827 3473//2827 3471//2827
f 3531//2828 3471//2828 3530//2828
f 3530//2829 3471//2829 3491//2829
f 3530//2830 3491//2830 3528//2830
f 3528//2831 3491//2831 3541//2831
f 3528//2832 3541//2832 3526//2832
f 3545//2833 3484//2833 3551//2833
f 3551//2834 3484//2834 3482//2834
f 3551//2835 3482//2835 3552//2835
f 3552//2836 3482//2836 3502//2836
f 3552//2837 3502//2837 3553//2837
f 3553//2838 3502//2838 3501//2838
f 3553//2839 3501//2839 3554//2839
f 3554//2840 3501//2840 3499//2840
f 3554//2841 3499//2841 3555//2841
f 3555//2842 3499//2842 3497//2842
f 3555//2843 3497//2843 3556//2843
f 3556//2844 3497//2844 3495//2844
f 3556//2845 3495//2845 3557//2845
f 3557//2846 3495//2846 3493//2846
f 3557//2847 3493//2847 3558//2847
f 3558//2848 3493//2848 3525//2848
f 3558//2849 3525//2849 3559//2849
f 3559//2850 3525//2850 3524//2850
f 3559//2851 3524//2851 3560//2851
f 3560//2852 3524//2852 3522//2852
f 3560//2853 3522//2853 3561//2853
f 3561//2854 3522//2854 3520//2854
f 3561//2855 3520//2855 3562//2855
f 3562//2856 3520//2856 3547//2856
f 3562//2857 3547//2857 3563//2857
f 3562//2789 3563//2789 3545//2789
f 3545//2789 3551//2789 3562//2789
f 3562//2789 3551//2789 3552//2789
f 3562//2789 3552//2789 3553//2789
f 3553//2789 3554//2789 3562//2789
f 3562//2789 3554//2789 3555//2789
f 3562//2789 3555//2789 3556//2789
f 3558//2789 3559//2789 3560//2789
f 3556//2789 3557//2789 3562//2789
f 3562//2789 3557//2789 3558//2789
f 3562//2789 3558//2789 3561//2789
f 3561//2789 3558//2789 3560//2789
f 3544//2789 3547//2789 3543//2789
f 3543//2789 3547//2789 3546//2789
f 3543//2789 3546//2789 3542//2789
f 3542//2789 3546//2789 3540//2789
f 3550//2789 3541//2789 3549//2789
f 3549//2789 3541//2789 3540//2789
f 3549//2789 3540//2789 3548//2789
f 3548//2789 3540//2789 3546//2789
f 3527//2858 3526//2858 3550//2858
f 3550//2858 3526//2858 3541//2858
f 3545//2859 3563//2859 3544//2859
f 3544//2859 3563//2859 3547//2859
f 3564//2860 3565//2860 3515//2860
f 3515//2861 3565//2861 3513//2861
f 3565//2862 3566//2862 3513//2862
f 3513//2863 3566//2863 3567//2863
f 3513//2864 3567//2864 3511//2864
f 3511//2865 3567//2865 3568//2865
f 3511//2866 3568//2866 3509//2866
f 3509//2867 3568//2867 3569//2867
f 3509//2868 3569//2868 3507//2868
f 3507//2869 3569//2869 3570//2869
f 3507//2870 3570//2870 3505//2870
f 3505//2871 3570//2871 3571//2871
f 3505//2872 3571//2872 3480//2872
f 3480//2873 3571//2873 3572//2873
f 3480//2874 3572//2874 3478//2874
f 3478//2875 3572//2875 3573//2875
f 3478//2876 3573//2876 3476//2876
f 3476//2877 3573//2877 3574//2877
f 3476//2878 3574//2878 3474//2878
f 3474//2879 3574//2879 3575//2879
f 3474//2880 3575//2880 3472//2880
f 3472//2881 3575//2881 3576//2881
f 3472//2882 3576//2882 3470//2882
f 3470//2883 3576//2883 3577//2883
f 3470//2884 3577//2884 3489//2884
f 3489//2885 3577//2885 3578//2885
f 3489//2886 3578//2886 3487//2886
f 3487//2887 3578//2887 3579//2887
f 3487//2888 3579//2888 3485//2888
f 3485//2889 3579//2889 3580//2889
f 3485//2890 3580//2890 3483//2890
f 3483//2891 3580//2891 3581//2891
f 3483//2892 3581//2892 3481//2892
f 3481//2893 3581//2893 3582//2893
f 3481//2894 3582//2894 3500//2894
f 3500//2895 3582//2895 3583//2895
f 3500//2896 3583//2896 3498//2896
f 3498//2897 3583//2897 3584//2897
f 3498//2898 3584//2898 3496//2898
f 3496//2899 3584//2899 3585//2899
f 3496//2900 3585//2900 3494//2900
f 3494//2901 3585//2901 3586//2901
f 3494//2902 3586//2902 3492//2902
f 3492//2903 3586//2903 3587//2903
f 3492//2904 3587//2904 3523//2904
f 3523//2905 3587//2905 3588//2905
f 3523//2906 3588//2906 3521//2906
f 3521//2907 3588//2907 3589//2907
f 3521//2908 3589//2908 3519//2908
f 3519//2909 3589//2909 3564//2909
f 3519//2910 3564//2910 3517//2910
f 3517//2911 3564//2911 3515//2911
f 3566//2788 3590//2788 3591//2788
f 3592//2788 3573//2788 3593//2788
f 3593//2788 3573//2788 3572//2788
f 3593//2788 3572//2788 3594//2788
f 3594//2788 3572//2788 3571//2788
f 3594//2788 3571//2788 3595//2788
f 3595//2788 3571//2788 3570//2788
f 3595//2788 3570//2788 3596//2788
f 3596//2788 3570//2788 3569//2788
f 3596//2788 3569//2788 3597//2788
f 3597//2788 3569//2788 3568//2788
f 3597//2788 3568//2788 3591//2788
f 3591//2788 3568//2788 3567//2788
f 3591//2788 3567//2788 3566//2788
f 3598//2788 3582//2788 3599//2788
f 3599//2788 3582//2788 3581//2788
f 3599//2788 3581//2788 3600//2788
f 3600//2788 3581//2788 3580//2788
f 3600//2788 3580//2788 3601//2788
f 3601//2788 3580//2788 3579//2788
f 3601//2788 3579//2788 3602//2788
f 3602//2788 3579//2788 3578//2788
f 3602//2788 3578//2788 3603//2788
f 3603//2788 3578//2788 3577//2788
f 3603//2788 3577//2788 3604//2788
f 3604//2788 3577//2788 3576//2788
f 3604//2788 3576//2788 3605//2788
f 3605//2788 3576//2788 3575//2788
f 3605//2788 3575//2788 3592//2788
f 3592//2788 3575//2788 3574//2788
f 3592//2788 3574//2788 3573//2788
f 3566//2788 3565//2788 3590//2788
f 3590//2788 3565//2788 3564//2788
f 3590//2788 3564//2788 3606//2788
f 3606//2788 3564//2788 3589//2788
f 3606//2788 3589//2788 3607//2788
f 3607//2788 3589//2788 3588//2788
f 3607//2788 3588//2788 3608//2788
f 3608//2788 3588//2788 3587//2788
f 3608//2788 3587//2788 3609//2788
f 3609//2788 3587//2788 3586//2788
f 3609//2788 3586//2788 3610//2788
f 3610//2788 3586//2788 3585//2788
f 3610//2788 3585//2788 3611//2788
f 3611//2788 3585//2788 3584//2788
f 3611//2788 3584//2788 3598//2788
f 3598//2788 3584//2788 3583//2788
f 3598//2788 3583//2788 3582//2788
f 3612//2788 3613//2788 3614//2788
f 3615//2788 3616//2788 3614//2788
f 3614//2788 3616//2788 3617//2788
f 3614//2788 3617//2788 3612//2788
f 3618//2788 3619//2788 3614//2788
f 3614//2788 3619//2788 3620//2788
f 3614//2788 3620//2788 3615//2788
f 3621//2788 3622//2788 3614//2788
f 3614//2788 3622//2788 3623//2788
f 3614//2788 3623//2788 3618//2788
f 3624//2788 3625//2788 3614//2788
f 3614//2788 3625//2788 3626//2788
f 3614//2788 3626//2788 3621//2788
f 3627//2788 3628//2788 3614//2788
f 3614//2788 3628//2788 3629//2788
f 3614//2788 3629//2788 3624//2788
f 3630//2788 3631//2788 3614//2788
f 3614//2788 3631//2788 3632//2788
f 3614//2788 3632//2788 3627//2788
f 3613//2788 3633//2788 3614//2788
f 3614//2788 3633//2788 3634//2788
f 3614//2788 3634//2788 3630//2788
f 3635//2912 3624//2912 3636//2912
f 3636//2913 3624//2913 3629//2913
f 3636//2914 3629//2914 3637//2914
f 3637//2915 3629//2915 3628//2915
f 3637//2916 3628//2916 3638//2916
f 3638//2917 3628//2917 3627//2917
f 3638//2918 3627//2918 3639//2918
f 3639//2919 3627//2919 3632//2919
f 3639//2920 3632//2920 3640//2920
f 3640//2921 3632//2921 3631//2921
f 3640//2922 3631//2922 3641//2922
f 3641//2923 3631//2923 3630//2923
f 3641//2924 3630//2924 3642//2924
f 3642//2925 3630//2925 3634//2925
f 3642//2926 3634//2926 3643//2926
f 3643//2927 3634//2927 3633//2927
f 3643//2928 3633//2928 3644//2928
f 3644//2929 3633//2929 3613//2929
f 3644//2930 3613//2930 3645//2930
f 3645//2931 3613//2931 3612//2931
f 3645//2932 3612//2932 3646//2932
f 3646//2933 3612//2933 3617//2933
f 3646//2934 3617//2934 3647//2934
f 3647//2935 3617//2935 3616//2935
f 3647//2936 3616//2936 3648//2936
f 3648//2937 3616//2937 3615//2937
f 3648//2938 3615//2938 3649//2938
f 3649//2939 3615//2939 3620//2939
f 3649//2940 3620//2940 3650//2940
f 3650//2941 3620//2941 3619//2941
f 3650//2942 3619//2942 3651//2942
f 3651//2943 3619//2943 3618//2943
f 3651//2944 3618//2944 3652//2944
f 3652//2945 3618//2945 3623//2945
f 3652//2946 3623//2946 3653//2946
f 3653//2947 3623//2947 3622//2947
f 3653//2948 3622//2948 3654//2948
f 3654//2949 3622//2949 3621//2949
f 3654//2950 3621//2950 3655//2950
f 3655//2951 3621//2951 3626//2951
f 3655//2952 3626//2952 3656//2952
f 3656//2953 3626//2953 3625//2953
f 3656//2954 3625//2954 3635//2954
f 3635//2955 3625//2955 3624//2955
f 3602//2956 3636//2956 3601//2956
f 3601//2957 3636//2957 3637//2957
f 3601//2958 3637//2958 3600//2958
f 3600//2959 3637//2959 3638//2959
f 3600//2960 3638//2960 3599//2960
f 3599//2961 3638//2961 3639//2961
f 3599//2962 3639//2962 3598//2962
f 3598//2963 3639//2963 3640//2963
f 3598//2964 3640//2964 3611//2964
f 3611//2965 3640//2965 3641//2965
f 3611//2966 3641//2966 3610//2966
f 3610//2967 3641//2967 3642//2967
f 3610//2968 3642//2968 3609//2968
f 3609//2969 3642//2969 3643//2969
f 3609//2970 3643//2970 3608//2970
f 3608//2971 3643//2971 3644//2971
f 3608//2972 3644//2972 3607//2972
f 3607//2973 3644//2973 3645//2973
f 3607//2974 3645//2974 3606//2974
f 3606//2975 3645//2975 3646//2975
f 3606//2976 3646//2976 3590//2976
f 3590//2977 3646//2977 3647//2977
f 3590//2978 3647//2978 3591//2978
f 3591//2979 3647//2979 3648//2979
f 3591//2980 3648//2980 3597//2980
f 3597//2981 3648//2981 3649//2981
f 3597//2982 3649//2982 3596//2982
f 3596//2983 3649//2983 3650//2983
f 3596//2984 3650//2984 3595//2984
f 3595//2985 3650//2985 3651//2985
f 3595//2986 3651//2986 3594//2986
f 3594//2987 3651//2987 3652//2987
f 3594//2988 3652//2988 3593//2988
f 3593//2989 3652//2989 3653//2989
f 3593//2990 3653//2990 3592//2990
f 3592//2991 3653//2991 3654//2991
f 3592//2992 3654//2992 3605//2992
f 3605//2993 3654//2993 3655//2993
f 3605//2994 3655//2994 3604//2994
f 3604//2995 3655//2995 3656//2995
f 3604//2996 3656//2996 3603//2996
f 3603//2997 3656//2997 3635//2997
f 3603//2998 3635//2998 3602//2998
f 3602//2999 3635//2999 3636//2999
# Vertices: 3656, normals: 2999, texture coordinates: 0, faces: 7324

